prompt_id,group_id,variant_id,role,taxonomy,planned_split,prompt_path,prompt_sha256_expected,prompt_sha256_actual,current_partition_source,current_partition_adapter_version,historical_stage,historical_adapter_version,provider,provenance_evidence,provenance_status,sha_evidence,raw_path,raw_sha256_expected,raw_sha256_actual,raw_width,raw_height,raw_format,raw_pillow_verify,raw_pillow_load,final_path,final_sha256_expected,final_sha256_actual,final_width,final_height,final_format,final_pillow_verify,final_pillow_load,prompt_lineage_status,sha_integrity_status,mechanical_status,known_historical_final_exact_collision_count,near_duplicate_candidate_count
PF_P4D_HN_SIT_G001_V01,PF_P4D_HN_SIT_G001,V01,hard_negative,floor_sitting,NEW_DESIGN,/home/yanbo/下载/batches/batch_person-fallen-v2-p4d-hardneg-rev1-camera1p5m/prompts/PF_P4D_HN_SIT_G001_V01.txt,8457b5040240fdd57d98ae5bb02251b9dfb94502bf650ebec2ab57018186ef5a,8457b5040240fdd57d98ae5bb02251b9dfb94502bf650ebec2ab57018186ef5a,PRE_Q7_VERIFIED,CODEX_SAFE_STAGED_CV_V1,Q2_PRE_Q6_LEGACY_INVENTORY,LEGACY_NO_ADAPTER,codex,/home/yanbo/net_vlm_person_fallen_v2_optimization/08_p4d_new_hard_negative_dev_revision/02_generation/gr3_fullregen/06_execution/quota_campaign_window_02_policy_adapter_20260830_01/00_preflight/current_verified_success_132.csv,PASS,preexisting_inventory_sha256,/home/yanbo/下载/batches/batch-person-fallen-v2-p4d-hardneg-fullregen-r2-camera1p5m/generated_raw/PF_P4D_HN_SIT_G001_V01.png,8bbeb68b0d4c93d0fd6dc0bc6760010b6710d39370fad4ec6b1c79362d92cba7,8bbeb68b0d4c93d0fd6dc0bc6760010b6710d39370fad4ec6b1c79362d92cba7,1672,941,PNG,True,True,/home/yanbo/下载/batches/batch-person-fallen-v2-p4d-hardneg-fullregen-r2-camera1p5m/final/PF_P4D_HN_SIT_G001_V01.png,e2a581d85bad33fe876ee72c81c6ed053fc8ab9c62975f9daa63beb4393052fa,e2a581d85bad33fe876ee72c81c6ed053fc8ab9c62975f9daa63beb4393052fa,1920,1080,PNG,True,True,PASS,PASS,PASS,0,0
PF_P4D_HN_SIT_G001_V02,PF_P4D_HN_SIT_G001,V02,hard_negative,floor_sitting,NEW_DESIGN,/home/yanbo/下载/batches/batch_person-fallen-v2-p4d-hardneg-rev1-camera1p5m/prompts/PF_P4D_HN_SIT_G001_V02.txt,50a601f6f68a7a5b163ed7b7912cb046500a0629ebf1fa884e7e05490af4c4e9,50a601f6f68a7a5b163ed7b7912cb046500a0629ebf1fa884e7e05490af4c4e9,PRE_Q7_VERIFIED,CODEX_SAFE_STAGED_CV_V1,Q2_PRE_Q6_LEGACY_INVENTORY,LEGACY_NO_ADAPTER,codex,/home/yanbo/net_vlm_person_fallen_v2_optimization/08_p4d_new_hard_negative_dev_revision/02_generation/gr3_fullregen/06_execution/quota_campaign_window_02_policy_adapter_20260830_01/00_preflight/current_verified_success_132.csv,PASS,preexisting_inventory_sha256,/home/yanbo/下载/batches/batch-person-fallen-v2-p4d-hardneg-fullregen-r2-camera1p5m/generated_raw/PF_P4D_HN_SIT_G001_V02.png,b4d1743a91c2cef3d51c8b2a402763ccbc093eef5571c022208b6f0dbb1d3cbb,b4d1743a91c2cef3d51c8b2a402763ccbc093eef5571c022208b6f0dbb1d3cbb,1672,941,PNG,True,True,/home/yanbo/下载/batches/batch-person-fallen-v2-p4d-hardneg-fullregen-r2-camera1p5m/final/PF_P4D_HN_SIT_G001_V02.png,d21e3b0133297066faa98825f1b244b103aa41b025a604ab263570ced2abc6ae,d21e3b0133297066faa98825f1b244b103aa41b025a604ab263570ced2abc6ae,1920,1080,PNG,True,True,PASS,PASS,PASS,0,0
PF_P4D_HN_SIT_G001_V03,PF_P4D_HN_SIT_G001,V03,hard_negative,floor_sitting,NEW_DESIGN,/home/yanbo/下载/batches/batch_person-fallen-v2-p4d-hardneg-rev1-camera1p5m/prompts/PF_P4D_HN_SIT_G001_V03.txt,037ce19367f033d97dca0bbc8e7757b3e6dda321dcf44478aaa55198e1a32044,037ce19367f033d97dca0bbc8e7757b3e6dda321dcf44478aaa55198e1a32044,PRE_Q7_VERIFIED,CODEX_SAFE_STAGED_CV_V1,Q2_PRE_Q6_LEGACY_INVENTORY,LEGACY_NO_ADAPTER,codex,/home/yanbo/net_vlm_person_fallen_v2_optimization/08_p4d_new_hard_negative_dev_revision/02_generation/gr3_fullregen/06_execution/quota_campaign_window_02_policy_adapter_20260830_01/00_preflight/current_verified_success_132.csv,PASS,preexisting_inventory_sha256,/home/yanbo/下载/batches/batch-person-fallen-v2-p4d-hardneg-fullregen-r2-camera1p5m/generated_raw/PF_P4D_HN_SIT_G001_V03.png,891f51303836f12ab4781f29b3e90b055f311ac8f8e34a2085da099bbead2476,891f51303836f12ab4781f29b3e90b055f311ac8f8e34a2085da099bbead2476,1672,941,PNG,True,True,/home/yanbo/下载/batches/batch-person-fallen-v2-p4d-hardneg-fullregen-r2-camera1p5m/final/PF_P4D_HN_SIT_G001_V03.png,674601dc13de3a69747b95d3c61fcef59f1fbf0e4aff3cb3ab4b27dcbfd899d7,674601dc13de3a69747b95d3c61fcef59f1fbf0e4aff3cb3ab4b27dcbfd899d7,1920,1080,PNG,True,True,PASS,PASS,PASS,0,0
PF_P4D_HN_SIT_G001_V04,PF_P4D_HN_SIT_G001,V04,hard_negative,floor_sitting,NEW_DESIGN,/home/yanbo/下载/batches/batch_person-fallen-v2-p4d-hardneg-rev1-camera1p5m/prompts/PF_P4D_HN_SIT_G001_V04.txt,fe4762f481c9de4f3c83d4bdbb52f90df85ec53d6868333bdf98aeba7b5d25b9,fe4762f481c9de4f3c83d4bdbb52f90df85ec53d6868333bdf98aeba7b5d25b9,PRE_Q7_VERIFIED,CODEX_SAFE_STAGED_CV_V1,Q2_PRE_Q6_LEGACY_INVENTORY,LEGACY_NO_ADAPTER,codex,/home/yanbo/net_vlm_person_fallen_v2_optimization/08_p4d_new_hard_negative_dev_revision/02_generation/gr3_fullregen/06_execution/quota_campaign_window_02_policy_adapter_20260830_01/00_preflight/current_verified_success_132.csv,PASS,preexisting_inventory_sha256,/home/yanbo/下载/batches/batch-person-fallen-v2-p4d-hardneg-fullregen-r2-camera1p5m/generated_raw/PF_P4D_HN_SIT_G001_V04.png,3a4b23cc3563fcf94ef444561dba8e8f72f96fcc8f901e5acf4c17f704910b2a,3a4b23cc3563fcf94ef444561dba8e8f72f96fcc8f901e5acf4c17f704910b2a,1672,941,PNG,True,True,/home/yanbo/下载/batches/batch-person-fallen-v2-p4d-hardneg-fullregen-r2-camera1p5m/final/PF_P4D_HN_SIT_G001_V04.png,6c15404fd1f16c2c4e478e153bd3d7cc723e4e279c80ea6e91832cc998c0aa89,6c15404fd1f16c2c4e478e153bd3d7cc723e4e279c80ea6e91832cc998c0aa89,1920,1080,PNG,True,True,PASS,PASS,PASS,0,0
PF_P4D_HN_SIT_G001_V05,PF_P4D_HN_SIT_G001,V05,hard_negative,floor_sitting,NEW_DESIGN,/home/yanbo/下载/batches/batch_person-fallen-v2-p4d-hardneg-rev1-camera1p5m/prompts/PF_P4D_HN_SIT_G001_V05.txt,8903c290d95542423a083d187a94814a17c5f374775fd69ddccfb8aa64b99804,8903c290d95542423a083d187a94814a17c5f374775fd69ddccfb8aa64b99804,PRE_Q7_VERIFIED,CODEX_SAFE_STAGED_CV_V1,Q2_PRE_Q6_LEGACY_INVENTORY,LEGACY_NO_ADAPTER,codex,/home/yanbo/net_vlm_person_fallen_v2_optimization/08_p4d_new_hard_negative_dev_revision/02_generation/gr3_fullregen/06_execution/quota_campaign_window_02_policy_adapter_20260830_01/00_preflight/current_verified_success_132.csv,PASS,preexisting_inventory_sha256,/home/yanbo/下载/batches/batch-person-fallen-v2-p4d-hardneg-fullregen-r2-camera1p5m/generated_raw/PF_P4D_HN_SIT_G001_V05.png,6ff395f7b578f9bd42b07fd11a829b77d1cd376337bf8ebf4ae592aa4c109050,6ff395f7b578f9bd42b07fd11a829b77d1cd376337bf8ebf4ae592aa4c109050,1672,941,PNG,True,True,/home/yanbo/下载/batches/batch-person-fallen-v2-p4d-hardneg-fullregen-r2-camera1p5m/final/PF_P4D_HN_SIT_G001_V05.png,8a601a296c493209ea6d0e4d3c42904a94ece62d0d799b801df68eeb49a3ec96,8a601a296c493209ea6d0e4d3c42904a94ece62d0d799b801df68eeb49a3ec96,1920,1080,PNG,True,True,PASS,PASS,PASS,0,0
PF_P4D_HN_SIT_G002_V01,PF_P4D_HN_SIT_G002,V01,hard_negative,floor_sitting,NEW_DESIGN,/home/yanbo/下载/batches/batch_person-fallen-v2-p4d-hardneg-rev1-camera1p5m/prompts/PF_P4D_HN_SIT_G002_V01.txt,47697e2923fb9b4c34e16b6bd0eccfb2bd7735f9ed9c2a4dfbaa2fb44e21ca74,47697e2923fb9b4c34e16b6bd0eccfb2bd7735f9ed9c2a4dfbaa2fb44e21ca74,PRE_Q7_VERIFIED,CODEX_SAFE_STAGED_CV_V1,Q2_PRE_Q6_LEGACY_INVENTORY,LEGACY_NO_ADAPTER,codex,/home/yanbo/net_vlm_person_fallen_v2_optimization/08_p4d_new_hard_negative_dev_revision/02_generation/gr3_fullregen/06_execution/quota_campaign_window_02_policy_adapter_20260830_01/00_preflight/current_verified_success_132.csv,PASS,preexisting_inventory_sha256,/home/yanbo/下载/batches/batch-person-fallen-v2-p4d-hardneg-fullregen-r2-camera1p5m/generated_raw/PF_P4D_HN_SIT_G002_V01.png,9dea4365f876bb09b24c0b2d48ef38c3600145a06e6d4173b94fe810ea8b2d00,9dea4365f876bb09b24c0b2d48ef38c3600145a06e6d4173b94fe810ea8b2d00,1672,941,PNG,True,True,/home/yanbo/下载/batches/batch-person-fallen-v2-p4d-hardneg-fullregen-r2-camera1p5m/final/PF_P4D_HN_SIT_G002_V01.png,5d5f299d58ecc1b07020fa3b42f858d18ebaef9a26d8c2764f942d098bfbb183,5d5f299d58ecc1b07020fa3b42f858d18ebaef9a26d8c2764f942d098bfbb183,1920,1080,PNG,True,True,PASS,PASS,PASS,0,0
PF_P4D_HN_SIT_G002_V02,PF_P4D_HN_SIT_G002,V02,hard_negative,floor_sitting,NEW_DESIGN,/home/yanbo/下载/batches/batch_person-fallen-v2-p4d-hardneg-rev1-camera1p5m/prompts/PF_P4D_HN_SIT_G002_V02.txt,5fea79c209c78eb411266cb3f668d803833209d456edbb8541a2c22eaea3a049,5fea79c209c78eb411266cb3f668d803833209d456edbb8541a2c22eaea3a049,PRE_Q7_VERIFIED,CODEX_SAFE_STAGED_CV_V1,Q2_PRE_Q6_LEGACY_INVENTORY,LEGACY_NO_ADAPTER,codex,/home/yanbo/net_vlm_person_fallen_v2_optimization/08_p4d_new_hard_negative_dev_revision/02_generation/gr3_fullregen/06_execution/quota_campaign_window_02_policy_adapter_20260830_01/00_preflight/current_verified_success_132.csv,PASS,preexisting_inventory_sha256,/home/yanbo/下载/batches/batch-person-fallen-v2-p4d-hardneg-fullregen-r2-camera1p5m/generated_raw/PF_P4D_HN_SIT_G002_V02.png,5b8dfafcf7caaa99c552406659d7a0607074af13d8a4e108693e89de49efcea1,5b8dfafcf7caaa99c552406659d7a0607074af13d8a4e108693e89de49efcea1,1672,941,PNG,True,True,/home/yanbo/下载/batches/batch-person-fallen-v2-p4d-hardneg-fullregen-r2-camera1p5m/final/PF_P4D_HN_SIT_G002_V02.png,2acb0923c09fb9a05e838a3f6a0c204ff7e591bd59e6eefe91bc5f861ebca5a0,2acb0923c09fb9a05e838a3f6a0c204ff7e591bd59e6eefe91bc5f861ebca5a0,1920,1080,PNG,True,True,PASS,PASS,PASS,0,0
PF_P4D_HN_SIT_G002_V03,PF_P4D_HN_SIT_G002,V03,hard_negative,floor_sitting,NEW_DESIGN,/home/yanbo/下载/batches/batch_person-fallen-v2-p4d-hardneg-rev1-camera1p5m/prompts/PF_P4D_HN_SIT_G002_V03.txt,38481f5dd1bd755cbe76dcc73a2a338d336e94504d599c3fe1b189cb62e5f7fc,38481f5dd1bd755cbe76dcc73a2a338d336e94504d599c3fe1b189cb62e5f7fc,PRE_Q7_VERIFIED,CODEX_SAFE_STAGED_CV_V1,Q2_PRE_Q6_LEGACY_INVENTORY,LEGACY_NO_ADAPTER,codex,/home/yanbo/net_vlm_person_fallen_v2_optimization/08_p4d_new_hard_negative_dev_revision/02_generation/gr3_fullregen/06_execution/quota_campaign_window_02_policy_adapter_20260830_01/00_preflight/current_verified_success_132.csv,PASS,preexisting_inventory_sha256,/home/yanbo/下载/batches/batch-person-fallen-v2-p4d-hardneg-fullregen-r2-camera1p5m/generated_raw/PF_P4D_HN_SIT_G002_V03.png,63c89509d0257ebb3982049ac51e5766710096e017e771d957cb5e151ffe2639,63c89509d0257ebb3982049ac51e5766710096e017e771d957cb5e151ffe2639,1672,941,PNG,True,True,/home/yanbo/下载/batches/batch-person-fallen-v2-p4d-hardneg-fullregen-r2-camera1p5m/final/PF_P4D_HN_SIT_G002_V03.png,a458075e4d53995d5a06b79b7845b3762afb2f5df3a1b4f9f88d8306f605e349,a458075e4d53995d5a06b79b7845b3762afb2f5df3a1b4f9f88d8306f605e349,1920,1080,PNG,True,True,PASS,PASS,PASS,0,0
PF_P4D_HN_SIT_G002_V04,PF_P4D_HN_SIT_G002,V04,hard_negative,floor_sitting,NEW_DESIGN,/home/yanbo/下载/batches/batch_person-fallen-v2-p4d-hardneg-rev1-camera1p5m/prompts/PF_P4D_HN_SIT_G002_V04.txt,7dc530bcd9852562431e2383eb32722bfa8d66315c16aa59d3e24f750203a686,7dc530bcd9852562431e2383eb32722bfa8d66315c16aa59d3e24f750203a686,PRE_Q7_VERIFIED,CODEX_SAFE_STAGED_CV_V1,Q2_PRE_Q6_LEGACY_INVENTORY,LEGACY_NO_ADAPTER,codex,/home/yanbo/net_vlm_person_fallen_v2_optimization/08_p4d_new_hard_negative_dev_revision/02_generation/gr3_fullregen/06_execution/quota_campaign_window_02_policy_adapter_20260830_01/00_preflight/current_verified_success_132.csv,PASS,preexisting_inventory_sha256,/home/yanbo/下载/batches/batch-person-fallen-v2-p4d-hardneg-fullregen-r2-camera1p5m/generated_raw/PF_P4D_HN_SIT_G002_V04.png,1f8807258687ce01068ba241dfe13663e6da18fe84a9db2174f3e1e4a314491c,1f8807258687ce01068ba241dfe13663e6da18fe84a9db2174f3e1e4a314491c,1672,941,PNG,True,True,/home/yanbo/下载/batches/batch-person-fallen-v2-p4d-hardneg-fullregen-r2-camera1p5m/final/PF_P4D_HN_SIT_G002_V04.png,0983512e462a6aceae3035e2f75ce3acbb144d94e6ab657a60bd91117a1f2ff2,0983512e462a6aceae3035e2f75ce3acbb144d94e6ab657a60bd91117a1f2ff2,1920,1080,PNG,True,True,PASS,PASS,PASS,0,0
PF_P4D_HN_SIT_G002_V05,PF_P4D_HN_SIT_G002,V05,hard_negative,floor_sitting,NEW_DESIGN,/home/yanbo/下载/batches/batch_person-fallen-v2-p4d-hardneg-rev1-camera1p5m/prompts/PF_P4D_HN_SIT_G002_V05.txt,6a6ea6c25eda8bccfb9e2052278695a5b7749a9fffc1b18b850c85c0058b158e,6a6ea6c25eda8bccfb9e2052278695a5b7749a9fffc1b18b850c85c0058b158e,PRE_Q7_VERIFIED,CODEX_SAFE_STAGED_CV_V1,Q2_PRE_Q6_LEGACY_INVENTORY,LEGACY_NO_ADAPTER,codex,/home/yanbo/net_vlm_person_fallen_v2_optimization/08_p4d_new_hard_negative_dev_revision/02_generation/gr3_fullregen/06_execution/quota_campaign_window_02_policy_adapter_20260830_01/00_preflight/current_verified_success_132.csv,PASS,preexisting_inventory_sha256,/home/yanbo/下载/batches/batch-person-fallen-v2-p4d-hardneg-fullregen-r2-camera1p5m/generated_raw/PF_P4D_HN_SIT_G002_V05.png,61194b79f0b44abd25ec6b9b742292a1d3389d16e5c8df6176fa7f766fce75d7,61194b79f0b44abd25ec6b9b742292a1d3389d16e5c8df6176fa7f766fce75d7,1672,941,PNG,True,True,/home/yanbo/下载/batches/batch-person-fallen-v2-p4d-hardneg-fullregen-r2-camera1p5m/final/PF_P4D_HN_SIT_G002_V05.png,18ee5f3c112248004e858561f6aa0273a1359b5840fc325cefe6aa803b857b37,18ee5f3c112248004e858561f6aa0273a1359b5840fc325cefe6aa803b857b37,1920,1080,PNG,True,True,PASS,PASS,PASS,0,0
PF_P4D_HN_SIT_G003_V01,PF_P4D_HN_SIT_G003,V01,hard_negative,floor_sitting,NEW_DESIGN,/home/yanbo/下载/batches/batch_person-fallen-v2-p4d-hardneg-rev1-camera1p5m/prompts/PF_P4D_HN_SIT_G003_V01.txt,cd5f06b9d914bfaf65b39d00a6e89f9c26c154fba6ea2bf4304f8308a98fca87,cd5f06b9d914bfaf65b39d00a6e89f9c26c154fba6ea2bf4304f8308a98fca87,PRE_Q7_VERIFIED,CODEX_SAFE_STAGED_CV_V1,Q2_PRE_Q6_LEGACY_INVENTORY,LEGACY_NO_ADAPTER,codex,/home/yanbo/net_vlm_person_fallen_v2_optimization/08_p4d_new_hard_negative_dev_revision/02_generation/gr3_fullregen/06_execution/quota_campaign_window_02_policy_adapter_20260830_01/00_preflight/current_verified_success_132.csv,PASS,preexisting_inventory_sha256,/home/yanbo/下载/batches/batch-person-fallen-v2-p4d-hardneg-fullregen-r2-camera1p5m/generated_raw/PF_P4D_HN_SIT_G003_V01.png,f707491a9e8ed6fb9c089fe0ca08df69a8bd0e4b0f09e2578b57559b58a925f5,f707491a9e8ed6fb9c089fe0ca08df69a8bd0e4b0f09e2578b57559b58a925f5,1672,941,PNG,True,True,/home/yanbo/下载/batches/batch-person-fallen-v2-p4d-hardneg-fullregen-r2-camera1p5m/final/PF_P4D_HN_SIT_G003_V01.png,82c93c11913b624d905bbe6229fb23e3c28feced12dc8004e04a8a5e7e3f721b,82c93c11913b624d905bbe6229fb23e3c28feced12dc8004e04a8a5e7e3f721b,1920,1080,PNG,True,True,PASS,PASS,PASS,0,0
PF_P4D_HN_SIT_G003_V02,PF_P4D_HN_SIT_G003,V02,hard_negative,floor_sitting,NEW_DESIGN,/home/yanbo/下载/batches/batch_person-fallen-v2-p4d-hardneg-rev1-camera1p5m/prompts/PF_P4D_HN_SIT_G003_V02.txt,e007e022535ddda747ea46a0737dcd9fad53b20a0b4e0a13d833d07571193db0,e007e022535ddda747ea46a0737dcd9fad53b20a0b4e0a13d833d07571193db0,PRE_Q7_VERIFIED,CODEX_SAFE_STAGED_CV_V1,Q2_PRE_Q6_LEGACY_INVENTORY,LEGACY_NO_ADAPTER,codex,/home/yanbo/net_vlm_person_fallen_v2_optimization/08_p4d_new_hard_negative_dev_revision/02_generation/gr3_fullregen/06_execution/quota_campaign_window_02_policy_adapter_20260830_01/00_preflight/current_verified_success_132.csv,PASS,preexisting_inventory_sha256,/home/yanbo/下载/batches/batch-person-fallen-v2-p4d-hardneg-fullregen-r2-camera1p5m/generated_raw/PF_P4D_HN_SIT_G003_V02.png,98e0061c8e043aff23f91102c54fa56dcc8b36e9b83126f8dddd91db0f16a5cb,98e0061c8e043aff23f91102c54fa56dcc8b36e9b83126f8dddd91db0f16a5cb,1672,941,PNG,True,True,/home/yanbo/下载/batches/batch-person-fallen-v2-p4d-hardneg-fullregen-r2-camera1p5m/final/PF_P4D_HN_SIT_G003_V02.png,cdf600081cce213b1f9bad1c9f9fbfed646e637c5236cf94207930eeefd4b0b4,cdf600081cce213b1f9bad1c9f9fbfed646e637c5236cf94207930eeefd4b0b4,1920,1080,PNG,True,True,PASS,PASS,PASS,0,0
PF_P4D_HN_SIT_G003_V03,PF_P4D_HN_SIT_G003,V03,hard_negative,floor_sitting,NEW_DESIGN,/home/yanbo/下载/batches/batch_person-fallen-v2-p4d-hardneg-rev1-camera1p5m/prompts/PF_P4D_HN_SIT_G003_V03.txt,adac94a9716abcf12e45f452d0fd74e38f05b30c9a0498e835de033f663a983f,adac94a9716abcf12e45f452d0fd74e38f05b30c9a0498e835de033f663a983f,PRE_Q7_VERIFIED,CODEX_SAFE_STAGED_CV_V1,Q2_PRE_Q6_LEGACY_INVENTORY,LEGACY_NO_ADAPTER,codex,/home/yanbo/net_vlm_person_fallen_v2_optimization/08_p4d_new_hard_negative_dev_revision/02_generation/gr3_fullregen/06_execution/quota_campaign_window_02_policy_adapter_20260830_01/00_preflight/current_verified_success_132.csv,PASS,preexisting_inventory_sha256,/home/yanbo/下载/batches/batch-person-fallen-v2-p4d-hardneg-fullregen-r2-camera1p5m/generated_raw/PF_P4D_HN_SIT_G003_V03.png,0f3f6c94c80eb89722d2286bfc7f9f76e07fa97679f233dc398bbe99336d76b8,0f3f6c94c80eb89722d2286bfc7f9f76e07fa97679f233dc398bbe99336d76b8,1672,941,PNG,True,True,/home/yanbo/下载/batches/batch-person-fallen-v2-p4d-hardneg-fullregen-r2-camera1p5m/final/PF_P4D_HN_SIT_G003_V03.png,46e0ab9a8342d2fcafe30c36d58e79d718b6e4c9599bb81dda89718beddeb572,46e0ab9a8342d2fcafe30c36d58e79d718b6e4c9599bb81dda89718beddeb572,1920,1080,PNG,True,True,PASS,PASS,PASS,0,0
PF_P4D_HN_SIT_G003_V04,PF_P4D_HN_SIT_G003,V04,hard_negative,floor_sitting,NEW_DESIGN,/home/yanbo/下载/batches/batch_person-fallen-v2-p4d-hardneg-rev1-camera1p5m/prompts/PF_P4D_HN_SIT_G003_V04.txt,ac6c84c00b43f11805559fe36ae37ddb6c0a2442a7bbe7b29655306856430a94,ac6c84c00b43f11805559fe36ae37ddb6c0a2442a7bbe7b29655306856430a94,PRE_Q7_VERIFIED,CODEX_SAFE_STAGED_CV_V1,Q2_PRE_Q6_LEGACY_INVENTORY,LEGACY_NO_ADAPTER,codex,/home/yanbo/net_vlm_person_fallen_v2_optimization/08_p4d_new_hard_negative_dev_revision/02_generation/gr3_fullregen/06_execution/quota_campaign_window_02_policy_adapter_20260830_01/00_preflight/current_verified_success_132.csv,PASS,preexisting_inventory_sha256,/home/yanbo/下载/batches/batch-person-fallen-v2-p4d-hardneg-fullregen-r2-camera1p5m/generated_raw/PF_P4D_HN_SIT_G003_V04.png,5ddfcf368a1385ea7281e92da234592d7f66caf8c6ccb518ac897013aa52c01f,5ddfcf368a1385ea7281e92da234592d7f66caf8c6ccb518ac897013aa52c01f,1672,941,PNG,True,True,/home/yanbo/下载/batches/batch-person-fallen-v2-p4d-hardneg-fullregen-r2-camera1p5m/final/PF_P4D_HN_SIT_G003_V04.png,508aafa44c932eafee7b1820477be13106729fffa88645274c533de97f008c20,508aafa44c932eafee7b1820477be13106729fffa88645274c533de97f008c20,1920,1080,PNG,True,True,PASS,PASS,PASS,0,0
PF_P4D_HN_SIT_G003_V05,PF_P4D_HN_SIT_G003,V05,hard_negative,floor_sitting,NEW_DESIGN,/home/yanbo/下载/batches/batch_person-fallen-v2-p4d-hardneg-rev1-camera1p5m/prompts/PF_P4D_HN_SIT_G003_V05.txt,e3713bde3bd9de2edc811137d47e26178cefb840d9bfdd6a48bb1879e966c718,e3713bde3bd9de2edc811137d47e26178cefb840d9bfdd6a48bb1879e966c718,PRE_Q7_VERIFIED,CODEX_SAFE_STAGED_CV_V1,Q2_PRE_Q6_LEGACY_INVENTORY,LEGACY_NO_ADAPTER,codex,/home/yanbo/net_vlm_person_fallen_v2_optimization/08_p4d_new_hard_negative_dev_revision/02_generation/gr3_fullregen/06_execution/quota_campaign_window_02_policy_adapter_20260830_01/00_preflight/current_verified_success_132.csv,PASS,preexisting_inventory_sha256,/home/yanbo/下载/batches/batch-person-fallen-v2-p4d-hardneg-fullregen-r2-camera1p5m/generated_raw/PF_P4D_HN_SIT_G003_V05.png,e20118f05a172c7414eb214078ca812d88e8e157410c0e30fc2d800d8abe00d8,e20118f05a172c7414eb214078ca812d88e8e157410c0e30fc2d800d8abe00d8,1672,941,PNG,True,True,/home/yanbo/下载/batches/batch-person-fallen-v2-p4d-hardneg-fullregen-r2-camera1p5m/final/PF_P4D_HN_SIT_G003_V05.png,d4b910a71663ae1b2d90e1edb5af4980842e20eb492d861eb965db1d5c14ab0d,d4b910a71663ae1b2d90e1edb5af4980842e20eb492d861eb965db1d5c14ab0d,1920,1080,PNG,True,True,PASS,PASS,PASS,0,0
PF_P4D_HN_SIT_G004_V01,PF_P4D_HN_SIT_G004,V01,hard_negative,floor_sitting,NEW_DESIGN,/home/yanbo/下载/batches/batch_person-fallen-v2-p4d-hardneg-rev1-camera1p5m/prompts/PF_P4D_HN_SIT_G004_V01.txt,b679b5073038eec3341843397175850480240eed20cb9c705b36a06a2e1a2485,b679b5073038eec3341843397175850480240eed20cb9c705b36a06a2e1a2485,PRE_Q7_VERIFIED,CODEX_SAFE_STAGED_CV_V1,Q2_PRE_Q6_LEGACY_INVENTORY,LEGACY_NO_ADAPTER,codex,/home/yanbo/net_vlm_person_fallen_v2_optimization/08_p4d_new_hard_negative_dev_revision/02_generation/gr3_fullregen/06_execution/quota_campaign_window_02_policy_adapter_20260830_01/00_preflight/current_verified_success_132.csv,PASS,preexisting_inventory_sha256,/home/yanbo/下载/batches/batch-person-fallen-v2-p4d-hardneg-fullregen-r2-camera1p5m/generated_raw/PF_P4D_HN_SIT_G004_V01.png,6dedbedb46a01237461870ecb046c0847ad01192b0c459d116e82bdbe6414da4,6dedbedb46a01237461870ecb046c0847ad01192b0c459d116e82bdbe6414da4,1672,941,PNG,True,True,/home/yanbo/下载/batches/batch-person-fallen-v2-p4d-hardneg-fullregen-r2-camera1p5m/final/PF_P4D_HN_SIT_G004_V01.png,9cc7238930c1217ea2d18dc48dbdea669e51a458fa066a7b6898b4246cbc93d9,9cc7238930c1217ea2d18dc48dbdea669e51a458fa066a7b6898b4246cbc93d9,1920,1080,PNG,True,True,PASS,PASS,PASS,0,0
PF_P4D_HN_SIT_G004_V02,PF_P4D_HN_SIT_G004,V02,hard_negative,floor_sitting,NEW_DESIGN,/home/yanbo/下载/batches/batch_person-fallen-v2-p4d-hardneg-rev1-camera1p5m/prompts/PF_P4D_HN_SIT_G004_V02.txt,4517579bd4a99a33eb794f019ea69b9ffe8d5cf0864148f890fe7ace47c4ed61,4517579bd4a99a33eb794f019ea69b9ffe8d5cf0864148f890fe7ace47c4ed61,PRE_Q7_VERIFIED,CODEX_SAFE_STAGED_CV_V1,Q2_PRE_Q6_LEGACY_INVENTORY,LEGACY_NO_ADAPTER,codex,/home/yanbo/net_vlm_person_fallen_v2_optimization/08_p4d_new_hard_negative_dev_revision/02_generation/gr3_fullregen/06_execution/quota_campaign_window_02_policy_adapter_20260830_01/00_preflight/current_verified_success_132.csv,PASS,preexisting_inventory_sha256,/home/yanbo/下载/batches/batch-person-fallen-v2-p4d-hardneg-fullregen-r2-camera1p5m/generated_raw/PF_P4D_HN_SIT_G004_V02.png,086b108928cf1b2019fe4930dd79d5948be17a68adc05b54ddb27671e0a22d4f,086b108928cf1b2019fe4930dd79d5948be17a68adc05b54ddb27671e0a22d4f,1672,941,PNG,True,True,/home/yanbo/下载/batches/batch-person-fallen-v2-p4d-hardneg-fullregen-r2-camera1p5m/final/PF_P4D_HN_SIT_G004_V02.png,b4a496f7a6980d1cb33c30bb54ebb18ee79a76b3f689ee24e77f1c812603559e,b4a496f7a6980d1cb33c30bb54ebb18ee79a76b3f689ee24e77f1c812603559e,1920,1080,PNG,True,True,PASS,PASS,PASS,0,0
PF_P4D_HN_SIT_G004_V03,PF_P4D_HN_SIT_G004,V03,hard_negative,floor_sitting,NEW_DESIGN,/home/yanbo/下载/batches/batch_person-fallen-v2-p4d-hardneg-rev1-camera1p5m/prompts/PF_P4D_HN_SIT_G004_V03.txt,a75917ee0b99d79614495110c80eda9f42c0b1f2781039beadb627a259d372ea,a75917ee0b99d79614495110c80eda9f42c0b1f2781039beadb627a259d372ea,PRE_Q7_VERIFIED,CODEX_SAFE_STAGED_CV_V1,Q2_PRE_Q6_LEGACY_INVENTORY,LEGACY_NO_ADAPTER,codex,/home/yanbo/net_vlm_person_fallen_v2_optimization/08_p4d_new_hard_negative_dev_revision/02_generation/gr3_fullregen/06_execution/quota_campaign_window_02_policy_adapter_20260830_01/00_preflight/current_verified_success_132.csv,PASS,preexisting_inventory_sha256,/home/yanbo/下载/batches/batch-person-fallen-v2-p4d-hardneg-fullregen-r2-camera1p5m/generated_raw/PF_P4D_HN_SIT_G004_V03.png,0069ac64c7411d1b47569bcb31a03b09e97c65984505354d753e4ec2bd590b3a,0069ac64c7411d1b47569bcb31a03b09e97c65984505354d753e4ec2bd590b3a,1672,941,PNG,True,True,/home/yanbo/下载/batches/batch-person-fallen-v2-p4d-hardneg-fullregen-r2-camera1p5m/final/PF_P4D_HN_SIT_G004_V03.png,352eb78ed02788e59e264fdb495cb474d8ec9d29b877f5edc586785a602ea523,352eb78ed02788e59e264fdb495cb474d8ec9d29b877f5edc586785a602ea523,1920,1080,PNG,True,True,PASS,PASS,PASS,0,0
PF_P4D_HN_SIT_G004_V04,PF_P4D_HN_SIT_G004,V04,hard_negative,floor_sitting,NEW_DESIGN,/home/yanbo/下载/batches/batch_person-fallen-v2-p4d-hardneg-rev1-camera1p5m/prompts/PF_P4D_HN_SIT_G004_V04.txt,c96c21cd2e2302e2a769fa3265c28919918334b67ab6fb268b30edabc0ece664,c96c21cd2e2302e2a769fa3265c28919918334b67ab6fb268b30edabc0ece664,PRE_Q7_VERIFIED,CODEX_SAFE_STAGED_CV_V1,Q2_PRE_Q6_LEGACY_INVENTORY,LEGACY_NO_ADAPTER,codex,/home/yanbo/net_vlm_person_fallen_v2_optimization/08_p4d_new_hard_negative_dev_revision/02_generation/gr3_fullregen/06_execution/quota_campaign_window_02_policy_adapter_20260830_01/00_preflight/current_verified_success_132.csv,PASS,preexisting_inventory_sha256,/home/yanbo/下载/batches/batch-person-fallen-v2-p4d-hardneg-fullregen-r2-camera1p5m/generated_raw/PF_P4D_HN_SIT_G004_V04.png,e9c73972fbb5944b588a459fbe12b1335908c1d6f84e96310dfd1a4af920c6f3,e9c73972fbb5944b588a459fbe12b1335908c1d6f84e96310dfd1a4af920c6f3,1672,941,PNG,True,True,/home/yanbo/下载/batches/batch-person-fallen-v2-p4d-hardneg-fullregen-r2-camera1p5m/final/PF_P4D_HN_SIT_G004_V04.png,c9270dd2a72642e56e83a834c5160de30f152ae41e126198782de08a499435f5,c9270dd2a72642e56e83a834c5160de30f152ae41e126198782de08a499435f5,1920,1080,PNG,True,True,PASS,PASS,PASS,0,0
PF_P4D_HN_SIT_G004_V05,PF_P4D_HN_SIT_G004,V05,hard_negative,floor_sitting,NEW_DESIGN,/home/yanbo/下载/batches/batch_person-fallen-v2-p4d-hardneg-rev1-camera1p5m/prompts/PF_P4D_HN_SIT_G004_V05.txt,cf0c65aabb6f380434966f03cdf87d1118130b7ffd039bf0721c7bd753a9ea47,cf0c65aabb6f380434966f03cdf87d1118130b7ffd039bf0721c7bd753a9ea47,PRE_Q7_VERIFIED,CODEX_SAFE_STAGED_CV_V1,Q2_PRE_Q6_LEGACY_INVENTORY,LEGACY_NO_ADAPTER,codex,/home/yanbo/net_vlm_person_fallen_v2_optimization/08_p4d_new_hard_negative_dev_revision/02_generation/gr3_fullregen/06_execution/quota_campaign_window_02_policy_adapter_20260830_01/00_preflight/current_verified_success_132.csv,PASS,preexisting_inventory_sha256,/home/yanbo/下载/batches/batch-person-fallen-v2-p4d-hardneg-fullregen-r2-camera1p5m/generated_raw/PF_P4D_HN_SIT_G004_V05.png,15796a6af8ac83e6b3ed8fe70cfe331cfb47072255eb81ac83e32cb95b0e6c30,15796a6af8ac83e6b3ed8fe70cfe331cfb47072255eb81ac83e32cb95b0e6c30,1672,941,PNG,True,True,/home/yanbo/下载/batches/batch-person-fallen-v2-p4d-hardneg-fullregen-r2-camera1p5m/final/PF_P4D_HN_SIT_G004_V05.png,cf1efda1ab8c7d25765c3fe7bacae4d6bb400c876d2e09bcfedf9e3d89561c84,cf1efda1ab8c7d25765c3fe7bacae4d6bb400c876d2e09bcfedf9e3d89561c84,1920,1080,PNG,True,True,PASS,PASS,PASS,0,0
PF_P4D_HN_SIT_G005_V01,PF_P4D_HN_SIT_G005,V01,hard_negative,floor_sitting,NEW_DESIGN,/home/yanbo/下载/batches/batch_person-fallen-v2-p4d-hardneg-rev1-camera1p5m/prompts/PF_P4D_HN_SIT_G005_V01.txt,4dea6b9e3b52568663958fbe54ffcf5eec9ace5d0cc7b94860298ea1850301c7,4dea6b9e3b52568663958fbe54ffcf5eec9ace5d0cc7b94860298ea1850301c7,PRE_Q7_VERIFIED,CODEX_SAFE_STAGED_CV_V1,Q2_PRE_Q6_LEGACY_INVENTORY,LEGACY_NO_ADAPTER,codex,/home/yanbo/net_vlm_person_fallen_v2_optimization/08_p4d_new_hard_negative_dev_revision/02_generation/gr3_fullregen/06_execution/quota_campaign_window_02_policy_adapter_20260830_01/00_preflight/current_verified_success_132.csv,PASS,preexisting_inventory_sha256,/home/yanbo/下载/batches/batch-person-fallen-v2-p4d-hardneg-fullregen-r2-camera1p5m/generated_raw/PF_P4D_HN_SIT_G005_V01.png,46a282a437b550eee685f7d25aed4dc0e8135cf26f5f97b8864aa1bdb72d8a5f,46a282a437b550eee685f7d25aed4dc0e8135cf26f5f97b8864aa1bdb72d8a5f,1672,941,PNG,True,True,/home/yanbo/下载/batches/batch-person-fallen-v2-p4d-hardneg-fullregen-r2-camera1p5m/final/PF_P4D_HN_SIT_G005_V01.png,a3852c0884e2d8f2442ffa6d9629983e06d2bf37874285d2625db3a9769b09e2,a3852c0884e2d8f2442ffa6d9629983e06d2bf37874285d2625db3a9769b09e2,1920,1080,PNG,True,True,PASS,PASS,PASS,0,0
PF_P4D_HN_SIT_G005_V02,PF_P4D_HN_SIT_G005,V02,hard_negative,floor_sitting,NEW_DESIGN,/home/yanbo/下载/batches/batch_person-fallen-v2-p4d-hardneg-rev1-camera1p5m/prompts/PF_P4D_HN_SIT_G005_V02.txt,30e4de8335a7d375e40993efdd934ec8cfa30ff1f9da7dcfad72d612b43e2740,30e4de8335a7d375e40993efdd934ec8cfa30ff1f9da7dcfad72d612b43e2740,PRE_Q7_VERIFIED,CODEX_SAFE_STAGED_CV_V1,Q2_PRE_Q6_LEGACY_INVENTORY,LEGACY_NO_ADAPTER,codex,/home/yanbo/net_vlm_person_fallen_v2_optimization/08_p4d_new_hard_negative_dev_revision/02_generation/gr3_fullregen/06_execution/quota_campaign_window_02_policy_adapter_20260830_01/00_preflight/current_verified_success_132.csv,PASS,preexisting_inventory_sha256,/home/yanbo/下载/batches/batch-person-fallen-v2-p4d-hardneg-fullregen-r2-camera1p5m/generated_raw/PF_P4D_HN_SIT_G005_V02.png,6727374a8242904935e8652b179da518a7c7cc8d835bf052b2e7e12dcb1d8b34,6727374a8242904935e8652b179da518a7c7cc8d835bf052b2e7e12dcb1d8b34,1672,941,PNG,True,True,/home/yanbo/下载/batches/batch-person-fallen-v2-p4d-hardneg-fullregen-r2-camera1p5m/final/PF_P4D_HN_SIT_G005_V02.png,abd0a0f74db8549cae12f43562177bf6118439858d02a4ea8ca8302f7474f48c,abd0a0f74db8549cae12f43562177bf6118439858d02a4ea8ca8302f7474f48c,1920,1080,PNG,True,True,PASS,PASS,PASS,0,0
PF_P4D_HN_SIT_G005_V03,PF_P4D_HN_SIT_G005,V03,hard_negative,floor_sitting,NEW_DESIGN,/home/yanbo/下载/batches/batch_person-fallen-v2-p4d-hardneg-rev1-camera1p5m/prompts/PF_P4D_HN_SIT_G005_V03.txt,c40c9c57557f9e6d7c69b4457ff1c7c169c0992c0a2dc157db9f74c485f861ee,c40c9c57557f9e6d7c69b4457ff1c7c169c0992c0a2dc157db9f74c485f861ee,PRE_Q7_VERIFIED,CODEX_SAFE_STAGED_CV_V1,Q2_PRE_Q6_LEGACY_INVENTORY,LEGACY_NO_ADAPTER,codex,/home/yanbo/net_vlm_person_fallen_v2_optimization/08_p4d_new_hard_negative_dev_revision/02_generation/gr3_fullregen/06_execution/quota_campaign_window_02_policy_adapter_20260830_01/00_preflight/current_verified_success_132.csv,PASS,preexisting_inventory_sha256,/home/yanbo/下载/batches/batch-person-fallen-v2-p4d-hardneg-fullregen-r2-camera1p5m/generated_raw/PF_P4D_HN_SIT_G005_V03.png,5d44e9bfa990cbf195aed7cb7c1ad8ec4f1a92c8b0dd74a91577c803b7055062,5d44e9bfa990cbf195aed7cb7c1ad8ec4f1a92c8b0dd74a91577c803b7055062,1672,941,PNG,True,True,/home/yanbo/下载/batches/batch-person-fallen-v2-p4d-hardneg-fullregen-r2-camera1p5m/final/PF_P4D_HN_SIT_G005_V03.png,748c25b7370a651e1622c1b1979922a020c1eb989045c1f27579026432da8304,748c25b7370a651e1622c1b1979922a020c1eb989045c1f27579026432da8304,1920,1080,PNG,True,True,PASS,PASS,PASS,0,0
PF_P4D_HN_SIT_G005_V04,PF_P4D_HN_SIT_G005,V04,hard_negative,floor_sitting,NEW_DESIGN,/home/yanbo/下载/batches/batch_person-fallen-v2-p4d-hardneg-rev1-camera1p5m/prompts/PF_P4D_HN_SIT_G005_V04.txt,9385f0dbdc320f7d4a886376831ef1efd2b81d07194abb23515b9d6da1ecef5e,9385f0dbdc320f7d4a886376831ef1efd2b81d07194abb23515b9d6da1ecef5e,PRE_Q7_VERIFIED,CODEX_SAFE_STAGED_CV_V1,Q2_PRE_Q6_LEGACY_INVENTORY,LEGACY_NO_ADAPTER,codex,/home/yanbo/net_vlm_person_fallen_v2_optimization/08_p4d_new_hard_negative_dev_revision/02_generation/gr3_fullregen/06_execution/quota_campaign_window_02_policy_adapter_20260830_01/00_preflight/current_verified_success_132.csv,PASS,preexisting_inventory_sha256,/home/yanbo/下载/batches/batch-person-fallen-v2-p4d-hardneg-fullregen-r2-camera1p5m/generated_raw/PF_P4D_HN_SIT_G005_V04.png,e8a3c0dfba08f46401a1720038d30a5fa25f347e699ffb2c3ddab23cb23139da,e8a3c0dfba08f46401a1720038d30a5fa25f347e699ffb2c3ddab23cb23139da,1672,941,PNG,True,True,/home/yanbo/下载/batches/batch-person-fallen-v2-p4d-hardneg-fullregen-r2-camera1p5m/final/PF_P4D_HN_SIT_G005_V04.png,417088411826ef61b505ee06ba56da664bf0226172acfad674a1bbc9dc298014,417088411826ef61b505ee06ba56da664bf0226172acfad674a1bbc9dc298014,1920,1080,PNG,True,True,PASS,PASS,PASS,0,0
PF_P4D_HN_SIT_G005_V05,PF_P4D_HN_SIT_G005,V05,hard_negative,floor_sitting,NEW_DESIGN,/home/yanbo/下载/batches/batch_person-fallen-v2-p4d-hardneg-rev1-camera1p5m/prompts/PF_P4D_HN_SIT_G005_V05.txt,e77414412a44db6751431c78ef42c4525106381dac6e40e3c07f902125878aa7,e77414412a44db6751431c78ef42c4525106381dac6e40e3c07f902125878aa7,PRE_Q7_VERIFIED,CODEX_SAFE_STAGED_CV_V1,Q2_PRE_Q6_LEGACY_INVENTORY,LEGACY_NO_ADAPTER,codex,/home/yanbo/net_vlm_person_fallen_v2_optimization/08_p4d_new_hard_negative_dev_revision/02_generation/gr3_fullregen/06_execution/quota_campaign_window_02_policy_adapter_20260830_01/00_preflight/current_verified_success_132.csv,PASS,preexisting_inventory_sha256,/home/yanbo/下载/batches/batch-person-fallen-v2-p4d-hardneg-fullregen-r2-camera1p5m/generated_raw/PF_P4D_HN_SIT_G005_V05.png,ecaf737091f1683d5e0ae074872e777c8ef4bc3d5c6d1a26d8fba0840b6033e2,ecaf737091f1683d5e0ae074872e777c8ef4bc3d5c6d1a26d8fba0840b6033e2,1672,941,PNG,True,True,/home/yanbo/下载/batches/batch-person-fallen-v2-p4d-hardneg-fullregen-r2-camera1p5m/final/PF_P4D_HN_SIT_G005_V05.png,5b31b2b2ba275456a6dbf01081bc441127e29b67ec4f9f61bb94603ad1163c3b,5b31b2b2ba275456a6dbf01081bc441127e29b67ec4f9f61bb94603ad1163c3b,1920,1080,PNG,True,True,PASS,PASS,PASS,0,0
PF_P4D_HN_SIT_G006_V01,PF_P4D_HN_SIT_G006,V01,hard_negative,floor_sitting,NEW_DESIGN,/home/yanbo/下载/batches/batch_person-fallen-v2-p4d-hardneg-rev1-camera1p5m/prompts/PF_P4D_HN_SIT_G006_V01.txt,1671e09668183bad0c1596a3ba206f61602621652e655f01f21f6ae862ce3952,1671e09668183bad0c1596a3ba206f61602621652e655f01f21f6ae862ce3952,PRE_Q7_VERIFIED,CODEX_SAFE_STAGED_CV_V1,Q2_PRE_Q6_LEGACY_INVENTORY,LEGACY_NO_ADAPTER,codex,/home/yanbo/net_vlm_person_fallen_v2_optimization/08_p4d_new_hard_negative_dev_revision/02_generation/gr3_fullregen/06_execution/quota_campaign_window_02_policy_adapter_20260830_01/00_preflight/current_verified_success_132.csv,PASS,preexisting_inventory_sha256,/home/yanbo/下载/batches/batch-person-fallen-v2-p4d-hardneg-fullregen-r2-camera1p5m/generated_raw/PF_P4D_HN_SIT_G006_V01.png,eb8a5880927dcb10c26d413db95c0433bf724c5c607cecf91a427d1a86e393dc,eb8a5880927dcb10c26d413db95c0433bf724c5c607cecf91a427d1a86e393dc,1672,941,PNG,True,True,/home/yanbo/下载/batches/batch-person-fallen-v2-p4d-hardneg-fullregen-r2-camera1p5m/final/PF_P4D_HN_SIT_G006_V01.png,3660f6b824b9bb3076897da704c11d0596c8ef1a8c2f59844cca3a65d17e0805,3660f6b824b9bb3076897da704c11d0596c8ef1a8c2f59844cca3a65d17e0805,1920,1080,PNG,True,True,PASS,PASS,PASS,0,0
PF_P4D_HN_SIT_G006_V02,PF_P4D_HN_SIT_G006,V02,hard_negative,floor_sitting,NEW_DESIGN,/home/yanbo/下载/batches/batch_person-fallen-v2-p4d-hardneg-rev1-camera1p5m/prompts/PF_P4D_HN_SIT_G006_V02.txt,d235ec52df4266070934f89e7bd63d0dd83345204c79430a08b2d34171abcd41,d235ec52df4266070934f89e7bd63d0dd83345204c79430a08b2d34171abcd41,PRE_Q7_VERIFIED,CODEX_SAFE_STAGED_CV_V1,Q2_PRE_Q6_LEGACY_INVENTORY,LEGACY_NO_ADAPTER,codex,/home/yanbo/net_vlm_person_fallen_v2_optimization/08_p4d_new_hard_negative_dev_revision/02_generation/gr3_fullregen/06_execution/quota_campaign_window_02_policy_adapter_20260830_01/00_preflight/current_verified_success_132.csv,PASS,preexisting_inventory_sha256,/home/yanbo/下载/batches/batch-person-fallen-v2-p4d-hardneg-fullregen-r2-camera1p5m/generated_raw/PF_P4D_HN_SIT_G006_V02.png,c326906a8cb016c04e1cb29ecf335f7cb95a69f74fdc4ccf135ad1928c630951,c326906a8cb016c04e1cb29ecf335f7cb95a69f74fdc4ccf135ad1928c630951,1672,941,PNG,True,True,/home/yanbo/下载/batches/batch-person-fallen-v2-p4d-hardneg-fullregen-r2-camera1p5m/final/PF_P4D_HN_SIT_G006_V02.png,3fc95c48840f07fec4a1309b6be34d498b921a85f7757b79ea8626e39148b07e,3fc95c48840f07fec4a1309b6be34d498b921a85f7757b79ea8626e39148b07e,1920,1080,PNG,True,True,PASS,PASS,PASS,0,0
PF_P4D_HN_SIT_G006_V03,PF_P4D_HN_SIT_G006,V03,hard_negative,floor_sitting,NEW_DESIGN,/home/yanbo/下载/batches/batch_person-fallen-v2-p4d-hardneg-rev1-camera1p5m/prompts/PF_P4D_HN_SIT_G006_V03.txt,69216902afe9e6bb218204360553eda0f4e457e27513623ac2778d89f8c72f98,69216902afe9e6bb218204360553eda0f4e457e27513623ac2778d89f8c72f98,PRE_Q7_VERIFIED,CODEX_SAFE_STAGED_CV_V1,Q2_PRE_Q6_LEGACY_INVENTORY,LEGACY_NO_ADAPTER,codex,/home/yanbo/net_vlm_person_fallen_v2_optimization/08_p4d_new_hard_negative_dev_revision/02_generation/gr3_fullregen/06_execution/quota_campaign_window_02_policy_adapter_20260830_01/00_preflight/current_verified_success_132.csv,PASS,preexisting_inventory_sha256,/home/yanbo/下载/batches/batch-person-fallen-v2-p4d-hardneg-fullregen-r2-camera1p5m/generated_raw/PF_P4D_HN_SIT_G006_V03.png,2f70a35606aec359521303d41c5b826ea93374fbbe3280c64fbbf956642da4fa,2f70a35606aec359521303d41c5b826ea93374fbbe3280c64fbbf956642da4fa,1672,941,PNG,True,True,/home/yanbo/下载/batches/batch-person-fallen-v2-p4d-hardneg-fullregen-r2-camera1p5m/final/PF_P4D_HN_SIT_G006_V03.png,3fb6a031562a93c0c4b0eb650169a3e64cd7b02b683434ad1968406d72e538b9,3fb6a031562a93c0c4b0eb650169a3e64cd7b02b683434ad1968406d72e538b9,1920,1080,PNG,True,True,PASS,PASS,PASS,0,0
PF_P4D_HN_SIT_G006_V04,PF_P4D_HN_SIT_G006,V04,hard_negative,floor_sitting,NEW_DESIGN,/home/yanbo/下载/batches/batch_person-fallen-v2-p4d-hardneg-rev1-camera1p5m/prompts/PF_P4D_HN_SIT_G006_V04.txt,14c9dd996051a689c430b5d0d0948a3b56caa364f354189279aa1d6a959b2369,14c9dd996051a689c430b5d0d0948a3b56caa364f354189279aa1d6a959b2369,PRE_Q7_VERIFIED,CODEX_SAFE_STAGED_CV_V1,Q2_PRE_Q6_LEGACY_INVENTORY,LEGACY_NO_ADAPTER,codex,/home/yanbo/net_vlm_person_fallen_v2_optimization/08_p4d_new_hard_negative_dev_revision/02_generation/gr3_fullregen/06_execution/quota_campaign_window_02_policy_adapter_20260830_01/00_preflight/current_verified_success_132.csv,PASS,preexisting_inventory_sha256,/home/yanbo/下载/batches/batch-person-fallen-v2-p4d-hardneg-fullregen-r2-camera1p5m/generated_raw/PF_P4D_HN_SIT_G006_V04.png,efb7ba0dbbbd0bbddae92acd561adf1a284268b6ddbeb0497b71bb416709ef46,efb7ba0dbbbd0bbddae92acd561adf1a284268b6ddbeb0497b71bb416709ef46,1672,941,PNG,True,True,/home/yanbo/下载/batches/batch-person-fallen-v2-p4d-hardneg-fullregen-r2-camera1p5m/final/PF_P4D_HN_SIT_G006_V04.png,b003624d2717546d2954cc684c466de4ded2ee1489079c7dc26a0d22503afd01,b003624d2717546d2954cc684c466de4ded2ee1489079c7dc26a0d22503afd01,1920,1080,PNG,True,True,PASS,PASS,PASS,0,0
PF_P4D_HN_SIT_G006_V05,PF_P4D_HN_SIT_G006,V05,hard_negative,floor_sitting,NEW_DESIGN,/home/yanbo/下载/batches/batch_person-fallen-v2-p4d-hardneg-rev1-camera1p5m/prompts/PF_P4D_HN_SIT_G006_V05.txt,892bdb557c25023462360762586472851f7b33c3ddd6bc09a0347f14e6659c1c,892bdb557c25023462360762586472851f7b33c3ddd6bc09a0347f14e6659c1c,PRE_Q7_VERIFIED,CODEX_SAFE_STAGED_CV_V1,Q2_PRE_Q6_LEGACY_INVENTORY,LEGACY_NO_ADAPTER,codex,/home/yanbo/net_vlm_person_fallen_v2_optimization/08_p4d_new_hard_negative_dev_revision/02_generation/gr3_fullregen/06_execution/quota_campaign_window_02_policy_adapter_20260830_01/00_preflight/current_verified_success_132.csv,PASS,preexisting_inventory_sha256,/home/yanbo/下载/batches/batch-person-fallen-v2-p4d-hardneg-fullregen-r2-camera1p5m/generated_raw/PF_P4D_HN_SIT_G006_V05.png,ab9676169a77b543c2b54c994f4f48d484250038cf62ff4811a5054539776d53,ab9676169a77b543c2b54c994f4f48d484250038cf62ff4811a5054539776d53,1672,941,PNG,True,True,/home/yanbo/下载/batches/batch-person-fallen-v2-p4d-hardneg-fullregen-r2-camera1p5m/final/PF_P4D_HN_SIT_G006_V05.png,50dfb42a496a45f1dfff553f026d808cda5ed194b08ba509be4e9f4bbf23de0a,50dfb42a496a45f1dfff553f026d808cda5ed194b08ba509be4e9f4bbf23de0a,1920,1080,PNG,True,True,PASS,PASS,PASS,0,0
PF_P4D_HN_SIT_G007_V01,PF_P4D_HN_SIT_G007,V01,hard_negative,floor_sitting,NEW_DESIGN,/home/yanbo/下载/batches/batch_person-fallen-v2-p4d-hardneg-rev1-camera1p5m/prompts/PF_P4D_HN_SIT_G007_V01.txt,1d5071392d267a8862654b943d3d3a3bd2e51c9527fdf24aa948f8f9fc2fd2ef,1d5071392d267a8862654b943d3d3a3bd2e51c9527fdf24aa948f8f9fc2fd2ef,PRE_Q7_VERIFIED,CODEX_SAFE_STAGED_CV_V1,Q2_PRE_Q6_LEGACY_INVENTORY,LEGACY_NO_ADAPTER,codex,/home/yanbo/net_vlm_person_fallen_v2_optimization/08_p4d_new_hard_negative_dev_revision/02_generation/gr3_fullregen/06_execution/quota_campaign_window_02_policy_adapter_20260830_01/00_preflight/current_verified_success_132.csv,PASS,preexisting_inventory_sha256,/home/yanbo/下载/batches/batch-person-fallen-v2-p4d-hardneg-fullregen-r2-camera1p5m/generated_raw/PF_P4D_HN_SIT_G007_V01.png,09c556d2661b007a1197255afaf09d8a5a7a86c125d295b65e50710ecd633dd6,09c556d2661b007a1197255afaf09d8a5a7a86c125d295b65e50710ecd633dd6,1672,941,PNG,True,True,/home/yanbo/下载/batches/batch-person-fallen-v2-p4d-hardneg-fullregen-r2-camera1p5m/final/PF_P4D_HN_SIT_G007_V01.png,4fe6e2ba6c988a06a5da39a671d31a1491ca96031fb41f057b8bad4d21908036,4fe6e2ba6c988a06a5da39a671d31a1491ca96031fb41f057b8bad4d21908036,1920,1080,PNG,True,True,PASS,PASS,PASS,0,0
PF_P4D_HN_SIT_G007_V02,PF_P4D_HN_SIT_G007,V02,hard_negative,floor_sitting,NEW_DESIGN,/home/yanbo/下载/batches/batch_person-fallen-v2-p4d-hardneg-rev1-camera1p5m/prompts/PF_P4D_HN_SIT_G007_V02.txt,c2e0a15aaa37df4a8e42fb3704fa64858950ad49d365cffdf3087d4da517d4b5,c2e0a15aaa37df4a8e42fb3704fa64858950ad49d365cffdf3087d4da517d4b5,PRE_Q7_VERIFIED,CODEX_SAFE_STAGED_CV_V1,Q2_PRE_Q6_LEGACY_INVENTORY,LEGACY_NO_ADAPTER,codex,/home/yanbo/net_vlm_person_fallen_v2_optimization/08_p4d_new_hard_negative_dev_revision/02_generation/gr3_fullregen/06_execution/quota_campaign_window_02_policy_adapter_20260830_01/00_preflight/current_verified_success_132.csv,PASS,preexisting_inventory_sha256,/home/yanbo/下载/batches/batch-person-fallen-v2-p4d-hardneg-fullregen-r2-camera1p5m/generated_raw/PF_P4D_HN_SIT_G007_V02.png,4a193f24badba22466739158e0aed1196941eae6289a62af5d0994a8f45b87ef,4a193f24badba22466739158e0aed1196941eae6289a62af5d0994a8f45b87ef,1672,941,PNG,True,True,/home/yanbo/下载/batches/batch-person-fallen-v2-p4d-hardneg-fullregen-r2-camera1p5m/final/PF_P4D_HN_SIT_G007_V02.png,1fdc4800ff575a7491a19d4a54c56a4e48441cd42dc5cb9dd491891da64731cb,1fdc4800ff575a7491a19d4a54c56a4e48441cd42dc5cb9dd491891da64731cb,1920,1080,PNG,True,True,PASS,PASS,PASS,0,0
PF_P4D_HN_SIT_G007_V03,PF_P4D_HN_SIT_G007,V03,hard_negative,floor_sitting,NEW_DESIGN,/home/yanbo/下载/batches/batch_person-fallen-v2-p4d-hardneg-rev1-camera1p5m/prompts/PF_P4D_HN_SIT_G007_V03.txt,fcdaade293c3fe69d0c821f52a077b5cc69df331c725f86c9d119e0dd84804f8,fcdaade293c3fe69d0c821f52a077b5cc69df331c725f86c9d119e0dd84804f8,PRE_Q7_VERIFIED,CODEX_SAFE_STAGED_CV_V1,Q2_PRE_Q6_LEGACY_INVENTORY,LEGACY_NO_ADAPTER,codex,/home/yanbo/net_vlm_person_fallen_v2_optimization/08_p4d_new_hard_negative_dev_revision/02_generation/gr3_fullregen/06_execution/quota_campaign_window_02_policy_adapter_20260830_01/00_preflight/current_verified_success_132.csv,PASS,preexisting_inventory_sha256,/home/yanbo/下载/batches/batch-person-fallen-v2-p4d-hardneg-fullregen-r2-camera1p5m/generated_raw/PF_P4D_HN_SIT_G007_V03.png,316b3704f167ebb19994dde79975d10b41edb6f09dad1b302b005ae1f1fa38d9,316b3704f167ebb19994dde79975d10b41edb6f09dad1b302b005ae1f1fa38d9,1672,941,PNG,True,True,/home/yanbo/下载/batches/batch-person-fallen-v2-p4d-hardneg-fullregen-r2-camera1p5m/final/PF_P4D_HN_SIT_G007_V03.png,1a413bb13fc064bbf96a28af5159d1bd02145e4d45c3bb1cb4f87855bf55dbce,1a413bb13fc064bbf96a28af5159d1bd02145e4d45c3bb1cb4f87855bf55dbce,1920,1080,PNG,True,True,PASS,PASS,PASS,0,0
PF_P4D_HN_SIT_G007_V04,PF_P4D_HN_SIT_G007,V04,hard_negative,floor_sitting,NEW_DESIGN,/home/yanbo/下载/batches/batch_person-fallen-v2-p4d-hardneg-rev1-camera1p5m/prompts/PF_P4D_HN_SIT_G007_V04.txt,22bbdf1d9d98d20dfcdc0f04b765c7f06fb71b8a14cf1ab526ddedc23fb50857,22bbdf1d9d98d20dfcdc0f04b765c7f06fb71b8a14cf1ab526ddedc23fb50857,PRE_Q7_VERIFIED,CODEX_SAFE_STAGED_CV_V1,Q2_PRE_Q6_LEGACY_INVENTORY,LEGACY_NO_ADAPTER,codex,/home/yanbo/net_vlm_person_fallen_v2_optimization/08_p4d_new_hard_negative_dev_revision/02_generation/gr3_fullregen/06_execution/quota_campaign_window_02_policy_adapter_20260830_01/00_preflight/current_verified_success_132.csv,PASS,preexisting_inventory_sha256,/home/yanbo/下载/batches/batch-person-fallen-v2-p4d-hardneg-fullregen-r2-camera1p5m/generated_raw/PF_P4D_HN_SIT_G007_V04.png,5eb4e44b7249056cfbf0497822f8e702efad1d7c6af8b6f9f5170aee4bb5db60,5eb4e44b7249056cfbf0497822f8e702efad1d7c6af8b6f9f5170aee4bb5db60,1672,941,PNG,True,True,/home/yanbo/下载/batches/batch-person-fallen-v2-p4d-hardneg-fullregen-r2-camera1p5m/final/PF_P4D_HN_SIT_G007_V04.png,af6d25edfd980970210e9ace684e295fb059ad083f946dec902cc0dd97c330e8,af6d25edfd980970210e9ace684e295fb059ad083f946dec902cc0dd97c330e8,1920,1080,PNG,True,True,PASS,PASS,PASS,0,0
PF_P4D_HN_SIT_G007_V05,PF_P4D_HN_SIT_G007,V05,hard_negative,floor_sitting,NEW_DESIGN,/home/yanbo/下载/batches/batch_person-fallen-v2-p4d-hardneg-rev1-camera1p5m/prompts/PF_P4D_HN_SIT_G007_V05.txt,101648056feee5a7c3c43b54fb228ba1a3102a5977903578a606395b640be264,101648056feee5a7c3c43b54fb228ba1a3102a5977903578a606395b640be264,PRE_Q7_VERIFIED,CODEX_SAFE_STAGED_CV_V1,Q2_PRE_Q6_LEGACY_INVENTORY,LEGACY_NO_ADAPTER,codex,/home/yanbo/net_vlm_person_fallen_v2_optimization/08_p4d_new_hard_negative_dev_revision/02_generation/gr3_fullregen/06_execution/quota_campaign_window_02_policy_adapter_20260830_01/00_preflight/current_verified_success_132.csv,PASS,preexisting_inventory_sha256,/home/yanbo/下载/batches/batch-person-fallen-v2-p4d-hardneg-fullregen-r2-camera1p5m/generated_raw/PF_P4D_HN_SIT_G007_V05.png,565735110b0b8c9547010f68a0c43daf390365606eb8c326ec483141dd412274,565735110b0b8c9547010f68a0c43daf390365606eb8c326ec483141dd412274,1672,941,PNG,True,True,/home/yanbo/下载/batches/batch-person-fallen-v2-p4d-hardneg-fullregen-r2-camera1p5m/final/PF_P4D_HN_SIT_G007_V05.png,51dc17715bc3ab7e42a821b05ccf428275916c72ff2dc18349f5daaea09ea3ea,51dc17715bc3ab7e42a821b05ccf428275916c72ff2dc18349f5daaea09ea3ea,1920,1080,PNG,True,True,PASS,PASS,PASS,0,0
PF_P4D_HN_SIT_G008_V01,PF_P4D_HN_SIT_G008,V01,hard_negative,floor_sitting,NEW_SCREEN,/home/yanbo/下载/batches/batch_person-fallen-v2-p4d-hardneg-rev1-camera1p5m/prompts/PF_P4D_HN_SIT_G008_V01.txt,ebf4d31edd19f8ba167796bd2aa6d318faf1cafcdb6f0c3c2700e35352cf4587,ebf4d31edd19f8ba167796bd2aa6d318faf1cafcdb6f0c3c2700e35352cf4587,PRE_Q7_VERIFIED,CODEX_SAFE_STAGED_CV_V1,Q2_PRE_Q6_LEGACY_INVENTORY,LEGACY_NO_ADAPTER,codex,/home/yanbo/net_vlm_person_fallen_v2_optimization/08_p4d_new_hard_negative_dev_revision/02_generation/gr3_fullregen/06_execution/quota_campaign_window_02_policy_adapter_20260830_01/00_preflight/current_verified_success_132.csv,PASS,preexisting_inventory_sha256,/home/yanbo/下载/batches/batch-person-fallen-v2-p4d-hardneg-fullregen-r2-camera1p5m/generated_raw/PF_P4D_HN_SIT_G008_V01.png,7f8e8663154f2fe645355f151d48b8c1a8644f2a317c7b4ae14c06e2a5ba56ed,7f8e8663154f2fe645355f151d48b8c1a8644f2a317c7b4ae14c06e2a5ba56ed,1672,941,PNG,True,True,/home/yanbo/下载/batches/batch-person-fallen-v2-p4d-hardneg-fullregen-r2-camera1p5m/final/PF_P4D_HN_SIT_G008_V01.png,00ccbaf63bc11ef1dce71704acd3c0ead60aea57bcfde66b175e78ca1653ae9e,00ccbaf63bc11ef1dce71704acd3c0ead60aea57bcfde66b175e78ca1653ae9e,1920,1080,PNG,True,True,PASS,PASS,PASS,0,0
PF_P4D_HN_SIT_G008_V02,PF_P4D_HN_SIT_G008,V02,hard_negative,floor_sitting,NEW_SCREEN,/home/yanbo/下载/batches/batch_person-fallen-v2-p4d-hardneg-rev1-camera1p5m/prompts/PF_P4D_HN_SIT_G008_V02.txt,2d29675cb0d74ef093aa65bbc0c037c1b17bfc3101f19dd1f4cb621a7106dcd3,2d29675cb0d74ef093aa65bbc0c037c1b17bfc3101f19dd1f4cb621a7106dcd3,PRE_Q7_VERIFIED,CODEX_SAFE_STAGED_CV_V1,Q2_PRE_Q6_LEGACY_INVENTORY,LEGACY_NO_ADAPTER,codex,/home/yanbo/net_vlm_person_fallen_v2_optimization/08_p4d_new_hard_negative_dev_revision/02_generation/gr3_fullregen/06_execution/quota_campaign_window_02_policy_adapter_20260830_01/00_preflight/current_verified_success_132.csv,PASS,preexisting_inventory_sha256,/home/yanbo/下载/batches/batch-person-fallen-v2-p4d-hardneg-fullregen-r2-camera1p5m/generated_raw/PF_P4D_HN_SIT_G008_V02.png,593a76c6b38f0d73b4d1a718715a94de6e08f393c395b61875173b87cf76be4e,593a76c6b38f0d73b4d1a718715a94de6e08f393c395b61875173b87cf76be4e,1672,941,PNG,True,True,/home/yanbo/下载/batches/batch-person-fallen-v2-p4d-hardneg-fullregen-r2-camera1p5m/final/PF_P4D_HN_SIT_G008_V02.png,6c2628352e038020c20eab2f9b480da1f86ec7bfb32a585335014ee32e067ede,6c2628352e038020c20eab2f9b480da1f86ec7bfb32a585335014ee32e067ede,1920,1080,PNG,True,True,PASS,PASS,PASS,0,0
PF_P4D_HN_SIT_G008_V03,PF_P4D_HN_SIT_G008,V03,hard_negative,floor_sitting,NEW_SCREEN,/home/yanbo/下载/batches/batch_person-fallen-v2-p4d-hardneg-rev1-camera1p5m/prompts/PF_P4D_HN_SIT_G008_V03.txt,6a8b51ab9f3993b8b29bc4f343b6c17745daf5bd33630a1e6b0a40431936b13b,6a8b51ab9f3993b8b29bc4f343b6c17745daf5bd33630a1e6b0a40431936b13b,PRE_Q7_VERIFIED,CODEX_SAFE_STAGED_CV_V1,Q2_PRE_Q6_LEGACY_INVENTORY,LEGACY_NO_ADAPTER,codex,/home/yanbo/net_vlm_person_fallen_v2_optimization/08_p4d_new_hard_negative_dev_revision/02_generation/gr3_fullregen/06_execution/quota_campaign_window_02_policy_adapter_20260830_01/00_preflight/current_verified_success_132.csv,PASS,preexisting_inventory_sha256,/home/yanbo/下载/batches/batch-person-fallen-v2-p4d-hardneg-fullregen-r2-camera1p5m/generated_raw/PF_P4D_HN_SIT_G008_V03.png,6d25d627dc770a750b44c210fcb3aa3ba6c19d383499de98bb25c59e5790997a,6d25d627dc770a750b44c210fcb3aa3ba6c19d383499de98bb25c59e5790997a,1672,941,PNG,True,True,/home/yanbo/下载/batches/batch-person-fallen-v2-p4d-hardneg-fullregen-r2-camera1p5m/final/PF_P4D_HN_SIT_G008_V03.png,55ad6dceb0bf5f01a909440ff25d9736e2b540e4ba9ca886434a288f6c6fab0f,55ad6dceb0bf5f01a909440ff25d9736e2b540e4ba9ca886434a288f6c6fab0f,1920,1080,PNG,True,True,PASS,PASS,PASS,0,0
PF_P4D_HN_SIT_G008_V04,PF_P4D_HN_SIT_G008,V04,hard_negative,floor_sitting,NEW_SCREEN,/home/yanbo/下载/batches/batch_person-fallen-v2-p4d-hardneg-rev1-camera1p5m/prompts/PF_P4D_HN_SIT_G008_V04.txt,bc604a5f51b5d9baaf8b14a7b36bf8eb4ca2c5fb4b9a0a4be7ef4829bb634531,bc604a5f51b5d9baaf8b14a7b36bf8eb4ca2c5fb4b9a0a4be7ef4829bb634531,PRE_Q7_VERIFIED,CODEX_SAFE_STAGED_CV_V1,Q2_PRE_Q6_LEGACY_INVENTORY,LEGACY_NO_ADAPTER,codex,/home/yanbo/net_vlm_person_fallen_v2_optimization/08_p4d_new_hard_negative_dev_revision/02_generation/gr3_fullregen/06_execution/quota_campaign_window_02_policy_adapter_20260830_01/00_preflight/current_verified_success_132.csv,PASS,preexisting_inventory_sha256,/home/yanbo/下载/batches/batch-person-fallen-v2-p4d-hardneg-fullregen-r2-camera1p5m/generated_raw/PF_P4D_HN_SIT_G008_V04.png,2563dd50e148f5c16edb5d633a091022bd453a9cd9e1111c036851e031aa8b2b,2563dd50e148f5c16edb5d633a091022bd453a9cd9e1111c036851e031aa8b2b,1672,941,PNG,True,True,/home/yanbo/下载/batches/batch-person-fallen-v2-p4d-hardneg-fullregen-r2-camera1p5m/final/PF_P4D_HN_SIT_G008_V04.png,bed1a30ed8c85727d47887a170e2a88a2e0d1023e5d1ea0f9b72a25189d27223,bed1a30ed8c85727d47887a170e2a88a2e0d1023e5d1ea0f9b72a25189d27223,1920,1080,PNG,True,True,PASS,PASS,PASS,0,0
PF_P4D_HN_SIT_G008_V05,PF_P4D_HN_SIT_G008,V05,hard_negative,floor_sitting,NEW_SCREEN,/home/yanbo/下载/batches/batch_person-fallen-v2-p4d-hardneg-rev1-camera1p5m/prompts/PF_P4D_HN_SIT_G008_V05.txt,853797c9b5bfd3de665eedc38f78bd751b68fc044eeb80e2faf53a451b5817f9,853797c9b5bfd3de665eedc38f78bd751b68fc044eeb80e2faf53a451b5817f9,PRE_Q7_VERIFIED,CODEX_SAFE_STAGED_CV_V1,Q2_PRE_Q6_LEGACY_INVENTORY,LEGACY_NO_ADAPTER,codex,/home/yanbo/net_vlm_person_fallen_v2_optimization/08_p4d_new_hard_negative_dev_revision/02_generation/gr3_fullregen/06_execution/quota_campaign_window_02_policy_adapter_20260830_01/00_preflight/current_verified_success_132.csv,PASS,preexisting_inventory_sha256,/home/yanbo/下载/batches/batch-person-fallen-v2-p4d-hardneg-fullregen-r2-camera1p5m/generated_raw/PF_P4D_HN_SIT_G008_V05.png,4513944666a1abee7c6804324ec7c7671d6926a725f76a1480d0abfa570810cf,4513944666a1abee7c6804324ec7c7671d6926a725f76a1480d0abfa570810cf,1672,941,PNG,True,True,/home/yanbo/下载/batches/batch-person-fallen-v2-p4d-hardneg-fullregen-r2-camera1p5m/final/PF_P4D_HN_SIT_G008_V05.png,56b3a88ca2bb8aa39dd70d6218aa92c2329c6fbaecd17a77a8ce62fbeafb7d1f,56b3a88ca2bb8aa39dd70d6218aa92c2329c6fbaecd17a77a8ce62fbeafb7d1f,1920,1080,PNG,True,True,PASS,PASS,PASS,0,0
PF_P4D_HN_SIT_G009_V01,PF_P4D_HN_SIT_G009,V01,hard_negative,floor_sitting,NEW_SCREEN,/home/yanbo/下载/batches/batch_person-fallen-v2-p4d-hardneg-rev1-camera1p5m/prompts/PF_P4D_HN_SIT_G009_V01.txt,82d7d1624b7718202602df65efe44f5f18ba3727bb81c906aebab04ed4ee3430,82d7d1624b7718202602df65efe44f5f18ba3727bb81c906aebab04ed4ee3430,PRE_Q7_VERIFIED,CODEX_SAFE_STAGED_CV_V1,Q2_PRE_Q6_LEGACY_INVENTORY,LEGACY_NO_ADAPTER,codex,/home/yanbo/net_vlm_person_fallen_v2_optimization/08_p4d_new_hard_negative_dev_revision/02_generation/gr3_fullregen/06_execution/quota_campaign_window_02_policy_adapter_20260830_01/00_preflight/current_verified_success_132.csv,PASS,preexisting_inventory_sha256,/home/yanbo/下载/batches/batch-person-fallen-v2-p4d-hardneg-fullregen-r2-camera1p5m/generated_raw/PF_P4D_HN_SIT_G009_V01.png,0103cbe0e6925731d2740362db2092edfd8e0799a4e71a2d938021a81099a0fa,0103cbe0e6925731d2740362db2092edfd8e0799a4e71a2d938021a81099a0fa,1672,941,PNG,True,True,/home/yanbo/下载/batches/batch-person-fallen-v2-p4d-hardneg-fullregen-r2-camera1p5m/final/PF_P4D_HN_SIT_G009_V01.png,715af5e531aa1dd146f098ddc0fdd24feff64c77f55b7f0e50e78c7d5237b89d,715af5e531aa1dd146f098ddc0fdd24feff64c77f55b7f0e50e78c7d5237b89d,1920,1080,PNG,True,True,PASS,PASS,PASS,0,0
PF_P4D_HN_SIT_G009_V02,PF_P4D_HN_SIT_G009,V02,hard_negative,floor_sitting,NEW_SCREEN,/home/yanbo/下载/batches/batch_person-fallen-v2-p4d-hardneg-rev1-camera1p5m/prompts/PF_P4D_HN_SIT_G009_V02.txt,071d8e2dc6a114e49f26f0a05887817ce2128f1e8723cbd5496b410a5c85865b,071d8e2dc6a114e49f26f0a05887817ce2128f1e8723cbd5496b410a5c85865b,PRE_Q7_VERIFIED,CODEX_SAFE_STAGED_CV_V1,Q2_PRE_Q6_LEGACY_INVENTORY,LEGACY_NO_ADAPTER,codex,/home/yanbo/net_vlm_person_fallen_v2_optimization/08_p4d_new_hard_negative_dev_revision/02_generation/gr3_fullregen/06_execution/quota_campaign_window_02_policy_adapter_20260830_01/00_preflight/current_verified_success_132.csv,PASS,preexisting_inventory_sha256,/home/yanbo/下载/batches/batch-person-fallen-v2-p4d-hardneg-fullregen-r2-camera1p5m/generated_raw/PF_P4D_HN_SIT_G009_V02.png,962becfbb6b7a8a027449bc59c8f08f4237a0e8b93d4c1429c9034db5010725e,962becfbb6b7a8a027449bc59c8f08f4237a0e8b93d4c1429c9034db5010725e,1672,941,PNG,True,True,/home/yanbo/下载/batches/batch-person-fallen-v2-p4d-hardneg-fullregen-r2-camera1p5m/final/PF_P4D_HN_SIT_G009_V02.png,53f9023ae21e25faff36fc54b4ab09f829ab493a765d518b3ec1fd5cc151a540,53f9023ae21e25faff36fc54b4ab09f829ab493a765d518b3ec1fd5cc151a540,1920,1080,PNG,True,True,PASS,PASS,PASS,0,0
PF_P4D_HN_SIT_G009_V03,PF_P4D_HN_SIT_G009,V03,hard_negative,floor_sitting,NEW_SCREEN,/home/yanbo/下载/batches/batch_person-fallen-v2-p4d-hardneg-rev1-camera1p5m/prompts/PF_P4D_HN_SIT_G009_V03.txt,40bcc44fa6c7f87fea225710ea1ee9a2ec8eac38b1db7da735a50ad0800627b6,40bcc44fa6c7f87fea225710ea1ee9a2ec8eac38b1db7da735a50ad0800627b6,PRE_Q7_VERIFIED,CODEX_SAFE_STAGED_CV_V1,Q2_PRE_Q6_LEGACY_INVENTORY,LEGACY_NO_ADAPTER,codex,/home/yanbo/net_vlm_person_fallen_v2_optimization/08_p4d_new_hard_negative_dev_revision/02_generation/gr3_fullregen/06_execution/quota_campaign_window_02_policy_adapter_20260830_01/00_preflight/current_verified_success_132.csv,PASS,preexisting_inventory_sha256,/home/yanbo/下载/batches/batch-person-fallen-v2-p4d-hardneg-fullregen-r2-camera1p5m/generated_raw/PF_P4D_HN_SIT_G009_V03.png,a6ea268e9f44ead3ea04bcda32f53f73412873ec2323cf65b0e3c118f870573a,a6ea268e9f44ead3ea04bcda32f53f73412873ec2323cf65b0e3c118f870573a,1672,941,PNG,True,True,/home/yanbo/下载/batches/batch-person-fallen-v2-p4d-hardneg-fullregen-r2-camera1p5m/final/PF_P4D_HN_SIT_G009_V03.png,f50436177341fd817779c450e1ae445e1e72e2e29a0303da7fc2f5e732bbb9f4,f50436177341fd817779c450e1ae445e1e72e2e29a0303da7fc2f5e732bbb9f4,1920,1080,PNG,True,True,PASS,PASS,PASS,0,0
PF_P4D_HN_SIT_G009_V04,PF_P4D_HN_SIT_G009,V04,hard_negative,floor_sitting,NEW_SCREEN,/home/yanbo/下载/batches/batch_person-fallen-v2-p4d-hardneg-rev1-camera1p5m/prompts/PF_P4D_HN_SIT_G009_V04.txt,9e607f0b6211303bf2c18cd8044a7944c5c48749ce5510adbacaf611869f4a8b,9e607f0b6211303bf2c18cd8044a7944c5c48749ce5510adbacaf611869f4a8b,PRE_Q7_VERIFIED,CODEX_SAFE_STAGED_CV_V1,Q2_PRE_Q6_LEGACY_INVENTORY,LEGACY_NO_ADAPTER,codex,/home/yanbo/net_vlm_person_fallen_v2_optimization/08_p4d_new_hard_negative_dev_revision/02_generation/gr3_fullregen/06_execution/quota_campaign_window_02_policy_adapter_20260830_01/00_preflight/current_verified_success_132.csv,PASS,preexisting_inventory_sha256,/home/yanbo/下载/batches/batch-person-fallen-v2-p4d-hardneg-fullregen-r2-camera1p5m/generated_raw/PF_P4D_HN_SIT_G009_V04.png,abb6bc287bba62d1f64b1f5adde2a9268525e72fa72fe75ff1b4e1d9e11e4a19,abb6bc287bba62d1f64b1f5adde2a9268525e72fa72fe75ff1b4e1d9e11e4a19,1672,941,PNG,True,True,/home/yanbo/下载/batches/batch-person-fallen-v2-p4d-hardneg-fullregen-r2-camera1p5m/final/PF_P4D_HN_SIT_G009_V04.png,884b8fa42c94632028f16bae90dfed7082d1c30dcdc0963962b73594f20cab80,884b8fa42c94632028f16bae90dfed7082d1c30dcdc0963962b73594f20cab80,1920,1080,PNG,True,True,PASS,PASS,PASS,0,0
PF_P4D_HN_SIT_G009_V05,PF_P4D_HN_SIT_G009,V05,hard_negative,floor_sitting,NEW_SCREEN,/home/yanbo/下载/batches/batch_person-fallen-v2-p4d-hardneg-rev1-camera1p5m/prompts/PF_P4D_HN_SIT_G009_V05.txt,e785acf3819e5ce4db138c467f7e9a6c5ff261e83fd61478b1101111864d9c57,e785acf3819e5ce4db138c467f7e9a6c5ff261e83fd61478b1101111864d9c57,PRE_Q7_VERIFIED,CODEX_SAFE_STAGED_CV_V1,Q2_PRE_Q6_LEGACY_INVENTORY,LEGACY_NO_ADAPTER,codex,/home/yanbo/net_vlm_person_fallen_v2_optimization/08_p4d_new_hard_negative_dev_revision/02_generation/gr3_fullregen/06_execution/quota_campaign_window_02_policy_adapter_20260830_01/00_preflight/current_verified_success_132.csv,PASS,preexisting_inventory_sha256,/home/yanbo/下载/batches/batch-person-fallen-v2-p4d-hardneg-fullregen-r2-camera1p5m/generated_raw/PF_P4D_HN_SIT_G009_V05.png,9036a45e59a17b2bf255ba2d2b330fda7536ffdf882c2b87acf66830f5c4cad5,9036a45e59a17b2bf255ba2d2b330fda7536ffdf882c2b87acf66830f5c4cad5,1672,941,PNG,True,True,/home/yanbo/下载/batches/batch-person-fallen-v2-p4d-hardneg-fullregen-r2-camera1p5m/final/PF_P4D_HN_SIT_G009_V05.png,8c542f3379ecb4fda08f24d55b3d425b4183c1a4836b3db0a37207738f4369f5,8c542f3379ecb4fda08f24d55b3d425b4183c1a4836b3db0a37207738f4369f5,1920,1080,PNG,True,True,PASS,PASS,PASS,0,0
PF_P4D_HN_SIT_G010_V01,PF_P4D_HN_SIT_G010,V01,hard_negative,floor_sitting,NEW_SCREEN,/home/yanbo/下载/batches/batch_person-fallen-v2-p4d-hardneg-rev1-camera1p5m/prompts/PF_P4D_HN_SIT_G010_V01.txt,841168e7ad45fd1ede8051d02c3a5730338312e1d21fb9553409f56b723ff8a1,841168e7ad45fd1ede8051d02c3a5730338312e1d21fb9553409f56b723ff8a1,PRE_Q7_VERIFIED,CODEX_SAFE_STAGED_CV_V1,Q2_PRE_Q6_LEGACY_INVENTORY,LEGACY_NO_ADAPTER,codex,/home/yanbo/net_vlm_person_fallen_v2_optimization/08_p4d_new_hard_negative_dev_revision/02_generation/gr3_fullregen/06_execution/quota_campaign_window_02_policy_adapter_20260830_01/00_preflight/current_verified_success_132.csv,PASS,preexisting_inventory_sha256,/home/yanbo/下载/batches/batch-person-fallen-v2-p4d-hardneg-fullregen-r2-camera1p5m/generated_raw/PF_P4D_HN_SIT_G010_V01.png,3c26144128a59b320b47db64a7568719714e5958728b4e3c04bb5adc843a234b,3c26144128a59b320b47db64a7568719714e5958728b4e3c04bb5adc843a234b,1672,941,PNG,True,True,/home/yanbo/下载/batches/batch-person-fallen-v2-p4d-hardneg-fullregen-r2-camera1p5m/final/PF_P4D_HN_SIT_G010_V01.png,c2a7d50d49c1166dca3befdc84cf6a16a3939a28d76d3d09931fb7786602c443,c2a7d50d49c1166dca3befdc84cf6a16a3939a28d76d3d09931fb7786602c443,1920,1080,PNG,True,True,PASS,PASS,PASS,0,0
PF_P4D_HN_SIT_G010_V02,PF_P4D_HN_SIT_G010,V02,hard_negative,floor_sitting,NEW_SCREEN,/home/yanbo/下载/batches/batch_person-fallen-v2-p4d-hardneg-rev1-camera1p5m/prompts/PF_P4D_HN_SIT_G010_V02.txt,f1c9936038fcf74253b88239bd175b0fe5b5d1b87b148593f722c1cb411db8e6,f1c9936038fcf74253b88239bd175b0fe5b5d1b87b148593f722c1cb411db8e6,PRE_Q7_VERIFIED,CODEX_SAFE_STAGED_CV_V1,Q2_PRE_Q6_LEGACY_INVENTORY,LEGACY_NO_ADAPTER,codex,/home/yanbo/net_vlm_person_fallen_v2_optimization/08_p4d_new_hard_negative_dev_revision/02_generation/gr3_fullregen/06_execution/quota_campaign_window_02_policy_adapter_20260830_01/00_preflight/current_verified_success_132.csv,PASS,preexisting_inventory_sha256,/home/yanbo/下载/batches/batch-person-fallen-v2-p4d-hardneg-fullregen-r2-camera1p5m/generated_raw/PF_P4D_HN_SIT_G010_V02.png,af488f078b378698c5e88cdaf9eb1e824a0370d12d3e2016da879762e9996d2b,af488f078b378698c5e88cdaf9eb1e824a0370d12d3e2016da879762e9996d2b,1672,941,PNG,True,True,/home/yanbo/下载/batches/batch-person-fallen-v2-p4d-hardneg-fullregen-r2-camera1p5m/final/PF_P4D_HN_SIT_G010_V02.png,2a89ce293a58bacd79433ba611ee9dcc7b50be69bd988cd7418cc735f834707b,2a89ce293a58bacd79433ba611ee9dcc7b50be69bd988cd7418cc735f834707b,1920,1080,PNG,True,True,PASS,PASS,PASS,0,0
PF_P4D_HN_SIT_G010_V03,PF_P4D_HN_SIT_G010,V03,hard_negative,floor_sitting,NEW_SCREEN,/home/yanbo/下载/batches/batch_person-fallen-v2-p4d-hardneg-rev1-camera1p5m/prompts/PF_P4D_HN_SIT_G010_V03.txt,326988e020871589a93d5941e2f3764d3ffcb6e234562c559a8d947c548b1e57,326988e020871589a93d5941e2f3764d3ffcb6e234562c559a8d947c548b1e57,PRE_Q7_VERIFIED,CODEX_SAFE_STAGED_CV_V1,Q2_PRE_Q6_LEGACY_INVENTORY,LEGACY_NO_ADAPTER,codex,/home/yanbo/net_vlm_person_fallen_v2_optimization/08_p4d_new_hard_negative_dev_revision/02_generation/gr3_fullregen/06_execution/quota_campaign_window_02_policy_adapter_20260830_01/00_preflight/current_verified_success_132.csv,PASS,preexisting_inventory_sha256,/home/yanbo/下载/batches/batch-person-fallen-v2-p4d-hardneg-fullregen-r2-camera1p5m/generated_raw/PF_P4D_HN_SIT_G010_V03.png,8e3eb9506edc736679a9664913fe43c465e1dd3eec34fe03bab51bf48a921de0,8e3eb9506edc736679a9664913fe43c465e1dd3eec34fe03bab51bf48a921de0,1672,941,PNG,True,True,/home/yanbo/下载/batches/batch-person-fallen-v2-p4d-hardneg-fullregen-r2-camera1p5m/final/PF_P4D_HN_SIT_G010_V03.png,068bdf75d02a1bf93e97664bfb5db1695d0e4ed654f58be2de480a32f20213c9,068bdf75d02a1bf93e97664bfb5db1695d0e4ed654f58be2de480a32f20213c9,1920,1080,PNG,True,True,PASS,PASS,PASS,0,0
PF_P4D_HN_SIT_G010_V04,PF_P4D_HN_SIT_G010,V04,hard_negative,floor_sitting,NEW_SCREEN,/home/yanbo/下载/batches/batch_person-fallen-v2-p4d-hardneg-rev1-camera1p5m/prompts/PF_P4D_HN_SIT_G010_V04.txt,c1aa12a7ac811ca18021166fd8ef7b06ef0eee0abeab36d5425deb17b3b8fb3a,c1aa12a7ac811ca18021166fd8ef7b06ef0eee0abeab36d5425deb17b3b8fb3a,PRE_Q7_VERIFIED,CODEX_SAFE_STAGED_CV_V1,Q2_PRE_Q6_LEGACY_INVENTORY,LEGACY_NO_ADAPTER,codex,/home/yanbo/net_vlm_person_fallen_v2_optimization/08_p4d_new_hard_negative_dev_revision/02_generation/gr3_fullregen/06_execution/quota_campaign_window_02_policy_adapter_20260830_01/00_preflight/current_verified_success_132.csv,PASS,preexisting_inventory_sha256,/home/yanbo/下载/batches/batch-person-fallen-v2-p4d-hardneg-fullregen-r2-camera1p5m/generated_raw/PF_P4D_HN_SIT_G010_V04.png,b47b781e7214c9dbaf82224e029adccdb6a31fff7421e645138d7bda05afd07b,b47b781e7214c9dbaf82224e029adccdb6a31fff7421e645138d7bda05afd07b,1672,941,PNG,True,True,/home/yanbo/下载/batches/batch-person-fallen-v2-p4d-hardneg-fullregen-r2-camera1p5m/final/PF_P4D_HN_SIT_G010_V04.png,0ad405f110893aa0d0c19fed0a21816809a1a6047560ac4bb36cf0bf355c547c,0ad405f110893aa0d0c19fed0a21816809a1a6047560ac4bb36cf0bf355c547c,1920,1080,PNG,True,True,PASS,PASS,PASS,0,0
PF_P4D_HN_SIT_G010_V05,PF_P4D_HN_SIT_G010,V05,hard_negative,floor_sitting,NEW_SCREEN,/home/yanbo/下载/batches/batch_person-fallen-v2-p4d-hardneg-rev1-camera1p5m/prompts/PF_P4D_HN_SIT_G010_V05.txt,65772d506ba9f50bb6d8376738fc0fe9859a09d08c69479367ecdc24412eec33,65772d506ba9f50bb6d8376738fc0fe9859a09d08c69479367ecdc24412eec33,PRE_Q7_VERIFIED,CODEX_SAFE_STAGED_CV_V1,Q2_PRE_Q6_LEGACY_INVENTORY,LEGACY_NO_ADAPTER,codex,/home/yanbo/net_vlm_person_fallen_v2_optimization/08_p4d_new_hard_negative_dev_revision/02_generation/gr3_fullregen/06_execution/quota_campaign_window_02_policy_adapter_20260830_01/00_preflight/current_verified_success_132.csv,PASS,preexisting_inventory_sha256,/home/yanbo/下载/batches/batch-person-fallen-v2-p4d-hardneg-fullregen-r2-camera1p5m/generated_raw/PF_P4D_HN_SIT_G010_V05.png,e855185858a7c2534dfe0221f859cd721f32beec8c1ac4f54088b2f920f1946b,e855185858a7c2534dfe0221f859cd721f32beec8c1ac4f54088b2f920f1946b,1672,941,PNG,True,True,/home/yanbo/下载/batches/batch-person-fallen-v2-p4d-hardneg-fullregen-r2-camera1p5m/final/PF_P4D_HN_SIT_G010_V05.png,81b21d6ab07d032a55ac16608d938a0d12239fcaa91542306962ee8bf6d649ad,81b21d6ab07d032a55ac16608d938a0d12239fcaa91542306962ee8bf6d649ad,1920,1080,PNG,True,True,PASS,PASS,PASS,0,0
PF_P4D_HN_SIT_G011_V01,PF_P4D_HN_SIT_G011,V01,hard_negative,floor_sitting,NEW_SCREEN,/home/yanbo/下载/batches/batch_person-fallen-v2-p4d-hardneg-rev1-camera1p5m/prompts/PF_P4D_HN_SIT_G011_V01.txt,69f231f8cec0ec3bc56f09279e98eb9f19c24acd9c40b16a4c003d0c6a4b6e12,69f231f8cec0ec3bc56f09279e98eb9f19c24acd9c40b16a4c003d0c6a4b6e12,PRE_Q7_VERIFIED,CODEX_SAFE_STAGED_CV_V1,Q2_PRE_Q6_LEGACY_INVENTORY,LEGACY_NO_ADAPTER,codex,/home/yanbo/net_vlm_person_fallen_v2_optimization/08_p4d_new_hard_negative_dev_revision/02_generation/gr3_fullregen/06_execution/quota_campaign_window_02_policy_adapter_20260830_01/00_preflight/current_verified_success_132.csv,PASS,preexisting_inventory_sha256,/home/yanbo/下载/batches/batch-person-fallen-v2-p4d-hardneg-fullregen-r2-camera1p5m/generated_raw/PF_P4D_HN_SIT_G011_V01.png,1f580cc3dd33045c9556d2dec1a6943a7fd5cdad2337e1c32adce4df45115215,1f580cc3dd33045c9556d2dec1a6943a7fd5cdad2337e1c32adce4df45115215,1672,941,PNG,True,True,/home/yanbo/下载/batches/batch-person-fallen-v2-p4d-hardneg-fullregen-r2-camera1p5m/final/PF_P4D_HN_SIT_G011_V01.png,118d6eba5405fb357defb39057a1614d5c9451ad567544767735b01119999f57,118d6eba5405fb357defb39057a1614d5c9451ad567544767735b01119999f57,1920,1080,PNG,True,True,PASS,PASS,PASS,0,0
PF_P4D_HN_SIT_G011_V02,PF_P4D_HN_SIT_G011,V02,hard_negative,floor_sitting,NEW_SCREEN,/home/yanbo/下载/batches/batch_person-fallen-v2-p4d-hardneg-rev1-camera1p5m/prompts/PF_P4D_HN_SIT_G011_V02.txt,927e0c4ad0ade2a708050d6fbbe7377fe247004c2500fd24cf7b96bf3dd01a4d,927e0c4ad0ade2a708050d6fbbe7377fe247004c2500fd24cf7b96bf3dd01a4d,PRE_Q7_VERIFIED,CODEX_SAFE_STAGED_CV_V1,Q2_PRE_Q6_LEGACY_INVENTORY,LEGACY_NO_ADAPTER,codex,/home/yanbo/net_vlm_person_fallen_v2_optimization/08_p4d_new_hard_negative_dev_revision/02_generation/gr3_fullregen/06_execution/quota_campaign_window_02_policy_adapter_20260830_01/00_preflight/current_verified_success_132.csv,PASS,preexisting_inventory_sha256,/home/yanbo/下载/batches/batch-person-fallen-v2-p4d-hardneg-fullregen-r2-camera1p5m/generated_raw/PF_P4D_HN_SIT_G011_V02.png,cdf71ff9d7947b82cd5444ff9dc302c2723ae9a9181884f64a613b72d5916e8f,cdf71ff9d7947b82cd5444ff9dc302c2723ae9a9181884f64a613b72d5916e8f,1672,941,PNG,True,True,/home/yanbo/下载/batches/batch-person-fallen-v2-p4d-hardneg-fullregen-r2-camera1p5m/final/PF_P4D_HN_SIT_G011_V02.png,f79959f1b53f458b336e81b8efb3b0dcf58552aad8fa7a09cdda902a299e2a37,f79959f1b53f458b336e81b8efb3b0dcf58552aad8fa7a09cdda902a299e2a37,1920,1080,PNG,True,True,PASS,PASS,PASS,0,0
PF_P4D_HN_SIT_G011_V03,PF_P4D_HN_SIT_G011,V03,hard_negative,floor_sitting,NEW_SCREEN,/home/yanbo/下载/batches/batch_person-fallen-v2-p4d-hardneg-rev1-camera1p5m/prompts/PF_P4D_HN_SIT_G011_V03.txt,28403f910a7e71ed8b748d2d21535e8f42217e99e9389ad605b7b92c36941a23,28403f910a7e71ed8b748d2d21535e8f42217e99e9389ad605b7b92c36941a23,PRE_Q7_VERIFIED,CODEX_SAFE_STAGED_CV_V1,Q2_PRE_Q6_LEGACY_INVENTORY,LEGACY_NO_ADAPTER,codex,/home/yanbo/net_vlm_person_fallen_v2_optimization/08_p4d_new_hard_negative_dev_revision/02_generation/gr3_fullregen/06_execution/quota_campaign_window_02_policy_adapter_20260830_01/00_preflight/current_verified_success_132.csv,PASS,preexisting_inventory_sha256,/home/yanbo/下载/batches/batch-person-fallen-v2-p4d-hardneg-fullregen-r2-camera1p5m/generated_raw/PF_P4D_HN_SIT_G011_V03.png,07a0199e91763d9e74f9cb27404a57d88077bdb13cba8c16afe622c5af6302dd,07a0199e91763d9e74f9cb27404a57d88077bdb13cba8c16afe622c5af6302dd,1672,941,PNG,True,True,/home/yanbo/下载/batches/batch-person-fallen-v2-p4d-hardneg-fullregen-r2-camera1p5m/final/PF_P4D_HN_SIT_G011_V03.png,71077ec22063bc9e050f94e156cbb77a2fd42a8b70344b36780c6638acccf290,71077ec22063bc9e050f94e156cbb77a2fd42a8b70344b36780c6638acccf290,1920,1080,PNG,True,True,PASS,PASS,PASS,0,0
PF_P4D_HN_SIT_G011_V04,PF_P4D_HN_SIT_G011,V04,hard_negative,floor_sitting,NEW_SCREEN,/home/yanbo/下载/batches/batch_person-fallen-v2-p4d-hardneg-rev1-camera1p5m/prompts/PF_P4D_HN_SIT_G011_V04.txt,2afdc90701b33449d1bf4cce0d0b5b82ed36757b547ee62a57456bb7e4c1515d,2afdc90701b33449d1bf4cce0d0b5b82ed36757b547ee62a57456bb7e4c1515d,PRE_Q7_VERIFIED,CODEX_SAFE_STAGED_CV_V1,Q2_PRE_Q6_LEGACY_INVENTORY,LEGACY_NO_ADAPTER,codex,/home/yanbo/net_vlm_person_fallen_v2_optimization/08_p4d_new_hard_negative_dev_revision/02_generation/gr3_fullregen/06_execution/quota_campaign_window_02_policy_adapter_20260830_01/00_preflight/current_verified_success_132.csv,PASS,preexisting_inventory_sha256,/home/yanbo/下载/batches/batch-person-fallen-v2-p4d-hardneg-fullregen-r2-camera1p5m/generated_raw/PF_P4D_HN_SIT_G011_V04.png,7e9bb926081fcc54ee48cd595be3c9a46bfe3a6a489f3fcd1a0ac8c326617abe,7e9bb926081fcc54ee48cd595be3c9a46bfe3a6a489f3fcd1a0ac8c326617abe,1672,941,PNG,True,True,/home/yanbo/下载/batches/batch-person-fallen-v2-p4d-hardneg-fullregen-r2-camera1p5m/final/PF_P4D_HN_SIT_G011_V04.png,be4414e19376e5353e2ef985da0b1934ce70bdf0fa9d539aaa2193f87e6cc8dc,be4414e19376e5353e2ef985da0b1934ce70bdf0fa9d539aaa2193f87e6cc8dc,1920,1080,PNG,True,True,PASS,PASS,PASS,0,0
PF_P4D_HN_SIT_G011_V05,PF_P4D_HN_SIT_G011,V05,hard_negative,floor_sitting,NEW_SCREEN,/home/yanbo/下载/batches/batch_person-fallen-v2-p4d-hardneg-rev1-camera1p5m/prompts/PF_P4D_HN_SIT_G011_V05.txt,c4a7414db1f8a532b662989e3505853c1eae7dc16f0dcac2dbf0f0ec4d090eb4,c4a7414db1f8a532b662989e3505853c1eae7dc16f0dcac2dbf0f0ec4d090eb4,PRE_Q7_VERIFIED,CODEX_SAFE_STAGED_CV_V1,Q2_PRE_Q6_LEGACY_INVENTORY,LEGACY_NO_ADAPTER,codex,/home/yanbo/net_vlm_person_fallen_v2_optimization/08_p4d_new_hard_negative_dev_revision/02_generation/gr3_fullregen/06_execution/quota_campaign_window_02_policy_adapter_20260830_01/00_preflight/current_verified_success_132.csv,PASS,preexisting_inventory_sha256,/home/yanbo/下载/batches/batch-person-fallen-v2-p4d-hardneg-fullregen-r2-camera1p5m/generated_raw/PF_P4D_HN_SIT_G011_V05.png,6cca52aaf9833e722c7f7893051acac7b8b96a383c963701455263d3af155d38,6cca52aaf9833e722c7f7893051acac7b8b96a383c963701455263d3af155d38,1672,941,PNG,True,True,/home/yanbo/下载/batches/batch-person-fallen-v2-p4d-hardneg-fullregen-r2-camera1p5m/final/PF_P4D_HN_SIT_G011_V05.png,46303b78556a900fc9819f578fb65d66d0bd41dbc6cb1f3bfc47ca389359060a,46303b78556a900fc9819f578fb65d66d0bd41dbc6cb1f3bfc47ca389359060a,1920,1080,PNG,True,True,PASS,PASS,PASS,0,0
PF_P4D_HN_SIT_G012_V01,PF_P4D_HN_SIT_G012,V01,hard_negative,floor_sitting,NEW_SCREEN,/home/yanbo/下载/batches/batch_person-fallen-v2-p4d-hardneg-rev1-camera1p5m/prompts/PF_P4D_HN_SIT_G012_V01.txt,5040bb99caf0255f5be79dafd67dc8a269728f3da5f559ba04b95a1a7a8e324c,5040bb99caf0255f5be79dafd67dc8a269728f3da5f559ba04b95a1a7a8e324c,PRE_Q7_VERIFIED,CODEX_SAFE_STAGED_CV_V1,Q2_PRE_Q6_LEGACY_INVENTORY,LEGACY_NO_ADAPTER,codex,/home/yanbo/net_vlm_person_fallen_v2_optimization/08_p4d_new_hard_negative_dev_revision/02_generation/gr3_fullregen/06_execution/quota_campaign_window_02_policy_adapter_20260830_01/00_preflight/current_verified_success_132.csv,PASS,preexisting_inventory_sha256,/home/yanbo/下载/batches/batch-person-fallen-v2-p4d-hardneg-fullregen-r2-camera1p5m/generated_raw/PF_P4D_HN_SIT_G012_V01.png,3350c3daf8fbdd8f909f6f89f3a8888185467afbd0508e0e0bdaed7f117df780,3350c3daf8fbdd8f909f6f89f3a8888185467afbd0508e0e0bdaed7f117df780,1672,941,PNG,True,True,/home/yanbo/下载/batches/batch-person-fallen-v2-p4d-hardneg-fullregen-r2-camera1p5m/final/PF_P4D_HN_SIT_G012_V01.png,3685f5dfc8b54219dbf1269d1f019eaa983a49a5dd2072f0d1c8b96d43ab3d7d,3685f5dfc8b54219dbf1269d1f019eaa983a49a5dd2072f0d1c8b96d43ab3d7d,1920,1080,PNG,True,True,PASS,PASS,PASS,0,0
PF_P4D_HN_SIT_G012_V02,PF_P4D_HN_SIT_G012,V02,hard_negative,floor_sitting,NEW_SCREEN,/home/yanbo/下载/batches/batch_person-fallen-v2-p4d-hardneg-rev1-camera1p5m/prompts/PF_P4D_HN_SIT_G012_V02.txt,c06e1e39298861a28b131de2f70da4fc504682e0854fc6ca64ef1683602148f9,c06e1e39298861a28b131de2f70da4fc504682e0854fc6ca64ef1683602148f9,PRE_Q7_VERIFIED,CODEX_SAFE_STAGED_CV_V1,Q2_PRE_Q6_LEGACY_INVENTORY,LEGACY_NO_ADAPTER,codex,/home/yanbo/net_vlm_person_fallen_v2_optimization/08_p4d_new_hard_negative_dev_revision/02_generation/gr3_fullregen/06_execution/quota_campaign_window_02_policy_adapter_20260830_01/00_preflight/current_verified_success_132.csv,PASS,preexisting_inventory_sha256,/home/yanbo/下载/batches/batch-person-fallen-v2-p4d-hardneg-fullregen-r2-camera1p5m/generated_raw/PF_P4D_HN_SIT_G012_V02.png,0daa1db3e5998fda6cd55215ad3d31a58250c30ec49ad80d3bbd65cfc3b05dc9,0daa1db3e5998fda6cd55215ad3d31a58250c30ec49ad80d3bbd65cfc3b05dc9,1672,941,PNG,True,True,/home/yanbo/下载/batches/batch-person-fallen-v2-p4d-hardneg-fullregen-r2-camera1p5m/final/PF_P4D_HN_SIT_G012_V02.png,d36f68ed65b6f126bef0cbe7fb3831fa5a94d5703ffef8803270ea748fb4741c,d36f68ed65b6f126bef0cbe7fb3831fa5a94d5703ffef8803270ea748fb4741c,1920,1080,PNG,True,True,PASS,PASS,PASS,0,0
PF_P4D_HN_SIT_G012_V03,PF_P4D_HN_SIT_G012,V03,hard_negative,floor_sitting,NEW_SCREEN,/home/yanbo/下载/batches/batch_person-fallen-v2-p4d-hardneg-rev1-camera1p5m/prompts/PF_P4D_HN_SIT_G012_V03.txt,6343e81f7838c2422474d5e7f12d43ce182472211f2ca08769048e2669bb70d3,6343e81f7838c2422474d5e7f12d43ce182472211f2ca08769048e2669bb70d3,PRE_Q7_VERIFIED,CODEX_SAFE_STAGED_CV_V1,Q2_PRE_Q6_LEGACY_INVENTORY,LEGACY_NO_ADAPTER,codex,/home/yanbo/net_vlm_person_fallen_v2_optimization/08_p4d_new_hard_negative_dev_revision/02_generation/gr3_fullregen/06_execution/quota_campaign_window_02_policy_adapter_20260830_01/00_preflight/current_verified_success_132.csv,PASS,preexisting_inventory_sha256,/home/yanbo/下载/batches/batch-person-fallen-v2-p4d-hardneg-fullregen-r2-camera1p5m/generated_raw/PF_P4D_HN_SIT_G012_V03.png,70cc1ea3add97f8fa2931d22ef6476c7cee908f8b2f6775873a1a461095a42a8,70cc1ea3add97f8fa2931d22ef6476c7cee908f8b2f6775873a1a461095a42a8,1672,941,PNG,True,True,/home/yanbo/下载/batches/batch-person-fallen-v2-p4d-hardneg-fullregen-r2-camera1p5m/final/PF_P4D_HN_SIT_G012_V03.png,3887eb30c1f540e06c9fc328d113c8011eb5a16793af80fa1d469ec35801b424,3887eb30c1f540e06c9fc328d113c8011eb5a16793af80fa1d469ec35801b424,1920,1080,PNG,True,True,PASS,PASS,PASS,0,0
PF_P4D_HN_SIT_G012_V04,PF_P4D_HN_SIT_G012,V04,hard_negative,floor_sitting,NEW_SCREEN,/home/yanbo/下载/batches/batch_person-fallen-v2-p4d-hardneg-rev1-camera1p5m/prompts/PF_P4D_HN_SIT_G012_V04.txt,a05023e48ebc3d6cb9396eee6447573e4fbb42a67841076e333e8706ddb0df95,a05023e48ebc3d6cb9396eee6447573e4fbb42a67841076e333e8706ddb0df95,PRE_Q7_VERIFIED,CODEX_SAFE_STAGED_CV_V1,Q2_PRE_Q6_LEGACY_INVENTORY,LEGACY_NO_ADAPTER,codex,/home/yanbo/net_vlm_person_fallen_v2_optimization/08_p4d_new_hard_negative_dev_revision/02_generation/gr3_fullregen/06_execution/quota_campaign_window_02_policy_adapter_20260830_01/00_preflight/current_verified_success_132.csv,PASS,preexisting_inventory_sha256,/home/yanbo/下载/batches/batch-person-fallen-v2-p4d-hardneg-fullregen-r2-camera1p5m/generated_raw/PF_P4D_HN_SIT_G012_V04.png,2cf2b3c11c0c6a95e573d92d2beac066d8fc6b97b13b639d2dbee68a9ad98cc7,2cf2b3c11c0c6a95e573d92d2beac066d8fc6b97b13b639d2dbee68a9ad98cc7,1672,941,PNG,True,True,/home/yanbo/下载/batches/batch-person-fallen-v2-p4d-hardneg-fullregen-r2-camera1p5m/final/PF_P4D_HN_SIT_G012_V04.png,675549b77a00269d6c6c32df777510565d028b992f33bad8ef6807bbf745a2ad,675549b77a00269d6c6c32df777510565d028b992f33bad8ef6807bbf745a2ad,1920,1080,PNG,True,True,PASS,PASS,PASS,0,0
PF_P4D_HN_SIT_G012_V05,PF_P4D_HN_SIT_G012,V05,hard_negative,floor_sitting,NEW_SCREEN,/home/yanbo/下载/batches/batch_person-fallen-v2-p4d-hardneg-rev1-camera1p5m/prompts/PF_P4D_HN_SIT_G012_V05.txt,22a52cd5ada96259ad6e11be50e797a2afd3077a388c299bd379a4060262567d,22a52cd5ada96259ad6e11be50e797a2afd3077a388c299bd379a4060262567d,PRE_Q7_VERIFIED,CODEX_SAFE_STAGED_CV_V1,Q2_PRE_Q6_LEGACY_INVENTORY,LEGACY_NO_ADAPTER,codex,/home/yanbo/net_vlm_person_fallen_v2_optimization/08_p4d_new_hard_negative_dev_revision/02_generation/gr3_fullregen/06_execution/quota_campaign_window_02_policy_adapter_20260830_01/00_preflight/current_verified_success_132.csv,PASS,preexisting_inventory_sha256,/home/yanbo/下载/batches/batch-person-fallen-v2-p4d-hardneg-fullregen-r2-camera1p5m/generated_raw/PF_P4D_HN_SIT_G012_V05.png,bcdd0095bbb6fcb310ced35ea48eeb92cb9230724a5bd52eb6746b3c1fa401f8,bcdd0095bbb6fcb310ced35ea48eeb92cb9230724a5bd52eb6746b3c1fa401f8,1672,941,PNG,True,True,/home/yanbo/下载/batches/batch-person-fallen-v2-p4d-hardneg-fullregen-r2-camera1p5m/final/PF_P4D_HN_SIT_G012_V05.png,22c0179dc083fe659bc1cc1c2405d1e44313804660941b2b01b73f29d3fa2f4f,22c0179dc083fe659bc1cc1c2405d1e44313804660941b2b01b73f29d3fa2f4f,1920,1080,PNG,True,True,PASS,PASS,PASS,0,0
PF_P4D_HN_KNEEL_G001_V01,PF_P4D_HN_KNEEL_G001,V01,hard_negative,kneeling_half_kneeling,NEW_DESIGN,/home/yanbo/下载/batches/batch_person-fallen-v2-p4d-hardneg-rev1-camera1p5m/prompts/PF_P4D_HN_KNEEL_G001_V01.txt,a9b5f8ba9f821707ad323afec1f22e3395702a28dd63e03d9ec2e8cd792f3020,a9b5f8ba9f821707ad323afec1f22e3395702a28dd63e03d9ec2e8cd792f3020,PRE_Q7_VERIFIED,CODEX_SAFE_STAGED_CV_V1,Q2_PRE_Q6_LEGACY_INVENTORY,LEGACY_NO_ADAPTER,codex,/home/yanbo/net_vlm_person_fallen_v2_optimization/08_p4d_new_hard_negative_dev_revision/02_generation/gr3_fullregen/06_execution/quota_campaign_window_02_policy_adapter_20260830_01/00_preflight/current_verified_success_132.csv,PASS,preexisting_inventory_sha256,/home/yanbo/下载/batches/batch-person-fallen-v2-p4d-hardneg-fullregen-r2-camera1p5m/generated_raw/PF_P4D_HN_KNEEL_G001_V01.png,d6a38b9f4be05ed8c3c5ab6e1ace79369775d73d1466915292be69468d3ee26d,d6a38b9f4be05ed8c3c5ab6e1ace79369775d73d1466915292be69468d3ee26d,1672,941,PNG,True,True,/home/yanbo/下载/batches/batch-person-fallen-v2-p4d-hardneg-fullregen-r2-camera1p5m/final/PF_P4D_HN_KNEEL_G001_V01.png,76a5e657caba73684ea2571cf403efc1922a1ea0a6aee84f6116cc5a02b2d046,76a5e657caba73684ea2571cf403efc1922a1ea0a6aee84f6116cc5a02b2d046,1920,1080,PNG,True,True,PASS,PASS,PASS,0,0
PF_P4D_HN_KNEEL_G001_V02,PF_P4D_HN_KNEEL_G001,V02,hard_negative,kneeling_half_kneeling,NEW_DESIGN,/home/yanbo/下载/batches/batch_person-fallen-v2-p4d-hardneg-rev1-camera1p5m/prompts/PF_P4D_HN_KNEEL_G001_V02.txt,c615f9b191616d6bf14343f6c70ac4cf4ad96f4e3797bcd1dba2a22d1537d7a5,c615f9b191616d6bf14343f6c70ac4cf4ad96f4e3797bcd1dba2a22d1537d7a5,PRE_Q7_VERIFIED,CODEX_SAFE_STAGED_CV_V1,Q2_PRE_Q6_LEGACY_INVENTORY,LEGACY_NO_ADAPTER,codex,/home/yanbo/net_vlm_person_fallen_v2_optimization/08_p4d_new_hard_negative_dev_revision/02_generation/gr3_fullregen/06_execution/quota_campaign_window_02_policy_adapter_20260830_01/00_preflight/current_verified_success_132.csv,PASS,preexisting_inventory_sha256,/home/yanbo/下载/batches/batch-person-fallen-v2-p4d-hardneg-fullregen-r2-camera1p5m/generated_raw/PF_P4D_HN_KNEEL_G001_V02.png,3fccd502e2ef261d36d405bd4400c5b4749d9e5b450bbf4e4d43abd34fac4015,3fccd502e2ef261d36d405bd4400c5b4749d9e5b450bbf4e4d43abd34fac4015,1672,941,PNG,True,True,/home/yanbo/下载/batches/batch-person-fallen-v2-p4d-hardneg-fullregen-r2-camera1p5m/final/PF_P4D_HN_KNEEL_G001_V02.png,38c3a9f6b0845df3485b2c702a472214d3be34ca9920ff9c9c57de0f4471fa9d,38c3a9f6b0845df3485b2c702a472214d3be34ca9920ff9c9c57de0f4471fa9d,1920,1080,PNG,True,True,PASS,PASS,PASS,0,0
PF_P4D_HN_KNEEL_G001_V03,PF_P4D_HN_KNEEL_G001,V03,hard_negative,kneeling_half_kneeling,NEW_DESIGN,/home/yanbo/下载/batches/batch_person-fallen-v2-p4d-hardneg-rev1-camera1p5m/prompts/PF_P4D_HN_KNEEL_G001_V03.txt,33ec5aae7c653b7ed915e95c01e23ed2e1ce91883d4b5d3465fb534645c09d7e,33ec5aae7c653b7ed915e95c01e23ed2e1ce91883d4b5d3465fb534645c09d7e,PRE_Q7_VERIFIED,CODEX_SAFE_STAGED_CV_V1,Q2_PRE_Q6_LEGACY_INVENTORY,LEGACY_NO_ADAPTER,codex,/home/yanbo/net_vlm_person_fallen_v2_optimization/08_p4d_new_hard_negative_dev_revision/02_generation/gr3_fullregen/06_execution/quota_campaign_window_02_policy_adapter_20260830_01/00_preflight/current_verified_success_132.csv,PASS,preexisting_inventory_sha256,/home/yanbo/下载/batches/batch-person-fallen-v2-p4d-hardneg-fullregen-r2-camera1p5m/generated_raw/PF_P4D_HN_KNEEL_G001_V03.png,21f34c7c385bf5bf091f10d707875a5ae0659c76ba278367c8f0ac223444572f,21f34c7c385bf5bf091f10d707875a5ae0659c76ba278367c8f0ac223444572f,1672,941,PNG,True,True,/home/yanbo/下载/batches/batch-person-fallen-v2-p4d-hardneg-fullregen-r2-camera1p5m/final/PF_P4D_HN_KNEEL_G001_V03.png,11401cc4cf1c5de04c39b236eb4e881ccfeb1c13c6ddc46c18f90d8982f10c69,11401cc4cf1c5de04c39b236eb4e881ccfeb1c13c6ddc46c18f90d8982f10c69,1920,1080,PNG,True,True,PASS,PASS,PASS,0,0
PF_P4D_HN_KNEEL_G001_V04,PF_P4D_HN_KNEEL_G001,V04,hard_negative,kneeling_half_kneeling,NEW_DESIGN,/home/yanbo/下载/batches/batch_person-fallen-v2-p4d-hardneg-rev1-camera1p5m/prompts/PF_P4D_HN_KNEEL_G001_V04.txt,7b465b185e32b0c02609d7f6b4c393e88b21a95c8cc6b3e7a2a683157e915206,7b465b185e32b0c02609d7f6b4c393e88b21a95c8cc6b3e7a2a683157e915206,PRE_Q7_VERIFIED,CODEX_SAFE_STAGED_CV_V1,Q2_PRE_Q6_LEGACY_INVENTORY,LEGACY_NO_ADAPTER,codex,/home/yanbo/net_vlm_person_fallen_v2_optimization/08_p4d_new_hard_negative_dev_revision/02_generation/gr3_fullregen/06_execution/quota_campaign_window_02_policy_adapter_20260830_01/00_preflight/current_verified_success_132.csv,PASS,preexisting_inventory_sha256,/home/yanbo/下载/batches/batch-person-fallen-v2-p4d-hardneg-fullregen-r2-camera1p5m/generated_raw/PF_P4D_HN_KNEEL_G001_V04.png,e95066aedd5f91f70fac8388ffc5f97309ab1ddf7d25b52b55d7e60c6aaf5863,e95066aedd5f91f70fac8388ffc5f97309ab1ddf7d25b52b55d7e60c6aaf5863,1672,941,PNG,True,True,/home/yanbo/下载/batches/batch-person-fallen-v2-p4d-hardneg-fullregen-r2-camera1p5m/final/PF_P4D_HN_KNEEL_G001_V04.png,2c093d94b424768d249311d77f5db08f08dfa75652fe27d593876b6969861e0b,2c093d94b424768d249311d77f5db08f08dfa75652fe27d593876b6969861e0b,1920,1080,PNG,True,True,PASS,PASS,PASS,0,0
PF_P4D_HN_KNEEL_G001_V05,PF_P4D_HN_KNEEL_G001,V05,hard_negative,kneeling_half_kneeling,NEW_DESIGN,/home/yanbo/下载/batches/batch_person-fallen-v2-p4d-hardneg-rev1-camera1p5m/prompts/PF_P4D_HN_KNEEL_G001_V05.txt,6691030603de7d4c10c6e6d87a7fb9ce4819daf83236c332f15b59fcfa8346aa,6691030603de7d4c10c6e6d87a7fb9ce4819daf83236c332f15b59fcfa8346aa,PRE_Q7_VERIFIED,CODEX_SAFE_STAGED_CV_V1,Q2_PRE_Q6_LEGACY_INVENTORY,LEGACY_NO_ADAPTER,codex,/home/yanbo/net_vlm_person_fallen_v2_optimization/08_p4d_new_hard_negative_dev_revision/02_generation/gr3_fullregen/06_execution/quota_campaign_window_02_policy_adapter_20260830_01/00_preflight/current_verified_success_132.csv,PASS,preexisting_inventory_sha256,/home/yanbo/下载/batches/batch-person-fallen-v2-p4d-hardneg-fullregen-r2-camera1p5m/generated_raw/PF_P4D_HN_KNEEL_G001_V05.png,4236bf66b7c7f753bcb4519152640e4fe827f237598ac7d9cebd305e674dfece,4236bf66b7c7f753bcb4519152640e4fe827f237598ac7d9cebd305e674dfece,1672,941,PNG,True,True,/home/yanbo/下载/batches/batch-person-fallen-v2-p4d-hardneg-fullregen-r2-camera1p5m/final/PF_P4D_HN_KNEEL_G001_V05.png,09a9ddb251ef17d648fe89ad2696147b574fcb96b0eb2f5481f6405f7b048fbc,09a9ddb251ef17d648fe89ad2696147b574fcb96b0eb2f5481f6405f7b048fbc,1920,1080,PNG,True,True,PASS,PASS,PASS,0,0
PF_P4D_HN_KNEEL_G002_V01,PF_P4D_HN_KNEEL_G002,V01,hard_negative,kneeling_half_kneeling,NEW_DESIGN,/home/yanbo/下载/batches/batch_person-fallen-v2-p4d-hardneg-rev1-camera1p5m/prompts/PF_P4D_HN_KNEEL_G002_V01.txt,b6a431dc689f51d75f18a80a1016fd149b96a4d3cbda424331fd1410366268c5,b6a431dc689f51d75f18a80a1016fd149b96a4d3cbda424331fd1410366268c5,PRE_Q7_VERIFIED,CODEX_SAFE_STAGED_CV_V1,Q2_PRE_Q6_LEGACY_INVENTORY,LEGACY_NO_ADAPTER,codex,/home/yanbo/net_vlm_person_fallen_v2_optimization/08_p4d_new_hard_negative_dev_revision/02_generation/gr3_fullregen/06_execution/quota_campaign_window_02_policy_adapter_20260830_01/00_preflight/current_verified_success_132.csv,PASS,preexisting_inventory_sha256,/home/yanbo/下载/batches/batch-person-fallen-v2-p4d-hardneg-fullregen-r2-camera1p5m/generated_raw/PF_P4D_HN_KNEEL_G002_V01.png,acca628d696710aa36c30073021cbc7407e6274032fe51101d5f63ef0c04ff91,acca628d696710aa36c30073021cbc7407e6274032fe51101d5f63ef0c04ff91,1672,941,PNG,True,True,/home/yanbo/下载/batches/batch-person-fallen-v2-p4d-hardneg-fullregen-r2-camera1p5m/final/PF_P4D_HN_KNEEL_G002_V01.png,210d11829d57d9b074e2e7658ca4d12c79c80dc238f86b535aaa2af504977037,210d11829d57d9b074e2e7658ca4d12c79c80dc238f86b535aaa2af504977037,1920,1080,PNG,True,True,PASS,PASS,PASS,0,0
PF_P4D_HN_KNEEL_G002_V02,PF_P4D_HN_KNEEL_G002,V02,hard_negative,kneeling_half_kneeling,NEW_DESIGN,/home/yanbo/下载/batches/batch_person-fallen-v2-p4d-hardneg-rev1-camera1p5m/prompts/PF_P4D_HN_KNEEL_G002_V02.txt,1f9fd7d04acf927ff93ec3f77c6ef3ccbaba1d8fefb96da9416afea0de4ca291,1f9fd7d04acf927ff93ec3f77c6ef3ccbaba1d8fefb96da9416afea0de4ca291,PRE_Q7_VERIFIED,CODEX_SAFE_STAGED_CV_V1,Q2_PRE_Q6_LEGACY_INVENTORY,LEGACY_NO_ADAPTER,codex,/home/yanbo/net_vlm_person_fallen_v2_optimization/08_p4d_new_hard_negative_dev_revision/02_generation/gr3_fullregen/06_execution/quota_campaign_window_02_policy_adapter_20260830_01/00_preflight/current_verified_success_132.csv,PASS,preexisting_inventory_sha256,/home/yanbo/下载/batches/batch-person-fallen-v2-p4d-hardneg-fullregen-r2-camera1p5m/generated_raw/PF_P4D_HN_KNEEL_G002_V02.png,963b73a4682f3d745991e1fbd51e1ce5a015a4b1048f716b31b875156689d701,963b73a4682f3d745991e1fbd51e1ce5a015a4b1048f716b31b875156689d701,1672,941,PNG,True,True,/home/yanbo/下载/batches/batch-person-fallen-v2-p4d-hardneg-fullregen-r2-camera1p5m/final/PF_P4D_HN_KNEEL_G002_V02.png,ef8955ef0328d3adfc4bea1135e9f3dbe606427db8b1e81eb6b4913f7a5f0594,ef8955ef0328d3adfc4bea1135e9f3dbe606427db8b1e81eb6b4913f7a5f0594,1920,1080,PNG,True,True,PASS,PASS,PASS,0,0
PF_P4D_HN_KNEEL_G002_V03,PF_P4D_HN_KNEEL_G002,V03,hard_negative,kneeling_half_kneeling,NEW_DESIGN,/home/yanbo/下载/batches/batch_person-fallen-v2-p4d-hardneg-rev1-camera1p5m/prompts/PF_P4D_HN_KNEEL_G002_V03.txt,937cf5fa9812738b1aacf54fdbef34f14c4ff5d8027f8ee5ca988f67fd86f5dc,937cf5fa9812738b1aacf54fdbef34f14c4ff5d8027f8ee5ca988f67fd86f5dc,PRE_Q7_VERIFIED,CODEX_SAFE_STAGED_CV_V1,Q2_PRE_Q6_LEGACY_INVENTORY,LEGACY_NO_ADAPTER,codex,/home/yanbo/net_vlm_person_fallen_v2_optimization/08_p4d_new_hard_negative_dev_revision/02_generation/gr3_fullregen/06_execution/quota_campaign_window_02_policy_adapter_20260830_01/00_preflight/current_verified_success_132.csv,PASS,preexisting_inventory_sha256,/home/yanbo/下载/batches/batch-person-fallen-v2-p4d-hardneg-fullregen-r2-camera1p5m/generated_raw/PF_P4D_HN_KNEEL_G002_V03.png,46eeebe7cde6d24fc9434c8547b9aa58d9e65fc06238372769406cb21d3350d3,46eeebe7cde6d24fc9434c8547b9aa58d9e65fc06238372769406cb21d3350d3,1672,941,PNG,True,True,/home/yanbo/下载/batches/batch-person-fallen-v2-p4d-hardneg-fullregen-r2-camera1p5m/final/PF_P4D_HN_KNEEL_G002_V03.png,05d5828e5fd335d045e84bddda1fa9df3525a3e4b18bf0a166628d8d69e60416,05d5828e5fd335d045e84bddda1fa9df3525a3e4b18bf0a166628d8d69e60416,1920,1080,PNG,True,True,PASS,PASS,PASS,0,0
PF_P4D_HN_KNEEL_G002_V04,PF_P4D_HN_KNEEL_G002,V04,hard_negative,kneeling_half_kneeling,NEW_DESIGN,/home/yanbo/下载/batches/batch_person-fallen-v2-p4d-hardneg-rev1-camera1p5m/prompts/PF_P4D_HN_KNEEL_G002_V04.txt,29dc2bd06f70ab1d34b97c93246c1572f5a85c72db64853ae9ef84a16acf89b6,29dc2bd06f70ab1d34b97c93246c1572f5a85c72db64853ae9ef84a16acf89b6,PRE_Q7_VERIFIED,CODEX_SAFE_STAGED_CV_V1,Q2_PRE_Q6_LEGACY_INVENTORY,LEGACY_NO_ADAPTER,codex,/home/yanbo/net_vlm_person_fallen_v2_optimization/08_p4d_new_hard_negative_dev_revision/02_generation/gr3_fullregen/06_execution/quota_campaign_window_02_policy_adapter_20260830_01/00_preflight/current_verified_success_132.csv,PASS,preexisting_inventory_sha256,/home/yanbo/下载/batches/batch-person-fallen-v2-p4d-hardneg-fullregen-r2-camera1p5m/generated_raw/PF_P4D_HN_KNEEL_G002_V04.png,a32731176152bc1d68236cde281cf1d7404abc5c6e087012c33d6e8affae8a5b,a32731176152bc1d68236cde281cf1d7404abc5c6e087012c33d6e8affae8a5b,1672,941,PNG,True,True,/home/yanbo/下载/batches/batch-person-fallen-v2-p4d-hardneg-fullregen-r2-camera1p5m/final/PF_P4D_HN_KNEEL_G002_V04.png,c0c28bfcdc9e805ec2d27576f4091f66641607befffe949122b7676b10e58d8c,c0c28bfcdc9e805ec2d27576f4091f66641607befffe949122b7676b10e58d8c,1920,1080,PNG,True,True,PASS,PASS,PASS,0,0
PF_P4D_HN_KNEEL_G002_V05,PF_P4D_HN_KNEEL_G002,V05,hard_negative,kneeling_half_kneeling,NEW_DESIGN,/home/yanbo/下载/batches/batch_person-fallen-v2-p4d-hardneg-rev1-camera1p5m/prompts/PF_P4D_HN_KNEEL_G002_V05.txt,61f7950c34013bef347ee1d5c45bb881af843c1341f5dc21fddd213798d6ea22,61f7950c34013bef347ee1d5c45bb881af843c1341f5dc21fddd213798d6ea22,PRE_Q7_VERIFIED,CODEX_SAFE_STAGED_CV_V1,Q2_PRE_Q6_LEGACY_INVENTORY,LEGACY_NO_ADAPTER,codex,/home/yanbo/net_vlm_person_fallen_v2_optimization/08_p4d_new_hard_negative_dev_revision/02_generation/gr3_fullregen/06_execution/quota_campaign_window_02_policy_adapter_20260830_01/00_preflight/current_verified_success_132.csv,PASS,preexisting_inventory_sha256,/home/yanbo/下载/batches/batch-person-fallen-v2-p4d-hardneg-fullregen-r2-camera1p5m/generated_raw/PF_P4D_HN_KNEEL_G002_V05.png,1943d96a218d5c33be1631a86f75ee3492e61ffd904be829caeaa053c7d6eff0,1943d96a218d5c33be1631a86f75ee3492e61ffd904be829caeaa053c7d6eff0,1672,941,PNG,True,True,/home/yanbo/下载/batches/batch-person-fallen-v2-p4d-hardneg-fullregen-r2-camera1p5m/final/PF_P4D_HN_KNEEL_G002_V05.png,431ae4716b826e9bd246c175f818bf8aa2399eaae160e19af3ddb290e4eccf7b,431ae4716b826e9bd246c175f818bf8aa2399eaae160e19af3ddb290e4eccf7b,1920,1080,PNG,True,True,PASS,PASS,PASS,0,0
PF_P4D_HN_KNEEL_G003_V01,PF_P4D_HN_KNEEL_G003,V01,hard_negative,kneeling_half_kneeling,NEW_DESIGN,/home/yanbo/下载/batches/batch_person-fallen-v2-p4d-hardneg-rev1-camera1p5m/prompts/PF_P4D_HN_KNEEL_G003_V01.txt,70a16a921cfc9a3ae144231d2c5cc6e5a02b96172a6ebce90f17a6f21f265bc6,70a16a921cfc9a3ae144231d2c5cc6e5a02b96172a6ebce90f17a6f21f265bc6,PRE_Q7_VERIFIED,CODEX_SAFE_STAGED_CV_V1,Q2_PRE_Q6_LEGACY_INVENTORY,LEGACY_NO_ADAPTER,codex,/home/yanbo/net_vlm_person_fallen_v2_optimization/08_p4d_new_hard_negative_dev_revision/02_generation/gr3_fullregen/06_execution/quota_campaign_window_02_policy_adapter_20260830_01/00_preflight/current_verified_success_132.csv,PASS,preexisting_inventory_sha256,/home/yanbo/下载/batches/batch-person-fallen-v2-p4d-hardneg-fullregen-r2-camera1p5m/generated_raw/PF_P4D_HN_KNEEL_G003_V01.png,5dafb7b5c7befc5eb72173d7eca21f7097f32a5ae43db2e972b710766423b516,5dafb7b5c7befc5eb72173d7eca21f7097f32a5ae43db2e972b710766423b516,1672,941,PNG,True,True,/home/yanbo/下载/batches/batch-person-fallen-v2-p4d-hardneg-fullregen-r2-camera1p5m/final/PF_P4D_HN_KNEEL_G003_V01.png,434d5848e70bbbed778534bb63110feeb1e5186dc2180474e5eab05a8fbd8529,434d5848e70bbbed778534bb63110feeb1e5186dc2180474e5eab05a8fbd8529,1920,1080,PNG,True,True,PASS,PASS,PASS,0,0
PF_P4D_HN_KNEEL_G003_V02,PF_P4D_HN_KNEEL_G003,V02,hard_negative,kneeling_half_kneeling,NEW_DESIGN,/home/yanbo/下载/batches/batch_person-fallen-v2-p4d-hardneg-rev1-camera1p5m/prompts/PF_P4D_HN_KNEEL_G003_V02.txt,e516b5a7b158a1edede6c32e92b875deaea2264337648f389dcce52fb4b7a1c4,e516b5a7b158a1edede6c32e92b875deaea2264337648f389dcce52fb4b7a1c4,PRE_Q7_VERIFIED,CODEX_SAFE_STAGED_CV_V1,Q2_PRE_Q6_LEGACY_INVENTORY,LEGACY_NO_ADAPTER,codex,/home/yanbo/net_vlm_person_fallen_v2_optimization/08_p4d_new_hard_negative_dev_revision/02_generation/gr3_fullregen/06_execution/quota_campaign_window_02_policy_adapter_20260830_01/00_preflight/current_verified_success_132.csv,PASS,preexisting_inventory_sha256,/home/yanbo/下载/batches/batch-person-fallen-v2-p4d-hardneg-fullregen-r2-camera1p5m/generated_raw/PF_P4D_HN_KNEEL_G003_V02.png,4575463baa42d8c6fc8e4855bd964b6fd3fe53e95bd3d0d716cc789f06051ad2,4575463baa42d8c6fc8e4855bd964b6fd3fe53e95bd3d0d716cc789f06051ad2,1672,941,PNG,True,True,/home/yanbo/下载/batches/batch-person-fallen-v2-p4d-hardneg-fullregen-r2-camera1p5m/final/PF_P4D_HN_KNEEL_G003_V02.png,051b250c48295bab5687db7056d8071785b76b677750cccb4ae5716d5f94385a,051b250c48295bab5687db7056d8071785b76b677750cccb4ae5716d5f94385a,1920,1080,PNG,True,True,PASS,PASS,PASS,0,0
PF_P4D_HN_KNEEL_G003_V03,PF_P4D_HN_KNEEL_G003,V03,hard_negative,kneeling_half_kneeling,NEW_DESIGN,/home/yanbo/下载/batches/batch_person-fallen-v2-p4d-hardneg-rev1-camera1p5m/prompts/PF_P4D_HN_KNEEL_G003_V03.txt,b29eb05a9ff0e891aa43c646f4d5a2f44749016b543d6f98be0048955519dbef,b29eb05a9ff0e891aa43c646f4d5a2f44749016b543d6f98be0048955519dbef,PRE_Q7_VERIFIED,CODEX_SAFE_STAGED_CV_V1,Q2_PRE_Q6_LEGACY_INVENTORY,LEGACY_NO_ADAPTER,codex,/home/yanbo/net_vlm_person_fallen_v2_optimization/08_p4d_new_hard_negative_dev_revision/02_generation/gr3_fullregen/06_execution/quota_campaign_window_02_policy_adapter_20260830_01/00_preflight/current_verified_success_132.csv,PASS,preexisting_inventory_sha256,/home/yanbo/下载/batches/batch-person-fallen-v2-p4d-hardneg-fullregen-r2-camera1p5m/generated_raw/PF_P4D_HN_KNEEL_G003_V03.png,2b1c54b334084efbc5b77cd421e2d35bace0179417485ddeb4a248b1ae8be940,2b1c54b334084efbc5b77cd421e2d35bace0179417485ddeb4a248b1ae8be940,1672,941,PNG,True,True,/home/yanbo/下载/batches/batch-person-fallen-v2-p4d-hardneg-fullregen-r2-camera1p5m/final/PF_P4D_HN_KNEEL_G003_V03.png,1bf2338dfaa839012b1fda55442b25f1f23ee8b9aa4c9491a4a5473e1e3a9b95,1bf2338dfaa839012b1fda55442b25f1f23ee8b9aa4c9491a4a5473e1e3a9b95,1920,1080,PNG,True,True,PASS,PASS,PASS,0,0
PF_P4D_HN_KNEEL_G003_V04,PF_P4D_HN_KNEEL_G003,V04,hard_negative,kneeling_half_kneeling,NEW_DESIGN,/home/yanbo/下载/batches/batch_person-fallen-v2-p4d-hardneg-rev1-camera1p5m/prompts/PF_P4D_HN_KNEEL_G003_V04.txt,2699f66b92bf02255ecc9931072639054fbc3ec2a3fb9e3b417e88f5b2452ee1,2699f66b92bf02255ecc9931072639054fbc3ec2a3fb9e3b417e88f5b2452ee1,PRE_Q7_VERIFIED,CODEX_SAFE_STAGED_CV_V1,Q2_PRE_Q6_LEGACY_INVENTORY,LEGACY_NO_ADAPTER,codex,/home/yanbo/net_vlm_person_fallen_v2_optimization/08_p4d_new_hard_negative_dev_revision/02_generation/gr3_fullregen/06_execution/quota_campaign_window_02_policy_adapter_20260830_01/00_preflight/current_verified_success_132.csv,PASS,preexisting_inventory_sha256,/home/yanbo/下载/batches/batch-person-fallen-v2-p4d-hardneg-fullregen-r2-camera1p5m/generated_raw/PF_P4D_HN_KNEEL_G003_V04.png,01317fc7c9126e218b990e64894b1abf1f009998f13bbdcdc3517ee37488bfee,01317fc7c9126e218b990e64894b1abf1f009998f13bbdcdc3517ee37488bfee,1672,941,PNG,True,True,/home/yanbo/下载/batches/batch-person-fallen-v2-p4d-hardneg-fullregen-r2-camera1p5m/final/PF_P4D_HN_KNEEL_G003_V04.png,bc632cd9c7871519b71468c14b351601a6f24fe33a09a3c28504ffa3f91f1a40,bc632cd9c7871519b71468c14b351601a6f24fe33a09a3c28504ffa3f91f1a40,1920,1080,PNG,True,True,PASS,PASS,PASS,0,0
PF_P4D_HN_KNEEL_G003_V05,PF_P4D_HN_KNEEL_G003,V05,hard_negative,kneeling_half_kneeling,NEW_DESIGN,/home/yanbo/下载/batches/batch_person-fallen-v2-p4d-hardneg-rev1-camera1p5m/prompts/PF_P4D_HN_KNEEL_G003_V05.txt,ea9b5c1f9ebf555066f0e4c173d9194609548a652b7795b35b266673edff3c5a,ea9b5c1f9ebf555066f0e4c173d9194609548a652b7795b35b266673edff3c5a,PRE_Q7_VERIFIED,CODEX_SAFE_STAGED_CV_V1,Q2_PRE_Q6_LEGACY_INVENTORY,LEGACY_NO_ADAPTER,codex,/home/yanbo/net_vlm_person_fallen_v2_optimization/08_p4d_new_hard_negative_dev_revision/02_generation/gr3_fullregen/06_execution/quota_campaign_window_02_policy_adapter_20260830_01/00_preflight/current_verified_success_132.csv,PASS,preexisting_inventory_sha256,/home/yanbo/下载/batches/batch-person-fallen-v2-p4d-hardneg-fullregen-r2-camera1p5m/generated_raw/PF_P4D_HN_KNEEL_G003_V05.png,1b8b8ffa52df4c2c1eea6fae411d5e93a51c1e17d88271c94a0e7ad9f76dc264,1b8b8ffa52df4c2c1eea6fae411d5e93a51c1e17d88271c94a0e7ad9f76dc264,1672,941,PNG,True,True,/home/yanbo/下载/batches/batch-person-fallen-v2-p4d-hardneg-fullregen-r2-camera1p5m/final/PF_P4D_HN_KNEEL_G003_V05.png,115b25ba45d6751f14c7d5c12bcc0b6698649aa7254d1c7911295a05c21f2ed1,115b25ba45d6751f14c7d5c12bcc0b6698649aa7254d1c7911295a05c21f2ed1,1920,1080,PNG,True,True,PASS,PASS,PASS,0,0
PF_P4D_HN_KNEEL_G004_V01,PF_P4D_HN_KNEEL_G004,V01,hard_negative,kneeling_half_kneeling,NEW_DESIGN,/home/yanbo/下载/batches/batch_person-fallen-v2-p4d-hardneg-rev1-camera1p5m/prompts/PF_P4D_HN_KNEEL_G004_V01.txt,fa1d4cc3ae26893b6f3c89a270a8c26fa12ddade6c0c2e4d6d3769ed35d9bbf8,fa1d4cc3ae26893b6f3c89a270a8c26fa12ddade6c0c2e4d6d3769ed35d9bbf8,PRE_Q7_VERIFIED,CODEX_SAFE_STAGED_CV_V1,Q2_PRE_Q6_LEGACY_INVENTORY,LEGACY_NO_ADAPTER,codex,/home/yanbo/net_vlm_person_fallen_v2_optimization/08_p4d_new_hard_negative_dev_revision/02_generation/gr3_fullregen/06_execution/quota_campaign_window_02_policy_adapter_20260830_01/00_preflight/current_verified_success_132.csv,PASS,preexisting_inventory_sha256,/home/yanbo/下载/batches/batch-person-fallen-v2-p4d-hardneg-fullregen-r2-camera1p5m/generated_raw/PF_P4D_HN_KNEEL_G004_V01.png,61102d39dd864f921be834727117239c366415aff7621051cfc6afe3416f05e5,61102d39dd864f921be834727117239c366415aff7621051cfc6afe3416f05e5,1672,941,PNG,True,True,/home/yanbo/下载/batches/batch-person-fallen-v2-p4d-hardneg-fullregen-r2-camera1p5m/final/PF_P4D_HN_KNEEL_G004_V01.png,da2c71e8ed8df8420bd94c8aeaec0312c4051f4616550b0b852da846eaefbf0d,da2c71e8ed8df8420bd94c8aeaec0312c4051f4616550b0b852da846eaefbf0d,1920,1080,PNG,True,True,PASS,PASS,PASS,0,0
PF_P4D_HN_KNEEL_G004_V02,PF_P4D_HN_KNEEL_G004,V02,hard_negative,kneeling_half_kneeling,NEW_DESIGN,/home/yanbo/下载/batches/batch_person-fallen-v2-p4d-hardneg-rev1-camera1p5m/prompts/PF_P4D_HN_KNEEL_G004_V02.txt,72d30eabd5e51d9e14cd14e623facbdbf114f331e1e5291302faadd4e6dcbfca,72d30eabd5e51d9e14cd14e623facbdbf114f331e1e5291302faadd4e6dcbfca,PRE_Q7_VERIFIED,CODEX_SAFE_STAGED_CV_V1,Q2_PRE_Q6_LEGACY_INVENTORY,LEGACY_NO_ADAPTER,codex,/home/yanbo/net_vlm_person_fallen_v2_optimization/08_p4d_new_hard_negative_dev_revision/02_generation/gr3_fullregen/06_execution/quota_campaign_window_02_policy_adapter_20260830_01/00_preflight/current_verified_success_132.csv,PASS,preexisting_inventory_sha256,/home/yanbo/下载/batches/batch-person-fallen-v2-p4d-hardneg-fullregen-r2-camera1p5m/generated_raw/PF_P4D_HN_KNEEL_G004_V02.png,190fcd4424fec016abed9e3dc20c3932ba283569d455a64ec0f8aec892c57727,190fcd4424fec016abed9e3dc20c3932ba283569d455a64ec0f8aec892c57727,1672,941,PNG,True,True,/home/yanbo/下载/batches/batch-person-fallen-v2-p4d-hardneg-fullregen-r2-camera1p5m/final/PF_P4D_HN_KNEEL_G004_V02.png,b337d4329c2c3ade6d50e3726248b05639743410269c6ec6a3ad0983f43e3f19,b337d4329c2c3ade6d50e3726248b05639743410269c6ec6a3ad0983f43e3f19,1920,1080,PNG,True,True,PASS,PASS,PASS,0,0
PF_P4D_HN_KNEEL_G004_V03,PF_P4D_HN_KNEEL_G004,V03,hard_negative,kneeling_half_kneeling,NEW_DESIGN,/home/yanbo/下载/batches/batch_person-fallen-v2-p4d-hardneg-rev1-camera1p5m/prompts/PF_P4D_HN_KNEEL_G004_V03.txt,0097d915aec7548ff289d5b3372df0c4707f8c82c57a58b34e632c5c55873286,0097d915aec7548ff289d5b3372df0c4707f8c82c57a58b34e632c5c55873286,PRE_Q7_VERIFIED,CODEX_SAFE_STAGED_CV_V1,Q2_PRE_Q6_LEGACY_INVENTORY,LEGACY_NO_ADAPTER,codex,/home/yanbo/net_vlm_person_fallen_v2_optimization/08_p4d_new_hard_negative_dev_revision/02_generation/gr3_fullregen/06_execution/quota_campaign_window_02_policy_adapter_20260830_01/00_preflight/current_verified_success_132.csv,PASS,preexisting_inventory_sha256,/home/yanbo/下载/batches/batch-person-fallen-v2-p4d-hardneg-fullregen-r2-camera1p5m/generated_raw/PF_P4D_HN_KNEEL_G004_V03.png,1a0ad8075726e6ee73d9b3a8a2cac6b00e5f4a5ce98ed64d67dce28ed3d7c147,1a0ad8075726e6ee73d9b3a8a2cac6b00e5f4a5ce98ed64d67dce28ed3d7c147,1672,941,PNG,True,True,/home/yanbo/下载/batches/batch-person-fallen-v2-p4d-hardneg-fullregen-r2-camera1p5m/final/PF_P4D_HN_KNEEL_G004_V03.png,a6a262123a3536700ad754c224e0174c763217e6efdf5df22b724afce86ce538,a6a262123a3536700ad754c224e0174c763217e6efdf5df22b724afce86ce538,1920,1080,PNG,True,True,PASS,PASS,PASS,0,0
PF_P4D_HN_KNEEL_G004_V04,PF_P4D_HN_KNEEL_G004,V04,hard_negative,kneeling_half_kneeling,NEW_DESIGN,/home/yanbo/下载/batches/batch_person-fallen-v2-p4d-hardneg-rev1-camera1p5m/prompts/PF_P4D_HN_KNEEL_G004_V04.txt,433fac92e1f2e3c770d3f9c4d7ca1344ebf42885f707ce9d9bb00f8f7fdb42e5,433fac92e1f2e3c770d3f9c4d7ca1344ebf42885f707ce9d9bb00f8f7fdb42e5,PRE_Q7_VERIFIED,CODEX_SAFE_STAGED_CV_V1,Q2_PRE_Q6_LEGACY_INVENTORY,LEGACY_NO_ADAPTER,codex,/home/yanbo/net_vlm_person_fallen_v2_optimization/08_p4d_new_hard_negative_dev_revision/02_generation/gr3_fullregen/06_execution/quota_campaign_window_02_policy_adapter_20260830_01/00_preflight/current_verified_success_132.csv,PASS,preexisting_inventory_sha256,/home/yanbo/下载/batches/batch-person-fallen-v2-p4d-hardneg-fullregen-r2-camera1p5m/generated_raw/PF_P4D_HN_KNEEL_G004_V04.png,9771c751220649e7f2d41b6ff857e43b813ade250683dc934c560c95bb2a5cf0,9771c751220649e7f2d41b6ff857e43b813ade250683dc934c560c95bb2a5cf0,1672,941,PNG,True,True,/home/yanbo/下载/batches/batch-person-fallen-v2-p4d-hardneg-fullregen-r2-camera1p5m/final/PF_P4D_HN_KNEEL_G004_V04.png,4a8924bb2d4d3a38fcf0753e606be24998e7ecffc883b2b4a32df62c0b3edd66,4a8924bb2d4d3a38fcf0753e606be24998e7ecffc883b2b4a32df62c0b3edd66,1920,1080,PNG,True,True,PASS,PASS,PASS,0,0
PF_P4D_HN_KNEEL_G004_V05,PF_P4D_HN_KNEEL_G004,V05,hard_negative,kneeling_half_kneeling,NEW_DESIGN,/home/yanbo/下载/batches/batch_person-fallen-v2-p4d-hardneg-rev1-camera1p5m/prompts/PF_P4D_HN_KNEEL_G004_V05.txt,2da7b164a3ee1d1e9c4aa9cd600827f6b3b6e144a7fa70dda50f3b3868be7145,2da7b164a3ee1d1e9c4aa9cd600827f6b3b6e144a7fa70dda50f3b3868be7145,PRE_Q7_VERIFIED,CODEX_SAFE_STAGED_CV_V1,Q2_PRE_Q6_LEGACY_INVENTORY,LEGACY_NO_ADAPTER,codex,/home/yanbo/net_vlm_person_fallen_v2_optimization/08_p4d_new_hard_negative_dev_revision/02_generation/gr3_fullregen/06_execution/quota_campaign_window_02_policy_adapter_20260830_01/00_preflight/current_verified_success_132.csv,PASS,preexisting_inventory_sha256,/home/yanbo/下载/batches/batch-person-fallen-v2-p4d-hardneg-fullregen-r2-camera1p5m/generated_raw/PF_P4D_HN_KNEEL_G004_V05.png,4373f61c8615318c273051f225fa05b89a0c7f493943204488f80dc3752eaf54,4373f61c8615318c273051f225fa05b89a0c7f493943204488f80dc3752eaf54,1672,941,PNG,True,True,/home/yanbo/下载/batches/batch-person-fallen-v2-p4d-hardneg-fullregen-r2-camera1p5m/final/PF_P4D_HN_KNEEL_G004_V05.png,352272dd4b3fef4caccc8b08037f5c433e07ffe26906fd7f9d39e05aa39b2cae,352272dd4b3fef4caccc8b08037f5c433e07ffe26906fd7f9d39e05aa39b2cae,1920,1080,PNG,True,True,PASS,PASS,PASS,0,0
PF_P4D_HN_KNEEL_G005_V01,PF_P4D_HN_KNEEL_G005,V01,hard_negative,kneeling_half_kneeling,NEW_DESIGN,/home/yanbo/下载/batches/batch_person-fallen-v2-p4d-hardneg-rev1-camera1p5m/prompts/PF_P4D_HN_KNEEL_G005_V01.txt,96e0dee931aa8c22cc7680a750a98b6ca67484f2c3996b119b96457c8a8682d8,96e0dee931aa8c22cc7680a750a98b6ca67484f2c3996b119b96457c8a8682d8,PRE_Q7_VERIFIED,CODEX_SAFE_STAGED_CV_V1,Q2_PRE_Q6_LEGACY_INVENTORY,LEGACY_NO_ADAPTER,codex,/home/yanbo/net_vlm_person_fallen_v2_optimization/08_p4d_new_hard_negative_dev_revision/02_generation/gr3_fullregen/06_execution/quota_campaign_window_02_policy_adapter_20260830_01/00_preflight/current_verified_success_132.csv,PASS,preexisting_inventory_sha256,/home/yanbo/下载/batches/batch-person-fallen-v2-p4d-hardneg-fullregen-r2-camera1p5m/generated_raw/PF_P4D_HN_KNEEL_G005_V01.png,0dd7bbecff5950b9b3ce5a24db70e32dfc388a307d6de596b61ae7fb016d4527,0dd7bbecff5950b9b3ce5a24db70e32dfc388a307d6de596b61ae7fb016d4527,1672,941,PNG,True,True,/home/yanbo/下载/batches/batch-person-fallen-v2-p4d-hardneg-fullregen-r2-camera1p5m/final/PF_P4D_HN_KNEEL_G005_V01.png,57a4adcf35c5fee20a71f1427d5a77b39330ea5b6d0eb8e1d937372db6e5b5ba,57a4adcf35c5fee20a71f1427d5a77b39330ea5b6d0eb8e1d937372db6e5b5ba,1920,1080,PNG,True,True,PASS,PASS,PASS,0,0
PF_P4D_HN_KNEEL_G005_V02,PF_P4D_HN_KNEEL_G005,V02,hard_negative,kneeling_half_kneeling,NEW_DESIGN,/home/yanbo/下载/batches/batch_person-fallen-v2-p4d-hardneg-rev1-camera1p5m/prompts/PF_P4D_HN_KNEEL_G005_V02.txt,7b332b812d9b80d2322f25e68d9691a479d632e98d0ead4aad103855d6c4ab94,7b332b812d9b80d2322f25e68d9691a479d632e98d0ead4aad103855d6c4ab94,PRE_Q7_VERIFIED,CODEX_SAFE_STAGED_CV_V1,Q2_PRE_Q6_LEGACY_INVENTORY,LEGACY_NO_ADAPTER,codex,/home/yanbo/net_vlm_person_fallen_v2_optimization/08_p4d_new_hard_negative_dev_revision/02_generation/gr3_fullregen/06_execution/quota_campaign_window_02_policy_adapter_20260830_01/00_preflight/current_verified_success_132.csv,PASS,preexisting_inventory_sha256,/home/yanbo/下载/batches/batch-person-fallen-v2-p4d-hardneg-fullregen-r2-camera1p5m/generated_raw/PF_P4D_HN_KNEEL_G005_V02.png,ef73b765025f07d6e83a5943dba6d8687a349faca211f10b531089986628228a,ef73b765025f07d6e83a5943dba6d8687a349faca211f10b531089986628228a,1672,941,PNG,True,True,/home/yanbo/下载/batches/batch-person-fallen-v2-p4d-hardneg-fullregen-r2-camera1p5m/final/PF_P4D_HN_KNEEL_G005_V02.png,2e5e98c869fec5d4ccba6f9e6a695eaefdbbd8edaab4d49ea6acee2663458fd4,2e5e98c869fec5d4ccba6f9e6a695eaefdbbd8edaab4d49ea6acee2663458fd4,1920,1080,PNG,True,True,PASS,PASS,PASS,0,0
PF_P4D_HN_KNEEL_G005_V03,PF_P4D_HN_KNEEL_G005,V03,hard_negative,kneeling_half_kneeling,NEW_DESIGN,/home/yanbo/下载/batches/batch_person-fallen-v2-p4d-hardneg-rev1-camera1p5m/prompts/PF_P4D_HN_KNEEL_G005_V03.txt,02a8c9e8f069f91af9d715417be3131d6161a6ebe3d541e56ccf530e2edb5aa3,02a8c9e8f069f91af9d715417be3131d6161a6ebe3d541e56ccf530e2edb5aa3,PRE_Q7_VERIFIED,CODEX_SAFE_STAGED_CV_V1,Q2_PRE_Q6_LEGACY_INVENTORY,LEGACY_NO_ADAPTER,codex,/home/yanbo/net_vlm_person_fallen_v2_optimization/08_p4d_new_hard_negative_dev_revision/02_generation/gr3_fullregen/06_execution/quota_campaign_window_02_policy_adapter_20260830_01/00_preflight/current_verified_success_132.csv,PASS,preexisting_inventory_sha256,/home/yanbo/下载/batches/batch-person-fallen-v2-p4d-hardneg-fullregen-r2-camera1p5m/generated_raw/PF_P4D_HN_KNEEL_G005_V03.png,7d9b2a41bad2ddabc82fa60ece9b8d262ab991d89fcf3eda1d784fe4f9cc148a,7d9b2a41bad2ddabc82fa60ece9b8d262ab991d89fcf3eda1d784fe4f9cc148a,1672,941,PNG,True,True,/home/yanbo/下载/batches/batch-person-fallen-v2-p4d-hardneg-fullregen-r2-camera1p5m/final/PF_P4D_HN_KNEEL_G005_V03.png,a8464076cdfdc6dfca5595285c533e72188d77071682fd3cb5537269a46ab7cd,a8464076cdfdc6dfca5595285c533e72188d77071682fd3cb5537269a46ab7cd,1920,1080,PNG,True,True,PASS,PASS,PASS,0,0
PF_P4D_HN_KNEEL_G005_V04,PF_P4D_HN_KNEEL_G005,V04,hard_negative,kneeling_half_kneeling,NEW_DESIGN,/home/yanbo/下载/batches/batch_person-fallen-v2-p4d-hardneg-rev1-camera1p5m/prompts/PF_P4D_HN_KNEEL_G005_V04.txt,5526b5db85b632708c91315a5183025945dd067baec42c0eb94d988c86a00514,5526b5db85b632708c91315a5183025945dd067baec42c0eb94d988c86a00514,PRE_Q7_VERIFIED,CODEX_SAFE_STAGED_CV_V1,Q2_PRE_Q6_LEGACY_INVENTORY,LEGACY_NO_ADAPTER,codex,/home/yanbo/net_vlm_person_fallen_v2_optimization/08_p4d_new_hard_negative_dev_revision/02_generation/gr3_fullregen/06_execution/quota_campaign_window_02_policy_adapter_20260830_01/00_preflight/current_verified_success_132.csv,PASS,preexisting_inventory_sha256,/home/yanbo/下载/batches/batch-person-fallen-v2-p4d-hardneg-fullregen-r2-camera1p5m/generated_raw/PF_P4D_HN_KNEEL_G005_V04.png,eefb1742a302ed8ba29e75da1fc7a86f58544a0c4a8d5bfa062edd1f2005cef7,eefb1742a302ed8ba29e75da1fc7a86f58544a0c4a8d5bfa062edd1f2005cef7,1672,941,PNG,True,True,/home/yanbo/下载/batches/batch-person-fallen-v2-p4d-hardneg-fullregen-r2-camera1p5m/final/PF_P4D_HN_KNEEL_G005_V04.png,092cf64765050fa9d9bf9ab7ce7c62639765bab22784ab6514e7ea9f4880b9ff,092cf64765050fa9d9bf9ab7ce7c62639765bab22784ab6514e7ea9f4880b9ff,1920,1080,PNG,True,True,PASS,PASS,PASS,0,0
PF_P4D_HN_KNEEL_G005_V05,PF_P4D_HN_KNEEL_G005,V05,hard_negative,kneeling_half_kneeling,NEW_DESIGN,/home/yanbo/下载/batches/batch_person-fallen-v2-p4d-hardneg-rev1-camera1p5m/prompts/PF_P4D_HN_KNEEL_G005_V05.txt,4bb7e1389d22ad14eb3da708f7cc31258d8c5a51d236418c352f093f1760675d,4bb7e1389d22ad14eb3da708f7cc31258d8c5a51d236418c352f093f1760675d,PRE_Q7_VERIFIED,CODEX_SAFE_STAGED_CV_V1,Q2_PRE_Q6_LEGACY_INVENTORY,LEGACY_NO_ADAPTER,codex,/home/yanbo/net_vlm_person_fallen_v2_optimization/08_p4d_new_hard_negative_dev_revision/02_generation/gr3_fullregen/06_execution/quota_campaign_window_02_policy_adapter_20260830_01/00_preflight/current_verified_success_132.csv,PASS,preexisting_inventory_sha256,/home/yanbo/下载/batches/batch-person-fallen-v2-p4d-hardneg-fullregen-r2-camera1p5m/generated_raw/PF_P4D_HN_KNEEL_G005_V05.png,36b02f58b18242ba701611f2763fc5a1c3be88642049de0e41e3a5b8beea620b,36b02f58b18242ba701611f2763fc5a1c3be88642049de0e41e3a5b8beea620b,1672,941,PNG,True,True,/home/yanbo/下载/batches/batch-person-fallen-v2-p4d-hardneg-fullregen-r2-camera1p5m/final/PF_P4D_HN_KNEEL_G005_V05.png,c3ab9af0f085ec1147384df4f179ac708bc7204ee162b109e945b9676a57418f,c3ab9af0f085ec1147384df4f179ac708bc7204ee162b109e945b9676a57418f,1920,1080,PNG,True,True,PASS,PASS,PASS,0,0
PF_P4D_HN_KNEEL_G006_V01,PF_P4D_HN_KNEEL_G006,V01,hard_negative,kneeling_half_kneeling,NEW_DESIGN,/home/yanbo/下载/batches/batch_person-fallen-v2-p4d-hardneg-rev1-camera1p5m/prompts/PF_P4D_HN_KNEEL_G006_V01.txt,c247b3cd56b753fd193c476036bd587820aa51686d1aef9ca459fc16f69a10bd,c247b3cd56b753fd193c476036bd587820aa51686d1aef9ca459fc16f69a10bd,PRE_Q7_VERIFIED,CODEX_SAFE_STAGED_CV_V1,Q2_PRE_Q6_LEGACY_INVENTORY,LEGACY_NO_ADAPTER,codex,/home/yanbo/net_vlm_person_fallen_v2_optimization/08_p4d_new_hard_negative_dev_revision/02_generation/gr3_fullregen/06_execution/quota_campaign_window_02_policy_adapter_20260830_01/00_preflight/current_verified_success_132.csv,PASS,preexisting_inventory_sha256,/home/yanbo/下载/batches/batch-person-fallen-v2-p4d-hardneg-fullregen-r2-camera1p5m/generated_raw/PF_P4D_HN_KNEEL_G006_V01.png,6472be5ca6d95d757817d6cfe1aee1a1e8d0951c487eaae18485a1dfe34db7cd,6472be5ca6d95d757817d6cfe1aee1a1e8d0951c487eaae18485a1dfe34db7cd,1672,941,PNG,True,True,/home/yanbo/下载/batches/batch-person-fallen-v2-p4d-hardneg-fullregen-r2-camera1p5m/final/PF_P4D_HN_KNEEL_G006_V01.png,ec0067c181440dbafe5953d3140dd10f9bd3026c812ffe94aaca8ffd09ef3d58,ec0067c181440dbafe5953d3140dd10f9bd3026c812ffe94aaca8ffd09ef3d58,1920,1080,PNG,True,True,PASS,PASS,PASS,0,0
PF_P4D_HN_KNEEL_G006_V02,PF_P4D_HN_KNEEL_G006,V02,hard_negative,kneeling_half_kneeling,NEW_DESIGN,/home/yanbo/下载/batches/batch_person-fallen-v2-p4d-hardneg-rev1-camera1p5m/prompts/PF_P4D_HN_KNEEL_G006_V02.txt,63ad4fe4403603b4923494220099dc1d3cb080981aab287b275d97e52cf2ff14,63ad4fe4403603b4923494220099dc1d3cb080981aab287b275d97e52cf2ff14,PRE_Q7_VERIFIED,CODEX_SAFE_STAGED_CV_V1,Q2_PRE_Q6_LEGACY_INVENTORY,LEGACY_NO_ADAPTER,codex,/home/yanbo/net_vlm_person_fallen_v2_optimization/08_p4d_new_hard_negative_dev_revision/02_generation/gr3_fullregen/06_execution/quota_campaign_window_02_policy_adapter_20260830_01/00_preflight/current_verified_success_132.csv,PASS,preexisting_inventory_sha256,/home/yanbo/下载/batches/batch-person-fallen-v2-p4d-hardneg-fullregen-r2-camera1p5m/generated_raw/PF_P4D_HN_KNEEL_G006_V02.png,8961a1fe3967e80895f0864be54fa30e8c47ae844a7f878080ce882b4156dd2f,8961a1fe3967e80895f0864be54fa30e8c47ae844a7f878080ce882b4156dd2f,1672,941,PNG,True,True,/home/yanbo/下载/batches/batch-person-fallen-v2-p4d-hardneg-fullregen-r2-camera1p5m/final/PF_P4D_HN_KNEEL_G006_V02.png,3046fb43590078dd4c1d9f51ee85bea5e8af821a61248cccac9b3aabfa3ab81e,3046fb43590078dd4c1d9f51ee85bea5e8af821a61248cccac9b3aabfa3ab81e,1920,1080,PNG,True,True,PASS,PASS,PASS,0,0
PF_P4D_HN_KNEEL_G006_V03,PF_P4D_HN_KNEEL_G006,V03,hard_negative,kneeling_half_kneeling,NEW_DESIGN,/home/yanbo/下载/batches/batch_person-fallen-v2-p4d-hardneg-rev1-camera1p5m/prompts/PF_P4D_HN_KNEEL_G006_V03.txt,b280e5fc694cc24852999ff823add92fa90707c2c9cb3ac09f748f70adcc8ae8,b280e5fc694cc24852999ff823add92fa90707c2c9cb3ac09f748f70adcc8ae8,PRE_Q7_VERIFIED,CODEX_SAFE_STAGED_CV_V1,Q2_PRE_Q6_LEGACY_INVENTORY,LEGACY_NO_ADAPTER,codex,/home/yanbo/net_vlm_person_fallen_v2_optimization/08_p4d_new_hard_negative_dev_revision/02_generation/gr3_fullregen/06_execution/quota_campaign_window_02_policy_adapter_20260830_01/00_preflight/current_verified_success_132.csv,PASS,preexisting_inventory_sha256,/home/yanbo/下载/batches/batch-person-fallen-v2-p4d-hardneg-fullregen-r2-camera1p5m/generated_raw/PF_P4D_HN_KNEEL_G006_V03.png,e039bc91ee4ce31e65b81321205283b51baa59bd933e74e2b9c4cc87533fa258,e039bc91ee4ce31e65b81321205283b51baa59bd933e74e2b9c4cc87533fa258,1672,941,PNG,True,True,/home/yanbo/下载/batches/batch-person-fallen-v2-p4d-hardneg-fullregen-r2-camera1p5m/final/PF_P4D_HN_KNEEL_G006_V03.png,b44aacd2710e04264b8be5a8046fb77b2e29d4c41155d14c7d902e9b9f26b734,b44aacd2710e04264b8be5a8046fb77b2e29d4c41155d14c7d902e9b9f26b734,1920,1080,PNG,True,True,PASS,PASS,PASS,0,0
PF_P4D_HN_KNEEL_G006_V04,PF_P4D_HN_KNEEL_G006,V04,hard_negative,kneeling_half_kneeling,NEW_DESIGN,/home/yanbo/下载/batches/batch_person-fallen-v2-p4d-hardneg-rev1-camera1p5m/prompts/PF_P4D_HN_KNEEL_G006_V04.txt,a816d854d43e166d48b16042c8e4a0a793dcbf7b4aa2ec85953cc53b07040c2f,a816d854d43e166d48b16042c8e4a0a793dcbf7b4aa2ec85953cc53b07040c2f,PRE_Q7_VERIFIED,CODEX_SAFE_STAGED_CV_V1,Q2_PRE_Q6_LEGACY_INVENTORY,LEGACY_NO_ADAPTER,codex,/home/yanbo/net_vlm_person_fallen_v2_optimization/08_p4d_new_hard_negative_dev_revision/02_generation/gr3_fullregen/06_execution/quota_campaign_window_02_policy_adapter_20260830_01/00_preflight/current_verified_success_132.csv,PASS,preexisting_inventory_sha256,/home/yanbo/下载/batches/batch-person-fallen-v2-p4d-hardneg-fullregen-r2-camera1p5m/generated_raw/PF_P4D_HN_KNEEL_G006_V04.png,529d4f986397621d9ed96b4be3f24b0d9bd45b4d647f6137a9491060587d03b0,529d4f986397621d9ed96b4be3f24b0d9bd45b4d647f6137a9491060587d03b0,1672,941,PNG,True,True,/home/yanbo/下载/batches/batch-person-fallen-v2-p4d-hardneg-fullregen-r2-camera1p5m/final/PF_P4D_HN_KNEEL_G006_V04.png,6efac3deebf25a7c6e1edb7ebfa72146ed12077e750f9a4aa16dd4a41b590a2c,6efac3deebf25a7c6e1edb7ebfa72146ed12077e750f9a4aa16dd4a41b590a2c,1920,1080,PNG,True,True,PASS,PASS,PASS,0,0
PF_P4D_HN_KNEEL_G006_V05,PF_P4D_HN_KNEEL_G006,V05,hard_negative,kneeling_half_kneeling,NEW_DESIGN,/home/yanbo/下载/batches/batch_person-fallen-v2-p4d-hardneg-rev1-camera1p5m/prompts/PF_P4D_HN_KNEEL_G006_V05.txt,16e54dd0ae91a689930d3c2fdce97b18705206b358f91fd97bd4228c1e990ab7,16e54dd0ae91a689930d3c2fdce97b18705206b358f91fd97bd4228c1e990ab7,PRE_Q7_VERIFIED,CODEX_SAFE_STAGED_CV_V1,Q2_PRE_Q6_LEGACY_INVENTORY,LEGACY_NO_ADAPTER,codex,/home/yanbo/net_vlm_person_fallen_v2_optimization/08_p4d_new_hard_negative_dev_revision/02_generation/gr3_fullregen/06_execution/quota_campaign_window_02_policy_adapter_20260830_01/00_preflight/current_verified_success_132.csv,PASS,preexisting_inventory_sha256,/home/yanbo/下载/batches/batch-person-fallen-v2-p4d-hardneg-fullregen-r2-camera1p5m/generated_raw/PF_P4D_HN_KNEEL_G006_V05.png,fa41f31331a58f0b9c0bffbb80b92f9237e8281edd70b165845c2140d9ba2d8a,fa41f31331a58f0b9c0bffbb80b92f9237e8281edd70b165845c2140d9ba2d8a,1672,941,PNG,True,True,/home/yanbo/下载/batches/batch-person-fallen-v2-p4d-hardneg-fullregen-r2-camera1p5m/final/PF_P4D_HN_KNEEL_G006_V05.png,21cbdfc71ebb5ddcf980c8af479ca1be17e6b8d81e3b412aabf55ac5c5520d6e,21cbdfc71ebb5ddcf980c8af479ca1be17e6b8d81e3b412aabf55ac5c5520d6e,1920,1080,PNG,True,True,PASS,PASS,PASS,0,0
PF_P4D_HN_KNEEL_G007_V01,PF_P4D_HN_KNEEL_G007,V01,hard_negative,kneeling_half_kneeling,NEW_DESIGN,/home/yanbo/下载/batches/batch_person-fallen-v2-p4d-hardneg-rev1-camera1p5m/prompts/PF_P4D_HN_KNEEL_G007_V01.txt,6593e0482a4d12b7a8ee9efdd36380539bb6fff738e64fe0787e0c131e3ec8ba,6593e0482a4d12b7a8ee9efdd36380539bb6fff738e64fe0787e0c131e3ec8ba,PRE_Q7_VERIFIED,CODEX_SAFE_STAGED_CV_V1,Q2_PRE_Q6_LEGACY_INVENTORY,LEGACY_NO_ADAPTER,codex,/home/yanbo/net_vlm_person_fallen_v2_optimization/08_p4d_new_hard_negative_dev_revision/02_generation/gr3_fullregen/06_execution/quota_campaign_window_02_policy_adapter_20260830_01/00_preflight/current_verified_success_132.csv,PASS,preexisting_inventory_sha256,/home/yanbo/下载/batches/batch-person-fallen-v2-p4d-hardneg-fullregen-r2-camera1p5m/generated_raw/PF_P4D_HN_KNEEL_G007_V01.png,2867eee3010b26920e1e5a91801933bd6089f54a1b15ef2a32b19746f8bcc842,2867eee3010b26920e1e5a91801933bd6089f54a1b15ef2a32b19746f8bcc842,1672,941,PNG,True,True,/home/yanbo/下载/batches/batch-person-fallen-v2-p4d-hardneg-fullregen-r2-camera1p5m/final/PF_P4D_HN_KNEEL_G007_V01.png,be2144a896c3a6f77dc5b9fb06b7f0a211e5aec86fbb3173116fabb512c17263,be2144a896c3a6f77dc5b9fb06b7f0a211e5aec86fbb3173116fabb512c17263,1920,1080,PNG,True,True,PASS,PASS,PASS,0,0
PF_P4D_HN_KNEEL_G007_V02,PF_P4D_HN_KNEEL_G007,V02,hard_negative,kneeling_half_kneeling,NEW_DESIGN,/home/yanbo/下载/batches/batch_person-fallen-v2-p4d-hardneg-rev1-camera1p5m/prompts/PF_P4D_HN_KNEEL_G007_V02.txt,4e8f4639c9b47b8dcea074104df130ba57ca812033558bb6ed405ac12ece292d,4e8f4639c9b47b8dcea074104df130ba57ca812033558bb6ed405ac12ece292d,PRE_Q7_VERIFIED,CODEX_SAFE_STAGED_CV_V1,Q2_PRE_Q6_LEGACY_INVENTORY,LEGACY_NO_ADAPTER,codex,/home/yanbo/net_vlm_person_fallen_v2_optimization/08_p4d_new_hard_negative_dev_revision/02_generation/gr3_fullregen/06_execution/quota_campaign_window_02_policy_adapter_20260830_01/00_preflight/current_verified_success_132.csv,PASS,preexisting_inventory_sha256,/home/yanbo/下载/batches/batch-person-fallen-v2-p4d-hardneg-fullregen-r2-camera1p5m/generated_raw/PF_P4D_HN_KNEEL_G007_V02.png,9ad9a90e212f8889882c67bbee204f14b7aa1232b4036cc50a9c1a98728319d9,9ad9a90e212f8889882c67bbee204f14b7aa1232b4036cc50a9c1a98728319d9,1672,941,PNG,True,True,/home/yanbo/下载/batches/batch-person-fallen-v2-p4d-hardneg-fullregen-r2-camera1p5m/final/PF_P4D_HN_KNEEL_G007_V02.png,487479c3e26b1caa9ab49fb2ea6feddf34e9c10fdca9bd4bcade13947a7c86f7,487479c3e26b1caa9ab49fb2ea6feddf34e9c10fdca9bd4bcade13947a7c86f7,1920,1080,PNG,True,True,PASS,PASS,PASS,0,0
PF_P4D_HN_KNEEL_G007_V03,PF_P4D_HN_KNEEL_G007,V03,hard_negative,kneeling_half_kneeling,NEW_DESIGN,/home/yanbo/下载/batches/batch_person-fallen-v2-p4d-hardneg-rev1-camera1p5m/prompts/PF_P4D_HN_KNEEL_G007_V03.txt,ae3ce62d233e6ba70efae47bc1448f2f11572c6e35735c66ddbea49537b0c183,ae3ce62d233e6ba70efae47bc1448f2f11572c6e35735c66ddbea49537b0c183,PRE_Q7_VERIFIED,CODEX_SAFE_STAGED_CV_V1,Q2_PRE_Q6_LEGACY_INVENTORY,LEGACY_NO_ADAPTER,codex,/home/yanbo/net_vlm_person_fallen_v2_optimization/08_p4d_new_hard_negative_dev_revision/02_generation/gr3_fullregen/06_execution/quota_campaign_window_02_policy_adapter_20260830_01/00_preflight/current_verified_success_132.csv,PASS,preexisting_inventory_sha256,/home/yanbo/下载/batches/batch-person-fallen-v2-p4d-hardneg-fullregen-r2-camera1p5m/generated_raw/PF_P4D_HN_KNEEL_G007_V03.png,6ec1f719043b2e09e5c161bba731a9475129d102c8a909e4865aa70d2e5fe914,6ec1f719043b2e09e5c161bba731a9475129d102c8a909e4865aa70d2e5fe914,1672,941,PNG,True,True,/home/yanbo/下载/batches/batch-person-fallen-v2-p4d-hardneg-fullregen-r2-camera1p5m/final/PF_P4D_HN_KNEEL_G007_V03.png,7ab5c38ad749015a73899582af27466dc800ae278af8b5d30573348a69d539ed,7ab5c38ad749015a73899582af27466dc800ae278af8b5d30573348a69d539ed,1920,1080,PNG,True,True,PASS,PASS,PASS,0,0
PF_P4D_HN_KNEEL_G007_V04,PF_P4D_HN_KNEEL_G007,V04,hard_negative,kneeling_half_kneeling,NEW_DESIGN,/home/yanbo/下载/batches/batch_person-fallen-v2-p4d-hardneg-rev1-camera1p5m/prompts/PF_P4D_HN_KNEEL_G007_V04.txt,06a6f0c67694f59a2de5828bd422fd1e97e8c6c04b4b1361a5fc51667ecf0ab5,06a6f0c67694f59a2de5828bd422fd1e97e8c6c04b4b1361a5fc51667ecf0ab5,PRE_Q7_VERIFIED,CODEX_SAFE_STAGED_CV_V1,Q2_PRE_Q6_LEGACY_INVENTORY,LEGACY_NO_ADAPTER,codex,/home/yanbo/net_vlm_person_fallen_v2_optimization/08_p4d_new_hard_negative_dev_revision/02_generation/gr3_fullregen/06_execution/quota_campaign_window_02_policy_adapter_20260830_01/00_preflight/current_verified_success_132.csv,PASS,preexisting_inventory_sha256,/home/yanbo/下载/batches/batch-person-fallen-v2-p4d-hardneg-fullregen-r2-camera1p5m/generated_raw/PF_P4D_HN_KNEEL_G007_V04.png,dbdb45ee7f626cfa45331074afc1465d086eadae41180f0039ac517ecb4aa640,dbdb45ee7f626cfa45331074afc1465d086eadae41180f0039ac517ecb4aa640,1672,941,PNG,True,True,/home/yanbo/下载/batches/batch-person-fallen-v2-p4d-hardneg-fullregen-r2-camera1p5m/final/PF_P4D_HN_KNEEL_G007_V04.png,b04dc22a6651d55af655dd4e125319b7e8e1a6716944980f15dd0305555849e6,b04dc22a6651d55af655dd4e125319b7e8e1a6716944980f15dd0305555849e6,1920,1080,PNG,True,True,PASS,PASS,PASS,0,0
PF_P4D_HN_KNEEL_G007_V05,PF_P4D_HN_KNEEL_G007,V05,hard_negative,kneeling_half_kneeling,NEW_DESIGN,/home/yanbo/下载/batches/batch_person-fallen-v2-p4d-hardneg-rev1-camera1p5m/prompts/PF_P4D_HN_KNEEL_G007_V05.txt,15a10ca352173c2ed3728e34a6d1ce05544bac55987c808ef6518a8a5ccca864,15a10ca352173c2ed3728e34a6d1ce05544bac55987c808ef6518a8a5ccca864,PRE_Q7_VERIFIED,CODEX_SAFE_STAGED_CV_V1,Q2_PRE_Q6_LEGACY_INVENTORY,LEGACY_NO_ADAPTER,codex,/home/yanbo/net_vlm_person_fallen_v2_optimization/08_p4d_new_hard_negative_dev_revision/02_generation/gr3_fullregen/06_execution/quota_campaign_window_02_policy_adapter_20260830_01/00_preflight/current_verified_success_132.csv,PASS,preexisting_inventory_sha256,/home/yanbo/下载/batches/batch-person-fallen-v2-p4d-hardneg-fullregen-r2-camera1p5m/generated_raw/PF_P4D_HN_KNEEL_G007_V05.png,54c198484e284cf478834249f67000eb407258bd7d0554c3a56dfc97eaa68552,54c198484e284cf478834249f67000eb407258bd7d0554c3a56dfc97eaa68552,1672,941,PNG,True,True,/home/yanbo/下载/batches/batch-person-fallen-v2-p4d-hardneg-fullregen-r2-camera1p5m/final/PF_P4D_HN_KNEEL_G007_V05.png,e0e83fe5910aed2fc9629efe298175e69c19a39d1b21b1bda737172588bae74e,e0e83fe5910aed2fc9629efe298175e69c19a39d1b21b1bda737172588bae74e,1920,1080,PNG,True,True,PASS,PASS,PASS,0,0
PF_P4D_HN_KNEEL_G008_V01,PF_P4D_HN_KNEEL_G008,V01,hard_negative,kneeling_half_kneeling,NEW_SCREEN,/home/yanbo/下载/batches/batch_person-fallen-v2-p4d-hardneg-rev1-camera1p5m/prompts/PF_P4D_HN_KNEEL_G008_V01.txt,43b1d72d24355d5ed3a74237db30fcbadf4f19f9322f944e971e5f96f0c8122a,43b1d72d24355d5ed3a74237db30fcbadf4f19f9322f944e971e5f96f0c8122a,PRE_Q7_VERIFIED,CODEX_SAFE_STAGED_CV_V1,Q2_PRE_Q6_LEGACY_INVENTORY,LEGACY_NO_ADAPTER,codex,/home/yanbo/net_vlm_person_fallen_v2_optimization/08_p4d_new_hard_negative_dev_revision/02_generation/gr3_fullregen/06_execution/quota_campaign_window_02_policy_adapter_20260830_01/00_preflight/current_verified_success_132.csv,PASS,preexisting_inventory_sha256,/home/yanbo/下载/batches/batch-person-fallen-v2-p4d-hardneg-fullregen-r2-camera1p5m/generated_raw/PF_P4D_HN_KNEEL_G008_V01.png,56d872b4efe8d852957e584bff6b2c1fc5eb9857a7e9ef24759628f3d9c6ec1e,56d872b4efe8d852957e584bff6b2c1fc5eb9857a7e9ef24759628f3d9c6ec1e,1672,941,PNG,True,True,/home/yanbo/下载/batches/batch-person-fallen-v2-p4d-hardneg-fullregen-r2-camera1p5m/final/PF_P4D_HN_KNEEL_G008_V01.png,56bc79407280b2e31c49ac6ea2d58c5af3460a64bf494a816284140b54a6bdda,56bc79407280b2e31c49ac6ea2d58c5af3460a64bf494a816284140b54a6bdda,1920,1080,PNG,True,True,PASS,PASS,PASS,0,0
PF_P4D_HN_KNEEL_G008_V02,PF_P4D_HN_KNEEL_G008,V02,hard_negative,kneeling_half_kneeling,NEW_SCREEN,/home/yanbo/下载/batches/batch_person-fallen-v2-p4d-hardneg-rev1-camera1p5m/prompts/PF_P4D_HN_KNEEL_G008_V02.txt,5339a3a468b17360cc2b24b3172fb29e0289eee6d2c22d9900132f879b56f934,5339a3a468b17360cc2b24b3172fb29e0289eee6d2c22d9900132f879b56f934,PRE_Q7_VERIFIED,CODEX_SAFE_STAGED_CV_V1,Q2_PRE_Q6_LEGACY_INVENTORY,LEGACY_NO_ADAPTER,codex,/home/yanbo/net_vlm_person_fallen_v2_optimization/08_p4d_new_hard_negative_dev_revision/02_generation/gr3_fullregen/06_execution/quota_campaign_window_02_policy_adapter_20260830_01/00_preflight/current_verified_success_132.csv,PASS,preexisting_inventory_sha256,/home/yanbo/下载/batches/batch-person-fallen-v2-p4d-hardneg-fullregen-r2-camera1p5m/generated_raw/PF_P4D_HN_KNEEL_G008_V02.png,a5729461ceeafc6f343b284f609d328269af8234f38c333ebea758ab37870849,a5729461ceeafc6f343b284f609d328269af8234f38c333ebea758ab37870849,1672,941,PNG,True,True,/home/yanbo/下载/batches/batch-person-fallen-v2-p4d-hardneg-fullregen-r2-camera1p5m/final/PF_P4D_HN_KNEEL_G008_V02.png,7627a29a4f7225bca531e3049010d5190305f24918fc7c1250a4c8ac16292f10,7627a29a4f7225bca531e3049010d5190305f24918fc7c1250a4c8ac16292f10,1920,1080,PNG,True,True,PASS,PASS,PASS,0,0
PF_P4D_HN_KNEEL_G008_V03,PF_P4D_HN_KNEEL_G008,V03,hard_negative,kneeling_half_kneeling,NEW_SCREEN,/home/yanbo/下载/batches/batch_person-fallen-v2-p4d-hardneg-rev1-camera1p5m/prompts/PF_P4D_HN_KNEEL_G008_V03.txt,3f03476809c8104d4c0eac19bb45924e985f92d6e062dec6a1139158d42030df,3f03476809c8104d4c0eac19bb45924e985f92d6e062dec6a1139158d42030df,PRE_Q7_VERIFIED,CODEX_SAFE_STAGED_CV_V1,Q2_PRE_Q6_LEGACY_INVENTORY,LEGACY_NO_ADAPTER,codex,/home/yanbo/net_vlm_person_fallen_v2_optimization/08_p4d_new_hard_negative_dev_revision/02_generation/gr3_fullregen/06_execution/quota_campaign_window_02_policy_adapter_20260830_01/00_preflight/current_verified_success_132.csv,PASS,preexisting_inventory_sha256,/home/yanbo/下载/batches/batch-person-fallen-v2-p4d-hardneg-fullregen-r2-camera1p5m/generated_raw/PF_P4D_HN_KNEEL_G008_V03.png,09e28c8b6424b471d6c2bb61c0f5b18cce6c6022a76c7473afa362d99679d2cc,09e28c8b6424b471d6c2bb61c0f5b18cce6c6022a76c7473afa362d99679d2cc,1672,941,PNG,True,True,/home/yanbo/下载/batches/batch-person-fallen-v2-p4d-hardneg-fullregen-r2-camera1p5m/final/PF_P4D_HN_KNEEL_G008_V03.png,bd272252ee09698e901c38993d4016f3dff41014d58fe0106e75d58191991339,bd272252ee09698e901c38993d4016f3dff41014d58fe0106e75d58191991339,1920,1080,PNG,True,True,PASS,PASS,PASS,0,0
PF_P4D_HN_KNEEL_G008_V04,PF_P4D_HN_KNEEL_G008,V04,hard_negative,kneeling_half_kneeling,NEW_SCREEN,/home/yanbo/下载/batches/batch_person-fallen-v2-p4d-hardneg-rev1-camera1p5m/prompts/PF_P4D_HN_KNEEL_G008_V04.txt,78d114c278f03a9932333c2b7c58e1036860fb893bf83f1ceafedd9886e04692,78d114c278f03a9932333c2b7c58e1036860fb893bf83f1ceafedd9886e04692,PRE_Q7_VERIFIED,CODEX_SAFE_STAGED_CV_V1,Q2_PRE_Q6_LEGACY_INVENTORY,LEGACY_NO_ADAPTER,codex,/home/yanbo/net_vlm_person_fallen_v2_optimization/08_p4d_new_hard_negative_dev_revision/02_generation/gr3_fullregen/06_execution/quota_campaign_window_02_policy_adapter_20260830_01/00_preflight/current_verified_success_132.csv,PASS,preexisting_inventory_sha256,/home/yanbo/下载/batches/batch-person-fallen-v2-p4d-hardneg-fullregen-r2-camera1p5m/generated_raw/PF_P4D_HN_KNEEL_G008_V04.png,2f96b0f985161a4156f3e54511800fe73ee1409d15aa688cb619907507d8b67f,2f96b0f985161a4156f3e54511800fe73ee1409d15aa688cb619907507d8b67f,1672,941,PNG,True,True,/home/yanbo/下载/batches/batch-person-fallen-v2-p4d-hardneg-fullregen-r2-camera1p5m/final/PF_P4D_HN_KNEEL_G008_V04.png,39ff8fff5340afa480d5758b2fda3fbe0b3b1d5c18d58b0813ddb7b94a44ab7b,39ff8fff5340afa480d5758b2fda3fbe0b3b1d5c18d58b0813ddb7b94a44ab7b,1920,1080,PNG,True,True,PASS,PASS,PASS,0,0
PF_P4D_HN_KNEEL_G008_V05,PF_P4D_HN_KNEEL_G008,V05,hard_negative,kneeling_half_kneeling,NEW_SCREEN,/home/yanbo/下载/batches/batch_person-fallen-v2-p4d-hardneg-rev1-camera1p5m/prompts/PF_P4D_HN_KNEEL_G008_V05.txt,1e96915a0857f55fc4092b16d581167cae7513e1c3ff4c45cc75245b5a1cc6f2,1e96915a0857f55fc4092b16d581167cae7513e1c3ff4c45cc75245b5a1cc6f2,PRE_Q7_VERIFIED,CODEX_SAFE_STAGED_CV_V1,Q2_PRE_Q6_LEGACY_INVENTORY,LEGACY_NO_ADAPTER,codex,/home/yanbo/net_vlm_person_fallen_v2_optimization/08_p4d_new_hard_negative_dev_revision/02_generation/gr3_fullregen/06_execution/quota_campaign_window_02_policy_adapter_20260830_01/00_preflight/current_verified_success_132.csv,PASS,preexisting_inventory_sha256,/home/yanbo/下载/batches/batch-person-fallen-v2-p4d-hardneg-fullregen-r2-camera1p5m/generated_raw/PF_P4D_HN_KNEEL_G008_V05.png,9c570d8bcebef89080e8ca87951b5e1c3bc10207148ec35b7ec8b10e3e135c66,9c570d8bcebef89080e8ca87951b5e1c3bc10207148ec35b7ec8b10e3e135c66,1672,941,PNG,True,True,/home/yanbo/下载/batches/batch-person-fallen-v2-p4d-hardneg-fullregen-r2-camera1p5m/final/PF_P4D_HN_KNEEL_G008_V05.png,1c66e4146019746cfc21b3de759aae6b7eee9550e5e23634b656eadaba8a0140,1c66e4146019746cfc21b3de759aae6b7eee9550e5e23634b656eadaba8a0140,1920,1080,PNG,True,True,PASS,PASS,PASS,0,0
PF_P4D_HN_KNEEL_G009_V01,PF_P4D_HN_KNEEL_G009,V01,hard_negative,kneeling_half_kneeling,NEW_SCREEN,/home/yanbo/下载/batches/batch_person-fallen-v2-p4d-hardneg-rev1-camera1p5m/prompts/PF_P4D_HN_KNEEL_G009_V01.txt,71d53dfc79863eed363963b498452ef630b0178ddd1d7a647ce0c4baee467e3c,71d53dfc79863eed363963b498452ef630b0178ddd1d7a647ce0c4baee467e3c,PRE_Q7_VERIFIED,CODEX_SAFE_STAGED_CV_V1,Q2_PRE_Q6_LEGACY_INVENTORY,LEGACY_NO_ADAPTER,codex,/home/yanbo/net_vlm_person_fallen_v2_optimization/08_p4d_new_hard_negative_dev_revision/02_generation/gr3_fullregen/06_execution/quota_campaign_window_02_policy_adapter_20260830_01/00_preflight/current_verified_success_132.csv,PASS,preexisting_inventory_sha256,/home/yanbo/下载/batches/batch-person-fallen-v2-p4d-hardneg-fullregen-r2-camera1p5m/generated_raw/PF_P4D_HN_KNEEL_G009_V01.png,eedb08a999233dfb0f6f9b7894ed30238278be445208a971d148215f452ab896,eedb08a999233dfb0f6f9b7894ed30238278be445208a971d148215f452ab896,1672,941,PNG,True,True,/home/yanbo/下载/batches/batch-person-fallen-v2-p4d-hardneg-fullregen-r2-camera1p5m/final/PF_P4D_HN_KNEEL_G009_V01.png,b024c2e324504db9c3e0ee27a2677a5647be0e3ea895279b490de49904bda5df,b024c2e324504db9c3e0ee27a2677a5647be0e3ea895279b490de49904bda5df,1920,1080,PNG,True,True,PASS,PASS,PASS,0,0
PF_P4D_HN_KNEEL_G009_V02,PF_P4D_HN_KNEEL_G009,V02,hard_negative,kneeling_half_kneeling,NEW_SCREEN,/home/yanbo/下载/batches/batch_person-fallen-v2-p4d-hardneg-rev1-camera1p5m/prompts/PF_P4D_HN_KNEEL_G009_V02.txt,8eb7af8e448e7423ea949cb694c760f9fd08a71056e8f4b601ecfa4c4a769713,8eb7af8e448e7423ea949cb694c760f9fd08a71056e8f4b601ecfa4c4a769713,PRE_Q7_VERIFIED,CODEX_SAFE_STAGED_CV_V1,Q2_PRE_Q6_LEGACY_INVENTORY,LEGACY_NO_ADAPTER,codex,/home/yanbo/net_vlm_person_fallen_v2_optimization/08_p4d_new_hard_negative_dev_revision/02_generation/gr3_fullregen/06_execution/quota_campaign_window_02_policy_adapter_20260830_01/00_preflight/current_verified_success_132.csv,PASS,preexisting_inventory_sha256,/home/yanbo/下载/batches/batch-person-fallen-v2-p4d-hardneg-fullregen-r2-camera1p5m/generated_raw/PF_P4D_HN_KNEEL_G009_V02.png,112604412fd71da0d4112c646f05eef127f905006fa5bd13c82b2a3a32608edb,112604412fd71da0d4112c646f05eef127f905006fa5bd13c82b2a3a32608edb,1672,941,PNG,True,True,/home/yanbo/下载/batches/batch-person-fallen-v2-p4d-hardneg-fullregen-r2-camera1p5m/final/PF_P4D_HN_KNEEL_G009_V02.png,3e4cd1c8194c514353ea7dc63756f4fa1b0300093436b7e1d8c530977c9b27e6,3e4cd1c8194c514353ea7dc63756f4fa1b0300093436b7e1d8c530977c9b27e6,1920,1080,PNG,True,True,PASS,PASS,PASS,0,0
PF_P4D_HN_KNEEL_G009_V03,PF_P4D_HN_KNEEL_G009,V03,hard_negative,kneeling_half_kneeling,NEW_SCREEN,/home/yanbo/下载/batches/batch_person-fallen-v2-p4d-hardneg-rev1-camera1p5m/prompts/PF_P4D_HN_KNEEL_G009_V03.txt,78cce9e13abc2d03678713e9ae759060109a536483a15b536ba87275cdb01ec6,78cce9e13abc2d03678713e9ae759060109a536483a15b536ba87275cdb01ec6,PRE_Q7_VERIFIED,CODEX_SAFE_STAGED_CV_V1,Q2_PRE_Q6_LEGACY_INVENTORY,LEGACY_NO_ADAPTER,codex,/home/yanbo/net_vlm_person_fallen_v2_optimization/08_p4d_new_hard_negative_dev_revision/02_generation/gr3_fullregen/06_execution/quota_campaign_window_02_policy_adapter_20260830_01/00_preflight/current_verified_success_132.csv,PASS,preexisting_inventory_sha256,/home/yanbo/net_vlm_person_fallen_v2_optimization/08_p4d_new_hard_negative_dev_revision/02_generation/gr3_fullregen/06_execution/quota_campaign_window_01_authorized_20260830_05/07_generated_raw/PF_P4D_HN_KNEEL_G009_V03.png,cb5588082724b81597fd3a477312eabe7a083fb55dfc4671c0a1cb8f0d0ff907,cb5588082724b81597fd3a477312eabe7a083fb55dfc4671c0a1cb8f0d0ff907,1672,941,PNG,True,True,/home/yanbo/net_vlm_person_fallen_v2_optimization/08_p4d_new_hard_negative_dev_revision/02_generation/gr3_fullregen/06_execution/quota_campaign_window_01_authorized_20260830_05/08_final/PF_P4D_HN_KNEEL_G009_V03.png,217fe977333506f063cf4574d441a9644bb71c85fcba8a38bc9f836c5d7c826c,217fe977333506f063cf4574d441a9644bb71c85fcba8a38bc9f836c5d7c826c,1920,1080,PNG,True,True,PASS,PASS,PASS,0,0
PF_P4D_HN_KNEEL_G009_V04,PF_P4D_HN_KNEEL_G009,V04,hard_negative,kneeling_half_kneeling,NEW_SCREEN,/home/yanbo/下载/batches/batch_person-fallen-v2-p4d-hardneg-rev1-camera1p5m/prompts/PF_P4D_HN_KNEEL_G009_V04.txt,fd5443a2ba97e937e92851e540ee0a31af679659d7ce5da54a92be8685bd6cf1,fd5443a2ba97e937e92851e540ee0a31af679659d7ce5da54a92be8685bd6cf1,PRE_Q7_VERIFIED,CODEX_SAFE_STAGED_CV_V1,Q2_PRE_Q6_LEGACY_INVENTORY,LEGACY_NO_ADAPTER,codex,/home/yanbo/net_vlm_person_fallen_v2_optimization/08_p4d_new_hard_negative_dev_revision/02_generation/gr3_fullregen/06_execution/quota_campaign_window_02_policy_adapter_20260830_01/00_preflight/current_verified_success_132.csv,PASS,preexisting_inventory_sha256,/home/yanbo/net_vlm_person_fallen_v2_optimization/08_p4d_new_hard_negative_dev_revision/02_generation/gr3_fullregen/06_execution/quota_campaign_window_01_authorized_20260830_05/07_generated_raw/PF_P4D_HN_KNEEL_G009_V04.png,bdc837322ec4bddfc4e85f6930651f3f5a7b9df6df8031f11c72299b685e80b4,bdc837322ec4bddfc4e85f6930651f3f5a7b9df6df8031f11c72299b685e80b4,1672,941,PNG,True,True,/home/yanbo/net_vlm_person_fallen_v2_optimization/08_p4d_new_hard_negative_dev_revision/02_generation/gr3_fullregen/06_execution/quota_campaign_window_01_authorized_20260830_05/08_final/PF_P4D_HN_KNEEL_G009_V04.png,9f3c79cd42d307dab91e5030e46e3509044abf996fec3917652b9824407c2ca7,9f3c79cd42d307dab91e5030e46e3509044abf996fec3917652b9824407c2ca7,1920,1080,PNG,True,True,PASS,PASS,PASS,0,0
PF_P4D_HN_KNEEL_G009_V05,PF_P4D_HN_KNEEL_G009,V05,hard_negative,kneeling_half_kneeling,NEW_SCREEN,/home/yanbo/下载/batches/batch_person-fallen-v2-p4d-hardneg-rev1-camera1p5m/prompts/PF_P4D_HN_KNEEL_G009_V05.txt,92dadc3dba5615cb68ffd9ad23e510f3ee5b1eac62f2e68b08a7376ec08f5aa9,92dadc3dba5615cb68ffd9ad23e510f3ee5b1eac62f2e68b08a7376ec08f5aa9,PRE_Q7_VERIFIED,CODEX_SAFE_STAGED_CV_V1,Q2_PRE_Q6_LEGACY_INVENTORY,LEGACY_NO_ADAPTER,codex,/home/yanbo/net_vlm_person_fallen_v2_optimization/08_p4d_new_hard_negative_dev_revision/02_generation/gr3_fullregen/06_execution/quota_campaign_window_02_policy_adapter_20260830_01/00_preflight/current_verified_success_132.csv,PASS,preexisting_inventory_sha256,/home/yanbo/net_vlm_person_fallen_v2_optimization/08_p4d_new_hard_negative_dev_revision/02_generation/gr3_fullregen/06_execution/quota_campaign_window_01_authorized_20260830_05/07_generated_raw/PF_P4D_HN_KNEEL_G009_V05.png,a415e2a29d9de05e97aa4863ec939842d37cc885e8f88d2af1a1a366800b2ccf,a415e2a29d9de05e97aa4863ec939842d37cc885e8f88d2af1a1a366800b2ccf,1672,941,PNG,True,True,/home/yanbo/net_vlm_person_fallen_v2_optimization/08_p4d_new_hard_negative_dev_revision/02_generation/gr3_fullregen/06_execution/quota_campaign_window_01_authorized_20260830_05/08_final/PF_P4D_HN_KNEEL_G009_V05.png,2d75e4de53d2edad686a5d004c88a08ddc8807b275d0ea9a99a27ff825bc361d,2d75e4de53d2edad686a5d004c88a08ddc8807b275d0ea9a99a27ff825bc361d,1920,1080,PNG,True,True,PASS,PASS,PASS,0,0
PF_P4D_HN_PLANK_G001_V01,PF_P4D_HN_PLANK_G001,V01,hard_negative,pushup_plank,NEW_DESIGN,/home/yanbo/下载/batches/batch_person-fallen-v2-p4d-hardneg-rev1-camera1p5m/prompts/PF_P4D_HN_PLANK_G001_V01.txt,c1b99f15e49d3016f5c8a71988ad1c3da9f6417251c318d90ef9fef007ca56f1,c1b99f15e49d3016f5c8a71988ad1c3da9f6417251c318d90ef9fef007ca56f1,Q8_EXECUTION,CODEX_SAFE_STAGED_CV_V1,Q8_EXECUTION,CODEX_SAFE_STAGED_CV_V1,codex,/home/yanbo/net_vlm_person_fallen_v2_optimization/08_p4d_new_hard_negative_dev_revision/02_generation/gr3_fullregen/06_execution/quota_campaign_window_05_gr3q8_authorized_20260831_01/02_plan/run_config.json,PASS,preexisting_partition_sha256,/home/yanbo/net_vlm_person_fallen_v2_optimization/08_p4d_new_hard_negative_dev_revision/02_generation/gr3_fullregen/06_execution/quota_campaign_window_05_gr3q8_authorized_20260831_01/07_generated_raw/PF_P4D_HN_PLANK_G001_V01.png,1e37d081a388281863bf4884b6e56b551de23b6d449296b5b3e176e8ece159ff,1e37d081a388281863bf4884b6e56b551de23b6d449296b5b3e176e8ece159ff,1672,941,PNG,True,True,/home/yanbo/net_vlm_person_fallen_v2_optimization/08_p4d_new_hard_negative_dev_revision/02_generation/gr3_fullregen/06_execution/quota_campaign_window_05_gr3q8_authorized_20260831_01/08_final/PF_P4D_HN_PLANK_G001_V01.png,c49e3007348dd7326beea6397cdfa5509126897f098bb342f41d5c3d76c3fc54,c49e3007348dd7326beea6397cdfa5509126897f098bb342f41d5c3d76c3fc54,1920,1080,PNG,True,True,PASS,PASS,PASS,0,0
PF_P4D_HN_PLANK_G001_V02,PF_P4D_HN_PLANK_G001,V02,hard_negative,pushup_plank,NEW_DESIGN,/home/yanbo/下载/batches/batch_person-fallen-v2-p4d-hardneg-rev1-camera1p5m/prompts/PF_P4D_HN_PLANK_G001_V02.txt,ffbcd194ac473bfae2611e454a7bca65abe63c6952fe607f46d523af7550dc62,ffbcd194ac473bfae2611e454a7bca65abe63c6952fe607f46d523af7550dc62,Q8_EXECUTION,CODEX_SAFE_STAGED_CV_V1,Q8_EXECUTION,CODEX_SAFE_STAGED_CV_V1,codex,/home/yanbo/net_vlm_person_fallen_v2_optimization/08_p4d_new_hard_negative_dev_revision/02_generation/gr3_fullregen/06_execution/quota_campaign_window_05_gr3q8_authorized_20260831_01/02_plan/run_config.json,PASS,preexisting_partition_sha256,/home/yanbo/net_vlm_person_fallen_v2_optimization/08_p4d_new_hard_negative_dev_revision/02_generation/gr3_fullregen/06_execution/quota_campaign_window_05_gr3q8_authorized_20260831_01/07_generated_raw/PF_P4D_HN_PLANK_G001_V02.png,efc585ea48ab25f6fb802ec8a10a29f935936702856eef2f9e0edb59e9543bea,efc585ea48ab25f6fb802ec8a10a29f935936702856eef2f9e0edb59e9543bea,1672,941,PNG,True,True,/home/yanbo/net_vlm_person_fallen_v2_optimization/08_p4d_new_hard_negative_dev_revision/02_generation/gr3_fullregen/06_execution/quota_campaign_window_05_gr3q8_authorized_20260831_01/08_final/PF_P4D_HN_PLANK_G001_V02.png,fbbe6812ee451da36a7e2888b4f087294c47f1452a01a86103ac7d83cc929687,fbbe6812ee451da36a7e2888b4f087294c47f1452a01a86103ac7d83cc929687,1920,1080,PNG,True,True,PASS,PASS,PASS,0,0
PF_P4D_HN_PLANK_G001_V03,PF_P4D_HN_PLANK_G001,V03,hard_negative,pushup_plank,NEW_DESIGN,/home/yanbo/下载/batches/batch_person-fallen-v2-p4d-hardneg-rev1-camera1p5m/prompts/PF_P4D_HN_PLANK_G001_V03.txt,d8a6aed713c6967977bf252d0b5906d82d69fbbe0f7f2260f502364528955ac6,d8a6aed713c6967977bf252d0b5906d82d69fbbe0f7f2260f502364528955ac6,Q8_EXECUTION,CODEX_SAFE_STAGED_CV_V1,Q8_EXECUTION,CODEX_SAFE_STAGED_CV_V1,codex,/home/yanbo/net_vlm_person_fallen_v2_optimization/08_p4d_new_hard_negative_dev_revision/02_generation/gr3_fullregen/06_execution/quota_campaign_window_05_gr3q8_authorized_20260831_01/02_plan/run_config.json,PASS,preexisting_partition_sha256,/home/yanbo/net_vlm_person_fallen_v2_optimization/08_p4d_new_hard_negative_dev_revision/02_generation/gr3_fullregen/06_execution/quota_campaign_window_05_gr3q8_authorized_20260831_01/07_generated_raw/PF_P4D_HN_PLANK_G001_V03.png,90f580751aa0daf6b51ab990a951243303d15f3e867b5f7a43e539ee7289edfe,90f580751aa0daf6b51ab990a951243303d15f3e867b5f7a43e539ee7289edfe,1672,941,PNG,True,True,/home/yanbo/net_vlm_person_fallen_v2_optimization/08_p4d_new_hard_negative_dev_revision/02_generation/gr3_fullregen/06_execution/quota_campaign_window_05_gr3q8_authorized_20260831_01/08_final/PF_P4D_HN_PLANK_G001_V03.png,65227c961c7abefc246d7d51df8197adbaf07aa5ab7fb00cdb6cfef42be3df1f,65227c961c7abefc246d7d51df8197adbaf07aa5ab7fb00cdb6cfef42be3df1f,1920,1080,PNG,True,True,PASS,PASS,PASS,0,0
PF_P4D_HN_PLANK_G001_V04,PF_P4D_HN_PLANK_G001,V04,hard_negative,pushup_plank,NEW_DESIGN,/home/yanbo/下载/batches/batch_person-fallen-v2-p4d-hardneg-rev1-camera1p5m/prompts/PF_P4D_HN_PLANK_G001_V04.txt,4c3162008a65f2a0076b1babad74fb79c874505b3a09055a549b3389353dd4dd,4c3162008a65f2a0076b1babad74fb79c874505b3a09055a549b3389353dd4dd,Q8_EXECUTION,CODEX_SAFE_STAGED_CV_V1,Q8_EXECUTION,CODEX_SAFE_STAGED_CV_V1,codex,/home/yanbo/net_vlm_person_fallen_v2_optimization/08_p4d_new_hard_negative_dev_revision/02_generation/gr3_fullregen/06_execution/quota_campaign_window_05_gr3q8_authorized_20260831_01/02_plan/run_config.json,PASS,preexisting_partition_sha256,/home/yanbo/net_vlm_person_fallen_v2_optimization/08_p4d_new_hard_negative_dev_revision/02_generation/gr3_fullregen/06_execution/quota_campaign_window_05_gr3q8_authorized_20260831_01/07_generated_raw/PF_P4D_HN_PLANK_G001_V04.png,85f460d2c446c850c0f6485429320453b4565dae53c6822b69f3ab88b9325073,85f460d2c446c850c0f6485429320453b4565dae53c6822b69f3ab88b9325073,1672,941,PNG,True,True,/home/yanbo/net_vlm_person_fallen_v2_optimization/08_p4d_new_hard_negative_dev_revision/02_generation/gr3_fullregen/06_execution/quota_campaign_window_05_gr3q8_authorized_20260831_01/08_final/PF_P4D_HN_PLANK_G001_V04.png,118131f19e97e8a7a551b281ca1e368089aaf19d29bbfb7ed5d8d79836449787,118131f19e97e8a7a551b281ca1e368089aaf19d29bbfb7ed5d8d79836449787,1920,1080,PNG,True,True,PASS,PASS,PASS,0,0
PF_P4D_HN_PLANK_G001_V05,PF_P4D_HN_PLANK_G001,V05,hard_negative,pushup_plank,NEW_DESIGN,/home/yanbo/下载/batches/batch_person-fallen-v2-p4d-hardneg-rev1-camera1p5m/prompts/PF_P4D_HN_PLANK_G001_V05.txt,a643942db3b7909052f1cd82645ae2429d155f35668ab90301830120ce009522,a643942db3b7909052f1cd82645ae2429d155f35668ab90301830120ce009522,Q8_EXECUTION,CODEX_SAFE_STAGED_CV_V1,Q8_EXECUTION,CODEX_SAFE_STAGED_CV_V1,codex,/home/yanbo/net_vlm_person_fallen_v2_optimization/08_p4d_new_hard_negative_dev_revision/02_generation/gr3_fullregen/06_execution/quota_campaign_window_05_gr3q8_authorized_20260831_01/02_plan/run_config.json,PASS,preexisting_partition_sha256,/home/yanbo/net_vlm_person_fallen_v2_optimization/08_p4d_new_hard_negative_dev_revision/02_generation/gr3_fullregen/06_execution/quota_campaign_window_05_gr3q8_authorized_20260831_01/07_generated_raw/PF_P4D_HN_PLANK_G001_V05.png,16c0dc21499212553925e56d98fefed9b45330284446f8fd2b19ccd0291d9f89,16c0dc21499212553925e56d98fefed9b45330284446f8fd2b19ccd0291d9f89,1672,941,PNG,True,True,/home/yanbo/net_vlm_person_fallen_v2_optimization/08_p4d_new_hard_negative_dev_revision/02_generation/gr3_fullregen/06_execution/quota_campaign_window_05_gr3q8_authorized_20260831_01/08_final/PF_P4D_HN_PLANK_G001_V05.png,9d221bd1fce883e333db6c7037a7d5bbad8cb2e43a49dda8cf9320f3e648424f,9d221bd1fce883e333db6c7037a7d5bbad8cb2e43a49dda8cf9320f3e648424f,1920,1080,PNG,True,True,PASS,PASS,PASS,0,0
PF_P4D_HN_PLANK_G002_V01,PF_P4D_HN_PLANK_G002,V01,hard_negative,pushup_plank,NEW_DESIGN,/home/yanbo/下载/batches/batch_person-fallen-v2-p4d-hardneg-rev1-camera1p5m/prompts/PF_P4D_HN_PLANK_G002_V01.txt,f7f674ecf09427f77b37259e492c210b13d432cdc643dc616eba9d7b6afac00a,f7f674ecf09427f77b37259e492c210b13d432cdc643dc616eba9d7b6afac00a,P4D_GR3Q10_BALANCED_COMPLETE_GROUP_WINDOW_20260901_01,CODEX_SAFE_STAGED_CV_V1,Q10_EXECUTION,CODEX_SAFE_STAGED_CV_V1,codex,/home/yanbo/net_vlm_person_fallen_v2_optimization/08_p4d_new_hard_negative_dev_revision/02_generation/gr3_fullregen/06_execution/quota_campaign_window_07_gr3q10_authorized_20260901_01/02_runner/run_config.json,PASS,preexisting_partition_sha256,/home/yanbo/net_vlm_person_fallen_v2_optimization/08_p4d_new_hard_negative_dev_revision/02_generation/gr3_fullregen/06_execution/quota_campaign_window_07_gr3q10_authorized_20260901_01/07_generated_raw/PF_P4D_HN_PLANK_G002_V01.png,f1265603e03337cc512d60f0ef1b07cbc8898ccf285f5c92fc0e0fb3606afc33,f1265603e03337cc512d60f0ef1b07cbc8898ccf285f5c92fc0e0fb3606afc33,1672,941,PNG,True,True,/home/yanbo/net_vlm_person_fallen_v2_optimization/08_p4d_new_hard_negative_dev_revision/02_generation/gr3_fullregen/06_execution/quota_campaign_window_07_gr3q10_authorized_20260901_01/08_final/PF_P4D_HN_PLANK_G002_V01.png,c46eb85bdfe5fc6b55172b34e2df98c4f90ed892804651c2319cd32c9d2c65aa,c46eb85bdfe5fc6b55172b34e2df98c4f90ed892804651c2319cd32c9d2c65aa,1920,1080,PNG,True,True,PASS,PASS,PASS,0,0
PF_P4D_HN_CRAWL_G001_V01,PF_P4D_HN_CRAWL_G001,V01,hard_negative,crawling_quadruped_support,NEW_DESIGN,/home/yanbo/下载/batches/batch_person-fallen-v2-p4d-hardneg-rev1-camera1p5m/prompts/PF_P4D_HN_CRAWL_G001_V01.txt,bb0d52d8a6f26fae7f91da9dc73915fb076e5e494596b3719991c4cc0d4d3443,bb0d52d8a6f26fae7f91da9dc73915fb076e5e494596b3719991c4cc0d4d3443,PRE_Q7_VERIFIED,CODEX_SAFE_STAGED_CV_V1,Q6_EXECUTION,CODEX_SAFE_STAGED_CV_V1,codex,/home/yanbo/net_vlm_person_fallen_v2_optimization/08_p4d_new_hard_negative_dev_revision/02_generation/gr3_fullregen/06_execution/quota_campaign_window_03_gr3q6_authorized_20260831_01/06_partial_qa/current_verified_success.csv,PASS,preexisting_partition_sha256,/home/yanbo/net_vlm_person_fallen_v2_optimization/08_p4d_new_hard_negative_dev_revision/02_generation/gr3_fullregen/06_execution/quota_campaign_window_03_gr3q6_authorized_20260831_01/07_generated_raw/PF_P4D_HN_CRAWL_G001_V01.png,5baff0c52fe40bbf39cb5ae70f1d13d1a20c89b5cc3685ac514ee5d497c16dd2,5baff0c52fe40bbf39cb5ae70f1d13d1a20c89b5cc3685ac514ee5d497c16dd2,1672,941,PNG,True,True,/home/yanbo/net_vlm_person_fallen_v2_optimization/08_p4d_new_hard_negative_dev_revision/02_generation/gr3_fullregen/06_execution/quota_campaign_window_03_gr3q6_authorized_20260831_01/08_final/PF_P4D_HN_CRAWL_G001_V01.png,80e28147640d5f74a7e7153f4499eecfb9cfd7b2eb8ec84020bf2d7a0a4378cf,80e28147640d5f74a7e7153f4499eecfb9cfd7b2eb8ec84020bf2d7a0a4378cf,1920,1080,PNG,True,True,PASS,PASS,PASS,0,0
PF_P4D_HN_CRAWL_G001_V02,PF_P4D_HN_CRAWL_G001,V02,hard_negative,crawling_quadruped_support,NEW_DESIGN,/home/yanbo/下载/batches/batch_person-fallen-v2-p4d-hardneg-rev1-camera1p5m/prompts/PF_P4D_HN_CRAWL_G001_V02.txt,5be792664689e024dcce47b47291a8b7aa0302daf35f208cac094252a5800801,5be792664689e024dcce47b47291a8b7aa0302daf35f208cac094252a5800801,PRE_Q7_VERIFIED,CODEX_SAFE_STAGED_CV_V1,Q6_EXECUTION,CODEX_SAFE_STAGED_CV_V1,codex,/home/yanbo/net_vlm_person_fallen_v2_optimization/08_p4d_new_hard_negative_dev_revision/02_generation/gr3_fullregen/06_execution/quota_campaign_window_03_gr3q6_authorized_20260831_01/06_partial_qa/current_verified_success.csv,PASS,preexisting_partition_sha256,/home/yanbo/net_vlm_person_fallen_v2_optimization/08_p4d_new_hard_negative_dev_revision/02_generation/gr3_fullregen/06_execution/quota_campaign_window_03_gr3q6_authorized_20260831_01/07_generated_raw/PF_P4D_HN_CRAWL_G001_V02.png,c815dd33e0d78fc591e42c578c82893c768191e4a903b29d4e8446a78b84f9b4,c815dd33e0d78fc591e42c578c82893c768191e4a903b29d4e8446a78b84f9b4,1672,941,PNG,True,True,/home/yanbo/net_vlm_person_fallen_v2_optimization/08_p4d_new_hard_negative_dev_revision/02_generation/gr3_fullregen/06_execution/quota_campaign_window_03_gr3q6_authorized_20260831_01/08_final/PF_P4D_HN_CRAWL_G001_V02.png,5661260a55519adc816148913cd24fac2889c065de658695dc08b4da8eccaed4,5661260a55519adc816148913cd24fac2889c065de658695dc08b4da8eccaed4,1920,1080,PNG,True,True,PASS,PASS,PASS,0,0
PF_P4D_HN_CRAWL_G001_V03,PF_P4D_HN_CRAWL_G001,V03,hard_negative,crawling_quadruped_support,NEW_DESIGN,/home/yanbo/下载/batches/batch_person-fallen-v2-p4d-hardneg-rev1-camera1p5m/prompts/PF_P4D_HN_CRAWL_G001_V03.txt,e7408e64dea8d2d3aec4aa3eac205f97d6b4cb37358005cbdf9ccfd3f0220412,e7408e64dea8d2d3aec4aa3eac205f97d6b4cb37358005cbdf9ccfd3f0220412,PRE_Q7_VERIFIED,CODEX_SAFE_STAGED_CV_V1,Q6_EXECUTION,CODEX_SAFE_STAGED_CV_V1,codex,/home/yanbo/net_vlm_person_fallen_v2_optimization/08_p4d_new_hard_negative_dev_revision/02_generation/gr3_fullregen/06_execution/quota_campaign_window_03_gr3q6_authorized_20260831_01/06_partial_qa/current_verified_success.csv,PASS,preexisting_partition_sha256,/home/yanbo/net_vlm_person_fallen_v2_optimization/08_p4d_new_hard_negative_dev_revision/02_generation/gr3_fullregen/06_execution/quota_campaign_window_03_gr3q6_authorized_20260831_01/07_generated_raw/PF_P4D_HN_CRAWL_G001_V03.png,c4e52a8b4f81790d6ccbb0182817f8bb5fee3cce1a56dfdbf876e10e2ba91ebc,c4e52a8b4f81790d6ccbb0182817f8bb5fee3cce1a56dfdbf876e10e2ba91ebc,1672,941,PNG,True,True,/home/yanbo/net_vlm_person_fallen_v2_optimization/08_p4d_new_hard_negative_dev_revision/02_generation/gr3_fullregen/06_execution/quota_campaign_window_03_gr3q6_authorized_20260831_01/08_final/PF_P4D_HN_CRAWL_G001_V03.png,1ccde1893ba0237a869e195b024105de08360cece001ea75b3697d07725060f2,1ccde1893ba0237a869e195b024105de08360cece001ea75b3697d07725060f2,1920,1080,PNG,True,True,PASS,PASS,PASS,0,0
PF_P4D_HN_CRAWL_G001_V04,PF_P4D_HN_CRAWL_G001,V04,hard_negative,crawling_quadruped_support,NEW_DESIGN,/home/yanbo/下载/batches/batch_person-fallen-v2-p4d-hardneg-rev1-camera1p5m/prompts/PF_P4D_HN_CRAWL_G001_V04.txt,121c275690f7c0c89f4f47696fa997df19bae2b9f90f2dfefeda6bdb6ee199ec,121c275690f7c0c89f4f47696fa997df19bae2b9f90f2dfefeda6bdb6ee199ec,PRE_Q7_VERIFIED,CODEX_SAFE_STAGED_CV_V1,Q6_EXECUTION,CODEX_SAFE_STAGED_CV_V1,codex,/home/yanbo/net_vlm_person_fallen_v2_optimization/08_p4d_new_hard_negative_dev_revision/02_generation/gr3_fullregen/06_execution/quota_campaign_window_03_gr3q6_authorized_20260831_01/06_partial_qa/current_verified_success.csv,PASS,preexisting_partition_sha256,/home/yanbo/net_vlm_person_fallen_v2_optimization/08_p4d_new_hard_negative_dev_revision/02_generation/gr3_fullregen/06_execution/quota_campaign_window_03_gr3q6_authorized_20260831_01/07_generated_raw/PF_P4D_HN_CRAWL_G001_V04.png,f88ea5aa6ddb15b564d794d1527308337f9f305def0cd3dfdc9ce919ca622e47,f88ea5aa6ddb15b564d794d1527308337f9f305def0cd3dfdc9ce919ca622e47,1672,941,PNG,True,True,/home/yanbo/net_vlm_person_fallen_v2_optimization/08_p4d_new_hard_negative_dev_revision/02_generation/gr3_fullregen/06_execution/quota_campaign_window_03_gr3q6_authorized_20260831_01/08_final/PF_P4D_HN_CRAWL_G001_V04.png,df65b6a524e17d001e525451fffff96880101e8172d9966b9a45cdc68ace4a4a,df65b6a524e17d001e525451fffff96880101e8172d9966b9a45cdc68ace4a4a,1920,1080,PNG,True,True,PASS,PASS,PASS,0,0
PF_P4D_HN_CRAWL_G001_V05,PF_P4D_HN_CRAWL_G001,V05,hard_negative,crawling_quadruped_support,NEW_DESIGN,/home/yanbo/下载/batches/batch_person-fallen-v2-p4d-hardneg-rev1-camera1p5m/prompts/PF_P4D_HN_CRAWL_G001_V05.txt,39eacf4ab32d748b487a9529e006e16564aaa395bf8e8a53e3fe214ccdc8eed6,39eacf4ab32d748b487a9529e006e16564aaa395bf8e8a53e3fe214ccdc8eed6,PRE_Q7_VERIFIED,CODEX_SAFE_STAGED_CV_V1,Q6_EXECUTION,CODEX_SAFE_STAGED_CV_V1,codex,/home/yanbo/net_vlm_person_fallen_v2_optimization/08_p4d_new_hard_negative_dev_revision/02_generation/gr3_fullregen/06_execution/quota_campaign_window_03_gr3q6_authorized_20260831_01/06_partial_qa/current_verified_success.csv,PASS,preexisting_partition_sha256,/home/yanbo/net_vlm_person_fallen_v2_optimization/08_p4d_new_hard_negative_dev_revision/02_generation/gr3_fullregen/06_execution/quota_campaign_window_03_gr3q6_authorized_20260831_01/07_generated_raw/PF_P4D_HN_CRAWL_G001_V05.png,c2afdbbc593c3a9fdd3fa589cada4a55754b7f3faf0c86907b347a34e4720c83,c2afdbbc593c3a9fdd3fa589cada4a55754b7f3faf0c86907b347a34e4720c83,1672,941,PNG,True,True,/home/yanbo/net_vlm_person_fallen_v2_optimization/08_p4d_new_hard_negative_dev_revision/02_generation/gr3_fullregen/06_execution/quota_campaign_window_03_gr3q6_authorized_20260831_01/08_final/PF_P4D_HN_CRAWL_G001_V05.png,0675267dd08ba89d9482c066bfeef2e1b914045d2b897f6081099b5864ef4e0a,0675267dd08ba89d9482c066bfeef2e1b914045d2b897f6081099b5864ef4e0a,1920,1080,PNG,True,True,PASS,PASS,PASS,0,0
PF_P4D_HN_MAINT_G002_V01,PF_P4D_HN_MAINT_G002,V01,hard_negative,ground_maintenance,NEW_DESIGN,/home/yanbo/下载/batches/batch_person-fallen-v2-p4d-hardneg-rev1-camera1p5m/prompts/PF_P4D_HN_MAINT_G002_V01.txt,fda9654ed4a695a3b3d23a9ad023cb098f4ef9e653637069b3e039c24fd44d2a,fda9654ed4a695a3b3d23a9ad023cb098f4ef9e653637069b3e039c24fd44d2a,P4D_GR3Q10_BALANCED_COMPLETE_GROUP_WINDOW_20260901_01,CODEX_SAFE_STAGED_CV_V1,Q10_EXECUTION,CODEX_SAFE_STAGED_CV_V1,codex,/home/yanbo/net_vlm_person_fallen_v2_optimization/08_p4d_new_hard_negative_dev_revision/02_generation/gr3_fullregen/06_execution/quota_campaign_window_07_gr3q10_authorized_20260901_01/02_runner/run_config.json,PASS,preexisting_partition_sha256,/home/yanbo/net_vlm_person_fallen_v2_optimization/08_p4d_new_hard_negative_dev_revision/02_generation/gr3_fullregen/06_execution/quota_campaign_window_07_gr3q10_authorized_20260901_01/07_generated_raw/PF_P4D_HN_MAINT_G002_V01.png,ff26af967cc5632637e1211c41f8a32aa919f6847e6703fa0b76b6f54c671453,ff26af967cc5632637e1211c41f8a32aa919f6847e6703fa0b76b6f54c671453,1672,941,PNG,True,True,/home/yanbo/net_vlm_person_fallen_v2_optimization/08_p4d_new_hard_negative_dev_revision/02_generation/gr3_fullregen/06_execution/quota_campaign_window_07_gr3q10_authorized_20260901_01/08_final/PF_P4D_HN_MAINT_G002_V01.png,dfc2f92acc2172dbd0b24b6d6cc69d894fbb483c34dde182d44e61c403e15678,dfc2f92acc2172dbd0b24b6d6cc69d894fbb483c34dde182d44e61c403e15678,1920,1080,PNG,True,True,PASS,PASS,PASS,0,0
PF_P4D_HN_MAINT_G002_V02,PF_P4D_HN_MAINT_G002,V02,hard_negative,ground_maintenance,NEW_DESIGN,/home/yanbo/下载/batches/batch_person-fallen-v2-p4d-hardneg-rev1-camera1p5m/prompts/PF_P4D_HN_MAINT_G002_V02.txt,0c2f7ba91cfc9348ab6dd47ddb4092815bba9ca820d09b57ce03bb6ce69d8588,0c2f7ba91cfc9348ab6dd47ddb4092815bba9ca820d09b57ce03bb6ce69d8588,P4D_GR3Q10_BALANCED_COMPLETE_GROUP_WINDOW_20260901_01,CODEX_SAFE_STAGED_CV_V1,Q10_EXECUTION,CODEX_SAFE_STAGED_CV_V1,codex,/home/yanbo/net_vlm_person_fallen_v2_optimization/08_p4d_new_hard_negative_dev_revision/02_generation/gr3_fullregen/06_execution/quota_campaign_window_07_gr3q10_authorized_20260901_01/02_runner/run_config.json,PASS,preexisting_partition_sha256,/home/yanbo/net_vlm_person_fallen_v2_optimization/08_p4d_new_hard_negative_dev_revision/02_generation/gr3_fullregen/06_execution/quota_campaign_window_07_gr3q10_authorized_20260901_01/07_generated_raw/PF_P4D_HN_MAINT_G002_V02.png,269d80d0b61690fe7a8ff4f0a0da30f1757996a6c6b7dd942bd74ffd1cc47b93,269d80d0b61690fe7a8ff4f0a0da30f1757996a6c6b7dd942bd74ffd1cc47b93,1672,941,PNG,True,True,/home/yanbo/net_vlm_person_fallen_v2_optimization/08_p4d_new_hard_negative_dev_revision/02_generation/gr3_fullregen/06_execution/quota_campaign_window_07_gr3q10_authorized_20260901_01/08_final/PF_P4D_HN_MAINT_G002_V02.png,08511bbc5ba1673bf1ad56497872080e7da1d20dffee469e4f44021a97388e35,08511bbc5ba1673bf1ad56497872080e7da1d20dffee469e4f44021a97388e35,1920,1080,PNG,True,True,PASS,PASS,PASS,0,0
PF_P4D_HN_MAINT_G002_V03,PF_P4D_HN_MAINT_G002,V03,hard_negative,ground_maintenance,NEW_DESIGN,/home/yanbo/下载/batches/batch_person-fallen-v2-p4d-hardneg-rev1-camera1p5m/prompts/PF_P4D_HN_MAINT_G002_V03.txt,b3fea8be48fc6389aa5415abce9b8a4b13cf9860a3f1a0f2a90e96d2e502a50f,b3fea8be48fc6389aa5415abce9b8a4b13cf9860a3f1a0f2a90e96d2e502a50f,P4D_GR3Q10_BALANCED_COMPLETE_GROUP_WINDOW_20260901_01,CODEX_SAFE_STAGED_CV_V1,Q10_EXECUTION,CODEX_SAFE_STAGED_CV_V1,codex,/home/yanbo/net_vlm_person_fallen_v2_optimization/08_p4d_new_hard_negative_dev_revision/02_generation/gr3_fullregen/06_execution/quota_campaign_window_07_gr3q10_authorized_20260901_01/02_runner/run_config.json,PASS,preexisting_partition_sha256,/home/yanbo/net_vlm_person_fallen_v2_optimization/08_p4d_new_hard_negative_dev_revision/02_generation/gr3_fullregen/06_execution/quota_campaign_window_07_gr3q10_authorized_20260901_01/07_generated_raw/PF_P4D_HN_MAINT_G002_V03.png,49ffff6f395b4c0a04e839e29b64c7f1f65fcb86c40468cac5b5e1caffe6cf55,49ffff6f395b4c0a04e839e29b64c7f1f65fcb86c40468cac5b5e1caffe6cf55,1672,941,PNG,True,True,/home/yanbo/net_vlm_person_fallen_v2_optimization/08_p4d_new_hard_negative_dev_revision/02_generation/gr3_fullregen/06_execution/quota_campaign_window_07_gr3q10_authorized_20260901_01/08_final/PF_P4D_HN_MAINT_G002_V03.png,1145eb0ad1714941dbb6a018e8322ea40e8ff6cf43365c9d3365e6bb8d1dfb87,1145eb0ad1714941dbb6a018e8322ea40e8ff6cf43365c9d3365e6bb8d1dfb87,1920,1080,PNG,True,True,PASS,PASS,PASS,0,0
PF_P4D_HN_MAINT_G002_V04,PF_P4D_HN_MAINT_G002,V04,hard_negative,ground_maintenance,NEW_DESIGN,/home/yanbo/下载/batches/batch_person-fallen-v2-p4d-hardneg-rev1-camera1p5m/prompts/PF_P4D_HN_MAINT_G002_V04.txt,22b2cff421b19f6e2f6c10fbada4dea5e1b6979e5b289ce47326fb47895b2087,22b2cff421b19f6e2f6c10fbada4dea5e1b6979e5b289ce47326fb47895b2087,P4D_GR3Q10_BALANCED_COMPLETE_GROUP_WINDOW_20260901_01,CODEX_SAFE_STAGED_CV_V1,Q10_EXECUTION,CODEX_SAFE_STAGED_CV_V1,codex,/home/yanbo/net_vlm_person_fallen_v2_optimization/08_p4d_new_hard_negative_dev_revision/02_generation/gr3_fullregen/06_execution/quota_campaign_window_07_gr3q10_authorized_20260901_01/02_runner/run_config.json,PASS,preexisting_partition_sha256,/home/yanbo/net_vlm_person_fallen_v2_optimization/08_p4d_new_hard_negative_dev_revision/02_generation/gr3_fullregen/06_execution/quota_campaign_window_07_gr3q10_authorized_20260901_01/07_generated_raw/PF_P4D_HN_MAINT_G002_V04.png,918049e248e3f33223759bb56036b30e88647dc7caa217196b161fdc544a5525,918049e248e3f33223759bb56036b30e88647dc7caa217196b161fdc544a5525,1672,941,PNG,True,True,/home/yanbo/net_vlm_person_fallen_v2_optimization/08_p4d_new_hard_negative_dev_revision/02_generation/gr3_fullregen/06_execution/quota_campaign_window_07_gr3q10_authorized_20260901_01/08_final/PF_P4D_HN_MAINT_G002_V04.png,4aa4cf12aab73222da8460691afc237653b99f12174f0f16cc74393a7cf8a4fe,4aa4cf12aab73222da8460691afc237653b99f12174f0f16cc74393a7cf8a4fe,1920,1080,PNG,True,True,PASS,PASS,PASS,0,0
PF_P4D_HN_MAINT_G002_V05,PF_P4D_HN_MAINT_G002,V05,hard_negative,ground_maintenance,NEW_DESIGN,/home/yanbo/下载/batches/batch_person-fallen-v2-p4d-hardneg-rev1-camera1p5m/prompts/PF_P4D_HN_MAINT_G002_V05.txt,7e94ca0930077334e5977e00b82dcd457cf58553bff426d74e8e55d130afa438,7e94ca0930077334e5977e00b82dcd457cf58553bff426d74e8e55d130afa438,P4D_GR3Q10_BALANCED_COMPLETE_GROUP_WINDOW_20260901_01,CODEX_SAFE_STAGED_CV_V1,Q10_EXECUTION,CODEX_SAFE_STAGED_CV_V1,codex,/home/yanbo/net_vlm_person_fallen_v2_optimization/08_p4d_new_hard_negative_dev_revision/02_generation/gr3_fullregen/06_execution/quota_campaign_window_07_gr3q10_authorized_20260901_01/02_runner/run_config.json,PASS,preexisting_partition_sha256,/home/yanbo/net_vlm_person_fallen_v2_optimization/08_p4d_new_hard_negative_dev_revision/02_generation/gr3_fullregen/06_execution/quota_campaign_window_07_gr3q10_authorized_20260901_01/07_generated_raw/PF_P4D_HN_MAINT_G002_V05.png,72121242d5bccc7367d03a07dafb337223c794def4b7d7941f9c6b9cce3f4c77,72121242d5bccc7367d03a07dafb337223c794def4b7d7941f9c6b9cce3f4c77,1672,941,PNG,True,True,/home/yanbo/net_vlm_person_fallen_v2_optimization/08_p4d_new_hard_negative_dev_revision/02_generation/gr3_fullregen/06_execution/quota_campaign_window_07_gr3q10_authorized_20260901_01/08_final/PF_P4D_HN_MAINT_G002_V05.png,de2f4da24c5c9085bcef4ec43aaf19f2d2ecf24e86ac817edbe3384672fb51dd,de2f4da24c5c9085bcef4ec43aaf19f2d2ecf24e86ac817edbe3384672fb51dd,1920,1080,PNG,True,True,PASS,PASS,PASS,0,0
PF_P4D_HN_MAINT_G006_V01,PF_P4D_HN_MAINT_G006,V01,hard_negative,ground_maintenance,NEW_SCREEN,/home/yanbo/下载/batches/batch_person-fallen-v2-p4d-hardneg-rev1-camera1p5m/prompts/PF_P4D_HN_MAINT_G006_V01.txt,ef9fdb69acc4b16cdfd8d7e79a35eee5917e8f1fe87d81685f7f2eafde33c78d,ef9fdb69acc4b16cdfd8d7e79a35eee5917e8f1fe87d81685f7f2eafde33c78d,PRE_Q7_VERIFIED,CODEX_SAFE_STAGED_CV_V1,Q6_EXECUTION,CODEX_SAFE_STAGED_CV_V1,codex,/home/yanbo/net_vlm_person_fallen_v2_optimization/08_p4d_new_hard_negative_dev_revision/02_generation/gr3_fullregen/06_execution/quota_campaign_window_03_gr3q6_authorized_20260831_01/06_partial_qa/current_verified_success.csv,PASS,preexisting_partition_sha256,/home/yanbo/net_vlm_person_fallen_v2_optimization/08_p4d_new_hard_negative_dev_revision/02_generation/gr3_fullregen/06_execution/quota_campaign_window_03_gr3q6_authorized_20260831_01/07_generated_raw/PF_P4D_HN_MAINT_G006_V01.png,083b96c8fcd5c4cb9ca334574ba6601a88914b08c841b8d1f5978a2928b3acf2,083b96c8fcd5c4cb9ca334574ba6601a88914b08c841b8d1f5978a2928b3acf2,1672,941,PNG,True,True,/home/yanbo/net_vlm_person_fallen_v2_optimization/08_p4d_new_hard_negative_dev_revision/02_generation/gr3_fullregen/06_execution/quota_campaign_window_03_gr3q6_authorized_20260831_01/08_final/PF_P4D_HN_MAINT_G006_V01.png,e3c695d7477ac6d23fdc3355705576187733d5cc318428d35dc6650438af829f,e3c695d7477ac6d23fdc3355705576187733d5cc318428d35dc6650438af829f,1920,1080,PNG,True,True,PASS,PASS,PASS,0,0
PF_P4D_HN_SQUAT_G006_V01,PF_P4D_HN_SQUAT_G006,V01,hard_negative,squat_crouch_deep_bend,NEW_SCREEN,/home/yanbo/下载/batches/batch_person-fallen-v2-p4d-hardneg-rev1-camera1p5m/prompts/PF_P4D_HN_SQUAT_G006_V01.txt,a2ed968bc2effc60c86c4f32d6f46cfac1b56bc6bbb2084dee4b4000b6edea25,a2ed968bc2effc60c86c4f32d6f46cfac1b56bc6bbb2084dee4b4000b6edea25,Q7_EXECUTION,CODEX_SAFE_STAGED_CV_V1,Q7_EXECUTION,CODEX_SAFE_STAGED_CV_V1,codex,/home/yanbo/net_vlm_person_fallen_v2_optimization/08_p4d_new_hard_negative_dev_revision/02_generation/gr3_fullregen/06_execution/quota_campaign_window_04_gr3q7_authorized_20260831_01/02_runner/run_config.json,PASS,preexisting_partition_sha256,/home/yanbo/net_vlm_person_fallen_v2_optimization/08_p4d_new_hard_negative_dev_revision/02_generation/gr3_fullregen/06_execution/quota_campaign_window_04_gr3q7_authorized_20260831_01/07_generated_raw/PF_P4D_HN_SQUAT_G006_V01.png,9b85dc7ba7b466152cda32c4d5a2fa13e7ef9619235cc6fc880feaad0ba57c06,9b85dc7ba7b466152cda32c4d5a2fa13e7ef9619235cc6fc880feaad0ba57c06,1672,941,PNG,True,True,/home/yanbo/net_vlm_person_fallen_v2_optimization/08_p4d_new_hard_negative_dev_revision/02_generation/gr3_fullregen/06_execution/quota_campaign_window_04_gr3q7_authorized_20260831_01/08_final/PF_P4D_HN_SQUAT_G006_V01.png,4ebfe3368ea901fce3b9df9d97ca6e7f8aea94fe378105a2b91e0c51bfe34844,4ebfe3368ea901fce3b9df9d97ca6e7f8aea94fe378105a2b91e0c51bfe34844,1920,1080,PNG,True,True,PASS,PASS,PASS,0,0
PF_P4D_HN_SQUAT_G006_V02,PF_P4D_HN_SQUAT_G006,V02,hard_negative,squat_crouch_deep_bend,NEW_SCREEN,/home/yanbo/下载/batches/batch_person-fallen-v2-p4d-hardneg-rev1-camera1p5m/prompts/PF_P4D_HN_SQUAT_G006_V02.txt,348bc3b79c2383a87bce713946088c5416c383be8b6857481e5c7622f3c451a2,348bc3b79c2383a87bce713946088c5416c383be8b6857481e5c7622f3c451a2,Q7_EXECUTION,CODEX_SAFE_STAGED_CV_V1,Q7_EXECUTION,CODEX_SAFE_STAGED_CV_V1,codex,/home/yanbo/net_vlm_person_fallen_v2_optimization/08_p4d_new_hard_negative_dev_revision/02_generation/gr3_fullregen/06_execution/quota_campaign_window_04_gr3q7_authorized_20260831_01/02_runner/run_config.json,PASS,preexisting_partition_sha256,/home/yanbo/net_vlm_person_fallen_v2_optimization/08_p4d_new_hard_negative_dev_revision/02_generation/gr3_fullregen/06_execution/quota_campaign_window_04_gr3q7_authorized_20260831_01/07_generated_raw/PF_P4D_HN_SQUAT_G006_V02.png,7b14b02bae5fb89d96cf6cf35f0e85a08286e6d72184ce551d5d7b817472aa83,7b14b02bae5fb89d96cf6cf35f0e85a08286e6d72184ce551d5d7b817472aa83,1672,941,PNG,True,True,/home/yanbo/net_vlm_person_fallen_v2_optimization/08_p4d_new_hard_negative_dev_revision/02_generation/gr3_fullregen/06_execution/quota_campaign_window_04_gr3q7_authorized_20260831_01/08_final/PF_P4D_HN_SQUAT_G006_V02.png,8fea406b8d47b179de27d7211774a16acb7029bdb9da469b466cc54b4f9afdd7,8fea406b8d47b179de27d7211774a16acb7029bdb9da469b466cc54b4f9afdd7,1920,1080,PNG,True,True,PASS,PASS,PASS,0,0
PF_P4D_HN_SQUAT_G006_V03,PF_P4D_HN_SQUAT_G006,V03,hard_negative,squat_crouch_deep_bend,NEW_SCREEN,/home/yanbo/下载/batches/batch_person-fallen-v2-p4d-hardneg-rev1-camera1p5m/prompts/PF_P4D_HN_SQUAT_G006_V03.txt,36082ac7cb7ba476b0ccf6358616044619f45f2b1ec469076752dd104cbf2e35,36082ac7cb7ba476b0ccf6358616044619f45f2b1ec469076752dd104cbf2e35,Q7_EXECUTION,CODEX_SAFE_STAGED_CV_V1,Q7_EXECUTION,CODEX_SAFE_STAGED_CV_V1,codex,/home/yanbo/net_vlm_person_fallen_v2_optimization/08_p4d_new_hard_negative_dev_revision/02_generation/gr3_fullregen/06_execution/quota_campaign_window_04_gr3q7_authorized_20260831_01/02_runner/run_config.json,PASS,preexisting_partition_sha256,/home/yanbo/net_vlm_person_fallen_v2_optimization/08_p4d_new_hard_negative_dev_revision/02_generation/gr3_fullregen/06_execution/quota_campaign_window_04_gr3q7_authorized_20260831_01/07_generated_raw/PF_P4D_HN_SQUAT_G006_V03.png,8408f7f7e4d1f6bf5764f6817c94e9e19db94a93cf5c25c1433cd71f3fe7a3ed,8408f7f7e4d1f6bf5764f6817c94e9e19db94a93cf5c25c1433cd71f3fe7a3ed,1672,941,PNG,True,True,/home/yanbo/net_vlm_person_fallen_v2_optimization/08_p4d_new_hard_negative_dev_revision/02_generation/gr3_fullregen/06_execution/quota_campaign_window_04_gr3q7_authorized_20260831_01/08_final/PF_P4D_HN_SQUAT_G006_V03.png,9f2e8a7815f4829fa88c4a14905343c8f698d020582a194d899d3bdd0bb7c922,9f2e8a7815f4829fa88c4a14905343c8f698d020582a194d899d3bdd0bb7c922,1920,1080,PNG,True,True,PASS,PASS,PASS,0,0
PF_P4D_HN_SQUAT_G006_V04,PF_P4D_HN_SQUAT_G006,V04,hard_negative,squat_crouch_deep_bend,NEW_SCREEN,/home/yanbo/下载/batches/batch_person-fallen-v2-p4d-hardneg-rev1-camera1p5m/prompts/PF_P4D_HN_SQUAT_G006_V04.txt,51166e09fbe0ba5b105e354d9b69842f2f8d3251c304f5bb0d1a60050e7ff3dd,51166e09fbe0ba5b105e354d9b69842f2f8d3251c304f5bb0d1a60050e7ff3dd,Q7_EXECUTION,CODEX_SAFE_STAGED_CV_V1,Q7_EXECUTION,CODEX_SAFE_STAGED_CV_V1,codex,/home/yanbo/net_vlm_person_fallen_v2_optimization/08_p4d_new_hard_negative_dev_revision/02_generation/gr3_fullregen/06_execution/quota_campaign_window_04_gr3q7_authorized_20260831_01/02_runner/run_config.json,PASS,preexisting_partition_sha256,/home/yanbo/net_vlm_person_fallen_v2_optimization/08_p4d_new_hard_negative_dev_revision/02_generation/gr3_fullregen/06_execution/quota_campaign_window_04_gr3q7_authorized_20260831_01/07_generated_raw/PF_P4D_HN_SQUAT_G006_V04.png,f66b8b912bbb6afd60bdf4345103e7fc9754593189cb6adaa3cd060882ba0622,f66b8b912bbb6afd60bdf4345103e7fc9754593189cb6adaa3cd060882ba0622,1672,941,PNG,True,True,/home/yanbo/net_vlm_person_fallen_v2_optimization/08_p4d_new_hard_negative_dev_revision/02_generation/gr3_fullregen/06_execution/quota_campaign_window_04_gr3q7_authorized_20260831_01/08_final/PF_P4D_HN_SQUAT_G006_V04.png,16abb64f9c6d14df3615793a8e3c963b99d6ff7030b11f69f70674178ca09619,16abb64f9c6d14df3615793a8e3c963b99d6ff7030b11f69f70674178ca09619,1920,1080,PNG,True,True,PASS,PASS,PASS,0,0
PF_P4D_HN_SQUAT_G006_V05,PF_P4D_HN_SQUAT_G006,V05,hard_negative,squat_crouch_deep_bend,NEW_SCREEN,/home/yanbo/下载/batches/batch_person-fallen-v2-p4d-hardneg-rev1-camera1p5m/prompts/PF_P4D_HN_SQUAT_G006_V05.txt,df1c9978b59506bbb5ce3000a19dbfcb0537f1b4e9a5f636e9b876225ba8e01e,df1c9978b59506bbb5ce3000a19dbfcb0537f1b4e9a5f636e9b876225ba8e01e,Q7_EXECUTION,CODEX_SAFE_STAGED_CV_V1,Q7_EXECUTION,CODEX_SAFE_STAGED_CV_V1,codex,/home/yanbo/net_vlm_person_fallen_v2_optimization/08_p4d_new_hard_negative_dev_revision/02_generation/gr3_fullregen/06_execution/quota_campaign_window_04_gr3q7_authorized_20260831_01/02_runner/run_config.json,PASS,preexisting_partition_sha256,/home/yanbo/net_vlm_person_fallen_v2_optimization/08_p4d_new_hard_negative_dev_revision/02_generation/gr3_fullregen/06_execution/quota_campaign_window_04_gr3q7_authorized_20260831_01/07_generated_raw/PF_P4D_HN_SQUAT_G006_V05.png,cdccbe3761325745d792a0c1945af8d4a9ed672414515de1a180cb1a7e42de19,cdccbe3761325745d792a0c1945af8d4a9ed672414515de1a180cb1a7e42de19,1672,941,PNG,True,True,/home/yanbo/net_vlm_person_fallen_v2_optimization/08_p4d_new_hard_negative_dev_revision/02_generation/gr3_fullregen/06_execution/quota_campaign_window_04_gr3q7_authorized_20260831_01/08_final/PF_P4D_HN_SQUAT_G006_V05.png,be82a50da7b39a0577a009ef61a133393fd33d1c938f71d009e6b63ed0349906,be82a50da7b39a0577a009ef61a133393fd33d1c938f71d009e6b63ed0349906,1920,1080,PNG,True,True,PASS,PASS,PASS,0,0
PF_P4D_HN_MIX_G003_V01,PF_P4D_HN_MIX_G003,V01,hard_negative,mixed_hard_negative,NEW_SCREEN,/home/yanbo/下载/batches/batch_person-fallen-v2-p4d-hardneg-rev1-camera1p5m/prompts/PF_P4D_HN_MIX_G003_V01.txt,49e11bb9201912221b692c599796bcc5c39fa42631f5e5ba6572ecf6c4e2ea89,49e11bb9201912221b692c599796bcc5c39fa42631f5e5ba6572ecf6c4e2ea89,Q8_EXECUTION,CODEX_SAFE_STAGED_CV_V1,Q8_EXECUTION,CODEX_SAFE_STAGED_CV_V1,codex,/home/yanbo/net_vlm_person_fallen_v2_optimization/08_p4d_new_hard_negative_dev_revision/02_generation/gr3_fullregen/06_execution/quota_campaign_window_05_gr3q8_authorized_20260831_01/02_plan/run_config.json,PASS,preexisting_partition_sha256,/home/yanbo/net_vlm_person_fallen_v2_optimization/08_p4d_new_hard_negative_dev_revision/02_generation/gr3_fullregen/06_execution/quota_campaign_window_05_gr3q8_authorized_20260831_01/07_generated_raw/PF_P4D_HN_MIX_G003_V01.png,fbdfb79347c4cb1c699d0e019a5eeb03207c10975afd2ca8297baa87f6ab3717,fbdfb79347c4cb1c699d0e019a5eeb03207c10975afd2ca8297baa87f6ab3717,1672,941,PNG,True,True,/home/yanbo/net_vlm_person_fallen_v2_optimization/08_p4d_new_hard_negative_dev_revision/02_generation/gr3_fullregen/06_execution/quota_campaign_window_05_gr3q8_authorized_20260831_01/08_final/PF_P4D_HN_MIX_G003_V01.png,bf382895a2f7b29162c6b32fbde747c1071625c5053789b4360f469942e1d234,bf382895a2f7b29162c6b32fbde747c1071625c5053789b4360f469942e1d234,1920,1080,PNG,True,True,PASS,PASS,PASS,0,0
PF_P4D_HN_MIX_G003_V02,PF_P4D_HN_MIX_G003,V02,hard_negative,mixed_hard_negative,NEW_SCREEN,/home/yanbo/下载/batches/batch_person-fallen-v2-p4d-hardneg-rev1-camera1p5m/prompts/PF_P4D_HN_MIX_G003_V02.txt,99310ef8c1ceca3ae54b97b256727e0c463f0c5bd58314b46e674851fe22a544,99310ef8c1ceca3ae54b97b256727e0c463f0c5bd58314b46e674851fe22a544,Q8_EXECUTION,CODEX_SAFE_STAGED_CV_V1,Q8_EXECUTION,CODEX_SAFE_STAGED_CV_V1,codex,/home/yanbo/net_vlm_person_fallen_v2_optimization/08_p4d_new_hard_negative_dev_revision/02_generation/gr3_fullregen/06_execution/quota_campaign_window_05_gr3q8_authorized_20260831_01/02_plan/run_config.json,PASS,preexisting_partition_sha256,/home/yanbo/net_vlm_person_fallen_v2_optimization/08_p4d_new_hard_negative_dev_revision/02_generation/gr3_fullregen/06_execution/quota_campaign_window_05_gr3q8_authorized_20260831_01/07_generated_raw/PF_P4D_HN_MIX_G003_V02.png,f1bf4d66ced9a8beb2a419107c4e0bc4295d5cdb16897e3bd69cea30046f1cd1,f1bf4d66ced9a8beb2a419107c4e0bc4295d5cdb16897e3bd69cea30046f1cd1,1672,941,PNG,True,True,/home/yanbo/net_vlm_person_fallen_v2_optimization/08_p4d_new_hard_negative_dev_revision/02_generation/gr3_fullregen/06_execution/quota_campaign_window_05_gr3q8_authorized_20260831_01/08_final/PF_P4D_HN_MIX_G003_V02.png,bfdd5e06500f9a54dee1443f8ee51c40db46695c54ad94c54e237330bc1929fa,bfdd5e06500f9a54dee1443f8ee51c40db46695c54ad94c54e237330bc1929fa,1920,1080,PNG,True,True,PASS,PASS,PASS,0,0
PF_P4D_HN_MIX_G003_V03,PF_P4D_HN_MIX_G003,V03,hard_negative,mixed_hard_negative,NEW_SCREEN,/home/yanbo/下载/batches/batch_person-fallen-v2-p4d-hardneg-rev1-camera1p5m/prompts/PF_P4D_HN_MIX_G003_V03.txt,15606e25cedaeb1d1c364e9cc30d7fd68106b8eaca9308c6eebcf24401840062,15606e25cedaeb1d1c364e9cc30d7fd68106b8eaca9308c6eebcf24401840062,Q8_EXECUTION,CODEX_SAFE_STAGED_CV_V1,Q8_EXECUTION,CODEX_SAFE_STAGED_CV_V1,codex,/home/yanbo/net_vlm_person_fallen_v2_optimization/08_p4d_new_hard_negative_dev_revision/02_generation/gr3_fullregen/06_execution/quota_campaign_window_05_gr3q8_authorized_20260831_01/02_plan/run_config.json,PASS,preexisting_partition_sha256,/home/yanbo/net_vlm_person_fallen_v2_optimization/08_p4d_new_hard_negative_dev_revision/02_generation/gr3_fullregen/06_execution/quota_campaign_window_05_gr3q8_authorized_20260831_01/07_generated_raw/PF_P4D_HN_MIX_G003_V03.png,b21f334c3675aea24c9423d56e1286652e9f2e38945e5a775024b0d863d604c6,b21f334c3675aea24c9423d56e1286652e9f2e38945e5a775024b0d863d604c6,1672,941,PNG,True,True,/home/yanbo/net_vlm_person_fallen_v2_optimization/08_p4d_new_hard_negative_dev_revision/02_generation/gr3_fullregen/06_execution/quota_campaign_window_05_gr3q8_authorized_20260831_01/08_final/PF_P4D_HN_MIX_G003_V03.png,de1ce3010d3bc086c0309de6621809c70a175b49a67c18b30894fbb0165c1bc5,de1ce3010d3bc086c0309de6621809c70a175b49a67c18b30894fbb0165c1bc5,1920,1080,PNG,True,True,PASS,PASS,PASS,0,0
PF_P4D_HN_MIX_G003_V04,PF_P4D_HN_MIX_G003,V04,hard_negative,mixed_hard_negative,NEW_SCREEN,/home/yanbo/下载/batches/batch_person-fallen-v2-p4d-hardneg-rev1-camera1p5m/prompts/PF_P4D_HN_MIX_G003_V04.txt,481fbf877dc576abad2c7d3d30b66f4b9d0d55a3ca6f038fa100a23cf756373f,481fbf877dc576abad2c7d3d30b66f4b9d0d55a3ca6f038fa100a23cf756373f,Q8_EXECUTION,CODEX_SAFE_STAGED_CV_V1,Q8_EXECUTION,CODEX_SAFE_STAGED_CV_V1,codex,/home/yanbo/net_vlm_person_fallen_v2_optimization/08_p4d_new_hard_negative_dev_revision/02_generation/gr3_fullregen/06_execution/quota_campaign_window_05_gr3q8_authorized_20260831_01/02_plan/run_config.json,PASS,preexisting_partition_sha256,/home/yanbo/net_vlm_person_fallen_v2_optimization/08_p4d_new_hard_negative_dev_revision/02_generation/gr3_fullregen/06_execution/quota_campaign_window_05_gr3q8_authorized_20260831_01/07_generated_raw/PF_P4D_HN_MIX_G003_V04.png,f8bd33e697ae992b7aa741538af6850374960ebe6ca6026c9f52ac4da290e522,f8bd33e697ae992b7aa741538af6850374960ebe6ca6026c9f52ac4da290e522,1672,941,PNG,True,True,/home/yanbo/net_vlm_person_fallen_v2_optimization/08_p4d_new_hard_negative_dev_revision/02_generation/gr3_fullregen/06_execution/quota_campaign_window_05_gr3q8_authorized_20260831_01/08_final/PF_P4D_HN_MIX_G003_V04.png,17eaf46440682d6ca3e41a449e33a4d7c3e463f3a963ce0758753425af643b13,17eaf46440682d6ca3e41a449e33a4d7c3e463f3a963ce0758753425af643b13,1920,1080,PNG,True,True,PASS,PASS,PASS,0,0
PF_P4D_HN_MIX_G003_V05,PF_P4D_HN_MIX_G003,V05,hard_negative,mixed_hard_negative,NEW_SCREEN,/home/yanbo/下载/batches/batch_person-fallen-v2-p4d-hardneg-rev1-camera1p5m/prompts/PF_P4D_HN_MIX_G003_V05.txt,ae0035761ecade2534a18d8bb24cc510fb08756f2a0ba60cfdc203be6aa4269b,ae0035761ecade2534a18d8bb24cc510fb08756f2a0ba60cfdc203be6aa4269b,Q8_EXECUTION,CODEX_SAFE_STAGED_CV_V1,Q8_EXECUTION,CODEX_SAFE_STAGED_CV_V1,codex,/home/yanbo/net_vlm_person_fallen_v2_optimization/08_p4d_new_hard_negative_dev_revision/02_generation/gr3_fullregen/06_execution/quota_campaign_window_05_gr3q8_authorized_20260831_01/02_plan/run_config.json,PASS,preexisting_partition_sha256,/home/yanbo/net_vlm_person_fallen_v2_optimization/08_p4d_new_hard_negative_dev_revision/02_generation/gr3_fullregen/06_execution/quota_campaign_window_05_gr3q8_authorized_20260831_01/07_generated_raw/PF_P4D_HN_MIX_G003_V05.png,e921aa63b44a5751f2ae448bb601112e71e7807c8a85676c90fb950a3ad88a1e,e921aa63b44a5751f2ae448bb601112e71e7807c8a85676c90fb950a3ad88a1e,1672,941,PNG,True,True,/home/yanbo/net_vlm_person_fallen_v2_optimization/08_p4d_new_hard_negative_dev_revision/02_generation/gr3_fullregen/06_execution/quota_campaign_window_05_gr3q8_authorized_20260831_01/08_final/PF_P4D_HN_MIX_G003_V05.png,da444bdf191fde922674c5921d71193faee7832d1313d3af2e1e4fecfab5221d,da444bdf191fde922674c5921d71193faee7832d1313d3af2e1e4fecfab5221d,1920,1080,PNG,True,True,PASS,PASS,PASS,0,0
PF_P4D_POS_SUPINE_G001_V01,PF_P4D_POS_SUPINE_G001,V01,positive,supine_ground_lying,NEW_DESIGN,/home/yanbo/下载/batches/batch_person-fallen-v2-p4d-hardneg-rev1-camera1p5m/prompts/PF_P4D_POS_SUPINE_G001_V01.txt,80c184f9a3d90728487441566d8fea91ecaae77e585eb5227343e30306e7da7f,80c184f9a3d90728487441566d8fea91ecaae77e585eb5227343e30306e7da7f,Q8_EXECUTION,CODEX_SAFE_STAGED_CV_V1,Q8_EXECUTION,CODEX_SAFE_STAGED_CV_V1,codex,/home/yanbo/net_vlm_person_fallen_v2_optimization/08_p4d_new_hard_negative_dev_revision/02_generation/gr3_fullregen/06_execution/quota_campaign_window_05_gr3q8_authorized_20260831_01/02_plan/run_config.json,PASS,preexisting_partition_sha256,/home/yanbo/net_vlm_person_fallen_v2_optimization/08_p4d_new_hard_negative_dev_revision/02_generation/gr3_fullregen/06_execution/quota_campaign_window_05_gr3q8_authorized_20260831_01/07_generated_raw/PF_P4D_POS_SUPINE_G001_V01.png,36f283a08215165dece73c60500a65c4771cc52e8ba05e1307dfc23f4460bd91,36f283a08215165dece73c60500a65c4771cc52e8ba05e1307dfc23f4460bd91,1672,941,PNG,True,True,/home/yanbo/net_vlm_person_fallen_v2_optimization/08_p4d_new_hard_negative_dev_revision/02_generation/gr3_fullregen/06_execution/quota_campaign_window_05_gr3q8_authorized_20260831_01/08_final/PF_P4D_POS_SUPINE_G001_V01.png,e3e039b8e2130df68ff57dea9ba8cb49ac5a1f1ab7ac8cc6327d084589b26b90,e3e039b8e2130df68ff57dea9ba8cb49ac5a1f1ab7ac8cc6327d084589b26b90,1920,1080,PNG,True,True,PASS,PASS,PASS,0,0
PF_P4D_POS_SUPINE_G001_V02,PF_P4D_POS_SUPINE_G001,V02,positive,supine_ground_lying,NEW_DESIGN,/home/yanbo/下载/batches/batch_person-fallen-v2-p4d-hardneg-rev1-camera1p5m/prompts/PF_P4D_POS_SUPINE_G001_V02.txt,e5dbf5a3b3a07d073c312ad43195f928aee033cb70f655118bf9727507e4b9d9,e5dbf5a3b3a07d073c312ad43195f928aee033cb70f655118bf9727507e4b9d9,Q8_EXECUTION,CODEX_SAFE_STAGED_CV_V1,Q8_EXECUTION,CODEX_SAFE_STAGED_CV_V1,codex,/home/yanbo/net_vlm_person_fallen_v2_optimization/08_p4d_new_hard_negative_dev_revision/02_generation/gr3_fullregen/06_execution/quota_campaign_window_05_gr3q8_authorized_20260831_01/02_plan/run_config.json,PASS,preexisting_partition_sha256,/home/yanbo/net_vlm_person_fallen_v2_optimization/08_p4d_new_hard_negative_dev_revision/02_generation/gr3_fullregen/06_execution/quota_campaign_window_05_gr3q8_authorized_20260831_01/07_generated_raw/PF_P4D_POS_SUPINE_G001_V02.png,0f7611c59cac525019b62998578d6ef141a0c398433fc4f1f7b155518900dd69,0f7611c59cac525019b62998578d6ef141a0c398433fc4f1f7b155518900dd69,1672,941,PNG,True,True,/home/yanbo/net_vlm_person_fallen_v2_optimization/08_p4d_new_hard_negative_dev_revision/02_generation/gr3_fullregen/06_execution/quota_campaign_window_05_gr3q8_authorized_20260831_01/08_final/PF_P4D_POS_SUPINE_G001_V02.png,9eb06de9fbfb73dd717675234cca81ed2374265640fae06a3a4b2ddda116d403,9eb06de9fbfb73dd717675234cca81ed2374265640fae06a3a4b2ddda116d403,1920,1080,PNG,True,True,PASS,PASS,PASS,0,0
PF_P4D_POS_SUPINE_G001_V03,PF_P4D_POS_SUPINE_G001,V03,positive,supine_ground_lying,NEW_DESIGN,/home/yanbo/下载/batches/batch_person-fallen-v2-p4d-hardneg-rev1-camera1p5m/prompts/PF_P4D_POS_SUPINE_G001_V03.txt,63325762bee694281780c8909d89cf25c05e5d2a33fd282127cb6ac79732f6d9,63325762bee694281780c8909d89cf25c05e5d2a33fd282127cb6ac79732f6d9,Q8_EXECUTION,CODEX_SAFE_STAGED_CV_V1,Q8_EXECUTION,CODEX_SAFE_STAGED_CV_V1,codex,/home/yanbo/net_vlm_person_fallen_v2_optimization/08_p4d_new_hard_negative_dev_revision/02_generation/gr3_fullregen/06_execution/quota_campaign_window_05_gr3q8_authorized_20260831_01/02_plan/run_config.json,PASS,preexisting_partition_sha256,/home/yanbo/net_vlm_person_fallen_v2_optimization/08_p4d_new_hard_negative_dev_revision/02_generation/gr3_fullregen/06_execution/quota_campaign_window_05_gr3q8_authorized_20260831_01/07_generated_raw/PF_P4D_POS_SUPINE_G001_V03.png,bc4e622afe4a762a053279a76e3f658887eeeaa8cf3a9f567c8bf887e8ceef1e,bc4e622afe4a762a053279a76e3f658887eeeaa8cf3a9f567c8bf887e8ceef1e,1672,941,PNG,True,True,/home/yanbo/net_vlm_person_fallen_v2_optimization/08_p4d_new_hard_negative_dev_revision/02_generation/gr3_fullregen/06_execution/quota_campaign_window_05_gr3q8_authorized_20260831_01/08_final/PF_P4D_POS_SUPINE_G001_V03.png,03d8aaca8ea998c335dbe9a16a82425467785c2ae2c7663d0f420cb784d72515,03d8aaca8ea998c335dbe9a16a82425467785c2ae2c7663d0f420cb784d72515,1920,1080,PNG,True,True,PASS,PASS,PASS,0,0
PF_P4D_POS_SUPINE_G001_V04,PF_P4D_POS_SUPINE_G001,V04,positive,supine_ground_lying,NEW_DESIGN,/home/yanbo/下载/batches/batch_person-fallen-v2-p4d-hardneg-rev1-camera1p5m/prompts/PF_P4D_POS_SUPINE_G001_V04.txt,dd7ea143104aebe67054609f9141324bba2e4e42af9b91a538169c011a9fc8ed,dd7ea143104aebe67054609f9141324bba2e4e42af9b91a538169c011a9fc8ed,Q8_EXECUTION,CODEX_SAFE_STAGED_CV_V1,Q8_EXECUTION,CODEX_SAFE_STAGED_CV_V1,codex,/home/yanbo/net_vlm_person_fallen_v2_optimization/08_p4d_new_hard_negative_dev_revision/02_generation/gr3_fullregen/06_execution/quota_campaign_window_05_gr3q8_authorized_20260831_01/02_plan/run_config.json,PASS,preexisting_partition_sha256,/home/yanbo/net_vlm_person_fallen_v2_optimization/08_p4d_new_hard_negative_dev_revision/02_generation/gr3_fullregen/06_execution/quota_campaign_window_05_gr3q8_authorized_20260831_01/07_generated_raw/PF_P4D_POS_SUPINE_G001_V04.png,3f028ac892be389114fe21e9925fdbb109b14b36f43acb4d19f3eb698b3d8904,3f028ac892be389114fe21e9925fdbb109b14b36f43acb4d19f3eb698b3d8904,1672,941,PNG,True,True,/home/yanbo/net_vlm_person_fallen_v2_optimization/08_p4d_new_hard_negative_dev_revision/02_generation/gr3_fullregen/06_execution/quota_campaign_window_05_gr3q8_authorized_20260831_01/08_final/PF_P4D_POS_SUPINE_G001_V04.png,5b0bd30173956a0bffc6529e8e80248139cd2e98db8d58c47d2c635bea96997d,5b0bd30173956a0bffc6529e8e80248139cd2e98db8d58c47d2c635bea96997d,1920,1080,PNG,True,True,PASS,PASS,PASS,0,0
PF_P4D_POS_SUPINE_G001_V05,PF_P4D_POS_SUPINE_G001,V05,positive,supine_ground_lying,NEW_DESIGN,/home/yanbo/下载/batches/batch_person-fallen-v2-p4d-hardneg-rev1-camera1p5m/prompts/PF_P4D_POS_SUPINE_G001_V05.txt,3c1c684d63321e001fadbf7f56b88f3a6479a5267fbb86e591090010be4b8cf4,3c1c684d63321e001fadbf7f56b88f3a6479a5267fbb86e591090010be4b8cf4,Q8_EXECUTION,CODEX_SAFE_STAGED_CV_V1,Q8_EXECUTION,CODEX_SAFE_STAGED_CV_V1,codex,/home/yanbo/net_vlm_person_fallen_v2_optimization/08_p4d_new_hard_negative_dev_revision/02_generation/gr3_fullregen/06_execution/quota_campaign_window_05_gr3q8_authorized_20260831_01/02_plan/run_config.json,PASS,preexisting_partition_sha256,/home/yanbo/net_vlm_person_fallen_v2_optimization/08_p4d_new_hard_negative_dev_revision/02_generation/gr3_fullregen/06_execution/quota_campaign_window_05_gr3q8_authorized_20260831_01/07_generated_raw/PF_P4D_POS_SUPINE_G001_V05.png,d52ec439286d62f794a604a9a4a7b954a1e9177a2948cdc8d8b177f48e455e75,d52ec439286d62f794a604a9a4a7b954a1e9177a2948cdc8d8b177f48e455e75,1672,941,PNG,True,True,/home/yanbo/net_vlm_person_fallen_v2_optimization/08_p4d_new_hard_negative_dev_revision/02_generation/gr3_fullregen/06_execution/quota_campaign_window_05_gr3q8_authorized_20260831_01/08_final/PF_P4D_POS_SUPINE_G001_V05.png,9273361ba7cea7d5d4a23ccc85d8a3f4b5bdbf992c337a8cb562a5d31b6dc290,9273361ba7cea7d5d4a23ccc85d8a3f4b5bdbf992c337a8cb562a5d31b6dc290,1920,1080,PNG,True,True,PASS,PASS,PASS,0,0
PF_P4D_POS_SUPINE_G004_V01,PF_P4D_POS_SUPINE_G004,V01,positive,supine_ground_lying,NEW_SCREEN,/home/yanbo/下载/batches/batch_person-fallen-v2-p4d-hardneg-rev1-camera1p5m/prompts/PF_P4D_POS_SUPINE_G004_V01.txt,e3e5534f84134d8449aba874ed81b45328e90470ac282c85d8879207ec3e2cb7,e3e5534f84134d8449aba874ed81b45328e90470ac282c85d8879207ec3e2cb7,PRE_Q7_VERIFIED,CODEX_SAFE_STAGED_CV_V1,Q2_PRE_Q6_LEGACY_INVENTORY,LEGACY_NO_ADAPTER,codex,/home/yanbo/net_vlm_person_fallen_v2_optimization/08_p4d_new_hard_negative_dev_revision/02_generation/gr3_fullregen/06_execution/quota_campaign_window_02_policy_adapter_20260830_01/00_preflight/current_verified_success_132.csv,PASS,preexisting_inventory_sha256,/home/yanbo/net_vlm_person_fallen_v2_optimization/08_p4d_new_hard_negative_dev_revision/02_generation/gr3_fullregen/06_execution/quota_campaign_window_01_authorized_20260830_05/07_generated_raw/PF_P4D_POS_SUPINE_G004_V01.png,edf32b43601685cffdcf20bb335de0b71daa1d044b580bc2b50853947989fd18,edf32b43601685cffdcf20bb335de0b71daa1d044b580bc2b50853947989fd18,1672,941,PNG,True,True,/home/yanbo/net_vlm_person_fallen_v2_optimization/08_p4d_new_hard_negative_dev_revision/02_generation/gr3_fullregen/06_execution/quota_campaign_window_01_authorized_20260830_05/08_final/PF_P4D_POS_SUPINE_G004_V01.png,8099807b5016585ee3ad05867beafcc3a6c1d9ac4bd836157d6d0909519859d2,8099807b5016585ee3ad05867beafcc3a6c1d9ac4bd836157d6d0909519859d2,1920,1080,PNG,True,True,PASS,PASS,PASS,0,0
PF_P4D_POS_SUPINE_G004_V02,PF_P4D_POS_SUPINE_G004,V02,positive,supine_ground_lying,NEW_SCREEN,/home/yanbo/下载/batches/batch_person-fallen-v2-p4d-hardneg-rev1-camera1p5m/prompts/PF_P4D_POS_SUPINE_G004_V02.txt,29ebcc386897ecc3c0ef64d0be4489fc1a19bfb95ae3b69ec927ffdc3a29ab1a,29ebcc386897ecc3c0ef64d0be4489fc1a19bfb95ae3b69ec927ffdc3a29ab1a,PRE_Q7_VERIFIED,CODEX_SAFE_STAGED_CV_V1,Q2_PRE_Q6_LEGACY_INVENTORY,LEGACY_NO_ADAPTER,codex,/home/yanbo/net_vlm_person_fallen_v2_optimization/08_p4d_new_hard_negative_dev_revision/02_generation/gr3_fullregen/06_execution/quota_campaign_window_02_policy_adapter_20260830_01/00_preflight/current_verified_success_132.csv,PASS,preexisting_inventory_sha256,/home/yanbo/net_vlm_person_fallen_v2_optimization/08_p4d_new_hard_negative_dev_revision/02_generation/gr3_fullregen/06_execution/quota_campaign_window_01_authorized_20260830_05/07_generated_raw/PF_P4D_POS_SUPINE_G004_V02.png,adc18c6878ae9860487a3056acfc31c34cc8d17a57e9b0e440e08379b9b806f9,adc18c6878ae9860487a3056acfc31c34cc8d17a57e9b0e440e08379b9b806f9,1672,941,PNG,True,True,/home/yanbo/net_vlm_person_fallen_v2_optimization/08_p4d_new_hard_negative_dev_revision/02_generation/gr3_fullregen/06_execution/quota_campaign_window_01_authorized_20260830_05/08_final/PF_P4D_POS_SUPINE_G004_V02.png,0f7980a5fa653d0df5e828a14192d525f287dcc1df92e8c9012444f249b11b12,0f7980a5fa653d0df5e828a14192d525f287dcc1df92e8c9012444f249b11b12,1920,1080,PNG,True,True,PASS,PASS,PASS,0,0
PF_P4D_POS_SUPINE_G004_V03,PF_P4D_POS_SUPINE_G004,V03,positive,supine_ground_lying,NEW_SCREEN,/home/yanbo/下载/batches/batch_person-fallen-v2-p4d-hardneg-rev1-camera1p5m/prompts/PF_P4D_POS_SUPINE_G004_V03.txt,8bc3191dc90a571679947c49a3ab18f364d60a66c058797a8905469288e37006,8bc3191dc90a571679947c49a3ab18f364d60a66c058797a8905469288e37006,PRE_Q7_VERIFIED,CODEX_SAFE_STAGED_CV_V1,Q2_PRE_Q6_LEGACY_INVENTORY,LEGACY_NO_ADAPTER,codex,/home/yanbo/net_vlm_person_fallen_v2_optimization/08_p4d_new_hard_negative_dev_revision/02_generation/gr3_fullregen/06_execution/quota_campaign_window_02_policy_adapter_20260830_01/00_preflight/current_verified_success_132.csv,PASS,preexisting_inventory_sha256,/home/yanbo/net_vlm_person_fallen_v2_optimization/08_p4d_new_hard_negative_dev_revision/02_generation/gr3_fullregen/06_execution/quota_campaign_window_01_authorized_20260830_05/07_generated_raw/PF_P4D_POS_SUPINE_G004_V03.png,ea26bebb5217d6e9d7af58ef2f366b1ef2d6af4bf69af71cac873d27b8fdd95d,ea26bebb5217d6e9d7af58ef2f366b1ef2d6af4bf69af71cac873d27b8fdd95d,1672,941,PNG,True,True,/home/yanbo/net_vlm_person_fallen_v2_optimization/08_p4d_new_hard_negative_dev_revision/02_generation/gr3_fullregen/06_execution/quota_campaign_window_01_authorized_20260830_05/08_final/PF_P4D_POS_SUPINE_G004_V03.png,8edee3b619ed808644e94e7b0c9d64b8b4e4c8ffddc812bf7411bbca57f819c8,8edee3b619ed808644e94e7b0c9d64b8b4e4c8ffddc812bf7411bbca57f819c8,1920,1080,PNG,True,True,PASS,PASS,PASS,0,0
PF_P4D_POS_SUPINE_G004_V04,PF_P4D_POS_SUPINE_G004,V04,positive,supine_ground_lying,NEW_SCREEN,/home/yanbo/下载/batches/batch_person-fallen-v2-p4d-hardneg-rev1-camera1p5m/prompts/PF_P4D_POS_SUPINE_G004_V04.txt,6ea05ddcc2712ce2b97b548663ab55ca0bdda2094c9436cc9241f868a4f29538,6ea05ddcc2712ce2b97b548663ab55ca0bdda2094c9436cc9241f868a4f29538,PRE_Q7_VERIFIED,CODEX_SAFE_STAGED_CV_V1,Q2_PRE_Q6_LEGACY_INVENTORY,LEGACY_NO_ADAPTER,codex,/home/yanbo/net_vlm_person_fallen_v2_optimization/08_p4d_new_hard_negative_dev_revision/02_generation/gr3_fullregen/06_execution/quota_campaign_window_02_policy_adapter_20260830_01/00_preflight/current_verified_success_132.csv,PASS,preexisting_inventory_sha256,/home/yanbo/net_vlm_person_fallen_v2_optimization/08_p4d_new_hard_negative_dev_revision/02_generation/gr3_fullregen/06_execution/quota_campaign_window_01_authorized_20260830_05/07_generated_raw/PF_P4D_POS_SUPINE_G004_V04.png,c6bde2ca780fe179445693ef8ebc45d7cc658a6579d08ca797b8a6af53c1368e,c6bde2ca780fe179445693ef8ebc45d7cc658a6579d08ca797b8a6af53c1368e,1672,941,PNG,True,True,/home/yanbo/net_vlm_person_fallen_v2_optimization/08_p4d_new_hard_negative_dev_revision/02_generation/gr3_fullregen/06_execution/quota_campaign_window_01_authorized_20260830_05/08_final/PF_P4D_POS_SUPINE_G004_V04.png,df951b32f24404546b4782d0b353325838abb1af907eb681b947ed31bfadd2c4,df951b32f24404546b4782d0b353325838abb1af907eb681b947ed31bfadd2c4,1920,1080,PNG,True,True,PASS,PASS,PASS,0,0
PF_P4D_POS_SUPINE_G004_V05,PF_P4D_POS_SUPINE_G004,V05,positive,supine_ground_lying,NEW_SCREEN,/home/yanbo/下载/batches/batch_person-fallen-v2-p4d-hardneg-rev1-camera1p5m/prompts/PF_P4D_POS_SUPINE_G004_V05.txt,1a535f0ca6d79e6c733e45fdeeae0801bb4f09d25f2e56da3913ca75c025565b,1a535f0ca6d79e6c733e45fdeeae0801bb4f09d25f2e56da3913ca75c025565b,PRE_Q7_VERIFIED,CODEX_SAFE_STAGED_CV_V1,Q2_PRE_Q6_LEGACY_INVENTORY,LEGACY_NO_ADAPTER,codex,/home/yanbo/net_vlm_person_fallen_v2_optimization/08_p4d_new_hard_negative_dev_revision/02_generation/gr3_fullregen/06_execution/quota_campaign_window_02_policy_adapter_20260830_01/00_preflight/current_verified_success_132.csv,PASS,preexisting_inventory_sha256,/home/yanbo/net_vlm_person_fallen_v2_optimization/08_p4d_new_hard_negative_dev_revision/02_generation/gr3_fullregen/06_execution/quota_campaign_window_01_authorized_20260830_05/07_generated_raw/PF_P4D_POS_SUPINE_G004_V05.png,bcbffe8b75ecb938cb5fd4d0d74de0d0ef5d186412d9ac775e052bcff54cfed6,bcbffe8b75ecb938cb5fd4d0d74de0d0ef5d186412d9ac775e052bcff54cfed6,1672,941,PNG,True,True,/home/yanbo/net_vlm_person_fallen_v2_optimization/08_p4d_new_hard_negative_dev_revision/02_generation/gr3_fullregen/06_execution/quota_campaign_window_01_authorized_20260830_05/08_final/PF_P4D_POS_SUPINE_G004_V05.png,2667430870aec5cac19459fb2c24b4fae06b248c8d37a74bb35dee008b6e33f0,2667430870aec5cac19459fb2c24b4fae06b248c8d37a74bb35dee008b6e33f0,1920,1080,PNG,True,True,PASS,PASS,PASS,0,0
PF_P4D_POS_PRONE_G001_V01,PF_P4D_POS_PRONE_G001,V01,positive,prone_ground_lying,NEW_DESIGN,/home/yanbo/下载/batches/batch_person-fallen-v2-p4d-hardneg-rev1-camera1p5m/prompts/PF_P4D_POS_PRONE_G001_V01.txt,a323736a5ed2a64780e438a3eebde0f1823ee89ef5a90f83b219b46430e17b5f,a323736a5ed2a64780e438a3eebde0f1823ee89ef5a90f83b219b46430e17b5f,Q8_EXECUTION,CODEX_SAFE_STAGED_CV_V1,Q8_EXECUTION,CODEX_SAFE_STAGED_CV_V1,codex,/home/yanbo/net_vlm_person_fallen_v2_optimization/08_p4d_new_hard_negative_dev_revision/02_generation/gr3_fullregen/06_execution/quota_campaign_window_05_gr3q8_authorized_20260831_01/02_plan/run_config.json,PASS,preexisting_partition_sha256,/home/yanbo/net_vlm_person_fallen_v2_optimization/08_p4d_new_hard_negative_dev_revision/02_generation/gr3_fullregen/06_execution/quota_campaign_window_05_gr3q8_authorized_20260831_01/07_generated_raw/PF_P4D_POS_PRONE_G001_V01.png,4a6b769e5b0cacdfde6bcb35852c300957243d41c2e2ddac6797da5a09db2d13,4a6b769e5b0cacdfde6bcb35852c300957243d41c2e2ddac6797da5a09db2d13,1672,941,PNG,True,True,/home/yanbo/net_vlm_person_fallen_v2_optimization/08_p4d_new_hard_negative_dev_revision/02_generation/gr3_fullregen/06_execution/quota_campaign_window_05_gr3q8_authorized_20260831_01/08_final/PF_P4D_POS_PRONE_G001_V01.png,44e5213eb3e5ed91efe3db9cea4669d392fafb8d616ba975abd18e7b6ff487b0,44e5213eb3e5ed91efe3db9cea4669d392fafb8d616ba975abd18e7b6ff487b0,1920,1080,PNG,True,True,PASS,PASS,PASS,0,0
PF_P4D_POS_PRONE_G001_V02,PF_P4D_POS_PRONE_G001,V02,positive,prone_ground_lying,NEW_DESIGN,/home/yanbo/下载/batches/batch_person-fallen-v2-p4d-hardneg-rev1-camera1p5m/prompts/PF_P4D_POS_PRONE_G001_V02.txt,3cf49b6c5800a0f64c98aeb63e16402c934d576c2d0555a2009ec900bf32a443,3cf49b6c5800a0f64c98aeb63e16402c934d576c2d0555a2009ec900bf32a443,Q8_EXECUTION,CODEX_SAFE_STAGED_CV_V1,Q8_EXECUTION,CODEX_SAFE_STAGED_CV_V1,codex,/home/yanbo/net_vlm_person_fallen_v2_optimization/08_p4d_new_hard_negative_dev_revision/02_generation/gr3_fullregen/06_execution/quota_campaign_window_05_gr3q8_authorized_20260831_01/02_plan/run_config.json,PASS,preexisting_partition_sha256,/home/yanbo/net_vlm_person_fallen_v2_optimization/08_p4d_new_hard_negative_dev_revision/02_generation/gr3_fullregen/06_execution/quota_campaign_window_05_gr3q8_authorized_20260831_01/07_generated_raw/PF_P4D_POS_PRONE_G001_V02.png,da3cff7787062c9326a886b4b8c80aaeb1e8069c432b166e6f9b1cd6889d0d27,da3cff7787062c9326a886b4b8c80aaeb1e8069c432b166e6f9b1cd6889d0d27,1672,941,PNG,True,True,/home/yanbo/net_vlm_person_fallen_v2_optimization/08_p4d_new_hard_negative_dev_revision/02_generation/gr3_fullregen/06_execution/quota_campaign_window_05_gr3q8_authorized_20260831_01/08_final/PF_P4D_POS_PRONE_G001_V02.png,2b44eaabf8fff5f3df8035f7d2590bc9ab8dd5a71ff93ec0eae05b56b5459977,2b44eaabf8fff5f3df8035f7d2590bc9ab8dd5a71ff93ec0eae05b56b5459977,1920,1080,PNG,True,True,PASS,PASS,PASS,0,0
PF_P4D_POS_PRONE_G001_V03,PF_P4D_POS_PRONE_G001,V03,positive,prone_ground_lying,NEW_DESIGN,/home/yanbo/下载/batches/batch_person-fallen-v2-p4d-hardneg-rev1-camera1p5m/prompts/PF_P4D_POS_PRONE_G001_V03.txt,94e8865284deea85d8368bdcb4fb87c37b5ccae7bb98749d9bc949355b7efe92,94e8865284deea85d8368bdcb4fb87c37b5ccae7bb98749d9bc949355b7efe92,Q8_EXECUTION,CODEX_SAFE_STAGED_CV_V1,Q8_EXECUTION,CODEX_SAFE_STAGED_CV_V1,codex,/home/yanbo/net_vlm_person_fallen_v2_optimization/08_p4d_new_hard_negative_dev_revision/02_generation/gr3_fullregen/06_execution/quota_campaign_window_05_gr3q8_authorized_20260831_01/02_plan/run_config.json,PASS,preexisting_partition_sha256,/home/yanbo/net_vlm_person_fallen_v2_optimization/08_p4d_new_hard_negative_dev_revision/02_generation/gr3_fullregen/06_execution/quota_campaign_window_05_gr3q8_authorized_20260831_01/07_generated_raw/PF_P4D_POS_PRONE_G001_V03.png,e632700bf2031c91ac35b816a8b1812980e6d4a85cb9fed2e7bfd7d1d3cc2717,e632700bf2031c91ac35b816a8b1812980e6d4a85cb9fed2e7bfd7d1d3cc2717,1672,941,PNG,True,True,/home/yanbo/net_vlm_person_fallen_v2_optimization/08_p4d_new_hard_negative_dev_revision/02_generation/gr3_fullregen/06_execution/quota_campaign_window_05_gr3q8_authorized_20260831_01/08_final/PF_P4D_POS_PRONE_G001_V03.png,4ff63469df9a231910a897a56257408881bf7deb8ffbc6a390ca0257ca988147,4ff63469df9a231910a897a56257408881bf7deb8ffbc6a390ca0257ca988147,1920,1080,PNG,True,True,PASS,PASS,PASS,0,0
PF_P4D_POS_PRONE_G001_V04,PF_P4D_POS_PRONE_G001,V04,positive,prone_ground_lying,NEW_DESIGN,/home/yanbo/下载/batches/batch_person-fallen-v2-p4d-hardneg-rev1-camera1p5m/prompts/PF_P4D_POS_PRONE_G001_V04.txt,569f3ab96d127c1a77f213a4f6487594c5a5218b722fc13c4995058cc1aa458d,569f3ab96d127c1a77f213a4f6487594c5a5218b722fc13c4995058cc1aa458d,Q8_EXECUTION,CODEX_SAFE_STAGED_CV_V1,Q8_EXECUTION,CODEX_SAFE_STAGED_CV_V1,codex,/home/yanbo/net_vlm_person_fallen_v2_optimization/08_p4d_new_hard_negative_dev_revision/02_generation/gr3_fullregen/06_execution/quota_campaign_window_05_gr3q8_authorized_20260831_01/02_plan/run_config.json,PASS,preexisting_partition_sha256,/home/yanbo/net_vlm_person_fallen_v2_optimization/08_p4d_new_hard_negative_dev_revision/02_generation/gr3_fullregen/06_execution/quota_campaign_window_05_gr3q8_authorized_20260831_01/07_generated_raw/PF_P4D_POS_PRONE_G001_V04.png,4181db10431ec8ef83de8ad3bd87ca1d8de6dc2ce0c45a9222f51fac017f68a6,4181db10431ec8ef83de8ad3bd87ca1d8de6dc2ce0c45a9222f51fac017f68a6,1672,941,PNG,True,True,/home/yanbo/net_vlm_person_fallen_v2_optimization/08_p4d_new_hard_negative_dev_revision/02_generation/gr3_fullregen/06_execution/quota_campaign_window_05_gr3q8_authorized_20260831_01/08_final/PF_P4D_POS_PRONE_G001_V04.png,0f9a47785f5255a87ca5b63b577704d9da8d8d75966a94f6e7a2f57dd9912965,0f9a47785f5255a87ca5b63b577704d9da8d8d75966a94f6e7a2f57dd9912965,1920,1080,PNG,True,True,PASS,PASS,PASS,0,0
PF_P4D_POS_PRONE_G001_V05,PF_P4D_POS_PRONE_G001,V05,positive,prone_ground_lying,NEW_DESIGN,/home/yanbo/下载/batches/batch_person-fallen-v2-p4d-hardneg-rev1-camera1p5m/prompts/PF_P4D_POS_PRONE_G001_V05.txt,6b3a19183abcddd3019246d3529aaff05c0c1394f948fa7cfb9395dff6ed777c,6b3a19183abcddd3019246d3529aaff05c0c1394f948fa7cfb9395dff6ed777c,Q8_EXECUTION,CODEX_SAFE_STAGED_CV_V1,Q8_EXECUTION,CODEX_SAFE_STAGED_CV_V1,codex,/home/yanbo/net_vlm_person_fallen_v2_optimization/08_p4d_new_hard_negative_dev_revision/02_generation/gr3_fullregen/06_execution/quota_campaign_window_05_gr3q8_authorized_20260831_01/02_plan/run_config.json,PASS,preexisting_partition_sha256,/home/yanbo/net_vlm_person_fallen_v2_optimization/08_p4d_new_hard_negative_dev_revision/02_generation/gr3_fullregen/06_execution/quota_campaign_window_05_gr3q8_authorized_20260831_01/07_generated_raw/PF_P4D_POS_PRONE_G001_V05.png,550a3969de5c3abd6b619d96eeefd0ce12912c40193d4389c7c988ecaa0d7058,550a3969de5c3abd6b619d96eeefd0ce12912c40193d4389c7c988ecaa0d7058,1672,941,PNG,True,True,/home/yanbo/net_vlm_person_fallen_v2_optimization/08_p4d_new_hard_negative_dev_revision/02_generation/gr3_fullregen/06_execution/quota_campaign_window_05_gr3q8_authorized_20260831_01/08_final/PF_P4D_POS_PRONE_G001_V05.png,88248d505e415a2aa8b8af9e980baf8e7eef22bb497d46d778c990e2b0942ad2,88248d505e415a2aa8b8af9e980baf8e7eef22bb497d46d778c990e2b0942ad2,1920,1080,PNG,True,True,PASS,PASS,PASS,0,0
PF_P4D_POS_PRONE_G004_V01,PF_P4D_POS_PRONE_G004,V01,positive,prone_ground_lying,NEW_SCREEN,/home/yanbo/下载/batches/batch_person-fallen-v2-p4d-hardneg-rev1-camera1p5m/prompts/PF_P4D_POS_PRONE_G004_V01.txt,df5df68b3a4738c9129f28501baa992515db299cc651c23d6c58c809b401a933,df5df68b3a4738c9129f28501baa992515db299cc651c23d6c58c809b401a933,PRE_Q7_VERIFIED,CODEX_SAFE_STAGED_CV_V1,Q2_PRE_Q6_LEGACY_INVENTORY,LEGACY_NO_ADAPTER,codex,/home/yanbo/net_vlm_person_fallen_v2_optimization/08_p4d_new_hard_negative_dev_revision/02_generation/gr3_fullregen/06_execution/quota_campaign_window_02_policy_adapter_20260830_01/00_preflight/current_verified_success_132.csv,PASS,preexisting_inventory_sha256,/home/yanbo/net_vlm_person_fallen_v2_optimization/08_p4d_new_hard_negative_dev_revision/02_generation/gr3_fullregen/06_execution/quota_campaign_window_01_authorized_20260830_05/07_generated_raw/PF_P4D_POS_PRONE_G004_V01.png,7d2637bf1e24396e10bc26c69ad1a3d726ef8eba56e09820a3cfda03852b986c,7d2637bf1e24396e10bc26c69ad1a3d726ef8eba56e09820a3cfda03852b986c,1672,941,PNG,True,True,/home/yanbo/net_vlm_person_fallen_v2_optimization/08_p4d_new_hard_negative_dev_revision/02_generation/gr3_fullregen/06_execution/quota_campaign_window_01_authorized_20260830_05/08_final/PF_P4D_POS_PRONE_G004_V01.png,24f532ea6ac012a9bfd87ccbc6a6773f000fa4839f70b55a39674a7148425bba,24f532ea6ac012a9bfd87ccbc6a6773f000fa4839f70b55a39674a7148425bba,1920,1080,PNG,True,True,PASS,PASS,PASS,0,0
PF_P4D_POS_PRONE_G004_V02,PF_P4D_POS_PRONE_G004,V02,positive,prone_ground_lying,NEW_SCREEN,/home/yanbo/下载/batches/batch_person-fallen-v2-p4d-hardneg-rev1-camera1p5m/prompts/PF_P4D_POS_PRONE_G004_V02.txt,f8393c7111f3c2cf1558a061c0520e7c8aa9731d611dcbf2efdf0b6994b33ae3,f8393c7111f3c2cf1558a061c0520e7c8aa9731d611dcbf2efdf0b6994b33ae3,PRE_Q7_VERIFIED,CODEX_SAFE_STAGED_CV_V1,Q2_PRE_Q6_LEGACY_INVENTORY,LEGACY_NO_ADAPTER,codex,/home/yanbo/net_vlm_person_fallen_v2_optimization/08_p4d_new_hard_negative_dev_revision/02_generation/gr3_fullregen/06_execution/quota_campaign_window_02_policy_adapter_20260830_01/00_preflight/current_verified_success_132.csv,PASS,preexisting_inventory_sha256,/home/yanbo/net_vlm_person_fallen_v2_optimization/08_p4d_new_hard_negative_dev_revision/02_generation/gr3_fullregen/06_execution/quota_campaign_window_01_authorized_20260830_05/07_generated_raw/PF_P4D_POS_PRONE_G004_V02.png,47f8637d7c170d32389e16d25cafa30fb9808e05c06413e78233de4a20890b26,47f8637d7c170d32389e16d25cafa30fb9808e05c06413e78233de4a20890b26,1672,941,PNG,True,True,/home/yanbo/net_vlm_person_fallen_v2_optimization/08_p4d_new_hard_negative_dev_revision/02_generation/gr3_fullregen/06_execution/quota_campaign_window_01_authorized_20260830_05/08_final/PF_P4D_POS_PRONE_G004_V02.png,318c1dd42378c7de8ef42c7981fe5e710e46535b93405f5c2352ade5c90b5f4f,318c1dd42378c7de8ef42c7981fe5e710e46535b93405f5c2352ade5c90b5f4f,1920,1080,PNG,True,True,PASS,PASS,PASS,0,0
PF_P4D_POS_PRONE_G004_V03,PF_P4D_POS_PRONE_G004,V03,positive,prone_ground_lying,NEW_SCREEN,/home/yanbo/下载/batches/batch_person-fallen-v2-p4d-hardneg-rev1-camera1p5m/prompts/PF_P4D_POS_PRONE_G004_V03.txt,9f2c58b743dff172ae9aed9d266321383648765d6bc08df52144b7428d06b89a,9f2c58b743dff172ae9aed9d266321383648765d6bc08df52144b7428d06b89a,PRE_Q7_VERIFIED,CODEX_SAFE_STAGED_CV_V1,Q2_PRE_Q6_LEGACY_INVENTORY,LEGACY_NO_ADAPTER,codex,/home/yanbo/net_vlm_person_fallen_v2_optimization/08_p4d_new_hard_negative_dev_revision/02_generation/gr3_fullregen/06_execution/quota_campaign_window_02_policy_adapter_20260830_01/00_preflight/current_verified_success_132.csv,PASS,preexisting_inventory_sha256,/home/yanbo/net_vlm_person_fallen_v2_optimization/08_p4d_new_hard_negative_dev_revision/02_generation/gr3_fullregen/06_execution/quota_campaign_window_01_authorized_20260830_05/07_generated_raw/PF_P4D_POS_PRONE_G004_V03.png,51ec9c65e90d0d38ed29207e8a1b3859689f36a332f10e70d5a13f4e4aff748b,51ec9c65e90d0d38ed29207e8a1b3859689f36a332f10e70d5a13f4e4aff748b,1672,941,PNG,True,True,/home/yanbo/net_vlm_person_fallen_v2_optimization/08_p4d_new_hard_negative_dev_revision/02_generation/gr3_fullregen/06_execution/quota_campaign_window_01_authorized_20260830_05/08_final/PF_P4D_POS_PRONE_G004_V03.png,50cedbcdf8e36ea95ccb8312b25492a79738a4caa726231937549fd00c6a4d75,50cedbcdf8e36ea95ccb8312b25492a79738a4caa726231937549fd00c6a4d75,1920,1080,PNG,True,True,PASS,PASS,PASS,0,0
PF_P4D_POS_PRONE_G004_V04,PF_P4D_POS_PRONE_G004,V04,positive,prone_ground_lying,NEW_SCREEN,/home/yanbo/下载/batches/batch_person-fallen-v2-p4d-hardneg-rev1-camera1p5m/prompts/PF_P4D_POS_PRONE_G004_V04.txt,3081b656c59473f0841a05070ba94e188eacbceeb2af2615e5c1716e1f93f2f6,3081b656c59473f0841a05070ba94e188eacbceeb2af2615e5c1716e1f93f2f6,PRE_Q7_VERIFIED,CODEX_SAFE_STAGED_CV_V1,Q2_PRE_Q6_LEGACY_INVENTORY,LEGACY_NO_ADAPTER,codex,/home/yanbo/net_vlm_person_fallen_v2_optimization/08_p4d_new_hard_negative_dev_revision/02_generation/gr3_fullregen/06_execution/quota_campaign_window_02_policy_adapter_20260830_01/00_preflight/current_verified_success_132.csv,PASS,preexisting_inventory_sha256,/home/yanbo/net_vlm_person_fallen_v2_optimization/08_p4d_new_hard_negative_dev_revision/02_generation/gr3_fullregen/06_execution/quota_campaign_window_01_authorized_20260830_05/07_generated_raw/PF_P4D_POS_PRONE_G004_V04.png,7b21d326920e5395c35c5578ba88169d28c04ce9a8a94e44ba06ecea1ffea491,7b21d326920e5395c35c5578ba88169d28c04ce9a8a94e44ba06ecea1ffea491,1672,941,PNG,True,True,/home/yanbo/net_vlm_person_fallen_v2_optimization/08_p4d_new_hard_negative_dev_revision/02_generation/gr3_fullregen/06_execution/quota_campaign_window_01_authorized_20260830_05/08_final/PF_P4D_POS_PRONE_G004_V04.png,4b3d7b219028eca6059d33dc1cb462db42ff8a0e202bda634ba3525a7a1b0383,4b3d7b219028eca6059d33dc1cb462db42ff8a0e202bda634ba3525a7a1b0383,1920,1080,PNG,True,True,PASS,PASS,PASS,0,0
PF_P4D_POS_PRONE_G004_V05,PF_P4D_POS_PRONE_G004,V05,positive,prone_ground_lying,NEW_SCREEN,/home/yanbo/下载/batches/batch_person-fallen-v2-p4d-hardneg-rev1-camera1p5m/prompts/PF_P4D_POS_PRONE_G004_V05.txt,e758c048dc9f2332a2602d8f6b464ab39edd3666638332056353f860718b78c7,e758c048dc9f2332a2602d8f6b464ab39edd3666638332056353f860718b78c7,PRE_Q7_VERIFIED,CODEX_SAFE_STAGED_CV_V1,Q2_PRE_Q6_LEGACY_INVENTORY,LEGACY_NO_ADAPTER,codex,/home/yanbo/net_vlm_person_fallen_v2_optimization/08_p4d_new_hard_negative_dev_revision/02_generation/gr3_fullregen/06_execution/quota_campaign_window_02_policy_adapter_20260830_01/00_preflight/current_verified_success_132.csv,PASS,preexisting_inventory_sha256,/home/yanbo/net_vlm_person_fallen_v2_optimization/08_p4d_new_hard_negative_dev_revision/02_generation/gr3_fullregen/06_execution/quota_campaign_window_01_authorized_20260830_05/07_generated_raw/PF_P4D_POS_PRONE_G004_V05.png,f808015f61a3a4ba3d4cf924b404ca71a60d44ea6d5756ed931a5d6d543d918a,f808015f61a3a4ba3d4cf924b404ca71a60d44ea6d5756ed931a5d6d543d918a,1672,941,PNG,True,True,/home/yanbo/net_vlm_person_fallen_v2_optimization/08_p4d_new_hard_negative_dev_revision/02_generation/gr3_fullregen/06_execution/quota_campaign_window_01_authorized_20260830_05/08_final/PF_P4D_POS_PRONE_G004_V05.png,857478e79a9c14bbfcb631f824aec33c3ddc678aa02ab6acb018a808710d1a5e,857478e79a9c14bbfcb631f824aec33c3ddc678aa02ab6acb018a808710d1a5e,1920,1080,PNG,True,True,PASS,PASS,PASS,0,0
PF_P4D_POS_SIDE_G001_V01,PF_P4D_POS_SIDE_G001,V01,positive,side_lying,NEW_DESIGN,/home/yanbo/下载/batches/batch_person-fallen-v2-p4d-hardneg-rev1-camera1p5m/prompts/PF_P4D_POS_SIDE_G001_V01.txt,29632d9981525ca484604d7ab984d434087cb7d2cbdb8f5fa78c0079c5b7e9e9,29632d9981525ca484604d7ab984d434087cb7d2cbdb8f5fa78c0079c5b7e9e9,PRE_Q7_VERIFIED,CODEX_SAFE_STAGED_CV_V1,Q2_PRE_Q6_LEGACY_INVENTORY,LEGACY_NO_ADAPTER,codex,/home/yanbo/net_vlm_person_fallen_v2_optimization/08_p4d_new_hard_negative_dev_revision/02_generation/gr3_fullregen/06_execution/quota_campaign_window_02_policy_adapter_20260830_01/00_preflight/current_verified_success_132.csv,PASS,preexisting_inventory_sha256,/home/yanbo/net_vlm_person_fallen_v2_optimization/08_p4d_new_hard_negative_dev_revision/02_generation/gr3_fullregen/06_execution/quota_campaign_window_01_authorized_20260830_05/07_generated_raw/PF_P4D_POS_SIDE_G001_V01.png,2e300f2d142c8fa4e17149b6a53ed8d37ee64757a78e81b56d4d5a9d1f9c3213,2e300f2d142c8fa4e17149b6a53ed8d37ee64757a78e81b56d4d5a9d1f9c3213,1672,941,PNG,True,True,/home/yanbo/net_vlm_person_fallen_v2_optimization/08_p4d_new_hard_negative_dev_revision/02_generation/gr3_fullregen/06_execution/quota_campaign_window_01_authorized_20260830_05/08_final/PF_P4D_POS_SIDE_G001_V01.png,364c38dabcb618fb649b5241411515ef9ef6184903462ded70fae014cdf05da5,364c38dabcb618fb649b5241411515ef9ef6184903462ded70fae014cdf05da5,1920,1080,PNG,True,True,PASS,PASS,PASS,0,0
PF_P4D_POS_SIDE_G001_V02,PF_P4D_POS_SIDE_G001,V02,positive,side_lying,NEW_DESIGN,/home/yanbo/下载/batches/batch_person-fallen-v2-p4d-hardneg-rev1-camera1p5m/prompts/PF_P4D_POS_SIDE_G001_V02.txt,f0dbc810a043c98768a333afadb8af9899244c67ceaaa5527ceafdfc7d0a402b,f0dbc810a043c98768a333afadb8af9899244c67ceaaa5527ceafdfc7d0a402b,PRE_Q7_VERIFIED,CODEX_SAFE_STAGED_CV_V1,Q2_PRE_Q6_LEGACY_INVENTORY,LEGACY_NO_ADAPTER,codex,/home/yanbo/net_vlm_person_fallen_v2_optimization/08_p4d_new_hard_negative_dev_revision/02_generation/gr3_fullregen/06_execution/quota_campaign_window_02_policy_adapter_20260830_01/00_preflight/current_verified_success_132.csv,PASS,preexisting_inventory_sha256,/home/yanbo/net_vlm_person_fallen_v2_optimization/08_p4d_new_hard_negative_dev_revision/02_generation/gr3_fullregen/06_execution/quota_campaign_window_01_authorized_20260830_05/07_generated_raw/PF_P4D_POS_SIDE_G001_V02.png,5dd44a5035f10c894c7ce3ecc8acb432f464dd441385251273c4abbbb5d9ac40,5dd44a5035f10c894c7ce3ecc8acb432f464dd441385251273c4abbbb5d9ac40,1672,941,PNG,True,True,/home/yanbo/net_vlm_person_fallen_v2_optimization/08_p4d_new_hard_negative_dev_revision/02_generation/gr3_fullregen/06_execution/quota_campaign_window_01_authorized_20260830_05/08_final/PF_P4D_POS_SIDE_G001_V02.png,d2b75a57f860260b487d5f15a945592ab80636aac0e15a7ab049acfe14fbefbc,d2b75a57f860260b487d5f15a945592ab80636aac0e15a7ab049acfe14fbefbc,1920,1080,PNG,True,True,PASS,PASS,PASS,0,0
PF_P4D_POS_SIDE_G001_V03,PF_P4D_POS_SIDE_G001,V03,positive,side_lying,NEW_DESIGN,/home/yanbo/下载/batches/batch_person-fallen-v2-p4d-hardneg-rev1-camera1p5m/prompts/PF_P4D_POS_SIDE_G001_V03.txt,66b2d97a988587554faa8a071e3636bb5eb5076871eb3bb5274970184e5112f8,66b2d97a988587554faa8a071e3636bb5eb5076871eb3bb5274970184e5112f8,PRE_Q7_VERIFIED,CODEX_SAFE_STAGED_CV_V1,Q2_PRE_Q6_LEGACY_INVENTORY,LEGACY_NO_ADAPTER,codex,/home/yanbo/net_vlm_person_fallen_v2_optimization/08_p4d_new_hard_negative_dev_revision/02_generation/gr3_fullregen/06_execution/quota_campaign_window_02_policy_adapter_20260830_01/00_preflight/current_verified_success_132.csv,PASS,preexisting_inventory_sha256,/home/yanbo/net_vlm_person_fallen_v2_optimization/08_p4d_new_hard_negative_dev_revision/02_generation/gr3_fullregen/06_execution/quota_campaign_window_01_authorized_20260830_05/07_generated_raw/PF_P4D_POS_SIDE_G001_V03.png,7cf9de12548d4d66814ac2a1686010373b73e3538e7173dd050ad2fe32b2d226,7cf9de12548d4d66814ac2a1686010373b73e3538e7173dd050ad2fe32b2d226,1672,941,PNG,True,True,/home/yanbo/net_vlm_person_fallen_v2_optimization/08_p4d_new_hard_negative_dev_revision/02_generation/gr3_fullregen/06_execution/quota_campaign_window_01_authorized_20260830_05/08_final/PF_P4D_POS_SIDE_G001_V03.png,d0fa1fb807894961e1b2f5bbec816990aef2fa91c2601adf4be1cac44d61b3a2,d0fa1fb807894961e1b2f5bbec816990aef2fa91c2601adf4be1cac44d61b3a2,1920,1080,PNG,True,True,PASS,PASS,PASS,0,0
PF_P4D_POS_SIDE_G001_V04,PF_P4D_POS_SIDE_G001,V04,positive,side_lying,NEW_DESIGN,/home/yanbo/下载/batches/batch_person-fallen-v2-p4d-hardneg-rev1-camera1p5m/prompts/PF_P4D_POS_SIDE_G001_V04.txt,9958c9fbaf7ffc2e0571d4a3c12a1cdef8b6ef5393665f67c442cae51226ca6c,9958c9fbaf7ffc2e0571d4a3c12a1cdef8b6ef5393665f67c442cae51226ca6c,PRE_Q7_VERIFIED,CODEX_SAFE_STAGED_CV_V1,Q2_PRE_Q6_LEGACY_INVENTORY,LEGACY_NO_ADAPTER,codex,/home/yanbo/net_vlm_person_fallen_v2_optimization/08_p4d_new_hard_negative_dev_revision/02_generation/gr3_fullregen/06_execution/quota_campaign_window_02_policy_adapter_20260830_01/00_preflight/current_verified_success_132.csv,PASS,preexisting_inventory_sha256,/home/yanbo/net_vlm_person_fallen_v2_optimization/08_p4d_new_hard_negative_dev_revision/02_generation/gr3_fullregen/06_execution/quota_campaign_window_01_authorized_20260830_05/07_generated_raw/PF_P4D_POS_SIDE_G001_V04.png,dc3b5ba68409c3cca323389bffa694cd5f7b6dde0cc63ac3f23a64817a5330ee,dc3b5ba68409c3cca323389bffa694cd5f7b6dde0cc63ac3f23a64817a5330ee,1672,941,PNG,True,True,/home/yanbo/net_vlm_person_fallen_v2_optimization/08_p4d_new_hard_negative_dev_revision/02_generation/gr3_fullregen/06_execution/quota_campaign_window_01_authorized_20260830_05/08_final/PF_P4D_POS_SIDE_G001_V04.png,996c125e7b5e83d1222b5b20bae00dec92d702263b8505ddd9ed2f3bffaff9c2,996c125e7b5e83d1222b5b20bae00dec92d702263b8505ddd9ed2f3bffaff9c2,1920,1080,PNG,True,True,PASS,PASS,PASS,0,0
PF_P4D_POS_SIDE_G001_V05,PF_P4D_POS_SIDE_G001,V05,positive,side_lying,NEW_DESIGN,/home/yanbo/下载/batches/batch_person-fallen-v2-p4d-hardneg-rev1-camera1p5m/prompts/PF_P4D_POS_SIDE_G001_V05.txt,6710ee6398b4afd3e3cb5a79fed932d9d8ee954eca2190730c7b14db4ef0a55b,6710ee6398b4afd3e3cb5a79fed932d9d8ee954eca2190730c7b14db4ef0a55b,PRE_Q7_VERIFIED,CODEX_SAFE_STAGED_CV_V1,Q2_PRE_Q6_LEGACY_INVENTORY,LEGACY_NO_ADAPTER,codex,/home/yanbo/net_vlm_person_fallen_v2_optimization/08_p4d_new_hard_negative_dev_revision/02_generation/gr3_fullregen/06_execution/quota_campaign_window_02_policy_adapter_20260830_01/00_preflight/current_verified_success_132.csv,PASS,preexisting_inventory_sha256,/home/yanbo/net_vlm_person_fallen_v2_optimization/08_p4d_new_hard_negative_dev_revision/02_generation/gr3_fullregen/06_execution/quota_campaign_window_01_authorized_20260830_05/07_generated_raw/PF_P4D_POS_SIDE_G001_V05.png,efc0a8b3d9a2a5826d4ee3f32ee09cc3d348cac7145dc05fa5ae6b39e2f44dab,efc0a8b3d9a2a5826d4ee3f32ee09cc3d348cac7145dc05fa5ae6b39e2f44dab,1672,941,PNG,True,True,/home/yanbo/net_vlm_person_fallen_v2_optimization/08_p4d_new_hard_negative_dev_revision/02_generation/gr3_fullregen/06_execution/quota_campaign_window_01_authorized_20260830_05/08_final/PF_P4D_POS_SIDE_G001_V05.png,244eaa9aa70cccf4e497f5d0e97b852361fa89c95cb2e219ef16e0a2565b5329,244eaa9aa70cccf4e497f5d0e97b852361fa89c95cb2e219ef16e0a2565b5329,1920,1080,PNG,True,True,PASS,PASS,PASS,0,0
PF_P4D_POS_SIDE_G003_V01,PF_P4D_POS_SIDE_G003,V01,positive,side_lying,NEW_SCREEN,/home/yanbo/下载/batches/batch_person-fallen-v2-p4d-hardneg-rev1-camera1p5m/prompts/PF_P4D_POS_SIDE_G003_V01.txt,c9ab85862d531831e6def11c829802710bd2c3ffcf89bedcaaabea79febb3678,c9ab85862d531831e6def11c829802710bd2c3ffcf89bedcaaabea79febb3678,Q8_EXECUTION,CODEX_SAFE_STAGED_CV_V1,Q8_EXECUTION,CODEX_SAFE_STAGED_CV_V1,codex,/home/yanbo/net_vlm_person_fallen_v2_optimization/08_p4d_new_hard_negative_dev_revision/02_generation/gr3_fullregen/06_execution/quota_campaign_window_05_gr3q8_authorized_20260831_01/02_plan/run_config.json,PASS,preexisting_partition_sha256,/home/yanbo/net_vlm_person_fallen_v2_optimization/08_p4d_new_hard_negative_dev_revision/02_generation/gr3_fullregen/06_execution/quota_campaign_window_05_gr3q8_authorized_20260831_01/07_generated_raw/PF_P4D_POS_SIDE_G003_V01.png,46a7fad2e2a71edc0473072745de9a261d7ebe7a2d6aadcacd1bd17176069a45,46a7fad2e2a71edc0473072745de9a261d7ebe7a2d6aadcacd1bd17176069a45,1672,941,PNG,True,True,/home/yanbo/net_vlm_person_fallen_v2_optimization/08_p4d_new_hard_negative_dev_revision/02_generation/gr3_fullregen/06_execution/quota_campaign_window_05_gr3q8_authorized_20260831_01/08_final/PF_P4D_POS_SIDE_G003_V01.png,d99dd647a02977daf3ca56fdfc1e844fe6ad83f37e4bd3da6a2725de26b4b16e,d99dd647a02977daf3ca56fdfc1e844fe6ad83f37e4bd3da6a2725de26b4b16e,1920,1080,PNG,True,True,PASS,PASS,PASS,0,0
PF_P4D_POS_SIDE_G003_V02,PF_P4D_POS_SIDE_G003,V02,positive,side_lying,NEW_SCREEN,/home/yanbo/下载/batches/batch_person-fallen-v2-p4d-hardneg-rev1-camera1p5m/prompts/PF_P4D_POS_SIDE_G003_V02.txt,f8ea788010145280d4e6e9e3a3cefbab31478e7c721aad1487873c5a16fb5af2,f8ea788010145280d4e6e9e3a3cefbab31478e7c721aad1487873c5a16fb5af2,Q8_EXECUTION,CODEX_SAFE_STAGED_CV_V1,Q8_EXECUTION,CODEX_SAFE_STAGED_CV_V1,codex,/home/yanbo/net_vlm_person_fallen_v2_optimization/08_p4d_new_hard_negative_dev_revision/02_generation/gr3_fullregen/06_execution/quota_campaign_window_05_gr3q8_authorized_20260831_01/02_plan/run_config.json,PASS,preexisting_partition_sha256,/home/yanbo/net_vlm_person_fallen_v2_optimization/08_p4d_new_hard_negative_dev_revision/02_generation/gr3_fullregen/06_execution/quota_campaign_window_05_gr3q8_authorized_20260831_01/07_generated_raw/PF_P4D_POS_SIDE_G003_V02.png,9749183871dea484385d4ad23e323389f9ff18772b74709466f73b1f2927784a,9749183871dea484385d4ad23e323389f9ff18772b74709466f73b1f2927784a,1672,941,PNG,True,True,/home/yanbo/net_vlm_person_fallen_v2_optimization/08_p4d_new_hard_negative_dev_revision/02_generation/gr3_fullregen/06_execution/quota_campaign_window_05_gr3q8_authorized_20260831_01/08_final/PF_P4D_POS_SIDE_G003_V02.png,c98160b85e355bd17527a734b0f95125dd7c6f2bde5f104899638e49ccc91931,c98160b85e355bd17527a734b0f95125dd7c6f2bde5f104899638e49ccc91931,1920,1080,PNG,True,True,PASS,PASS,PASS,0,0
PF_P4D_POS_SIDE_G003_V03,PF_P4D_POS_SIDE_G003,V03,positive,side_lying,NEW_SCREEN,/home/yanbo/下载/batches/batch_person-fallen-v2-p4d-hardneg-rev1-camera1p5m/prompts/PF_P4D_POS_SIDE_G003_V03.txt,07da71680a0a0d623c443ee6f087fb099d8c8ebae61c04c4f67f1aa3722ca4c3,07da71680a0a0d623c443ee6f087fb099d8c8ebae61c04c4f67f1aa3722ca4c3,Q8_EXECUTION,CODEX_SAFE_STAGED_CV_V1,Q8_EXECUTION,CODEX_SAFE_STAGED_CV_V1,codex,/home/yanbo/net_vlm_person_fallen_v2_optimization/08_p4d_new_hard_negative_dev_revision/02_generation/gr3_fullregen/06_execution/quota_campaign_window_05_gr3q8_authorized_20260831_01/02_plan/run_config.json,PASS,preexisting_partition_sha256,/home/yanbo/net_vlm_person_fallen_v2_optimization/08_p4d_new_hard_negative_dev_revision/02_generation/gr3_fullregen/06_execution/quota_campaign_window_05_gr3q8_authorized_20260831_01/07_generated_raw/PF_P4D_POS_SIDE_G003_V03.png,269b5bb2364557379eed4ce6ac89b6163be6820d0c9fd5615c7ca882fd750394,269b5bb2364557379eed4ce6ac89b6163be6820d0c9fd5615c7ca882fd750394,1672,941,PNG,True,True,/home/yanbo/net_vlm_person_fallen_v2_optimization/08_p4d_new_hard_negative_dev_revision/02_generation/gr3_fullregen/06_execution/quota_campaign_window_05_gr3q8_authorized_20260831_01/08_final/PF_P4D_POS_SIDE_G003_V03.png,b228466917caf64b9106156b9e1162d10411debf82dc59008c69e271bd5a4a2b,b228466917caf64b9106156b9e1162d10411debf82dc59008c69e271bd5a4a2b,1920,1080,PNG,True,True,PASS,PASS,PASS,0,0
PF_P4D_POS_SIDE_G003_V04,PF_P4D_POS_SIDE_G003,V04,positive,side_lying,NEW_SCREEN,/home/yanbo/下载/batches/batch_person-fallen-v2-p4d-hardneg-rev1-camera1p5m/prompts/PF_P4D_POS_SIDE_G003_V04.txt,831ae7c6dee13ca4f07f8ab1b389a13799caedb81e76feb54513e65ab567e577,831ae7c6dee13ca4f07f8ab1b389a13799caedb81e76feb54513e65ab567e577,Q8_EXECUTION,CODEX_SAFE_STAGED_CV_V1,Q8_EXECUTION,CODEX_SAFE_STAGED_CV_V1,codex,/home/yanbo/net_vlm_person_fallen_v2_optimization/08_p4d_new_hard_negative_dev_revision/02_generation/gr3_fullregen/06_execution/quota_campaign_window_05_gr3q8_authorized_20260831_01/02_plan/run_config.json,PASS,preexisting_partition_sha256,/home/yanbo/net_vlm_person_fallen_v2_optimization/08_p4d_new_hard_negative_dev_revision/02_generation/gr3_fullregen/06_execution/quota_campaign_window_05_gr3q8_authorized_20260831_01/07_generated_raw/PF_P4D_POS_SIDE_G003_V04.png,eb804e2bbc355a1df42c7a6b1e1c99cc95d58423ebc0c5ff6d413e3128a509d2,eb804e2bbc355a1df42c7a6b1e1c99cc95d58423ebc0c5ff6d413e3128a509d2,1672,941,PNG,True,True,/home/yanbo/net_vlm_person_fallen_v2_optimization/08_p4d_new_hard_negative_dev_revision/02_generation/gr3_fullregen/06_execution/quota_campaign_window_05_gr3q8_authorized_20260831_01/08_final/PF_P4D_POS_SIDE_G003_V04.png,ba6ce2540307e3ae783fed38d00f20e30343a23ce04f408a7b4766cc0f1d1f47,ba6ce2540307e3ae783fed38d00f20e30343a23ce04f408a7b4766cc0f1d1f47,1920,1080,PNG,True,True,PASS,PASS,PASS,0,0
PF_P4D_POS_SIDE_G003_V05,PF_P4D_POS_SIDE_G003,V05,positive,side_lying,NEW_SCREEN,/home/yanbo/下载/batches/batch_person-fallen-v2-p4d-hardneg-rev1-camera1p5m/prompts/PF_P4D_POS_SIDE_G003_V05.txt,3b602b0bfdfbfbb8c7beff07537d6b610f9597199ba57cce6a1c5a9e07d17b3c,3b602b0bfdfbfbb8c7beff07537d6b610f9597199ba57cce6a1c5a9e07d17b3c,Q8_EXECUTION,CODEX_SAFE_STAGED_CV_V1,Q8_EXECUTION,CODEX_SAFE_STAGED_CV_V1,codex,/home/yanbo/net_vlm_person_fallen_v2_optimization/08_p4d_new_hard_negative_dev_revision/02_generation/gr3_fullregen/06_execution/quota_campaign_window_05_gr3q8_authorized_20260831_01/02_plan/run_config.json,PASS,preexisting_partition_sha256,/home/yanbo/net_vlm_person_fallen_v2_optimization/08_p4d_new_hard_negative_dev_revision/02_generation/gr3_fullregen/06_execution/quota_campaign_window_05_gr3q8_authorized_20260831_01/07_generated_raw/PF_P4D_POS_SIDE_G003_V05.png,40ef0f3991aff6bef2d00edc747fd6f320e98710d436691620dffc7394c77c6c,40ef0f3991aff6bef2d00edc747fd6f320e98710d436691620dffc7394c77c6c,1672,941,PNG,True,True,/home/yanbo/net_vlm_person_fallen_v2_optimization/08_p4d_new_hard_negative_dev_revision/02_generation/gr3_fullregen/06_execution/quota_campaign_window_05_gr3q8_authorized_20260831_01/08_final/PF_P4D_POS_SIDE_G003_V05.png,9d801db9dd4c2f2265e0d00439872306181ae9632a02a4ec48a794ba0f8db9b4,9d801db9dd4c2f2265e0d00439872306181ae9632a02a4ec48a794ba0f8db9b4,1920,1080,PNG,True,True,PASS,PASS,PASS,0,0
PF_P4D_POS_CURLED_G003_V01,PF_P4D_POS_CURLED_G003,V01,positive,curled_or_partially_occluded_lying,NEW_SCREEN,/home/yanbo/下载/batches/batch_person-fallen-v2-p4d-hardneg-rev1-camera1p5m/prompts/PF_P4D_POS_CURLED_G003_V01.txt,4059792f9b8c2018c04917cb7a8858a83e2366e05c7607ecd14c066bebc440ec,4059792f9b8c2018c04917cb7a8858a83e2366e05c7607ecd14c066bebc440ec,PRE_Q7_VERIFIED,CODEX_SAFE_STAGED_CV_V1,Q2_PRE_Q6_LEGACY_INVENTORY,LEGACY_NO_ADAPTER,codex,/home/yanbo/net_vlm_person_fallen_v2_optimization/08_p4d_new_hard_negative_dev_revision/02_generation/gr3_fullregen/06_execution/quota_campaign_window_02_policy_adapter_20260830_01/00_preflight/current_verified_success_132.csv,PASS,preexisting_inventory_sha256,/home/yanbo/net_vlm_person_fallen_v2_optimization/08_p4d_new_hard_negative_dev_revision/02_generation/gr3_fullregen/06_execution/quota_campaign_window_01_authorized_20260830_05/07_generated_raw/PF_P4D_POS_CURLED_G003_V01.png,2d8e68b505450c9f1b2ada5ae61bd8955cdf71c3bde3ce301f8ed2932db0168a,2d8e68b505450c9f1b2ada5ae61bd8955cdf71c3bde3ce301f8ed2932db0168a,1672,941,PNG,True,True,/home/yanbo/net_vlm_person_fallen_v2_optimization/08_p4d_new_hard_negative_dev_revision/02_generation/gr3_fullregen/06_execution/quota_campaign_window_01_authorized_20260830_05/08_final/PF_P4D_POS_CURLED_G003_V01.png,0ec8ab3eef2dee7d34110766dc459c6d3d7fbc48407a8ada7394e30c2408abfb,0ec8ab3eef2dee7d34110766dc459c6d3d7fbc48407a8ada7394e30c2408abfb,1920,1080,PNG,True,True,PASS,PASS,PASS,0,0
PF_P4D_POS_CURLED_G003_V02,PF_P4D_POS_CURLED_G003,V02,positive,curled_or_partially_occluded_lying,NEW_SCREEN,/home/yanbo/下载/batches/batch_person-fallen-v2-p4d-hardneg-rev1-camera1p5m/prompts/PF_P4D_POS_CURLED_G003_V02.txt,a715ef0ab674eb76443665ffd19f7ba32797d3e43781d1f6857b97b780555410,a715ef0ab674eb76443665ffd19f7ba32797d3e43781d1f6857b97b780555410,PRE_Q7_VERIFIED,CODEX_SAFE_STAGED_CV_V1,Q2_PRE_Q6_LEGACY_INVENTORY,LEGACY_NO_ADAPTER,codex,/home/yanbo/net_vlm_person_fallen_v2_optimization/08_p4d_new_hard_negative_dev_revision/02_generation/gr3_fullregen/06_execution/quota_campaign_window_02_policy_adapter_20260830_01/00_preflight/current_verified_success_132.csv,PASS,preexisting_inventory_sha256,/home/yanbo/net_vlm_person_fallen_v2_optimization/08_p4d_new_hard_negative_dev_revision/02_generation/gr3_fullregen/06_execution/quota_campaign_window_01_authorized_20260830_05/07_generated_raw/PF_P4D_POS_CURLED_G003_V02.png,2a9769e46475875d7e41dc62314cbf82f4b0dc7ddc321e7e1e109ce1875e5c39,2a9769e46475875d7e41dc62314cbf82f4b0dc7ddc321e7e1e109ce1875e5c39,1672,941,PNG,True,True,/home/yanbo/net_vlm_person_fallen_v2_optimization/08_p4d_new_hard_negative_dev_revision/02_generation/gr3_fullregen/06_execution/quota_campaign_window_01_authorized_20260830_05/08_final/PF_P4D_POS_CURLED_G003_V02.png,857f76dd2f773aa40c1cfbe097c7df7948af8db7274d0394a1aa45e40967651c,857f76dd2f773aa40c1cfbe097c7df7948af8db7274d0394a1aa45e40967651c,1920,1080,PNG,True,True,PASS,PASS,PASS,0,0
PF_P4D_POS_CURLED_G003_V03,PF_P4D_POS_CURLED_G003,V03,positive,curled_or_partially_occluded_lying,NEW_SCREEN,/home/yanbo/下载/batches/batch_person-fallen-v2-p4d-hardneg-rev1-camera1p5m/prompts/PF_P4D_POS_CURLED_G003_V03.txt,97868c61b8d65000969f4c8fc8fd04e52875839312cb8090b32ef34c60025f1a,97868c61b8d65000969f4c8fc8fd04e52875839312cb8090b32ef34c60025f1a,PRE_Q7_VERIFIED,CODEX_SAFE_STAGED_CV_V1,Q5_EXECUTION,CODEX_SAFE_STAGED_CV_V1,codex,/home/yanbo/net_vlm_person_fallen_v2_optimization/08_p4d_new_hard_negative_dev_revision/02_generation/gr3_fullregen/06_execution/quota_campaign_window_02_policy_adapter_20260830_01/03_ledger/gr3q5.sqlite3,PASS,no_preexisting_sha_in_q5_slots_table,/home/yanbo/net_vlm_person_fallen_v2_optimization/08_p4d_new_hard_negative_dev_revision/02_generation/gr3_fullregen/06_execution/quota_campaign_window_02_policy_adapter_20260830_01/07_generated_raw/PF_P4D_POS_CURLED_G003_V03.png,,68e137b3d3db8c0755cba0df4df407a7c3cb3393d7569f65367f05a0716efa5c,1672,941,PNG,True,True,/home/yanbo/net_vlm_person_fallen_v2_optimization/08_p4d_new_hard_negative_dev_revision/02_generation/gr3_fullregen/06_execution/quota_campaign_window_02_policy_adapter_20260830_01/08_final/PF_P4D_POS_CURLED_G003_V03.png,,ba6d65e33971be24526c565da46a9af23ca4e7ffb5acfe581345df47a73d82ce,1920,1080,PNG,True,True,PASS,PASS,PASS,0,0
PF_P4D_POS_CURLED_G003_V04,PF_P4D_POS_CURLED_G003,V04,positive,curled_or_partially_occluded_lying,NEW_SCREEN,/home/yanbo/下载/batches/batch_person-fallen-v2-p4d-hardneg-rev1-camera1p5m/prompts/PF_P4D_POS_CURLED_G003_V04.txt,fc90252830d7b46476b5e51e3fdc7ad7c800cbf94ba244e06a72d3c0d26a95f8,fc90252830d7b46476b5e51e3fdc7ad7c800cbf94ba244e06a72d3c0d26a95f8,PRE_Q7_VERIFIED,CODEX_SAFE_STAGED_CV_V1,Q5_EXECUTION,CODEX_SAFE_STAGED_CV_V1,codex,/home/yanbo/net_vlm_person_fallen_v2_optimization/08_p4d_new_hard_negative_dev_revision/02_generation/gr3_fullregen/06_execution/quota_campaign_window_02_policy_adapter_20260830_01/03_ledger/gr3q5.sqlite3,PASS,no_preexisting_sha_in_q5_slots_table,/home/yanbo/net_vlm_person_fallen_v2_optimization/08_p4d_new_hard_negative_dev_revision/02_generation/gr3_fullregen/06_execution/quota_campaign_window_02_policy_adapter_20260830_01/07_generated_raw/PF_P4D_POS_CURLED_G003_V04.png,,a64c24f13e28cd182bba558951ee88c90947e53e000e981234aadd42b95235da,1672,941,PNG,True,True,/home/yanbo/net_vlm_person_fallen_v2_optimization/08_p4d_new_hard_negative_dev_revision/02_generation/gr3_fullregen/06_execution/quota_campaign_window_02_policy_adapter_20260830_01/08_final/PF_P4D_POS_CURLED_G003_V04.png,,061022f4fc20068e241079c06f07ecfc0b6f47f3d854fd6fc9e8dba458f8118b,1920,1080,PNG,True,True,PASS,PASS,PASS,0,0
PF_P4D_POS_CURLED_G003_V05,PF_P4D_POS_CURLED_G003,V05,positive,curled_or_partially_occluded_lying,NEW_SCREEN,/home/yanbo/下载/batches/batch_person-fallen-v2-p4d-hardneg-rev1-camera1p5m/prompts/PF_P4D_POS_CURLED_G003_V05.txt,06ceedef963d7f78869c6fac8d58f37b3934d4d0824ffdd9fa65382473f81557,06ceedef963d7f78869c6fac8d58f37b3934d4d0824ffdd9fa65382473f81557,PRE_Q7_VERIFIED,CODEX_SAFE_STAGED_CV_V1,Q5_EXECUTION,CODEX_SAFE_STAGED_CV_V1,codex,/home/yanbo/net_vlm_person_fallen_v2_optimization/08_p4d_new_hard_negative_dev_revision/02_generation/gr3_fullregen/06_execution/quota_campaign_window_02_policy_adapter_20260830_01/03_ledger/gr3q5.sqlite3,PASS,no_preexisting_sha_in_q5_slots_table,/home/yanbo/net_vlm_person_fallen_v2_optimization/08_p4d_new_hard_negative_dev_revision/02_generation/gr3_fullregen/06_execution/quota_campaign_window_02_policy_adapter_20260830_01/07_generated_raw/PF_P4D_POS_CURLED_G003_V05.png,,5e7c862cdae251642d9ac981fd8c52fbe1f9291ccc5141741db61b98601c9473,1672,941,PNG,True,True,/home/yanbo/net_vlm_person_fallen_v2_optimization/08_p4d_new_hard_negative_dev_revision/02_generation/gr3_fullregen/06_execution/quota_campaign_window_02_policy_adapter_20260830_01/08_final/PF_P4D_POS_CURLED_G003_V05.png,,cc7aa39aba0d92ccdd1caba5648e295b8398cde4675128d20b667c20d82d7ca0,1920,1080,PNG,True,True,PASS,PASS,PASS,0,0
PF_P4D_POS_INTENTIONAL_G001_V01,PF_P4D_POS_INTENTIONAL_G001,V01,positive,intentional_ground_lying,NEW_DESIGN,/home/yanbo/下载/batches/batch_person-fallen-v2-p4d-hardneg-rev1-camera1p5m/prompts/PF_P4D_POS_INTENTIONAL_G001_V01.txt,79bae94cbcceb099671f403a8298cbb8d0548da56f822c968f818668fed15287,79bae94cbcceb099671f403a8298cbb8d0548da56f822c968f818668fed15287,Q7_EXECUTION,CODEX_SAFE_STAGED_CV_V1,Q7_EXECUTION,CODEX_SAFE_STAGED_CV_V1,codex,/home/yanbo/net_vlm_person_fallen_v2_optimization/08_p4d_new_hard_negative_dev_revision/02_generation/gr3_fullregen/06_execution/quota_campaign_window_04_gr3q7_authorized_20260831_01/02_runner/run_config.json,PASS,preexisting_partition_sha256,/home/yanbo/net_vlm_person_fallen_v2_optimization/08_p4d_new_hard_negative_dev_revision/02_generation/gr3_fullregen/06_execution/quota_campaign_window_04_gr3q7_authorized_20260831_01/07_generated_raw/PF_P4D_POS_INTENTIONAL_G001_V01.png,34aee35775321b8829078cdff6f21fb7e304bc15a9dab16931960b2e67c3035f,34aee35775321b8829078cdff6f21fb7e304bc15a9dab16931960b2e67c3035f,1672,941,PNG,True,True,/home/yanbo/net_vlm_person_fallen_v2_optimization/08_p4d_new_hard_negative_dev_revision/02_generation/gr3_fullregen/06_execution/quota_campaign_window_04_gr3q7_authorized_20260831_01/08_final/PF_P4D_POS_INTENTIONAL_G001_V01.png,8b0fbadb9fb89a02b640e21b4950e8c94228d301cbba11cd339683aa61983d93,8b0fbadb9fb89a02b640e21b4950e8c94228d301cbba11cd339683aa61983d93,1920,1080,PNG,True,True,PASS,PASS,PASS,0,0
PF_P4D_POS_INTENTIONAL_G001_V02,PF_P4D_POS_INTENTIONAL_G001,V02,positive,intentional_ground_lying,NEW_DESIGN,/home/yanbo/下载/batches/batch_person-fallen-v2-p4d-hardneg-rev1-camera1p5m/prompts/PF_P4D_POS_INTENTIONAL_G001_V02.txt,864ea9f1cb8089993ab4641b8848d1b5be5efc59ee15f29abf7877422080f9a8,864ea9f1cb8089993ab4641b8848d1b5be5efc59ee15f29abf7877422080f9a8,Q7_EXECUTION,CODEX_SAFE_STAGED_CV_V1,Q7_EXECUTION,CODEX_SAFE_STAGED_CV_V1,codex,/home/yanbo/net_vlm_person_fallen_v2_optimization/08_p4d_new_hard_negative_dev_revision/02_generation/gr3_fullregen/06_execution/quota_campaign_window_04_gr3q7_authorized_20260831_01/02_runner/run_config.json,PASS,preexisting_partition_sha256,/home/yanbo/net_vlm_person_fallen_v2_optimization/08_p4d_new_hard_negative_dev_revision/02_generation/gr3_fullregen/06_execution/quota_campaign_window_04_gr3q7_authorized_20260831_01/07_generated_raw/PF_P4D_POS_INTENTIONAL_G001_V02.png,e6e7276dec9e51d28760fc85a3d6d655a801bfef50a5343127eb6965a27b29a4,e6e7276dec9e51d28760fc85a3d6d655a801bfef50a5343127eb6965a27b29a4,1672,941,PNG,True,True,/home/yanbo/net_vlm_person_fallen_v2_optimization/08_p4d_new_hard_negative_dev_revision/02_generation/gr3_fullregen/06_execution/quota_campaign_window_04_gr3q7_authorized_20260831_01/08_final/PF_P4D_POS_INTENTIONAL_G001_V02.png,355569d277ac77bd23ae3beefbbd9c594a0185759fe83215040449066d8976a3,355569d277ac77bd23ae3beefbbd9c594a0185759fe83215040449066d8976a3,1920,1080,PNG,True,True,PASS,PASS,PASS,0,0
PF_P4D_POS_INTENTIONAL_G001_V03,PF_P4D_POS_INTENTIONAL_G001,V03,positive,intentional_ground_lying,NEW_DESIGN,/home/yanbo/下载/batches/batch_person-fallen-v2-p4d-hardneg-rev1-camera1p5m/prompts/PF_P4D_POS_INTENTIONAL_G001_V03.txt,d377ee592426a5c1dd159fbe9a13dbe0984e5fc11a2377be964c4f2f44bf55ea,d377ee592426a5c1dd159fbe9a13dbe0984e5fc11a2377be964c4f2f44bf55ea,Q7_EXECUTION,CODEX_SAFE_STAGED_CV_V1,Q7_EXECUTION,CODEX_SAFE_STAGED_CV_V1,codex,/home/yanbo/net_vlm_person_fallen_v2_optimization/08_p4d_new_hard_negative_dev_revision/02_generation/gr3_fullregen/06_execution/quota_campaign_window_04_gr3q7_authorized_20260831_01/02_runner/run_config.json,PASS,preexisting_partition_sha256,/home/yanbo/net_vlm_person_fallen_v2_optimization/08_p4d_new_hard_negative_dev_revision/02_generation/gr3_fullregen/06_execution/quota_campaign_window_04_gr3q7_authorized_20260831_01/07_generated_raw/PF_P4D_POS_INTENTIONAL_G001_V03.png,415895e473ed09551e511d3dd60a2bcf106536d18afd2bcac7d89a92d8be74c5,415895e473ed09551e511d3dd60a2bcf106536d18afd2bcac7d89a92d8be74c5,1672,941,PNG,True,True,/home/yanbo/net_vlm_person_fallen_v2_optimization/08_p4d_new_hard_negative_dev_revision/02_generation/gr3_fullregen/06_execution/quota_campaign_window_04_gr3q7_authorized_20260831_01/08_final/PF_P4D_POS_INTENTIONAL_G001_V03.png,03b6a8f53c3e8548d5fd1fce7dc1f10b9a72422206d3e9e6afe10c6ef4744328,03b6a8f53c3e8548d5fd1fce7dc1f10b9a72422206d3e9e6afe10c6ef4744328,1920,1080,PNG,True,True,PASS,PASS,PASS,0,0
PF_P4D_POS_INTENTIONAL_G001_V04,PF_P4D_POS_INTENTIONAL_G001,V04,positive,intentional_ground_lying,NEW_DESIGN,/home/yanbo/下载/batches/batch_person-fallen-v2-p4d-hardneg-rev1-camera1p5m/prompts/PF_P4D_POS_INTENTIONAL_G001_V04.txt,9ff14a868077ff2671c410540498d54828ddf8d9911e9019d47039bc194e3fa3,9ff14a868077ff2671c410540498d54828ddf8d9911e9019d47039bc194e3fa3,Q7_EXECUTION,CODEX_SAFE_STAGED_CV_V1,Q7_EXECUTION,CODEX_SAFE_STAGED_CV_V1,codex,/home/yanbo/net_vlm_person_fallen_v2_optimization/08_p4d_new_hard_negative_dev_revision/02_generation/gr3_fullregen/06_execution/quota_campaign_window_04_gr3q7_authorized_20260831_01/02_runner/run_config.json,PASS,preexisting_partition_sha256,/home/yanbo/net_vlm_person_fallen_v2_optimization/08_p4d_new_hard_negative_dev_revision/02_generation/gr3_fullregen/06_execution/quota_campaign_window_04_gr3q7_authorized_20260831_01/07_generated_raw/PF_P4D_POS_INTENTIONAL_G001_V04.png,d079c37f0cdc252f5fa1a6b30a8fdfed26e8a466d88e4415ba142a14115e2c5e,d079c37f0cdc252f5fa1a6b30a8fdfed26e8a466d88e4415ba142a14115e2c5e,1672,941,PNG,True,True,/home/yanbo/net_vlm_person_fallen_v2_optimization/08_p4d_new_hard_negative_dev_revision/02_generation/gr3_fullregen/06_execution/quota_campaign_window_04_gr3q7_authorized_20260831_01/08_final/PF_P4D_POS_INTENTIONAL_G001_V04.png,f7f735b3cdd0b718dbbba676cea354cb59b8cb8c3b16b83b4f79cad456c8e951,f7f735b3cdd0b718dbbba676cea354cb59b8cb8c3b16b83b4f79cad456c8e951,1920,1080,PNG,True,True,PASS,PASS,PASS,0,0
PF_P4D_POS_INTENTIONAL_G001_V05,PF_P4D_POS_INTENTIONAL_G001,V05,positive,intentional_ground_lying,NEW_DESIGN,/home/yanbo/下载/batches/batch_person-fallen-v2-p4d-hardneg-rev1-camera1p5m/prompts/PF_P4D_POS_INTENTIONAL_G001_V05.txt,0901e750c88448a5582f22c117828327c306c1bd7fda5480fc8131294c1692ef,0901e750c88448a5582f22c117828327c306c1bd7fda5480fc8131294c1692ef,Q7_EXECUTION,CODEX_SAFE_STAGED_CV_V1,Q7_EXECUTION,CODEX_SAFE_STAGED_CV_V1,codex,/home/yanbo/net_vlm_person_fallen_v2_optimization/08_p4d_new_hard_negative_dev_revision/02_generation/gr3_fullregen/06_execution/quota_campaign_window_04_gr3q7_authorized_20260831_01/02_runner/run_config.json,PASS,preexisting_partition_sha256,/home/yanbo/net_vlm_person_fallen_v2_optimization/08_p4d_new_hard_negative_dev_revision/02_generation/gr3_fullregen/06_execution/quota_campaign_window_04_gr3q7_authorized_20260831_01/07_generated_raw/PF_P4D_POS_INTENTIONAL_G001_V05.png,c2034b2e1b930f585c7a092fca306d4af9e4136b8b8c15edf729b16afe228c19,c2034b2e1b930f585c7a092fca306d4af9e4136b8b8c15edf729b16afe228c19,1672,941,PNG,True,True,/home/yanbo/net_vlm_person_fallen_v2_optimization/08_p4d_new_hard_negative_dev_revision/02_generation/gr3_fullregen/06_execution/quota_campaign_window_04_gr3q7_authorized_20260831_01/08_final/PF_P4D_POS_INTENTIONAL_G001_V05.png,86daf91a8f3bb8d154a1ec1a6585a9e52bbf096a9bbc45d68971fe8e23fb3993,86daf91a8f3bb8d154a1ec1a6585a9e52bbf096a9bbc45d68971fe8e23fb3993,1920,1080,PNG,True,True,PASS,PASS,PASS,0,0
PF_P4D_POS_MULTI_G001_V01,PF_P4D_POS_MULTI_G001,V01,positive,multi_person_one_lying,NEW_DESIGN,/home/yanbo/下载/batches/batch_person-fallen-v2-p4d-hardneg-rev1-camera1p5m/prompts/PF_P4D_POS_MULTI_G001_V01.txt,7a876243579a35e3cd24d7fb0931169ee7da5a06ea1b2d71ea4ff8c2895d1abf,7a876243579a35e3cd24d7fb0931169ee7da5a06ea1b2d71ea4ff8c2895d1abf,Q7_EXECUTION,CODEX_SAFE_STAGED_CV_V1,Q7_EXECUTION,CODEX_SAFE_STAGED_CV_V1,codex,/home/yanbo/net_vlm_person_fallen_v2_optimization/08_p4d_new_hard_negative_dev_revision/02_generation/gr3_fullregen/06_execution/quota_campaign_window_04_gr3q7_authorized_20260831_01/02_runner/run_config.json,PASS,preexisting_partition_sha256,/home/yanbo/net_vlm_person_fallen_v2_optimization/08_p4d_new_hard_negative_dev_revision/02_generation/gr3_fullregen/06_execution/quota_campaign_window_04_gr3q7_authorized_20260831_01/07_generated_raw/PF_P4D_POS_MULTI_G001_V01.png,ebaccbd436494cb334762fa4db6e1ab2d8c5f58fb306940c9c8a99d322c4e1cd,ebaccbd436494cb334762fa4db6e1ab2d8c5f58fb306940c9c8a99d322c4e1cd,1672,941,PNG,True,True,/home/yanbo/net_vlm_person_fallen_v2_optimization/08_p4d_new_hard_negative_dev_revision/02_generation/gr3_fullregen/06_execution/quota_campaign_window_04_gr3q7_authorized_20260831_01/08_final/PF_P4D_POS_MULTI_G001_V01.png,766f41cdd735818a390ad3355e6ddfce65820ee32ddb96beafa9ae7d59c00c6b,766f41cdd735818a390ad3355e6ddfce65820ee32ddb96beafa9ae7d59c00c6b,1920,1080,PNG,True,True,PASS,PASS,PASS,0,0
PF_P4D_POS_MULTI_G001_V02,PF_P4D_POS_MULTI_G001,V02,positive,multi_person_one_lying,NEW_DESIGN,/home/yanbo/下载/batches/batch_person-fallen-v2-p4d-hardneg-rev1-camera1p5m/prompts/PF_P4D_POS_MULTI_G001_V02.txt,a2a987455a4e4b991626982f7412f9df245abe12d930a084feaa7496cc2a4124,a2a987455a4e4b991626982f7412f9df245abe12d930a084feaa7496cc2a4124,Q7_EXECUTION,CODEX_SAFE_STAGED_CV_V1,Q7_EXECUTION,CODEX_SAFE_STAGED_CV_V1,codex,/home/yanbo/net_vlm_person_fallen_v2_optimization/08_p4d_new_hard_negative_dev_revision/02_generation/gr3_fullregen/06_execution/quota_campaign_window_04_gr3q7_authorized_20260831_01/02_runner/run_config.json,PASS,preexisting_partition_sha256,/home/yanbo/net_vlm_person_fallen_v2_optimization/08_p4d_new_hard_negative_dev_revision/02_generation/gr3_fullregen/06_execution/quota_campaign_window_04_gr3q7_authorized_20260831_01/07_generated_raw/PF_P4D_POS_MULTI_G001_V02.png,ee6fc72b8af1e3762274ea4e61d23b1ffc9bef548bef791e9151336fa972fe75,ee6fc72b8af1e3762274ea4e61d23b1ffc9bef548bef791e9151336fa972fe75,1672,941,PNG,True,True,/home/yanbo/net_vlm_person_fallen_v2_optimization/08_p4d_new_hard_negative_dev_revision/02_generation/gr3_fullregen/06_execution/quota_campaign_window_04_gr3q7_authorized_20260831_01/08_final/PF_P4D_POS_MULTI_G001_V02.png,4380b9ff73d2652e4bb460f83f45f4b69ad41dc87952826ec40dcb24f1615861,4380b9ff73d2652e4bb460f83f45f4b69ad41dc87952826ec40dcb24f1615861,1920,1080,PNG,True,True,PASS,PASS,PASS,0,0
PF_P4D_POS_MULTI_G001_V03,PF_P4D_POS_MULTI_G001,V03,positive,multi_person_one_lying,NEW_DESIGN,/home/yanbo/下载/batches/batch_person-fallen-v2-p4d-hardneg-rev1-camera1p5m/prompts/PF_P4D_POS_MULTI_G001_V03.txt,485bccf85bbc8584a1c36cdc6bc58a0d330ca9b0b40d91d5b7919c5e06824507,485bccf85bbc8584a1c36cdc6bc58a0d330ca9b0b40d91d5b7919c5e06824507,Q7_EXECUTION,CODEX_SAFE_STAGED_CV_V1,Q7_EXECUTION,CODEX_SAFE_STAGED_CV_V1,codex,/home/yanbo/net_vlm_person_fallen_v2_optimization/08_p4d_new_hard_negative_dev_revision/02_generation/gr3_fullregen/06_execution/quota_campaign_window_04_gr3q7_authorized_20260831_01/02_runner/run_config.json,PASS,preexisting_partition_sha256,/home/yanbo/net_vlm_person_fallen_v2_optimization/08_p4d_new_hard_negative_dev_revision/02_generation/gr3_fullregen/06_execution/quota_campaign_window_04_gr3q7_authorized_20260831_01/07_generated_raw/PF_P4D_POS_MULTI_G001_V03.png,01eaedded058c4935ffe1d14d64ba1c2ed815099fe4f9a7750acac1847bd7203,01eaedded058c4935ffe1d14d64ba1c2ed815099fe4f9a7750acac1847bd7203,1672,941,PNG,True,True,/home/yanbo/net_vlm_person_fallen_v2_optimization/08_p4d_new_hard_negative_dev_revision/02_generation/gr3_fullregen/06_execution/quota_campaign_window_04_gr3q7_authorized_20260831_01/08_final/PF_P4D_POS_MULTI_G001_V03.png,078df807ba36c7014717f00fbe459dbb4e8a846d1e9ccad6ce2100fc646c6b35,078df807ba36c7014717f00fbe459dbb4e8a846d1e9ccad6ce2100fc646c6b35,1920,1080,PNG,True,True,PASS,PASS,PASS,0,0
PF_P4D_POS_MULTI_G001_V04,PF_P4D_POS_MULTI_G001,V04,positive,multi_person_one_lying,NEW_DESIGN,/home/yanbo/下载/batches/batch_person-fallen-v2-p4d-hardneg-rev1-camera1p5m/prompts/PF_P4D_POS_MULTI_G001_V04.txt,2784920efdebadd3c60b94d804ac0b9be96f8239226c507ba9f837674484030c,2784920efdebadd3c60b94d804ac0b9be96f8239226c507ba9f837674484030c,Q7_EXECUTION,CODEX_SAFE_STAGED_CV_V1,Q7_EXECUTION,CODEX_SAFE_STAGED_CV_V1,codex,/home/yanbo/net_vlm_person_fallen_v2_optimization/08_p4d_new_hard_negative_dev_revision/02_generation/gr3_fullregen/06_execution/quota_campaign_window_04_gr3q7_authorized_20260831_01/02_runner/run_config.json,PASS,preexisting_partition_sha256,/home/yanbo/net_vlm_person_fallen_v2_optimization/08_p4d_new_hard_negative_dev_revision/02_generation/gr3_fullregen/06_execution/quota_campaign_window_04_gr3q7_authorized_20260831_01/07_generated_raw/PF_P4D_POS_MULTI_G001_V04.png,fa33559f9571d2b5d7f7eaf3c6300b02c76a79b97f11215590609c164041e984,fa33559f9571d2b5d7f7eaf3c6300b02c76a79b97f11215590609c164041e984,1672,941,PNG,True,True,/home/yanbo/net_vlm_person_fallen_v2_optimization/08_p4d_new_hard_negative_dev_revision/02_generation/gr3_fullregen/06_execution/quota_campaign_window_04_gr3q7_authorized_20260831_01/08_final/PF_P4D_POS_MULTI_G001_V04.png,8711cb681690b1e5df446b55e4f239e7b3ef53a24da029706a1d14213e7a144a,8711cb681690b1e5df446b55e4f239e7b3ef53a24da029706a1d14213e7a144a,1920,1080,PNG,True,True,PASS,PASS,PASS,0,0
PF_P4D_POS_MULTI_G001_V05,PF_P4D_POS_MULTI_G001,V05,positive,multi_person_one_lying,NEW_DESIGN,/home/yanbo/下载/batches/batch_person-fallen-v2-p4d-hardneg-rev1-camera1p5m/prompts/PF_P4D_POS_MULTI_G001_V05.txt,3e4634fb365ca5323a098344aa43db65b9dac99bd588d0093a22a77491005fc2,3e4634fb365ca5323a098344aa43db65b9dac99bd588d0093a22a77491005fc2,Q7_EXECUTION,CODEX_SAFE_STAGED_CV_V1,Q7_EXECUTION,CODEX_SAFE_STAGED_CV_V1,codex,/home/yanbo/net_vlm_person_fallen_v2_optimization/08_p4d_new_hard_negative_dev_revision/02_generation/gr3_fullregen/06_execution/quota_campaign_window_04_gr3q7_authorized_20260831_01/02_runner/run_config.json,PASS,preexisting_partition_sha256,/home/yanbo/net_vlm_person_fallen_v2_optimization/08_p4d_new_hard_negative_dev_revision/02_generation/gr3_fullregen/06_execution/quota_campaign_window_04_gr3q7_authorized_20260831_01/07_generated_raw/PF_P4D_POS_MULTI_G001_V05.png,fa3f93da86cd7375674fbf4166383c2730078d3b18a6f4758eb4ef27c894aa80,fa3f93da86cd7375674fbf4166383c2730078d3b18a6f4758eb4ef27c894aa80,1672,941,PNG,True,True,/home/yanbo/net_vlm_person_fallen_v2_optimization/08_p4d_new_hard_negative_dev_revision/02_generation/gr3_fullregen/06_execution/quota_campaign_window_04_gr3q7_authorized_20260831_01/08_final/PF_P4D_POS_MULTI_G001_V05.png,b6b022ff11f89afc87a076e33db60e5a1f369df2037a81e2f9688747def1d67b,b6b022ff11f89afc87a076e33db60e5a1f369df2037a81e2f9688747def1d67b,1920,1080,PNG,True,True,PASS,PASS,PASS,0,0
PF_P4D_POS_CORRIDOR_G001_V01,PF_P4D_POS_CORRIDOR_G001,V01,positive,horizontal_corridor_ground_lying,NEW_SCREEN,/home/yanbo/下载/batches/batch_person-fallen-v2-p4d-hardneg-rev1-camera1p5m/prompts/PF_P4D_POS_CORRIDOR_G001_V01.txt,db0b94ef6860e20bbdbbb6574d3841cff9d65dbcc529159512de918221492364,db0b94ef6860e20bbdbbb6574d3841cff9d65dbcc529159512de918221492364,Q7_EXECUTION,CODEX_SAFE_STAGED_CV_V1,Q7_EXECUTION,CODEX_SAFE_STAGED_CV_V1,codex,/home/yanbo/net_vlm_person_fallen_v2_optimization/08_p4d_new_hard_negative_dev_revision/02_generation/gr3_fullregen/06_execution/quota_campaign_window_04_gr3q7_authorized_20260831_01/02_runner/run_config.json,PASS,preexisting_partition_sha256,/home/yanbo/net_vlm_person_fallen_v2_optimization/08_p4d_new_hard_negative_dev_revision/02_generation/gr3_fullregen/06_execution/quota_campaign_window_04_gr3q7_authorized_20260831_01/07_generated_raw/PF_P4D_POS_CORRIDOR_G001_V01.png,bcefe053f32c6fa3725c6f5753cea28541fff9f2c70035fda20694cdbfd39aba,bcefe053f32c6fa3725c6f5753cea28541fff9f2c70035fda20694cdbfd39aba,1672,941,PNG,True,True,/home/yanbo/net_vlm_person_fallen_v2_optimization/08_p4d_new_hard_negative_dev_revision/02_generation/gr3_fullregen/06_execution/quota_campaign_window_04_gr3q7_authorized_20260831_01/08_final/PF_P4D_POS_CORRIDOR_G001_V01.png,d55c9ce33855c4099bca3a2375d111e1a4bf1bc957d0f7a1736316893534c511,d55c9ce33855c4099bca3a2375d111e1a4bf1bc957d0f7a1736316893534c511,1920,1080,PNG,True,True,PASS,PASS,PASS,0,0
PF_P4D_POS_CORRIDOR_G001_V02,PF_P4D_POS_CORRIDOR_G001,V02,positive,horizontal_corridor_ground_lying,NEW_SCREEN,/home/yanbo/下载/batches/batch_person-fallen-v2-p4d-hardneg-rev1-camera1p5m/prompts/PF_P4D_POS_CORRIDOR_G001_V02.txt,42cc5c784c9329e20fec1fa3b648f99a0dee4e5b36a6ff5b2657fe589213500b,42cc5c784c9329e20fec1fa3b648f99a0dee4e5b36a6ff5b2657fe589213500b,Q7_EXECUTION,CODEX_SAFE_STAGED_CV_V1,Q7_EXECUTION,CODEX_SAFE_STAGED_CV_V1,codex,/home/yanbo/net_vlm_person_fallen_v2_optimization/08_p4d_new_hard_negative_dev_revision/02_generation/gr3_fullregen/06_execution/quota_campaign_window_04_gr3q7_authorized_20260831_01/02_runner/run_config.json,PASS,preexisting_partition_sha256,/home/yanbo/net_vlm_person_fallen_v2_optimization/08_p4d_new_hard_negative_dev_revision/02_generation/gr3_fullregen/06_execution/quota_campaign_window_04_gr3q7_authorized_20260831_01/07_generated_raw/PF_P4D_POS_CORRIDOR_G001_V02.png,008dd0eee0dc046ef97702768e37fd06fd8edded45779c1b48678f53059c7009,008dd0eee0dc046ef97702768e37fd06fd8edded45779c1b48678f53059c7009,1672,941,PNG,True,True,/home/yanbo/net_vlm_person_fallen_v2_optimization/08_p4d_new_hard_negative_dev_revision/02_generation/gr3_fullregen/06_execution/quota_campaign_window_04_gr3q7_authorized_20260831_01/08_final/PF_P4D_POS_CORRIDOR_G001_V02.png,cc79a90543ba6317b0163565415ba9b5d8d5373d3f70b8a432df9cdd8c7a9f99,cc79a90543ba6317b0163565415ba9b5d8d5373d3f70b8a432df9cdd8c7a9f99,1920,1080,PNG,True,True,PASS,PASS,PASS,0,0
PF_P4D_POS_CORRIDOR_G001_V03,PF_P4D_POS_CORRIDOR_G001,V03,positive,horizontal_corridor_ground_lying,NEW_SCREEN,/home/yanbo/下载/batches/batch_person-fallen-v2-p4d-hardneg-rev1-camera1p5m/prompts/PF_P4D_POS_CORRIDOR_G001_V03.txt,49916aa2402b4e17e9ad1ceecce48d1235f2de6d19f4e428ea493bcd92085e54,49916aa2402b4e17e9ad1ceecce48d1235f2de6d19f4e428ea493bcd92085e54,Q7_EXECUTION,CODEX_SAFE_STAGED_CV_V1,Q7_EXECUTION,CODEX_SAFE_STAGED_CV_V1,codex,/home/yanbo/net_vlm_person_fallen_v2_optimization/08_p4d_new_hard_negative_dev_revision/02_generation/gr3_fullregen/06_execution/quota_campaign_window_04_gr3q7_authorized_20260831_01/02_runner/run_config.json,PASS,preexisting_partition_sha256,/home/yanbo/net_vlm_person_fallen_v2_optimization/08_p4d_new_hard_negative_dev_revision/02_generation/gr3_fullregen/06_execution/quota_campaign_window_04_gr3q7_authorized_20260831_01/07_generated_raw/PF_P4D_POS_CORRIDOR_G001_V03.png,65fed9852264fe362e0dfbdbcfe89badb08d467dfbef1b0c405a03dd13328bbe,65fed9852264fe362e0dfbdbcfe89badb08d467dfbef1b0c405a03dd13328bbe,1672,941,PNG,True,True,/home/yanbo/net_vlm_person_fallen_v2_optimization/08_p4d_new_hard_negative_dev_revision/02_generation/gr3_fullregen/06_execution/quota_campaign_window_04_gr3q7_authorized_20260831_01/08_final/PF_P4D_POS_CORRIDOR_G001_V03.png,7988d3f9d02e050d3371e98abba9b56c6941389eb3a215e29363839d552b8100,7988d3f9d02e050d3371e98abba9b56c6941389eb3a215e29363839d552b8100,1920,1080,PNG,True,True,PASS,PASS,PASS,0,0
PF_P4D_POS_CORRIDOR_G001_V04,PF_P4D_POS_CORRIDOR_G001,V04,positive,horizontal_corridor_ground_lying,NEW_SCREEN,/home/yanbo/下载/batches/batch_person-fallen-v2-p4d-hardneg-rev1-camera1p5m/prompts/PF_P4D_POS_CORRIDOR_G001_V04.txt,18734590a1d85bf0109692cc58f2ed6031305841f951113b1a12a3739f8768be,18734590a1d85bf0109692cc58f2ed6031305841f951113b1a12a3739f8768be,Q7_EXECUTION,CODEX_SAFE_STAGED_CV_V1,Q7_EXECUTION,CODEX_SAFE_STAGED_CV_V1,codex,/home/yanbo/net_vlm_person_fallen_v2_optimization/08_p4d_new_hard_negative_dev_revision/02_generation/gr3_fullregen/06_execution/quota_campaign_window_04_gr3q7_authorized_20260831_01/02_runner/run_config.json,PASS,preexisting_partition_sha256,/home/yanbo/net_vlm_person_fallen_v2_optimization/08_p4d_new_hard_negative_dev_revision/02_generation/gr3_fullregen/06_execution/quota_campaign_window_04_gr3q7_authorized_20260831_01/07_generated_raw/PF_P4D_POS_CORRIDOR_G001_V04.png,8481a774b3ee4c483659c85123ed900db061c606a067a4996f7f0d25de1d5941,8481a774b3ee4c483659c85123ed900db061c606a067a4996f7f0d25de1d5941,1672,941,PNG,True,True,/home/yanbo/net_vlm_person_fallen_v2_optimization/08_p4d_new_hard_negative_dev_revision/02_generation/gr3_fullregen/06_execution/quota_campaign_window_04_gr3q7_authorized_20260831_01/08_final/PF_P4D_POS_CORRIDOR_G001_V04.png,c2112d70ecd7b3d2821810ce138aa30aee7eac30eaf3b67c2b3549eb9cffe1cb,c2112d70ecd7b3d2821810ce138aa30aee7eac30eaf3b67c2b3549eb9cffe1cb,1920,1080,PNG,True,True,PASS,PASS,PASS,0,0
PF_P4D_POS_CORRIDOR_G001_V05,PF_P4D_POS_CORRIDOR_G001,V05,positive,horizontal_corridor_ground_lying,NEW_SCREEN,/home/yanbo/下载/batches/batch_person-fallen-v2-p4d-hardneg-rev1-camera1p5m/prompts/PF_P4D_POS_CORRIDOR_G001_V05.txt,c8360449d4fcd9bbc9fd895b1001e5f0357852ae9cdb93394009409fd3d0eddf,c8360449d4fcd9bbc9fd895b1001e5f0357852ae9cdb93394009409fd3d0eddf,Q7_EXECUTION,CODEX_SAFE_STAGED_CV_V1,Q7_EXECUTION,CODEX_SAFE_STAGED_CV_V1,codex,/home/yanbo/net_vlm_person_fallen_v2_optimization/08_p4d_new_hard_negative_dev_revision/02_generation/gr3_fullregen/06_execution/quota_campaign_window_04_gr3q7_authorized_20260831_01/02_runner/run_config.json,PASS,preexisting_partition_sha256,/home/yanbo/net_vlm_person_fallen_v2_optimization/08_p4d_new_hard_negative_dev_revision/02_generation/gr3_fullregen/06_execution/quota_campaign_window_04_gr3q7_authorized_20260831_01/07_generated_raw/PF_P4D_POS_CORRIDOR_G001_V05.png,e798ee85eeb5e3a4ac42ea0f2e9adedffca4637150991e207fa338dd241a7b6d,e798ee85eeb5e3a4ac42ea0f2e9adedffca4637150991e207fa338dd241a7b6d,1672,941,PNG,True,True,/home/yanbo/net_vlm_person_fallen_v2_optimization/08_p4d_new_hard_negative_dev_revision/02_generation/gr3_fullregen/06_execution/quota_campaign_window_04_gr3q7_authorized_20260831_01/08_final/PF_P4D_POS_CORRIDOR_G001_V05.png,d857787195c868fe7ab40d9256855f14407c0f29c2f1d55e3c2128f567a7cf71,d857787195c868fe7ab40d9256855f14407c0f29c2f1d55e3c2128f567a7cf71,1920,1080,PNG,True,True,PASS,PASS,PASS,0,0
PF_P4D_NEG_STAND_G003_V01,PF_P4D_NEG_STAND_G003,V01,ordinary_negative,standing_walking,NEW_SCREEN,/home/yanbo/下载/batches/batch_person-fallen-v2-p4d-hardneg-rev1-camera1p5m/prompts/PF_P4D_NEG_STAND_G003_V01.txt,eb651d60c4797f3c1211717e77d0949c12f072298d620e2b5090c91af5567067,eb651d60c4797f3c1211717e77d0949c12f072298d620e2b5090c91af5567067,PRE_Q7_VERIFIED,CODEX_SAFE_STAGED_CV_V1,Q2_PRE_Q6_LEGACY_INVENTORY,LEGACY_NO_ADAPTER,codex,/home/yanbo/net_vlm_person_fallen_v2_optimization/08_p4d_new_hard_negative_dev_revision/02_generation/gr3_fullregen/06_execution/quota_campaign_window_02_policy_adapter_20260830_01/00_preflight/current_verified_success_132.csv,PASS,preexisting_inventory_sha256,/home/yanbo/net_vlm_person_fallen_v2_optimization/08_p4d_new_hard_negative_dev_revision/02_generation/gr3_fullregen/06_execution/quota_campaign_window_01_authorized_20260830_05/07_generated_raw/PF_P4D_NEG_STAND_G003_V01.png,c2474538d68dc26f0fc44ae8fbf682688fef2683498089027c93a7cc32762c3e,c2474538d68dc26f0fc44ae8fbf682688fef2683498089027c93a7cc32762c3e,1672,941,PNG,True,True,/home/yanbo/net_vlm_person_fallen_v2_optimization/08_p4d_new_hard_negative_dev_revision/02_generation/gr3_fullregen/06_execution/quota_campaign_window_01_authorized_20260830_05/08_final/PF_P4D_NEG_STAND_G003_V01.png,895ad7f662f1604e82a007429438cca8a824d36c33d5d54512b9583fa212f872,895ad7f662f1604e82a007429438cca8a824d36c33d5d54512b9583fa212f872,1920,1080,PNG,True,True,PASS,PASS,PASS,0,0
PF_P4D_NEG_STAND_G003_V02,PF_P4D_NEG_STAND_G003,V02,ordinary_negative,standing_walking,NEW_SCREEN,/home/yanbo/下载/batches/batch_person-fallen-v2-p4d-hardneg-rev1-camera1p5m/prompts/PF_P4D_NEG_STAND_G003_V02.txt,3fe8e8dada359145a819d1f7d607b19921b1123939a266fe1815995953d3b8f0,3fe8e8dada359145a819d1f7d607b19921b1123939a266fe1815995953d3b8f0,PRE_Q7_VERIFIED,CODEX_SAFE_STAGED_CV_V1,Q2_PRE_Q6_LEGACY_INVENTORY,LEGACY_NO_ADAPTER,codex,/home/yanbo/net_vlm_person_fallen_v2_optimization/08_p4d_new_hard_negative_dev_revision/02_generation/gr3_fullregen/06_execution/quota_campaign_window_02_policy_adapter_20260830_01/00_preflight/current_verified_success_132.csv,PASS,preexisting_inventory_sha256,/home/yanbo/net_vlm_person_fallen_v2_optimization/08_p4d_new_hard_negative_dev_revision/02_generation/gr3_fullregen/06_execution/quota_campaign_window_01_authorized_20260830_05/07_generated_raw/PF_P4D_NEG_STAND_G003_V02.png,e04ec450d64e68eed63e7175f33060316b0a2a3ed8011fcf388c85b16caae28d,e04ec450d64e68eed63e7175f33060316b0a2a3ed8011fcf388c85b16caae28d,1672,941,PNG,True,True,/home/yanbo/net_vlm_person_fallen_v2_optimization/08_p4d_new_hard_negative_dev_revision/02_generation/gr3_fullregen/06_execution/quota_campaign_window_01_authorized_20260830_05/08_final/PF_P4D_NEG_STAND_G003_V02.png,b54a3504508a49e81ae9d0d9b35784acf97673496d0e93d09e8b35cbf8cf9937,b54a3504508a49e81ae9d0d9b35784acf97673496d0e93d09e8b35cbf8cf9937,1920,1080,PNG,True,True,PASS,PASS,PASS,0,0
PF_P4D_NEG_STAND_G003_V03,PF_P4D_NEG_STAND_G003,V03,ordinary_negative,standing_walking,NEW_SCREEN,/home/yanbo/下载/batches/batch_person-fallen-v2-p4d-hardneg-rev1-camera1p5m/prompts/PF_P4D_NEG_STAND_G003_V03.txt,e2b2ef7fca5d1304d6b49eba059e2fe2421445848f1ccd96bd0f484c8d53b630,e2b2ef7fca5d1304d6b49eba059e2fe2421445848f1ccd96bd0f484c8d53b630,PRE_Q7_VERIFIED,CODEX_SAFE_STAGED_CV_V1,Q2_PRE_Q6_LEGACY_INVENTORY,LEGACY_NO_ADAPTER,codex,/home/yanbo/net_vlm_person_fallen_v2_optimization/08_p4d_new_hard_negative_dev_revision/02_generation/gr3_fullregen/06_execution/quota_campaign_window_02_policy_adapter_20260830_01/00_preflight/current_verified_success_132.csv,PASS,preexisting_inventory_sha256,/home/yanbo/net_vlm_person_fallen_v2_optimization/08_p4d_new_hard_negative_dev_revision/02_generation/gr3_fullregen/06_execution/quota_campaign_window_01_authorized_20260830_05/07_generated_raw/PF_P4D_NEG_STAND_G003_V03.png,be07e54dfd9f1e8a3ea4436fb21c44f9cac0f78b88be30cc4b427118214ab37d,be07e54dfd9f1e8a3ea4436fb21c44f9cac0f78b88be30cc4b427118214ab37d,1672,941,PNG,True,True,/home/yanbo/net_vlm_person_fallen_v2_optimization/08_p4d_new_hard_negative_dev_revision/02_generation/gr3_fullregen/06_execution/quota_campaign_window_01_authorized_20260830_05/08_final/PF_P4D_NEG_STAND_G003_V03.png,cae4fe15440e43003bab4423bf43209de42e40d1d306a8138857c6c2f8752c8f,cae4fe15440e43003bab4423bf43209de42e40d1d306a8138857c6c2f8752c8f,1920,1080,PNG,True,True,PASS,PASS,PASS,0,0
PF_P4D_NEG_STAND_G003_V04,PF_P4D_NEG_STAND_G003,V04,ordinary_negative,standing_walking,NEW_SCREEN,/home/yanbo/下载/batches/batch_person-fallen-v2-p4d-hardneg-rev1-camera1p5m/prompts/PF_P4D_NEG_STAND_G003_V04.txt,ebd2fe3f586d6002e84e67518d1aa5dede5bc684966ab2fb8d921dffaa0f567b,ebd2fe3f586d6002e84e67518d1aa5dede5bc684966ab2fb8d921dffaa0f567b,PRE_Q7_VERIFIED,CODEX_SAFE_STAGED_CV_V1,Q2_PRE_Q6_LEGACY_INVENTORY,LEGACY_NO_ADAPTER,codex,/home/yanbo/net_vlm_person_fallen_v2_optimization/08_p4d_new_hard_negative_dev_revision/02_generation/gr3_fullregen/06_execution/quota_campaign_window_02_policy_adapter_20260830_01/00_preflight/current_verified_success_132.csv,PASS,preexisting_inventory_sha256,/home/yanbo/net_vlm_person_fallen_v2_optimization/08_p4d_new_hard_negative_dev_revision/02_generation/gr3_fullregen/06_execution/quota_campaign_window_01_authorized_20260830_05/07_generated_raw/PF_P4D_NEG_STAND_G003_V04.png,49df822ff215503142938fb75baf0f4e884ec7aed119118a154aa31a6aa3570f,49df822ff215503142938fb75baf0f4e884ec7aed119118a154aa31a6aa3570f,1672,941,PNG,True,True,/home/yanbo/net_vlm_person_fallen_v2_optimization/08_p4d_new_hard_negative_dev_revision/02_generation/gr3_fullregen/06_execution/quota_campaign_window_01_authorized_20260830_05/08_final/PF_P4D_NEG_STAND_G003_V04.png,73bbf09724dd17872b93fb98553ba7b8d61b01f70f3c4797cc8715b062d8f70d,73bbf09724dd17872b93fb98553ba7b8d61b01f70f3c4797cc8715b062d8f70d,1920,1080,PNG,True,True,PASS,PASS,PASS,0,0
PF_P4D_NEG_STAND_G003_V05,PF_P4D_NEG_STAND_G003,V05,ordinary_negative,standing_walking,NEW_SCREEN,/home/yanbo/下载/batches/batch_person-fallen-v2-p4d-hardneg-rev1-camera1p5m/prompts/PF_P4D_NEG_STAND_G003_V05.txt,8cb7d6bee672433d6665c47a11d30c94441ecafe3d64b00bd9bdaa7077e86532,8cb7d6bee672433d6665c47a11d30c94441ecafe3d64b00bd9bdaa7077e86532,PRE_Q7_VERIFIED,CODEX_SAFE_STAGED_CV_V1,Q2_PRE_Q6_LEGACY_INVENTORY,LEGACY_NO_ADAPTER,codex,/home/yanbo/net_vlm_person_fallen_v2_optimization/08_p4d_new_hard_negative_dev_revision/02_generation/gr3_fullregen/06_execution/quota_campaign_window_02_policy_adapter_20260830_01/00_preflight/current_verified_success_132.csv,PASS,preexisting_inventory_sha256,/home/yanbo/net_vlm_person_fallen_v2_optimization/08_p4d_new_hard_negative_dev_revision/02_generation/gr3_fullregen/06_execution/quota_campaign_window_01_authorized_20260830_05/07_generated_raw/PF_P4D_NEG_STAND_G003_V05.png,39a64d5ef43bda44a711e110c25d7796e8056bc53ec483aa1c128ff3ac45662a,39a64d5ef43bda44a711e110c25d7796e8056bc53ec483aa1c128ff3ac45662a,1672,941,PNG,True,True,/home/yanbo/net_vlm_person_fallen_v2_optimization/08_p4d_new_hard_negative_dev_revision/02_generation/gr3_fullregen/06_execution/quota_campaign_window_01_authorized_20260830_05/08_final/PF_P4D_NEG_STAND_G003_V05.png,3d7fa4d17bb6ef2dc979a3cb49bfae426866742aad5d07abad972c09a09da04c,3d7fa4d17bb6ef2dc979a3cb49bfae426866742aad5d07abad972c09a09da04c,1920,1080,PNG,True,True,PASS,PASS,PASS,0,0
PF_P4D_NEG_CHAIR_G001_V01,PF_P4D_NEG_CHAIR_G001,V01,ordinary_negative,chair_seated_normal_work,NEW_DESIGN,/home/yanbo/下载/batches/batch_person-fallen-v2-p4d-hardneg-rev1-camera1p5m/prompts/PF_P4D_NEG_CHAIR_G001_V01.txt,5ad198ecbcea58599eeb71c7a5867047b8ad0696a6dc2c3eb102863f6384e97e,5ad198ecbcea58599eeb71c7a5867047b8ad0696a6dc2c3eb102863f6384e97e,PRE_Q7_VERIFIED,CODEX_SAFE_STAGED_CV_V1,Q2_PRE_Q6_LEGACY_INVENTORY,LEGACY_NO_ADAPTER,codex,/home/yanbo/net_vlm_person_fallen_v2_optimization/08_p4d_new_hard_negative_dev_revision/02_generation/gr3_fullregen/06_execution/quota_campaign_window_02_policy_adapter_20260830_01/00_preflight/current_verified_success_132.csv,PASS,preexisting_inventory_sha256,/home/yanbo/net_vlm_person_fallen_v2_optimization/08_p4d_new_hard_negative_dev_revision/02_generation/gr3_fullregen/06_execution/quota_campaign_window_01_authorized_20260830_05/07_generated_raw/PF_P4D_NEG_CHAIR_G001_V01.png,1de38b0faddc2cd72ce9f0129338e516bca8c7ba00058d98733178eb23d46e86,1de38b0faddc2cd72ce9f0129338e516bca8c7ba00058d98733178eb23d46e86,1672,941,PNG,True,True,/home/yanbo/net_vlm_person_fallen_v2_optimization/08_p4d_new_hard_negative_dev_revision/02_generation/gr3_fullregen/06_execution/quota_campaign_window_01_authorized_20260830_05/08_final/PF_P4D_NEG_CHAIR_G001_V01.png,e1cd8c750986633e2f5398348459d36f4c51e5204d79ef33953afea97861e02e,e1cd8c750986633e2f5398348459d36f4c51e5204d79ef33953afea97861e02e,1920,1080,PNG,True,True,PASS,PASS,PASS,0,0
PF_P4D_NEG_CHAIR_G001_V02,PF_P4D_NEG_CHAIR_G001,V02,ordinary_negative,chair_seated_normal_work,NEW_DESIGN,/home/yanbo/下载/batches/batch_person-fallen-v2-p4d-hardneg-rev1-camera1p5m/prompts/PF_P4D_NEG_CHAIR_G001_V02.txt,135593cc0df800f56701ecb294e46c561ec66f1b675088caa20cf79bf61aa234,135593cc0df800f56701ecb294e46c561ec66f1b675088caa20cf79bf61aa234,PRE_Q7_VERIFIED,CODEX_SAFE_STAGED_CV_V1,Q2_PRE_Q6_LEGACY_INVENTORY,LEGACY_NO_ADAPTER,codex,/home/yanbo/net_vlm_person_fallen_v2_optimization/08_p4d_new_hard_negative_dev_revision/02_generation/gr3_fullregen/06_execution/quota_campaign_window_02_policy_adapter_20260830_01/00_preflight/current_verified_success_132.csv,PASS,preexisting_inventory_sha256,/home/yanbo/net_vlm_person_fallen_v2_optimization/08_p4d_new_hard_negative_dev_revision/02_generation/gr3_fullregen/06_execution/quota_campaign_window_01_authorized_20260830_05/07_generated_raw/PF_P4D_NEG_CHAIR_G001_V02.png,3d072442152b829ad09cc0e43cc6549a521fa688b7bc32d6a85c90e393fa88ac,3d072442152b829ad09cc0e43cc6549a521fa688b7bc32d6a85c90e393fa88ac,1672,941,PNG,True,True,/home/yanbo/net_vlm_person_fallen_v2_optimization/08_p4d_new_hard_negative_dev_revision/02_generation/gr3_fullregen/06_execution/quota_campaign_window_01_authorized_20260830_05/08_final/PF_P4D_NEG_CHAIR_G001_V02.png,2d35dca7ea17ce4620079a39728dd948ad1ef03d1313618cded17aaa9abde28c,2d35dca7ea17ce4620079a39728dd948ad1ef03d1313618cded17aaa9abde28c,1920,1080,PNG,True,True,PASS,PASS,PASS,0,0
PF_P4D_NEG_CHAIR_G001_V03,PF_P4D_NEG_CHAIR_G001,V03,ordinary_negative,chair_seated_normal_work,NEW_DESIGN,/home/yanbo/下载/batches/batch_person-fallen-v2-p4d-hardneg-rev1-camera1p5m/prompts/PF_P4D_NEG_CHAIR_G001_V03.txt,38fb337d21e1438818ecd711fad2ba32783ab20161df99929806262bad8f06c9,38fb337d21e1438818ecd711fad2ba32783ab20161df99929806262bad8f06c9,PRE_Q7_VERIFIED,CODEX_SAFE_STAGED_CV_V1,Q2_PRE_Q6_LEGACY_INVENTORY,LEGACY_NO_ADAPTER,codex,/home/yanbo/net_vlm_person_fallen_v2_optimization/08_p4d_new_hard_negative_dev_revision/02_generation/gr3_fullregen/06_execution/quota_campaign_window_02_policy_adapter_20260830_01/00_preflight/current_verified_success_132.csv,PASS,preexisting_inventory_sha256,/home/yanbo/net_vlm_person_fallen_v2_optimization/08_p4d_new_hard_negative_dev_revision/02_generation/gr3_fullregen/06_execution/quota_campaign_window_01_authorized_20260830_05/07_generated_raw/PF_P4D_NEG_CHAIR_G001_V03.png,139ce751e02e8924f30dd887a5e452be5aa00670979d08454aa23ec85bc7ddf5,139ce751e02e8924f30dd887a5e452be5aa00670979d08454aa23ec85bc7ddf5,1672,941,PNG,True,True,/home/yanbo/net_vlm_person_fallen_v2_optimization/08_p4d_new_hard_negative_dev_revision/02_generation/gr3_fullregen/06_execution/quota_campaign_window_01_authorized_20260830_05/08_final/PF_P4D_NEG_CHAIR_G001_V03.png,a057becd859cd1d2c7f0e249f78668be378f9de6e44638811c4433753f3f2649,a057becd859cd1d2c7f0e249f78668be378f9de6e44638811c4433753f3f2649,1920,1080,PNG,True,True,PASS,PASS,PASS,0,0
PF_P4D_NEG_CHAIR_G001_V04,PF_P4D_NEG_CHAIR_G001,V04,ordinary_negative,chair_seated_normal_work,NEW_DESIGN,/home/yanbo/下载/batches/batch_person-fallen-v2-p4d-hardneg-rev1-camera1p5m/prompts/PF_P4D_NEG_CHAIR_G001_V04.txt,2c1e3069dcf69dcd742626d29f4e0bdccf7fd818d57249dfc739e75cf9f406c2,2c1e3069dcf69dcd742626d29f4e0bdccf7fd818d57249dfc739e75cf9f406c2,PRE_Q7_VERIFIED,CODEX_SAFE_STAGED_CV_V1,Q2_PRE_Q6_LEGACY_INVENTORY,LEGACY_NO_ADAPTER,codex,/home/yanbo/net_vlm_person_fallen_v2_optimization/08_p4d_new_hard_negative_dev_revision/02_generation/gr3_fullregen/06_execution/quota_campaign_window_02_policy_adapter_20260830_01/00_preflight/current_verified_success_132.csv,PASS,preexisting_inventory_sha256,/home/yanbo/net_vlm_person_fallen_v2_optimization/08_p4d_new_hard_negative_dev_revision/02_generation/gr3_fullregen/06_execution/quota_campaign_window_01_authorized_20260830_05/07_generated_raw/PF_P4D_NEG_CHAIR_G001_V04.png,f44825c0f1c6fedce390e44603fa95c2af70ca4dcdf858ed93aa78d1943b6fd5,f44825c0f1c6fedce390e44603fa95c2af70ca4dcdf858ed93aa78d1943b6fd5,1672,941,PNG,True,True,/home/yanbo/net_vlm_person_fallen_v2_optimization/08_p4d_new_hard_negative_dev_revision/02_generation/gr3_fullregen/06_execution/quota_campaign_window_01_authorized_20260830_05/08_final/PF_P4D_NEG_CHAIR_G001_V04.png,0113b0565996cebc830db470a133ba2b122eb6bfa88130ee68ba617d066be9d4,0113b0565996cebc830db470a133ba2b122eb6bfa88130ee68ba617d066be9d4,1920,1080,PNG,True,True,PASS,PASS,PASS,0,0
PF_P4D_NEG_CHAIR_G001_V05,PF_P4D_NEG_CHAIR_G001,V05,ordinary_negative,chair_seated_normal_work,NEW_DESIGN,/home/yanbo/下载/batches/batch_person-fallen-v2-p4d-hardneg-rev1-camera1p5m/prompts/PF_P4D_NEG_CHAIR_G001_V05.txt,22f040e9fd4a8015e7a3645040d747fbb085596704e6594fea320325fa26e6b7,22f040e9fd4a8015e7a3645040d747fbb085596704e6594fea320325fa26e6b7,PRE_Q7_VERIFIED,CODEX_SAFE_STAGED_CV_V1,Q2_PRE_Q6_LEGACY_INVENTORY,LEGACY_NO_ADAPTER,codex,/home/yanbo/net_vlm_person_fallen_v2_optimization/08_p4d_new_hard_negative_dev_revision/02_generation/gr3_fullregen/06_execution/quota_campaign_window_02_policy_adapter_20260830_01/00_preflight/current_verified_success_132.csv,PASS,preexisting_inventory_sha256,/home/yanbo/net_vlm_person_fallen_v2_optimization/08_p4d_new_hard_negative_dev_revision/02_generation/gr3_fullregen/06_execution/quota_campaign_window_01_authorized_20260830_05/07_generated_raw/PF_P4D_NEG_CHAIR_G001_V05.png,2018196024adb717088abf1e36a878a698608c6749310426f808b7e93d820d78,2018196024adb717088abf1e36a878a698608c6749310426f808b7e93d820d78,1672,941,PNG,True,True,/home/yanbo/net_vlm_person_fallen_v2_optimization/08_p4d_new_hard_negative_dev_revision/02_generation/gr3_fullregen/06_execution/quota_campaign_window_01_authorized_20260830_05/08_final/PF_P4D_NEG_CHAIR_G001_V05.png,721a0f5ac930b5d0d991cc4d6bb2f5ed36d4745661eeae086011abcd3f58013b,721a0f5ac930b5d0d991cc4d6bb2f5ed36d4745661eeae086011abcd3f58013b,1920,1080,PNG,True,True,PASS,PASS,PASS,0,0
PF_P4D_NEG_CHAIR_G002_V01,PF_P4D_NEG_CHAIR_G002,V01,ordinary_negative,chair_seated_normal_work,NEW_DESIGN,/home/yanbo/下载/batches/batch_person-fallen-v2-p4d-hardneg-rev1-camera1p5m/prompts/PF_P4D_NEG_CHAIR_G002_V01.txt,dd5d4fc5694cc1a741e0fd6611a249fc13b8662614fcbb0914cda0e446c30fb8,dd5d4fc5694cc1a741e0fd6611a249fc13b8662614fcbb0914cda0e446c30fb8,PRE_Q7_VERIFIED,CODEX_SAFE_STAGED_CV_V1,Q5_EXECUTION,CODEX_SAFE_STAGED_CV_V1,codex,/home/yanbo/net_vlm_person_fallen_v2_optimization/08_p4d_new_hard_negative_dev_revision/02_generation/gr3_fullregen/06_execution/quota_campaign_window_02_policy_adapter_20260830_01/03_ledger/gr3q5.sqlite3,PASS,no_preexisting_sha_in_q5_slots_table,/home/yanbo/net_vlm_person_fallen_v2_optimization/08_p4d_new_hard_negative_dev_revision/02_generation/gr3_fullregen/06_execution/quota_campaign_window_02_policy_adapter_20260830_01/07_generated_raw/PF_P4D_NEG_CHAIR_G002_V01.png,,bcdd9e24fb01512463ba94d249ebe3aac6d6c4a0283d3535b178d696c207251f,1672,941,PNG,True,True,/home/yanbo/net_vlm_person_fallen_v2_optimization/08_p4d_new_hard_negative_dev_revision/02_generation/gr3_fullregen/06_execution/quota_campaign_window_02_policy_adapter_20260830_01/08_final/PF_P4D_NEG_CHAIR_G002_V01.png,,acea414095fe7f68655f2f36be7baa67c19b612161bd24aef5e1815484517511,1920,1080,PNG,True,True,PASS,PASS,PASS,0,0
PF_P4D_NEG_CHAIR_G002_V02,PF_P4D_NEG_CHAIR_G002,V02,ordinary_negative,chair_seated_normal_work,NEW_DESIGN,/home/yanbo/下载/batches/batch_person-fallen-v2-p4d-hardneg-rev1-camera1p5m/prompts/PF_P4D_NEG_CHAIR_G002_V02.txt,5cd2f9eab2574df0af33276e1d202ffda4cccf752b1a1c653a24b4d4e169b943,5cd2f9eab2574df0af33276e1d202ffda4cccf752b1a1c653a24b4d4e169b943,PRE_Q7_VERIFIED,CODEX_SAFE_STAGED_CV_V1,Q5_EXECUTION,CODEX_SAFE_STAGED_CV_V1,codex,/home/yanbo/net_vlm_person_fallen_v2_optimization/08_p4d_new_hard_negative_dev_revision/02_generation/gr3_fullregen/06_execution/quota_campaign_window_02_policy_adapter_20260830_01/03_ledger/gr3q5.sqlite3,PASS,no_preexisting_sha_in_q5_slots_table,/home/yanbo/net_vlm_person_fallen_v2_optimization/08_p4d_new_hard_negative_dev_revision/02_generation/gr3_fullregen/06_execution/quota_campaign_window_02_policy_adapter_20260830_01/07_generated_raw/PF_P4D_NEG_CHAIR_G002_V02.png,,8c9fd8b8137efac5e2fd99117524c823b350c4b589150c2fdd98b06bc444a30a,1672,941,PNG,True,True,/home/yanbo/net_vlm_person_fallen_v2_optimization/08_p4d_new_hard_negative_dev_revision/02_generation/gr3_fullregen/06_execution/quota_campaign_window_02_policy_adapter_20260830_01/08_final/PF_P4D_NEG_CHAIR_G002_V02.png,,a5f6f88a5c980eb047748fb00c5554b1a616e707293615131c95f9c4f4afc6c8,1920,1080,PNG,True,True,PASS,PASS,PASS,0,0
PF_P4D_NEG_CHAIR_G002_V03,PF_P4D_NEG_CHAIR_G002,V03,ordinary_negative,chair_seated_normal_work,NEW_DESIGN,/home/yanbo/下载/batches/batch_person-fallen-v2-p4d-hardneg-rev1-camera1p5m/prompts/PF_P4D_NEG_CHAIR_G002_V03.txt,2feaaca8833a56aa90b4ef5828cce7244ee3cb1397b5057f25018c2519a5d199,2feaaca8833a56aa90b4ef5828cce7244ee3cb1397b5057f25018c2519a5d199,PRE_Q7_VERIFIED,CODEX_SAFE_STAGED_CV_V1,Q5_EXECUTION,CODEX_SAFE_STAGED_CV_V1,codex,/home/yanbo/net_vlm_person_fallen_v2_optimization/08_p4d_new_hard_negative_dev_revision/02_generation/gr3_fullregen/06_execution/quota_campaign_window_02_policy_adapter_20260830_01/03_ledger/gr3q5.sqlite3,PASS,no_preexisting_sha_in_q5_slots_table,/home/yanbo/net_vlm_person_fallen_v2_optimization/08_p4d_new_hard_negative_dev_revision/02_generation/gr3_fullregen/06_execution/quota_campaign_window_02_policy_adapter_20260830_01/07_generated_raw/PF_P4D_NEG_CHAIR_G002_V03.png,,2c646c5343a696249449bdc3f5ff145fe4d1e345e37d1e6fae1029ee1993a6fa,1672,941,PNG,True,True,/home/yanbo/net_vlm_person_fallen_v2_optimization/08_p4d_new_hard_negative_dev_revision/02_generation/gr3_fullregen/06_execution/quota_campaign_window_02_policy_adapter_20260830_01/08_final/PF_P4D_NEG_CHAIR_G002_V03.png,,02c8ff9cde3518c617ac15ab5b02c21552420e51bfb071afd35de209b8cee038,1920,1080,PNG,True,True,PASS,PASS,PASS,0,0
PF_P4D_NEG_CHAIR_G002_V04,PF_P4D_NEG_CHAIR_G002,V04,ordinary_negative,chair_seated_normal_work,NEW_DESIGN,/home/yanbo/下载/batches/batch_person-fallen-v2-p4d-hardneg-rev1-camera1p5m/prompts/PF_P4D_NEG_CHAIR_G002_V04.txt,b042ab58480b5d0278ad709b142f58376e4f98ac5e7c36e52f912a0b96b2faec,b042ab58480b5d0278ad709b142f58376e4f98ac5e7c36e52f912a0b96b2faec,PRE_Q7_VERIFIED,CODEX_SAFE_STAGED_CV_V1,Q5_EXECUTION,CODEX_SAFE_STAGED_CV_V1,codex,/home/yanbo/net_vlm_person_fallen_v2_optimization/08_p4d_new_hard_negative_dev_revision/02_generation/gr3_fullregen/06_execution/quota_campaign_window_02_policy_adapter_20260830_01/03_ledger/gr3q5.sqlite3,PASS,no_preexisting_sha_in_q5_slots_table,/home/yanbo/net_vlm_person_fallen_v2_optimization/08_p4d_new_hard_negative_dev_revision/02_generation/gr3_fullregen/06_execution/quota_campaign_window_02_policy_adapter_20260830_01/07_generated_raw/PF_P4D_NEG_CHAIR_G002_V04.png,,d23fd5bc1efaaf8cb414edaa50292158c276f545f66e933b12cefe1fb7ebbe0a,1672,941,PNG,True,True,/home/yanbo/net_vlm_person_fallen_v2_optimization/08_p4d_new_hard_negative_dev_revision/02_generation/gr3_fullregen/06_execution/quota_campaign_window_02_policy_adapter_20260830_01/08_final/PF_P4D_NEG_CHAIR_G002_V04.png,,6d0c7a604f84040ba6139f177ecbb1acd9e312d5214875b88be1d8cb2aa119d2,1920,1080,PNG,True,True,PASS,PASS,PASS,0,0
PF_P4D_NEG_CHAIR_G002_V05,PF_P4D_NEG_CHAIR_G002,V05,ordinary_negative,chair_seated_normal_work,NEW_DESIGN,/home/yanbo/下载/batches/batch_person-fallen-v2-p4d-hardneg-rev1-camera1p5m/prompts/PF_P4D_NEG_CHAIR_G002_V05.txt,30b19c5d3bc5b5624b3dcd85c3be8514e69e204423585707650b2ccc14ed7038,30b19c5d3bc5b5624b3dcd85c3be8514e69e204423585707650b2ccc14ed7038,PRE_Q7_VERIFIED,CODEX_SAFE_STAGED_CV_V1,Q5_EXECUTION,CODEX_SAFE_STAGED_CV_V1,codex,/home/yanbo/net_vlm_person_fallen_v2_optimization/08_p4d_new_hard_negative_dev_revision/02_generation/gr3_fullregen/06_execution/quota_campaign_window_02_policy_adapter_20260830_01/03_ledger/gr3q5.sqlite3,PASS,no_preexisting_sha_in_q5_slots_table,/home/yanbo/net_vlm_person_fallen_v2_optimization/08_p4d_new_hard_negative_dev_revision/02_generation/gr3_fullregen/06_execution/quota_campaign_window_02_policy_adapter_20260830_01/07_generated_raw/PF_P4D_NEG_CHAIR_G002_V05.png,,fb2b298c8d2b0f22bd9778e9932d4559cbf27fd0cfc213bccd307afbb5e3e66f,1672,941,PNG,True,True,/home/yanbo/net_vlm_person_fallen_v2_optimization/08_p4d_new_hard_negative_dev_revision/02_generation/gr3_fullregen/06_execution/quota_campaign_window_02_policy_adapter_20260830_01/08_final/PF_P4D_NEG_CHAIR_G002_V05.png,,80f9be381d67188e2bf8e4f43e8f931c1e3a8e3164cd533f3cb336bd51ce31b4,1920,1080,PNG,True,True,PASS,PASS,PASS,0,0
PF_P4D_NEG_CHAIR_G003_V01,PF_P4D_NEG_CHAIR_G003,V01,ordinary_negative,chair_seated_normal_work,NEW_DESIGN,/home/yanbo/下载/batches/batch_person-fallen-v2-p4d-hardneg-rev1-camera1p5m/prompts/PF_P4D_NEG_CHAIR_G003_V01.txt,31bdebe5334a3d4caa990d2020225f4f3695743d45f395c03358ce647dc77b2b,31bdebe5334a3d4caa990d2020225f4f3695743d45f395c03358ce647dc77b2b,PRE_Q7_VERIFIED,CODEX_SAFE_STAGED_CV_V1,Q5_EXECUTION,CODEX_SAFE_STAGED_CV_V1,codex,/home/yanbo/net_vlm_person_fallen_v2_optimization/08_p4d_new_hard_negative_dev_revision/02_generation/gr3_fullregen/06_execution/quota_campaign_window_02_policy_adapter_20260830_01/03_ledger/gr3q5.sqlite3,PASS,no_preexisting_sha_in_q5_slots_table,/home/yanbo/net_vlm_person_fallen_v2_optimization/08_p4d_new_hard_negative_dev_revision/02_generation/gr3_fullregen/06_execution/quota_campaign_window_02_policy_adapter_20260830_01/07_generated_raw/PF_P4D_NEG_CHAIR_G003_V01.png,,5b1d237b68b88da54c7e15dda4977d584e34c7a35e8eb2d4891095c74de9879a,1672,941,PNG,True,True,/home/yanbo/net_vlm_person_fallen_v2_optimization/08_p4d_new_hard_negative_dev_revision/02_generation/gr3_fullregen/06_execution/quota_campaign_window_02_policy_adapter_20260830_01/08_final/PF_P4D_NEG_CHAIR_G003_V01.png,,b1ff824c20d282d9f18178d743a4627b3d266600380bd17bb152590af0a87b12,1920,1080,PNG,True,True,PASS,PASS,PASS,0,0
PF_P4D_NEG_CHAIR_G003_V02,PF_P4D_NEG_CHAIR_G003,V02,ordinary_negative,chair_seated_normal_work,NEW_DESIGN,/home/yanbo/下载/batches/batch_person-fallen-v2-p4d-hardneg-rev1-camera1p5m/prompts/PF_P4D_NEG_CHAIR_G003_V02.txt,e488ee4242bdda546891431e890903721716f0216745a4a653c17566f55bdaba,e488ee4242bdda546891431e890903721716f0216745a4a653c17566f55bdaba,PRE_Q7_VERIFIED,CODEX_SAFE_STAGED_CV_V1,Q5_EXECUTION,CODEX_SAFE_STAGED_CV_V1,codex,/home/yanbo/net_vlm_person_fallen_v2_optimization/08_p4d_new_hard_negative_dev_revision/02_generation/gr3_fullregen/06_execution/quota_campaign_window_02_policy_adapter_20260830_01/03_ledger/gr3q5.sqlite3,PASS,no_preexisting_sha_in_q5_slots_table,/home/yanbo/net_vlm_person_fallen_v2_optimization/08_p4d_new_hard_negative_dev_revision/02_generation/gr3_fullregen/06_execution/quota_campaign_window_02_policy_adapter_20260830_01/07_generated_raw/PF_P4D_NEG_CHAIR_G003_V02.png,,beca7137cd1eec284c36263186cc7ffcdf0b8b9f30d63f3c36a22b7f2d605f2f,1672,941,PNG,True,True,/home/yanbo/net_vlm_person_fallen_v2_optimization/08_p4d_new_hard_negative_dev_revision/02_generation/gr3_fullregen/06_execution/quota_campaign_window_02_policy_adapter_20260830_01/08_final/PF_P4D_NEG_CHAIR_G003_V02.png,,de99e3d567f081b3a95073da94cab3d44d8a69a56dfa9595fd70b64ade24bc8e,1920,1080,PNG,True,True,PASS,PASS,PASS,0,0
PF_P4D_NEG_CHAIR_G003_V03,PF_P4D_NEG_CHAIR_G003,V03,ordinary_negative,chair_seated_normal_work,NEW_DESIGN,/home/yanbo/下载/batches/batch_person-fallen-v2-p4d-hardneg-rev1-camera1p5m/prompts/PF_P4D_NEG_CHAIR_G003_V03.txt,91ca753d8eba7867e03c10aad60cfa58b71925357a478ae87ab2d7e09100839a,91ca753d8eba7867e03c10aad60cfa58b71925357a478ae87ab2d7e09100839a,PRE_Q7_VERIFIED,CODEX_SAFE_STAGED_CV_V1,Q6_EXECUTION,CODEX_SAFE_STAGED_CV_V1,codex,/home/yanbo/net_vlm_person_fallen_v2_optimization/08_p4d_new_hard_negative_dev_revision/02_generation/gr3_fullregen/06_execution/quota_campaign_window_03_gr3q6_authorized_20260831_01/06_partial_qa/current_verified_success.csv,PASS,preexisting_partition_sha256,/home/yanbo/net_vlm_person_fallen_v2_optimization/08_p4d_new_hard_negative_dev_revision/02_generation/gr3_fullregen/06_execution/quota_campaign_window_03_gr3q6_authorized_20260831_01/07_generated_raw/PF_P4D_NEG_CHAIR_G003_V03.png,b973229e0f1b62c226a2e4b8e6977eef9b7144fc064d42c6a6da548f06f165d6,b973229e0f1b62c226a2e4b8e6977eef9b7144fc064d42c6a6da548f06f165d6,1672,941,PNG,True,True,/home/yanbo/net_vlm_person_fallen_v2_optimization/08_p4d_new_hard_negative_dev_revision/02_generation/gr3_fullregen/06_execution/quota_campaign_window_03_gr3q6_authorized_20260831_01/08_final/PF_P4D_NEG_CHAIR_G003_V03.png,01165733ce7d8f14508a07f43e62cc962d9fb73bdf5d45c6d962972a0c4adf32,01165733ce7d8f14508a07f43e62cc962d9fb73bdf5d45c6d962972a0c4adf32,1920,1080,PNG,True,True,PASS,PASS,PASS,0,0
PF_P4D_NEG_CHAIR_G003_V04,PF_P4D_NEG_CHAIR_G003,V04,ordinary_negative,chair_seated_normal_work,NEW_DESIGN,/home/yanbo/下载/batches/batch_person-fallen-v2-p4d-hardneg-rev1-camera1p5m/prompts/PF_P4D_NEG_CHAIR_G003_V04.txt,e8c1b14906ebbcd8748c7dc2ce5c6f078d0e5a61dfc99d6d453fec7b1ecfd5c1,e8c1b14906ebbcd8748c7dc2ce5c6f078d0e5a61dfc99d6d453fec7b1ecfd5c1,PRE_Q7_VERIFIED,CODEX_SAFE_STAGED_CV_V1,Q6_EXECUTION,CODEX_SAFE_STAGED_CV_V1,codex,/home/yanbo/net_vlm_person_fallen_v2_optimization/08_p4d_new_hard_negative_dev_revision/02_generation/gr3_fullregen/06_execution/quota_campaign_window_03_gr3q6_authorized_20260831_01/06_partial_qa/current_verified_success.csv,PASS,preexisting_partition_sha256,/home/yanbo/net_vlm_person_fallen_v2_optimization/08_p4d_new_hard_negative_dev_revision/02_generation/gr3_fullregen/06_execution/quota_campaign_window_03_gr3q6_authorized_20260831_01/07_generated_raw/PF_P4D_NEG_CHAIR_G003_V04.png,b128cd64e5831e50bd893258b2be1fdd6dd54a1d6fec440095f0c0fb1565d889,b128cd64e5831e50bd893258b2be1fdd6dd54a1d6fec440095f0c0fb1565d889,1672,941,PNG,True,True,/home/yanbo/net_vlm_person_fallen_v2_optimization/08_p4d_new_hard_negative_dev_revision/02_generation/gr3_fullregen/06_execution/quota_campaign_window_03_gr3q6_authorized_20260831_01/08_final/PF_P4D_NEG_CHAIR_G003_V04.png,273e7bf9304fbea39d9043c17f2d375f970655b319facf0092e4717df6deaf6f,273e7bf9304fbea39d9043c17f2d375f970655b319facf0092e4717df6deaf6f,1920,1080,PNG,True,True,PASS,PASS,PASS,0,0
PF_P4D_NEG_CHAIR_G003_V05,PF_P4D_NEG_CHAIR_G003,V05,ordinary_negative,chair_seated_normal_work,NEW_DESIGN,/home/yanbo/下载/batches/batch_person-fallen-v2-p4d-hardneg-rev1-camera1p5m/prompts/PF_P4D_NEG_CHAIR_G003_V05.txt,d408afb3dc10ded344d0271c6978893826b6795c5de31c77258c399e14380b9f,d408afb3dc10ded344d0271c6978893826b6795c5de31c77258c399e14380b9f,PRE_Q7_VERIFIED,CODEX_SAFE_STAGED_CV_V1,Q6_EXECUTION,CODEX_SAFE_STAGED_CV_V1,codex,/home/yanbo/net_vlm_person_fallen_v2_optimization/08_p4d_new_hard_negative_dev_revision/02_generation/gr3_fullregen/06_execution/quota_campaign_window_03_gr3q6_authorized_20260831_01/06_partial_qa/current_verified_success.csv,PASS,preexisting_partition_sha256,/home/yanbo/net_vlm_person_fallen_v2_optimization/08_p4d_new_hard_negative_dev_revision/02_generation/gr3_fullregen/06_execution/quota_campaign_window_03_gr3q6_authorized_20260831_01/07_generated_raw/PF_P4D_NEG_CHAIR_G003_V05.png,03c0e50d702ee5078377d8b102876fafd4d92fddeaae9cea7e2145d2d1fe3e91,03c0e50d702ee5078377d8b102876fafd4d92fddeaae9cea7e2145d2d1fe3e91,1672,941,PNG,True,True,/home/yanbo/net_vlm_person_fallen_v2_optimization/08_p4d_new_hard_negative_dev_revision/02_generation/gr3_fullregen/06_execution/quota_campaign_window_03_gr3q6_authorized_20260831_01/08_final/PF_P4D_NEG_CHAIR_G003_V05.png,36639608c5c56f456838ee7e7f392c9993a4ebd324bbad30fc7d6e614ec7260c,36639608c5c56f456838ee7e7f392c9993a4ebd324bbad30fc7d6e614ec7260c,1920,1080,PNG,True,True,PASS,PASS,PASS,0,0
