media_id,image_sha256,split,scenario_id,group_id,ground_truth,sample_role,predicted_status,predicted_binary_alert,evidence,http_ok,json_ok,schema_ok,canonical_prediction_success,attempt_count,latency_seconds,is_correct,error_type
IMG_003982,3f8831314ec9403dafb006291009877fe8a2d85b9930710f92a6048b23d50c70,DEV,pf_v2_aigc_p01-supine-on-floor,pf_v2_aigc_p01-supine-on-floor,1,positive,protocol_failure,,,true,false,false,false,1,6.675069,false,json_parse_failure: Expecting value: line 1 column 1 (char 0)
IMG_003983,0efbb9f5706f84c5382a0ba30bec46d35ed7b875072c5dbea115139e58a47d8a,DEV,pf_v2_aigc_p01-supine-on-floor,pf_v2_aigc_p01-supine-on-floor,1,positive,protocol_failure,,,true,false,false,false,1,1.526340,false,json_parse_failure: Expecting value: line 1 column 1 (char 0)
IMG_003984,00226efe88ae972b085592e830ecd461400e627e3f30514aa0bc5174fefc707d,DEV,pf_v2_aigc_p01-supine-on-floor,pf_v2_aigc_p01-supine-on-floor,1,positive,protocol_failure,,,true,false,false,false,1,1.466821,false,json_parse_failure: Expecting value: line 1 column 1 (char 0)
IMG_003985,b2c04a5ef00e87142592beb2ab5dade093473c24353132baa4f9fa651be1a6a4,DEV,pf_v2_aigc_p01-supine-on-floor,pf_v2_aigc_p01-supine-on-floor,1,positive,protocol_failure,,,true,false,false,false,1,1.524154,false,json_parse_failure: Expecting value: line 1 column 1 (char 0)
IMG_003986,5c47f738bf7bbfe499cb85f5b8ab7601c3229c4405845c536d6e814c64dc6c79,DEV,pf_v2_aigc_p01-supine-on-floor,pf_v2_aigc_p01-supine-on-floor,1,positive,protocol_failure,,,true,false,false,false,1,1.543689,false,json_parse_failure: Expecting value: line 1 column 1 (char 0)
IMG_003987,9dc8c1e15e4e31d1c22d5a868a207d56530752c6902fa9c678d824ba7a6e8bb6,DEV,pf_v2_aigc_p01-supine-on-floor,pf_v2_aigc_p01-supine-on-floor,1,positive,protocol_failure,,,true,false,false,false,1,1.556679,false,json_parse_failure: Expecting value: line 1 column 1 (char 0)
IMG_003988,2d18f5d7a8e1fb5d146ba1167c7a02d08ea63e72f6c3dacfcce8997cd19695b2,DEV,pf_v2_aigc_p01-supine-on-floor,pf_v2_aigc_p01-supine-on-floor,1,positive,protocol_failure,,,true,false,false,false,1,1.513759,false,json_parse_failure: Expecting value: line 1 column 1 (char 0)
IMG_003989,abc8eeef34ef97fc9ac4511ae695e911ec950c384ff3a959cf1a05e24955588e,DEV,pf_v2_aigc_p01-supine-on-floor,pf_v2_aigc_p01-supine-on-floor,1,positive,protocol_failure,,,true,false,false,false,1,1.555252,false,json_parse_failure: Expecting value: line 1 column 1 (char 0)
IMG_003990,4791a565447bec69f60b175570fb4bdb5efc1dde5d2474f50073b03398cd012e,DEV,pf_v2_aigc_p01-supine-on-floor,pf_v2_aigc_p01-supine-on-floor,1,positive,protocol_failure,,,true,false,false,false,1,1.509223,false,json_parse_failure: Expecting value: line 1 column 1 (char 0)
IMG_004072,663731c7d5fa6323b5b1a136d1cef8a31364fd4e96752a4af1949592156d9a4a,DEV,pf_v2_aigc_p10-partially-occluded-fallen-person,pf_v2_aigc_p10-partially-occluded-fallen-person,1,positive,protocol_failure,,,true,false,false,false,1,1.625709,false,json_parse_failure: Expecting value: line 1 column 1 (char 0)
IMG_004082,f327b0dcb961def4c67f39a4c460daae976157cf6017b79d643f3fc3d55af1e6,DEV,pf_v2_aigc_p11-small-target-far-distance,pf_v2_aigc_p11-small-target-far-distance,1,positive,protocol_failure,,,true,false,false,false,1,1.560114,false,json_parse_failure: Expecting value: line 1 column 1 (char 0)
IMG_004083,7dd82c1193905c39dd7f736b62b0940445267a7d522c490745e1974ef0adc9a3,DEV,pf_v2_aigc_p11-small-target-far-distance,pf_v2_aigc_p11-small-target-far-distance,1,positive,protocol_failure,,,true,false,false,false,1,1.576594,false,json_parse_failure: Expecting value: line 1 column 1 (char 0)
IMG_004084,ec6a6a7279346eb6b1a4a3163a99c66b8b405ccf20e3a0e3cf33d5bfb6930720,DEV,pf_v2_aigc_p11-small-target-far-distance,pf_v2_aigc_p11-small-target-far-distance,1,positive,protocol_failure,,,true,false,false,false,1,1.519507,false,json_parse_failure: Expecting value: line 1 column 1 (char 0)
IMG_004085,f26f261140525e10c003f8427e3e0bb8d614b6aa4e14ff6856dd039b13a1137d,DEV,pf_v2_aigc_p11-small-target-far-distance,pf_v2_aigc_p11-small-target-far-distance,1,positive,protocol_failure,,,true,false,false,false,1,1.546396,false,json_parse_failure: Expecting value: line 1 column 1 (char 0)
IMG_004086,52728e6db03a58114bd6d0faed5cba15585186d757237594ab5c2912ca4ce2ca,DEV,pf_v2_aigc_p11-small-target-far-distance,pf_v2_aigc_p11-small-target-far-distance,1,positive,protocol_failure,,,true,false,false,false,1,1.616137,false,json_parse_failure: Expecting value: line 1 column 1 (char 0)
IMG_004087,70f969de8c82a8dc3fda0e7f36862d19da8c5cfc5d9340a33050a3da6e68b349,DEV,pf_v2_aigc_p11-small-target-far-distance,pf_v2_aigc_p11-small-target-far-distance,1,positive,protocol_failure,,,true,false,false,false,1,1.533772,false,json_parse_failure: Expecting value: line 1 column 1 (char 0)
IMG_004088,d8f59162f45467f3e783a0ce414dafcbbd077df657c422332b88dea4213aded4,DEV,pf_v2_aigc_p11-small-target-far-distance,pf_v2_aigc_p11-small-target-far-distance,1,positive,protocol_failure,,,true,false,false,false,1,1.538862,false,json_parse_failure: Expecting value: line 1 column 1 (char 0)
IMG_004089,f35b1ba98530a2038160a370e963a0890fd4bbc846f3a97330e2a8f0b2300ef6,DEV,pf_v2_aigc_p11-small-target-far-distance,pf_v2_aigc_p11-small-target-far-distance,1,positive,protocol_failure,,,true,false,false,false,1,1.493235,false,json_parse_failure: Expecting value: line 1 column 1 (char 0)
IMG_004090,a845ea4ea68b331dc883ec7e9b81d613a0d71b5a12f0ff22ea26078d325592a8,DEV,pf_v2_aigc_p11-small-target-far-distance,pf_v2_aigc_p11-small-target-far-distance,1,positive,protocol_failure,,,true,false,false,false,1,1.692482,false,json_parse_failure: Expecting value: line 1 column 1 (char 0)
IMG_003991,38ce6cfd624925a391aacf8d6c267d8413b097d6ec4ded21c7df9f4bff2cfeff,DEV,pf_v2_aigc_p01-supine-on-floor,pf_v2_aigc_p01-supine-on-floor,1,positive,protocol_failure,,,true,false,false,false,1,1.548345,false,json_parse_failure: Expecting value: line 1 column 1 (char 0)
IMG_004091,efe45d0ff9a1ad063fa930140a73f54bdf564c3a9b239ebedef1217d31366066,DEV,pf_v2_aigc_p11-small-target-far-distance,pf_v2_aigc_p11-small-target-far-distance,1,positive,protocol_failure,,,true,false,false,false,1,1.465951,false,json_parse_failure: Expecting value: line 1 column 1 (char 0)
IMG_004092,13e8ef71870c18d10ac9cc45523bbe4f41cbf083965e4a221e973326dcf56bb4,DEV,pf_v2_aigc_p12-small-target-far-distance,pf_v2_aigc_p12-small-target-far-distance,1,positive,protocol_failure,,,true,false,false,false,1,1.509408,false,json_parse_failure: Expecting value: line 1 column 1 (char 0)
IMG_004093,4246436d0560d692bc2a83933ff0ccc245b079b9dc388f87f12af3ba4c0efbde,DEV,pf_v2_aigc_p12-small-target-far-distance,pf_v2_aigc_p12-small-target-far-distance,1,positive,protocol_failure,,,true,false,false,false,1,1.503187,false,json_parse_failure: Expecting value: line 1 column 1 (char 0)
IMG_004094,4f075f1149ff33cfcbcec68d07edbf4cc29988b3f720ccf0b5d74fdce70facef,DEV,pf_v2_aigc_p12-small-target-far-distance,pf_v2_aigc_p12-small-target-far-distance,1,positive,protocol_failure,,,true,false,false,false,1,1.486459,false,json_parse_failure: Expecting value: line 1 column 1 (char 0)
IMG_004095,e2928c129ae6704a885c150d43502ddb40a423dc0f8553a21174ef5dae51e0f0,DEV,pf_v2_aigc_p12-small-target-far-distance,pf_v2_aigc_p12-small-target-far-distance,1,positive,protocol_failure,,,true,false,false,false,1,1.535032,false,json_parse_failure: Expecting value: line 1 column 1 (char 0)
IMG_004096,622d392259b400aa43fa2e5b1dce8794622f280a4fa06fdaf4da1909f5e5deb0,DEV,pf_v2_aigc_p12-small-target-far-distance,pf_v2_aigc_p12-small-target-far-distance,1,positive,protocol_failure,,,true,false,false,false,1,1.537724,false,json_parse_failure: Expecting value: line 1 column 1 (char 0)
IMG_004097,a14ab07cc237f1a4f11a5051bece00f00a840747d4b99370ef4aae4a0f04676e,DEV,pf_v2_aigc_p12-small-target-far-distance,pf_v2_aigc_p12-small-target-far-distance,1,positive,protocol_failure,,,true,false,false,false,1,1.639396,false,json_parse_failure: Expecting value: line 1 column 1 (char 0)
IMG_004098,8e10fb3e2510598863ef827bd869e44e59f9e066ef57c50ffbde24611b85d0ce,DEV,pf_v2_aigc_p12-small-target-far-distance,pf_v2_aigc_p12-small-target-far-distance,1,positive,protocol_failure,,,true,false,false,false,1,1.582576,false,json_parse_failure: Expecting value: line 1 column 1 (char 0)
IMG_004099,653d2f7b8ae607c5a1d8519b1896aebc1d0e8906e07b7e3d07e5acaf8d44dde7,DEV,pf_v2_aigc_p12-small-target-far-distance,pf_v2_aigc_p12-small-target-far-distance,1,positive,protocol_failure,,,true,false,false,false,1,1.543606,false,json_parse_failure: Expecting value: line 1 column 1 (char 0)
IMG_004100,1d937f7e58326096314cee37f9fd8fe698daca3701c607433ed1e5051c852e0d,DEV,pf_v2_aigc_p12-small-target-far-distance,pf_v2_aigc_p12-small-target-far-distance,1,positive,protocol_failure,,,true,false,false,false,1,1.530851,false,json_parse_failure: Expecting value: line 1 column 1 (char 0)
IMG_003992,b4de656feff104baf2db6ddaddd657dbf850a940b31683a66e179b52e650ffba,DEV,pf_v2_aigc_p02-supine-on-floor,pf_v2_aigc_p02-supine-on-floor,1,positive,protocol_failure,,,true,false,false,false,1,1.483737,false,json_parse_failure: Expecting value: line 1 column 1 (char 0)
IMG_004101,1f10a05af9f62318af661e1b51e57d9d11f2c1131af580c18997ad8cfeb9a419,DEV,pf_v2_aigc_p12-small-target-far-distance,pf_v2_aigc_p12-small-target-far-distance,1,positive,protocol_failure,,,true,false,false,false,1,1.460852,false,json_parse_failure: Expecting value: line 1 column 1 (char 0)
IMG_004102,c52e27d28166379f0bf4e7014d269248cc2878c8b7666f6623a1d37a0020d1cc,VAL,pf_v2_aigc_p13-multi-person-scene-with-one-lying-person,pf_v2_aigc_p13-multi-person-scene-with-one-lying-person,1,positive,protocol_failure,,,true,false,false,false,1,1.502854,false,json_parse_failure: Expecting value: line 1 column 1 (char 0)
IMG_004103,25860012ebf9600a4fdee82d33b2ac5b3d7d0e4ab8e7da58bf18b9a7dc1f163f,VAL,pf_v2_aigc_p13-multi-person-scene-with-one-lying-person,pf_v2_aigc_p13-multi-person-scene-with-one-lying-person,1,positive,protocol_failure,,,true,false,false,false,1,1.634379,false,json_parse_failure: Expecting value: line 1 column 1 (char 0)
IMG_004104,771b0ace516d4c2c30fc25a7af11f23ad483de9c257c18411115d2977c1ae5b2,VAL,pf_v2_aigc_p13-multi-person-scene-with-one-lying-person,pf_v2_aigc_p13-multi-person-scene-with-one-lying-person,1,positive,protocol_failure,,,true,false,false,false,1,1.534061,false,json_parse_failure: Expecting value: line 1 column 1 (char 0)
IMG_004105,e45842d8c9a5a6acaefd80a5cae41a9e188428ec65dd44a47945bd1fce7147e6,VAL,pf_v2_aigc_p13-multi-person-scene-with-one-lying-person,pf_v2_aigc_p13-multi-person-scene-with-one-lying-person,1,positive,protocol_failure,,,true,false,false,false,1,1.452749,false,json_parse_failure: Expecting value: line 1 column 1 (char 0)
IMG_004106,7a5f34441fd413216c2b9f8986c63217e803e97536356b527de20889e445f81b,VAL,pf_v2_aigc_p13-multi-person-scene-with-one-lying-person,pf_v2_aigc_p13-multi-person-scene-with-one-lying-person,1,positive,protocol_failure,,,true,false,false,false,1,1.543775,false,json_parse_failure: Expecting value: line 1 column 1 (char 0)
IMG_004107,99cb3837b7ae580e12c124c8254c72e6969a6b4eab30d48fa4304f231dd3cdc7,VAL,pf_v2_aigc_p13-multi-person-scene-with-one-lying-person,pf_v2_aigc_p13-multi-person-scene-with-one-lying-person,1,positive,protocol_failure,,,true,false,false,false,1,1.627462,false,json_parse_failure: Expecting value: line 1 column 1 (char 0)
IMG_004108,30fbf8f91e9d4c43c8f3bd055e10c04ab652a1e808669b0cbf75b75888bd16cf,VAL,pf_v2_aigc_p13-multi-person-scene-with-one-lying-person,pf_v2_aigc_p13-multi-person-scene-with-one-lying-person,1,positive,protocol_failure,,,true,false,false,false,1,1.608059,false,json_parse_failure: Expecting value: line 1 column 1 (char 0)
IMG_004109,7d8f0c1464e4c7566b8b7cbca3914e4a510015d240297a75da22a21e949e80c0,VAL,pf_v2_aigc_p13-multi-person-scene-with-one-lying-person,pf_v2_aigc_p13-multi-person-scene-with-one-lying-person,1,positive,protocol_failure,,,true,false,false,false,1,1.575874,false,json_parse_failure: Expecting value: line 1 column 1 (char 0)
IMG_004110,f78d8ca52d5bc3ed76775ddad8cee820d472856a9ceea09669d20568c1fe8d09,VAL,pf_v2_aigc_p13-multi-person-scene-with-one-lying-person,pf_v2_aigc_p13-multi-person-scene-with-one-lying-person,1,positive,protocol_failure,,,true,false,false,false,1,1.566351,false,json_parse_failure: Expecting value: line 1 column 1 (char 0)
IMG_003993,9bf58dce8362de316637a40ce17ef8cf5a4a65455b6bb9bdc22a40bb860abee4,DEV,pf_v2_aigc_p02-supine-on-floor,pf_v2_aigc_p02-supine-on-floor,1,positive,protocol_failure,,,true,false,false,false,1,1.481879,false,json_parse_failure: Expecting value: line 1 column 1 (char 0)
IMG_004111,921827a544364c2ea9c94f4a919f980641f4f42318a453d1a7a7cb29c5e73795,VAL,pf_v2_aigc_p13-multi-person-scene-with-one-lying-person,pf_v2_aigc_p13-multi-person-scene-with-one-lying-person,1,positive,protocol_failure,,,true,false,false,false,1,1.487759,false,json_parse_failure: Expecting value: line 1 column 1 (char 0)
IMG_004112,6758e8af8c38f7003789531610b7d7864e0248cee328bb432ebb82554016971e,VAL,pf_v2_aigc_p14-multi-person-scene-with-one-lying-person,pf_v2_aigc_p14-multi-person-scene-with-one-lying-person,1,positive,protocol_failure,,,true,false,false,false,1,1.578980,false,json_parse_failure: Expecting value: line 1 column 1 (char 0)
IMG_004113,35841787251043fed8fc37689f30d4616c2c36546d43917e035ec5a0929a44d2,VAL,pf_v2_aigc_p14-multi-person-scene-with-one-lying-person,pf_v2_aigc_p14-multi-person-scene-with-one-lying-person,1,positive,protocol_failure,,,true,false,false,false,1,1.488951,false,json_parse_failure: Expecting value: line 1 column 1 (char 0)
IMG_004114,6ecbdbfe9e463de38f9fda73623b695ca2057fd6b280a94d1edd659acb5cf93a,VAL,pf_v2_aigc_p14-multi-person-scene-with-one-lying-person,pf_v2_aigc_p14-multi-person-scene-with-one-lying-person,1,positive,protocol_failure,,,true,false,false,false,1,1.588501,false,json_parse_failure: Expecting value: line 1 column 1 (char 0)
IMG_004115,f8dc7665581f06955e7e51fcb1d794d700397c5f2497c479ad21d0d821edf8ad,VAL,pf_v2_aigc_p14-multi-person-scene-with-one-lying-person,pf_v2_aigc_p14-multi-person-scene-with-one-lying-person,1,positive,protocol_failure,,,true,false,false,false,1,1.495547,false,json_parse_failure: Expecting value: line 1 column 1 (char 0)
IMG_004116,6dedb4240116565288e9a37accf8ac9d9a5b27997daca1cccb208dcbc603ada2,VAL,pf_v2_aigc_p14-multi-person-scene-with-one-lying-person,pf_v2_aigc_p14-multi-person-scene-with-one-lying-person,1,positive,protocol_failure,,,true,false,false,false,1,1.638454,false,json_parse_failure: Expecting value: line 1 column 1 (char 0)
IMG_004117,53eb38450e8698b310091c2fd508870414d28cdbe07e33e7a9ece2da0b18bc28,VAL,pf_v2_aigc_p14-multi-person-scene-with-one-lying-person,pf_v2_aigc_p14-multi-person-scene-with-one-lying-person,1,positive,protocol_failure,,,true,false,false,false,1,1.552779,false,json_parse_failure: Expecting value: line 1 column 1 (char 0)
IMG_004118,b7550d1504c6d43d4d342a8e154d080f3b9d5b6cdf4d64fc8e2ece062c50fa0a,VAL,pf_v2_aigc_p14-multi-person-scene-with-one-lying-person,pf_v2_aigc_p14-multi-person-scene-with-one-lying-person,1,positive,protocol_failure,,,true,false,false,false,1,1.544160,false,json_parse_failure: Expecting value: line 1 column 1 (char 0)
IMG_004119,450dd9643001f245eaa5d70daa8823790d9e7f56d84b62a051ba2706e056c2f8,VAL,pf_v2_aigc_p14-multi-person-scene-with-one-lying-person,pf_v2_aigc_p14-multi-person-scene-with-one-lying-person,1,positive,protocol_failure,,,true,false,false,false,1,1.600786,false,json_parse_failure: Expecting value: line 1 column 1 (char 0)
IMG_004120,a0f85291d3074380372602c5b29b8d86e00b0462f33eeae4efd04867127a8cb5,VAL,pf_v2_aigc_p14-multi-person-scene-with-one-lying-person,pf_v2_aigc_p14-multi-person-scene-with-one-lying-person,1,positive,protocol_failure,,,true,false,false,false,1,1.603690,false,json_parse_failure: Expecting value: line 1 column 1 (char 0)
IMG_003994,560f13e4a70db0d94d90f60f41b9d100fbae87b7b0cd3a69bd00a4515b4dfb52,DEV,pf_v2_aigc_p02-supine-on-floor,pf_v2_aigc_p02-supine-on-floor,1,positive,protocol_failure,,,true,false,false,false,1,1.619735,false,json_parse_failure: Expecting value: line 1 column 1 (char 0)
IMG_004121,04e15104110c832d8c810e34bf62c039d91dc7ade3b070e480b6d05d227744cb,VAL,pf_v2_aigc_p14-multi-person-scene-with-one-lying-person,pf_v2_aigc_p14-multi-person-scene-with-one-lying-person,1,positive,protocol_failure,,,true,false,false,false,1,1.587160,false,json_parse_failure: Expecting value: line 1 column 1 (char 0)
IMG_004122,4135013549e0f3cde667b25bcad2ba4e1979c7250427f33633aa44d5d172e6b4,VAL,pf_v2_aigc_p15-low-light-shadow-mild-blur,pf_v2_aigc_p15-low-light-shadow-mild-blur,1,positive,protocol_failure,,,true,false,false,false,1,1.521289,false,json_parse_failure: Expecting value: line 1 column 1 (char 0)
IMG_004123,6358d7ad3faaac7d4decf4fd6b4bdb0fe676236cf08930002f2bd2e8f43145a4,VAL,pf_v2_aigc_p15-low-light-shadow-mild-blur,pf_v2_aigc_p15-low-light-shadow-mild-blur,1,positive,protocol_failure,,,true,false,false,false,1,1.522446,false,json_parse_failure: Expecting value: line 1 column 1 (char 0)
IMG_004124,5d847470e681641cec0bc293fa78093159f3fba120119f0f47a9e1459b9d0af2,VAL,pf_v2_aigc_p15-low-light-shadow-mild-blur,pf_v2_aigc_p15-low-light-shadow-mild-blur,1,positive,protocol_failure,,,true,false,false,false,1,1.543002,false,json_parse_failure: Expecting value: line 1 column 1 (char 0)
IMG_004125,651d085cacfda0c5e22c6d535021f963394359054b14a585256786174e1ffcd8,VAL,pf_v2_aigc_p15-low-light-shadow-mild-blur,pf_v2_aigc_p15-low-light-shadow-mild-blur,1,positive,protocol_failure,,,true,false,false,false,1,1.627375,false,json_parse_failure: Expecting value: line 1 column 1 (char 0)
IMG_004126,6f09b5476bc7f5eab501ffdbdb51420faa910402c87d41c077911a10bb40efdb,VAL,pf_v2_aigc_p15-low-light-shadow-mild-blur,pf_v2_aigc_p15-low-light-shadow-mild-blur,1,positive,protocol_failure,,,true,false,false,false,1,1.566529,false,json_parse_failure: Expecting value: line 1 column 1 (char 0)
IMG_004127,8258539a334cd708b993308f910bfb2dced41983a61f4440e140d86dc678a24a,VAL,pf_v2_aigc_p15-low-light-shadow-mild-blur,pf_v2_aigc_p15-low-light-shadow-mild-blur,1,positive,protocol_failure,,,true,false,false,false,1,1.494143,false,json_parse_failure: Expecting value: line 1 column 1 (char 0)
IMG_004128,07c28fb3697ce4496e5bce8d075eafd75577adfb2ff210e7f05b02b688b3bdfb,VAL,pf_v2_aigc_p15-low-light-shadow-mild-blur,pf_v2_aigc_p15-low-light-shadow-mild-blur,1,positive,protocol_failure,,,true,false,false,false,1,1.476245,false,json_parse_failure: Expecting value: line 1 column 1 (char 0)
IMG_004129,0b24ae9b7e0a76c86ddd34c7674ae5894296ee663cdf5c8b84fb06f05a63453e,VAL,pf_v2_aigc_p15-low-light-shadow-mild-blur,pf_v2_aigc_p15-low-light-shadow-mild-blur,1,positive,protocol_failure,,,true,false,false,false,1,1.573821,false,json_parse_failure: Expecting value: line 1 column 1 (char 0)
IMG_004130,0fdaecc05b08523b66c02dbb421201e067f9d1a7e39a0c8359bfaedba36a912c,VAL,pf_v2_aigc_p15-low-light-shadow-mild-blur,pf_v2_aigc_p15-low-light-shadow-mild-blur,1,positive,protocol_failure,,,true,false,false,false,1,1.573510,false,json_parse_failure: Expecting value: line 1 column 1 (char 0)
IMG_003995,5d32e551633bc5f3cbccce2413e955e88ff6bb590eb8acf1a89ec25d9e39aa59,DEV,pf_v2_aigc_p02-supine-on-floor,pf_v2_aigc_p02-supine-on-floor,1,positive,protocol_failure,,,true,false,false,false,1,1.500046,false,json_parse_failure: Expecting value: line 1 column 1 (char 0)
IMG_004131,e18de79c3e44756e41a26bd69430787bd3c57680f10858097f8eab3c8941804d,VAL,pf_v2_aigc_p15-low-light-shadow-mild-blur,pf_v2_aigc_p15-low-light-shadow-mild-blur,1,positive,protocol_failure,,,true,false,false,false,1,1.521932,false,json_parse_failure: Expecting value: line 1 column 1 (char 0)
IMG_004132,5cf380c66e6e35edb104538bd3ab918322674acfc19441da318597dcab67a478,VAL,pf_v2_aigc_p16-low-light-shadow-mild-blur,pf_v2_aigc_p16-low-light-shadow-mild-blur,1,positive,protocol_failure,,,true,false,false,false,1,1.530323,false,json_parse_failure: Expecting value: line 1 column 1 (char 0)
IMG_004133,af3e8bd79b1ca10fa6927cf7da2ec620ecd3ff4e72d23296aa950893700c02bf,VAL,pf_v2_aigc_p16-low-light-shadow-mild-blur,pf_v2_aigc_p16-low-light-shadow-mild-blur,1,positive,protocol_failure,,,true,false,false,false,1,1.595330,false,json_parse_failure: Expecting value: line 1 column 1 (char 0)
IMG_004134,68573dcc1a6915087f16611dcd86eca0b7f22eb3a3a817fbdea1f26a010c9920,VAL,pf_v2_aigc_p16-low-light-shadow-mild-blur,pf_v2_aigc_p16-low-light-shadow-mild-blur,1,positive,protocol_failure,,,true,false,false,false,1,1.471148,false,json_parse_failure: Expecting value: line 1 column 1 (char 0)
IMG_004135,0b22f7171b4846d15c4fe910c0aa29c2ab265d8f0b52ff3e717eccd43daf9abc,VAL,pf_v2_aigc_p16-low-light-shadow-mild-blur,pf_v2_aigc_p16-low-light-shadow-mild-blur,1,positive,protocol_failure,,,true,false,false,false,1,1.651031,false,json_parse_failure: Expecting value: line 1 column 1 (char 0)
IMG_004136,74dbbb76d48d53b485ac2196a6d7e1c2a79b027b3bce7e6c3b5100076dc62665,VAL,pf_v2_aigc_p16-low-light-shadow-mild-blur,pf_v2_aigc_p16-low-light-shadow-mild-blur,1,positive,protocol_failure,,,true,false,false,false,1,1.559375,false,json_parse_failure: Expecting value: line 1 column 1 (char 0)
IMG_004137,818e2cf7659da136bf39484dd1f0826628fb3590fccfb85f2aab3388126e9bf8,VAL,pf_v2_aigc_p16-low-light-shadow-mild-blur,pf_v2_aigc_p16-low-light-shadow-mild-blur,1,positive,protocol_failure,,,true,false,false,false,1,1.413723,false,json_parse_failure: Expecting value: line 1 column 1 (char 0)
IMG_004138,c75a527ca5db85a465831aac2f5e6f172973005137333af99943523fda1a0c4a,VAL,pf_v2_aigc_p16-low-light-shadow-mild-blur,pf_v2_aigc_p16-low-light-shadow-mild-blur,1,positive,protocol_failure,,,true,false,false,false,1,1.620320,false,json_parse_failure: Expecting value: line 1 column 1 (char 0)
IMG_004139,2e8e49c0c65da5f31d493959bc317219f25cc620bc3c6a4261531b10e676ba5d,VAL,pf_v2_aigc_p16-low-light-shadow-mild-blur,pf_v2_aigc_p16-low-light-shadow-mild-blur,1,positive,protocol_failure,,,true,false,false,false,1,1.550076,false,json_parse_failure: Expecting value: line 1 column 1 (char 0)
IMG_004140,67a931690a7dccf8e50c8b162b03388c6b4220f5a4b98776babba81ea5446428,VAL,pf_v2_aigc_p16-low-light-shadow-mild-blur,pf_v2_aigc_p16-low-light-shadow-mild-blur,1,positive,protocol_failure,,,true,false,false,false,1,1.572303,false,json_parse_failure: Expecting value: line 1 column 1 (char 0)
IMG_003996,72e402106d3615e66ed2debf52639aef09664d5d70fdb8cc36336a6dee349d22,DEV,pf_v2_aigc_p02-supine-on-floor,pf_v2_aigc_p02-supine-on-floor,1,positive,protocol_failure,,,true,false,false,false,1,1.626939,false,json_parse_failure: Expecting value: line 1 column 1 (char 0)
IMG_004141,972c31b2bd8d9e4e52550bc0790994af8831b04e975e0aa8b0a7eb58071c170b,VAL,pf_v2_aigc_p16-low-light-shadow-mild-blur,pf_v2_aigc_p16-low-light-shadow-mild-blur,1,positive,protocol_failure,,,true,false,false,false,1,1.545438,false,json_parse_failure: Expecting value: line 1 column 1 (char 0)
IMG_003997,2e9ea4788510caf75d1b8e17db7a510b0a68ad2f97d75835a51c421dc1865380,DEV,pf_v2_aigc_p02-supine-on-floor,pf_v2_aigc_p02-supine-on-floor,1,positive,protocol_failure,,,true,false,false,false,1,1.614483,false,json_parse_failure: Expecting value: line 1 column 1 (char 0)
IMG_003998,03f04df8719f4f00db8f20614cc8b2dac09a6f1fdd4e26ec246375a43cce72f9,DEV,pf_v2_aigc_p02-supine-on-floor,pf_v2_aigc_p02-supine-on-floor,1,positive,protocol_failure,,,true,false,false,false,1,1.645392,false,json_parse_failure: Expecting value: line 1 column 1 (char 0)
IMG_003999,6881ae0e92af78ee265a345ee5b2601e4ce3545a239f37f0fc65e19cdbce3046,DEV,pf_v2_aigc_p02-supine-on-floor,pf_v2_aigc_p02-supine-on-floor,1,positive,protocol_failure,,,true,false,false,false,1,1.553680,false,json_parse_failure: Expecting value: line 1 column 1 (char 0)
IMG_004000,b874a600936c52aeddb2d3a93719f0fe02937076b115354fa5d3417153f9027f,DEV,pf_v2_aigc_p02-supine-on-floor,pf_v2_aigc_p02-supine-on-floor,1,positive,protocol_failure,,,true,false,false,false,1,1.394690,false,json_parse_failure: Expecting value: line 1 column 1 (char 0)
IMG_003882,457cfa92c5ab41f354d579c4d14852a123235fc8e559db33a211b7302b050029,DEV,pf_v2_aigc_n01-normal-standing,pf_v2_aigc_n01-normal-standing,0,negative,protocol_failure,,,true,false,false,false,1,1.546571,false,json_parse_failure: Expecting value: line 1 column 1 (char 0)
IMG_003883,920c606e31ac7bcaa90a07a65cb3c274e2f1c2c9c013bc9a6d0a9d606b5c9679,DEV,pf_v2_aigc_n01-normal-standing,pf_v2_aigc_n01-normal-standing,0,negative,protocol_failure,,,true,false,false,false,1,2.029428,false,json_parse_failure: Expecting value: line 1 column 1 (char 0)
IMG_003884,a1cd8e89742ed199a07308870b4962f4340aef43264a81c77a6a79722d89d926,DEV,pf_v2_aigc_n01-normal-standing,pf_v2_aigc_n01-normal-standing,0,negative,protocol_failure,,,true,false,false,false,1,1.512211,false,json_parse_failure: Expecting value: line 1 column 1 (char 0)
IMG_003885,ce9dc025af14a475e18224fc33de4e53f4c219f05c455b849eda6519a28280f2,DEV,pf_v2_aigc_n01-normal-standing,pf_v2_aigc_n01-normal-standing,0,negative,protocol_failure,,,true,false,false,false,1,1.517251,false,json_parse_failure: Expecting value: line 1 column 1 (char 0)
IMG_003886,4fa6866d8b13f3823e1035a827511e4ffd540a6d33ecd03a46d1cb139a5cbb90,DEV,pf_v2_aigc_n01-normal-standing,pf_v2_aigc_n01-normal-standing,0,negative,protocol_failure,,,true,false,false,false,1,1.667049,false,json_parse_failure: Expecting value: line 1 column 1 (char 0)
IMG_003887,6786cd4c5ce2d5100e95e9ca8a85a3ee6c0074d2661b445a20b694d5bf35814f,DEV,pf_v2_aigc_n01-normal-standing,pf_v2_aigc_n01-normal-standing,0,negative,protocol_failure,,,true,false,false,false,1,1.740185,false,json_parse_failure: Expecting value: line 1 column 1 (char 0)
IMG_003888,e6d31485e30861fae7d360b9d9e23306e8b4317762269bf9239faa555516baee,DEV,pf_v2_aigc_n01-normal-standing,pf_v2_aigc_n01-normal-standing,0,negative,protocol_failure,,,true,false,false,false,1,1.712340,false,json_parse_failure: Expecting value: line 1 column 1 (char 0)
IMG_003889,5dbf27cf5cbc6edd6b8d4aedddf6f42e9ac9809a1f40a430e968ab70da572ea4,DEV,pf_v2_aigc_n01-normal-standing,pf_v2_aigc_n01-normal-standing,0,negative,protocol_failure,,,true,false,false,false,1,1.502563,false,json_parse_failure: Expecting value: line 1 column 1 (char 0)
IMG_003890,cf12a0c87783adfbb55c87a7b1f10fd0a02c273e0a80097167298edaf9349965,DEV,pf_v2_aigc_n01-normal-standing,pf_v2_aigc_n01-normal-standing,0,negative,protocol_failure,,,true,false,false,false,1,1.475610,false,json_parse_failure: Expecting value: line 1 column 1 (char 0)
IMG_004001,5bac427ba05af7d58237cbf9d1d3606a4615caa7c3c7a8e01d301442ce4c7f63,DEV,pf_v2_aigc_p02-supine-on-floor,pf_v2_aigc_p02-supine-on-floor,1,positive,protocol_failure,,,true,false,false,false,1,1.535392,false,json_parse_failure: Expecting value: line 1 column 1 (char 0)
IMG_003891,83bedc0973a8c202da41709e7b7ff62f64b014c5d58c8b2a11779b40c3285a87,DEV,pf_v2_aigc_n01-normal-standing,pf_v2_aigc_n01-normal-standing,0,negative,protocol_failure,,,true,false,false,false,1,1.862665,false,json_parse_failure: Expecting value: line 1 column 1 (char 0)
IMG_003892,84620ef986b653f83fe4161a06054c03b14bfde35ca3588d66b6dcdfeb104929,DEV,pf_v2_aigc_n02-normal-walking,pf_v2_aigc_n02-normal-walking,0,negative,protocol_failure,,,true,false,false,false,1,1.712432,false,json_parse_failure: Expecting value: line 1 column 1 (char 0)
IMG_003893,2a5c2d55fe21dcfb62d6193ee70d56c16a38f892c0ca6991f871e9220a1e4114,DEV,pf_v2_aigc_n02-normal-walking,pf_v2_aigc_n02-normal-walking,0,negative,protocol_failure,,,true,false,false,false,1,1.557487,false,json_parse_failure: Expecting value: line 1 column 1 (char 0)
IMG_003894,df7262d5f0764ffcdeac7c699684178eace0c41aa85f58c6b96a19726c2938a5,DEV,pf_v2_aigc_n02-normal-walking,pf_v2_aigc_n02-normal-walking,0,negative,protocol_failure,,,true,false,false,false,1,1.581359,false,json_parse_failure: Expecting value: line 1 column 1 (char 0)
IMG_003895,fc149aaea8829ea06f3ed12651debf67d1b41ee5405a8479d2855176ad1207f8,DEV,pf_v2_aigc_n02-normal-walking,pf_v2_aigc_n02-normal-walking,0,negative,protocol_failure,,,true,false,false,false,1,1.597341,false,json_parse_failure: Expecting value: line 1 column 1 (char 0)
IMG_003896,3ea5da470a7ca94ea0f92d87746573becb0e70b5d600f444a579417cca00be40,DEV,pf_v2_aigc_n02-normal-walking,pf_v2_aigc_n02-normal-walking,0,negative,protocol_failure,,,true,false,false,false,1,1.575058,false,json_parse_failure: Expecting value: line 1 column 1 (char 0)
IMG_003897,5236377d0e960a946da10b1df70dee4dedb6b1ee8dfab55782303b948b178395,DEV,pf_v2_aigc_n02-normal-walking,pf_v2_aigc_n02-normal-walking,0,negative,protocol_failure,,,true,false,false,false,1,1.614399,false,json_parse_failure: Expecting value: line 1 column 1 (char 0)
IMG_003898,832f2687a61e8d82e1f5571fe27fb39531c55823e664a34cf284c8af48b2a9d0,DEV,pf_v2_aigc_n02-normal-walking,pf_v2_aigc_n02-normal-walking,0,negative,protocol_failure,,,true,false,false,false,1,1.533367,false,json_parse_failure: Expecting value: line 1 column 1 (char 0)
IMG_003899,e5272b7ba0585b8642824a52f893afc42fc446c0ea9e9b7b11ed2b6eb4615835,DEV,pf_v2_aigc_n02-normal-walking,pf_v2_aigc_n02-normal-walking,0,negative,protocol_failure,,,true,false,false,false,1,1.476912,false,json_parse_failure: Expecting value: line 1 column 1 (char 0)
IMG_003900,e12aa00ebca5ce986b5df9f5e39d562be46c2c28dec4a2f9fe6d3e9c9554a048,DEV,pf_v2_aigc_n02-normal-walking,pf_v2_aigc_n02-normal-walking,0,negative,protocol_failure,,,true,false,false,false,1,1.447116,false,json_parse_failure: Expecting value: line 1 column 1 (char 0)
IMG_004002,f0afef1f06a16d9f91cbc9eb9a52cecd79d692a10c0624b6f169255a562f6374,DEV,pf_v2_aigc_p03-prone-on-floor,pf_v2_aigc_p03-prone-on-floor,1,positive,protocol_failure,,,true,false,false,false,1,1.503856,false,json_parse_failure: Expecting value: line 1 column 1 (char 0)
IMG_003901,350be842f28a57c01d24f1ba08b664e57ee67df4d22eb4d566fb272af8819347,DEV,pf_v2_aigc_n02-normal-walking,pf_v2_aigc_n02-normal-walking,0,negative,protocol_failure,,,true,false,false,false,1,1.883931,false,json_parse_failure: Expecting value: line 1 column 1 (char 0)
IMG_003902,134dfe24ba4a545900acbfdb83b4a62b70449aaadd890b1c75651779c8f2e888,DEV,pf_v2_aigc_n03-normal-seated-on-chair-stool,pf_v2_aigc_n03-normal-seated-on-chair-stool,0,negative,protocol_failure,,,true,false,false,false,1,1.465970,false,json_parse_failure: Expecting value: line 1 column 1 (char 0)
IMG_003903,965a36ac17f63bff6182aea6c810412c18e5e0b5a8edd978ef54aa65f471699a,DEV,pf_v2_aigc_n03-normal-seated-on-chair-stool,pf_v2_aigc_n03-normal-seated-on-chair-stool,0,negative,protocol_failure,,,true,false,false,false,1,1.520140,false,json_parse_failure: Expecting value: line 1 column 1 (char 0)
IMG_003904,b0def42df09f987a7c46fd51ecb0ffb1a9d3017e809f2dcb08e60c5ec55a7c0f,DEV,pf_v2_aigc_n03-normal-seated-on-chair-stool,pf_v2_aigc_n03-normal-seated-on-chair-stool,0,negative,protocol_failure,,,true,false,false,false,1,1.458891,false,json_parse_failure: Expecting value: line 1 column 1 (char 0)
IMG_003905,aca00613e4666301061ddffe9cd1b2f87f0ac0326ec85e74625925198bfd7117,DEV,pf_v2_aigc_n03-normal-seated-on-chair-stool,pf_v2_aigc_n03-normal-seated-on-chair-stool,0,negative,protocol_failure,,,true,false,false,false,1,1.471458,false,json_parse_failure: Expecting value: line 1 column 1 (char 0)
IMG_003906,decbb91e43f7888ab015c46a93a6681e9ed58d0513898f92b2566cf9f62b736b,DEV,pf_v2_aigc_n03-normal-seated-on-chair-stool,pf_v2_aigc_n03-normal-seated-on-chair-stool,0,negative,protocol_failure,,,true,false,false,false,1,1.488763,false,json_parse_failure: Expecting value: line 1 column 1 (char 0)
IMG_003907,918bcd9792f6b32b77c3d03234683d235158ee718233c5e8848c6c07f9d3136f,DEV,pf_v2_aigc_n03-normal-seated-on-chair-stool,pf_v2_aigc_n03-normal-seated-on-chair-stool,0,negative,protocol_failure,,,true,false,false,false,1,1.505625,false,json_parse_failure: Expecting value: line 1 column 1 (char 0)
IMG_003908,70840adc6065155f16f6ee3bea719f65bf73e3ef9ae255e1e6150dba45ac2f84,DEV,pf_v2_aigc_n03-normal-seated-on-chair-stool,pf_v2_aigc_n03-normal-seated-on-chair-stool,0,negative,protocol_failure,,,true,false,false,false,1,1.673739,false,json_parse_failure: Expecting value: line 1 column 1 (char 0)
IMG_003909,d54811000d65c588d8507882501b378d11f35a8e4bd81d24bdf06c37b63a7c9f,DEV,pf_v2_aigc_n03-normal-seated-on-chair-stool,pf_v2_aigc_n03-normal-seated-on-chair-stool,0,negative,protocol_failure,,,true,false,false,false,1,1.499174,false,json_parse_failure: Expecting value: line 1 column 1 (char 0)
IMG_003910,321f3a35a48e0a9f07f6f244168a419b8af6fa0e74498afebb4b61b11e640241,DEV,pf_v2_aigc_n03-normal-seated-on-chair-stool,pf_v2_aigc_n03-normal-seated-on-chair-stool,0,negative,protocol_failure,,,true,false,false,false,1,1.664918,false,json_parse_failure: Expecting value: line 1 column 1 (char 0)
IMG_004003,531968ccc4c4000ca558dc91f46f4aa132767e2df19281d2506c4cbbd62c3e0f,DEV,pf_v2_aigc_p03-prone-on-floor,pf_v2_aigc_p03-prone-on-floor,1,positive,protocol_failure,,,true,false,false,false,1,1.563228,false,json_parse_failure: Expecting value: line 1 column 1 (char 0)
IMG_003911,d2415691cfd3ce59b490d558f1a3b1d4609756643ae69e8afac57b35b82a93d7,DEV,pf_v2_aigc_n03-normal-seated-on-chair-stool,pf_v2_aigc_n03-normal-seated-on-chair-stool,0,negative,protocol_failure,,,true,false,false,false,1,1.476837,false,json_parse_failure: Expecting value: line 1 column 1 (char 0)
IMG_003912,9968329187d7c0273dcc1769c05d88e846009f0fd54a7d280664fca6706c0a46,DEV,pf_v2_aigc_n04-normal-seated-on-chair-stool,pf_v2_aigc_n04-normal-seated-on-chair-stool,0,negative,protocol_failure,,,true,false,false,false,1,1.666332,false,json_parse_failure: Expecting value: line 1 column 1 (char 0)
IMG_003913,21558e45c831388c100ae3529b6804577a40ca367bb9f836b04e4c3520c2df66,DEV,pf_v2_aigc_n04-normal-seated-on-chair-stool,pf_v2_aigc_n04-normal-seated-on-chair-stool,0,negative,protocol_failure,,,true,false,false,false,1,1.624951,false,json_parse_failure: Expecting value: line 1 column 1 (char 0)
IMG_003914,8bdf1601258e589a61a1ddaabcf4d9f5d44b83c59f28ad97f6030858e1d7ff54,DEV,pf_v2_aigc_n04-normal-seated-on-chair-stool,pf_v2_aigc_n04-normal-seated-on-chair-stool,0,negative,protocol_failure,,,true,false,false,false,1,1.549545,false,json_parse_failure: Expecting value: line 1 column 1 (char 0)
IMG_003915,181b3cafa82863a1ca5bb12aea16b6dacf16f78f5f346890cc2575880695f72a,DEV,pf_v2_aigc_n04-normal-seated-on-chair-stool,pf_v2_aigc_n04-normal-seated-on-chair-stool,0,negative,protocol_failure,,,true,false,false,false,1,1.670129,false,json_parse_failure: Expecting value: line 1 column 1 (char 0)
IMG_003916,1702a8a274a13fb451ca23ccafdc997a8830cc7adda330b5df0b90ab6aedef73,DEV,pf_v2_aigc_n04-normal-seated-on-chair-stool,pf_v2_aigc_n04-normal-seated-on-chair-stool,0,negative,protocol_failure,,,true,false,false,false,1,1.561453,false,json_parse_failure: Expecting value: line 1 column 1 (char 0)
IMG_003917,ef1b9e81ee1523dbbb21b07d027980742531a74f55e456b369a433de82844d0c,DEV,pf_v2_aigc_n04-normal-seated-on-chair-stool,pf_v2_aigc_n04-normal-seated-on-chair-stool,0,negative,protocol_failure,,,true,false,false,false,1,1.487257,false,json_parse_failure: Expecting value: line 1 column 1 (char 0)
IMG_003918,9cbe78bbf831d21c6e1c849718050658b28230501cc176dd49023302702e5d89,DEV,pf_v2_aigc_n04-normal-seated-on-chair-stool,pf_v2_aigc_n04-normal-seated-on-chair-stool,0,negative,protocol_failure,,,true,false,false,false,1,1.504472,false,json_parse_failure: Expecting value: line 1 column 1 (char 0)
IMG_003919,95d750ee89b98302502ce9d5dd13c9cfd0bb861ce62ff17fb6bb95ba2852da1f,DEV,pf_v2_aigc_n04-normal-seated-on-chair-stool,pf_v2_aigc_n04-normal-seated-on-chair-stool,0,negative,protocol_failure,,,true,false,false,false,1,1.702014,false,json_parse_failure: Expecting value: line 1 column 1 (char 0)
IMG_003920,1d98c7785efcb98a45f71e366224ff1f43a9e4607bd7f11ac5a840e3fedbe349,DEV,pf_v2_aigc_n04-normal-seated-on-chair-stool,pf_v2_aigc_n04-normal-seated-on-chair-stool,0,negative,protocol_failure,,,true,false,false,false,1,1.565825,false,json_parse_failure: Expecting value: line 1 column 1 (char 0)
IMG_004004,86547becdc828b66ad9504dc73a3f4554738ec7030b623ec6830ae18fb351a4a,DEV,pf_v2_aigc_p03-prone-on-floor,pf_v2_aigc_p03-prone-on-floor,1,positive,protocol_failure,,,true,false,false,false,1,1.540401,false,json_parse_failure: Expecting value: line 1 column 1 (char 0)
IMG_003921,970f4760193d0f57e0b8a9307c58746c25e11ef6272e39ffb938b3e6b0100fc4,DEV,pf_v2_aigc_n04-normal-seated-on-chair-stool,pf_v2_aigc_n04-normal-seated-on-chair-stool,0,negative,protocol_failure,,,true,false,false,false,1,1.521940,false,json_parse_failure: Expecting value: line 1 column 1 (char 0)
IMG_003922,9f097226ab0671e7a218fd1c82a58aebe647087f9a516133b29a28046bfc2abc,DEV,pf_v2_aigc_n05-normal-work-activity,pf_v2_aigc_n05-normal-work-activity,0,negative,protocol_failure,,,true,false,false,false,1,1.562306,false,json_parse_failure: Expecting value: line 1 column 1 (char 0)
IMG_003923,61f62d3713f09e213c5c6907ba0a919c642e6906a6f69bf8da0bb3a5166322fb,DEV,pf_v2_aigc_n05-normal-work-activity,pf_v2_aigc_n05-normal-work-activity,0,negative,protocol_failure,,,true,false,false,false,1,1.622829,false,json_parse_failure: Expecting value: line 1 column 1 (char 0)
IMG_003924,8365c94dd5b4f02db8356dede98e882f3d6565b8fda4260e81a214c9e1c314b3,DEV,pf_v2_aigc_n05-normal-work-activity,pf_v2_aigc_n05-normal-work-activity,0,negative,protocol_failure,,,true,false,false,false,1,1.573443,false,json_parse_failure: Expecting value: line 1 column 1 (char 0)
IMG_003925,94101fe845662bffc2c777c22fbd05325f40c7430b920dcefbfe616b2d8f8bbb,DEV,pf_v2_aigc_n05-normal-work-activity,pf_v2_aigc_n05-normal-work-activity,0,negative,protocol_failure,,,true,false,false,false,1,1.608496,false,json_parse_failure: Expecting value: line 1 column 1 (char 0)
IMG_003926,d9d6cd153d044702ab5b5c7c742b8b9f0bfe1e6fbcc1876b64efb6da24f28b90,DEV,pf_v2_aigc_n05-normal-work-activity,pf_v2_aigc_n05-normal-work-activity,0,negative,protocol_failure,,,true,false,false,false,1,1.688400,false,json_parse_failure: Expecting value: line 1 column 1 (char 0)
IMG_003927,7f8500c8ea49da59bce9fd30b27e3b866415ba174fea8fd967d9cf75d7b91772,DEV,pf_v2_aigc_n05-normal-work-activity,pf_v2_aigc_n05-normal-work-activity,0,negative,protocol_failure,,,true,false,false,false,1,1.581993,false,json_parse_failure: Expecting value: line 1 column 1 (char 0)
IMG_003928,95620c5fac3a9c5da240bf74298f8edcb95bdd361a43e836056f69e8d81ad366,DEV,pf_v2_aigc_n05-normal-work-activity,pf_v2_aigc_n05-normal-work-activity,0,negative,protocol_failure,,,true,false,false,false,1,1.745642,false,json_parse_failure: Expecting value: line 1 column 1 (char 0)
IMG_003929,8a82f11e4ece013b8e4753087d1d7fb186f0f67158d1f4e39aa438f5308286fa,DEV,pf_v2_aigc_n05-normal-work-activity,pf_v2_aigc_n05-normal-work-activity,0,negative,protocol_failure,,,true,false,false,false,1,1.439113,false,json_parse_failure: Expecting value: line 1 column 1 (char 0)
IMG_003930,f7ba24ba75b052e04cf3929eaeb01599b85303454742cecd2d9ad35189a11a83,DEV,pf_v2_aigc_n05-normal-work-activity,pf_v2_aigc_n05-normal-work-activity,0,negative,protocol_failure,,,true,false,false,false,1,1.533975,false,json_parse_failure: Expecting value: line 1 column 1 (char 0)
IMG_004005,fc2bc25c7a7c65641f3f35cd41cab981571e82d00231d5cb3f676954c03684f1,DEV,pf_v2_aigc_p03-prone-on-floor,pf_v2_aigc_p03-prone-on-floor,1,positive,protocol_failure,,,true,false,false,false,1,1.572513,false,json_parse_failure: Expecting value: line 1 column 1 (char 0)
IMG_003931,0b26abc51c7b63fab900a8c777f2c37a368a32a632a96741f4b20d82482e6d7c,DEV,pf_v2_aigc_n05-normal-work-activity,pf_v2_aigc_n05-normal-work-activity,0,negative,protocol_failure,,,true,false,false,false,1,1.537523,false,json_parse_failure: Expecting value: line 1 column 1 (char 0)
IMG_003932,0d5585e07f3b9fedc834975e2be54f134752f0ccb301ee4e02cd2c06106f94c8,DEV,pf_v2_aigc_n06-normal-work-activity,pf_v2_aigc_n06-normal-work-activity,0,negative,protocol_failure,,,true,false,false,false,1,1.491976,false,json_parse_failure: Expecting value: line 1 column 1 (char 0)
IMG_003933,c8a9bc514c15da3f2da23703dc11bb453d11c54b1bebcec486122e3fb87d5379,DEV,pf_v2_aigc_n06-normal-work-activity,pf_v2_aigc_n06-normal-work-activity,0,negative,protocol_failure,,,true,false,false,false,1,1.722108,false,json_parse_failure: Expecting value: line 1 column 1 (char 0)
IMG_003934,8c72d44ee172f2ae89a43f5c104baaa598077ae72eecae1fac52666811ee2c15,DEV,pf_v2_aigc_n06-normal-work-activity,pf_v2_aigc_n06-normal-work-activity,0,negative,protocol_failure,,,true,false,false,false,1,1.425985,false,json_parse_failure: Expecting value: line 1 column 1 (char 0)
IMG_003935,708a9188aea6197ec36ef5ab262e62630b980f9a8a03797a477212ae97dd969d,DEV,pf_v2_aigc_n06-normal-work-activity,pf_v2_aigc_n06-normal-work-activity,0,negative,protocol_failure,,,true,false,false,false,1,1.549047,false,json_parse_failure: Expecting value: line 1 column 1 (char 0)
IMG_003936,a9dec425e7a51445e33666ad77fc90f0add301fc713c1fbd6a83de6a81d2df72,DEV,pf_v2_aigc_n06-normal-work-activity,pf_v2_aigc_n06-normal-work-activity,0,negative,protocol_failure,,,true,false,false,false,1,1.794828,false,json_parse_failure: Expecting value: line 1 column 1 (char 0)
IMG_003937,15b2e5f1094add6b6262cc9d02d72f3cbacf86a9d4023024b7f9cbfc8d7a1dd8,DEV,pf_v2_aigc_n06-normal-work-activity,pf_v2_aigc_n06-normal-work-activity,0,negative,protocol_failure,,,true,false,false,false,1,1.687535,false,json_parse_failure: Expecting value: line 1 column 1 (char 0)
IMG_003938,7d581bcff51b91f01017bb3a2479b738f8702d3532dc02bb5be374eb3acbfa33,DEV,pf_v2_aigc_n06-normal-work-activity,pf_v2_aigc_n06-normal-work-activity,0,negative,protocol_failure,,,true,false,false,false,1,1.441420,false,json_parse_failure: Expecting value: line 1 column 1 (char 0)
IMG_003939,2775217a73b3fec9852ead7ed28b5b4d76904b4a4f146e32928fc4c249a2f0b5,DEV,pf_v2_aigc_n06-normal-work-activity,pf_v2_aigc_n06-normal-work-activity,0,negative,protocol_failure,,,true,false,false,false,1,1.546823,false,json_parse_failure: Expecting value: line 1 column 1 (char 0)
IMG_003940,48dc5ad464b297860fc6a28647999f2c6eb1c00a37fd106e0a75d32094aebe81,DEV,pf_v2_aigc_n06-normal-work-activity,pf_v2_aigc_n06-normal-work-activity,0,negative,protocol_failure,,,true,false,false,false,1,1.494842,false,json_parse_failure: Expecting value: line 1 column 1 (char 0)
IMG_004006,562f3ef69ce6291a666cffda86e701c7f20b92195677ac0bffc96dbf792f87e1,DEV,pf_v2_aigc_p03-prone-on-floor,pf_v2_aigc_p03-prone-on-floor,1,positive,protocol_failure,,,true,false,false,false,1,1.579387,false,json_parse_failure: Expecting value: line 1 column 1 (char 0)
IMG_003941,bd7cb37950286e8775216a9371b0eece1f9d46cfb09f046e0205804bd042b6a7,DEV,pf_v2_aigc_n06-normal-work-activity,pf_v2_aigc_n06-normal-work-activity,0,negative,protocol_failure,,,true,false,false,false,1,1.579720,false,json_parse_failure: Expecting value: line 1 column 1 (char 0)
IMG_003942,0f86a510ad912179633dea734f4457dc1945b5bbe1a9a123613bae400af636ee,VAL,pf_v2_aigc_n07-mild-bending,pf_v2_aigc_n07-mild-bending,0,negative,protocol_failure,,,true,false,false,false,1,1.591749,false,json_parse_failure: Expecting value: line 1 column 1 (char 0)
IMG_003943,e9e96ce08e4925312a49684d8381e0129c3b5722dbecbd610b4a40481f41cffb,VAL,pf_v2_aigc_n07-mild-bending,pf_v2_aigc_n07-mild-bending,0,negative,protocol_failure,,,true,false,false,false,1,1.510312,false,json_parse_failure: Expecting value: line 1 column 1 (char 0)
IMG_003944,acc221510be882f798e7e1c06e2b25f23bdf1419dbc036d0b4f22689505c7bc6,VAL,pf_v2_aigc_n07-mild-bending,pf_v2_aigc_n07-mild-bending,0,negative,protocol_failure,,,true,false,false,false,1,1.528628,false,json_parse_failure: Expecting value: line 1 column 1 (char 0)
IMG_003945,d15359dc17844ccf5775d2e324f7af0dc44b728120bc9257ab9d57ed9bf91549,VAL,pf_v2_aigc_n07-mild-bending,pf_v2_aigc_n07-mild-bending,0,negative,protocol_failure,,,true,false,false,false,1,1.915442,false,json_parse_failure: Expecting value: line 1 column 1 (char 0)
IMG_003946,8307f620f96d4c6cbe58314eb71ed9be3ccf45d23727e8b6592f9477bb37fa6b,VAL,pf_v2_aigc_n07-mild-bending,pf_v2_aigc_n07-mild-bending,0,negative,protocol_failure,,,true,false,false,false,1,1.558605,false,json_parse_failure: Expecting value: line 1 column 1 (char 0)
IMG_003947,5cba43b31c38a875466a807fac5daaf80e715c1a1cacc3bed578bc9716930cdd,VAL,pf_v2_aigc_n07-mild-bending,pf_v2_aigc_n07-mild-bending,0,negative,protocol_failure,,,true,false,false,false,1,1.622132,false,json_parse_failure: Expecting value: line 1 column 1 (char 0)
IMG_003948,00533f22a7b735ce2dd0ba71594e60a7ac5dfbea9803ebbfe380b15f7c4ca55e,VAL,pf_v2_aigc_n07-mild-bending,pf_v2_aigc_n07-mild-bending,0,negative,protocol_failure,,,true,false,false,false,1,1.698745,false,json_parse_failure: Expecting value: line 1 column 1 (char 0)
IMG_003949,04d272b852fd59fbf31c8d1bd6846056e4e67a3dbbb13979b3e6d5628d3c5fbf,VAL,pf_v2_aigc_n07-mild-bending,pf_v2_aigc_n07-mild-bending,0,negative,protocol_failure,,,true,false,false,false,1,1.446270,false,json_parse_failure: Expecting value: line 1 column 1 (char 0)
IMG_003950,b52e224f7c9bd37635012043f162b27d00b45efe2df6f03805c7bc1edaba3b8f,VAL,pf_v2_aigc_n07-mild-bending,pf_v2_aigc_n07-mild-bending,0,negative,protocol_failure,,,true,false,false,false,1,1.686155,false,json_parse_failure: Expecting value: line 1 column 1 (char 0)
IMG_004007,ffea712d59fccabbaf558579286df4d7fe6c99afeb817ce0bf8dad7d3377a921,DEV,pf_v2_aigc_p03-prone-on-floor,pf_v2_aigc_p03-prone-on-floor,1,positive,protocol_failure,,,true,false,false,false,1,1.503951,false,json_parse_failure: Expecting value: line 1 column 1 (char 0)
IMG_003951,8d6788595b06d3e93c60d1a37e08fd1f6674d7e682ac5e208670a407130ca387,VAL,pf_v2_aigc_n07-mild-bending,pf_v2_aigc_n07-mild-bending,0,negative,protocol_failure,,,true,false,false,false,1,1.420419,false,json_parse_failure: Expecting value: line 1 column 1 (char 0)
IMG_003952,e74b50e0d919b056cade5af81e31a42fb9de0d4a42efc691d09fda59ff3070fd,VAL,pf_v2_aigc_n08-multi-person-normal-activity,pf_v2_aigc_n08-multi-person-normal-activity,0,negative,protocol_failure,,,true,false,false,false,1,1.504440,false,json_parse_failure: Expecting value: line 1 column 1 (char 0)
IMG_003953,3a7d548ee86198d44e926fda2d9fd05e7188f76974f8bc0e6663f03981120003,VAL,pf_v2_aigc_n08-multi-person-normal-activity,pf_v2_aigc_n08-multi-person-normal-activity,0,negative,protocol_failure,,,true,false,false,false,1,1.603538,false,json_parse_failure: Expecting value: line 1 column 1 (char 0)
IMG_003954,a3389fa90175ef6b7dd3e30e9280de3efd67dd48742937b417471d97b928d2ce,VAL,pf_v2_aigc_n08-multi-person-normal-activity,pf_v2_aigc_n08-multi-person-normal-activity,0,negative,protocol_failure,,,true,false,false,false,1,1.471252,false,json_parse_failure: Expecting value: line 1 column 1 (char 0)
IMG_003955,f63a9dcfc130083a98a6e072eca29224a6fcf9b87295cc01035cddc7993cbf46,VAL,pf_v2_aigc_n08-multi-person-normal-activity,pf_v2_aigc_n08-multi-person-normal-activity,0,negative,protocol_failure,,,true,false,false,false,1,1.565394,false,json_parse_failure: Expecting value: line 1 column 1 (char 0)
IMG_003956,ace8bebe3612865ba94b98237bbac400737c66e91d581e5d44be58dd67103825,VAL,pf_v2_aigc_n08-multi-person-normal-activity,pf_v2_aigc_n08-multi-person-normal-activity,0,negative,protocol_failure,,,true,false,false,false,1,1.501536,false,json_parse_failure: Expecting value: line 1 column 1 (char 0)
IMG_003957,88bb0cd0b836c73715058a3a30fa6ebf4fb466280c4a62f775ecdf3490a602f7,VAL,pf_v2_aigc_n08-multi-person-normal-activity,pf_v2_aigc_n08-multi-person-normal-activity,0,negative,protocol_failure,,,true,false,false,false,1,1.524174,false,json_parse_failure: Expecting value: line 1 column 1 (char 0)
IMG_003958,867239e2cbd3fcf7d403a985f450c3c8862854b339efa18130652c25be8790ac,VAL,pf_v2_aigc_n08-multi-person-normal-activity,pf_v2_aigc_n08-multi-person-normal-activity,0,negative,protocol_failure,,,true,false,false,false,1,1.608081,false,json_parse_failure: Expecting value: line 1 column 1 (char 0)
IMG_003959,c5a16d8f66e68e54d9eac3959bcfa04972eb2bb6439e14920befb9ad075626b2,VAL,pf_v2_aigc_n08-multi-person-normal-activity,pf_v2_aigc_n08-multi-person-normal-activity,0,negative,protocol_failure,,,true,false,false,false,1,1.434700,false,json_parse_failure: Expecting value: line 1 column 1 (char 0)
IMG_003960,52f50e02c7fb5442b2cb713f7d7949a3d9c3b99c94801770fd23caf83c5fb3c7,VAL,pf_v2_aigc_n08-multi-person-normal-activity,pf_v2_aigc_n08-multi-person-normal-activity,0,negative,protocol_failure,,,true,false,false,false,1,1.495341,false,json_parse_failure: Expecting value: line 1 column 1 (char 0)
IMG_004008,6609e71caae836680300eb0b9a5b375fed21f3fc3538aa102667e729b25864b6,DEV,pf_v2_aigc_p03-prone-on-floor,pf_v2_aigc_p03-prone-on-floor,1,positive,protocol_failure,,,true,false,false,false,1,1.447256,false,json_parse_failure: Expecting value: line 1 column 1 (char 0)
IMG_003961,cc16082b0347ea0a78146dc2ee0b1957b0121913b788c67a76f73498a5b1d5d6,VAL,pf_v2_aigc_n08-multi-person-normal-activity,pf_v2_aigc_n08-multi-person-normal-activity,0,negative,protocol_failure,,,true,false,false,false,1,1.394271,false,json_parse_failure: Expecting value: line 1 column 1 (char 0)
IMG_004009,5584ace79f64b843dbea6e6eccf78e5e0700837c1b506bf79c82085f472e285b,DEV,pf_v2_aigc_p03-prone-on-floor,pf_v2_aigc_p03-prone-on-floor,1,positive,protocol_failure,,,true,false,false,false,1,1.495276,false,json_parse_failure: Expecting value: line 1 column 1 (char 0)
IMG_004010,5e672724004a81b5b2d705c84a7bfb3bd5dadec21ca063c60d35dcc09debb938,DEV,pf_v2_aigc_p03-prone-on-floor,pf_v2_aigc_p03-prone-on-floor,1,positive,protocol_failure,,,true,false,false,false,1,1.437013,false,json_parse_failure: Expecting value: line 1 column 1 (char 0)
IMG_003702,5f82ee8030a64dfae05bb4583c289b09c8ebc33280dc2f6e4a53a10bbb60b2fc,DEV,pf_v2_aigc_h01-sitting-on-floor,pf_v2_aigc_h01-sitting-on-floor,0,hard_negative,protocol_failure,,,true,false,false,false,1,1.542162,false,json_parse_failure: Expecting value: line 1 column 1 (char 0)
IMG_003703,5e18806b0d663d3a7b16e0bf3564749c245323f6fc828cd80add4c68d279c87f,DEV,pf_v2_aigc_h01-sitting-on-floor,pf_v2_aigc_h01-sitting-on-floor,0,hard_negative,protocol_failure,,,true,false,false,false,1,1.622869,false,json_parse_failure: Expecting value: line 1 column 1 (char 0)
IMG_003704,27d688b997b3048bf57efd35520fa34bd3adccda66575f1ddb0bcc298629ce4b,DEV,pf_v2_aigc_h01-sitting-on-floor,pf_v2_aigc_h01-sitting-on-floor,0,hard_negative,protocol_failure,,,true,false,false,false,1,1.607935,false,json_parse_failure: Expecting value: line 1 column 1 (char 0)
IMG_003705,4bca926036b8d0324b411c6828586467b408df92eb1db27af3b8dd25bf443e17,DEV,pf_v2_aigc_h01-sitting-on-floor,pf_v2_aigc_h01-sitting-on-floor,0,hard_negative,protocol_failure,,,true,false,false,false,1,1.713064,false,json_parse_failure: Expecting value: line 1 column 1 (char 0)
IMG_003706,2b6115e018583759cfe5df4bd1fcd315bb592af2d089c3a701da59fbbbf0e6e0,DEV,pf_v2_aigc_h01-sitting-on-floor,pf_v2_aigc_h01-sitting-on-floor,0,hard_negative,protocol_failure,,,true,false,false,false,1,1.436119,false,json_parse_failure: Expecting value: line 1 column 1 (char 0)
IMG_003707,73bc09ee9ef0fd6bbb582bbe0db98cd4469f12a8834626f5fa2cc0b71ba6acbd,DEV,pf_v2_aigc_h01-sitting-on-floor,pf_v2_aigc_h01-sitting-on-floor,0,hard_negative,protocol_failure,,,true,false,false,false,1,1.538366,false,json_parse_failure: Expecting value: line 1 column 1 (char 0)
IMG_003708,aebf6050b3fb73755b48cad44728ca0f55ae95c078047887335bcfcc57776c47,DEV,pf_v2_aigc_h01-sitting-on-floor,pf_v2_aigc_h01-sitting-on-floor,0,hard_negative,protocol_failure,,,true,false,false,false,1,1.660003,false,json_parse_failure: Expecting value: line 1 column 1 (char 0)
IMG_003709,d9f51b8ff2d02493d7ecd7d16b28d4480d32456bbd87bf21b040cc6b3d4eeb33,DEV,pf_v2_aigc_h01-sitting-on-floor,pf_v2_aigc_h01-sitting-on-floor,0,hard_negative,protocol_failure,,,true,false,false,false,1,1.666513,false,json_parse_failure: Expecting value: line 1 column 1 (char 0)
IMG_003710,b18857cefb35aee71924a5cca2bd68a70cb29e28e5ec82e53e447f3301f1da13,DEV,pf_v2_aigc_h01-sitting-on-floor,pf_v2_aigc_h01-sitting-on-floor,0,hard_negative,protocol_failure,,,true,false,false,false,1,1.678878,false,json_parse_failure: Expecting value: line 1 column 1 (char 0)
IMG_004011,21a5aa9d0b90a82dff6f58e818f3f4cd2c2c7f83a07fac1b12e2a6bcb2b74a4b,DEV,pf_v2_aigc_p03-prone-on-floor,pf_v2_aigc_p03-prone-on-floor,1,positive,protocol_failure,,,true,false,false,false,1,1.455891,false,json_parse_failure: Expecting value: line 1 column 1 (char 0)
IMG_003711,5785e793610f7f7677b6c4d9b947c828a4e56e2d327d06adba47f377dfb5dc43,DEV,pf_v2_aigc_h01-sitting-on-floor,pf_v2_aigc_h01-sitting-on-floor,0,hard_negative,protocol_failure,,,true,false,false,false,1,1.563382,false,json_parse_failure: Expecting value: line 1 column 1 (char 0)
IMG_003712,a08dc0677c5f0c67aecd4897fe8c39f6112c2732b2182b3d889b03b5a98b617d,DEV,pf_v2_aigc_h02-sitting-on-floor,pf_v2_aigc_h02-sitting-on-floor,0,hard_negative,protocol_failure,,,true,false,false,false,1,1.477406,false,json_parse_failure: Expecting value: line 1 column 1 (char 0)
IMG_003713,74c096570ad1109e55ec956d25c76b0c3fe1a9dc51eef03da1642c07d7a765b9,DEV,pf_v2_aigc_h02-sitting-on-floor,pf_v2_aigc_h02-sitting-on-floor,0,hard_negative,protocol_failure,,,true,false,false,false,1,1.540146,false,json_parse_failure: Expecting value: line 1 column 1 (char 0)
IMG_003714,26e8e9b1f421aeada92548231e0b832e6d0554ffe2dab403516c7c7a2df75a5c,DEV,pf_v2_aigc_h02-sitting-on-floor,pf_v2_aigc_h02-sitting-on-floor,0,hard_negative,protocol_failure,,,true,false,false,false,1,1.677311,false,json_parse_failure: Expecting value: line 1 column 1 (char 0)
IMG_003715,da3050615af0f957ee851f59d0ba1728110d72e2ce5799555015baa71545303d,DEV,pf_v2_aigc_h02-sitting-on-floor,pf_v2_aigc_h02-sitting-on-floor,0,hard_negative,protocol_failure,,,true,false,false,false,1,1.534563,false,json_parse_failure: Expecting value: line 1 column 1 (char 0)
IMG_003716,de763ff98de5ee15d2e08431d68de418de7ea91184c26b17329924d58a43cfea,DEV,pf_v2_aigc_h02-sitting-on-floor,pf_v2_aigc_h02-sitting-on-floor,0,hard_negative,protocol_failure,,,true,false,false,false,1,1.667980,false,json_parse_failure: Expecting value: line 1 column 1 (char 0)
IMG_003717,51defa65e8ab2e4ac0e0b5d0903a50bd79b93ab562f59ceac93d10e35c3d7026,DEV,pf_v2_aigc_h02-sitting-on-floor,pf_v2_aigc_h02-sitting-on-floor,0,hard_negative,protocol_failure,,,true,false,false,false,1,1.452874,false,json_parse_failure: Expecting value: line 1 column 1 (char 0)
IMG_003718,a492fa3a45b44a5055130be2502affe0940bb028630d22086170baa7a9120e9c,DEV,pf_v2_aigc_h02-sitting-on-floor,pf_v2_aigc_h02-sitting-on-floor,0,hard_negative,protocol_failure,,,true,false,false,false,1,1.815485,false,json_parse_failure: Expecting value: line 1 column 1 (char 0)
IMG_003719,47c966c7e3000e227ea832590ab7f537270c4f411e1e5f9090b91012315ee2f3,DEV,pf_v2_aigc_h02-sitting-on-floor,pf_v2_aigc_h02-sitting-on-floor,0,hard_negative,protocol_failure,,,true,false,false,false,1,1.497309,false,json_parse_failure: Expecting value: line 1 column 1 (char 0)
IMG_003720,535a93d41730af7911e98c7078fc4d470a277fdd4048c6e80cb57ed8e7db3439,DEV,pf_v2_aigc_h02-sitting-on-floor,pf_v2_aigc_h02-sitting-on-floor,0,hard_negative,protocol_failure,,,true,false,false,false,1,1.492749,false,json_parse_failure: Expecting value: line 1 column 1 (char 0)
IMG_004012,b0bc6b665f847380a62540bd0387a6356f273185253e134cc9d731120aee9ba7,DEV,pf_v2_aigc_p04-prone-on-floor,pf_v2_aigc_p04-prone-on-floor,1,positive,protocol_failure,,,true,false,false,false,1,1.556704,false,json_parse_failure: Expecting value: line 1 column 1 (char 0)
IMG_003721,87f2d821c7096f9fb25574f6272bb3ccd52ae160cf83b591930e5b2ea4bc6b99,DEV,pf_v2_aigc_h02-sitting-on-floor,pf_v2_aigc_h02-sitting-on-floor,0,hard_negative,protocol_failure,,,true,false,false,false,1,1.581734,false,json_parse_failure: Expecting value: line 1 column 1 (char 0)
IMG_003722,8abaec058bf120acbbc5434c306d186beb4b4ab37623f024a025f10b349d0950,DEV,pf_v2_aigc_h03-kneeling,pf_v2_aigc_h03-kneeling,0,hard_negative,protocol_failure,,,true,false,false,false,1,1.479779,false,json_parse_failure: Expecting value: line 1 column 1 (char 0)
IMG_003723,bbf2f9c60794f8bc935d2c5b0b8b4f103c4e98e20d82758d877739c54216a75c,DEV,pf_v2_aigc_h03-kneeling,pf_v2_aigc_h03-kneeling,0,hard_negative,protocol_failure,,,true,false,false,false,1,2.066458,false,json_parse_failure: Expecting value: line 1 column 1 (char 0)
IMG_003724,571f202fd7c667dc9f715fafd3e988e9d01f736b0771132dffa4771b057e7be2,DEV,pf_v2_aigc_h03-kneeling,pf_v2_aigc_h03-kneeling,0,hard_negative,protocol_failure,,,true,false,false,false,1,1.496183,false,json_parse_failure: Expecting value: line 1 column 1 (char 0)
IMG_003725,16392ce139623dcead3dc9e6c9c492a2b1dc95c6b12bbdf467e79045a5b6473b,DEV,pf_v2_aigc_h03-kneeling,pf_v2_aigc_h03-kneeling,0,hard_negative,protocol_failure,,,true,false,false,false,1,1.643257,false,json_parse_failure: Expecting value: line 1 column 1 (char 0)
IMG_003726,0c2c8ab08df945d01ae69aea7d9c57f73a9db4e3c88a362ea2e0216b2a433e06,DEV,pf_v2_aigc_h03-kneeling,pf_v2_aigc_h03-kneeling,0,hard_negative,protocol_failure,,,true,false,false,false,1,1.528089,false,json_parse_failure: Expecting value: line 1 column 1 (char 0)
IMG_003727,32aebc215aa35c65df2b994cf493dc70b1234b21fcf72caa58f454761fd3d3d8,DEV,pf_v2_aigc_h03-kneeling,pf_v2_aigc_h03-kneeling,0,hard_negative,protocol_failure,,,true,false,false,false,1,1.633917,false,json_parse_failure: Expecting value: line 1 column 1 (char 0)
IMG_003728,59c6841fe35ddf9c5c53fa57c3908516e081068c1c9272b3beadbc2375a14b42,DEV,pf_v2_aigc_h03-kneeling,pf_v2_aigc_h03-kneeling,0,hard_negative,protocol_failure,,,true,false,false,false,1,1.395690,false,json_parse_failure: Expecting value: line 1 column 1 (char 0)
IMG_003729,5ffddfb69084de8140cc48c025565813a115bdcb4ab7f3795a3edef67341cb2e,DEV,pf_v2_aigc_h03-kneeling,pf_v2_aigc_h03-kneeling,0,hard_negative,protocol_failure,,,true,false,false,false,1,1.468142,false,json_parse_failure: Expecting value: line 1 column 1 (char 0)
IMG_003730,5edf07d26c5eb6d7cae80f2a262e808ea87dbfb5f683430326b265e8a2028eb6,DEV,pf_v2_aigc_h03-kneeling,pf_v2_aigc_h03-kneeling,0,hard_negative,protocol_failure,,,true,false,false,false,1,1.688870,false,json_parse_failure: Expecting value: line 1 column 1 (char 0)
IMG_004013,ebdcd19a6884c77a2a854aad2cc33d145633833b0ef739e0c6b5fd302bf87dee,DEV,pf_v2_aigc_p04-prone-on-floor,pf_v2_aigc_p04-prone-on-floor,1,positive,protocol_failure,,,true,false,false,false,1,1.531126,false,json_parse_failure: Expecting value: line 1 column 1 (char 0)
IMG_003731,2945077368eabff86b0a88694c309b66a40b7b4224c9ade8d5cf2056b3e0fd12,DEV,pf_v2_aigc_h03-kneeling,pf_v2_aigc_h03-kneeling,0,hard_negative,protocol_failure,,,true,false,false,false,1,1.669081,false,json_parse_failure: Expecting value: line 1 column 1 (char 0)
IMG_003732,5c88c36cb9519b09e448c3487508aa73ed4bd2a763f46680bf9322017a3df9e0,DEV,pf_v2_aigc_h04-kneeling,pf_v2_aigc_h04-kneeling,0,hard_negative,protocol_failure,,,true,false,false,false,1,1.457654,false,json_parse_failure: Expecting value: line 1 column 1 (char 0)
IMG_003733,1a97fb68f1b7856a23da903b44dd63534a8c2936bf4554b90da171c6d99128ed,DEV,pf_v2_aigc_h04-kneeling,pf_v2_aigc_h04-kneeling,0,hard_negative,protocol_failure,,,true,false,false,false,1,1.448327,false,json_parse_failure: Expecting value: line 1 column 1 (char 0)
IMG_003734,fb291c9e0e88809b9c1bbf3023a4e133b56f9db057cd1b019396c800187c6d46,DEV,pf_v2_aigc_h04-kneeling,pf_v2_aigc_h04-kneeling,0,hard_negative,protocol_failure,,,true,false,false,false,1,1.768915,false,json_parse_failure: Expecting value: line 1 column 1 (char 0)
IMG_003735,81dc5bb723c3ef2385587823a37b33ea00c313aa9142416f4225c1f7bd9cc780,DEV,pf_v2_aigc_h04-kneeling,pf_v2_aigc_h04-kneeling,0,hard_negative,protocol_failure,,,true,false,false,false,1,1.542428,false,json_parse_failure: Expecting value: line 1 column 1 (char 0)
IMG_003736,a5f49b6be5465bc6bc6b528ff6582663251262079bbf4ef39c09f8f94af1fd6a,DEV,pf_v2_aigc_h04-kneeling,pf_v2_aigc_h04-kneeling,0,hard_negative,protocol_failure,,,true,false,false,false,1,2.043193,false,json_parse_failure: Expecting value: line 1 column 1 (char 0)
IMG_003737,a34dc5ac505694fb09bf451aa1f857cb16f576943981e81bbde97849691e2244,DEV,pf_v2_aigc_h04-kneeling,pf_v2_aigc_h04-kneeling,0,hard_negative,protocol_failure,,,true,false,false,false,1,1.739743,false,json_parse_failure: Expecting value: line 1 column 1 (char 0)
IMG_003738,cf0fab739e5b2dba3b00eaabca7a446d0681ad5c6c05a8dbb6b0d7c28861bfcd,DEV,pf_v2_aigc_h04-kneeling,pf_v2_aigc_h04-kneeling,0,hard_negative,protocol_failure,,,true,false,false,false,1,1.684496,false,json_parse_failure: Expecting value: line 1 column 1 (char 0)
IMG_003739,c8cb3323d15195f6ab37a8612bda59fe1b5c5709447488b249b6ad10f803b39d,DEV,pf_v2_aigc_h04-kneeling,pf_v2_aigc_h04-kneeling,0,hard_negative,protocol_failure,,,true,false,false,false,1,1.483040,false,json_parse_failure: Expecting value: line 1 column 1 (char 0)
IMG_003740,95ef71cca5f36a01b13631fe23712631906745bb360b3232c4788152083d3e8e,DEV,pf_v2_aigc_h04-kneeling,pf_v2_aigc_h04-kneeling,0,hard_negative,protocol_failure,,,true,false,false,false,1,1.763313,false,json_parse_failure: Expecting value: line 1 column 1 (char 0)
IMG_004014,a0e0ec4f94be40b43c9f805fbffbb25dc69995126cf2caaf25bdc16b8b8b5d98,DEV,pf_v2_aigc_p04-prone-on-floor,pf_v2_aigc_p04-prone-on-floor,1,positive,protocol_failure,,,true,false,false,false,1,1.518496,false,json_parse_failure: Expecting value: line 1 column 1 (char 0)
IMG_003741,0fd7a8679875274d283899f60951ec8bbfb07d48c512677d4326f8c28f1490dd,DEV,pf_v2_aigc_h04-kneeling,pf_v2_aigc_h04-kneeling,0,hard_negative,protocol_failure,,,true,false,false,false,1,1.391893,false,json_parse_failure: Expecting value: line 1 column 1 (char 0)
IMG_003742,c9a1818d75502dd3d49f09aec32fd72a5c3d4f4753628f8e446bd05431687831,DEV,pf_v2_aigc_h05-squatting,pf_v2_aigc_h05-squatting,0,hard_negative,protocol_failure,,,true,false,false,false,1,1.423363,false,json_parse_failure: Expecting value: line 1 column 1 (char 0)
IMG_003743,c01f918d19a67837bd2ac6ffef2744eda19c79753cb42a35e8813f6607eed406,DEV,pf_v2_aigc_h05-squatting,pf_v2_aigc_h05-squatting,0,hard_negative,protocol_failure,,,true,false,false,false,1,1.450802,false,json_parse_failure: Expecting value: line 1 column 1 (char 0)
IMG_003744,1ed23067edcea8314d40a89b2f0099b09a4158392f566ffda462ffbf94f69dec,DEV,pf_v2_aigc_h05-squatting,pf_v2_aigc_h05-squatting,0,hard_negative,protocol_failure,,,true,false,false,false,1,1.914207,false,json_parse_failure: Expecting value: line 1 column 1 (char 0)
IMG_003745,ea21f40aae14122b6aad0d2b26e191b6a5831ee2cfd5243299715cfeceda9682,DEV,pf_v2_aigc_h05-squatting,pf_v2_aigc_h05-squatting,0,hard_negative,protocol_failure,,,true,false,false,false,1,1.530473,false,json_parse_failure: Expecting value: line 1 column 1 (char 0)
IMG_003746,1e4dc4cdacc66d3065bdf94b0485b2471346e343c932d4b151577c9ce4914840,DEV,pf_v2_aigc_h05-squatting,pf_v2_aigc_h05-squatting,0,hard_negative,protocol_failure,,,true,false,false,false,1,1.517537,false,json_parse_failure: Expecting value: line 1 column 1 (char 0)
IMG_003747,ebc7a165a2f361248ae7b5da7d777e9a8cefcac5782919f245795395f5e4dad4,DEV,pf_v2_aigc_h05-squatting,pf_v2_aigc_h05-squatting,0,hard_negative,protocol_failure,,,true,false,false,false,1,1.470230,false,json_parse_failure: Expecting value: line 1 column 1 (char 0)
IMG_003748,f7ed8f5d26dcd88e619f034c2433fcc5e45099454abf424c90e0f40b041529f1,DEV,pf_v2_aigc_h05-squatting,pf_v2_aigc_h05-squatting,0,hard_negative,protocol_failure,,,true,false,false,false,1,1.462396,false,json_parse_failure: Expecting value: line 1 column 1 (char 0)
IMG_003749,57fb50e97101ae1cda04436212fb0824c636fe0e3c9191df396359df86b78885,DEV,pf_v2_aigc_h05-squatting,pf_v2_aigc_h05-squatting,0,hard_negative,protocol_failure,,,true,false,false,false,1,1.541587,false,json_parse_failure: Expecting value: line 1 column 1 (char 0)
IMG_003750,1d65e08d16ef340f6405ccb60f352ea7050ebc21d5a07c0596a4300c3832ec60,DEV,pf_v2_aigc_h05-squatting,pf_v2_aigc_h05-squatting,0,hard_negative,protocol_failure,,,true,false,false,false,1,1.451727,false,json_parse_failure: Expecting value: line 1 column 1 (char 0)
IMG_004015,6e170627385d2e2dbdeeb95c19602073232c77b509190eb778642409cf8c0a43,DEV,pf_v2_aigc_p04-prone-on-floor,pf_v2_aigc_p04-prone-on-floor,1,positive,protocol_failure,,,true,false,false,false,1,1.557050,false,json_parse_failure: Expecting value: line 1 column 1 (char 0)
IMG_003751,96b35071dbdb8c08a0b6cdcea3b29254263c2e8f23bc580f16a05affdaef1cb4,DEV,pf_v2_aigc_h05-squatting,pf_v2_aigc_h05-squatting,0,hard_negative,protocol_failure,,,true,false,false,false,1,1.715604,false,json_parse_failure: Expecting value: line 1 column 1 (char 0)
IMG_003752,9d51842db456f20284d6d821eea6fc180cf491666bb736d8adecd47b93d88344,DEV,pf_v2_aigc_h06-squatting,pf_v2_aigc_h06-squatting,0,hard_negative,protocol_failure,,,true,false,false,false,1,1.899704,false,json_parse_failure: Expecting value: line 1 column 1 (char 0)
IMG_003753,21e39b5f62d3e42f57b1f4a6eb3d6e2de4b48a193a7508edd3dc2914c62b7452,DEV,pf_v2_aigc_h06-squatting,pf_v2_aigc_h06-squatting,0,hard_negative,protocol_failure,,,true,false,false,false,1,1.571255,false,json_parse_failure: Expecting value: line 1 column 1 (char 0)
IMG_003754,4db498f7d89028b884b3ad72b466542296ceea8b6434cec90c51d30a21bdcd22,DEV,pf_v2_aigc_h06-squatting,pf_v2_aigc_h06-squatting,0,hard_negative,protocol_failure,,,true,false,false,false,1,1.866866,false,json_parse_failure: Expecting value: line 1 column 1 (char 0)
IMG_003755,5f443d6393dbe2f28eb5fa6a524207ee05b4d6e0649b8ef7fb3096a7391d9ee3,DEV,pf_v2_aigc_h06-squatting,pf_v2_aigc_h06-squatting,0,hard_negative,protocol_failure,,,true,false,false,false,1,1.776119,false,json_parse_failure: Expecting value: line 1 column 1 (char 0)
IMG_003756,0677f623922ae8c0833c4608b442c97f115863391363ec031746984b2a1f7bcc,DEV,pf_v2_aigc_h06-squatting,pf_v2_aigc_h06-squatting,0,hard_negative,protocol_failure,,,true,false,false,false,1,1.724652,false,json_parse_failure: Expecting value: line 1 column 1 (char 0)
IMG_003757,0701ddbdd49380437869cac2251251f3aa0b305fca47da6de7c2fa171e582854,DEV,pf_v2_aigc_h06-squatting,pf_v2_aigc_h06-squatting,0,hard_negative,protocol_failure,,,true,false,false,false,1,1.476089,false,json_parse_failure: Expecting value: line 1 column 1 (char 0)
IMG_003758,02d0518049b36e6c2705a4571f7092c9c48fd6f79e4979e7771788eb9107f992,DEV,pf_v2_aigc_h06-squatting,pf_v2_aigc_h06-squatting,0,hard_negative,protocol_failure,,,true,false,false,false,1,1.441764,false,json_parse_failure: Expecting value: line 1 column 1 (char 0)
IMG_003759,30bae33ef6a87738d1ee9d7d6ce2d42944cd954b3f4062fd6de26355e168188b,DEV,pf_v2_aigc_h06-squatting,pf_v2_aigc_h06-squatting,0,hard_negative,protocol_failure,,,true,false,false,false,1,1.543573,false,json_parse_failure: Expecting value: line 1 column 1 (char 0)
IMG_003760,549d55d23c0e591fd1d4500c7b2ead5eb5f4f6657d9d5bad963feac31c5a9b2f,DEV,pf_v2_aigc_h06-squatting,pf_v2_aigc_h06-squatting,0,hard_negative,protocol_failure,,,true,false,false,false,1,1.599680,false,json_parse_failure: Expecting value: line 1 column 1 (char 0)
IMG_004016,f8e866b52682ef59c44ca191aded4a9fd7248b59937cf0db5cb460fb729f06d1,DEV,pf_v2_aigc_p04-prone-on-floor,pf_v2_aigc_p04-prone-on-floor,1,positive,protocol_failure,,,true,false,false,false,1,1.463652,false,json_parse_failure: Expecting value: line 1 column 1 (char 0)
IMG_003761,e94ff2a0fe9a16ac49da733e32db3d60fa436f385d1fcb0188577a76ff65c6ac,DEV,pf_v2_aigc_h06-squatting,pf_v2_aigc_h06-squatting,0,hard_negative,protocol_failure,,,true,false,false,false,1,1.780850,false,json_parse_failure: Expecting value: line 1 column 1 (char 0)
IMG_003762,3cd2d69225587134247c61e84a90055f9263867f885b60900d79f8b8694c91d7,DEV,pf_v2_aigc_h07-deep-bending-picking-up-items,pf_v2_aigc_h07-deep-bending-picking-up-items,0,hard_negative,protocol_failure,,,true,false,false,false,1,1.497525,false,json_parse_failure: Expecting value: line 1 column 1 (char 0)
IMG_003763,7bf20fa13e69139b8874c930ee245517752c005e62842c8cf2cfcef474aec026,DEV,pf_v2_aigc_h07-deep-bending-picking-up-items,pf_v2_aigc_h07-deep-bending-picking-up-items,0,hard_negative,protocol_failure,,,true,false,false,false,1,1.616168,false,json_parse_failure: Expecting value: line 1 column 1 (char 0)
IMG_003764,4e2129d39ced0b8e46b950449cd4ad48a5fa5bfc7391129916c226441a2ef9de,DEV,pf_v2_aigc_h07-deep-bending-picking-up-items,pf_v2_aigc_h07-deep-bending-picking-up-items,0,hard_negative,protocol_failure,,,true,false,false,false,1,1.792549,false,json_parse_failure: Expecting value: line 1 column 1 (char 0)
IMG_003765,73297f5338a958b2cbfb7d2852f21215f4f3c2796efdd1c0d411aca59420b63c,DEV,pf_v2_aigc_h07-deep-bending-picking-up-items,pf_v2_aigc_h07-deep-bending-picking-up-items,0,hard_negative,protocol_failure,,,true,false,false,false,1,1.639145,false,json_parse_failure: Expecting value: line 1 column 1 (char 0)
IMG_003766,bc4efb01b55985b35af985f38408d386d11cfd7fd11f6a739d781c11df2a5519,DEV,pf_v2_aigc_h07-deep-bending-picking-up-items,pf_v2_aigc_h07-deep-bending-picking-up-items,0,hard_negative,protocol_failure,,,true,false,false,false,1,1.742987,false,json_parse_failure: Expecting value: line 1 column 1 (char 0)
IMG_003767,831c2c6bfb1688043d0446b34aafb679bf35a3f31111dcd322a6256278fdef1d,DEV,pf_v2_aigc_h07-deep-bending-picking-up-items,pf_v2_aigc_h07-deep-bending-picking-up-items,0,hard_negative,protocol_failure,,,true,false,false,false,1,1.873388,false,json_parse_failure: Expecting value: line 1 column 1 (char 0)
IMG_003768,79425afdceda6470c49498d375bdeb97e3b0ec24b6a4362771a0071f0c98f474,DEV,pf_v2_aigc_h07-deep-bending-picking-up-items,pf_v2_aigc_h07-deep-bending-picking-up-items,0,hard_negative,protocol_failure,,,true,false,false,false,1,1.593096,false,json_parse_failure: Expecting value: line 1 column 1 (char 0)
IMG_003769,eb3a93d5001918d6667baef0276e5a9ab6386e2d4e3a911e3bfb5b11e7990f18,DEV,pf_v2_aigc_h07-deep-bending-picking-up-items,pf_v2_aigc_h07-deep-bending-picking-up-items,0,hard_negative,protocol_failure,,,true,false,false,false,1,1.704734,false,json_parse_failure: Expecting value: line 1 column 1 (char 0)
IMG_003770,31e8875b4138b283db834f0e157c46911c3afc0b6a3e61e4dade64dc5ae0b9dd,DEV,pf_v2_aigc_h07-deep-bending-picking-up-items,pf_v2_aigc_h07-deep-bending-picking-up-items,0,hard_negative,protocol_failure,,,true,false,false,false,1,1.677110,false,json_parse_failure: Expecting value: line 1 column 1 (char 0)
IMG_004017,f1b5913e989719018e6e4aaa961deeb9ff74526f6a8e219894b2361843fb3f7d,DEV,pf_v2_aigc_p04-prone-on-floor,pf_v2_aigc_p04-prone-on-floor,1,positive,protocol_failure,,,true,false,false,false,1,1.503367,false,json_parse_failure: Expecting value: line 1 column 1 (char 0)
IMG_003771,7972361e975c8ecd25f7e1913a677d6a3a4398700459712f51f483a610003079,DEV,pf_v2_aigc_h07-deep-bending-picking-up-items,pf_v2_aigc_h07-deep-bending-picking-up-items,0,hard_negative,protocol_failure,,,true,false,false,false,1,1.800556,false,json_parse_failure: Expecting value: line 1 column 1 (char 0)
IMG_003772,f04fb21225a9ff7f6c6452c2b9958413bffe162dafc13672883e5f8b88f90b19,DEV,pf_v2_aigc_h08-deep-bending-picking-up-items,pf_v2_aigc_h08-deep-bending-picking-up-items,0,hard_negative,protocol_failure,,,true,false,false,false,1,1.781348,false,json_parse_failure: Expecting value: line 1 column 1 (char 0)
IMG_003773,4b1351f2a093e5e070086aba2464c9f523abb19afe101a9b27134d10c88311a2,DEV,pf_v2_aigc_h08-deep-bending-picking-up-items,pf_v2_aigc_h08-deep-bending-picking-up-items,0,hard_negative,protocol_failure,,,true,false,false,false,1,1.645302,false,json_parse_failure: Expecting value: line 1 column 1 (char 0)
IMG_003774,21a12c82ab225ee00d3c587a42019afc9d9f89044201cc7d65d40a513e89779a,DEV,pf_v2_aigc_h08-deep-bending-picking-up-items,pf_v2_aigc_h08-deep-bending-picking-up-items,0,hard_negative,protocol_failure,,,true,false,false,false,1,1.591451,false,json_parse_failure: Expecting value: line 1 column 1 (char 0)
IMG_003775,4af3beb43796a537b6d2a6b06b4cdee75b0dfaf302f41b74ac9c42815cb454d2,DEV,pf_v2_aigc_h08-deep-bending-picking-up-items,pf_v2_aigc_h08-deep-bending-picking-up-items,0,hard_negative,protocol_failure,,,true,false,false,false,1,1.746387,false,json_parse_failure: Expecting value: line 1 column 1 (char 0)
IMG_003776,684d51921547237aa0163f511155f18a911860610defed850f7af3353bdd43a7,DEV,pf_v2_aigc_h08-deep-bending-picking-up-items,pf_v2_aigc_h08-deep-bending-picking-up-items,0,hard_negative,protocol_failure,,,true,false,false,false,1,1.850101,false,json_parse_failure: Expecting value: line 1 column 1 (char 0)
IMG_003777,5ed852acfb613f62d806ae9387a129a8441078e95bf98a8681a85b2019d7c1ff,DEV,pf_v2_aigc_h08-deep-bending-picking-up-items,pf_v2_aigc_h08-deep-bending-picking-up-items,0,hard_negative,protocol_failure,,,true,false,false,false,1,1.867763,false,json_parse_failure: Expecting value: line 1 column 1 (char 0)
IMG_003778,98746b30c8fb3d5defaae1cabb25c4d708a6c9ba8306a1785888431a99b2e8f9,DEV,pf_v2_aigc_h08-deep-bending-picking-up-items,pf_v2_aigc_h08-deep-bending-picking-up-items,0,hard_negative,protocol_failure,,,true,false,false,false,1,1.560954,false,json_parse_failure: Expecting value: line 1 column 1 (char 0)
IMG_003779,9b9c53476c8f197ebb4c7069c8ffa54f1a72385f8db028076dd3824d0888e142,DEV,pf_v2_aigc_h08-deep-bending-picking-up-items,pf_v2_aigc_h08-deep-bending-picking-up-items,0,hard_negative,protocol_failure,,,true,false,false,false,1,1.594663,false,json_parse_failure: Expecting value: line 1 column 1 (char 0)
IMG_003780,3ca6ded7e9efd01403f5f564bf3bbaa2ce7cc53a9e4d4c9c5327c6e862dd35ae,DEV,pf_v2_aigc_h08-deep-bending-picking-up-items,pf_v2_aigc_h08-deep-bending-picking-up-items,0,hard_negative,protocol_failure,,,true,false,false,false,1,1.694448,false,json_parse_failure: Expecting value: line 1 column 1 (char 0)
IMG_004018,0e1ff5321d28285e1d16e15fa827f563e8337975bbab243c95ab0921a4a035d0,DEV,pf_v2_aigc_p04-prone-on-floor,pf_v2_aigc_p04-prone-on-floor,1,positive,protocol_failure,,,true,false,false,false,1,1.471821,false,json_parse_failure: Expecting value: line 1 column 1 (char 0)
IMG_003781,bddb297fd24794a0fb12903c66b06983947d457f7cd37306d8b8b8cada0f3978,DEV,pf_v2_aigc_h08-deep-bending-picking-up-items,pf_v2_aigc_h08-deep-bending-picking-up-items,0,hard_negative,protocol_failure,,,true,false,false,false,1,1.702789,false,json_parse_failure: Expecting value: line 1 column 1 (char 0)
IMG_003782,44e8623e2ad766479925476c92fbab18bc3c1e7ba9e45c5654134bc13c936f2c,DEV,pf_v2_aigc_h09-exercise-push-up-plank,pf_v2_aigc_h09-exercise-push-up-plank,0,hard_negative,protocol_failure,,,true,false,false,false,1,1.590407,false,json_parse_failure: Expecting value: line 1 column 1 (char 0)
IMG_003783,7dedf3f76b5dee1261b3a17ffca7cddd821fba988c617c2009b9040b935b1821,DEV,pf_v2_aigc_h09-exercise-push-up-plank,pf_v2_aigc_h09-exercise-push-up-plank,0,hard_negative,protocol_failure,,,true,false,false,false,1,1.630628,false,json_parse_failure: Expecting value: line 1 column 1 (char 0)
IMG_003784,fe68b7260d64c41240854528bd9b8288ee9273426440d9565c628b7b96b5d279,DEV,pf_v2_aigc_h09-exercise-push-up-plank,pf_v2_aigc_h09-exercise-push-up-plank,0,hard_negative,protocol_failure,,,true,false,false,false,1,1.609769,false,json_parse_failure: Expecting value: line 1 column 1 (char 0)
IMG_003785,a77070411d9ef6b04478c49bacf57f784dccc1ec7c4ba101221f19a027028dec,DEV,pf_v2_aigc_h09-exercise-push-up-plank,pf_v2_aigc_h09-exercise-push-up-plank,0,hard_negative,protocol_failure,,,true,false,false,false,1,1.660904,false,json_parse_failure: Expecting value: line 1 column 1 (char 0)
IMG_003786,f7e3f93d49290d8262bf2f119da7e4d34e03675776f035ed52eb7b863efcd793,DEV,pf_v2_aigc_h09-exercise-push-up-plank,pf_v2_aigc_h09-exercise-push-up-plank,0,hard_negative,protocol_failure,,,true,false,false,false,1,1.714897,false,json_parse_failure: Expecting value: line 1 column 1 (char 0)
IMG_003787,4b03baae4546eb6f47fb73a16830c7a1ba949f331babc98b0bbccba0c05b7c11,DEV,pf_v2_aigc_h09-exercise-push-up-plank,pf_v2_aigc_h09-exercise-push-up-plank,0,hard_negative,protocol_failure,,,true,false,false,false,1,1.570477,false,json_parse_failure: Expecting value: line 1 column 1 (char 0)
IMG_003788,4708f5506f9bc32adfa05ccf4926c76a7841034d02e658a652a832c7cb4a4adc,DEV,pf_v2_aigc_h09-exercise-push-up-plank,pf_v2_aigc_h09-exercise-push-up-plank,0,hard_negative,protocol_failure,,,true,false,false,false,1,1.648553,false,json_parse_failure: Expecting value: line 1 column 1 (char 0)
IMG_003789,21f4286a344ea0ac02c3f5ce64d9873282b0e088c68b5f15cb1aaee753ab9c96,DEV,pf_v2_aigc_h09-exercise-push-up-plank,pf_v2_aigc_h09-exercise-push-up-plank,0,hard_negative,protocol_failure,,,true,false,false,false,1,1.589556,false,json_parse_failure: Expecting value: line 1 column 1 (char 0)
IMG_003790,f1247d624540a5c7d88d0ec34acd267160c564003bea77c3aae1df5cfcafe50b,DEV,pf_v2_aigc_h09-exercise-push-up-plank,pf_v2_aigc_h09-exercise-push-up-plank,0,hard_negative,protocol_failure,,,true,false,false,false,1,1.526583,false,json_parse_failure: Expecting value: line 1 column 1 (char 0)
IMG_004019,0b287efdfc3024b27a31b7ea34b57c0bb430c8ec44d51c7e3d7ba4d1866d5a88,DEV,pf_v2_aigc_p04-prone-on-floor,pf_v2_aigc_p04-prone-on-floor,1,positive,protocol_failure,,,true,false,false,false,1,1.492218,false,json_parse_failure: Expecting value: line 1 column 1 (char 0)
IMG_003791,38734fed0f3668e0742c0ab92ea498ec156e09d8300ecf9c3c49cc36154805b7,DEV,pf_v2_aigc_h09-exercise-push-up-plank,pf_v2_aigc_h09-exercise-push-up-plank,0,hard_negative,protocol_failure,,,true,false,false,false,1,1.617455,false,json_parse_failure: Expecting value: line 1 column 1 (char 0)
IMG_003792,89f0c6b751a3fc4538d934f18cbf75abc3b6719bcade4b0b531c203e44d721c3,DEV,pf_v2_aigc_h10-exercise-push-up-plank,pf_v2_aigc_h10-exercise-push-up-plank,0,hard_negative,protocol_failure,,,true,false,false,false,1,1.601757,false,json_parse_failure: Expecting value: line 1 column 1 (char 0)
IMG_003793,3e4d7e5fe90a8a30bf63a219aa6473320f0776546f99aee49410053e6c32e758,DEV,pf_v2_aigc_h10-exercise-push-up-plank,pf_v2_aigc_h10-exercise-push-up-plank,0,hard_negative,protocol_failure,,,true,false,false,false,1,1.664840,false,json_parse_failure: Expecting value: line 1 column 1 (char 0)
IMG_003794,5fde9a687c2d7bab3e19ccc3071680f7ba5a21eaa665cb144f86ab38ab1ab627,DEV,pf_v2_aigc_h10-exercise-push-up-plank,pf_v2_aigc_h10-exercise-push-up-plank,0,hard_negative,protocol_failure,,,true,false,false,false,1,1.672586,false,json_parse_failure: Expecting value: line 1 column 1 (char 0)
IMG_003795,703e735086d99182053612c80c9c6ea191cce537dfeb1d2c61626e6efb394b1b,DEV,pf_v2_aigc_h10-exercise-push-up-plank,pf_v2_aigc_h10-exercise-push-up-plank,0,hard_negative,protocol_failure,,,true,false,false,false,1,1.487905,false,json_parse_failure: Expecting value: line 1 column 1 (char 0)
IMG_003796,57174e902bab4a4d1477fdb6ec7ffa0c7a7458cf89db796153745afe4ffbb19c,DEV,pf_v2_aigc_h10-exercise-push-up-plank,pf_v2_aigc_h10-exercise-push-up-plank,0,hard_negative,protocol_failure,,,true,false,false,false,1,1.625570,false,json_parse_failure: Expecting value: line 1 column 1 (char 0)
IMG_003797,b9a1657ef4ebf2367368ce7885465511ce790a08431195cf4714d84018599f74,DEV,pf_v2_aigc_h10-exercise-push-up-plank,pf_v2_aigc_h10-exercise-push-up-plank,0,hard_negative,protocol_failure,,,true,false,false,false,1,1.542319,false,json_parse_failure: Expecting value: line 1 column 1 (char 0)
IMG_003798,fd83f0b1328d4a65b2fd7492af0781dcc050a19361b41e7a19d46a9630fff142,DEV,pf_v2_aigc_h10-exercise-push-up-plank,pf_v2_aigc_h10-exercise-push-up-plank,0,hard_negative,protocol_failure,,,true,false,false,false,1,1.500440,false,json_parse_failure: Expecting value: line 1 column 1 (char 0)
IMG_003799,1c9d75f4a8dfc096708c8977808fe92a4f8a9cca8ef2b3b140770ba7d4b5c60f,DEV,pf_v2_aigc_h10-exercise-push-up-plank,pf_v2_aigc_h10-exercise-push-up-plank,0,hard_negative,protocol_failure,,,true,false,false,false,1,1.759860,false,json_parse_failure: Expecting value: line 1 column 1 (char 0)
IMG_003800,d687192e8099815b736d2f895e63bfa75411bb0b7585600eaa1dc22edd2978d4,DEV,pf_v2_aigc_h10-exercise-push-up-plank,pf_v2_aigc_h10-exercise-push-up-plank,0,hard_negative,protocol_failure,,,true,false,false,false,1,1.488729,false,json_parse_failure: Expecting value: line 1 column 1 (char 0)
IMG_004020,d773a98449579e05400caa96f3404a34bee9c963473ba701f36540506ec3c914,DEV,pf_v2_aigc_p04-prone-on-floor,pf_v2_aigc_p04-prone-on-floor,1,positive,protocol_failure,,,true,false,false,false,1,1.470819,false,json_parse_failure: Expecting value: line 1 column 1 (char 0)
IMG_003801,4d7aa71171de2ca38a44896049251c1dbf4395c8907cb6e4cd169e9356424456,DEV,pf_v2_aigc_h10-exercise-push-up-plank,pf_v2_aigc_h10-exercise-push-up-plank,0,hard_negative,protocol_failure,,,true,false,false,false,1,1.559373,false,json_parse_failure: Expecting value: line 1 column 1 (char 0)
IMG_003802,cac451940fc64ddced44b15628f08b7618922521d8da412d5deaedadf876a3a2,DEV,pf_v2_aigc_h11-crawling-under-equipment-inspection,pf_v2_aigc_h11-crawling-under-equipment-inspection,0,hard_negative,protocol_failure,,,true,false,false,false,1,1.398652,false,json_parse_failure: Expecting value: line 1 column 1 (char 0)
IMG_003803,ef729088133e5ad62aad99296acd23ad386b3cdcfb2531a05fd42e3761149ea0,DEV,pf_v2_aigc_h11-crawling-under-equipment-inspection,pf_v2_aigc_h11-crawling-under-equipment-inspection,0,hard_negative,protocol_failure,,,true,false,false,false,1,1.664867,false,json_parse_failure: Expecting value: line 1 column 1 (char 0)
IMG_003804,1db53aef77ba24f7d2cd4f78fe254555ec844ac3258796d8cd88825b7d1b0f1d,DEV,pf_v2_aigc_h11-crawling-under-equipment-inspection,pf_v2_aigc_h11-crawling-under-equipment-inspection,0,hard_negative,protocol_failure,,,true,false,false,false,1,1.595074,false,json_parse_failure: Expecting value: line 1 column 1 (char 0)
IMG_003805,4abbcee850e7c6b0ed6e043cae4a10892e5502f0705fd8bf2bce014ee8ad9c27,DEV,pf_v2_aigc_h11-crawling-under-equipment-inspection,pf_v2_aigc_h11-crawling-under-equipment-inspection,0,hard_negative,protocol_failure,,,true,false,false,false,1,1.477024,false,json_parse_failure: Expecting value: line 1 column 1 (char 0)
IMG_003806,8820768b55dd9b07c8d0589459ca0a8e5ee5404ee710ad1930f0084083825031,DEV,pf_v2_aigc_h11-crawling-under-equipment-inspection,pf_v2_aigc_h11-crawling-under-equipment-inspection,0,hard_negative,protocol_failure,,,true,false,false,false,1,1.530950,false,json_parse_failure: Expecting value: line 1 column 1 (char 0)
IMG_003807,4e023daecd3b5953c668f2e9da36cc495d266016b85340172fac47ecd98715b1,DEV,pf_v2_aigc_h11-crawling-under-equipment-inspection,pf_v2_aigc_h11-crawling-under-equipment-inspection,0,hard_negative,protocol_failure,,,true,false,false,false,1,1.893519,false,json_parse_failure: Expecting value: line 1 column 1 (char 0)
IMG_003808,209808e39feff002661292876bd8f31539dcefb64653374cb63e4ede8437cf9e,DEV,pf_v2_aigc_h11-crawling-under-equipment-inspection,pf_v2_aigc_h11-crawling-under-equipment-inspection,0,hard_negative,protocol_failure,,,true,false,false,false,1,1.512578,false,json_parse_failure: Expecting value: line 1 column 1 (char 0)
IMG_003809,06415ce063427d056e000e1530439daae92a6f45181f587e1672d2585c20ad55,DEV,pf_v2_aigc_h11-crawling-under-equipment-inspection,pf_v2_aigc_h11-crawling-under-equipment-inspection,0,hard_negative,protocol_failure,,,true,false,false,false,1,1.523480,false,json_parse_failure: Expecting value: line 1 column 1 (char 0)
IMG_003810,9bdccc82d49745c8bbacebf0606e6b4383e9e62829d105a7d8a6a4128f79ebaf,DEV,pf_v2_aigc_h11-crawling-under-equipment-inspection,pf_v2_aigc_h11-crawling-under-equipment-inspection,0,hard_negative,protocol_failure,,,true,false,false,false,1,1.558723,false,json_parse_failure: Expecting value: line 1 column 1 (char 0)
IMG_004021,38d1d21b30b887accd43d41597b0a96be07060130854671098423feb919a1d43,DEV,pf_v2_aigc_p04-prone-on-floor,pf_v2_aigc_p04-prone-on-floor,1,positive,protocol_failure,,,true,false,false,false,1,1.505203,false,json_parse_failure: Expecting value: line 1 column 1 (char 0)
IMG_003811,d32e9013a0df3097fd0c3d9613f5fa347bbbea3c542225f88ff571cb61a42c38,DEV,pf_v2_aigc_h11-crawling-under-equipment-inspection,pf_v2_aigc_h11-crawling-under-equipment-inspection,0,hard_negative,protocol_failure,,,true,false,false,false,1,1.516545,false,json_parse_failure: Expecting value: line 1 column 1 (char 0)
IMG_003812,52dacbf848906973e13a5dacfd50474d2baabb5751a71e938d316f47c0269aa0,VAL,pf_v2_aigc_h12-crawling-under-equipment-inspection,pf_v2_aigc_h12-crawling-under-equipment-inspection,0,hard_negative,protocol_failure,,,true,false,false,false,1,2.057693,false,json_parse_failure: Expecting value: line 1 column 1 (char 0)
IMG_003813,1060a050b89a8a175bf95ad7d5af45b192fd2259c56e9733d6f19b5eb349b1e6,VAL,pf_v2_aigc_h12-crawling-under-equipment-inspection,pf_v2_aigc_h12-crawling-under-equipment-inspection,0,hard_negative,protocol_failure,,,true,false,false,false,1,1.767941,false,json_parse_failure: Expecting value: line 1 column 1 (char 0)
IMG_003814,2cc830e9749cd5eaedf44f02f3810a55ce3928fc243a0a99b0e8bbef93246992,VAL,pf_v2_aigc_h12-crawling-under-equipment-inspection,pf_v2_aigc_h12-crawling-under-equipment-inspection,0,hard_negative,protocol_failure,,,true,false,false,false,1,1.488348,false,json_parse_failure: Expecting value: line 1 column 1 (char 0)
IMG_003815,58c5667aefe82b6bfe21b7d6c5037c9a804dffdbd234cf015f799e11b2626454,VAL,pf_v2_aigc_h12-crawling-under-equipment-inspection,pf_v2_aigc_h12-crawling-under-equipment-inspection,0,hard_negative,protocol_failure,,,true,false,false,false,1,1.668648,false,json_parse_failure: Expecting value: line 1 column 1 (char 0)
IMG_003816,6cba94f1515684b6125b8651135ff1ff55cf9fdb2455c268a317b6f39890acca,VAL,pf_v2_aigc_h12-crawling-under-equipment-inspection,pf_v2_aigc_h12-crawling-under-equipment-inspection,0,hard_negative,protocol_failure,,,true,false,false,false,1,1.403866,false,json_parse_failure: Expecting value: line 1 column 1 (char 0)
IMG_003817,adf62563a50e71af40d77d9a800e13865f73304b1f7546db91499e1e821e6a93,VAL,pf_v2_aigc_h12-crawling-under-equipment-inspection,pf_v2_aigc_h12-crawling-under-equipment-inspection,0,hard_negative,protocol_failure,,,true,false,false,false,1,1.558345,false,json_parse_failure: Expecting value: line 1 column 1 (char 0)
IMG_003818,257a990dc10932772e9899ee9ce8a1638fc614b2859943b4589b991e522b6214,VAL,pf_v2_aigc_h12-crawling-under-equipment-inspection,pf_v2_aigc_h12-crawling-under-equipment-inspection,0,hard_negative,protocol_failure,,,true,false,false,false,1,1.741045,false,json_parse_failure: Expecting value: line 1 column 1 (char 0)
IMG_003819,996236a1b74dcfde44a2d2a1909a1cc77f3e7065b57bb0780c01846acabd044c,VAL,pf_v2_aigc_h12-crawling-under-equipment-inspection,pf_v2_aigc_h12-crawling-under-equipment-inspection,0,hard_negative,protocol_failure,,,true,false,false,false,1,1.521420,false,json_parse_failure: Expecting value: line 1 column 1 (char 0)
IMG_003820,13c3bf3840d3399f6ad13d068963abf376766e7977c5661bdb7cdf93764bdb12,VAL,pf_v2_aigc_h12-crawling-under-equipment-inspection,pf_v2_aigc_h12-crawling-under-equipment-inspection,0,hard_negative,protocol_failure,,,true,false,false,false,1,1.741791,false,json_parse_failure: Expecting value: line 1 column 1 (char 0)
IMG_004022,2a56166420080f6334e879608539170bdb9c06953e57519f7df004838705a3e2,DEV,pf_v2_aigc_p05-side-lying-on-floor,pf_v2_aigc_p05-side-lying-on-floor,1,positive,protocol_failure,,,true,false,false,false,1,1.576383,false,json_parse_failure: Expecting value: line 1 column 1 (char 0)
IMG_003821,b0aff707e4a2f6cd126e256924de2c81ff4a24a82c42c26a20710d8f9a2fd047,VAL,pf_v2_aigc_h12-crawling-under-equipment-inspection,pf_v2_aigc_h12-crawling-under-equipment-inspection,0,hard_negative,protocol_failure,,,true,false,false,false,1,1.456363,false,json_parse_failure: Expecting value: line 1 column 1 (char 0)
IMG_003822,46f6c7a99ea910f38b01fd662f77f2ed0a3e7eb28f481889041aa902ea650162,VAL,pf_v2_aigc_h13-normal-lying-on-bed,pf_v2_aigc_h13-normal-lying-on-bed,0,hard_negative,protocol_failure,,,true,false,false,false,1,1.638534,false,json_parse_failure: Expecting value: line 1 column 1 (char 0)
IMG_003823,c3b8158da16440a5e8486b6bb5d61241b17ecb20a5d9eaf0c0c286df543edcac,VAL,pf_v2_aigc_h13-normal-lying-on-bed,pf_v2_aigc_h13-normal-lying-on-bed,0,hard_negative,protocol_failure,,,true,false,false,false,1,1.491371,false,json_parse_failure: Expecting value: line 1 column 1 (char 0)
IMG_003824,c8062dec19242123c02dd2eb19de0e10210819a653974741663ea10855938af2,VAL,pf_v2_aigc_h13-normal-lying-on-bed,pf_v2_aigc_h13-normal-lying-on-bed,0,hard_negative,protocol_failure,,,true,false,false,false,1,1.695181,false,json_parse_failure: Expecting value: line 1 column 1 (char 0)
IMG_003825,c9e7f1f277b76a18474b1c9d4a28fff8a629341c530a542b484c00092095551d,VAL,pf_v2_aigc_h13-normal-lying-on-bed,pf_v2_aigc_h13-normal-lying-on-bed,0,hard_negative,protocol_failure,,,true,false,false,false,1,1.669945,false,json_parse_failure: Expecting value: line 1 column 1 (char 0)
IMG_003826,60d450dcb20ee65c339dfe8ae9af55afcba6e42d11738af332a85a1d48d8dc94,VAL,pf_v2_aigc_h13-normal-lying-on-bed,pf_v2_aigc_h13-normal-lying-on-bed,0,hard_negative,protocol_failure,,,true,false,false,false,1,1.515608,false,json_parse_failure: Expecting value: line 1 column 1 (char 0)
IMG_003827,4eb0f59edac1bb39a44d99a0d4fed42836c0820281a37c15c380473cf88c13af,VAL,pf_v2_aigc_h13-normal-lying-on-bed,pf_v2_aigc_h13-normal-lying-on-bed,0,hard_negative,protocol_failure,,,true,false,false,false,1,1.665286,false,json_parse_failure: Expecting value: line 1 column 1 (char 0)
IMG_003828,8f136aac3578b0bd02044d60e08d340715e5d45eb426dcbc9ec287d0ea281233,VAL,pf_v2_aigc_h13-normal-lying-on-bed,pf_v2_aigc_h13-normal-lying-on-bed,0,hard_negative,protocol_failure,,,true,false,false,false,1,1.631300,false,json_parse_failure: Expecting value: line 1 column 1 (char 0)
IMG_003829,fe1fb50671627bf0006826be2bf62ce7d0324a39637948470ec730c629436747,VAL,pf_v2_aigc_h13-normal-lying-on-bed,pf_v2_aigc_h13-normal-lying-on-bed,0,hard_negative,protocol_failure,,,true,false,false,false,1,1.513067,false,json_parse_failure: Expecting value: line 1 column 1 (char 0)
IMG_003830,bd82558ae84a060f0dca6df86e2de9384f62ce55df932edfc9a8fdd16fcc9ef3,VAL,pf_v2_aigc_h13-normal-lying-on-bed,pf_v2_aigc_h13-normal-lying-on-bed,0,hard_negative,protocol_failure,,,true,false,false,false,1,1.605399,false,json_parse_failure: Expecting value: line 1 column 1 (char 0)
IMG_004023,c3e644298d54499a3202d20f1f667081fe45ef7900eff0951afcbd2e1c73dfcd,DEV,pf_v2_aigc_p05-side-lying-on-floor,pf_v2_aigc_p05-side-lying-on-floor,1,positive,protocol_failure,,,true,false,false,false,1,1.503899,false,json_parse_failure: Expecting value: line 1 column 1 (char 0)
IMG_003831,f2cdd1e876695c0f778dd80e7aaf3bf1f6fde24df4fb7a0c6c3f58e70096228c,VAL,pf_v2_aigc_h13-normal-lying-on-bed,pf_v2_aigc_h13-normal-lying-on-bed,0,hard_negative,protocol_failure,,,true,false,false,false,1,1.599445,false,json_parse_failure: Expecting value: line 1 column 1 (char 0)
IMG_003832,1f879755c890c0c9cbc47966b6e2625af4567e4eae49a1f6b96979cd18749052,VAL,pf_v2_aigc_h14-normal-lying-on-bed,pf_v2_aigc_h14-normal-lying-on-bed,0,hard_negative,protocol_failure,,,true,false,false,false,1,1.795865,false,json_parse_failure: Expecting value: line 1 column 1 (char 0)
IMG_003833,0d37a5dd98879d0030be0f39e6eff68f134550cfd5af9679fe58a0f95b9cce47,VAL,pf_v2_aigc_h14-normal-lying-on-bed,pf_v2_aigc_h14-normal-lying-on-bed,0,hard_negative,protocol_failure,,,true,false,false,false,1,1.522828,false,json_parse_failure: Expecting value: line 1 column 1 (char 0)
IMG_003834,b458f966197df7ac523823bc947830fc050d9cc9ea1ae24ffdf74204f330170a,VAL,pf_v2_aigc_h14-normal-lying-on-bed,pf_v2_aigc_h14-normal-lying-on-bed,0,hard_negative,protocol_failure,,,true,false,false,false,1,1.512516,false,json_parse_failure: Expecting value: line 1 column 1 (char 0)
IMG_003835,60ef0ac470b590898e537f1158b8576a7f1c4d242d274a8e2f4d0c3b05319654,VAL,pf_v2_aigc_h14-normal-lying-on-bed,pf_v2_aigc_h14-normal-lying-on-bed,0,hard_negative,protocol_failure,,,true,false,false,false,1,1.475080,false,json_parse_failure: Expecting value: line 1 column 1 (char 0)
IMG_003836,aa5b0709cfa39bec15a3ed7c1d4e77727a612281b27099e30089b12f697b8e1a,VAL,pf_v2_aigc_h14-normal-lying-on-bed,pf_v2_aigc_h14-normal-lying-on-bed,0,hard_negative,protocol_failure,,,true,false,false,false,1,1.513348,false,json_parse_failure: Expecting value: line 1 column 1 (char 0)
IMG_003837,3549021aef62c2c5676b3262f0aafd3e1075636d4a8443c60898d420de45d8a4,VAL,pf_v2_aigc_h14-normal-lying-on-bed,pf_v2_aigc_h14-normal-lying-on-bed,0,hard_negative,protocol_failure,,,true,false,false,false,1,1.579334,false,json_parse_failure: Expecting value: line 1 column 1 (char 0)
IMG_003838,3e68c7b0b82d6437ea1fe4e9fbef1d4099730cfa50bf2d28f5e6b63caa25f908,VAL,pf_v2_aigc_h14-normal-lying-on-bed,pf_v2_aigc_h14-normal-lying-on-bed,0,hard_negative,protocol_failure,,,true,false,false,false,1,1.582436,false,json_parse_failure: Expecting value: line 1 column 1 (char 0)
IMG_003839,98af917191392b811fd9e2e1a9146ccdd8238b52c1405276695f3316ff156df4,VAL,pf_v2_aigc_h14-normal-lying-on-bed,pf_v2_aigc_h14-normal-lying-on-bed,0,hard_negative,protocol_failure,,,true,false,false,false,1,1.706979,false,json_parse_failure: Expecting value: line 1 column 1 (char 0)
IMG_003840,9577e3f84bec3724324d2655a020e6f55403ed9cf1a46cae4d389ffd3e55b9d1,VAL,pf_v2_aigc_h14-normal-lying-on-bed,pf_v2_aigc_h14-normal-lying-on-bed,0,hard_negative,protocol_failure,,,true,false,false,false,1,1.590734,false,json_parse_failure: Expecting value: line 1 column 1 (char 0)
IMG_004024,27ab8404612d800fa1e25c2b6dfaab48a4dea15df2e9946e3a192a8ac2dff522,DEV,pf_v2_aigc_p05-side-lying-on-floor,pf_v2_aigc_p05-side-lying-on-floor,1,positive,protocol_failure,,,true,false,false,false,1,1.511547,false,json_parse_failure: Expecting value: line 1 column 1 (char 0)
IMG_003841,32cbd3b84dcb717cb22c14e8c0a1089420313605dab4d481e758fec3e7dcb78c,VAL,pf_v2_aigc_h14-normal-lying-on-bed,pf_v2_aigc_h14-normal-lying-on-bed,0,hard_negative,protocol_failure,,,true,false,false,false,1,3.517867,false,json_parse_failure: Expecting value: line 1 column 1 (char 0)
IMG_003842,4c4513995584aae794805f837a42ebacef2f35e2067881081042c9881a6b9c58,VAL,pf_v2_aigc_h15-normal-lying-on-sofa-or-recliner,pf_v2_aigc_h15-normal-lying-on-sofa-or-recliner,0,hard_negative,protocol_failure,,,true,false,false,false,1,1.490678,false,json_parse_failure: Expecting value: line 1 column 1 (char 0)
IMG_003843,34fbf5f7d21a4e5ab060526c9d40495bf2224373886d7741bce9ad7d446ab2ed,VAL,pf_v2_aigc_h15-normal-lying-on-sofa-or-recliner,pf_v2_aigc_h15-normal-lying-on-sofa-or-recliner,0,hard_negative,protocol_failure,,,true,false,false,false,1,1.628994,false,json_parse_failure: Expecting value: line 1 column 1 (char 0)
IMG_003844,a431e3f73a598c7ab8ceb4c4b8a4665afcb49728fb40ec498d903fcc4b33ce3b,VAL,pf_v2_aigc_h15-normal-lying-on-sofa-or-recliner,pf_v2_aigc_h15-normal-lying-on-sofa-or-recliner,0,hard_negative,protocol_failure,,,true,false,false,false,1,1.561883,false,json_parse_failure: Expecting value: line 1 column 1 (char 0)
IMG_003845,965273fb442a82450c2da366e22648a4b2900170943e4f915e570b8a82a1125a,VAL,pf_v2_aigc_h15-normal-lying-on-sofa-or-recliner,pf_v2_aigc_h15-normal-lying-on-sofa-or-recliner,0,hard_negative,protocol_failure,,,true,false,false,false,1,1.493472,false,json_parse_failure: Expecting value: line 1 column 1 (char 0)
IMG_003846,7ba099da8a7bd707833fc1c1c6100e824bbbb2cfac01112476ef5fae4947da45,VAL,pf_v2_aigc_h15-normal-lying-on-sofa-or-recliner,pf_v2_aigc_h15-normal-lying-on-sofa-or-recliner,0,hard_negative,protocol_failure,,,true,false,false,false,1,1.556173,false,json_parse_failure: Expecting value: line 1 column 1 (char 0)
IMG_003847,d7502e188ce03a477fe78877b55ac552b8f1a8f6368bdaac687940e6f3d8eea3,VAL,pf_v2_aigc_h15-normal-lying-on-sofa-or-recliner,pf_v2_aigc_h15-normal-lying-on-sofa-or-recliner,0,hard_negative,protocol_failure,,,true,false,false,false,1,2.815230,false,json_parse_failure: Expecting value: line 1 column 1 (char 0)
IMG_003848,94a8e171cf5bb824c72eb84d510654101b8ae1e27a4dac2da7077d92b98a7406,VAL,pf_v2_aigc_h15-normal-lying-on-sofa-or-recliner,pf_v2_aigc_h15-normal-lying-on-sofa-or-recliner,0,hard_negative,protocol_failure,,,true,false,false,false,1,1.411609,false,json_parse_failure: Expecting value: line 1 column 1 (char 0)
IMG_003849,618fcec7f36972fa4094a8d0b184794972a509eb6a945ed8fc79c5c6aa1689ae,VAL,pf_v2_aigc_h15-normal-lying-on-sofa-or-recliner,pf_v2_aigc_h15-normal-lying-on-sofa-or-recliner,0,hard_negative,protocol_failure,,,true,false,false,false,1,1.723493,false,json_parse_failure: Expecting value: line 1 column 1 (char 0)
IMG_003850,0d314b9a6a543ece3ab8175a9ef93c6745c3609b946fea7a062b120f45270b4c,VAL,pf_v2_aigc_h15-normal-lying-on-sofa-or-recliner,pf_v2_aigc_h15-normal-lying-on-sofa-or-recliner,0,hard_negative,protocol_failure,,,true,false,false,false,1,1.696046,false,json_parse_failure: Expecting value: line 1 column 1 (char 0)
IMG_004025,45e4c31209b3a7baede57f45f9dee5ca938abd06bf17e18f4135b2d72a200f6a,DEV,pf_v2_aigc_p05-side-lying-on-floor,pf_v2_aigc_p05-side-lying-on-floor,1,positive,protocol_failure,,,true,false,false,false,1,1.483374,false,json_parse_failure: Expecting value: line 1 column 1 (char 0)
IMG_003851,6cc5bac47452b51c8da4f6cc683fdf863623a5e1aa68f461f6e5e62e66465c2e,VAL,pf_v2_aigc_h15-normal-lying-on-sofa-or-recliner,pf_v2_aigc_h15-normal-lying-on-sofa-or-recliner,0,hard_negative,protocol_failure,,,true,false,false,false,1,3.082331,false,json_parse_failure: Expecting value: line 1 column 1 (char 0)
IMG_004026,bd92eda4b83fdab8da9176185c1497fe9ff75cfbc151e0e9cda00a8d9f89bc13,DEV,pf_v2_aigc_p05-side-lying-on-floor,pf_v2_aigc_p05-side-lying-on-floor,1,positive,protocol_failure,,,true,false,false,false,1,1.522600,false,json_parse_failure: Expecting value: line 1 column 1 (char 0)
IMG_004027,1aa07102c66e87fd6004b84996a0fec67f8f3abc55bed2067e96cd000bf9a0aa,DEV,pf_v2_aigc_p05-side-lying-on-floor,pf_v2_aigc_p05-side-lying-on-floor,1,positive,protocol_failure,,,true,false,false,false,1,1.471082,false,json_parse_failure: Expecting value: line 1 column 1 (char 0)
IMG_004028,bbcc10a0ae8771d24f9d903beb69eef522f8742deb28eb3bb147f8cd94d27edd,DEV,pf_v2_aigc_p05-side-lying-on-floor,pf_v2_aigc_p05-side-lying-on-floor,1,positive,protocol_failure,,,true,false,false,false,1,1.529311,false,json_parse_failure: Expecting value: line 1 column 1 (char 0)
IMG_004182,c28f0f3bc296c8b52d6e90ae7618e7aad279755f516654e31039960069cb8f37,DEV,pf_v2_aigc_u01-severely-occluded-tiny-blurry,pf_v2_aigc_u01-severely-occluded-tiny-blurry,uncertain,uncertain,protocol_failure,,,true,false,false,false,1,1.672316,,json_parse_failure: Expecting value: line 1 column 1 (char 0)
IMG_004183,dd1742034ee494f2f0de52522923f97876704ec2d7f40ccb3e4a8a4cbc091245,DEV,pf_v2_aigc_u01-severely-occluded-tiny-blurry,pf_v2_aigc_u01-severely-occluded-tiny-blurry,uncertain,uncertain,protocol_failure,,,true,false,false,false,1,1.657068,,json_parse_failure: Expecting value: line 1 column 1 (char 0)
IMG_004184,88985a656737878cc709410da4eb0fab05efb88c4de009116bf70628bb332709,DEV,pf_v2_aigc_u01-severely-occluded-tiny-blurry,pf_v2_aigc_u01-severely-occluded-tiny-blurry,uncertain,uncertain,protocol_failure,,,true,false,false,false,1,1.431390,,json_parse_failure: Expecting value: line 1 column 1 (char 0)
IMG_004185,25f2c8f537284dd7f41222b3d6be8d20bd0f509d1f7f239e3e39c40739877855,DEV,pf_v2_aigc_u01-severely-occluded-tiny-blurry,pf_v2_aigc_u01-severely-occluded-tiny-blurry,uncertain,uncertain,protocol_failure,,,true,false,false,false,1,1.503175,,json_parse_failure: Expecting value: line 1 column 1 (char 0)
IMG_004186,74577dd73f281871070dc3178943ef64b31aaf86fd5b93932cbfd36e8eef36f7,DEV,pf_v2_aigc_u01-severely-occluded-tiny-blurry,pf_v2_aigc_u01-severely-occluded-tiny-blurry,uncertain,uncertain,protocol_failure,,,true,false,false,false,1,1.480880,,json_parse_failure: Expecting value: line 1 column 1 (char 0)
IMG_004187,7e4a0770ae2ecf8cc1c8d2a4330c9623a0e1b96bf4354c3164e94cc7b16e09ea,DEV,pf_v2_aigc_u01-severely-occluded-tiny-blurry,pf_v2_aigc_u01-severely-occluded-tiny-blurry,uncertain,uncertain,protocol_failure,,,true,false,false,false,1,1.585829,,json_parse_failure: Expecting value: line 1 column 1 (char 0)
IMG_004188,b6a20d373c06d1756ded8b4bfcc563353b59d28c395efd4d5ba505cae103d1fd,DEV,pf_v2_aigc_u01-severely-occluded-tiny-blurry,pf_v2_aigc_u01-severely-occluded-tiny-blurry,uncertain,uncertain,protocol_failure,,,true,false,false,false,1,1.532243,,json_parse_failure: Expecting value: line 1 column 1 (char 0)
IMG_004189,01b250a89c0615b5a4bd6d294b490fd1e9d354b95c753a2cebb954b293094df1,DEV,pf_v2_aigc_u01-severely-occluded-tiny-blurry,pf_v2_aigc_u01-severely-occluded-tiny-blurry,uncertain,uncertain,protocol_failure,,,true,false,false,false,1,1.557116,,json_parse_failure: Expecting value: line 1 column 1 (char 0)
IMG_004190,392db083355cfc01773a3223d05f41e93f5a3dd838167b5b6a54a7ef8af149b4,DEV,pf_v2_aigc_u01-severely-occluded-tiny-blurry,pf_v2_aigc_u01-severely-occluded-tiny-blurry,uncertain,uncertain,protocol_failure,,,true,false,false,false,1,1.575894,,json_parse_failure: Expecting value: line 1 column 1 (char 0)
IMG_004029,456144ecfb646cade4916bacfb4fa3d5a43cd9dd578dbb9f021842a9b201dfb7,DEV,pf_v2_aigc_p05-side-lying-on-floor,pf_v2_aigc_p05-side-lying-on-floor,1,positive,protocol_failure,,,true,false,false,false,1,1.508886,false,json_parse_failure: Expecting value: line 1 column 1 (char 0)
IMG_004191,7c41ad0e30fb97508822f9d3439b3222742d7212c8eaa396dfe50209c240a583,DEV,pf_v2_aigc_u01-severely-occluded-tiny-blurry,pf_v2_aigc_u01-severely-occluded-tiny-blurry,uncertain,uncertain,protocol_failure,,,true,false,false,false,1,1.549837,,json_parse_failure: Expecting value: line 1 column 1 (char 0)
IMG_004192,6c3308d03bfb85ef13872b4a2e7f112a79234e20a9d59946f69409fd506295cf,DEV,pf_v2_aigc_u02-unclear-support-surface-partial-body,pf_v2_aigc_u02-unclear-support-surface-partial-body,uncertain,uncertain,protocol_failure,,,true,false,false,false,1,1.548747,,json_parse_failure: Expecting value: line 1 column 1 (char 0)
IMG_004193,ad5ccfebaccf856f079af18e0be494bdcbf9eeca99fd7deb224d08cedb4ca03b,DEV,pf_v2_aigc_u02-unclear-support-surface-partial-body,pf_v2_aigc_u02-unclear-support-surface-partial-body,uncertain,uncertain,protocol_failure,,,true,false,false,false,1,1.588649,,json_parse_failure: Expecting value: line 1 column 1 (char 0)
IMG_004194,2be33ac4a9f2bbdabf6fe5f2346839997a0d26aac19d1445af42bf4d6ba16448,DEV,pf_v2_aigc_u02-unclear-support-surface-partial-body,pf_v2_aigc_u02-unclear-support-surface-partial-body,uncertain,uncertain,protocol_failure,,,true,false,false,false,1,1.757854,,json_parse_failure: Expecting value: line 1 column 1 (char 0)
IMG_004195,7751027a80e172832764bd0b04fd0e8a453f101fb85b0fefdf0a8d7335f4a4dc,DEV,pf_v2_aigc_u02-unclear-support-surface-partial-body,pf_v2_aigc_u02-unclear-support-surface-partial-body,uncertain,uncertain,protocol_failure,,,true,false,false,false,1,1.478342,,json_parse_failure: Expecting value: line 1 column 1 (char 0)
IMG_004196,dfab34c5d36c51359e3f79cfa0d9e8c2d76f6d91044c49af74b67388bbd09c84,DEV,pf_v2_aigc_u02-unclear-support-surface-partial-body,pf_v2_aigc_u02-unclear-support-surface-partial-body,uncertain,uncertain,protocol_failure,,,true,false,false,false,1,1.565112,,json_parse_failure: Expecting value: line 1 column 1 (char 0)
IMG_004197,1bd363ac273eef3c3db4f9289e57c2526f110d0cdcb28c1447fd78025e427bf8,DEV,pf_v2_aigc_u02-unclear-support-surface-partial-body,pf_v2_aigc_u02-unclear-support-surface-partial-body,uncertain,uncertain,protocol_failure,,,true,false,false,false,1,1.601393,,json_parse_failure: Expecting value: line 1 column 1 (char 0)
IMG_004198,90a111dc0af4c91f31a1da651a1334fde32399b9c9752d6fe2f056c105406782,DEV,pf_v2_aigc_u02-unclear-support-surface-partial-body,pf_v2_aigc_u02-unclear-support-surface-partial-body,uncertain,uncertain,protocol_failure,,,true,false,false,false,1,1.474229,,json_parse_failure: Expecting value: line 1 column 1 (char 0)
IMG_004199,4ec2bd96bf61c94c874b8f0039c30fd90a0b66ed0c223eedc09294be71c1cce6,DEV,pf_v2_aigc_u02-unclear-support-surface-partial-body,pf_v2_aigc_u02-unclear-support-surface-partial-body,uncertain,uncertain,protocol_failure,,,true,false,false,false,1,1.536362,,json_parse_failure: Expecting value: line 1 column 1 (char 0)
IMG_004200,de6e0304d704194197e83db7b5f6b1c3cb1eedbe7ef008c3e5f5ec9e718bd090,DEV,pf_v2_aigc_u02-unclear-support-surface-partial-body,pf_v2_aigc_u02-unclear-support-surface-partial-body,uncertain,uncertain,protocol_failure,,,true,false,false,false,1,1.567576,,json_parse_failure: Expecting value: line 1 column 1 (char 0)
IMG_004030,62327680277259c675a6504f4dc31fb69739f19221e2a2a8e631806a19882e15,DEV,pf_v2_aigc_p05-side-lying-on-floor,pf_v2_aigc_p05-side-lying-on-floor,1,positive,protocol_failure,,,true,false,false,false,1,1.536888,false,json_parse_failure: Expecting value: line 1 column 1 (char 0)
IMG_004201,ac6398bbca6c770708577ac616f17c5d08fa679bf6bf21e17cf6f101d9b8cb21,DEV,pf_v2_aigc_u02-unclear-support-surface-partial-body,pf_v2_aigc_u02-unclear-support-surface-partial-body,uncertain,uncertain,protocol_failure,,,true,false,false,false,1,1.497395,,json_parse_failure: Expecting value: line 1 column 1 (char 0)
IMG_004031,a6c5520e3615d1510868fa7eb35ac9a4a431ad5b9c6797810db0fecb1783bd16,DEV,pf_v2_aigc_p05-side-lying-on-floor,pf_v2_aigc_p05-side-lying-on-floor,1,positive,protocol_failure,,,true,false,false,false,1,1.470817,false,json_parse_failure: Expecting value: line 1 column 1 (char 0)
IMG_004032,543366363d22efbbb907b006f3f86b877eea519fe5c6c98dad0cd699d9078b8f,DEV,pf_v2_aigc_p06-side-lying-on-floor,pf_v2_aigc_p06-side-lying-on-floor,1,positive,protocol_failure,,,true,false,false,false,1,1.516914,false,json_parse_failure: Expecting value: line 1 column 1 (char 0)
IMG_004033,9104b3c0cec7c4dc79881416cab26f85c6798fe75823c2315f7692b1b04991de,DEV,pf_v2_aigc_p06-side-lying-on-floor,pf_v2_aigc_p06-side-lying-on-floor,1,positive,protocol_failure,,,true,false,false,false,1,1.483345,false,json_parse_failure: Expecting value: line 1 column 1 (char 0)
IMG_004034,40ab0258a86ac7e8afb15911af2081069b68e301b7a5af23371b895ffa142564,DEV,pf_v2_aigc_p06-side-lying-on-floor,pf_v2_aigc_p06-side-lying-on-floor,1,positive,protocol_failure,,,true,false,false,false,1,1.401301,false,json_parse_failure: Expecting value: line 1 column 1 (char 0)
IMG_004035,6e58218f754b18cfefcf1a55867e1f9ce0beb569d3c45cecc50f06f5b4d96c11,DEV,pf_v2_aigc_p06-side-lying-on-floor,pf_v2_aigc_p06-side-lying-on-floor,1,positive,protocol_failure,,,true,false,false,false,1,1.561870,false,json_parse_failure: Expecting value: line 1 column 1 (char 0)
IMG_004036,40cd8ba87bfcbb00225de96b16624ec4872550b11252d00d3c2115e271eaadda,DEV,pf_v2_aigc_p06-side-lying-on-floor,pf_v2_aigc_p06-side-lying-on-floor,1,positive,protocol_failure,,,true,false,false,false,1,1.386256,false,json_parse_failure: Expecting value: line 1 column 1 (char 0)
IMG_004037,b4ce4b7c71ee6cd208998d8e86e0051c6af3508cc497dbee82600ef9d19ee92e,DEV,pf_v2_aigc_p06-side-lying-on-floor,pf_v2_aigc_p06-side-lying-on-floor,1,positive,protocol_failure,,,true,false,false,false,1,1.631592,false,json_parse_failure: Expecting value: line 1 column 1 (char 0)
IMG_004038,1e44db1135509a6e0df16af3d900148b4a3e959a17a1519196655ce3761a62e2,DEV,pf_v2_aigc_p06-side-lying-on-floor,pf_v2_aigc_p06-side-lying-on-floor,1,positive,protocol_failure,,,true,false,false,false,1,1.574241,false,json_parse_failure: Expecting value: line 1 column 1 (char 0)
IMG_004039,7e1dc717a13c06a582f22d3f729af0a05f6c6b3fa31fb9fa915c88f5a0f34c50,DEV,pf_v2_aigc_p06-side-lying-on-floor,pf_v2_aigc_p06-side-lying-on-floor,1,positive,protocol_failure,,,true,false,false,false,1,1.476018,false,json_parse_failure: Expecting value: line 1 column 1 (char 0)
IMG_004040,c23b8a580e2bf51df5820f66f974c76f2a7e2df2b876307aa8d74a8791cc2691,DEV,pf_v2_aigc_p06-side-lying-on-floor,pf_v2_aigc_p06-side-lying-on-floor,1,positive,protocol_failure,,,true,false,false,false,1,1.563269,false,json_parse_failure: Expecting value: line 1 column 1 (char 0)
IMG_004041,95af36458be5ba10a6c1268ff6a6389338c3afd7d31462322e7ee0a93db19282,DEV,pf_v2_aigc_p06-side-lying-on-floor,pf_v2_aigc_p06-side-lying-on-floor,1,positive,protocol_failure,,,true,false,false,false,1,1.502040,false,json_parse_failure: Expecting value: line 1 column 1 (char 0)
IMG_004042,cb3fc95186cc9c5c8dba3642c4f7c827e2db6f76e0bc774ca4877489681ba90a,DEV,pf_v2_aigc_p07-irregular-sprawled-posture,pf_v2_aigc_p07-irregular-sprawled-posture,1,positive,protocol_failure,,,true,false,false,false,1,1.485496,false,json_parse_failure: Expecting value: line 1 column 1 (char 0)
IMG_004043,a4b5e371a0c9a8426002ddcb06ff647bc733113b32d853dd1b5e8126ebd82662,DEV,pf_v2_aigc_p07-irregular-sprawled-posture,pf_v2_aigc_p07-irregular-sprawled-posture,1,positive,protocol_failure,,,true,false,false,false,1,1.514091,false,json_parse_failure: Expecting value: line 1 column 1 (char 0)
IMG_004044,c155e11cc5dbc7515c11c36d9a08eaa9ac188ad362db12571a3f839a0a2e83a6,DEV,pf_v2_aigc_p07-irregular-sprawled-posture,pf_v2_aigc_p07-irregular-sprawled-posture,1,positive,protocol_failure,,,true,false,false,false,1,1.498518,false,json_parse_failure: Expecting value: line 1 column 1 (char 0)
IMG_004045,b06508f0ff5e35e38aa70f6e7045bbd6ce1de7735ac0a9f9b75256bfabbff882,DEV,pf_v2_aigc_p07-irregular-sprawled-posture,pf_v2_aigc_p07-irregular-sprawled-posture,1,positive,protocol_failure,,,true,false,false,false,1,1.527398,false,json_parse_failure: Expecting value: line 1 column 1 (char 0)
IMG_004046,0fe945e667d39d7701aa99658ece8ac840c880671c67fa3c45411adafe12808b,DEV,pf_v2_aigc_p07-irregular-sprawled-posture,pf_v2_aigc_p07-irregular-sprawled-posture,1,positive,protocol_failure,,,true,false,false,false,1,1.543894,false,json_parse_failure: Expecting value: line 1 column 1 (char 0)
IMG_004047,a6db45bafd81f698513469b4ff4a2d511eb7835a2b68143d6f0d7176ca77f841,DEV,pf_v2_aigc_p07-irregular-sprawled-posture,pf_v2_aigc_p07-irregular-sprawled-posture,1,positive,protocol_failure,,,true,false,false,false,1,1.414758,false,json_parse_failure: Expecting value: line 1 column 1 (char 0)
IMG_004048,6752cbcf9b14a772e8124d7d7e19378a6675f95622ac0a8153462f610a40bc30,DEV,pf_v2_aigc_p07-irregular-sprawled-posture,pf_v2_aigc_p07-irregular-sprawled-posture,1,positive,protocol_failure,,,true,false,false,false,1,1.552172,false,json_parse_failure: Expecting value: line 1 column 1 (char 0)
IMG_004049,f0a0f5419bbb53b7663c9dd28db06adb77f0f0258eeb41fdd3b6d4514e76660e,DEV,pf_v2_aigc_p07-irregular-sprawled-posture,pf_v2_aigc_p07-irregular-sprawled-posture,1,positive,protocol_failure,,,true,false,false,false,1,1.484611,false,json_parse_failure: Expecting value: line 1 column 1 (char 0)
IMG_004050,d8438107d83700364347ad3c26d071f64fe0431d0dcd4e5b8e60199876d4a51d,DEV,pf_v2_aigc_p07-irregular-sprawled-posture,pf_v2_aigc_p07-irregular-sprawled-posture,1,positive,protocol_failure,,,true,false,false,false,1,1.493463,false,json_parse_failure: Expecting value: line 1 column 1 (char 0)
IMG_004051,d3a538a2a1e5d2abca0f6117f64111daa0d2f3084088fe1bb7ff074b429806f2,DEV,pf_v2_aigc_p07-irregular-sprawled-posture,pf_v2_aigc_p07-irregular-sprawled-posture,1,positive,protocol_failure,,,true,false,false,false,1,1.461544,false,json_parse_failure: Expecting value: line 1 column 1 (char 0)
IMG_004052,6329713947ec4d5b2cff88fe809abf4feb9e8d016de5890149a64527094f0b52,DEV,pf_v2_aigc_p08-irregular-sprawled-posture,pf_v2_aigc_p08-irregular-sprawled-posture,1,positive,protocol_failure,,,true,false,false,false,1,1.527868,false,json_parse_failure: Expecting value: line 1 column 1 (char 0)
IMG_004053,62eed352082d639f7ec1da9a08bf8f4fd2709e3f427db78c21f125784c557919,DEV,pf_v2_aigc_p08-irregular-sprawled-posture,pf_v2_aigc_p08-irregular-sprawled-posture,1,positive,protocol_failure,,,true,false,false,false,1,1.499053,false,json_parse_failure: Expecting value: line 1 column 1 (char 0)
IMG_004054,6b30f078fd10835d53b923b3493e7405c7369707c233f93babed2ed9bce4d9a4,DEV,pf_v2_aigc_p08-irregular-sprawled-posture,pf_v2_aigc_p08-irregular-sprawled-posture,1,positive,protocol_failure,,,true,false,false,false,1,1.519812,false,json_parse_failure: Expecting value: line 1 column 1 (char 0)
IMG_004055,5a679c20b46a78140a1723a94372f44733409706248382250009951f8c54c5af,DEV,pf_v2_aigc_p08-irregular-sprawled-posture,pf_v2_aigc_p08-irregular-sprawled-posture,1,positive,protocol_failure,,,true,false,false,false,1,1.598320,false,json_parse_failure: Expecting value: line 1 column 1 (char 0)
IMG_004056,5484e98bd9beb2564cdaa7f1895e38eca19d8ce2e1b14c9b4ca379bb63853c39,DEV,pf_v2_aigc_p08-irregular-sprawled-posture,pf_v2_aigc_p08-irregular-sprawled-posture,1,positive,protocol_failure,,,true,false,false,false,1,1.455144,false,json_parse_failure: Expecting value: line 1 column 1 (char 0)
IMG_004057,8d55ff9191c8345510d898d4ce7f4e102bc545da00a04d34b4348b44dbc30b49,DEV,pf_v2_aigc_p08-irregular-sprawled-posture,pf_v2_aigc_p08-irregular-sprawled-posture,1,positive,protocol_failure,,,true,false,false,false,1,1.492243,false,json_parse_failure: Expecting value: line 1 column 1 (char 0)
IMG_004058,68912e9f3ab5ff7d86ad8b23771f54ae9d1c88fec150a78a012c04b3c15edf4f,DEV,pf_v2_aigc_p08-irregular-sprawled-posture,pf_v2_aigc_p08-irregular-sprawled-posture,1,positive,protocol_failure,,,true,false,false,false,1,1.474051,false,json_parse_failure: Expecting value: line 1 column 1 (char 0)
IMG_004059,739161dbbfddb42ee17f17a670b0cdbc70de120b7796ccd7720ee8a9d1d8212d,DEV,pf_v2_aigc_p08-irregular-sprawled-posture,pf_v2_aigc_p08-irregular-sprawled-posture,1,positive,protocol_failure,,,true,false,false,false,1,1.563125,false,json_parse_failure: Expecting value: line 1 column 1 (char 0)
IMG_004060,19d4936d216437d25279b52eb0280761729d18816227652dec371e24ae7ee99d,DEV,pf_v2_aigc_p08-irregular-sprawled-posture,pf_v2_aigc_p08-irregular-sprawled-posture,1,positive,protocol_failure,,,true,false,false,false,1,1.439568,false,json_parse_failure: Expecting value: line 1 column 1 (char 0)
IMG_004061,6e124de18d12ec3eea5142bf50c80b334edefcd5d34dfc410ef75fd60405655c,DEV,pf_v2_aigc_p08-irregular-sprawled-posture,pf_v2_aigc_p08-irregular-sprawled-posture,1,positive,protocol_failure,,,true,false,false,false,1,1.448491,false,json_parse_failure: Expecting value: line 1 column 1 (char 0)
IMG_004062,e62e16f8fb837016a69468b137086d3495628988ef8717a9c6b8d14eecc2e0e4,DEV,pf_v2_aigc_p09-partially-occluded-fallen-person,pf_v2_aigc_p09-partially-occluded-fallen-person,1,positive,protocol_failure,,,true,false,false,false,1,1.454382,false,json_parse_failure: Expecting value: line 1 column 1 (char 0)
IMG_004063,bbf1df2f25f5b2702af333b76b4a08995937d5989b427028174f4e7b126338d7,DEV,pf_v2_aigc_p09-partially-occluded-fallen-person,pf_v2_aigc_p09-partially-occluded-fallen-person,1,positive,protocol_failure,,,true,false,false,false,1,1.573549,false,json_parse_failure: Expecting value: line 1 column 1 (char 0)
IMG_004064,0f93f5393507cd1a609576151a94cf082b5e3633e185ce328026a5784947c561,DEV,pf_v2_aigc_p09-partially-occluded-fallen-person,pf_v2_aigc_p09-partially-occluded-fallen-person,1,positive,protocol_failure,,,true,false,false,false,1,1.461294,false,json_parse_failure: Expecting value: line 1 column 1 (char 0)
IMG_004065,5c2f3bc886da280fa8217ae4bc973dd735037fad49ec0e1617b0cf9421be1d24,DEV,pf_v2_aigc_p09-partially-occluded-fallen-person,pf_v2_aigc_p09-partially-occluded-fallen-person,1,positive,protocol_failure,,,true,false,false,false,1,1.478686,false,json_parse_failure: Expecting value: line 1 column 1 (char 0)
IMG_004066,da621cc3e61d215a22c281bfb8d53cba5d73c234a7109c2f85b8ea76a3486037,DEV,pf_v2_aigc_p09-partially-occluded-fallen-person,pf_v2_aigc_p09-partially-occluded-fallen-person,1,positive,protocol_failure,,,true,false,false,false,1,1.531785,false,json_parse_failure: Expecting value: line 1 column 1 (char 0)
IMG_004067,145e156c1caf26aa510910deff6d1c00dd82d5a67a28768b11caca8386ced559,DEV,pf_v2_aigc_p09-partially-occluded-fallen-person,pf_v2_aigc_p09-partially-occluded-fallen-person,1,positive,protocol_failure,,,true,false,false,false,1,1.460112,false,json_parse_failure: Expecting value: line 1 column 1 (char 0)
IMG_004068,4b0f60f00bb5d135540bb23d2cfa20481a1b0c9da02f09c5c7de0abe90f61761,DEV,pf_v2_aigc_p09-partially-occluded-fallen-person,pf_v2_aigc_p09-partially-occluded-fallen-person,1,positive,protocol_failure,,,true,false,false,false,1,1.556239,false,json_parse_failure: Expecting value: line 1 column 1 (char 0)
IMG_004069,f0119f65ad035e78e986a6e92519d01dbe2133459c902b93af98639fe24fcd1a,DEV,pf_v2_aigc_p09-partially-occluded-fallen-person,pf_v2_aigc_p09-partially-occluded-fallen-person,1,positive,protocol_failure,,,true,false,false,false,1,1.501507,false,json_parse_failure: Expecting value: line 1 column 1 (char 0)
IMG_004070,c27370d0f1c4f96f05871e8134b8c33126330b4901a9172fcaa1034597aeb759,DEV,pf_v2_aigc_p09-partially-occluded-fallen-person,pf_v2_aigc_p09-partially-occluded-fallen-person,1,positive,protocol_failure,,,true,false,false,false,1,1.450805,false,json_parse_failure: Expecting value: line 1 column 1 (char 0)
IMG_004071,05b1b4f1a63222037efc034cc5b772813078ba137841efc7d82be001cb5acf69,DEV,pf_v2_aigc_p09-partially-occluded-fallen-person,pf_v2_aigc_p09-partially-occluded-fallen-person,1,positive,protocol_failure,,,true,false,false,false,1,1.453590,false,json_parse_failure: Expecting value: line 1 column 1 (char 0)
IMG_004073,7f85564bcb6fd735166050f0605b6719600ab691613a1115ca3fe423ad1fbf60,DEV,pf_v2_aigc_p10-partially-occluded-fallen-person,pf_v2_aigc_p10-partially-occluded-fallen-person,1,positive,protocol_failure,,,true,false,false,false,1,1.506885,false,json_parse_failure: Expecting value: line 1 column 1 (char 0)
IMG_004074,967ed34a039e4037156c3a5aa25cb2a872e79cc7ad8cf5e588d2d12924e1d7d5,DEV,pf_v2_aigc_p10-partially-occluded-fallen-person,pf_v2_aigc_p10-partially-occluded-fallen-person,1,positive,protocol_failure,,,true,false,false,false,1,1.506741,false,json_parse_failure: Expecting value: line 1 column 1 (char 0)
IMG_004075,4749ea15173ecae9b6e8419327d00422c0250884826afc7d0b550f3d1508a8ff,DEV,pf_v2_aigc_p10-partially-occluded-fallen-person,pf_v2_aigc_p10-partially-occluded-fallen-person,1,positive,protocol_failure,,,true,false,false,false,1,1.486016,false,json_parse_failure: Expecting value: line 1 column 1 (char 0)
IMG_004076,2593e27c2a3553c972ec437b1d44c2ce43fb21de8b8a1465da02e70ccd9fb748,DEV,pf_v2_aigc_p10-partially-occluded-fallen-person,pf_v2_aigc_p10-partially-occluded-fallen-person,1,positive,protocol_failure,,,true,false,false,false,1,1.504103,false,json_parse_failure: Expecting value: line 1 column 1 (char 0)
IMG_004077,b6f296d8a7aa82b277c369a2b321956993c64ad3e6f4b3c7328294c2719d315e,DEV,pf_v2_aigc_p10-partially-occluded-fallen-person,pf_v2_aigc_p10-partially-occluded-fallen-person,1,positive,protocol_failure,,,true,false,false,false,1,1.522910,false,json_parse_failure: Expecting value: line 1 column 1 (char 0)
IMG_004078,bb6ced4cdb8a21b8e00a65a3918e247e8f0fd101a11fdbf5d207a3b33a48cc57,DEV,pf_v2_aigc_p10-partially-occluded-fallen-person,pf_v2_aigc_p10-partially-occluded-fallen-person,1,positive,protocol_failure,,,true,false,false,false,1,1.515216,false,json_parse_failure: Expecting value: line 1 column 1 (char 0)
IMG_004079,44636d1b9c57594ac54a1a4912e5cf63178ed66566510bbbf7fb5b1b1e874b88,DEV,pf_v2_aigc_p10-partially-occluded-fallen-person,pf_v2_aigc_p10-partially-occluded-fallen-person,1,positive,protocol_failure,,,true,false,false,false,1,1.492452,false,json_parse_failure: Expecting value: line 1 column 1 (char 0)
IMG_004080,ef5432742429ff4aa120057740cd5954ed171776f8c2317dbe744fcf296252d7,DEV,pf_v2_aigc_p10-partially-occluded-fallen-person,pf_v2_aigc_p10-partially-occluded-fallen-person,1,positive,protocol_failure,,,true,false,false,false,1,1.581627,false,json_parse_failure: Expecting value: line 1 column 1 (char 0)
IMG_004081,c1986b13f838a910c7e2958d9851f9d61140c6f9ef8011a98ce6454153f1c5e1,DEV,pf_v2_aigc_p10-partially-occluded-fallen-person,pf_v2_aigc_p10-partially-occluded-fallen-person,1,positive,protocol_failure,,,true,false,false,false,1,1.583767,false,json_parse_failure: Expecting value: line 1 column 1 (char 0)
