operational_id,operational_class,expected_high_priority,selection_basis,item_id,source_family,prompt_id,media_id,group_id,source_split,v3_split,image_path,image_sha256,image_sha_basis,prompt_path,prompt_sha256,taxonomy,old_role,old_label,ground_truth,metric_stratum,source_provenance_status,gt_type,gt_source,human_semantic_review_required,formal_v3_evaluation,person_detected,detector_confidence,detector_box_area_ratio,full_view_path,full_view_sha256,crop_view_path,crop_view_sha256,view_count
PFV4_SCREEN_0001,normal_negative,NO_ALERT_NORMAL_POSE,FROZEN_LEGAL_V3_SPLIT_PRESERVED_WITHOUT_GT_REWRITE,P4D_PLAN::PF_P4D_HN_SIT_G008_V01,P4D_FROZEN_PLAN_440,PF_P4D_HN_SIT_G008_V01,,PF_P4D_HN_SIT_G008,NEW_SCREEN,V3_SCREEN,/home/yanbo/下载/batches/batch-person-fallen-v2-p4d-hardneg-fullregen-r2-camera1p5m/final/PF_P4D_HN_SIT_G008_V01.png,00ccbaf63bc11ef1dce71704acd3c0ead60aea57bcfde66b175e78ca1653ae9e,FAST_CLOSE_EXPECTED_AND_ACTUAL,/home/yanbo/下载/batches/batch_person-fallen-v2-p4d-hardneg-rev1-camera1p5m/prompts/PF_P4D_HN_SIT_G008_V01.txt,ebf4d31edd19f8ba167796bd2aa6d318faf1cafcdb6f0c3c2700e35352cf4587,floor_sitting,hard_negative,negative,negative,hard_negative,P4D_FAST_CLOSE_PROVENANCE_MECHANICAL_LINEAGE_PASS,PROMPT_DERIVED_SYNTHETIC_GT,FROZEN_GENERATION_PROMPT_AND_PLANNED_ROLE,false,true,true,0.6920580267906189,0.03138035927075651,/home/yanbo/net_vlm_person_fallen_v2_optimization/14_person_fallen_v4_operational_freeze/prepared/screen/PFV4_SCREEN_0001/full_scene.jpg,de1d352f0a306f97d2d1fc932ceb9e7418beaf93692013d1d58191d09a4e54f8,/home/yanbo/net_vlm_person_fallen_v2_optimization/14_person_fallen_v4_operational_freeze/prepared/screen/PFV4_SCREEN_0001/person_crop.jpg,b3b3a4c2be2263dc1671323b7a0b03e231cfa30daab3162de020a0e404651d01,2
PFV4_SCREEN_0002,normal_negative,NO_ALERT_NORMAL_POSE,FROZEN_LEGAL_V3_SPLIT_PRESERVED_WITHOUT_GT_REWRITE,P4D_PLAN::PF_P4D_HN_SIT_G008_V02,P4D_FROZEN_PLAN_440,PF_P4D_HN_SIT_G008_V02,,PF_P4D_HN_SIT_G008,NEW_SCREEN,V3_SCREEN,/home/yanbo/下载/batches/batch-person-fallen-v2-p4d-hardneg-fullregen-r2-camera1p5m/final/PF_P4D_HN_SIT_G008_V02.png,6c2628352e038020c20eab2f9b480da1f86ec7bfb32a585335014ee32e067ede,FAST_CLOSE_EXPECTED_AND_ACTUAL,/home/yanbo/下载/batches/batch_person-fallen-v2-p4d-hardneg-rev1-camera1p5m/prompts/PF_P4D_HN_SIT_G008_V02.txt,2d29675cb0d74ef093aa65bbc0c037c1b17bfc3101f19dd1f4cb621a7106dcd3,floor_sitting,hard_negative,negative,negative,hard_negative,P4D_FAST_CLOSE_PROVENANCE_MECHANICAL_LINEAGE_PASS,PROMPT_DERIVED_SYNTHETIC_GT,FROZEN_GENERATION_PROMPT_AND_PLANNED_ROLE,false,true,true,0.8936722278594971,0.0627643472677004,/home/yanbo/net_vlm_person_fallen_v2_optimization/14_person_fallen_v4_operational_freeze/prepared/screen/PFV4_SCREEN_0002/full_scene.jpg,e8e848b1ac580ca2da1c60d225684872f06fae391e26c50e130feb0f28e0b1d0,/home/yanbo/net_vlm_person_fallen_v2_optimization/14_person_fallen_v4_operational_freeze/prepared/screen/PFV4_SCREEN_0002/person_crop.jpg,1ef38cf8254f78d3e0ed3ddc8af14bec4f3b88516c1831eb52000db8f39a84c7,2
PFV4_SCREEN_0003,normal_negative,NO_ALERT_NORMAL_POSE,FROZEN_LEGAL_V3_SPLIT_PRESERVED_WITHOUT_GT_REWRITE,P4D_PLAN::PF_P4D_HN_SIT_G008_V03,P4D_FROZEN_PLAN_440,PF_P4D_HN_SIT_G008_V03,,PF_P4D_HN_SIT_G008,NEW_SCREEN,V3_SCREEN,/home/yanbo/下载/batches/batch-person-fallen-v2-p4d-hardneg-fullregen-r2-camera1p5m/final/PF_P4D_HN_SIT_G008_V03.png,55ad6dceb0bf5f01a909440ff25d9736e2b540e4ba9ca886434a288f6c6fab0f,FAST_CLOSE_EXPECTED_AND_ACTUAL,/home/yanbo/下载/batches/batch_person-fallen-v2-p4d-hardneg-rev1-camera1p5m/prompts/PF_P4D_HN_SIT_G008_V03.txt,6a8b51ab9f3993b8b29bc4f343b6c17745daf5bd33630a1e6b0a40431936b13b,floor_sitting,hard_negative,negative,negative,hard_negative,P4D_FAST_CLOSE_PROVENANCE_MECHANICAL_LINEAGE_PASS,PROMPT_DERIVED_SYNTHETIC_GT,FROZEN_GENERATION_PROMPT_AND_PLANNED_ROLE,false,true,true,0.9359662532806396,0.22380132957275944,/home/yanbo/net_vlm_person_fallen_v2_optimization/14_person_fallen_v4_operational_freeze/prepared/screen/PFV4_SCREEN_0003/full_scene.jpg,7a1adc038eaa74a713357d373aafb5c5eba5ed76e14ca4f4ccea45c9361ffd47,/home/yanbo/net_vlm_person_fallen_v2_optimization/14_person_fallen_v4_operational_freeze/prepared/screen/PFV4_SCREEN_0003/person_crop.jpg,067c63800f36775cd8bca61dc8458757da2df67375001f0bc8cf32173a66bddd,2
PFV4_SCREEN_0004,normal_negative,NO_ALERT_NORMAL_POSE,FROZEN_LEGAL_V3_SPLIT_PRESERVED_WITHOUT_GT_REWRITE,P4D_PLAN::PF_P4D_HN_SIT_G008_V04,P4D_FROZEN_PLAN_440,PF_P4D_HN_SIT_G008_V04,,PF_P4D_HN_SIT_G008,NEW_SCREEN,V3_SCREEN,/home/yanbo/下载/batches/batch-person-fallen-v2-p4d-hardneg-fullregen-r2-camera1p5m/final/PF_P4D_HN_SIT_G008_V04.png,bed1a30ed8c85727d47887a170e2a88a2e0d1023e5d1ea0f9b72a25189d27223,FAST_CLOSE_EXPECTED_AND_ACTUAL,/home/yanbo/下载/batches/batch_person-fallen-v2-p4d-hardneg-rev1-camera1p5m/prompts/PF_P4D_HN_SIT_G008_V04.txt,bc604a5f51b5d9baaf8b14a7b36bf8eb4ca2c5fb4b9a0a4be7ef4829bb634531,floor_sitting,hard_negative,negative,negative,hard_negative,P4D_FAST_CLOSE_PROVENANCE_MECHANICAL_LINEAGE_PASS,PROMPT_DERIVED_SYNTHETIC_GT,FROZEN_GENERATION_PROMPT_AND_PLANNED_ROLE,false,true,true,0.9204745888710022,0.14888723564302955,/home/yanbo/net_vlm_person_fallen_v2_optimization/14_person_fallen_v4_operational_freeze/prepared/screen/PFV4_SCREEN_0004/full_scene.jpg,3b61e4d99ac0ec0622cf8e91e99ba3d8a7345657a00558fab564e9ae5d5c6eab,/home/yanbo/net_vlm_person_fallen_v2_optimization/14_person_fallen_v4_operational_freeze/prepared/screen/PFV4_SCREEN_0004/person_crop.jpg,c1b885d8f211c22c16a7aa9c99439d5447f082cddf7e83af9672497d8599ac52,2
PFV4_SCREEN_0005,normal_negative,NO_ALERT_NORMAL_POSE,FROZEN_LEGAL_V3_SPLIT_PRESERVED_WITHOUT_GT_REWRITE,P4D_PLAN::PF_P4D_HN_SIT_G008_V05,P4D_FROZEN_PLAN_440,PF_P4D_HN_SIT_G008_V05,,PF_P4D_HN_SIT_G008,NEW_SCREEN,V3_SCREEN,/home/yanbo/下载/batches/batch-person-fallen-v2-p4d-hardneg-fullregen-r2-camera1p5m/final/PF_P4D_HN_SIT_G008_V05.png,56b3a88ca2bb8aa39dd70d6218aa92c2329c6fbaecd17a77a8ce62fbeafb7d1f,FAST_CLOSE_EXPECTED_AND_ACTUAL,/home/yanbo/下载/batches/batch_person-fallen-v2-p4d-hardneg-rev1-camera1p5m/prompts/PF_P4D_HN_SIT_G008_V05.txt,853797c9b5bfd3de665eedc38f78bd751b68fc044eeb80e2faf53a451b5817f9,floor_sitting,hard_negative,negative,negative,hard_negative,P4D_FAST_CLOSE_PROVENANCE_MECHANICAL_LINEAGE_PASS,PROMPT_DERIVED_SYNTHETIC_GT,FROZEN_GENERATION_PROMPT_AND_PLANNED_ROLE,false,true,true,0.898389995098114,0.0786693824159253,/home/yanbo/net_vlm_person_fallen_v2_optimization/14_person_fallen_v4_operational_freeze/prepared/screen/PFV4_SCREEN_0005/full_scene.jpg,006eb06b9f758ac50fe19a5db751635e9cc82150adf4ffabc7a3cb396fbc2cc8,/home/yanbo/net_vlm_person_fallen_v2_optimization/14_person_fallen_v4_operational_freeze/prepared/screen/PFV4_SCREEN_0005/person_crop.jpg,5f5cef3cd719f6ac3011e844067f6b81432793b375a4bc581befe27240fe7cdc,2
PFV4_SCREEN_0006,normal_negative,NO_ALERT_NORMAL_POSE,FROZEN_LEGAL_V3_SPLIT_PRESERVED_WITHOUT_GT_REWRITE,P4D_PLAN::PF_P4D_HN_SIT_G009_V01,P4D_FROZEN_PLAN_440,PF_P4D_HN_SIT_G009_V01,,PF_P4D_HN_SIT_G009,NEW_SCREEN,V3_SCREEN,/home/yanbo/下载/batches/batch-person-fallen-v2-p4d-hardneg-fullregen-r2-camera1p5m/final/PF_P4D_HN_SIT_G009_V01.png,715af5e531aa1dd146f098ddc0fdd24feff64c77f55b7f0e50e78c7d5237b89d,FAST_CLOSE_EXPECTED_AND_ACTUAL,/home/yanbo/下载/batches/batch_person-fallen-v2-p4d-hardneg-rev1-camera1p5m/prompts/PF_P4D_HN_SIT_G009_V01.txt,82d7d1624b7718202602df65efe44f5f18ba3727bb81c906aebab04ed4ee3430,floor_sitting,hard_negative,negative,negative,hard_negative,P4D_FAST_CLOSE_PROVENANCE_MECHANICAL_LINEAGE_PASS,PROMPT_DERIVED_SYNTHETIC_GT,FROZEN_GENERATION_PROMPT_AND_PLANNED_ROLE,false,true,true,0.9200448393821716,0.07006652640683265,/home/yanbo/net_vlm_person_fallen_v2_optimization/14_person_fallen_v4_operational_freeze/prepared/screen/PFV4_SCREEN_0006/full_scene.jpg,ebdf3b727489d2d451ad14c0b99624b1874c8d11c3ca63b2a934c5afe2331ed1,/home/yanbo/net_vlm_person_fallen_v2_optimization/14_person_fallen_v4_operational_freeze/prepared/screen/PFV4_SCREEN_0006/person_crop.jpg,40a3ea7c7ab3bd0024f064a4cb6df4481e297992be62a51595578313ee5a3995,2
PFV4_SCREEN_0007,normal_negative,NO_ALERT_NORMAL_POSE,FROZEN_LEGAL_V3_SPLIT_PRESERVED_WITHOUT_GT_REWRITE,P4D_PLAN::PF_P4D_HN_SIT_G009_V02,P4D_FROZEN_PLAN_440,PF_P4D_HN_SIT_G009_V02,,PF_P4D_HN_SIT_G009,NEW_SCREEN,V3_SCREEN,/home/yanbo/下载/batches/batch-person-fallen-v2-p4d-hardneg-fullregen-r2-camera1p5m/final/PF_P4D_HN_SIT_G009_V02.png,53f9023ae21e25faff36fc54b4ab09f829ab493a765d518b3ec1fd5cc151a540,FAST_CLOSE_EXPECTED_AND_ACTUAL,/home/yanbo/下载/batches/batch_person-fallen-v2-p4d-hardneg-rev1-camera1p5m/prompts/PF_P4D_HN_SIT_G009_V02.txt,071d8e2dc6a114e49f26f0a05887817ce2128f1e8723cbd5496b410a5c85865b,floor_sitting,hard_negative,negative,negative,hard_negative,P4D_FAST_CLOSE_PROVENANCE_MECHANICAL_LINEAGE_PASS,PROMPT_DERIVED_SYNTHETIC_GT,FROZEN_GENERATION_PROMPT_AND_PLANNED_ROLE,false,true,true,0.9186552166938782,0.08757485595276025,/home/yanbo/net_vlm_person_fallen_v2_optimization/14_person_fallen_v4_operational_freeze/prepared/screen/PFV4_SCREEN_0007/full_scene.jpg,62640e852474e9837e78ffc06f0e15efc23b8025c37ed611cabc1020b0752bd8,/home/yanbo/net_vlm_person_fallen_v2_optimization/14_person_fallen_v4_operational_freeze/prepared/screen/PFV4_SCREEN_0007/person_crop.jpg,f67bb307728b94fdf02731962b6792f5a6d2125b9779e15c84ace7492ada7eab,2
PFV4_SCREEN_0008,normal_negative,NO_ALERT_NORMAL_POSE,FROZEN_LEGAL_V3_SPLIT_PRESERVED_WITHOUT_GT_REWRITE,P4D_PLAN::PF_P4D_HN_SIT_G009_V03,P4D_FROZEN_PLAN_440,PF_P4D_HN_SIT_G009_V03,,PF_P4D_HN_SIT_G009,NEW_SCREEN,V3_SCREEN,/home/yanbo/下载/batches/batch-person-fallen-v2-p4d-hardneg-fullregen-r2-camera1p5m/final/PF_P4D_HN_SIT_G009_V03.png,f50436177341fd817779c450e1ae445e1e72e2e29a0303da7fc2f5e732bbb9f4,FAST_CLOSE_EXPECTED_AND_ACTUAL,/home/yanbo/下载/batches/batch_person-fallen-v2-p4d-hardneg-rev1-camera1p5m/prompts/PF_P4D_HN_SIT_G009_V03.txt,40bcc44fa6c7f87fea225710ea1ee9a2ec8eac38b1db7da735a50ad0800627b6,floor_sitting,hard_negative,negative,negative,hard_negative,P4D_FAST_CLOSE_PROVENANCE_MECHANICAL_LINEAGE_PASS,PROMPT_DERIVED_SYNTHETIC_GT,FROZEN_GENERATION_PROMPT_AND_PLANNED_ROLE,false,true,true,0.8904372453689575,0.1977099255282169,/home/yanbo/net_vlm_person_fallen_v2_optimization/14_person_fallen_v4_operational_freeze/prepared/screen/PFV4_SCREEN_0008/full_scene.jpg,d3b59870a9c23debe7d4ecd65e467e49a8796cec60c89b2bf77dd953b85efc03,/home/yanbo/net_vlm_person_fallen_v2_optimization/14_person_fallen_v4_operational_freeze/prepared/screen/PFV4_SCREEN_0008/person_crop.jpg,ef2f4596da5ac967db68920ee630e6438edfe507872c221b66f52306c51ebea4,2
PFV4_SCREEN_0009,normal_negative,NO_ALERT_NORMAL_POSE,FROZEN_LEGAL_V3_SPLIT_PRESERVED_WITHOUT_GT_REWRITE,P4D_PLAN::PF_P4D_HN_SIT_G009_V04,P4D_FROZEN_PLAN_440,PF_P4D_HN_SIT_G009_V04,,PF_P4D_HN_SIT_G009,NEW_SCREEN,V3_SCREEN,/home/yanbo/下载/batches/batch-person-fallen-v2-p4d-hardneg-fullregen-r2-camera1p5m/final/PF_P4D_HN_SIT_G009_V04.png,884b8fa42c94632028f16bae90dfed7082d1c30dcdc0963962b73594f20cab80,FAST_CLOSE_EXPECTED_AND_ACTUAL,/home/yanbo/下载/batches/batch_person-fallen-v2-p4d-hardneg-rev1-camera1p5m/prompts/PF_P4D_HN_SIT_G009_V04.txt,9e607f0b6211303bf2c18cd8044a7944c5c48749ce5510adbacaf611869f4a8b,floor_sitting,hard_negative,negative,negative,hard_negative,P4D_FAST_CLOSE_PROVENANCE_MECHANICAL_LINEAGE_PASS,PROMPT_DERIVED_SYNTHETIC_GT,FROZEN_GENERATION_PROMPT_AND_PLANNED_ROLE,false,true,true,0.8804506659507751,0.11257326674578104,/home/yanbo/net_vlm_person_fallen_v2_optimization/14_person_fallen_v4_operational_freeze/prepared/screen/PFV4_SCREEN_0009/full_scene.jpg,beb185def73ab12906afae4b6fea1ae4ec577143af7395b86bd1ed95259cabab,/home/yanbo/net_vlm_person_fallen_v2_optimization/14_person_fallen_v4_operational_freeze/prepared/screen/PFV4_SCREEN_0009/person_crop.jpg,6b45aba3238a56bebe3c9650ca5ee8823fe015c1d9ab4d48b5d34c99a710e792,2
PFV4_SCREEN_0010,normal_negative,NO_ALERT_NORMAL_POSE,FROZEN_LEGAL_V3_SPLIT_PRESERVED_WITHOUT_GT_REWRITE,P4D_PLAN::PF_P4D_HN_SIT_G009_V05,P4D_FROZEN_PLAN_440,PF_P4D_HN_SIT_G009_V05,,PF_P4D_HN_SIT_G009,NEW_SCREEN,V3_SCREEN,/home/yanbo/下载/batches/batch-person-fallen-v2-p4d-hardneg-fullregen-r2-camera1p5m/final/PF_P4D_HN_SIT_G009_V05.png,8c542f3379ecb4fda08f24d55b3d425b4183c1a4836b3db0a37207738f4369f5,FAST_CLOSE_EXPECTED_AND_ACTUAL,/home/yanbo/下载/batches/batch_person-fallen-v2-p4d-hardneg-rev1-camera1p5m/prompts/PF_P4D_HN_SIT_G009_V05.txt,e785acf3819e5ce4db138c467f7e9a6c5ff261e83fd61478b1101111864d9c57,floor_sitting,hard_negative,negative,negative,hard_negative,P4D_FAST_CLOSE_PROVENANCE_MECHANICAL_LINEAGE_PASS,PROMPT_DERIVED_SYNTHETIC_GT,FROZEN_GENERATION_PROMPT_AND_PLANNED_ROLE,false,true,true,0.9136279821395874,0.14681884118809974,/home/yanbo/net_vlm_person_fallen_v2_optimization/14_person_fallen_v4_operational_freeze/prepared/screen/PFV4_SCREEN_0010/full_scene.jpg,16386550b3c1ee66358393053845bd48d7c38db4f708805b62c8e0bfcb53d923,/home/yanbo/net_vlm_person_fallen_v2_optimization/14_person_fallen_v4_operational_freeze/prepared/screen/PFV4_SCREEN_0010/person_crop.jpg,9fda144af4b249907e317e72d3ebdfc2778cd6cc4d2275eb8d631b010ffad50f,2
PFV4_SCREEN_0011,normal_negative,NO_ALERT_NORMAL_POSE,FROZEN_LEGAL_V3_SPLIT_PRESERVED_WITHOUT_GT_REWRITE,P4D_PLAN::PF_P4D_HN_SIT_G010_V01,P4D_FROZEN_PLAN_440,PF_P4D_HN_SIT_G010_V01,,PF_P4D_HN_SIT_G010,NEW_SCREEN,V3_SCREEN,/home/yanbo/下载/batches/batch-person-fallen-v2-p4d-hardneg-fullregen-r2-camera1p5m/final/PF_P4D_HN_SIT_G010_V01.png,c2a7d50d49c1166dca3befdc84cf6a16a3939a28d76d3d09931fb7786602c443,FAST_CLOSE_EXPECTED_AND_ACTUAL,/home/yanbo/下载/batches/batch_person-fallen-v2-p4d-hardneg-rev1-camera1p5m/prompts/PF_P4D_HN_SIT_G010_V01.txt,841168e7ad45fd1ede8051d02c3a5730338312e1d21fb9553409f56b723ff8a1,floor_sitting,hard_negative,negative,negative,hard_negative,P4D_FAST_CLOSE_PROVENANCE_MECHANICAL_LINEAGE_PASS,PROMPT_DERIVED_SYNTHETIC_GT,FROZEN_GENERATION_PROMPT_AND_PLANNED_ROLE,false,true,true,0.9280009269714355,0.1259611831586032,/home/yanbo/net_vlm_person_fallen_v2_optimization/14_person_fallen_v4_operational_freeze/prepared/screen/PFV4_SCREEN_0011/full_scene.jpg,d76ca57d275e6fd2eb85ca4517e0f05c7db4b82de4c5eb193ec0592838ac3849,/home/yanbo/net_vlm_person_fallen_v2_optimization/14_person_fallen_v4_operational_freeze/prepared/screen/PFV4_SCREEN_0011/person_crop.jpg,c5d89f55f167aa318be8bb71b9c17cf6e09ed4260dc9f1f33f89380d7bea2e65,2
PFV4_SCREEN_0012,normal_negative,NO_ALERT_NORMAL_POSE,FROZEN_LEGAL_V3_SPLIT_PRESERVED_WITHOUT_GT_REWRITE,P4D_PLAN::PF_P4D_HN_SIT_G010_V02,P4D_FROZEN_PLAN_440,PF_P4D_HN_SIT_G010_V02,,PF_P4D_HN_SIT_G010,NEW_SCREEN,V3_SCREEN,/home/yanbo/下载/batches/batch-person-fallen-v2-p4d-hardneg-fullregen-r2-camera1p5m/final/PF_P4D_HN_SIT_G010_V02.png,2a89ce293a58bacd79433ba611ee9dcc7b50be69bd988cd7418cc735f834707b,FAST_CLOSE_EXPECTED_AND_ACTUAL,/home/yanbo/下载/batches/batch_person-fallen-v2-p4d-hardneg-rev1-camera1p5m/prompts/PF_P4D_HN_SIT_G010_V02.txt,f1c9936038fcf74253b88239bd175b0fe5b5d1b87b148593f722c1cb411db8e6,floor_sitting,hard_negative,negative,negative,hard_negative,P4D_FAST_CLOSE_PROVENANCE_MECHANICAL_LINEAGE_PASS,PROMPT_DERIVED_SYNTHETIC_GT,FROZEN_GENERATION_PROMPT_AND_PLANNED_ROLE,false,true,true,0.9072877168655396,0.09912964749217079,/home/yanbo/net_vlm_person_fallen_v2_optimization/14_person_fallen_v4_operational_freeze/prepared/screen/PFV4_SCREEN_0012/full_scene.jpg,7e1154869989a568f5f98a988258e642b9f67d51cd7638f96406677f6106ed97,/home/yanbo/net_vlm_person_fallen_v2_optimization/14_person_fallen_v4_operational_freeze/prepared/screen/PFV4_SCREEN_0012/person_crop.jpg,e3e2e604874a8fef9e57596f3dd3b9a24384ae2641e567b2012f525237272c06,2
PFV4_SCREEN_0013,normal_negative,NO_ALERT_NORMAL_POSE,FROZEN_LEGAL_V3_SPLIT_PRESERVED_WITHOUT_GT_REWRITE,P4D_PLAN::PF_P4D_HN_SIT_G010_V03,P4D_FROZEN_PLAN_440,PF_P4D_HN_SIT_G010_V03,,PF_P4D_HN_SIT_G010,NEW_SCREEN,V3_SCREEN,/home/yanbo/下载/batches/batch-person-fallen-v2-p4d-hardneg-fullregen-r2-camera1p5m/final/PF_P4D_HN_SIT_G010_V03.png,068bdf75d02a1bf93e97664bfb5db1695d0e4ed654f58be2de480a32f20213c9,FAST_CLOSE_EXPECTED_AND_ACTUAL,/home/yanbo/下载/batches/batch_person-fallen-v2-p4d-hardneg-rev1-camera1p5m/prompts/PF_P4D_HN_SIT_G010_V03.txt,326988e020871589a93d5941e2f3764d3ffcb6e234562c559a8d947c548b1e57,floor_sitting,hard_negative,negative,negative,hard_negative,P4D_FAST_CLOSE_PROVENANCE_MECHANICAL_LINEAGE_PASS,PROMPT_DERIVED_SYNTHETIC_GT,FROZEN_GENERATION_PROMPT_AND_PLANNED_ROLE,false,true,true,0.9183481335639954,0.12584798393696137,/home/yanbo/net_vlm_person_fallen_v2_optimization/14_person_fallen_v4_operational_freeze/prepared/screen/PFV4_SCREEN_0013/full_scene.jpg,3e22598ca69a95c30c945567e01eaf999dbf0e7f9247a5303eca1b6334ed395b,/home/yanbo/net_vlm_person_fallen_v2_optimization/14_person_fallen_v4_operational_freeze/prepared/screen/PFV4_SCREEN_0013/person_crop.jpg,250fab86b3116bdb4d413f73674271aa83527e7b4c83631e45124b320bb1cbf4,2
PFV4_SCREEN_0014,normal_negative,NO_ALERT_NORMAL_POSE,FROZEN_LEGAL_V3_SPLIT_PRESERVED_WITHOUT_GT_REWRITE,P4D_PLAN::PF_P4D_HN_SIT_G010_V04,P4D_FROZEN_PLAN_440,PF_P4D_HN_SIT_G010_V04,,PF_P4D_HN_SIT_G010,NEW_SCREEN,V3_SCREEN,/home/yanbo/下载/batches/batch-person-fallen-v2-p4d-hardneg-fullregen-r2-camera1p5m/final/PF_P4D_HN_SIT_G010_V04.png,0ad405f110893aa0d0c19fed0a21816809a1a6047560ac4bb36cf0bf355c547c,FAST_CLOSE_EXPECTED_AND_ACTUAL,/home/yanbo/下载/batches/batch_person-fallen-v2-p4d-hardneg-rev1-camera1p5m/prompts/PF_P4D_HN_SIT_G010_V04.txt,c1aa12a7ac811ca18021166fd8ef7b06ef0eee0abeab36d5425deb17b3b8fb3a,floor_sitting,hard_negative,negative,negative,hard_negative,P4D_FAST_CLOSE_PROVENANCE_MECHANICAL_LINEAGE_PASS,PROMPT_DERIVED_SYNTHETIC_GT,FROZEN_GENERATION_PROMPT_AND_PLANNED_ROLE,false,true,true,0.8515825867652893,0.11756451660950444,/home/yanbo/net_vlm_person_fallen_v2_optimization/14_person_fallen_v4_operational_freeze/prepared/screen/PFV4_SCREEN_0014/full_scene.jpg,b14d38a5f04d56feefeb3174e02d531bf5f226d90c775169a4d3aab7d547c690,/home/yanbo/net_vlm_person_fallen_v2_optimization/14_person_fallen_v4_operational_freeze/prepared/screen/PFV4_SCREEN_0014/person_crop.jpg,65e34d308634d5cb3300e5aec6c09c70bedd1b9ae49213d506e667537ec39438,2
PFV4_SCREEN_0015,normal_negative,NO_ALERT_NORMAL_POSE,FROZEN_LEGAL_V3_SPLIT_PRESERVED_WITHOUT_GT_REWRITE,P4D_PLAN::PF_P4D_HN_SIT_G010_V05,P4D_FROZEN_PLAN_440,PF_P4D_HN_SIT_G010_V05,,PF_P4D_HN_SIT_G010,NEW_SCREEN,V3_SCREEN,/home/yanbo/下载/batches/batch-person-fallen-v2-p4d-hardneg-fullregen-r2-camera1p5m/final/PF_P4D_HN_SIT_G010_V05.png,81b21d6ab07d032a55ac16608d938a0d12239fcaa91542306962ee8bf6d649ad,FAST_CLOSE_EXPECTED_AND_ACTUAL,/home/yanbo/下载/batches/batch_person-fallen-v2-p4d-hardneg-rev1-camera1p5m/prompts/PF_P4D_HN_SIT_G010_V05.txt,65772d506ba9f50bb6d8376738fc0fe9859a09d08c69479367ecdc24412eec33,floor_sitting,hard_negative,negative,negative,hard_negative,P4D_FAST_CLOSE_PROVENANCE_MECHANICAL_LINEAGE_PASS,PROMPT_DERIVED_SYNTHETIC_GT,FROZEN_GENERATION_PROMPT_AND_PLANNED_ROLE,false,true,true,0.7496914267539978,0.057293844803271994,/home/yanbo/net_vlm_person_fallen_v2_optimization/14_person_fallen_v4_operational_freeze/prepared/screen/PFV4_SCREEN_0015/full_scene.jpg,efd1c46c0f6b2e7896e70cfb0d10c0dc871f24da9954eec8a1eacc0b7c72b8f5,/home/yanbo/net_vlm_person_fallen_v2_optimization/14_person_fallen_v4_operational_freeze/prepared/screen/PFV4_SCREEN_0015/person_crop.jpg,72180cfe7ab45baae1350dc545aafc72eca7420bcc8f5bd96050bb674ff70208,2
PFV4_SCREEN_0016,normal_negative,NO_ALERT_NORMAL_POSE,FROZEN_LEGAL_V3_SPLIT_PRESERVED_WITHOUT_GT_REWRITE,P4D_PLAN::PF_P4D_HN_SIT_G011_V01,P4D_FROZEN_PLAN_440,PF_P4D_HN_SIT_G011_V01,,PF_P4D_HN_SIT_G011,NEW_SCREEN,V3_SCREEN,/home/yanbo/下载/batches/batch-person-fallen-v2-p4d-hardneg-fullregen-r2-camera1p5m/final/PF_P4D_HN_SIT_G011_V01.png,118d6eba5405fb357defb39057a1614d5c9451ad567544767735b01119999f57,FAST_CLOSE_EXPECTED_AND_ACTUAL,/home/yanbo/下载/batches/batch_person-fallen-v2-p4d-hardneg-rev1-camera1p5m/prompts/PF_P4D_HN_SIT_G011_V01.txt,69f231f8cec0ec3bc56f09279e98eb9f19c24acd9c40b16a4c003d0c6a4b6e12,floor_sitting,hard_negative,negative,negative,hard_negative,P4D_FAST_CLOSE_PROVENANCE_MECHANICAL_LINEAGE_PASS,PROMPT_DERIVED_SYNTHETIC_GT,FROZEN_GENERATION_PROMPT_AND_PLANNED_ROLE,false,true,true,0.8499522805213928,0.16827299816290583,/home/yanbo/net_vlm_person_fallen_v2_optimization/14_person_fallen_v4_operational_freeze/prepared/screen/PFV4_SCREEN_0016/full_scene.jpg,88d903c661e6340bc4fc191afb9b3b68bfe307516138766f45d06286d6807a25,/home/yanbo/net_vlm_person_fallen_v2_optimization/14_person_fallen_v4_operational_freeze/prepared/screen/PFV4_SCREEN_0016/person_crop.jpg,6b5a07b4195c2dd269c7e3612271251a2f7495569f8db3037475cb67d0e5e675,2
PFV4_SCREEN_0017,normal_negative,NO_ALERT_NORMAL_POSE,FROZEN_LEGAL_V3_SPLIT_PRESERVED_WITHOUT_GT_REWRITE,P4D_PLAN::PF_P4D_HN_SIT_G011_V02,P4D_FROZEN_PLAN_440,PF_P4D_HN_SIT_G011_V02,,PF_P4D_HN_SIT_G011,NEW_SCREEN,V3_SCREEN,/home/yanbo/下载/batches/batch-person-fallen-v2-p4d-hardneg-fullregen-r2-camera1p5m/final/PF_P4D_HN_SIT_G011_V02.png,f79959f1b53f458b336e81b8efb3b0dcf58552aad8fa7a09cdda902a299e2a37,FAST_CLOSE_EXPECTED_AND_ACTUAL,/home/yanbo/下载/batches/batch_person-fallen-v2-p4d-hardneg-rev1-camera1p5m/prompts/PF_P4D_HN_SIT_G011_V02.txt,927e0c4ad0ade2a708050d6fbbe7377fe247004c2500fd24cf7b96bf3dd01a4d,floor_sitting,hard_negative,negative,negative,hard_negative,P4D_FAST_CLOSE_PROVENANCE_MECHANICAL_LINEAGE_PASS,PROMPT_DERIVED_SYNTHETIC_GT,FROZEN_GENERATION_PROMPT_AND_PLANNED_ROLE,false,true,true,0.9262123703956604,0.1331977745379845,/home/yanbo/net_vlm_person_fallen_v2_optimization/14_person_fallen_v4_operational_freeze/prepared/screen/PFV4_SCREEN_0017/full_scene.jpg,03aea5927453f870d095a94b21eef4e9f2ec9719ccdb4a7e433d5f781ff6253d,/home/yanbo/net_vlm_person_fallen_v2_optimization/14_person_fallen_v4_operational_freeze/prepared/screen/PFV4_SCREEN_0017/person_crop.jpg,bd9cd11bdd3c70cb59e26cea6e07649727b6722cdc1c494de31409e66d499ed4,2
PFV4_SCREEN_0018,normal_negative,NO_ALERT_NORMAL_POSE,FROZEN_LEGAL_V3_SPLIT_PRESERVED_WITHOUT_GT_REWRITE,P4D_PLAN::PF_P4D_HN_SIT_G011_V03,P4D_FROZEN_PLAN_440,PF_P4D_HN_SIT_G011_V03,,PF_P4D_HN_SIT_G011,NEW_SCREEN,V3_SCREEN,/home/yanbo/下载/batches/batch-person-fallen-v2-p4d-hardneg-fullregen-r2-camera1p5m/final/PF_P4D_HN_SIT_G011_V03.png,71077ec22063bc9e050f94e156cbb77a2fd42a8b70344b36780c6638acccf290,FAST_CLOSE_EXPECTED_AND_ACTUAL,/home/yanbo/下载/batches/batch_person-fallen-v2-p4d-hardneg-rev1-camera1p5m/prompts/PF_P4D_HN_SIT_G011_V03.txt,28403f910a7e71ed8b748d2d21535e8f42217e99e9389ad605b7b92c36941a23,floor_sitting,hard_negative,negative,negative,hard_negative,P4D_FAST_CLOSE_PROVENANCE_MECHANICAL_LINEAGE_PASS,PROMPT_DERIVED_SYNTHETIC_GT,FROZEN_GENERATION_PROMPT_AND_PLANNED_ROLE,false,true,true,0.9159250855445862,0.09676683837986612,/home/yanbo/net_vlm_person_fallen_v2_optimization/14_person_fallen_v4_operational_freeze/prepared/screen/PFV4_SCREEN_0018/full_scene.jpg,34097ef8cd08206ee51d0036082b1da5c142bb578275bab9cdccb0a1a5873988,/home/yanbo/net_vlm_person_fallen_v2_optimization/14_person_fallen_v4_operational_freeze/prepared/screen/PFV4_SCREEN_0018/person_crop.jpg,e218448395104a485384ab8dc5f7011a011afd42c091a00ef011e0a91defbcdc,2
PFV4_SCREEN_0019,normal_negative,NO_ALERT_NORMAL_POSE,FROZEN_LEGAL_V3_SPLIT_PRESERVED_WITHOUT_GT_REWRITE,P4D_PLAN::PF_P4D_HN_SIT_G011_V04,P4D_FROZEN_PLAN_440,PF_P4D_HN_SIT_G011_V04,,PF_P4D_HN_SIT_G011,NEW_SCREEN,V3_SCREEN,/home/yanbo/下载/batches/batch-person-fallen-v2-p4d-hardneg-fullregen-r2-camera1p5m/final/PF_P4D_HN_SIT_G011_V04.png,be4414e19376e5353e2ef985da0b1934ce70bdf0fa9d539aaa2193f87e6cc8dc,FAST_CLOSE_EXPECTED_AND_ACTUAL,/home/yanbo/下载/batches/batch_person-fallen-v2-p4d-hardneg-rev1-camera1p5m/prompts/PF_P4D_HN_SIT_G011_V04.txt,2afdc90701b33449d1bf4cce0d0b5b82ed36757b547ee62a57456bb7e4c1515d,floor_sitting,hard_negative,negative,negative,hard_negative,P4D_FAST_CLOSE_PROVENANCE_MECHANICAL_LINEAGE_PASS,PROMPT_DERIVED_SYNTHETIC_GT,FROZEN_GENERATION_PROMPT_AND_PLANNED_ROLE,false,true,true,0.8847180604934692,0.0937284245044726,/home/yanbo/net_vlm_person_fallen_v2_optimization/14_person_fallen_v4_operational_freeze/prepared/screen/PFV4_SCREEN_0019/full_scene.jpg,da5a16ab325fed71bf9ec51b9e3791bf182ec05cab3f7c50b14fe8df3f7550ec,/home/yanbo/net_vlm_person_fallen_v2_optimization/14_person_fallen_v4_operational_freeze/prepared/screen/PFV4_SCREEN_0019/person_crop.jpg,3fc4e374553d8a837fa3372cab506cca2c9b4609237a0d9fbaaac7531f30a528,2
PFV4_SCREEN_0020,normal_negative,NO_ALERT_NORMAL_POSE,FROZEN_LEGAL_V3_SPLIT_PRESERVED_WITHOUT_GT_REWRITE,P4D_PLAN::PF_P4D_HN_SIT_G011_V05,P4D_FROZEN_PLAN_440,PF_P4D_HN_SIT_G011_V05,,PF_P4D_HN_SIT_G011,NEW_SCREEN,V3_SCREEN,/home/yanbo/下载/batches/batch-person-fallen-v2-p4d-hardneg-fullregen-r2-camera1p5m/final/PF_P4D_HN_SIT_G011_V05.png,46303b78556a900fc9819f578fb65d66d0bd41dbc6cb1f3bfc47ca389359060a,FAST_CLOSE_EXPECTED_AND_ACTUAL,/home/yanbo/下载/batches/batch_person-fallen-v2-p4d-hardneg-rev1-camera1p5m/prompts/PF_P4D_HN_SIT_G011_V05.txt,c4a7414db1f8a532b662989e3505853c1eae7dc16f0dcac2dbf0f0ec4d090eb4,floor_sitting,hard_negative,negative,negative,hard_negative,P4D_FAST_CLOSE_PROVENANCE_MECHANICAL_LINEAGE_PASS,PROMPT_DERIVED_SYNTHETIC_GT,FROZEN_GENERATION_PROMPT_AND_PLANNED_ROLE,false,true,true,0.9007091522216797,0.04194942761620041,/home/yanbo/net_vlm_person_fallen_v2_optimization/14_person_fallen_v4_operational_freeze/prepared/screen/PFV4_SCREEN_0020/full_scene.jpg,dd745c5718617d3854b73883ef3232142f80e38bd9d3828b79b82b3bb82c69f4,/home/yanbo/net_vlm_person_fallen_v2_optimization/14_person_fallen_v4_operational_freeze/prepared/screen/PFV4_SCREEN_0020/person_crop.jpg,b56fa2ea1067d578408b65505bf25bea4a27776b5712a83d0672614760510820,2
PFV4_SCREEN_0021,normal_negative,NO_ALERT_NORMAL_POSE,FROZEN_LEGAL_V3_SPLIT_PRESERVED_WITHOUT_GT_REWRITE,P4D_PLAN::PF_P4D_HN_SIT_G012_V01,P4D_FROZEN_PLAN_440,PF_P4D_HN_SIT_G012_V01,,PF_P4D_HN_SIT_G012,NEW_SCREEN,V3_SCREEN,/home/yanbo/下载/batches/batch-person-fallen-v2-p4d-hardneg-fullregen-r2-camera1p5m/final/PF_P4D_HN_SIT_G012_V01.png,3685f5dfc8b54219dbf1269d1f019eaa983a49a5dd2072f0d1c8b96d43ab3d7d,FAST_CLOSE_EXPECTED_AND_ACTUAL,/home/yanbo/下载/batches/batch_person-fallen-v2-p4d-hardneg-rev1-camera1p5m/prompts/PF_P4D_HN_SIT_G012_V01.txt,5040bb99caf0255f5be79dafd67dc8a269728f3da5f559ba04b95a1a7a8e324c,floor_sitting,hard_negative,negative,negative,hard_negative,P4D_FAST_CLOSE_PROVENANCE_MECHANICAL_LINEAGE_PASS,PROMPT_DERIVED_SYNTHETIC_GT,FROZEN_GENERATION_PROMPT_AND_PLANNED_ROLE,false,true,true,0.7866939306259155,0.08495952846482935,/home/yanbo/net_vlm_person_fallen_v2_optimization/14_person_fallen_v4_operational_freeze/prepared/screen/PFV4_SCREEN_0021/full_scene.jpg,bc8f3b7a774bf5733a580607c34ce1a6fea40c0f93a7bb1a73d15523dfa1721c,/home/yanbo/net_vlm_person_fallen_v2_optimization/14_person_fallen_v4_operational_freeze/prepared/screen/PFV4_SCREEN_0021/person_crop.jpg,53f0cef7605631c66d396721ce9e9d384b30abe5634603ee1177f33e29b09cd7,2
PFV4_SCREEN_0022,normal_negative,NO_ALERT_NORMAL_POSE,FROZEN_LEGAL_V3_SPLIT_PRESERVED_WITHOUT_GT_REWRITE,P4D_PLAN::PF_P4D_HN_SIT_G012_V02,P4D_FROZEN_PLAN_440,PF_P4D_HN_SIT_G012_V02,,PF_P4D_HN_SIT_G012,NEW_SCREEN,V3_SCREEN,/home/yanbo/下载/batches/batch-person-fallen-v2-p4d-hardneg-fullregen-r2-camera1p5m/final/PF_P4D_HN_SIT_G012_V02.png,d36f68ed65b6f126bef0cbe7fb3831fa5a94d5703ffef8803270ea748fb4741c,FAST_CLOSE_EXPECTED_AND_ACTUAL,/home/yanbo/下载/batches/batch_person-fallen-v2-p4d-hardneg-rev1-camera1p5m/prompts/PF_P4D_HN_SIT_G012_V02.txt,c06e1e39298861a28b131de2f70da4fc504682e0854fc6ca64ef1683602148f9,floor_sitting,hard_negative,negative,negative,hard_negative,P4D_FAST_CLOSE_PROVENANCE_MECHANICAL_LINEAGE_PASS,PROMPT_DERIVED_SYNTHETIC_GT,FROZEN_GENERATION_PROMPT_AND_PLANNED_ROLE,false,true,true,0.8720047473907471,0.040871083521385486,/home/yanbo/net_vlm_person_fallen_v2_optimization/14_person_fallen_v4_operational_freeze/prepared/screen/PFV4_SCREEN_0022/full_scene.jpg,36c8dc584dc252da3ca798b273ec235307589e0096938b8cee2d085ceb357289,/home/yanbo/net_vlm_person_fallen_v2_optimization/14_person_fallen_v4_operational_freeze/prepared/screen/PFV4_SCREEN_0022/person_crop.jpg,600bd97a4d0e591860a3fd4acbae76f54b3ec15a9da7bdfa600b746b2fe02856,2
PFV4_SCREEN_0023,normal_negative,NO_ALERT_NORMAL_POSE,FROZEN_LEGAL_V3_SPLIT_PRESERVED_WITHOUT_GT_REWRITE,P4D_PLAN::PF_P4D_HN_SIT_G012_V03,P4D_FROZEN_PLAN_440,PF_P4D_HN_SIT_G012_V03,,PF_P4D_HN_SIT_G012,NEW_SCREEN,V3_SCREEN,/home/yanbo/下载/batches/batch-person-fallen-v2-p4d-hardneg-fullregen-r2-camera1p5m/final/PF_P4D_HN_SIT_G012_V03.png,3887eb30c1f540e06c9fc328d113c8011eb5a16793af80fa1d469ec35801b424,FAST_CLOSE_EXPECTED_AND_ACTUAL,/home/yanbo/下载/batches/batch_person-fallen-v2-p4d-hardneg-rev1-camera1p5m/prompts/PF_P4D_HN_SIT_G012_V03.txt,6343e81f7838c2422474d5e7f12d43ce182472211f2ca08769048e2669bb70d3,floor_sitting,hard_negative,negative,negative,hard_negative,P4D_FAST_CLOSE_PROVENANCE_MECHANICAL_LINEAGE_PASS,PROMPT_DERIVED_SYNTHETIC_GT,FROZEN_GENERATION_PROMPT_AND_PLANNED_ROLE,false,true,true,0.8945081233978271,0.06909324171020144,/home/yanbo/net_vlm_person_fallen_v2_optimization/14_person_fallen_v4_operational_freeze/prepared/screen/PFV4_SCREEN_0023/full_scene.jpg,38247baf145592a9d49cb57b29d6bef0ef78304df8ed61bb57331469095c86b1,/home/yanbo/net_vlm_person_fallen_v2_optimization/14_person_fallen_v4_operational_freeze/prepared/screen/PFV4_SCREEN_0023/person_crop.jpg,8190f5baa8bcb10168b3b8e5609bba47a3f508b99397190947fa7e50279a9349,2
PFV4_SCREEN_0024,normal_negative,NO_ALERT_NORMAL_POSE,FROZEN_LEGAL_V3_SPLIT_PRESERVED_WITHOUT_GT_REWRITE,P4D_PLAN::PF_P4D_HN_SIT_G012_V04,P4D_FROZEN_PLAN_440,PF_P4D_HN_SIT_G012_V04,,PF_P4D_HN_SIT_G012,NEW_SCREEN,V3_SCREEN,/home/yanbo/下载/batches/batch-person-fallen-v2-p4d-hardneg-fullregen-r2-camera1p5m/final/PF_P4D_HN_SIT_G012_V04.png,675549b77a00269d6c6c32df777510565d028b992f33bad8ef6807bbf745a2ad,FAST_CLOSE_EXPECTED_AND_ACTUAL,/home/yanbo/下载/batches/batch_person-fallen-v2-p4d-hardneg-rev1-camera1p5m/prompts/PF_P4D_HN_SIT_G012_V04.txt,a05023e48ebc3d6cb9396eee6447573e4fbb42a67841076e333e8706ddb0df95,floor_sitting,hard_negative,negative,negative,hard_negative,P4D_FAST_CLOSE_PROVENANCE_MECHANICAL_LINEAGE_PASS,PROMPT_DERIVED_SYNTHETIC_GT,FROZEN_GENERATION_PROMPT_AND_PLANNED_ROLE,false,true,true,0.9471496343612671,0.1634639337285922,/home/yanbo/net_vlm_person_fallen_v2_optimization/14_person_fallen_v4_operational_freeze/prepared/screen/PFV4_SCREEN_0024/full_scene.jpg,03cd9ef72ca5eca32248e2ba62e17978409b3ea5cd40ccf84d702b64a86e5845,/home/yanbo/net_vlm_person_fallen_v2_optimization/14_person_fallen_v4_operational_freeze/prepared/screen/PFV4_SCREEN_0024/person_crop.jpg,bfca831fd8c6f35fbb44208edd1834b8ef80ba1ff0a43cd609e4129feb5658de,2
PFV4_SCREEN_0025,normal_negative,NO_ALERT_NORMAL_POSE,FROZEN_LEGAL_V3_SPLIT_PRESERVED_WITHOUT_GT_REWRITE,P4D_PLAN::PF_P4D_HN_SIT_G012_V05,P4D_FROZEN_PLAN_440,PF_P4D_HN_SIT_G012_V05,,PF_P4D_HN_SIT_G012,NEW_SCREEN,V3_SCREEN,/home/yanbo/下载/batches/batch-person-fallen-v2-p4d-hardneg-fullregen-r2-camera1p5m/final/PF_P4D_HN_SIT_G012_V05.png,22c0179dc083fe659bc1cc1c2405d1e44313804660941b2b01b73f29d3fa2f4f,FAST_CLOSE_EXPECTED_AND_ACTUAL,/home/yanbo/下载/batches/batch_person-fallen-v2-p4d-hardneg-rev1-camera1p5m/prompts/PF_P4D_HN_SIT_G012_V05.txt,22a52cd5ada96259ad6e11be50e797a2afd3077a388c299bd379a4060262567d,floor_sitting,hard_negative,negative,negative,hard_negative,P4D_FAST_CLOSE_PROVENANCE_MECHANICAL_LINEAGE_PASS,PROMPT_DERIVED_SYNTHETIC_GT,FROZEN_GENERATION_PROMPT_AND_PLANNED_ROLE,false,true,true,0.886029064655304,0.073199851092973,/home/yanbo/net_vlm_person_fallen_v2_optimization/14_person_fallen_v4_operational_freeze/prepared/screen/PFV4_SCREEN_0025/full_scene.jpg,90a3d177372bf202c26f92099ebd6b58499cefa1fc67774459af8084ffc2434b,/home/yanbo/net_vlm_person_fallen_v2_optimization/14_person_fallen_v4_operational_freeze/prepared/screen/PFV4_SCREEN_0025/person_crop.jpg,0fb68965f0c42f98588856670108c1eadf27ba8ffbebd392b4e51e490b0ca0a0,2
PFV4_SCREEN_0026,normal_negative,NO_ALERT_NORMAL_POSE,FROZEN_LEGAL_V3_SPLIT_PRESERVED_WITHOUT_GT_REWRITE,P4D_PLAN::PF_P4D_HN_KNEEL_G008_V01,P4D_FROZEN_PLAN_440,PF_P4D_HN_KNEEL_G008_V01,,PF_P4D_HN_KNEEL_G008,NEW_SCREEN,V3_SCREEN,/home/yanbo/下载/batches/batch-person-fallen-v2-p4d-hardneg-fullregen-r2-camera1p5m/final/PF_P4D_HN_KNEEL_G008_V01.png,56bc79407280b2e31c49ac6ea2d58c5af3460a64bf494a816284140b54a6bdda,FAST_CLOSE_EXPECTED_AND_ACTUAL,/home/yanbo/下载/batches/batch_person-fallen-v2-p4d-hardneg-rev1-camera1p5m/prompts/PF_P4D_HN_KNEEL_G008_V01.txt,43b1d72d24355d5ed3a74237db30fcbadf4f19f9322f944e971e5f96f0c8122a,kneeling_half_kneeling,hard_negative,negative,negative,hard_negative,P4D_FAST_CLOSE_PROVENANCE_MECHANICAL_LINEAGE_PASS,PROMPT_DERIVED_SYNTHETIC_GT,FROZEN_GENERATION_PROMPT_AND_PLANNED_ROLE,false,true,true,0.8178139328956604,0.016180146070756664,/home/yanbo/net_vlm_person_fallen_v2_optimization/14_person_fallen_v4_operational_freeze/prepared/screen/PFV4_SCREEN_0026/full_scene.jpg,ebbf74e90c992278fb407aab8acaf7f9db43bea1ce84e2bc76fcb5d168a7d3a8,/home/yanbo/net_vlm_person_fallen_v2_optimization/14_person_fallen_v4_operational_freeze/prepared/screen/PFV4_SCREEN_0026/person_crop.jpg,198c5f3486f967264ae34f3e8b1d790865e9e28fd9b75752f9cb377c478b6da5,2
PFV4_SCREEN_0027,normal_negative,NO_ALERT_NORMAL_POSE,FROZEN_LEGAL_V3_SPLIT_PRESERVED_WITHOUT_GT_REWRITE,P4D_PLAN::PF_P4D_HN_KNEEL_G008_V02,P4D_FROZEN_PLAN_440,PF_P4D_HN_KNEEL_G008_V02,,PF_P4D_HN_KNEEL_G008,NEW_SCREEN,V3_SCREEN,/home/yanbo/下载/batches/batch-person-fallen-v2-p4d-hardneg-fullregen-r2-camera1p5m/final/PF_P4D_HN_KNEEL_G008_V02.png,7627a29a4f7225bca531e3049010d5190305f24918fc7c1250a4c8ac16292f10,FAST_CLOSE_EXPECTED_AND_ACTUAL,/home/yanbo/下载/batches/batch_person-fallen-v2-p4d-hardneg-rev1-camera1p5m/prompts/PF_P4D_HN_KNEEL_G008_V02.txt,5339a3a468b17360cc2b24b3172fb29e0289eee6d2c22d9900132f879b56f934,kneeling_half_kneeling,hard_negative,negative,negative,hard_negative,P4D_FAST_CLOSE_PROVENANCE_MECHANICAL_LINEAGE_PASS,PROMPT_DERIVED_SYNTHETIC_GT,FROZEN_GENERATION_PROMPT_AND_PLANNED_ROLE,false,true,true,0.9215810894966125,0.1367437173978585,/home/yanbo/net_vlm_person_fallen_v2_optimization/14_person_fallen_v4_operational_freeze/prepared/screen/PFV4_SCREEN_0027/full_scene.jpg,48a3fc0de6c9160d5620bfeaa304f1a6339ca0eca2bcc1ab932ae544f57d0c5f,/home/yanbo/net_vlm_person_fallen_v2_optimization/14_person_fallen_v4_operational_freeze/prepared/screen/PFV4_SCREEN_0027/person_crop.jpg,a8a659cad285deac01ac127775556fc569d35f732e693b1478861c2a92344011,2
PFV4_SCREEN_0028,normal_negative,NO_ALERT_NORMAL_POSE,FROZEN_LEGAL_V3_SPLIT_PRESERVED_WITHOUT_GT_REWRITE,P4D_PLAN::PF_P4D_HN_KNEEL_G008_V03,P4D_FROZEN_PLAN_440,PF_P4D_HN_KNEEL_G008_V03,,PF_P4D_HN_KNEEL_G008,NEW_SCREEN,V3_SCREEN,/home/yanbo/下载/batches/batch-person-fallen-v2-p4d-hardneg-fullregen-r2-camera1p5m/final/PF_P4D_HN_KNEEL_G008_V03.png,bd272252ee09698e901c38993d4016f3dff41014d58fe0106e75d58191991339,FAST_CLOSE_EXPECTED_AND_ACTUAL,/home/yanbo/下载/batches/batch_person-fallen-v2-p4d-hardneg-rev1-camera1p5m/prompts/PF_P4D_HN_KNEEL_G008_V03.txt,3f03476809c8104d4c0eac19bb45924e985f92d6e062dec6a1139158d42030df,kneeling_half_kneeling,hard_negative,negative,negative,hard_negative,P4D_FAST_CLOSE_PROVENANCE_MECHANICAL_LINEAGE_PASS,PROMPT_DERIVED_SYNTHETIC_GT,FROZEN_GENERATION_PROMPT_AND_PLANNED_ROLE,false,true,true,0.9282762408256531,0.14078163830407217,/home/yanbo/net_vlm_person_fallen_v2_optimization/14_person_fallen_v4_operational_freeze/prepared/screen/PFV4_SCREEN_0028/full_scene.jpg,e47262f5e96f2d028e6d43a7841b2e004bff43a28c1404011133fe962d1a391c,/home/yanbo/net_vlm_person_fallen_v2_optimization/14_person_fallen_v4_operational_freeze/prepared/screen/PFV4_SCREEN_0028/person_crop.jpg,6d483b2e1f6f1afb0becd85dd9d7427421ac5bc5a5cf14dcd8647a2df5cbdf5d,2
PFV4_SCREEN_0029,normal_negative,NO_ALERT_NORMAL_POSE,FROZEN_LEGAL_V3_SPLIT_PRESERVED_WITHOUT_GT_REWRITE,P4D_PLAN::PF_P4D_HN_KNEEL_G008_V04,P4D_FROZEN_PLAN_440,PF_P4D_HN_KNEEL_G008_V04,,PF_P4D_HN_KNEEL_G008,NEW_SCREEN,V3_SCREEN,/home/yanbo/下载/batches/batch-person-fallen-v2-p4d-hardneg-fullregen-r2-camera1p5m/final/PF_P4D_HN_KNEEL_G008_V04.png,39ff8fff5340afa480d5758b2fda3fbe0b3b1d5c18d58b0813ddb7b94a44ab7b,FAST_CLOSE_EXPECTED_AND_ACTUAL,/home/yanbo/下载/batches/batch_person-fallen-v2-p4d-hardneg-rev1-camera1p5m/prompts/PF_P4D_HN_KNEEL_G008_V04.txt,78d114c278f03a9932333c2b7c58e1036860fb893bf83f1ceafedd9886e04692,kneeling_half_kneeling,hard_negative,negative,negative,hard_negative,P4D_FAST_CLOSE_PROVENANCE_MECHANICAL_LINEAGE_PASS,PROMPT_DERIVED_SYNTHETIC_GT,FROZEN_GENERATION_PROMPT_AND_PLANNED_ROLE,false,true,true,0.9150317907333374,0.18055956036777288,/home/yanbo/net_vlm_person_fallen_v2_optimization/14_person_fallen_v4_operational_freeze/prepared/screen/PFV4_SCREEN_0029/full_scene.jpg,f53f50f0705a0e90dfd4b0b17e9b0f0513cdee2137cd643d86321bd2e198d060,/home/yanbo/net_vlm_person_fallen_v2_optimization/14_person_fallen_v4_operational_freeze/prepared/screen/PFV4_SCREEN_0029/person_crop.jpg,c838203fefb39a4194838950f295cbc1d58b72460483b4db9d503fc615719b1b,2
PFV4_SCREEN_0030,normal_negative,NO_ALERT_NORMAL_POSE,FROZEN_LEGAL_V3_SPLIT_PRESERVED_WITHOUT_GT_REWRITE,P4D_PLAN::PF_P4D_HN_KNEEL_G008_V05,P4D_FROZEN_PLAN_440,PF_P4D_HN_KNEEL_G008_V05,,PF_P4D_HN_KNEEL_G008,NEW_SCREEN,V3_SCREEN,/home/yanbo/下载/batches/batch-person-fallen-v2-p4d-hardneg-fullregen-r2-camera1p5m/final/PF_P4D_HN_KNEEL_G008_V05.png,1c66e4146019746cfc21b3de759aae6b7eee9550e5e23634b656eadaba8a0140,FAST_CLOSE_EXPECTED_AND_ACTUAL,/home/yanbo/下载/batches/batch_person-fallen-v2-p4d-hardneg-rev1-camera1p5m/prompts/PF_P4D_HN_KNEEL_G008_V05.txt,1e96915a0857f55fc4092b16d581167cae7513e1c3ff4c45cc75245b5a1cc6f2,kneeling_half_kneeling,hard_negative,negative,negative,hard_negative,P4D_FAST_CLOSE_PROVENANCE_MECHANICAL_LINEAGE_PASS,PROMPT_DERIVED_SYNTHETIC_GT,FROZEN_GENERATION_PROMPT_AND_PLANNED_ROLE,false,true,true,0.9000956416130066,0.1668518502179628,/home/yanbo/net_vlm_person_fallen_v2_optimization/14_person_fallen_v4_operational_freeze/prepared/screen/PFV4_SCREEN_0030/full_scene.jpg,d22863ae0f0d0474679220d3d9072fa1ad8532a58598f2d5476571060fb8b56b,/home/yanbo/net_vlm_person_fallen_v2_optimization/14_person_fallen_v4_operational_freeze/prepared/screen/PFV4_SCREEN_0030/person_crop.jpg,6e16948d12fc2a060cba937b24dea08d4084c06c8c918a98157a15a8db0bf0cb,2
PFV4_SCREEN_0031,normal_negative,NO_ALERT_NORMAL_POSE,FROZEN_LEGAL_V3_SPLIT_PRESERVED_WITHOUT_GT_REWRITE,P4D_PLAN::PF_P4D_HN_KNEEL_G009_V01,P4D_FROZEN_PLAN_440,PF_P4D_HN_KNEEL_G009_V01,,PF_P4D_HN_KNEEL_G009,NEW_SCREEN,V3_SCREEN,/home/yanbo/下载/batches/batch-person-fallen-v2-p4d-hardneg-fullregen-r2-camera1p5m/final/PF_P4D_HN_KNEEL_G009_V01.png,b024c2e324504db9c3e0ee27a2677a5647be0e3ea895279b490de49904bda5df,FAST_CLOSE_EXPECTED_AND_ACTUAL,/home/yanbo/下载/batches/batch_person-fallen-v2-p4d-hardneg-rev1-camera1p5m/prompts/PF_P4D_HN_KNEEL_G009_V01.txt,71d53dfc79863eed363963b498452ef630b0178ddd1d7a647ce0c4baee467e3c,kneeling_half_kneeling,hard_negative,negative,negative,hard_negative,P4D_FAST_CLOSE_PROVENANCE_MECHANICAL_LINEAGE_PASS,PROMPT_DERIVED_SYNTHETIC_GT,FROZEN_GENERATION_PROMPT_AND_PLANNED_ROLE,false,true,true,0.8312716484069824,0.11049132262240029,/home/yanbo/net_vlm_person_fallen_v2_optimization/14_person_fallen_v4_operational_freeze/prepared/screen/PFV4_SCREEN_0031/full_scene.jpg,db4d24a6e3f43f4a0c0b3bf7a75a46fa8d9039fde771c2d17740ce73dc975071,/home/yanbo/net_vlm_person_fallen_v2_optimization/14_person_fallen_v4_operational_freeze/prepared/screen/PFV4_SCREEN_0031/person_crop.jpg,a6f0beb314640437d7d3a06701e6f4d1b0f65ea568da0050c3dfd545fca971ca,2
PFV4_SCREEN_0032,normal_negative,NO_ALERT_NORMAL_POSE,FROZEN_LEGAL_V3_SPLIT_PRESERVED_WITHOUT_GT_REWRITE,P4D_PLAN::PF_P4D_HN_KNEEL_G009_V02,P4D_FROZEN_PLAN_440,PF_P4D_HN_KNEEL_G009_V02,,PF_P4D_HN_KNEEL_G009,NEW_SCREEN,V3_SCREEN,/home/yanbo/下载/batches/batch-person-fallen-v2-p4d-hardneg-fullregen-r2-camera1p5m/final/PF_P4D_HN_KNEEL_G009_V02.png,3e4cd1c8194c514353ea7dc63756f4fa1b0300093436b7e1d8c530977c9b27e6,FAST_CLOSE_EXPECTED_AND_ACTUAL,/home/yanbo/下载/batches/batch_person-fallen-v2-p4d-hardneg-rev1-camera1p5m/prompts/PF_P4D_HN_KNEEL_G009_V02.txt,8eb7af8e448e7423ea949cb694c760f9fd08a71056e8f4b601ecfa4c4a769713,kneeling_half_kneeling,hard_negative,negative,negative,hard_negative,P4D_FAST_CLOSE_PROVENANCE_MECHANICAL_LINEAGE_PASS,PROMPT_DERIVED_SYNTHETIC_GT,FROZEN_GENERATION_PROMPT_AND_PLANNED_ROLE,false,true,true,0.9212668538093567,0.11721656717682677,/home/yanbo/net_vlm_person_fallen_v2_optimization/14_person_fallen_v4_operational_freeze/prepared/screen/PFV4_SCREEN_0032/full_scene.jpg,5f42f6d893b2364f8df051c5983ef161b829ee79bf93aa0628692718cd99763c,/home/yanbo/net_vlm_person_fallen_v2_optimization/14_person_fallen_v4_operational_freeze/prepared/screen/PFV4_SCREEN_0032/person_crop.jpg,345ec884250689b2f59034ab40413332ad6d885f6eda3d5dc326b4f5ef1c976e,2
PFV4_SCREEN_0033,normal_negative,NO_ALERT_NORMAL_POSE,FROZEN_LEGAL_V3_SPLIT_PRESERVED_WITHOUT_GT_REWRITE,P4D_PLAN::PF_P4D_HN_KNEEL_G009_V03,P4D_FROZEN_PLAN_440,PF_P4D_HN_KNEEL_G009_V03,,PF_P4D_HN_KNEEL_G009,NEW_SCREEN,V3_SCREEN,/home/yanbo/net_vlm_person_fallen_v2_optimization/08_p4d_new_hard_negative_dev_revision/02_generation/gr3_fullregen/06_execution/quota_campaign_window_01_authorized_20260830_05/08_final/PF_P4D_HN_KNEEL_G009_V03.png,217fe977333506f063cf4574d441a9644bb71c85fcba8a38bc9f836c5d7c826c,FAST_CLOSE_EXPECTED_AND_ACTUAL,/home/yanbo/下载/batches/batch_person-fallen-v2-p4d-hardneg-rev1-camera1p5m/prompts/PF_P4D_HN_KNEEL_G009_V03.txt,78cce9e13abc2d03678713e9ae759060109a536483a15b536ba87275cdb01ec6,kneeling_half_kneeling,hard_negative,negative,negative,hard_negative,P4D_FAST_CLOSE_PROVENANCE_MECHANICAL_LINEAGE_PASS,PROMPT_DERIVED_SYNTHETIC_GT,FROZEN_GENERATION_PROMPT_AND_PLANNED_ROLE,false,true,true,0.9093979001045227,0.15166204766890992,/home/yanbo/net_vlm_person_fallen_v2_optimization/14_person_fallen_v4_operational_freeze/prepared/screen/PFV4_SCREEN_0033/full_scene.jpg,54e5d60d5edfab50eda0da3dc08a029b67e826820e9ad336217a31056f60d2ed,/home/yanbo/net_vlm_person_fallen_v2_optimization/14_person_fallen_v4_operational_freeze/prepared/screen/PFV4_SCREEN_0033/person_crop.jpg,ab53a7f3c1eea201a3fbf019007748b04d53db8b5de00952258b5b6bc712613b,2
PFV4_SCREEN_0034,normal_negative,NO_ALERT_NORMAL_POSE,FROZEN_LEGAL_V3_SPLIT_PRESERVED_WITHOUT_GT_REWRITE,P4D_PLAN::PF_P4D_HN_KNEEL_G009_V04,P4D_FROZEN_PLAN_440,PF_P4D_HN_KNEEL_G009_V04,,PF_P4D_HN_KNEEL_G009,NEW_SCREEN,V3_SCREEN,/home/yanbo/net_vlm_person_fallen_v2_optimization/08_p4d_new_hard_negative_dev_revision/02_generation/gr3_fullregen/06_execution/quota_campaign_window_01_authorized_20260830_05/08_final/PF_P4D_HN_KNEEL_G009_V04.png,9f3c79cd42d307dab91e5030e46e3509044abf996fec3917652b9824407c2ca7,FAST_CLOSE_EXPECTED_AND_ACTUAL,/home/yanbo/下载/batches/batch_person-fallen-v2-p4d-hardneg-rev1-camera1p5m/prompts/PF_P4D_HN_KNEEL_G009_V04.txt,fd5443a2ba97e937e92851e540ee0a31af679659d7ce5da54a92be8685bd6cf1,kneeling_half_kneeling,hard_negative,negative,negative,hard_negative,P4D_FAST_CLOSE_PROVENANCE_MECHANICAL_LINEAGE_PASS,PROMPT_DERIVED_SYNTHETIC_GT,FROZEN_GENERATION_PROMPT_AND_PLANNED_ROLE,false,true,true,0.9244685173034668,0.10672836368875492,/home/yanbo/net_vlm_person_fallen_v2_optimization/14_person_fallen_v4_operational_freeze/prepared/screen/PFV4_SCREEN_0034/full_scene.jpg,2a290827e1bbe2c928e662ef6aed15f67476b3e9ff656f692807ec2630211ca0,/home/yanbo/net_vlm_person_fallen_v2_optimization/14_person_fallen_v4_operational_freeze/prepared/screen/PFV4_SCREEN_0034/person_crop.jpg,b8feb2439f235057f3b60827f4eeed9f194144c20a966f24f25a88ad7440909c,2
PFV4_SCREEN_0035,normal_negative,NO_ALERT_NORMAL_POSE,FROZEN_LEGAL_V3_SPLIT_PRESERVED_WITHOUT_GT_REWRITE,P4D_PLAN::PF_P4D_HN_KNEEL_G009_V05,P4D_FROZEN_PLAN_440,PF_P4D_HN_KNEEL_G009_V05,,PF_P4D_HN_KNEEL_G009,NEW_SCREEN,V3_SCREEN,/home/yanbo/net_vlm_person_fallen_v2_optimization/08_p4d_new_hard_negative_dev_revision/02_generation/gr3_fullregen/06_execution/quota_campaign_window_01_authorized_20260830_05/08_final/PF_P4D_HN_KNEEL_G009_V05.png,2d75e4de53d2edad686a5d004c88a08ddc8807b275d0ea9a99a27ff825bc361d,FAST_CLOSE_EXPECTED_AND_ACTUAL,/home/yanbo/下载/batches/batch_person-fallen-v2-p4d-hardneg-rev1-camera1p5m/prompts/PF_P4D_HN_KNEEL_G009_V05.txt,92dadc3dba5615cb68ffd9ad23e510f3ee5b1eac62f2e68b08a7376ec08f5aa9,kneeling_half_kneeling,hard_negative,negative,negative,hard_negative,P4D_FAST_CLOSE_PROVENANCE_MECHANICAL_LINEAGE_PASS,PROMPT_DERIVED_SYNTHETIC_GT,FROZEN_GENERATION_PROMPT_AND_PLANNED_ROLE,false,true,true,0.8875008821487427,0.08552384997138116,/home/yanbo/net_vlm_person_fallen_v2_optimization/14_person_fallen_v4_operational_freeze/prepared/screen/PFV4_SCREEN_0035/full_scene.jpg,4e5f7fdf73948ee9073f8112cd4a2f0eee3fa7be064d4b45685a87b15a8e6b6e,/home/yanbo/net_vlm_person_fallen_v2_optimization/14_person_fallen_v4_operational_freeze/prepared/screen/PFV4_SCREEN_0035/person_crop.jpg,3705899d3c5a4d1992ac74b2beb0f00421ee28dfbd9a997ee7b7a91a5f83e3a8,2
PFV4_SCREEN_0036,normal_negative,NO_ALERT_NORMAL_POSE,FROZEN_LEGAL_V3_SPLIT_PRESERVED_WITHOUT_GT_REWRITE,P4D_PLAN::PF_P4D_HN_MAINT_G006_V01,P4D_FROZEN_PLAN_440,PF_P4D_HN_MAINT_G006_V01,,PF_P4D_HN_MAINT_G006,NEW_SCREEN,V3_SCREEN,/home/yanbo/net_vlm_person_fallen_v2_optimization/08_p4d_new_hard_negative_dev_revision/02_generation/gr3_fullregen/06_execution/quota_campaign_window_03_gr3q6_authorized_20260831_01/08_final/PF_P4D_HN_MAINT_G006_V01.png,e3c695d7477ac6d23fdc3355705576187733d5cc318428d35dc6650438af829f,FAST_CLOSE_EXPECTED_AND_ACTUAL,/home/yanbo/下载/batches/batch_person-fallen-v2-p4d-hardneg-rev1-camera1p5m/prompts/PF_P4D_HN_MAINT_G006_V01.txt,ef9fdb69acc4b16cdfd8d7e79a35eee5917e8f1fe87d81685f7f2eafde33c78d,ground_maintenance,hard_negative,negative,negative,hard_negative,P4D_FAST_CLOSE_PROVENANCE_MECHANICAL_LINEAGE_PASS,PROMPT_DERIVED_SYNTHETIC_GT,FROZEN_GENERATION_PROMPT_AND_PLANNED_ROLE,false,true,true,0.8899680972099304,0.1079960323056173,/home/yanbo/net_vlm_person_fallen_v2_optimization/14_person_fallen_v4_operational_freeze/prepared/screen/PFV4_SCREEN_0036/full_scene.jpg,d7e27e616facdc1b2308a834fee120ed35f2c116e203872aa659d0a0b83ecd7a,/home/yanbo/net_vlm_person_fallen_v2_optimization/14_person_fallen_v4_operational_freeze/prepared/screen/PFV4_SCREEN_0036/person_crop.jpg,ca5f4809b571db1b8cfa5eae5f3f6ff97a6a44f399abf57305c8687012f51757,2
PFV4_SCREEN_0037,normal_negative,NO_ALERT_NORMAL_POSE,FROZEN_LEGAL_V3_SPLIT_PRESERVED_WITHOUT_GT_REWRITE,P4D_PLAN::PF_P4D_HN_SQUAT_G006_V01,P4D_FROZEN_PLAN_440,PF_P4D_HN_SQUAT_G006_V01,,PF_P4D_HN_SQUAT_G006,NEW_SCREEN,V3_SCREEN,/home/yanbo/net_vlm_person_fallen_v2_optimization/08_p4d_new_hard_negative_dev_revision/02_generation/gr3_fullregen/06_execution/quota_campaign_window_04_gr3q7_authorized_20260831_01/08_final/PF_P4D_HN_SQUAT_G006_V01.png,4ebfe3368ea901fce3b9df9d97ca6e7f8aea94fe378105a2b91e0c51bfe34844,FAST_CLOSE_EXPECTED_AND_ACTUAL,/home/yanbo/下载/batches/batch_person-fallen-v2-p4d-hardneg-rev1-camera1p5m/prompts/PF_P4D_HN_SQUAT_G006_V01.txt,a2ed968bc2effc60c86c4f32d6f46cfac1b56bc6bbb2084dee4b4000b6edea25,squat_crouch_deep_bend,hard_negative,negative,negative,hard_negative,P4D_FAST_CLOSE_PROVENANCE_MECHANICAL_LINEAGE_PASS,PROMPT_DERIVED_SYNTHETIC_GT,FROZEN_GENERATION_PROMPT_AND_PLANNED_ROLE,false,true,true,0.9235628843307495,0.13171774860371915,/home/yanbo/net_vlm_person_fallen_v2_optimization/14_person_fallen_v4_operational_freeze/prepared/screen/PFV4_SCREEN_0037/full_scene.jpg,49b5f224f2504ad0972eedd842f21f2f21047899fec9238de88b724ed771d652,/home/yanbo/net_vlm_person_fallen_v2_optimization/14_person_fallen_v4_operational_freeze/prepared/screen/PFV4_SCREEN_0037/person_crop.jpg,94d94a192caec494ba82855deb7960798efc7632eb0b39e943b4227f9e249891,2
PFV4_SCREEN_0038,normal_negative,NO_ALERT_NORMAL_POSE,FROZEN_LEGAL_V3_SPLIT_PRESERVED_WITHOUT_GT_REWRITE,P4D_PLAN::PF_P4D_HN_SQUAT_G006_V02,P4D_FROZEN_PLAN_440,PF_P4D_HN_SQUAT_G006_V02,,PF_P4D_HN_SQUAT_G006,NEW_SCREEN,V3_SCREEN,/home/yanbo/net_vlm_person_fallen_v2_optimization/08_p4d_new_hard_negative_dev_revision/02_generation/gr3_fullregen/06_execution/quota_campaign_window_04_gr3q7_authorized_20260831_01/08_final/PF_P4D_HN_SQUAT_G006_V02.png,8fea406b8d47b179de27d7211774a16acb7029bdb9da469b466cc54b4f9afdd7,FAST_CLOSE_EXPECTED_AND_ACTUAL,/home/yanbo/下载/batches/batch_person-fallen-v2-p4d-hardneg-rev1-camera1p5m/prompts/PF_P4D_HN_SQUAT_G006_V02.txt,348bc3b79c2383a87bce713946088c5416c383be8b6857481e5c7622f3c451a2,squat_crouch_deep_bend,hard_negative,negative,negative,hard_negative,P4D_FAST_CLOSE_PROVENANCE_MECHANICAL_LINEAGE_PASS,PROMPT_DERIVED_SYNTHETIC_GT,FROZEN_GENERATION_PROMPT_AND_PLANNED_ROLE,false,true,true,0.901392936706543,0.07748656145883918,/home/yanbo/net_vlm_person_fallen_v2_optimization/14_person_fallen_v4_operational_freeze/prepared/screen/PFV4_SCREEN_0038/full_scene.jpg,46c5e30cc207afa910cfe29062e9a4b7f74ab6e43c0333696e5687ce343c2ac4,/home/yanbo/net_vlm_person_fallen_v2_optimization/14_person_fallen_v4_operational_freeze/prepared/screen/PFV4_SCREEN_0038/person_crop.jpg,480a537fd61503d0ec5d27516766c2357c27c7bc76a45ad856253976b209ccb4,2
PFV4_SCREEN_0039,normal_negative,NO_ALERT_NORMAL_POSE,FROZEN_LEGAL_V3_SPLIT_PRESERVED_WITHOUT_GT_REWRITE,P4D_PLAN::PF_P4D_HN_SQUAT_G006_V03,P4D_FROZEN_PLAN_440,PF_P4D_HN_SQUAT_G006_V03,,PF_P4D_HN_SQUAT_G006,NEW_SCREEN,V3_SCREEN,/home/yanbo/net_vlm_person_fallen_v2_optimization/08_p4d_new_hard_negative_dev_revision/02_generation/gr3_fullregen/06_execution/quota_campaign_window_04_gr3q7_authorized_20260831_01/08_final/PF_P4D_HN_SQUAT_G006_V03.png,9f2e8a7815f4829fa88c4a14905343c8f698d020582a194d899d3bdd0bb7c922,FAST_CLOSE_EXPECTED_AND_ACTUAL,/home/yanbo/下载/batches/batch_person-fallen-v2-p4d-hardneg-rev1-camera1p5m/prompts/PF_P4D_HN_SQUAT_G006_V03.txt,36082ac7cb7ba476b0ccf6358616044619f45f2b1ec469076752dd104cbf2e35,squat_crouch_deep_bend,hard_negative,negative,negative,hard_negative,P4D_FAST_CLOSE_PROVENANCE_MECHANICAL_LINEAGE_PASS,PROMPT_DERIVED_SYNTHETIC_GT,FROZEN_GENERATION_PROMPT_AND_PLANNED_ROLE,false,true,false,,,/home/yanbo/net_vlm_person_fallen_v2_optimization/14_person_fallen_v4_operational_freeze/prepared/screen/PFV4_SCREEN_0039/full_scene.jpg,e116a006880416450a2623651881ebf2dd9e595fc7d23bf84da6bc75b0195b4e,/home/yanbo/net_vlm_person_fallen_v2_optimization/14_person_fallen_v4_operational_freeze/prepared/screen/PFV4_SCREEN_0039/person_crop.jpg,e116a006880416450a2623651881ebf2dd9e595fc7d23bf84da6bc75b0195b4e,1
PFV4_SCREEN_0040,normal_negative,NO_ALERT_NORMAL_POSE,FROZEN_LEGAL_V3_SPLIT_PRESERVED_WITHOUT_GT_REWRITE,P4D_PLAN::PF_P4D_HN_SQUAT_G006_V04,P4D_FROZEN_PLAN_440,PF_P4D_HN_SQUAT_G006_V04,,PF_P4D_HN_SQUAT_G006,NEW_SCREEN,V3_SCREEN,/home/yanbo/net_vlm_person_fallen_v2_optimization/08_p4d_new_hard_negative_dev_revision/02_generation/gr3_fullregen/06_execution/quota_campaign_window_04_gr3q7_authorized_20260831_01/08_final/PF_P4D_HN_SQUAT_G006_V04.png,16abb64f9c6d14df3615793a8e3c963b99d6ff7030b11f69f70674178ca09619,FAST_CLOSE_EXPECTED_AND_ACTUAL,/home/yanbo/下载/batches/batch_person-fallen-v2-p4d-hardneg-rev1-camera1p5m/prompts/PF_P4D_HN_SQUAT_G006_V04.txt,51166e09fbe0ba5b105e354d9b69842f2f8d3251c304f5bb0d1a60050e7ff3dd,squat_crouch_deep_bend,hard_negative,negative,negative,hard_negative,P4D_FAST_CLOSE_PROVENANCE_MECHANICAL_LINEAGE_PASS,PROMPT_DERIVED_SYNTHETIC_GT,FROZEN_GENERATION_PROMPT_AND_PLANNED_ROLE,false,true,true,0.9066240787506104,0.057433928241134934,/home/yanbo/net_vlm_person_fallen_v2_optimization/14_person_fallen_v4_operational_freeze/prepared/screen/PFV4_SCREEN_0040/full_scene.jpg,410bb667979cdebdfe818bf7fe6bd219d54754ff066778adc43f4006ebfb4c32,/home/yanbo/net_vlm_person_fallen_v2_optimization/14_person_fallen_v4_operational_freeze/prepared/screen/PFV4_SCREEN_0040/person_crop.jpg,6d0259c155219dffb467c525abfb6889a9fe6e34ce50f97a0d878260badd32a0,2
PFV4_SCREEN_0041,normal_negative,NO_ALERT_NORMAL_POSE,FROZEN_LEGAL_V3_SPLIT_PRESERVED_WITHOUT_GT_REWRITE,P4D_PLAN::PF_P4D_HN_SQUAT_G006_V05,P4D_FROZEN_PLAN_440,PF_P4D_HN_SQUAT_G006_V05,,PF_P4D_HN_SQUAT_G006,NEW_SCREEN,V3_SCREEN,/home/yanbo/net_vlm_person_fallen_v2_optimization/08_p4d_new_hard_negative_dev_revision/02_generation/gr3_fullregen/06_execution/quota_campaign_window_04_gr3q7_authorized_20260831_01/08_final/PF_P4D_HN_SQUAT_G006_V05.png,be82a50da7b39a0577a009ef61a133393fd33d1c938f71d009e6b63ed0349906,FAST_CLOSE_EXPECTED_AND_ACTUAL,/home/yanbo/下载/batches/batch_person-fallen-v2-p4d-hardneg-rev1-camera1p5m/prompts/PF_P4D_HN_SQUAT_G006_V05.txt,df1c9978b59506bbb5ce3000a19dbfcb0537f1b4e9a5f636e9b876225ba8e01e,squat_crouch_deep_bend,hard_negative,negative,negative,hard_negative,P4D_FAST_CLOSE_PROVENANCE_MECHANICAL_LINEAGE_PASS,PROMPT_DERIVED_SYNTHETIC_GT,FROZEN_GENERATION_PROMPT_AND_PLANNED_ROLE,false,true,true,0.9129873514175415,0.11674827873664778,/home/yanbo/net_vlm_person_fallen_v2_optimization/14_person_fallen_v4_operational_freeze/prepared/screen/PFV4_SCREEN_0041/full_scene.jpg,8a129786b1acf3c6a465074183cad96fa9456ab6c5b67e121977990edf1eee06,/home/yanbo/net_vlm_person_fallen_v2_optimization/14_person_fallen_v4_operational_freeze/prepared/screen/PFV4_SCREEN_0041/person_crop.jpg,87ff5f5c7ad1bdbcc37ba5b28189bece38694ded7d565e96577f25ea165e20ec,2
PFV4_SCREEN_0042,normal_negative,NO_ALERT_NORMAL_POSE,FROZEN_LEGAL_V3_SPLIT_PRESERVED_WITHOUT_GT_REWRITE,P4D_PLAN::PF_P4D_HN_MIX_G003_V01,P4D_FROZEN_PLAN_440,PF_P4D_HN_MIX_G003_V01,,PF_P4D_HN_MIX_G003,NEW_SCREEN,V3_SCREEN,/home/yanbo/net_vlm_person_fallen_v2_optimization/08_p4d_new_hard_negative_dev_revision/02_generation/gr3_fullregen/06_execution/quota_campaign_window_05_gr3q8_authorized_20260831_01/08_final/PF_P4D_HN_MIX_G003_V01.png,bf382895a2f7b29162c6b32fbde747c1071625c5053789b4360f469942e1d234,FAST_CLOSE_EXPECTED_AND_ACTUAL,/home/yanbo/下载/batches/batch_person-fallen-v2-p4d-hardneg-rev1-camera1p5m/prompts/PF_P4D_HN_MIX_G003_V01.txt,49e11bb9201912221b692c599796bcc5c39fa42631f5e5ba6572ecf6c4e2ea89,mixed_hard_negative,hard_negative,negative,negative,hard_negative,P4D_FAST_CLOSE_PROVENANCE_MECHANICAL_LINEAGE_PASS,PROMPT_DERIVED_SYNTHETIC_GT,FROZEN_GENERATION_PROMPT_AND_PLANNED_ROLE,false,true,true,0.86903977394104,0.1304779584460284,/home/yanbo/net_vlm_person_fallen_v2_optimization/14_person_fallen_v4_operational_freeze/prepared/screen/PFV4_SCREEN_0042/full_scene.jpg,52fcd81a88b15015b00de10f6b08f079ba8e711effd8f74e0026f15ccb774de6,/home/yanbo/net_vlm_person_fallen_v2_optimization/14_person_fallen_v4_operational_freeze/prepared/screen/PFV4_SCREEN_0042/person_crop.jpg,4f3128250007919f96d62d340708897039dee0af871930ceb089a5a1a892ab45,2
PFV4_SCREEN_0043,normal_negative,NO_ALERT_NORMAL_POSE,FROZEN_LEGAL_V3_SPLIT_PRESERVED_WITHOUT_GT_REWRITE,P4D_PLAN::PF_P4D_HN_MIX_G003_V02,P4D_FROZEN_PLAN_440,PF_P4D_HN_MIX_G003_V02,,PF_P4D_HN_MIX_G003,NEW_SCREEN,V3_SCREEN,/home/yanbo/net_vlm_person_fallen_v2_optimization/08_p4d_new_hard_negative_dev_revision/02_generation/gr3_fullregen/06_execution/quota_campaign_window_05_gr3q8_authorized_20260831_01/08_final/PF_P4D_HN_MIX_G003_V02.png,bfdd5e06500f9a54dee1443f8ee51c40db46695c54ad94c54e237330bc1929fa,FAST_CLOSE_EXPECTED_AND_ACTUAL,/home/yanbo/下载/batches/batch_person-fallen-v2-p4d-hardneg-rev1-camera1p5m/prompts/PF_P4D_HN_MIX_G003_V02.txt,99310ef8c1ceca3ae54b97b256727e0c463f0c5bd58314b46e674851fe22a544,mixed_hard_negative,hard_negative,negative,negative,hard_negative,P4D_FAST_CLOSE_PROVENANCE_MECHANICAL_LINEAGE_PASS,PROMPT_DERIVED_SYNTHETIC_GT,FROZEN_GENERATION_PROMPT_AND_PLANNED_ROLE,false,true,true,0.9401335120201111,0.18713074527860796,/home/yanbo/net_vlm_person_fallen_v2_optimization/14_person_fallen_v4_operational_freeze/prepared/screen/PFV4_SCREEN_0043/full_scene.jpg,626e2a4f2606310526b3e75f43381d152e7ebd292988f9a0d83415d5964bfb35,/home/yanbo/net_vlm_person_fallen_v2_optimization/14_person_fallen_v4_operational_freeze/prepared/screen/PFV4_SCREEN_0043/person_crop.jpg,a2ec5dc240ed56a4a072127ecf4ac6ccb0bdf1c092fa7e82c41275bbb617d5e6,2
PFV4_SCREEN_0044,normal_negative,NO_ALERT_NORMAL_POSE,FROZEN_LEGAL_V3_SPLIT_PRESERVED_WITHOUT_GT_REWRITE,P4D_PLAN::PF_P4D_HN_MIX_G003_V03,P4D_FROZEN_PLAN_440,PF_P4D_HN_MIX_G003_V03,,PF_P4D_HN_MIX_G003,NEW_SCREEN,V3_SCREEN,/home/yanbo/net_vlm_person_fallen_v2_optimization/08_p4d_new_hard_negative_dev_revision/02_generation/gr3_fullregen/06_execution/quota_campaign_window_05_gr3q8_authorized_20260831_01/08_final/PF_P4D_HN_MIX_G003_V03.png,de1ce3010d3bc086c0309de6621809c70a175b49a67c18b30894fbb0165c1bc5,FAST_CLOSE_EXPECTED_AND_ACTUAL,/home/yanbo/下载/batches/batch_person-fallen-v2-p4d-hardneg-rev1-camera1p5m/prompts/PF_P4D_HN_MIX_G003_V03.txt,15606e25cedaeb1d1c364e9cc30d7fd68106b8eaca9308c6eebcf24401840062,mixed_hard_negative,hard_negative,negative,negative,hard_negative,P4D_FAST_CLOSE_PROVENANCE_MECHANICAL_LINEAGE_PASS,PROMPT_DERIVED_SYNTHETIC_GT,FROZEN_GENERATION_PROMPT_AND_PLANNED_ROLE,false,true,true,0.8662121295928955,0.01745056234373435,/home/yanbo/net_vlm_person_fallen_v2_optimization/14_person_fallen_v4_operational_freeze/prepared/screen/PFV4_SCREEN_0044/full_scene.jpg,fa8ce4e85960b0bebda69e63bc2396a37c388170492f37e6131f2dd345f427fb,/home/yanbo/net_vlm_person_fallen_v2_optimization/14_person_fallen_v4_operational_freeze/prepared/screen/PFV4_SCREEN_0044/person_crop.jpg,65ed573cf16ce19a5e2b75bb475af9f9e4ac9a11cedeb24adeea05ff6af34b71,2
PFV4_SCREEN_0045,normal_negative,NO_ALERT_NORMAL_POSE,FROZEN_LEGAL_V3_SPLIT_PRESERVED_WITHOUT_GT_REWRITE,P4D_PLAN::PF_P4D_HN_MIX_G003_V04,P4D_FROZEN_PLAN_440,PF_P4D_HN_MIX_G003_V04,,PF_P4D_HN_MIX_G003,NEW_SCREEN,V3_SCREEN,/home/yanbo/net_vlm_person_fallen_v2_optimization/08_p4d_new_hard_negative_dev_revision/02_generation/gr3_fullregen/06_execution/quota_campaign_window_05_gr3q8_authorized_20260831_01/08_final/PF_P4D_HN_MIX_G003_V04.png,17eaf46440682d6ca3e41a449e33a4d7c3e463f3a963ce0758753425af643b13,FAST_CLOSE_EXPECTED_AND_ACTUAL,/home/yanbo/下载/batches/batch_person-fallen-v2-p4d-hardneg-rev1-camera1p5m/prompts/PF_P4D_HN_MIX_G003_V04.txt,481fbf877dc576abad2c7d3d30b66f4b9d0d55a3ca6f038fa100a23cf756373f,mixed_hard_negative,hard_negative,negative,negative,hard_negative,P4D_FAST_CLOSE_PROVENANCE_MECHANICAL_LINEAGE_PASS,PROMPT_DERIVED_SYNTHETIC_GT,FROZEN_GENERATION_PROMPT_AND_PLANNED_ROLE,false,true,false,,,/home/yanbo/net_vlm_person_fallen_v2_optimization/14_person_fallen_v4_operational_freeze/prepared/screen/PFV4_SCREEN_0045/full_scene.jpg,7c4ae0cc60275b853e583846f36df53ebf288282702ab151a540826823d1e1a6,/home/yanbo/net_vlm_person_fallen_v2_optimization/14_person_fallen_v4_operational_freeze/prepared/screen/PFV4_SCREEN_0045/person_crop.jpg,7c4ae0cc60275b853e583846f36df53ebf288282702ab151a540826823d1e1a6,1
PFV4_SCREEN_0046,normal_negative,NO_ALERT_NORMAL_POSE,FROZEN_LEGAL_V3_SPLIT_PRESERVED_WITHOUT_GT_REWRITE,P4D_PLAN::PF_P4D_HN_MIX_G003_V05,P4D_FROZEN_PLAN_440,PF_P4D_HN_MIX_G003_V05,,PF_P4D_HN_MIX_G003,NEW_SCREEN,V3_SCREEN,/home/yanbo/net_vlm_person_fallen_v2_optimization/08_p4d_new_hard_negative_dev_revision/02_generation/gr3_fullregen/06_execution/quota_campaign_window_05_gr3q8_authorized_20260831_01/08_final/PF_P4D_HN_MIX_G003_V05.png,da444bdf191fde922674c5921d71193faee7832d1313d3af2e1e4fecfab5221d,FAST_CLOSE_EXPECTED_AND_ACTUAL,/home/yanbo/下载/batches/batch_person-fallen-v2-p4d-hardneg-rev1-camera1p5m/prompts/PF_P4D_HN_MIX_G003_V05.txt,ae0035761ecade2534a18d8bb24cc510fb08756f2a0ba60cfdc203be6aa4269b,mixed_hard_negative,hard_negative,negative,negative,hard_negative,P4D_FAST_CLOSE_PROVENANCE_MECHANICAL_LINEAGE_PASS,PROMPT_DERIVED_SYNTHETIC_GT,FROZEN_GENERATION_PROMPT_AND_PLANNED_ROLE,false,true,true,0.6610065698623657,0.07382495182178293,/home/yanbo/net_vlm_person_fallen_v2_optimization/14_person_fallen_v4_operational_freeze/prepared/screen/PFV4_SCREEN_0046/full_scene.jpg,42e14979a5012ddc85e3474c9583cc73f71fd833b48787e658ad7a05133531f9,/home/yanbo/net_vlm_person_fallen_v2_optimization/14_person_fallen_v4_operational_freeze/prepared/screen/PFV4_SCREEN_0046/person_crop.jpg,b20603c509811bb74480414bb7c46a08b839c091a4b1d4bbf1546174360ca435,2
PFV4_SCREEN_0047,ground_lying,ALERT_GROUND_LYING,FROZEN_LEGAL_V3_SPLIT_PRESERVED_WITHOUT_GT_REWRITE,P4D_PLAN::PF_P4D_POS_SUPINE_G004_V01,P4D_FROZEN_PLAN_440,PF_P4D_POS_SUPINE_G004_V01,,PF_P4D_POS_SUPINE_G004,NEW_SCREEN,V3_SCREEN,/home/yanbo/net_vlm_person_fallen_v2_optimization/08_p4d_new_hard_negative_dev_revision/02_generation/gr3_fullregen/06_execution/quota_campaign_window_01_authorized_20260830_05/08_final/PF_P4D_POS_SUPINE_G004_V01.png,8099807b5016585ee3ad05867beafcc3a6c1d9ac4bd836157d6d0909519859d2,FAST_CLOSE_EXPECTED_AND_ACTUAL,/home/yanbo/下载/batches/batch_person-fallen-v2-p4d-hardneg-rev1-camera1p5m/prompts/PF_P4D_POS_SUPINE_G004_V01.txt,e3e5534f84134d8449aba874ed81b45328e90470ac282c85d8879207ec3e2cb7,supine_ground_lying,positive,positive,positive,positive,P4D_FAST_CLOSE_PROVENANCE_MECHANICAL_LINEAGE_PASS,PROMPT_DERIVED_SYNTHETIC_GT,FROZEN_GENERATION_PROMPT_AND_PLANNED_ROLE,false,true,true,0.3811466693878174,0.04043354005226309,/home/yanbo/net_vlm_person_fallen_v2_optimization/14_person_fallen_v4_operational_freeze/prepared/screen/PFV4_SCREEN_0047/full_scene.jpg,bb28e827adad77828e788c8b929e7f0dcb3cdb159e5ca6ab6086f43594ac53f7,/home/yanbo/net_vlm_person_fallen_v2_optimization/14_person_fallen_v4_operational_freeze/prepared/screen/PFV4_SCREEN_0047/person_crop.jpg,4e52425b5c045abe6d9964405a27ef194ce6c4ab0f0cda4a365946693fb168c6,2
PFV4_SCREEN_0048,ground_lying,ALERT_GROUND_LYING,FROZEN_LEGAL_V3_SPLIT_PRESERVED_WITHOUT_GT_REWRITE,P4D_PLAN::PF_P4D_POS_SUPINE_G004_V02,P4D_FROZEN_PLAN_440,PF_P4D_POS_SUPINE_G004_V02,,PF_P4D_POS_SUPINE_G004,NEW_SCREEN,V3_SCREEN,/home/yanbo/net_vlm_person_fallen_v2_optimization/08_p4d_new_hard_negative_dev_revision/02_generation/gr3_fullregen/06_execution/quota_campaign_window_01_authorized_20260830_05/08_final/PF_P4D_POS_SUPINE_G004_V02.png,0f7980a5fa653d0df5e828a14192d525f287dcc1df92e8c9012444f249b11b12,FAST_CLOSE_EXPECTED_AND_ACTUAL,/home/yanbo/下载/batches/batch_person-fallen-v2-p4d-hardneg-rev1-camera1p5m/prompts/PF_P4D_POS_SUPINE_G004_V02.txt,29ebcc386897ecc3c0ef64d0be4489fc1a19bfb95ae3b69ec927ffdc3a29ab1a,supine_ground_lying,positive,positive,positive,positive,P4D_FAST_CLOSE_PROVENANCE_MECHANICAL_LINEAGE_PASS,PROMPT_DERIVED_SYNTHETIC_GT,FROZEN_GENERATION_PROMPT_AND_PLANNED_ROLE,false,true,true,0.9139871597290039,0.14126359581189818,/home/yanbo/net_vlm_person_fallen_v2_optimization/14_person_fallen_v4_operational_freeze/prepared/screen/PFV4_SCREEN_0048/full_scene.jpg,ebf977cbcde535784971d30f2504006c63905b8e3adcc420e47f4dc136f0014f,/home/yanbo/net_vlm_person_fallen_v2_optimization/14_person_fallen_v4_operational_freeze/prepared/screen/PFV4_SCREEN_0048/person_crop.jpg,6a15de22f60fc21feb3b39bd8153baeb228955aa76d663db7e3702b1c6296340,2
PFV4_SCREEN_0049,ground_lying,ALERT_GROUND_LYING,FROZEN_LEGAL_V3_SPLIT_PRESERVED_WITHOUT_GT_REWRITE,P4D_PLAN::PF_P4D_POS_SUPINE_G004_V03,P4D_FROZEN_PLAN_440,PF_P4D_POS_SUPINE_G004_V03,,PF_P4D_POS_SUPINE_G004,NEW_SCREEN,V3_SCREEN,/home/yanbo/net_vlm_person_fallen_v2_optimization/08_p4d_new_hard_negative_dev_revision/02_generation/gr3_fullregen/06_execution/quota_campaign_window_01_authorized_20260830_05/08_final/PF_P4D_POS_SUPINE_G004_V03.png,8edee3b619ed808644e94e7b0c9d64b8b4e4c8ffddc812bf7411bbca57f819c8,FAST_CLOSE_EXPECTED_AND_ACTUAL,/home/yanbo/下载/batches/batch_person-fallen-v2-p4d-hardneg-rev1-camera1p5m/prompts/PF_P4D_POS_SUPINE_G004_V03.txt,8bc3191dc90a571679947c49a3ab18f364d60a66c058797a8905469288e37006,supine_ground_lying,positive,positive,positive,positive,P4D_FAST_CLOSE_PROVENANCE_MECHANICAL_LINEAGE_PASS,PROMPT_DERIVED_SYNTHETIC_GT,FROZEN_GENERATION_PROMPT_AND_PLANNED_ROLE,false,true,true,0.9077584743499756,0.2440790193151002,/home/yanbo/net_vlm_person_fallen_v2_optimization/14_person_fallen_v4_operational_freeze/prepared/screen/PFV4_SCREEN_0049/full_scene.jpg,88fdc0fcaebd603f4b88967602dc88dd37666df171317715c947a5c518545fc3,/home/yanbo/net_vlm_person_fallen_v2_optimization/14_person_fallen_v4_operational_freeze/prepared/screen/PFV4_SCREEN_0049/person_crop.jpg,f03b86c55eb6620bea9f7ec0f2e77b8d5be14db54622da05b12e95199abffdbd,2
PFV4_SCREEN_0050,ground_lying,ALERT_GROUND_LYING,FROZEN_LEGAL_V3_SPLIT_PRESERVED_WITHOUT_GT_REWRITE,P4D_PLAN::PF_P4D_POS_SUPINE_G004_V04,P4D_FROZEN_PLAN_440,PF_P4D_POS_SUPINE_G004_V04,,PF_P4D_POS_SUPINE_G004,NEW_SCREEN,V3_SCREEN,/home/yanbo/net_vlm_person_fallen_v2_optimization/08_p4d_new_hard_negative_dev_revision/02_generation/gr3_fullregen/06_execution/quota_campaign_window_01_authorized_20260830_05/08_final/PF_P4D_POS_SUPINE_G004_V04.png,df951b32f24404546b4782d0b353325838abb1af907eb681b947ed31bfadd2c4,FAST_CLOSE_EXPECTED_AND_ACTUAL,/home/yanbo/下载/batches/batch_person-fallen-v2-p4d-hardneg-rev1-camera1p5m/prompts/PF_P4D_POS_SUPINE_G004_V04.txt,6ea05ddcc2712ce2b97b548663ab55ca0bdda2094c9436cc9241f868a4f29538,supine_ground_lying,positive,positive,positive,positive,P4D_FAST_CLOSE_PROVENANCE_MECHANICAL_LINEAGE_PASS,PROMPT_DERIVED_SYNTHETIC_GT,FROZEN_GENERATION_PROMPT_AND_PLANNED_ROLE,false,true,true,0.8406839966773987,0.08020443466633743,/home/yanbo/net_vlm_person_fallen_v2_optimization/14_person_fallen_v4_operational_freeze/prepared/screen/PFV4_SCREEN_0050/full_scene.jpg,b256a8a6bfc004307f0a57e20563f15f5fd765fba5b361f81465cb46c2ca9077,/home/yanbo/net_vlm_person_fallen_v2_optimization/14_person_fallen_v4_operational_freeze/prepared/screen/PFV4_SCREEN_0050/person_crop.jpg,c7b69be7e9a55f716116ac44650182aa12dc83a90eaecbb241039acc545509ba,2
PFV4_SCREEN_0051,ground_lying,ALERT_GROUND_LYING,FROZEN_LEGAL_V3_SPLIT_PRESERVED_WITHOUT_GT_REWRITE,P4D_PLAN::PF_P4D_POS_SUPINE_G004_V05,P4D_FROZEN_PLAN_440,PF_P4D_POS_SUPINE_G004_V05,,PF_P4D_POS_SUPINE_G004,NEW_SCREEN,V3_SCREEN,/home/yanbo/net_vlm_person_fallen_v2_optimization/08_p4d_new_hard_negative_dev_revision/02_generation/gr3_fullregen/06_execution/quota_campaign_window_01_authorized_20260830_05/08_final/PF_P4D_POS_SUPINE_G004_V05.png,2667430870aec5cac19459fb2c24b4fae06b248c8d37a74bb35dee008b6e33f0,FAST_CLOSE_EXPECTED_AND_ACTUAL,/home/yanbo/下载/batches/batch_person-fallen-v2-p4d-hardneg-rev1-camera1p5m/prompts/PF_P4D_POS_SUPINE_G004_V05.txt,1a535f0ca6d79e6c733e45fdeeae0801bb4f09d25f2e56da3913ca75c025565b,supine_ground_lying,positive,positive,positive,positive,P4D_FAST_CLOSE_PROVENANCE_MECHANICAL_LINEAGE_PASS,PROMPT_DERIVED_SYNTHETIC_GT,FROZEN_GENERATION_PROMPT_AND_PLANNED_ROLE,false,true,true,0.8942239880561829,0.050366924864259394,/home/yanbo/net_vlm_person_fallen_v2_optimization/14_person_fallen_v4_operational_freeze/prepared/screen/PFV4_SCREEN_0051/full_scene.jpg,29ad03992de0aa4fb88be81d4810450f8a81c67b56b482bfcceb7ad17c7d212b,/home/yanbo/net_vlm_person_fallen_v2_optimization/14_person_fallen_v4_operational_freeze/prepared/screen/PFV4_SCREEN_0051/person_crop.jpg,40f9d0c3a1489a0831e02d3e3b3b4729a73c7472ccd5935ffaf524dda587943b,2
PFV4_SCREEN_0052,ground_lying,ALERT_GROUND_LYING,FROZEN_LEGAL_V3_SPLIT_PRESERVED_WITHOUT_GT_REWRITE,P4D_PLAN::PF_P4D_POS_PRONE_G004_V01,P4D_FROZEN_PLAN_440,PF_P4D_POS_PRONE_G004_V01,,PF_P4D_POS_PRONE_G004,NEW_SCREEN,V3_SCREEN,/home/yanbo/net_vlm_person_fallen_v2_optimization/08_p4d_new_hard_negative_dev_revision/02_generation/gr3_fullregen/06_execution/quota_campaign_window_01_authorized_20260830_05/08_final/PF_P4D_POS_PRONE_G004_V01.png,24f532ea6ac012a9bfd87ccbc6a6773f000fa4839f70b55a39674a7148425bba,FAST_CLOSE_EXPECTED_AND_ACTUAL,/home/yanbo/下载/batches/batch_person-fallen-v2-p4d-hardneg-rev1-camera1p5m/prompts/PF_P4D_POS_PRONE_G004_V01.txt,df5df68b3a4738c9129f28501baa992515db299cc651c23d6c58c809b401a933,prone_ground_lying,positive,positive,positive,positive,P4D_FAST_CLOSE_PROVENANCE_MECHANICAL_LINEAGE_PASS,PROMPT_DERIVED_SYNTHETIC_GT,FROZEN_GENERATION_PROMPT_AND_PLANNED_ROLE,false,true,true,0.7942655086517334,0.05806293235402942,/home/yanbo/net_vlm_person_fallen_v2_optimization/14_person_fallen_v4_operational_freeze/prepared/screen/PFV4_SCREEN_0052/full_scene.jpg,6429d5293933ae6195cfb5b41c68f98859b33f9515b7ec5530adc36462501344,/home/yanbo/net_vlm_person_fallen_v2_optimization/14_person_fallen_v4_operational_freeze/prepared/screen/PFV4_SCREEN_0052/person_crop.jpg,cb9ce8eaf207d696d552cf8137b52ff9d5a5bd2c04f5e635480fd205ee1ed939,2
PFV4_SCREEN_0053,ground_lying,ALERT_GROUND_LYING,FROZEN_LEGAL_V3_SPLIT_PRESERVED_WITHOUT_GT_REWRITE,P4D_PLAN::PF_P4D_POS_PRONE_G004_V02,P4D_FROZEN_PLAN_440,PF_P4D_POS_PRONE_G004_V02,,PF_P4D_POS_PRONE_G004,NEW_SCREEN,V3_SCREEN,/home/yanbo/net_vlm_person_fallen_v2_optimization/08_p4d_new_hard_negative_dev_revision/02_generation/gr3_fullregen/06_execution/quota_campaign_window_01_authorized_20260830_05/08_final/PF_P4D_POS_PRONE_G004_V02.png,318c1dd42378c7de8ef42c7981fe5e710e46535b93405f5c2352ade5c90b5f4f,FAST_CLOSE_EXPECTED_AND_ACTUAL,/home/yanbo/下载/batches/batch_person-fallen-v2-p4d-hardneg-rev1-camera1p5m/prompts/PF_P4D_POS_PRONE_G004_V02.txt,f8393c7111f3c2cf1558a061c0520e7c8aa9731d611dcbf2efdf0b6994b33ae3,prone_ground_lying,positive,positive,positive,positive,P4D_FAST_CLOSE_PROVENANCE_MECHANICAL_LINEAGE_PASS,PROMPT_DERIVED_SYNTHETIC_GT,FROZEN_GENERATION_PROMPT_AND_PLANNED_ROLE,false,true,true,0.8367817401885986,0.05737118718323742,/home/yanbo/net_vlm_person_fallen_v2_optimization/14_person_fallen_v4_operational_freeze/prepared/screen/PFV4_SCREEN_0053/full_scene.jpg,082b803e186f890a0a25b24a9f8bc629e067497ed35a0e6ba1a1887facc174f1,/home/yanbo/net_vlm_person_fallen_v2_optimization/14_person_fallen_v4_operational_freeze/prepared/screen/PFV4_SCREEN_0053/person_crop.jpg,86a3b825adbcb5d4b887c60e26b4a2b659f234b99a89112874b53829d78a8f9c,2
PFV4_SCREEN_0054,ground_lying,ALERT_GROUND_LYING,FROZEN_LEGAL_V3_SPLIT_PRESERVED_WITHOUT_GT_REWRITE,P4D_PLAN::PF_P4D_POS_PRONE_G004_V03,P4D_FROZEN_PLAN_440,PF_P4D_POS_PRONE_G004_V03,,PF_P4D_POS_PRONE_G004,NEW_SCREEN,V3_SCREEN,/home/yanbo/net_vlm_person_fallen_v2_optimization/08_p4d_new_hard_negative_dev_revision/02_generation/gr3_fullregen/06_execution/quota_campaign_window_01_authorized_20260830_05/08_final/PF_P4D_POS_PRONE_G004_V03.png,50cedbcdf8e36ea95ccb8312b25492a79738a4caa726231937549fd00c6a4d75,FAST_CLOSE_EXPECTED_AND_ACTUAL,/home/yanbo/下载/batches/batch_person-fallen-v2-p4d-hardneg-rev1-camera1p5m/prompts/PF_P4D_POS_PRONE_G004_V03.txt,9f2c58b743dff172ae9aed9d266321383648765d6bc08df52144b7428d06b89a,prone_ground_lying,positive,positive,positive,positive,P4D_FAST_CLOSE_PROVENANCE_MECHANICAL_LINEAGE_PASS,PROMPT_DERIVED_SYNTHETIC_GT,FROZEN_GENERATION_PROMPT_AND_PLANNED_ROLE,false,true,true,0.9245839715003967,0.11352523764459123,/home/yanbo/net_vlm_person_fallen_v2_optimization/14_person_fallen_v4_operational_freeze/prepared/screen/PFV4_SCREEN_0054/full_scene.jpg,2ca8e6494f221685c08bf07d9efcd3d5a47a5736000a3b2d9c7c699c0d0bf249,/home/yanbo/net_vlm_person_fallen_v2_optimization/14_person_fallen_v4_operational_freeze/prepared/screen/PFV4_SCREEN_0054/person_crop.jpg,262b34b39b61e8f7fcf0344017803d727d092bde2f320e229e33f2e185624115,2
PFV4_SCREEN_0055,ground_lying,ALERT_GROUND_LYING,FROZEN_LEGAL_V3_SPLIT_PRESERVED_WITHOUT_GT_REWRITE,P4D_PLAN::PF_P4D_POS_PRONE_G004_V04,P4D_FROZEN_PLAN_440,PF_P4D_POS_PRONE_G004_V04,,PF_P4D_POS_PRONE_G004,NEW_SCREEN,V3_SCREEN,/home/yanbo/net_vlm_person_fallen_v2_optimization/08_p4d_new_hard_negative_dev_revision/02_generation/gr3_fullregen/06_execution/quota_campaign_window_01_authorized_20260830_05/08_final/PF_P4D_POS_PRONE_G004_V04.png,4b3d7b219028eca6059d33dc1cb462db42ff8a0e202bda634ba3525a7a1b0383,FAST_CLOSE_EXPECTED_AND_ACTUAL,/home/yanbo/下载/batches/batch_person-fallen-v2-p4d-hardneg-rev1-camera1p5m/prompts/PF_P4D_POS_PRONE_G004_V04.txt,3081b656c59473f0841a05070ba94e188eacbceeb2af2615e5c1716e1f93f2f6,prone_ground_lying,positive,positive,positive,positive,P4D_FAST_CLOSE_PROVENANCE_MECHANICAL_LINEAGE_PASS,PROMPT_DERIVED_SYNTHETIC_GT,FROZEN_GENERATION_PROMPT_AND_PLANNED_ROLE,false,true,true,0.8576474785804749,0.12317395282370314,/home/yanbo/net_vlm_person_fallen_v2_optimization/14_person_fallen_v4_operational_freeze/prepared/screen/PFV4_SCREEN_0055/full_scene.jpg,8c820878ae9f6b658c9e146faa9e4bc2e45880a35181f200d5a738e6e7155057,/home/yanbo/net_vlm_person_fallen_v2_optimization/14_person_fallen_v4_operational_freeze/prepared/screen/PFV4_SCREEN_0055/person_crop.jpg,ddd590bfab060f848e4ddc2536ce815cc4f72569802421d68bdae94539169578,2
PFV4_SCREEN_0056,ground_lying,ALERT_GROUND_LYING,FROZEN_LEGAL_V3_SPLIT_PRESERVED_WITHOUT_GT_REWRITE,P4D_PLAN::PF_P4D_POS_PRONE_G004_V05,P4D_FROZEN_PLAN_440,PF_P4D_POS_PRONE_G004_V05,,PF_P4D_POS_PRONE_G004,NEW_SCREEN,V3_SCREEN,/home/yanbo/net_vlm_person_fallen_v2_optimization/08_p4d_new_hard_negative_dev_revision/02_generation/gr3_fullregen/06_execution/quota_campaign_window_01_authorized_20260830_05/08_final/PF_P4D_POS_PRONE_G004_V05.png,857478e79a9c14bbfcb631f824aec33c3ddc678aa02ab6acb018a808710d1a5e,FAST_CLOSE_EXPECTED_AND_ACTUAL,/home/yanbo/下载/batches/batch_person-fallen-v2-p4d-hardneg-rev1-camera1p5m/prompts/PF_P4D_POS_PRONE_G004_V05.txt,e758c048dc9f2332a2602d8f6b464ab39edd3666638332056353f860718b78c7,prone_ground_lying,positive,positive,positive,positive,P4D_FAST_CLOSE_PROVENANCE_MECHANICAL_LINEAGE_PASS,PROMPT_DERIVED_SYNTHETIC_GT,FROZEN_GENERATION_PROMPT_AND_PLANNED_ROLE,false,true,true,0.179463192820549,0.043815986420781376,/home/yanbo/net_vlm_person_fallen_v2_optimization/14_person_fallen_v4_operational_freeze/prepared/screen/PFV4_SCREEN_0056/full_scene.jpg,21b150b793b2efa9d8d29d43c2a8a2bd9dd20b36a0937b81eda2b42a52adafa5,/home/yanbo/net_vlm_person_fallen_v2_optimization/14_person_fallen_v4_operational_freeze/prepared/screen/PFV4_SCREEN_0056/person_crop.jpg,9755dce5bd7df5c96a70064c3168ac1af3f127d1d695f09f65012a5b3f207b48,2
PFV4_SCREEN_0057,ground_lying,ALERT_GROUND_LYING,FROZEN_LEGAL_V3_SPLIT_PRESERVED_WITHOUT_GT_REWRITE,P4D_PLAN::PF_P4D_POS_SIDE_G003_V01,P4D_FROZEN_PLAN_440,PF_P4D_POS_SIDE_G003_V01,,PF_P4D_POS_SIDE_G003,NEW_SCREEN,V3_SCREEN,/home/yanbo/net_vlm_person_fallen_v2_optimization/08_p4d_new_hard_negative_dev_revision/02_generation/gr3_fullregen/06_execution/quota_campaign_window_05_gr3q8_authorized_20260831_01/08_final/PF_P4D_POS_SIDE_G003_V01.png,d99dd647a02977daf3ca56fdfc1e844fe6ad83f37e4bd3da6a2725de26b4b16e,FAST_CLOSE_EXPECTED_AND_ACTUAL,/home/yanbo/下载/batches/batch_person-fallen-v2-p4d-hardneg-rev1-camera1p5m/prompts/PF_P4D_POS_SIDE_G003_V01.txt,c9ab85862d531831e6def11c829802710bd2c3ffcf89bedcaaabea79febb3678,side_lying,positive,positive,positive,positive,P4D_FAST_CLOSE_PROVENANCE_MECHANICAL_LINEAGE_PASS,PROMPT_DERIVED_SYNTHETIC_GT,FROZEN_GENERATION_PROMPT_AND_PLANNED_ROLE,false,true,true,0.9115438461303711,0.23290710100786075,/home/yanbo/net_vlm_person_fallen_v2_optimization/14_person_fallen_v4_operational_freeze/prepared/screen/PFV4_SCREEN_0057/full_scene.jpg,5a33e09973b82a8210e4a8972ed4ef9b1f65de05f46209fd9aae3d1b82c61d2c,/home/yanbo/net_vlm_person_fallen_v2_optimization/14_person_fallen_v4_operational_freeze/prepared/screen/PFV4_SCREEN_0057/person_crop.jpg,24769be9423c503ad7a3996e323b781ea85374058c6cd69bfe78e3e1a7d41058,2
PFV4_SCREEN_0058,ground_lying,ALERT_GROUND_LYING,FROZEN_LEGAL_V3_SPLIT_PRESERVED_WITHOUT_GT_REWRITE,P4D_PLAN::PF_P4D_POS_SIDE_G003_V02,P4D_FROZEN_PLAN_440,PF_P4D_POS_SIDE_G003_V02,,PF_P4D_POS_SIDE_G003,NEW_SCREEN,V3_SCREEN,/home/yanbo/net_vlm_person_fallen_v2_optimization/08_p4d_new_hard_negative_dev_revision/02_generation/gr3_fullregen/06_execution/quota_campaign_window_05_gr3q8_authorized_20260831_01/08_final/PF_P4D_POS_SIDE_G003_V02.png,c98160b85e355bd17527a734b0f95125dd7c6f2bde5f104899638e49ccc91931,FAST_CLOSE_EXPECTED_AND_ACTUAL,/home/yanbo/下载/batches/batch_person-fallen-v2-p4d-hardneg-rev1-camera1p5m/prompts/PF_P4D_POS_SIDE_G003_V02.txt,f8ea788010145280d4e6e9e3a3cefbab31478e7c721aad1487873c5a16fb5af2,side_lying,positive,positive,positive,positive,P4D_FAST_CLOSE_PROVENANCE_MECHANICAL_LINEAGE_PASS,PROMPT_DERIVED_SYNTHETIC_GT,FROZEN_GENERATION_PROMPT_AND_PLANNED_ROLE,false,true,true,0.7732588052749634,0.12017052916188227,/home/yanbo/net_vlm_person_fallen_v2_optimization/14_person_fallen_v4_operational_freeze/prepared/screen/PFV4_SCREEN_0058/full_scene.jpg,c2380b3d9f11fc3fde015d7bcd479717e0e180b213e74b64c65d1f0ee8aded8f,/home/yanbo/net_vlm_person_fallen_v2_optimization/14_person_fallen_v4_operational_freeze/prepared/screen/PFV4_SCREEN_0058/person_crop.jpg,2c4cfe6807e621595dff59ecabd7cda96c02a74a996979dec6c9da85b3e757ab,2
PFV4_SCREEN_0059,ground_lying,ALERT_GROUND_LYING,FROZEN_LEGAL_V3_SPLIT_PRESERVED_WITHOUT_GT_REWRITE,P4D_PLAN::PF_P4D_POS_SIDE_G003_V03,P4D_FROZEN_PLAN_440,PF_P4D_POS_SIDE_G003_V03,,PF_P4D_POS_SIDE_G003,NEW_SCREEN,V3_SCREEN,/home/yanbo/net_vlm_person_fallen_v2_optimization/08_p4d_new_hard_negative_dev_revision/02_generation/gr3_fullregen/06_execution/quota_campaign_window_05_gr3q8_authorized_20260831_01/08_final/PF_P4D_POS_SIDE_G003_V03.png,b228466917caf64b9106156b9e1162d10411debf82dc59008c69e271bd5a4a2b,FAST_CLOSE_EXPECTED_AND_ACTUAL,/home/yanbo/下载/batches/batch_person-fallen-v2-p4d-hardneg-rev1-camera1p5m/prompts/PF_P4D_POS_SIDE_G003_V03.txt,07da71680a0a0d623c443ee6f087fb099d8c8ebae61c04c4f67f1aa3722ca4c3,side_lying,positive,positive,positive,positive,P4D_FAST_CLOSE_PROVENANCE_MECHANICAL_LINEAGE_PASS,PROMPT_DERIVED_SYNTHETIC_GT,FROZEN_GENERATION_PROMPT_AND_PLANNED_ROLE,false,true,true,0.9266721606254578,0.1702660691791809,/home/yanbo/net_vlm_person_fallen_v2_optimization/14_person_fallen_v4_operational_freeze/prepared/screen/PFV4_SCREEN_0059/full_scene.jpg,adb1e2b487173123b7f9957f838895fa6b8e37108553aab7de26e0afe0c24c4a,/home/yanbo/net_vlm_person_fallen_v2_optimization/14_person_fallen_v4_operational_freeze/prepared/screen/PFV4_SCREEN_0059/person_crop.jpg,90ee0d7b74543c24eacff00034ca3cd9dc7eb7513063e00281509ae526ef3fd2,2
PFV4_SCREEN_0060,ground_lying,ALERT_GROUND_LYING,FROZEN_LEGAL_V3_SPLIT_PRESERVED_WITHOUT_GT_REWRITE,P4D_PLAN::PF_P4D_POS_SIDE_G003_V04,P4D_FROZEN_PLAN_440,PF_P4D_POS_SIDE_G003_V04,,PF_P4D_POS_SIDE_G003,NEW_SCREEN,V3_SCREEN,/home/yanbo/net_vlm_person_fallen_v2_optimization/08_p4d_new_hard_negative_dev_revision/02_generation/gr3_fullregen/06_execution/quota_campaign_window_05_gr3q8_authorized_20260831_01/08_final/PF_P4D_POS_SIDE_G003_V04.png,ba6ce2540307e3ae783fed38d00f20e30343a23ce04f408a7b4766cc0f1d1f47,FAST_CLOSE_EXPECTED_AND_ACTUAL,/home/yanbo/下载/batches/batch_person-fallen-v2-p4d-hardneg-rev1-camera1p5m/prompts/PF_P4D_POS_SIDE_G003_V04.txt,831ae7c6dee13ca4f07f8ab1b389a13799caedb81e76feb54513e65ab567e577,side_lying,positive,positive,positive,positive,P4D_FAST_CLOSE_PROVENANCE_MECHANICAL_LINEAGE_PASS,PROMPT_DERIVED_SYNTHETIC_GT,FROZEN_GENERATION_PROMPT_AND_PLANNED_ROLE,false,true,true,0.9168131947517395,0.07424662039779058,/home/yanbo/net_vlm_person_fallen_v2_optimization/14_person_fallen_v4_operational_freeze/prepared/screen/PFV4_SCREEN_0060/full_scene.jpg,9bc2f6e826a98723b76068b64eee648d9b381cf004536145317223192fb0a8b1,/home/yanbo/net_vlm_person_fallen_v2_optimization/14_person_fallen_v4_operational_freeze/prepared/screen/PFV4_SCREEN_0060/person_crop.jpg,e0a1c91dc5a78dd76b7aab8bd64a52ce76cf05be1d92ebdff21cc21372ba030c,2
PFV4_SCREEN_0061,ground_lying,ALERT_GROUND_LYING,FROZEN_LEGAL_V3_SPLIT_PRESERVED_WITHOUT_GT_REWRITE,P4D_PLAN::PF_P4D_POS_SIDE_G003_V05,P4D_FROZEN_PLAN_440,PF_P4D_POS_SIDE_G003_V05,,PF_P4D_POS_SIDE_G003,NEW_SCREEN,V3_SCREEN,/home/yanbo/net_vlm_person_fallen_v2_optimization/08_p4d_new_hard_negative_dev_revision/02_generation/gr3_fullregen/06_execution/quota_campaign_window_05_gr3q8_authorized_20260831_01/08_final/PF_P4D_POS_SIDE_G003_V05.png,9d801db9dd4c2f2265e0d00439872306181ae9632a02a4ec48a794ba0f8db9b4,FAST_CLOSE_EXPECTED_AND_ACTUAL,/home/yanbo/下载/batches/batch_person-fallen-v2-p4d-hardneg-rev1-camera1p5m/prompts/PF_P4D_POS_SIDE_G003_V05.txt,3b602b0bfdfbfbb8c7beff07537d6b610f9597199ba57cce6a1c5a9e07d17b3c,side_lying,positive,positive,positive,positive,P4D_FAST_CLOSE_PROVENANCE_MECHANICAL_LINEAGE_PASS,PROMPT_DERIVED_SYNTHETIC_GT,FROZEN_GENERATION_PROMPT_AND_PLANNED_ROLE,false,true,true,0.9054164290428162,0.06703019254826359,/home/yanbo/net_vlm_person_fallen_v2_optimization/14_person_fallen_v4_operational_freeze/prepared/screen/PFV4_SCREEN_0061/full_scene.jpg,2880df7777682f2d51edc003fd2fb9ccd67946a8ebbb9936446ee5d82fae1f3e,/home/yanbo/net_vlm_person_fallen_v2_optimization/14_person_fallen_v4_operational_freeze/prepared/screen/PFV4_SCREEN_0061/person_crop.jpg,90cda865423fdeffc8da1a7af8c29e177615e938e28c9073537ad1b24250650a,2
PFV4_SCREEN_0062,ground_lying,ALERT_GROUND_LYING,FROZEN_LEGAL_V3_SPLIT_PRESERVED_WITHOUT_GT_REWRITE,P4D_PLAN::PF_P4D_POS_CURLED_G003_V01,P4D_FROZEN_PLAN_440,PF_P4D_POS_CURLED_G003_V01,,PF_P4D_POS_CURLED_G003,NEW_SCREEN,V3_SCREEN,/home/yanbo/net_vlm_person_fallen_v2_optimization/08_p4d_new_hard_negative_dev_revision/02_generation/gr3_fullregen/06_execution/quota_campaign_window_01_authorized_20260830_05/08_final/PF_P4D_POS_CURLED_G003_V01.png,0ec8ab3eef2dee7d34110766dc459c6d3d7fbc48407a8ada7394e30c2408abfb,FAST_CLOSE_EXPECTED_AND_ACTUAL,/home/yanbo/下载/batches/batch_person-fallen-v2-p4d-hardneg-rev1-camera1p5m/prompts/PF_P4D_POS_CURLED_G003_V01.txt,4059792f9b8c2018c04917cb7a8858a83e2366e05c7607ecd14c066bebc440ec,curled_or_partially_occluded_lying,positive,positive,positive,positive,P4D_FAST_CLOSE_PROVENANCE_MECHANICAL_LINEAGE_PASS,PROMPT_DERIVED_SYNTHETIC_GT,FROZEN_GENERATION_PROMPT_AND_PLANNED_ROLE,false,true,true,0.8884856700897217,0.08019365216602131,/home/yanbo/net_vlm_person_fallen_v2_optimization/14_person_fallen_v4_operational_freeze/prepared/screen/PFV4_SCREEN_0062/full_scene.jpg,d0d4574824a84dbc560e7b653719b33dd9fb6b969a6358cf35031d47d3548854,/home/yanbo/net_vlm_person_fallen_v2_optimization/14_person_fallen_v4_operational_freeze/prepared/screen/PFV4_SCREEN_0062/person_crop.jpg,1b8fcc01a4d955f4a014c74fa70d830d72e50271591330ccb046cf4fd0ed9a37,2
PFV4_SCREEN_0063,ground_lying,ALERT_GROUND_LYING,FROZEN_LEGAL_V3_SPLIT_PRESERVED_WITHOUT_GT_REWRITE,P4D_PLAN::PF_P4D_POS_CURLED_G003_V02,P4D_FROZEN_PLAN_440,PF_P4D_POS_CURLED_G003_V02,,PF_P4D_POS_CURLED_G003,NEW_SCREEN,V3_SCREEN,/home/yanbo/net_vlm_person_fallen_v2_optimization/08_p4d_new_hard_negative_dev_revision/02_generation/gr3_fullregen/06_execution/quota_campaign_window_01_authorized_20260830_05/08_final/PF_P4D_POS_CURLED_G003_V02.png,857f76dd2f773aa40c1cfbe097c7df7948af8db7274d0394a1aa45e40967651c,FAST_CLOSE_EXPECTED_AND_ACTUAL,/home/yanbo/下载/batches/batch_person-fallen-v2-p4d-hardneg-rev1-camera1p5m/prompts/PF_P4D_POS_CURLED_G003_V02.txt,a715ef0ab674eb76443665ffd19f7ba32797d3e43781d1f6857b97b780555410,curled_or_partially_occluded_lying,positive,positive,positive,positive,P4D_FAST_CLOSE_PROVENANCE_MECHANICAL_LINEAGE_PASS,PROMPT_DERIVED_SYNTHETIC_GT,FROZEN_GENERATION_PROMPT_AND_PLANNED_ROLE,false,true,true,0.858041524887085,0.1429026566989099,/home/yanbo/net_vlm_person_fallen_v2_optimization/14_person_fallen_v4_operational_freeze/prepared/screen/PFV4_SCREEN_0063/full_scene.jpg,3611a34e24c7d51d392edd72449204fa9ff559746e97d5ddaf948b8181e55c26,/home/yanbo/net_vlm_person_fallen_v2_optimization/14_person_fallen_v4_operational_freeze/prepared/screen/PFV4_SCREEN_0063/person_crop.jpg,654ebc8c213c314c879913a20c54604652a46edbbd0697f150f45c82ff5a9238,2
PFV4_SCREEN_0064,ground_lying,ALERT_GROUND_LYING,FROZEN_LEGAL_V3_SPLIT_PRESERVED_WITHOUT_GT_REWRITE,P4D_PLAN::PF_P4D_POS_CURLED_G003_V03,P4D_FROZEN_PLAN_440,PF_P4D_POS_CURLED_G003_V03,,PF_P4D_POS_CURLED_G003,NEW_SCREEN,V3_SCREEN,/home/yanbo/net_vlm_person_fallen_v2_optimization/08_p4d_new_hard_negative_dev_revision/02_generation/gr3_fullregen/06_execution/quota_campaign_window_02_policy_adapter_20260830_01/08_final/PF_P4D_POS_CURLED_G003_V03.png,ba6d65e33971be24526c565da46a9af23ca4e7ffb5acfe581345df47a73d82ce,FAST_CLOSE_CURRENT_REHASH_EXPECTED_FIELD_EMPTY,/home/yanbo/下载/batches/batch_person-fallen-v2-p4d-hardneg-rev1-camera1p5m/prompts/PF_P4D_POS_CURLED_G003_V03.txt,97868c61b8d65000969f4c8fc8fd04e52875839312cb8090b32ef34c60025f1a,curled_or_partially_occluded_lying,positive,positive,positive,positive,P4D_FAST_CLOSE_PROVENANCE_MECHANICAL_LINEAGE_PASS,PROMPT_DERIVED_SYNTHETIC_GT,FROZEN_GENERATION_PROMPT_AND_PLANNED_ROLE,false,true,true,0.8588947057723999,0.16576536685767668,/home/yanbo/net_vlm_person_fallen_v2_optimization/14_person_fallen_v4_operational_freeze/prepared/screen/PFV4_SCREEN_0064/full_scene.jpg,958f38c00af367633f4bed5578244f6fe8cbc47171ca72a53b804bf4851db654,/home/yanbo/net_vlm_person_fallen_v2_optimization/14_person_fallen_v4_operational_freeze/prepared/screen/PFV4_SCREEN_0064/person_crop.jpg,a6ecc74771026a3327362b371d540aaebab847913b4efda3c66d74bc3a83325c,2
PFV4_SCREEN_0065,ground_lying,ALERT_GROUND_LYING,FROZEN_LEGAL_V3_SPLIT_PRESERVED_WITHOUT_GT_REWRITE,P4D_PLAN::PF_P4D_POS_CURLED_G003_V04,P4D_FROZEN_PLAN_440,PF_P4D_POS_CURLED_G003_V04,,PF_P4D_POS_CURLED_G003,NEW_SCREEN,V3_SCREEN,/home/yanbo/net_vlm_person_fallen_v2_optimization/08_p4d_new_hard_negative_dev_revision/02_generation/gr3_fullregen/06_execution/quota_campaign_window_02_policy_adapter_20260830_01/08_final/PF_P4D_POS_CURLED_G003_V04.png,061022f4fc20068e241079c06f07ecfc0b6f47f3d854fd6fc9e8dba458f8118b,FAST_CLOSE_CURRENT_REHASH_EXPECTED_FIELD_EMPTY,/home/yanbo/下载/batches/batch_person-fallen-v2-p4d-hardneg-rev1-camera1p5m/prompts/PF_P4D_POS_CURLED_G003_V04.txt,fc90252830d7b46476b5e51e3fdc7ad7c800cbf94ba244e06a72d3c0d26a95f8,curled_or_partially_occluded_lying,positive,positive,positive,positive,P4D_FAST_CLOSE_PROVENANCE_MECHANICAL_LINEAGE_PASS,PROMPT_DERIVED_SYNTHETIC_GT,FROZEN_GENERATION_PROMPT_AND_PLANNED_ROLE,false,true,true,0.8938969373703003,0.0662175583942798,/home/yanbo/net_vlm_person_fallen_v2_optimization/14_person_fallen_v4_operational_freeze/prepared/screen/PFV4_SCREEN_0065/full_scene.jpg,ba89f4bf3234ba1f5ff25553b9c587252c136f23fc765d8afbcf75511a5ead83,/home/yanbo/net_vlm_person_fallen_v2_optimization/14_person_fallen_v4_operational_freeze/prepared/screen/PFV4_SCREEN_0065/person_crop.jpg,1e42b9e093fb6b0eabc30f3dc02e5fc1361993ef89d1be5ae80ef403ab7c2872,2
PFV4_SCREEN_0066,ground_lying,ALERT_GROUND_LYING,FROZEN_LEGAL_V3_SPLIT_PRESERVED_WITHOUT_GT_REWRITE,P4D_PLAN::PF_P4D_POS_CURLED_G003_V05,P4D_FROZEN_PLAN_440,PF_P4D_POS_CURLED_G003_V05,,PF_P4D_POS_CURLED_G003,NEW_SCREEN,V3_SCREEN,/home/yanbo/net_vlm_person_fallen_v2_optimization/08_p4d_new_hard_negative_dev_revision/02_generation/gr3_fullregen/06_execution/quota_campaign_window_02_policy_adapter_20260830_01/08_final/PF_P4D_POS_CURLED_G003_V05.png,cc7aa39aba0d92ccdd1caba5648e295b8398cde4675128d20b667c20d82d7ca0,FAST_CLOSE_CURRENT_REHASH_EXPECTED_FIELD_EMPTY,/home/yanbo/下载/batches/batch_person-fallen-v2-p4d-hardneg-rev1-camera1p5m/prompts/PF_P4D_POS_CURLED_G003_V05.txt,06ceedef963d7f78869c6fac8d58f37b3934d4d0824ffdd9fa65382473f81557,curled_or_partially_occluded_lying,positive,positive,positive,positive,P4D_FAST_CLOSE_PROVENANCE_MECHANICAL_LINEAGE_PASS,PROMPT_DERIVED_SYNTHETIC_GT,FROZEN_GENERATION_PROMPT_AND_PLANNED_ROLE,false,true,true,0.8484578728675842,0.06605113351273488,/home/yanbo/net_vlm_person_fallen_v2_optimization/14_person_fallen_v4_operational_freeze/prepared/screen/PFV4_SCREEN_0066/full_scene.jpg,786e5b249e23ea76931a7a4d5b51d73bc40a7bca9ee80ab69810c26c66bb6bb9,/home/yanbo/net_vlm_person_fallen_v2_optimization/14_person_fallen_v4_operational_freeze/prepared/screen/PFV4_SCREEN_0066/person_crop.jpg,de8d155ea497dfe94265ddb7c00e5512fc306d082e3b99a0feda3ae2cda9c86a,2
PFV4_SCREEN_0067,ground_lying,ALERT_GROUND_LYING,FROZEN_LEGAL_V3_SPLIT_PRESERVED_WITHOUT_GT_REWRITE,P4D_PLAN::PF_P4D_POS_CORRIDOR_G001_V01,P4D_FROZEN_PLAN_440,PF_P4D_POS_CORRIDOR_G001_V01,,PF_P4D_POS_CORRIDOR_G001,NEW_SCREEN,V3_SCREEN,/home/yanbo/net_vlm_person_fallen_v2_optimization/08_p4d_new_hard_negative_dev_revision/02_generation/gr3_fullregen/06_execution/quota_campaign_window_04_gr3q7_authorized_20260831_01/08_final/PF_P4D_POS_CORRIDOR_G001_V01.png,d55c9ce33855c4099bca3a2375d111e1a4bf1bc957d0f7a1736316893534c511,FAST_CLOSE_EXPECTED_AND_ACTUAL,/home/yanbo/下载/batches/batch_person-fallen-v2-p4d-hardneg-rev1-camera1p5m/prompts/PF_P4D_POS_CORRIDOR_G001_V01.txt,db0b94ef6860e20bbdbbb6574d3841cff9d65dbcc529159512de918221492364,horizontal_corridor_ground_lying,positive,positive,positive,positive,P4D_FAST_CLOSE_PROVENANCE_MECHANICAL_LINEAGE_PASS,PROMPT_DERIVED_SYNTHETIC_GT,FROZEN_GENERATION_PROMPT_AND_PLANNED_ROLE,false,true,true,0.8670290112495422,0.19932684520662103,/home/yanbo/net_vlm_person_fallen_v2_optimization/14_person_fallen_v4_operational_freeze/prepared/screen/PFV4_SCREEN_0067/full_scene.jpg,6781f285ad57e1bbb0f54d713c48f62b03d83bb3eb77d75d5a9547660dd968fa,/home/yanbo/net_vlm_person_fallen_v2_optimization/14_person_fallen_v4_operational_freeze/prepared/screen/PFV4_SCREEN_0067/person_crop.jpg,9d56b720dc543e6aae1430b397f44926fb1be9932379eafbe479208abba34ffe,2
PFV4_SCREEN_0068,ground_lying,ALERT_GROUND_LYING,FROZEN_LEGAL_V3_SPLIT_PRESERVED_WITHOUT_GT_REWRITE,P4D_PLAN::PF_P4D_POS_CORRIDOR_G001_V02,P4D_FROZEN_PLAN_440,PF_P4D_POS_CORRIDOR_G001_V02,,PF_P4D_POS_CORRIDOR_G001,NEW_SCREEN,V3_SCREEN,/home/yanbo/net_vlm_person_fallen_v2_optimization/08_p4d_new_hard_negative_dev_revision/02_generation/gr3_fullregen/06_execution/quota_campaign_window_04_gr3q7_authorized_20260831_01/08_final/PF_P4D_POS_CORRIDOR_G001_V02.png,cc79a90543ba6317b0163565415ba9b5d8d5373d3f70b8a432df9cdd8c7a9f99,FAST_CLOSE_EXPECTED_AND_ACTUAL,/home/yanbo/下载/batches/batch_person-fallen-v2-p4d-hardneg-rev1-camera1p5m/prompts/PF_P4D_POS_CORRIDOR_G001_V02.txt,42cc5c784c9329e20fec1fa3b648f99a0dee4e5b36a6ff5b2657fe589213500b,horizontal_corridor_ground_lying,positive,positive,positive,positive,P4D_FAST_CLOSE_PROVENANCE_MECHANICAL_LINEAGE_PASS,PROMPT_DERIVED_SYNTHETIC_GT,FROZEN_GENERATION_PROMPT_AND_PLANNED_ROLE,false,true,true,0.7829219698905945,0.059736796929695024,/home/yanbo/net_vlm_person_fallen_v2_optimization/14_person_fallen_v4_operational_freeze/prepared/screen/PFV4_SCREEN_0068/full_scene.jpg,2d7424fb467c25dea1951ca7fc27e600f5b2e5b02497d4dbe218399c5ec9af84,/home/yanbo/net_vlm_person_fallen_v2_optimization/14_person_fallen_v4_operational_freeze/prepared/screen/PFV4_SCREEN_0068/person_crop.jpg,369fa07e84569e54c2e5e4545f98f271a36192f1682febc3cab2f47f16872fad,2
PFV4_SCREEN_0069,ground_lying,ALERT_GROUND_LYING,FROZEN_LEGAL_V3_SPLIT_PRESERVED_WITHOUT_GT_REWRITE,P4D_PLAN::PF_P4D_POS_CORRIDOR_G001_V03,P4D_FROZEN_PLAN_440,PF_P4D_POS_CORRIDOR_G001_V03,,PF_P4D_POS_CORRIDOR_G001,NEW_SCREEN,V3_SCREEN,/home/yanbo/net_vlm_person_fallen_v2_optimization/08_p4d_new_hard_negative_dev_revision/02_generation/gr3_fullregen/06_execution/quota_campaign_window_04_gr3q7_authorized_20260831_01/08_final/PF_P4D_POS_CORRIDOR_G001_V03.png,7988d3f9d02e050d3371e98abba9b56c6941389eb3a215e29363839d552b8100,FAST_CLOSE_EXPECTED_AND_ACTUAL,/home/yanbo/下载/batches/batch_person-fallen-v2-p4d-hardneg-rev1-camera1p5m/prompts/PF_P4D_POS_CORRIDOR_G001_V03.txt,49916aa2402b4e17e9ad1ceecce48d1235f2de6d19f4e428ea493bcd92085e54,horizontal_corridor_ground_lying,positive,positive,positive,positive,P4D_FAST_CLOSE_PROVENANCE_MECHANICAL_LINEAGE_PASS,PROMPT_DERIVED_SYNTHETIC_GT,FROZEN_GENERATION_PROMPT_AND_PLANNED_ROLE,false,true,true,0.8718100786209106,0.08245270833482479,/home/yanbo/net_vlm_person_fallen_v2_optimization/14_person_fallen_v4_operational_freeze/prepared/screen/PFV4_SCREEN_0069/full_scene.jpg,f932cf08435197cf09632176d46aa90be04d3733d2b1e0f61c7393897590d8e6,/home/yanbo/net_vlm_person_fallen_v2_optimization/14_person_fallen_v4_operational_freeze/prepared/screen/PFV4_SCREEN_0069/person_crop.jpg,44100e9bebcdde6a30453a533cfafb90bc3bcd38a334b6cbb052673d57afadf9,2
PFV4_SCREEN_0070,ground_lying,ALERT_GROUND_LYING,FROZEN_LEGAL_V3_SPLIT_PRESERVED_WITHOUT_GT_REWRITE,P4D_PLAN::PF_P4D_POS_CORRIDOR_G001_V04,P4D_FROZEN_PLAN_440,PF_P4D_POS_CORRIDOR_G001_V04,,PF_P4D_POS_CORRIDOR_G001,NEW_SCREEN,V3_SCREEN,/home/yanbo/net_vlm_person_fallen_v2_optimization/08_p4d_new_hard_negative_dev_revision/02_generation/gr3_fullregen/06_execution/quota_campaign_window_04_gr3q7_authorized_20260831_01/08_final/PF_P4D_POS_CORRIDOR_G001_V04.png,c2112d70ecd7b3d2821810ce138aa30aee7eac30eaf3b67c2b3549eb9cffe1cb,FAST_CLOSE_EXPECTED_AND_ACTUAL,/home/yanbo/下载/batches/batch_person-fallen-v2-p4d-hardneg-rev1-camera1p5m/prompts/PF_P4D_POS_CORRIDOR_G001_V04.txt,18734590a1d85bf0109692cc58f2ed6031305841f951113b1a12a3739f8768be,horizontal_corridor_ground_lying,positive,positive,positive,positive,P4D_FAST_CLOSE_PROVENANCE_MECHANICAL_LINEAGE_PASS,PROMPT_DERIVED_SYNTHETIC_GT,FROZEN_GENERATION_PROMPT_AND_PLANNED_ROLE,false,true,true,0.9227204918861389,0.14909779494629927,/home/yanbo/net_vlm_person_fallen_v2_optimization/14_person_fallen_v4_operational_freeze/prepared/screen/PFV4_SCREEN_0070/full_scene.jpg,3d4b1b44095803b2019de8d46eb70ade38a40731dca0ed6800ee992f59718d04,/home/yanbo/net_vlm_person_fallen_v2_optimization/14_person_fallen_v4_operational_freeze/prepared/screen/PFV4_SCREEN_0070/person_crop.jpg,57afe3db8f4ce30ffefbd98e27af584c5abf4ffd06d7887882644c35812d6488,2
PFV4_SCREEN_0071,ground_lying,ALERT_GROUND_LYING,FROZEN_LEGAL_V3_SPLIT_PRESERVED_WITHOUT_GT_REWRITE,P4D_PLAN::PF_P4D_POS_CORRIDOR_G001_V05,P4D_FROZEN_PLAN_440,PF_P4D_POS_CORRIDOR_G001_V05,,PF_P4D_POS_CORRIDOR_G001,NEW_SCREEN,V3_SCREEN,/home/yanbo/net_vlm_person_fallen_v2_optimization/08_p4d_new_hard_negative_dev_revision/02_generation/gr3_fullregen/06_execution/quota_campaign_window_04_gr3q7_authorized_20260831_01/08_final/PF_P4D_POS_CORRIDOR_G001_V05.png,d857787195c868fe7ab40d9256855f14407c0f29c2f1d55e3c2128f567a7cf71,FAST_CLOSE_EXPECTED_AND_ACTUAL,/home/yanbo/下载/batches/batch_person-fallen-v2-p4d-hardneg-rev1-camera1p5m/prompts/PF_P4D_POS_CORRIDOR_G001_V05.txt,c8360449d4fcd9bbc9fd895b1001e5f0357852ae9cdb93394009409fd3d0eddf,horizontal_corridor_ground_lying,positive,positive,positive,positive,P4D_FAST_CLOSE_PROVENANCE_MECHANICAL_LINEAGE_PASS,PROMPT_DERIVED_SYNTHETIC_GT,FROZEN_GENERATION_PROMPT_AND_PLANNED_ROLE,false,true,true,0.8765884637832642,0.07848733847710843,/home/yanbo/net_vlm_person_fallen_v2_optimization/14_person_fallen_v4_operational_freeze/prepared/screen/PFV4_SCREEN_0071/full_scene.jpg,3171efe6d81ad6bb8382fcaa33c2e9b45392066b9661b9a3ba6b382289169cfe,/home/yanbo/net_vlm_person_fallen_v2_optimization/14_person_fallen_v4_operational_freeze/prepared/screen/PFV4_SCREEN_0071/person_crop.jpg,5c57a0cc84fb0ff06de96faf2f8b4a835d9a8a99cc1c3fc4d5bf0d3ca584c87c,2
PFV4_SCREEN_0072,normal_negative,NO_ALERT_NORMAL_POSE,FROZEN_LEGAL_V3_SPLIT_PRESERVED_WITHOUT_GT_REWRITE,P4D_PLAN::PF_P4D_NEG_STAND_G003_V01,P4D_FROZEN_PLAN_440,PF_P4D_NEG_STAND_G003_V01,,PF_P4D_NEG_STAND_G003,NEW_SCREEN,V3_SCREEN,/home/yanbo/net_vlm_person_fallen_v2_optimization/08_p4d_new_hard_negative_dev_revision/02_generation/gr3_fullregen/06_execution/quota_campaign_window_01_authorized_20260830_05/08_final/PF_P4D_NEG_STAND_G003_V01.png,895ad7f662f1604e82a007429438cca8a824d36c33d5d54512b9583fa212f872,FAST_CLOSE_EXPECTED_AND_ACTUAL,/home/yanbo/下载/batches/batch_person-fallen-v2-p4d-hardneg-rev1-camera1p5m/prompts/PF_P4D_NEG_STAND_G003_V01.txt,eb651d60c4797f3c1211717e77d0949c12f072298d620e2b5090c91af5567067,standing_walking,ordinary_negative,negative,negative,ordinary_negative,P4D_FAST_CLOSE_PROVENANCE_MECHANICAL_LINEAGE_PASS,PROMPT_DERIVED_SYNTHETIC_GT,FROZEN_GENERATION_PROMPT_AND_PLANNED_ROLE,false,true,true,0.9300634860992432,0.09713096295337892,/home/yanbo/net_vlm_person_fallen_v2_optimization/14_person_fallen_v4_operational_freeze/prepared/screen/PFV4_SCREEN_0072/full_scene.jpg,472e2594b816d81d8185d46e03b6bfa6d6c084630996f36bb174cd66ca37d6aa,/home/yanbo/net_vlm_person_fallen_v2_optimization/14_person_fallen_v4_operational_freeze/prepared/screen/PFV4_SCREEN_0072/person_crop.jpg,4c54ccf4588940ecab86d41b753a48d64cf844d9bf561d90617780929587caad,2
PFV4_SCREEN_0073,normal_negative,NO_ALERT_NORMAL_POSE,FROZEN_LEGAL_V3_SPLIT_PRESERVED_WITHOUT_GT_REWRITE,P4D_PLAN::PF_P4D_NEG_STAND_G003_V02,P4D_FROZEN_PLAN_440,PF_P4D_NEG_STAND_G003_V02,,PF_P4D_NEG_STAND_G003,NEW_SCREEN,V3_SCREEN,/home/yanbo/net_vlm_person_fallen_v2_optimization/08_p4d_new_hard_negative_dev_revision/02_generation/gr3_fullregen/06_execution/quota_campaign_window_01_authorized_20260830_05/08_final/PF_P4D_NEG_STAND_G003_V02.png,b54a3504508a49e81ae9d0d9b35784acf97673496d0e93d09e8b35cbf8cf9937,FAST_CLOSE_EXPECTED_AND_ACTUAL,/home/yanbo/下载/batches/batch_person-fallen-v2-p4d-hardneg-rev1-camera1p5m/prompts/PF_P4D_NEG_STAND_G003_V02.txt,3fe8e8dada359145a819d1f7d607b19921b1123939a266fe1815995953d3b8f0,standing_walking,ordinary_negative,negative,negative,ordinary_negative,P4D_FAST_CLOSE_PROVENANCE_MECHANICAL_LINEAGE_PASS,PROMPT_DERIVED_SYNTHETIC_GT,FROZEN_GENERATION_PROMPT_AND_PLANNED_ROLE,false,true,true,0.9167185425758362,0.15617251794101322,/home/yanbo/net_vlm_person_fallen_v2_optimization/14_person_fallen_v4_operational_freeze/prepared/screen/PFV4_SCREEN_0073/full_scene.jpg,f36b42ef23e780b0f4d64b2a985a448e8cfd8b7099dfbeff47ccbd2e93b7bba4,/home/yanbo/net_vlm_person_fallen_v2_optimization/14_person_fallen_v4_operational_freeze/prepared/screen/PFV4_SCREEN_0073/person_crop.jpg,f16bdd8ce60ef31e235ab4916cc22c69593f6cf4f22ec38622b8e3da5e7f1ac3,2
PFV4_SCREEN_0074,normal_negative,NO_ALERT_NORMAL_POSE,FROZEN_LEGAL_V3_SPLIT_PRESERVED_WITHOUT_GT_REWRITE,P4D_PLAN::PF_P4D_NEG_STAND_G003_V03,P4D_FROZEN_PLAN_440,PF_P4D_NEG_STAND_G003_V03,,PF_P4D_NEG_STAND_G003,NEW_SCREEN,V3_SCREEN,/home/yanbo/net_vlm_person_fallen_v2_optimization/08_p4d_new_hard_negative_dev_revision/02_generation/gr3_fullregen/06_execution/quota_campaign_window_01_authorized_20260830_05/08_final/PF_P4D_NEG_STAND_G003_V03.png,cae4fe15440e43003bab4423bf43209de42e40d1d306a8138857c6c2f8752c8f,FAST_CLOSE_EXPECTED_AND_ACTUAL,/home/yanbo/下载/batches/batch_person-fallen-v2-p4d-hardneg-rev1-camera1p5m/prompts/PF_P4D_NEG_STAND_G003_V03.txt,e2b2ef7fca5d1304d6b49eba059e2fe2421445848f1ccd96bd0f484c8d53b630,standing_walking,ordinary_negative,negative,negative,ordinary_negative,P4D_FAST_CLOSE_PROVENANCE_MECHANICAL_LINEAGE_PASS,PROMPT_DERIVED_SYNTHETIC_GT,FROZEN_GENERATION_PROMPT_AND_PLANNED_ROLE,false,true,true,0.9209858179092407,0.17416747658171247,/home/yanbo/net_vlm_person_fallen_v2_optimization/14_person_fallen_v4_operational_freeze/prepared/screen/PFV4_SCREEN_0074/full_scene.jpg,d0fc3b53720016d8c22fd5c30da35c79c087e505af2b14518375485118831ec2,/home/yanbo/net_vlm_person_fallen_v2_optimization/14_person_fallen_v4_operational_freeze/prepared/screen/PFV4_SCREEN_0074/person_crop.jpg,9836077a3a7e6cb7439e8b64acb46d549e2a4c19e759f3d111259e9613bfff0d,2
PFV4_SCREEN_0075,normal_negative,NO_ALERT_NORMAL_POSE,FROZEN_LEGAL_V3_SPLIT_PRESERVED_WITHOUT_GT_REWRITE,P4D_PLAN::PF_P4D_NEG_STAND_G003_V04,P4D_FROZEN_PLAN_440,PF_P4D_NEG_STAND_G003_V04,,PF_P4D_NEG_STAND_G003,NEW_SCREEN,V3_SCREEN,/home/yanbo/net_vlm_person_fallen_v2_optimization/08_p4d_new_hard_negative_dev_revision/02_generation/gr3_fullregen/06_execution/quota_campaign_window_01_authorized_20260830_05/08_final/PF_P4D_NEG_STAND_G003_V04.png,73bbf09724dd17872b93fb98553ba7b8d61b01f70f3c4797cc8715b062d8f70d,FAST_CLOSE_EXPECTED_AND_ACTUAL,/home/yanbo/下载/batches/batch_person-fallen-v2-p4d-hardneg-rev1-camera1p5m/prompts/PF_P4D_NEG_STAND_G003_V04.txt,ebd2fe3f586d6002e84e67518d1aa5dede5bc684966ab2fb8d921dffaa0f567b,standing_walking,ordinary_negative,negative,negative,ordinary_negative,P4D_FAST_CLOSE_PROVENANCE_MECHANICAL_LINEAGE_PASS,PROMPT_DERIVED_SYNTHETIC_GT,FROZEN_GENERATION_PROMPT_AND_PLANNED_ROLE,false,true,true,0.8898094296455383,0.12602349655338912,/home/yanbo/net_vlm_person_fallen_v2_optimization/14_person_fallen_v4_operational_freeze/prepared/screen/PFV4_SCREEN_0075/full_scene.jpg,7ef485ab0db1196e40e02f82895b56200bca71ffa6ba5d3a9c5bb71bc3d7b946,/home/yanbo/net_vlm_person_fallen_v2_optimization/14_person_fallen_v4_operational_freeze/prepared/screen/PFV4_SCREEN_0075/person_crop.jpg,0939e769a7b7f340cfe8d9c1896b1206218848a09a81f32e6b5b5c869b6cbb64,2
PFV4_SCREEN_0076,normal_negative,NO_ALERT_NORMAL_POSE,FROZEN_LEGAL_V3_SPLIT_PRESERVED_WITHOUT_GT_REWRITE,P4D_PLAN::PF_P4D_NEG_STAND_G003_V05,P4D_FROZEN_PLAN_440,PF_P4D_NEG_STAND_G003_V05,,PF_P4D_NEG_STAND_G003,NEW_SCREEN,V3_SCREEN,/home/yanbo/net_vlm_person_fallen_v2_optimization/08_p4d_new_hard_negative_dev_revision/02_generation/gr3_fullregen/06_execution/quota_campaign_window_01_authorized_20260830_05/08_final/PF_P4D_NEG_STAND_G003_V05.png,3d7fa4d17bb6ef2dc979a3cb49bfae426866742aad5d07abad972c09a09da04c,FAST_CLOSE_EXPECTED_AND_ACTUAL,/home/yanbo/下载/batches/batch_person-fallen-v2-p4d-hardneg-rev1-camera1p5m/prompts/PF_P4D_NEG_STAND_G003_V05.txt,8cb7d6bee672433d6665c47a11d30c94441ecafe3d64b00bd9bdaa7077e86532,standing_walking,ordinary_negative,negative,negative,ordinary_negative,P4D_FAST_CLOSE_PROVENANCE_MECHANICAL_LINEAGE_PASS,PROMPT_DERIVED_SYNTHETIC_GT,FROZEN_GENERATION_PROMPT_AND_PLANNED_ROLE,false,true,true,0.92686527967453,0.03602147706920126,/home/yanbo/net_vlm_person_fallen_v2_optimization/14_person_fallen_v4_operational_freeze/prepared/screen/PFV4_SCREEN_0076/full_scene.jpg,bad3adc1b0237716d62366b60a08c07e2e2cebac9c342a9d9deca0778815fdf5,/home/yanbo/net_vlm_person_fallen_v2_optimization/14_person_fallen_v4_operational_freeze/prepared/screen/PFV4_SCREEN_0076/person_crop.jpg,e3586c2cd08933f83b46e225a568160f124292a47b1a2ab562c7a9606c3fd403,2
