item_id,source_family,prompt_id,media_id,group_id,source_split,v3_split,old_role,old_label,taxonomy,prompt_path,prompt_sha256_expected,prompt_sha256_actual,source_image_path,source_image_sha256_expected,source_image_sha256_actual,source_image_sha_basis,source_asset_status,source_provenance_status,remap_rule,prompt_semantics_check,new_label,gt_type,gt_source,human_semantic_review_required,metric_stratum,formal_v3_evaluation,evaluation_exclusion_reason
V2_ORIGINAL::IMG_003982,V2_ORIGINAL_SYNTHETIC_500,01_p01-supine-on-floor-01,IMG_003982,pf_v2_aigc_p01-supine-on-floor,DEV,V3_DEV,positive,1,supine_ground_lying,/home/yanbo/下载/batches/batch_person-fallen-v2-camera1p5m/prompts/01_p01-supine-on-floor-01.txt,9ee55e2d521004485d60ad1252498f0b142acc01a3c2d29b697b95c77eaa52ed,9ee55e2d521004485d60ad1252498f0b142acc01a3c2d29b697b95c77eaa52ed,/home/yanbo/下载/batches/batch_person-fallen-v2-camera1p5m/final/01_p01-supine-on-floor-01.png,3f8831314ec9403dafb006291009877fe8a2d85b9930710f92a6048b23d50c70,3f8831314ec9403dafb006291009877fe8a2d85b9930710f92a6048b23d50c70,FROZEN_V2_MANIFEST_EXPECTED_AND_ACTUAL,REUSABLE_V2_NON_HOLDOUT,FROZEN_V2_PROMPT_IMAGE_MAPPING_PASS,V3_SUPINE_GROUND_LYING_POSITIVE,PASS_EXPLICIT_POSTURE_CUE,positive,PROMPT_DERIVED_SYNTHETIC_GT,FROZEN_GENERATION_PROMPT_AND_PLANNED_ROLE,false,positive,true,
V2_ORIGINAL::IMG_003983,V2_ORIGINAL_SYNTHETIC_500,02_p01-supine-on-floor-02,IMG_003983,pf_v2_aigc_p01-supine-on-floor,DEV,V3_DEV,positive,1,supine_ground_lying,/home/yanbo/下载/batches/batch_person-fallen-v2-camera1p5m/prompts/02_p01-supine-on-floor-02.txt,77213752e5a1bd810c1975f9003c10e5702b376079d86db78f150c74e87a7715,77213752e5a1bd810c1975f9003c10e5702b376079d86db78f150c74e87a7715,/home/yanbo/下载/batches/batch_person-fallen-v2-camera1p5m/final/02_p01-supine-on-floor-02.png,0efbb9f5706f84c5382a0ba30bec46d35ed7b875072c5dbea115139e58a47d8a,0efbb9f5706f84c5382a0ba30bec46d35ed7b875072c5dbea115139e58a47d8a,FROZEN_V2_MANIFEST_EXPECTED_AND_ACTUAL,REUSABLE_V2_NON_HOLDOUT,FROZEN_V2_PROMPT_IMAGE_MAPPING_PASS,V3_SUPINE_GROUND_LYING_POSITIVE,PASS_EXPLICIT_POSTURE_CUE,positive,PROMPT_DERIVED_SYNTHETIC_GT,FROZEN_GENERATION_PROMPT_AND_PLANNED_ROLE,false,positive,true,
V2_ORIGINAL::IMG_003984,V2_ORIGINAL_SYNTHETIC_500,03_p01-supine-on-floor-03,IMG_003984,pf_v2_aigc_p01-supine-on-floor,DEV,V3_DEV,positive,1,supine_ground_lying,/home/yanbo/下载/batches/batch_person-fallen-v2-camera1p5m/prompts/03_p01-supine-on-floor-03.txt,6e08ef08b743ce469bfbef5ac0d5c690e51f1177fd182995101a48d412a427a1,6e08ef08b743ce469bfbef5ac0d5c690e51f1177fd182995101a48d412a427a1,/home/yanbo/下载/batches/batch_person-fallen-v2-camera1p5m/final/03_p01-supine-on-floor-03.png,00226efe88ae972b085592e830ecd461400e627e3f30514aa0bc5174fefc707d,00226efe88ae972b085592e830ecd461400e627e3f30514aa0bc5174fefc707d,FROZEN_V2_MANIFEST_EXPECTED_AND_ACTUAL,REUSABLE_V2_NON_HOLDOUT,FROZEN_V2_PROMPT_IMAGE_MAPPING_PASS,V3_SUPINE_GROUND_LYING_POSITIVE,PASS_EXPLICIT_POSTURE_CUE,positive,PROMPT_DERIVED_SYNTHETIC_GT,FROZEN_GENERATION_PROMPT_AND_PLANNED_ROLE,false,positive,true,
V2_ORIGINAL::IMG_003985,V2_ORIGINAL_SYNTHETIC_500,04_p01-supine-on-floor-04,IMG_003985,pf_v2_aigc_p01-supine-on-floor,DEV,V3_DEV,positive,1,supine_ground_lying,/home/yanbo/下载/batches/batch_person-fallen-v2-camera1p5m/prompts/04_p01-supine-on-floor-04.txt,392a05921628a25e7272e4374262e3492429b1739c62ee684b25b8a0af4c8b62,392a05921628a25e7272e4374262e3492429b1739c62ee684b25b8a0af4c8b62,/home/yanbo/下载/batches/batch_person-fallen-v2-camera1p5m/final/04_p01-supine-on-floor-04.png,b2c04a5ef00e87142592beb2ab5dade093473c24353132baa4f9fa651be1a6a4,b2c04a5ef00e87142592beb2ab5dade093473c24353132baa4f9fa651be1a6a4,FROZEN_V2_MANIFEST_EXPECTED_AND_ACTUAL,REUSABLE_V2_NON_HOLDOUT,FROZEN_V2_PROMPT_IMAGE_MAPPING_PASS,V3_SUPINE_GROUND_LYING_POSITIVE,PASS_EXPLICIT_POSTURE_CUE,positive,PROMPT_DERIVED_SYNTHETIC_GT,FROZEN_GENERATION_PROMPT_AND_PLANNED_ROLE,false,positive,true,
V2_ORIGINAL::IMG_003986,V2_ORIGINAL_SYNTHETIC_500,05_p01-supine-on-floor-05,IMG_003986,pf_v2_aigc_p01-supine-on-floor,DEV,V3_DEV,positive,1,supine_ground_lying,/home/yanbo/下载/batches/batch_person-fallen-v2-camera1p5m/prompts/05_p01-supine-on-floor-05.txt,076ed6a568456429111eead0a9705124adde2399da08c15008c43dd218621222,076ed6a568456429111eead0a9705124adde2399da08c15008c43dd218621222,/home/yanbo/下载/batches/batch_person-fallen-v2-camera1p5m/final/05_p01-supine-on-floor-05.png,5c47f738bf7bbfe499cb85f5b8ab7601c3229c4405845c536d6e814c64dc6c79,5c47f738bf7bbfe499cb85f5b8ab7601c3229c4405845c536d6e814c64dc6c79,FROZEN_V2_MANIFEST_EXPECTED_AND_ACTUAL,REUSABLE_V2_NON_HOLDOUT,FROZEN_V2_PROMPT_IMAGE_MAPPING_PASS,V3_SUPINE_GROUND_LYING_POSITIVE,PASS_EXPLICIT_POSTURE_CUE,positive,PROMPT_DERIVED_SYNTHETIC_GT,FROZEN_GENERATION_PROMPT_AND_PLANNED_ROLE,false,positive,true,
V2_ORIGINAL::IMG_003987,V2_ORIGINAL_SYNTHETIC_500,06_p01-supine-on-floor-06,IMG_003987,pf_v2_aigc_p01-supine-on-floor,DEV,V3_DEV,positive,1,supine_ground_lying,/home/yanbo/下载/batches/batch_person-fallen-v2-camera1p5m/prompts/06_p01-supine-on-floor-06.txt,08d36f8bc87be7fb318e2e2c321dc0fcab58a710a352801988a93917ec342a28,08d36f8bc87be7fb318e2e2c321dc0fcab58a710a352801988a93917ec342a28,/home/yanbo/下载/batches/batch_person-fallen-v2-camera1p5m/final/06_p01-supine-on-floor-06.png,9dc8c1e15e4e31d1c22d5a868a207d56530752c6902fa9c678d824ba7a6e8bb6,9dc8c1e15e4e31d1c22d5a868a207d56530752c6902fa9c678d824ba7a6e8bb6,FROZEN_V2_MANIFEST_EXPECTED_AND_ACTUAL,REUSABLE_V2_NON_HOLDOUT,FROZEN_V2_PROMPT_IMAGE_MAPPING_PASS,V3_SUPINE_GROUND_LYING_POSITIVE,PASS_EXPLICIT_POSTURE_CUE,positive,PROMPT_DERIVED_SYNTHETIC_GT,FROZEN_GENERATION_PROMPT_AND_PLANNED_ROLE,false,positive,true,
V2_ORIGINAL::IMG_003988,V2_ORIGINAL_SYNTHETIC_500,07_p01-supine-on-floor-07,IMG_003988,pf_v2_aigc_p01-supine-on-floor,DEV,V3_DEV,positive,1,supine_ground_lying,/home/yanbo/下载/batches/batch_person-fallen-v2-camera1p5m/prompts/07_p01-supine-on-floor-07.txt,baae53606ba3a56d02eb85c74b638ce39c008e5f36fadfe5fe01c2c70ae007bc,baae53606ba3a56d02eb85c74b638ce39c008e5f36fadfe5fe01c2c70ae007bc,/home/yanbo/下载/batches/batch_person-fallen-v2-camera1p5m/final/07_p01-supine-on-floor-07.png,2d18f5d7a8e1fb5d146ba1167c7a02d08ea63e72f6c3dacfcce8997cd19695b2,2d18f5d7a8e1fb5d146ba1167c7a02d08ea63e72f6c3dacfcce8997cd19695b2,FROZEN_V2_MANIFEST_EXPECTED_AND_ACTUAL,REUSABLE_V2_NON_HOLDOUT,FROZEN_V2_PROMPT_IMAGE_MAPPING_PASS,V3_SUPINE_GROUND_LYING_POSITIVE,PASS_EXPLICIT_POSTURE_CUE,positive,PROMPT_DERIVED_SYNTHETIC_GT,FROZEN_GENERATION_PROMPT_AND_PLANNED_ROLE,false,positive,true,
V2_ORIGINAL::IMG_003989,V2_ORIGINAL_SYNTHETIC_500,08_p01-supine-on-floor-08,IMG_003989,pf_v2_aigc_p01-supine-on-floor,DEV,V3_DEV,positive,1,supine_ground_lying,/home/yanbo/下载/batches/batch_person-fallen-v2-camera1p5m/prompts/08_p01-supine-on-floor-08.txt,63696c83c3da0ca5e18fd147b8e81a0495ad147a4fdc251d7ec2a8a7bf700679,63696c83c3da0ca5e18fd147b8e81a0495ad147a4fdc251d7ec2a8a7bf700679,/home/yanbo/下载/batches/batch_person-fallen-v2-camera1p5m/final/08_p01-supine-on-floor-08.png,abc8eeef34ef97fc9ac4511ae695e911ec950c384ff3a959cf1a05e24955588e,abc8eeef34ef97fc9ac4511ae695e911ec950c384ff3a959cf1a05e24955588e,FROZEN_V2_MANIFEST_EXPECTED_AND_ACTUAL,REUSABLE_V2_NON_HOLDOUT,FROZEN_V2_PROMPT_IMAGE_MAPPING_PASS,V3_SUPINE_GROUND_LYING_POSITIVE,PASS_EXPLICIT_POSTURE_CUE,positive,PROMPT_DERIVED_SYNTHETIC_GT,FROZEN_GENERATION_PROMPT_AND_PLANNED_ROLE,false,positive,true,
V2_ORIGINAL::IMG_003990,V2_ORIGINAL_SYNTHETIC_500,09_p01-supine-on-floor-09,IMG_003990,pf_v2_aigc_p01-supine-on-floor,DEV,V3_DEV,positive,1,supine_ground_lying,/home/yanbo/下载/batches/batch_person-fallen-v2-camera1p5m/prompts/09_p01-supine-on-floor-09.txt,3b1503fb57ea0743aa0e2a5e774fb973dea3bc063760b015fccda254ea7636b4,3b1503fb57ea0743aa0e2a5e774fb973dea3bc063760b015fccda254ea7636b4,/home/yanbo/下载/batches/batch_person-fallen-v2-camera1p5m/final/09_p01-supine-on-floor-09.png,4791a565447bec69f60b175570fb4bdb5efc1dde5d2474f50073b03398cd012e,4791a565447bec69f60b175570fb4bdb5efc1dde5d2474f50073b03398cd012e,FROZEN_V2_MANIFEST_EXPECTED_AND_ACTUAL,REUSABLE_V2_NON_HOLDOUT,FROZEN_V2_PROMPT_IMAGE_MAPPING_PASS,V3_SUPINE_GROUND_LYING_POSITIVE,PASS_EXPLICIT_POSTURE_CUE,positive,PROMPT_DERIVED_SYNTHETIC_GT,FROZEN_GENERATION_PROMPT_AND_PLANNED_ROLE,false,positive,true,
V2_ORIGINAL::IMG_004072,V2_ORIGINAL_SYNTHETIC_500,100_p10-partially-occluded-fallen-person-10,IMG_004072,pf_v2_aigc_p10-partially-occluded-fallen-person,DEV,V3_DEV,positive,1,partially_occluded_lying,/home/yanbo/下载/batches/batch_person-fallen-v2-camera1p5m/prompts/100_p10-partially-occluded-fallen-person-10.txt,0ccf8434581a3fb0d755e8f8b49eebfac38174b248d860eba30373c1d9345b8a,0ccf8434581a3fb0d755e8f8b49eebfac38174b248d860eba30373c1d9345b8a,/home/yanbo/下载/batches/batch_person-fallen-v2-camera1p5m/final/100_p10-partially-occluded-fallen-person-10.png,663731c7d5fa6323b5b1a136d1cef8a31364fd4e96752a4af1949592156d9a4a,663731c7d5fa6323b5b1a136d1cef8a31364fd4e96752a4af1949592156d9a4a,FROZEN_V2_MANIFEST_EXPECTED_AND_ACTUAL,REUSABLE_V2_NON_HOLDOUT,FROZEN_V2_PROMPT_IMAGE_MAPPING_PASS,V3_PARTIALLY_OCCLUDED_LYING_POSITIVE,PASS_EXPLICIT_POSTURE_CUE,positive,PROMPT_DERIVED_SYNTHETIC_GT,FROZEN_GENERATION_PROMPT_AND_PLANNED_ROLE,false,positive,true,
V2_ORIGINAL::IMG_004082,V2_ORIGINAL_SYNTHETIC_500,101_p11-small-target-far-distance-01,IMG_004082,pf_v2_aigc_p11-small-target-far-distance,DEV,V3_DEV,positive,1,small_target_ground_lying,/home/yanbo/下载/batches/batch_person-fallen-v2-camera1p5m/prompts/101_p11-small-target-far-distance-01.txt,2cd74742d2d063d06078a4ef485554baec5a34da6935323a9405950623697a8f,2cd74742d2d063d06078a4ef485554baec5a34da6935323a9405950623697a8f,/home/yanbo/下载/batches/batch_person-fallen-v2-camera1p5m/final/101_p11-small-target-far-distance-01.png,f327b0dcb961def4c67f39a4c460daae976157cf6017b79d643f3fc3d55af1e6,f327b0dcb961def4c67f39a4c460daae976157cf6017b79d643f3fc3d55af1e6,FROZEN_V2_MANIFEST_EXPECTED_AND_ACTUAL,REUSABLE_V2_NON_HOLDOUT,FROZEN_V2_PROMPT_IMAGE_MAPPING_PASS,V3_SMALL_TARGET_GROUND_LYING_POSITIVE,PASS_EXPLICIT_POSTURE_CUE,positive,PROMPT_DERIVED_SYNTHETIC_GT,FROZEN_GENERATION_PROMPT_AND_PLANNED_ROLE,false,positive,true,
V2_ORIGINAL::IMG_004083,V2_ORIGINAL_SYNTHETIC_500,102_p11-small-target-far-distance-02,IMG_004083,pf_v2_aigc_p11-small-target-far-distance,DEV,V3_DEV,positive,1,small_target_ground_lying,/home/yanbo/下载/batches/batch_person-fallen-v2-camera1p5m/prompts/102_p11-small-target-far-distance-02.txt,f3f0c9d8be77a1e4035ca7fa5a9d739bb0b23eeddbb435b0fe336671fd6888f1,f3f0c9d8be77a1e4035ca7fa5a9d739bb0b23eeddbb435b0fe336671fd6888f1,/home/yanbo/下载/batches/batch_person-fallen-v2-camera1p5m/final/102_p11-small-target-far-distance-02.png,7dd82c1193905c39dd7f736b62b0940445267a7d522c490745e1974ef0adc9a3,7dd82c1193905c39dd7f736b62b0940445267a7d522c490745e1974ef0adc9a3,FROZEN_V2_MANIFEST_EXPECTED_AND_ACTUAL,REUSABLE_V2_NON_HOLDOUT,FROZEN_V2_PROMPT_IMAGE_MAPPING_PASS,V3_SMALL_TARGET_GROUND_LYING_POSITIVE,PASS_EXPLICIT_POSTURE_CUE,positive,PROMPT_DERIVED_SYNTHETIC_GT,FROZEN_GENERATION_PROMPT_AND_PLANNED_ROLE,false,positive,true,
V2_ORIGINAL::IMG_004084,V2_ORIGINAL_SYNTHETIC_500,103_p11-small-target-far-distance-03,IMG_004084,pf_v2_aigc_p11-small-target-far-distance,DEV,V3_DEV,positive,1,small_target_ground_lying,/home/yanbo/下载/batches/batch_person-fallen-v2-camera1p5m/prompts/103_p11-small-target-far-distance-03.txt,6b5e9dbf88072574ba6d308a802f99f724c42e71c1c6c6f7a60adc5a0805e3c7,6b5e9dbf88072574ba6d308a802f99f724c42e71c1c6c6f7a60adc5a0805e3c7,/home/yanbo/下载/batches/batch_person-fallen-v2-camera1p5m/final/103_p11-small-target-far-distance-03.png,ec6a6a7279346eb6b1a4a3163a99c66b8b405ccf20e3a0e3cf33d5bfb6930720,ec6a6a7279346eb6b1a4a3163a99c66b8b405ccf20e3a0e3cf33d5bfb6930720,FROZEN_V2_MANIFEST_EXPECTED_AND_ACTUAL,REUSABLE_V2_NON_HOLDOUT,FROZEN_V2_PROMPT_IMAGE_MAPPING_PASS,V3_SMALL_TARGET_GROUND_LYING_POSITIVE,PASS_EXPLICIT_POSTURE_CUE,positive,PROMPT_DERIVED_SYNTHETIC_GT,FROZEN_GENERATION_PROMPT_AND_PLANNED_ROLE,false,positive,true,
V2_ORIGINAL::IMG_004085,V2_ORIGINAL_SYNTHETIC_500,104_p11-small-target-far-distance-04,IMG_004085,pf_v2_aigc_p11-small-target-far-distance,DEV,V3_DEV,positive,1,small_target_ground_lying,/home/yanbo/下载/batches/batch_person-fallen-v2-camera1p5m/prompts/104_p11-small-target-far-distance-04.txt,254d9d465647b730c6989465d55a501b686d0d3e079062c596967d0019f0a66b,254d9d465647b730c6989465d55a501b686d0d3e079062c596967d0019f0a66b,/home/yanbo/下载/batches/batch_person-fallen-v2-camera1p5m/final/104_p11-small-target-far-distance-04.png,f26f261140525e10c003f8427e3e0bb8d614b6aa4e14ff6856dd039b13a1137d,f26f261140525e10c003f8427e3e0bb8d614b6aa4e14ff6856dd039b13a1137d,FROZEN_V2_MANIFEST_EXPECTED_AND_ACTUAL,REUSABLE_V2_NON_HOLDOUT,FROZEN_V2_PROMPT_IMAGE_MAPPING_PASS,V3_SMALL_TARGET_GROUND_LYING_POSITIVE,PASS_EXPLICIT_POSTURE_CUE,positive,PROMPT_DERIVED_SYNTHETIC_GT,FROZEN_GENERATION_PROMPT_AND_PLANNED_ROLE,false,positive,true,
V2_ORIGINAL::IMG_004086,V2_ORIGINAL_SYNTHETIC_500,105_p11-small-target-far-distance-05,IMG_004086,pf_v2_aigc_p11-small-target-far-distance,DEV,V3_DEV,positive,1,small_target_ground_lying,/home/yanbo/下载/batches/batch_person-fallen-v2-camera1p5m/prompts/105_p11-small-target-far-distance-05.txt,eee60688ab6edd9b7317a610edc7df77165815a18e37aca1ec5df17badd19ce4,eee60688ab6edd9b7317a610edc7df77165815a18e37aca1ec5df17badd19ce4,/home/yanbo/下载/batches/batch_person-fallen-v2-camera1p5m/final/105_p11-small-target-far-distance-05.png,52728e6db03a58114bd6d0faed5cba15585186d757237594ab5c2912ca4ce2ca,52728e6db03a58114bd6d0faed5cba15585186d757237594ab5c2912ca4ce2ca,FROZEN_V2_MANIFEST_EXPECTED_AND_ACTUAL,REUSABLE_V2_NON_HOLDOUT,FROZEN_V2_PROMPT_IMAGE_MAPPING_PASS,V3_SMALL_TARGET_GROUND_LYING_POSITIVE,PASS_EXPLICIT_POSTURE_CUE,positive,PROMPT_DERIVED_SYNTHETIC_GT,FROZEN_GENERATION_PROMPT_AND_PLANNED_ROLE,false,positive,true,
V2_ORIGINAL::IMG_004087,V2_ORIGINAL_SYNTHETIC_500,106_p11-small-target-far-distance-06,IMG_004087,pf_v2_aigc_p11-small-target-far-distance,DEV,V3_DEV,positive,1,small_target_ground_lying,/home/yanbo/下载/batches/batch_person-fallen-v2-camera1p5m/prompts/106_p11-small-target-far-distance-06.txt,e0183ed9a069dd27522df98612878ca2b095161c389965122cf5fdc85719f880,e0183ed9a069dd27522df98612878ca2b095161c389965122cf5fdc85719f880,/home/yanbo/下载/batches/batch_person-fallen-v2-camera1p5m/final/106_p11-small-target-far-distance-06.png,70f969de8c82a8dc3fda0e7f36862d19da8c5cfc5d9340a33050a3da6e68b349,70f969de8c82a8dc3fda0e7f36862d19da8c5cfc5d9340a33050a3da6e68b349,FROZEN_V2_MANIFEST_EXPECTED_AND_ACTUAL,REUSABLE_V2_NON_HOLDOUT,FROZEN_V2_PROMPT_IMAGE_MAPPING_PASS,V3_SMALL_TARGET_GROUND_LYING_POSITIVE,PASS_EXPLICIT_POSTURE_CUE,positive,PROMPT_DERIVED_SYNTHETIC_GT,FROZEN_GENERATION_PROMPT_AND_PLANNED_ROLE,false,positive,true,
V2_ORIGINAL::IMG_004088,V2_ORIGINAL_SYNTHETIC_500,107_p11-small-target-far-distance-07,IMG_004088,pf_v2_aigc_p11-small-target-far-distance,DEV,V3_DEV,positive,1,small_target_ground_lying,/home/yanbo/下载/batches/batch_person-fallen-v2-camera1p5m/prompts/107_p11-small-target-far-distance-07.txt,e24b1a008a531d51531d4c1eb867c41c3a3f7fcaf105cac7353f71d01c24faef,e24b1a008a531d51531d4c1eb867c41c3a3f7fcaf105cac7353f71d01c24faef,/home/yanbo/下载/batches/batch_person-fallen-v2-camera1p5m/final/107_p11-small-target-far-distance-07.png,d8f59162f45467f3e783a0ce414dafcbbd077df657c422332b88dea4213aded4,d8f59162f45467f3e783a0ce414dafcbbd077df657c422332b88dea4213aded4,FROZEN_V2_MANIFEST_EXPECTED_AND_ACTUAL,REUSABLE_V2_NON_HOLDOUT,FROZEN_V2_PROMPT_IMAGE_MAPPING_PASS,V3_SMALL_TARGET_GROUND_LYING_POSITIVE,PASS_EXPLICIT_POSTURE_CUE,positive,PROMPT_DERIVED_SYNTHETIC_GT,FROZEN_GENERATION_PROMPT_AND_PLANNED_ROLE,false,positive,true,
V2_ORIGINAL::IMG_004089,V2_ORIGINAL_SYNTHETIC_500,108_p11-small-target-far-distance-08,IMG_004089,pf_v2_aigc_p11-small-target-far-distance,DEV,V3_DEV,positive,1,small_target_ground_lying,/home/yanbo/下载/batches/batch_person-fallen-v2-camera1p5m/prompts/108_p11-small-target-far-distance-08.txt,80731c99fa35c9a60237dac462d9ccd0e993f4646753830199ed2bcfc58756ea,80731c99fa35c9a60237dac462d9ccd0e993f4646753830199ed2bcfc58756ea,/home/yanbo/下载/batches/batch_person-fallen-v2-camera1p5m/final/108_p11-small-target-far-distance-08.png,f35b1ba98530a2038160a370e963a0890fd4bbc846f3a97330e2a8f0b2300ef6,f35b1ba98530a2038160a370e963a0890fd4bbc846f3a97330e2a8f0b2300ef6,FROZEN_V2_MANIFEST_EXPECTED_AND_ACTUAL,REUSABLE_V2_NON_HOLDOUT,FROZEN_V2_PROMPT_IMAGE_MAPPING_PASS,V3_SMALL_TARGET_GROUND_LYING_POSITIVE,PASS_EXPLICIT_POSTURE_CUE,positive,PROMPT_DERIVED_SYNTHETIC_GT,FROZEN_GENERATION_PROMPT_AND_PLANNED_ROLE,false,positive,true,
V2_ORIGINAL::IMG_004090,V2_ORIGINAL_SYNTHETIC_500,109_p11-small-target-far-distance-09,IMG_004090,pf_v2_aigc_p11-small-target-far-distance,DEV,V3_DEV,positive,1,small_target_ground_lying,/home/yanbo/下载/batches/batch_person-fallen-v2-camera1p5m/prompts/109_p11-small-target-far-distance-09.txt,c1fa9fe26a76b85b23951b1031523edf54d36a3ccd8cc65aeda0f975b8765fd7,c1fa9fe26a76b85b23951b1031523edf54d36a3ccd8cc65aeda0f975b8765fd7,/home/yanbo/下载/batches/batch_person-fallen-v2-camera1p5m/final/109_p11-small-target-far-distance-09.png,a845ea4ea68b331dc883ec7e9b81d613a0d71b5a12f0ff22ea26078d325592a8,a845ea4ea68b331dc883ec7e9b81d613a0d71b5a12f0ff22ea26078d325592a8,FROZEN_V2_MANIFEST_EXPECTED_AND_ACTUAL,REUSABLE_V2_NON_HOLDOUT,FROZEN_V2_PROMPT_IMAGE_MAPPING_PASS,V3_SMALL_TARGET_GROUND_LYING_POSITIVE,PASS_EXPLICIT_POSTURE_CUE,positive,PROMPT_DERIVED_SYNTHETIC_GT,FROZEN_GENERATION_PROMPT_AND_PLANNED_ROLE,false,positive,true,
V2_ORIGINAL::IMG_003991,V2_ORIGINAL_SYNTHETIC_500,10_p01-supine-on-floor-10,IMG_003991,pf_v2_aigc_p01-supine-on-floor,DEV,V3_DEV,positive,1,supine_ground_lying,/home/yanbo/下载/batches/batch_person-fallen-v2-camera1p5m/prompts/10_p01-supine-on-floor-10.txt,458706b1fd3f5c96306767cb4ba2eb3ab5f5d4306c65417ea3e9b13e70058eab,458706b1fd3f5c96306767cb4ba2eb3ab5f5d4306c65417ea3e9b13e70058eab,/home/yanbo/下载/batches/batch_person-fallen-v2-camera1p5m/final/10_p01-supine-on-floor-10.png,38ce6cfd624925a391aacf8d6c267d8413b097d6ec4ded21c7df9f4bff2cfeff,38ce6cfd624925a391aacf8d6c267d8413b097d6ec4ded21c7df9f4bff2cfeff,FROZEN_V2_MANIFEST_EXPECTED_AND_ACTUAL,REUSABLE_V2_NON_HOLDOUT,FROZEN_V2_PROMPT_IMAGE_MAPPING_PASS,V3_SUPINE_GROUND_LYING_POSITIVE,PASS_EXPLICIT_POSTURE_CUE,positive,PROMPT_DERIVED_SYNTHETIC_GT,FROZEN_GENERATION_PROMPT_AND_PLANNED_ROLE,false,positive,true,
V2_ORIGINAL::IMG_004091,V2_ORIGINAL_SYNTHETIC_500,110_p11-small-target-far-distance-10,IMG_004091,pf_v2_aigc_p11-small-target-far-distance,DEV,V3_DEV,positive,1,small_target_ground_lying,/home/yanbo/下载/batches/batch_person-fallen-v2-camera1p5m/prompts/110_p11-small-target-far-distance-10.txt,d743344affdacf078acea7b04a9d7785363cb7afa378d1505d85d7b5f15a5c05,d743344affdacf078acea7b04a9d7785363cb7afa378d1505d85d7b5f15a5c05,/home/yanbo/下载/batches/batch_person-fallen-v2-camera1p5m/final/110_p11-small-target-far-distance-10.png,efe45d0ff9a1ad063fa930140a73f54bdf564c3a9b239ebedef1217d31366066,efe45d0ff9a1ad063fa930140a73f54bdf564c3a9b239ebedef1217d31366066,FROZEN_V2_MANIFEST_EXPECTED_AND_ACTUAL,REUSABLE_V2_NON_HOLDOUT,FROZEN_V2_PROMPT_IMAGE_MAPPING_PASS,V3_SMALL_TARGET_GROUND_LYING_POSITIVE,PASS_EXPLICIT_POSTURE_CUE,positive,PROMPT_DERIVED_SYNTHETIC_GT,FROZEN_GENERATION_PROMPT_AND_PLANNED_ROLE,false,positive,true,
V2_ORIGINAL::IMG_004092,V2_ORIGINAL_SYNTHETIC_500,111_p12-small-target-far-distance-01,IMG_004092,pf_v2_aigc_p12-small-target-far-distance,DEV,V3_DEV,positive,1,small_target_ground_lying,/home/yanbo/下载/batches/batch_person-fallen-v2-camera1p5m/prompts/111_p12-small-target-far-distance-01.txt,b7ba0f2bd396685c22da9536b0c3df1d3fa36829ca417b5a322f24be199300b0,b7ba0f2bd396685c22da9536b0c3df1d3fa36829ca417b5a322f24be199300b0,/home/yanbo/下载/batches/batch_person-fallen-v2-camera1p5m/final/111_p12-small-target-far-distance-01.png,13e8ef71870c18d10ac9cc45523bbe4f41cbf083965e4a221e973326dcf56bb4,13e8ef71870c18d10ac9cc45523bbe4f41cbf083965e4a221e973326dcf56bb4,FROZEN_V2_MANIFEST_EXPECTED_AND_ACTUAL,REUSABLE_V2_NON_HOLDOUT,FROZEN_V2_PROMPT_IMAGE_MAPPING_PASS,V3_SMALL_TARGET_GROUND_LYING_POSITIVE,PASS_EXPLICIT_POSTURE_CUE,positive,PROMPT_DERIVED_SYNTHETIC_GT,FROZEN_GENERATION_PROMPT_AND_PLANNED_ROLE,false,positive,true,
V2_ORIGINAL::IMG_004093,V2_ORIGINAL_SYNTHETIC_500,112_p12-small-target-far-distance-02,IMG_004093,pf_v2_aigc_p12-small-target-far-distance,DEV,V3_DEV,positive,1,small_target_ground_lying,/home/yanbo/下载/batches/batch_person-fallen-v2-camera1p5m/prompts/112_p12-small-target-far-distance-02.txt,9e892afca1da6a7508f340e76c380a6e6a84f6ad55880fd51e64442cdbfcc31a,9e892afca1da6a7508f340e76c380a6e6a84f6ad55880fd51e64442cdbfcc31a,/home/yanbo/下载/batches/batch_person-fallen-v2-camera1p5m/final/112_p12-small-target-far-distance-02.png,4246436d0560d692bc2a83933ff0ccc245b079b9dc388f87f12af3ba4c0efbde,4246436d0560d692bc2a83933ff0ccc245b079b9dc388f87f12af3ba4c0efbde,FROZEN_V2_MANIFEST_EXPECTED_AND_ACTUAL,REUSABLE_V2_NON_HOLDOUT,FROZEN_V2_PROMPT_IMAGE_MAPPING_PASS,V3_SMALL_TARGET_GROUND_LYING_POSITIVE,PASS_EXPLICIT_POSTURE_CUE,positive,PROMPT_DERIVED_SYNTHETIC_GT,FROZEN_GENERATION_PROMPT_AND_PLANNED_ROLE,false,positive,true,
V2_ORIGINAL::IMG_004094,V2_ORIGINAL_SYNTHETIC_500,113_p12-small-target-far-distance-03,IMG_004094,pf_v2_aigc_p12-small-target-far-distance,DEV,V3_DEV,positive,1,small_target_ground_lying,/home/yanbo/下载/batches/batch_person-fallen-v2-camera1p5m/prompts/113_p12-small-target-far-distance-03.txt,69fcc9b31d4ac349b5594d7c95905133abe64326f4b35096e699be916a34d561,69fcc9b31d4ac349b5594d7c95905133abe64326f4b35096e699be916a34d561,/home/yanbo/下载/batches/batch_person-fallen-v2-camera1p5m/final/113_p12-small-target-far-distance-03.png,4f075f1149ff33cfcbcec68d07edbf4cc29988b3f720ccf0b5d74fdce70facef,4f075f1149ff33cfcbcec68d07edbf4cc29988b3f720ccf0b5d74fdce70facef,FROZEN_V2_MANIFEST_EXPECTED_AND_ACTUAL,REUSABLE_V2_NON_HOLDOUT,FROZEN_V2_PROMPT_IMAGE_MAPPING_PASS,V3_SMALL_TARGET_GROUND_LYING_POSITIVE,PASS_EXPLICIT_POSTURE_CUE,positive,PROMPT_DERIVED_SYNTHETIC_GT,FROZEN_GENERATION_PROMPT_AND_PLANNED_ROLE,false,positive,true,
V2_ORIGINAL::IMG_004095,V2_ORIGINAL_SYNTHETIC_500,114_p12-small-target-far-distance-04,IMG_004095,pf_v2_aigc_p12-small-target-far-distance,DEV,V3_DEV,positive,1,small_target_ground_lying,/home/yanbo/下载/batches/batch_person-fallen-v2-camera1p5m/prompts/114_p12-small-target-far-distance-04.txt,c3510cfe73214ad49045dee7b8d3dc9063daa3926c3e2953ae2bbd1b1b949d12,c3510cfe73214ad49045dee7b8d3dc9063daa3926c3e2953ae2bbd1b1b949d12,/home/yanbo/下载/batches/batch_person-fallen-v2-camera1p5m/final/114_p12-small-target-far-distance-04.png,e2928c129ae6704a885c150d43502ddb40a423dc0f8553a21174ef5dae51e0f0,e2928c129ae6704a885c150d43502ddb40a423dc0f8553a21174ef5dae51e0f0,FROZEN_V2_MANIFEST_EXPECTED_AND_ACTUAL,REUSABLE_V2_NON_HOLDOUT,FROZEN_V2_PROMPT_IMAGE_MAPPING_PASS,V3_SMALL_TARGET_GROUND_LYING_POSITIVE,PASS_EXPLICIT_POSTURE_CUE,positive,PROMPT_DERIVED_SYNTHETIC_GT,FROZEN_GENERATION_PROMPT_AND_PLANNED_ROLE,false,positive,true,
V2_ORIGINAL::IMG_004096,V2_ORIGINAL_SYNTHETIC_500,115_p12-small-target-far-distance-05,IMG_004096,pf_v2_aigc_p12-small-target-far-distance,DEV,V3_DEV,positive,1,small_target_ground_lying,/home/yanbo/下载/batches/batch_person-fallen-v2-camera1p5m/prompts/115_p12-small-target-far-distance-05.txt,af53407dc94bcc51589f3abb8ca421a8b0b0da17767835aefb5b81d2f6913a4d,af53407dc94bcc51589f3abb8ca421a8b0b0da17767835aefb5b81d2f6913a4d,/home/yanbo/下载/batches/batch_person-fallen-v2-camera1p5m/final/115_p12-small-target-far-distance-05.png,622d392259b400aa43fa2e5b1dce8794622f280a4fa06fdaf4da1909f5e5deb0,622d392259b400aa43fa2e5b1dce8794622f280a4fa06fdaf4da1909f5e5deb0,FROZEN_V2_MANIFEST_EXPECTED_AND_ACTUAL,REUSABLE_V2_NON_HOLDOUT,FROZEN_V2_PROMPT_IMAGE_MAPPING_PASS,V3_SMALL_TARGET_GROUND_LYING_POSITIVE,PASS_EXPLICIT_POSTURE_CUE,positive,PROMPT_DERIVED_SYNTHETIC_GT,FROZEN_GENERATION_PROMPT_AND_PLANNED_ROLE,false,positive,true,
V2_ORIGINAL::IMG_004097,V2_ORIGINAL_SYNTHETIC_500,116_p12-small-target-far-distance-06,IMG_004097,pf_v2_aigc_p12-small-target-far-distance,DEV,V3_DEV,positive,1,small_target_ground_lying,/home/yanbo/下载/batches/batch_person-fallen-v2-camera1p5m/prompts/116_p12-small-target-far-distance-06.txt,8c5f899a03582fce7fb6cddb7934d5a7fb4f2517518c5afd2576bf4c14514362,8c5f899a03582fce7fb6cddb7934d5a7fb4f2517518c5afd2576bf4c14514362,/home/yanbo/下载/batches/batch_person-fallen-v2-camera1p5m/final/116_p12-small-target-far-distance-06.png,a14ab07cc237f1a4f11a5051bece00f00a840747d4b99370ef4aae4a0f04676e,a14ab07cc237f1a4f11a5051bece00f00a840747d4b99370ef4aae4a0f04676e,FROZEN_V2_MANIFEST_EXPECTED_AND_ACTUAL,REUSABLE_V2_NON_HOLDOUT,FROZEN_V2_PROMPT_IMAGE_MAPPING_PASS,V3_SMALL_TARGET_GROUND_LYING_POSITIVE,PASS_EXPLICIT_POSTURE_CUE,positive,PROMPT_DERIVED_SYNTHETIC_GT,FROZEN_GENERATION_PROMPT_AND_PLANNED_ROLE,false,positive,true,
V2_ORIGINAL::IMG_004098,V2_ORIGINAL_SYNTHETIC_500,117_p12-small-target-far-distance-07,IMG_004098,pf_v2_aigc_p12-small-target-far-distance,DEV,V3_DEV,positive,1,small_target_ground_lying,/home/yanbo/下载/batches/batch_person-fallen-v2-camera1p5m/prompts/117_p12-small-target-far-distance-07.txt,61fef7882f1c6ce71e35f2345812eb8be218889909279786918c7078ba2a8200,61fef7882f1c6ce71e35f2345812eb8be218889909279786918c7078ba2a8200,/home/yanbo/下载/batches/batch_person-fallen-v2-camera1p5m/final/117_p12-small-target-far-distance-07.png,8e10fb3e2510598863ef827bd869e44e59f9e066ef57c50ffbde24611b85d0ce,8e10fb3e2510598863ef827bd869e44e59f9e066ef57c50ffbde24611b85d0ce,FROZEN_V2_MANIFEST_EXPECTED_AND_ACTUAL,REUSABLE_V2_NON_HOLDOUT,FROZEN_V2_PROMPT_IMAGE_MAPPING_PASS,V3_SMALL_TARGET_GROUND_LYING_POSITIVE,PASS_EXPLICIT_POSTURE_CUE,positive,PROMPT_DERIVED_SYNTHETIC_GT,FROZEN_GENERATION_PROMPT_AND_PLANNED_ROLE,false,positive,true,
V2_ORIGINAL::IMG_004099,V2_ORIGINAL_SYNTHETIC_500,118_p12-small-target-far-distance-08,IMG_004099,pf_v2_aigc_p12-small-target-far-distance,DEV,V3_DEV,positive,1,small_target_ground_lying,/home/yanbo/下载/batches/batch_person-fallen-v2-camera1p5m/prompts/118_p12-small-target-far-distance-08.txt,b717d016b7614d0c595587fcdcb52d15d946d5ba86c33e0af10c9fc1f28f3f9d,b717d016b7614d0c595587fcdcb52d15d946d5ba86c33e0af10c9fc1f28f3f9d,/home/yanbo/下载/batches/batch_person-fallen-v2-camera1p5m/final/118_p12-small-target-far-distance-08.png,653d2f7b8ae607c5a1d8519b1896aebc1d0e8906e07b7e3d07e5acaf8d44dde7,653d2f7b8ae607c5a1d8519b1896aebc1d0e8906e07b7e3d07e5acaf8d44dde7,FROZEN_V2_MANIFEST_EXPECTED_AND_ACTUAL,REUSABLE_V2_NON_HOLDOUT,FROZEN_V2_PROMPT_IMAGE_MAPPING_PASS,V3_SMALL_TARGET_GROUND_LYING_POSITIVE,PASS_EXPLICIT_POSTURE_CUE,positive,PROMPT_DERIVED_SYNTHETIC_GT,FROZEN_GENERATION_PROMPT_AND_PLANNED_ROLE,false,positive,true,
V2_ORIGINAL::IMG_004100,V2_ORIGINAL_SYNTHETIC_500,119_p12-small-target-far-distance-09,IMG_004100,pf_v2_aigc_p12-small-target-far-distance,DEV,V3_DEV,positive,1,small_target_ground_lying,/home/yanbo/下载/batches/batch_person-fallen-v2-camera1p5m/prompts/119_p12-small-target-far-distance-09.txt,da855b80d6721a817999228e289fc9e42db8b07611d5a777b4ea338cc8ec1be0,da855b80d6721a817999228e289fc9e42db8b07611d5a777b4ea338cc8ec1be0,/home/yanbo/下载/batches/batch_person-fallen-v2-camera1p5m/final/119_p12-small-target-far-distance-09.png,1d937f7e58326096314cee37f9fd8fe698daca3701c607433ed1e5051c852e0d,1d937f7e58326096314cee37f9fd8fe698daca3701c607433ed1e5051c852e0d,FROZEN_V2_MANIFEST_EXPECTED_AND_ACTUAL,REUSABLE_V2_NON_HOLDOUT,FROZEN_V2_PROMPT_IMAGE_MAPPING_PASS,V3_SMALL_TARGET_GROUND_LYING_POSITIVE,PASS_EXPLICIT_POSTURE_CUE,positive,PROMPT_DERIVED_SYNTHETIC_GT,FROZEN_GENERATION_PROMPT_AND_PLANNED_ROLE,false,positive,true,
V2_ORIGINAL::IMG_003992,V2_ORIGINAL_SYNTHETIC_500,11_p02-supine-on-floor-01,IMG_003992,pf_v2_aigc_p02-supine-on-floor,DEV,V3_DEV,positive,1,supine_ground_lying,/home/yanbo/下载/batches/batch_person-fallen-v2-camera1p5m/prompts/11_p02-supine-on-floor-01.txt,88d99aa46f5c0629fb646fbe1cab63417167e3682794869c0b7687706d7161de,88d99aa46f5c0629fb646fbe1cab63417167e3682794869c0b7687706d7161de,/home/yanbo/下载/batches/batch_person-fallen-v2-camera1p5m/final/11_p02-supine-on-floor-01.png,b4de656feff104baf2db6ddaddd657dbf850a940b31683a66e179b52e650ffba,b4de656feff104baf2db6ddaddd657dbf850a940b31683a66e179b52e650ffba,FROZEN_V2_MANIFEST_EXPECTED_AND_ACTUAL,REUSABLE_V2_NON_HOLDOUT,FROZEN_V2_PROMPT_IMAGE_MAPPING_PASS,V3_SUPINE_GROUND_LYING_POSITIVE,PASS_EXPLICIT_POSTURE_CUE,positive,PROMPT_DERIVED_SYNTHETIC_GT,FROZEN_GENERATION_PROMPT_AND_PLANNED_ROLE,false,positive,true,
V2_ORIGINAL::IMG_004101,V2_ORIGINAL_SYNTHETIC_500,120_p12-small-target-far-distance-10,IMG_004101,pf_v2_aigc_p12-small-target-far-distance,DEV,V3_DEV,positive,1,small_target_ground_lying,/home/yanbo/下载/batches/batch_person-fallen-v2-camera1p5m/prompts/120_p12-small-target-far-distance-10.txt,aa5f979e3bb4f504d13ca2bcdb063947187a894e6bb68c2d5b0d3cc155b6db5e,aa5f979e3bb4f504d13ca2bcdb063947187a894e6bb68c2d5b0d3cc155b6db5e,/home/yanbo/下载/batches/batch_person-fallen-v2-camera1p5m/final/120_p12-small-target-far-distance-10.png,1f10a05af9f62318af661e1b51e57d9d11f2c1131af580c18997ad8cfeb9a419,1f10a05af9f62318af661e1b51e57d9d11f2c1131af580c18997ad8cfeb9a419,FROZEN_V2_MANIFEST_EXPECTED_AND_ACTUAL,REUSABLE_V2_NON_HOLDOUT,FROZEN_V2_PROMPT_IMAGE_MAPPING_PASS,V3_SMALL_TARGET_GROUND_LYING_POSITIVE,PASS_EXPLICIT_POSTURE_CUE,positive,PROMPT_DERIVED_SYNTHETIC_GT,FROZEN_GENERATION_PROMPT_AND_PLANNED_ROLE,false,positive,true,
V2_ORIGINAL::IMG_004102,V2_ORIGINAL_SYNTHETIC_500,121_p13-multi-person-scene-with-one-lying-person-01,IMG_004102,pf_v2_aigc_p13-multi-person-scene-with-one-lying-person,VAL,V3_VAL,positive,1,multi_person_one_lying,/home/yanbo/下载/batches/batch_person-fallen-v2-camera1p5m/prompts/121_p13-multi-person-scene-with-one-lying-person-01.txt,dbe33de25c829d604901e15098dc4514e89ded64b022bee78dcd4b2a35d621ef,dbe33de25c829d604901e15098dc4514e89ded64b022bee78dcd4b2a35d621ef,/home/yanbo/下载/batches/batch_person-fallen-v2-camera1p5m/final/121_p13-multi-person-scene-with-one-lying-person-01.png,c52e27d28166379f0bf4e7014d269248cc2878c8b7666f6623a1d37a0020d1cc,c52e27d28166379f0bf4e7014d269248cc2878c8b7666f6623a1d37a0020d1cc,FROZEN_V2_MANIFEST_EXPECTED_AND_ACTUAL,REUSABLE_V2_NON_HOLDOUT,FROZEN_V2_PROMPT_IMAGE_MAPPING_PASS,V3_MULTI_PERSON_ONE_LYING_POSITIVE,PASS_EXPLICIT_POSTURE_CUE,positive,PROMPT_DERIVED_SYNTHETIC_GT,FROZEN_GENERATION_PROMPT_AND_PLANNED_ROLE,false,positive,true,
V2_ORIGINAL::IMG_004103,V2_ORIGINAL_SYNTHETIC_500,122_p13-multi-person-scene-with-one-lying-person-02,IMG_004103,pf_v2_aigc_p13-multi-person-scene-with-one-lying-person,VAL,V3_VAL,positive,1,multi_person_one_lying,/home/yanbo/下载/batches/batch_person-fallen-v2-camera1p5m/prompts/122_p13-multi-person-scene-with-one-lying-person-02.txt,3cc46c9722ecf5c12f8d63c390a238df6eb5ec2bb4331a0dad456ad7f49e58c7,3cc46c9722ecf5c12f8d63c390a238df6eb5ec2bb4331a0dad456ad7f49e58c7,/home/yanbo/下载/batches/batch_person-fallen-v2-camera1p5m/final/122_p13-multi-person-scene-with-one-lying-person-02.png,25860012ebf9600a4fdee82d33b2ac5b3d7d0e4ab8e7da58bf18b9a7dc1f163f,25860012ebf9600a4fdee82d33b2ac5b3d7d0e4ab8e7da58bf18b9a7dc1f163f,FROZEN_V2_MANIFEST_EXPECTED_AND_ACTUAL,REUSABLE_V2_NON_HOLDOUT,FROZEN_V2_PROMPT_IMAGE_MAPPING_PASS,V3_MULTI_PERSON_ONE_LYING_POSITIVE,PASS_EXPLICIT_POSTURE_CUE,positive,PROMPT_DERIVED_SYNTHETIC_GT,FROZEN_GENERATION_PROMPT_AND_PLANNED_ROLE,false,positive,true,
V2_ORIGINAL::IMG_004104,V2_ORIGINAL_SYNTHETIC_500,123_p13-multi-person-scene-with-one-lying-person-03,IMG_004104,pf_v2_aigc_p13-multi-person-scene-with-one-lying-person,VAL,V3_VAL,positive,1,multi_person_one_lying,/home/yanbo/下载/batches/batch_person-fallen-v2-camera1p5m/prompts/123_p13-multi-person-scene-with-one-lying-person-03.txt,c8bc3645724f9d735e2a46a5ba82126e06c717b90c6245ec5c2bce8841298fc0,c8bc3645724f9d735e2a46a5ba82126e06c717b90c6245ec5c2bce8841298fc0,/home/yanbo/下载/batches/batch_person-fallen-v2-camera1p5m/final/123_p13-multi-person-scene-with-one-lying-person-03.png,771b0ace516d4c2c30fc25a7af11f23ad483de9c257c18411115d2977c1ae5b2,771b0ace516d4c2c30fc25a7af11f23ad483de9c257c18411115d2977c1ae5b2,FROZEN_V2_MANIFEST_EXPECTED_AND_ACTUAL,REUSABLE_V2_NON_HOLDOUT,FROZEN_V2_PROMPT_IMAGE_MAPPING_PASS,V3_MULTI_PERSON_ONE_LYING_POSITIVE,PASS_EXPLICIT_POSTURE_CUE,positive,PROMPT_DERIVED_SYNTHETIC_GT,FROZEN_GENERATION_PROMPT_AND_PLANNED_ROLE,false,positive,true,
V2_ORIGINAL::IMG_004105,V2_ORIGINAL_SYNTHETIC_500,124_p13-multi-person-scene-with-one-lying-person-04,IMG_004105,pf_v2_aigc_p13-multi-person-scene-with-one-lying-person,VAL,V3_VAL,positive,1,multi_person_one_lying,/home/yanbo/下载/batches/batch_person-fallen-v2-camera1p5m/prompts/124_p13-multi-person-scene-with-one-lying-person-04.txt,2f7db5db6030b02af0730673cb19ad2eb58554848a5e69b65aa171bbc20736be,2f7db5db6030b02af0730673cb19ad2eb58554848a5e69b65aa171bbc20736be,/home/yanbo/下载/batches/batch_person-fallen-v2-camera1p5m/final/124_p13-multi-person-scene-with-one-lying-person-04.png,e45842d8c9a5a6acaefd80a5cae41a9e188428ec65dd44a47945bd1fce7147e6,e45842d8c9a5a6acaefd80a5cae41a9e188428ec65dd44a47945bd1fce7147e6,FROZEN_V2_MANIFEST_EXPECTED_AND_ACTUAL,REUSABLE_V2_NON_HOLDOUT,FROZEN_V2_PROMPT_IMAGE_MAPPING_PASS,V3_MULTI_PERSON_ONE_LYING_POSITIVE,PASS_EXPLICIT_POSTURE_CUE,positive,PROMPT_DERIVED_SYNTHETIC_GT,FROZEN_GENERATION_PROMPT_AND_PLANNED_ROLE,false,positive,true,
V2_ORIGINAL::IMG_004106,V2_ORIGINAL_SYNTHETIC_500,125_p13-multi-person-scene-with-one-lying-person-05,IMG_004106,pf_v2_aigc_p13-multi-person-scene-with-one-lying-person,VAL,V3_VAL,positive,1,multi_person_one_lying,/home/yanbo/下载/batches/batch_person-fallen-v2-camera1p5m/prompts/125_p13-multi-person-scene-with-one-lying-person-05.txt,67a5c71ceffd819be19339fa7820ce00a05113cd67cafe1cb0f989b01b2cd233,67a5c71ceffd819be19339fa7820ce00a05113cd67cafe1cb0f989b01b2cd233,/home/yanbo/下载/batches/batch_person-fallen-v2-camera1p5m/final/125_p13-multi-person-scene-with-one-lying-person-05.png,7a5f34441fd413216c2b9f8986c63217e803e97536356b527de20889e445f81b,7a5f34441fd413216c2b9f8986c63217e803e97536356b527de20889e445f81b,FROZEN_V2_MANIFEST_EXPECTED_AND_ACTUAL,REUSABLE_V2_NON_HOLDOUT,FROZEN_V2_PROMPT_IMAGE_MAPPING_PASS,V3_MULTI_PERSON_ONE_LYING_POSITIVE,PASS_EXPLICIT_POSTURE_CUE,positive,PROMPT_DERIVED_SYNTHETIC_GT,FROZEN_GENERATION_PROMPT_AND_PLANNED_ROLE,false,positive,true,
V2_ORIGINAL::IMG_004107,V2_ORIGINAL_SYNTHETIC_500,126_p13-multi-person-scene-with-one-lying-person-06,IMG_004107,pf_v2_aigc_p13-multi-person-scene-with-one-lying-person,VAL,V3_VAL,positive,1,multi_person_one_lying,/home/yanbo/下载/batches/batch_person-fallen-v2-camera1p5m/prompts/126_p13-multi-person-scene-with-one-lying-person-06.txt,84db1119ccd45bc07d9fc399fe92c61f0d888eac01902a95f05fb2de2d6b7aa3,84db1119ccd45bc07d9fc399fe92c61f0d888eac01902a95f05fb2de2d6b7aa3,/home/yanbo/下载/batches/batch_person-fallen-v2-camera1p5m/final/126_p13-multi-person-scene-with-one-lying-person-06.png,99cb3837b7ae580e12c124c8254c72e6969a6b4eab30d48fa4304f231dd3cdc7,99cb3837b7ae580e12c124c8254c72e6969a6b4eab30d48fa4304f231dd3cdc7,FROZEN_V2_MANIFEST_EXPECTED_AND_ACTUAL,REUSABLE_V2_NON_HOLDOUT,FROZEN_V2_PROMPT_IMAGE_MAPPING_PASS,V3_MULTI_PERSON_ONE_LYING_POSITIVE,PASS_EXPLICIT_POSTURE_CUE,positive,PROMPT_DERIVED_SYNTHETIC_GT,FROZEN_GENERATION_PROMPT_AND_PLANNED_ROLE,false,positive,true,
V2_ORIGINAL::IMG_004108,V2_ORIGINAL_SYNTHETIC_500,127_p13-multi-person-scene-with-one-lying-person-07,IMG_004108,pf_v2_aigc_p13-multi-person-scene-with-one-lying-person,VAL,V3_VAL,positive,1,multi_person_one_lying,/home/yanbo/下载/batches/batch_person-fallen-v2-camera1p5m/prompts/127_p13-multi-person-scene-with-one-lying-person-07.txt,466f798136c5088a7cbc110b5b0af05e14cc533f9f16a7dde652c70270777f27,466f798136c5088a7cbc110b5b0af05e14cc533f9f16a7dde652c70270777f27,/home/yanbo/下载/batches/batch_person-fallen-v2-camera1p5m/final/127_p13-multi-person-scene-with-one-lying-person-07.png,30fbf8f91e9d4c43c8f3bd055e10c04ab652a1e808669b0cbf75b75888bd16cf,30fbf8f91e9d4c43c8f3bd055e10c04ab652a1e808669b0cbf75b75888bd16cf,FROZEN_V2_MANIFEST_EXPECTED_AND_ACTUAL,REUSABLE_V2_NON_HOLDOUT,FROZEN_V2_PROMPT_IMAGE_MAPPING_PASS,V3_MULTI_PERSON_ONE_LYING_POSITIVE,PASS_EXPLICIT_POSTURE_CUE,positive,PROMPT_DERIVED_SYNTHETIC_GT,FROZEN_GENERATION_PROMPT_AND_PLANNED_ROLE,false,positive,true,
V2_ORIGINAL::IMG_004109,V2_ORIGINAL_SYNTHETIC_500,128_p13-multi-person-scene-with-one-lying-person-08,IMG_004109,pf_v2_aigc_p13-multi-person-scene-with-one-lying-person,VAL,V3_VAL,positive,1,multi_person_one_lying,/home/yanbo/下载/batches/batch_person-fallen-v2-camera1p5m/prompts/128_p13-multi-person-scene-with-one-lying-person-08.txt,c573850707e52f921d913fde6b1e09f6ff8c4746efff9f629280aca62ae4b719,c573850707e52f921d913fde6b1e09f6ff8c4746efff9f629280aca62ae4b719,/home/yanbo/下载/batches/batch_person-fallen-v2-camera1p5m/final/128_p13-multi-person-scene-with-one-lying-person-08.png,7d8f0c1464e4c7566b8b7cbca3914e4a510015d240297a75da22a21e949e80c0,7d8f0c1464e4c7566b8b7cbca3914e4a510015d240297a75da22a21e949e80c0,FROZEN_V2_MANIFEST_EXPECTED_AND_ACTUAL,REUSABLE_V2_NON_HOLDOUT,FROZEN_V2_PROMPT_IMAGE_MAPPING_PASS,V3_MULTI_PERSON_ONE_LYING_POSITIVE,PASS_EXPLICIT_POSTURE_CUE,positive,PROMPT_DERIVED_SYNTHETIC_GT,FROZEN_GENERATION_PROMPT_AND_PLANNED_ROLE,false,positive,true,
V2_ORIGINAL::IMG_004110,V2_ORIGINAL_SYNTHETIC_500,129_p13-multi-person-scene-with-one-lying-person-09,IMG_004110,pf_v2_aigc_p13-multi-person-scene-with-one-lying-person,VAL,V3_VAL,positive,1,multi_person_one_lying,/home/yanbo/下载/batches/batch_person-fallen-v2-camera1p5m/prompts/129_p13-multi-person-scene-with-one-lying-person-09.txt,230450a149a86aa005f2222283f47fb1779c4c68aa4dcc9c11c0a8f92b4c3464,230450a149a86aa005f2222283f47fb1779c4c68aa4dcc9c11c0a8f92b4c3464,/home/yanbo/下载/batches/batch_person-fallen-v2-camera1p5m/final/129_p13-multi-person-scene-with-one-lying-person-09.png,f78d8ca52d5bc3ed76775ddad8cee820d472856a9ceea09669d20568c1fe8d09,f78d8ca52d5bc3ed76775ddad8cee820d472856a9ceea09669d20568c1fe8d09,FROZEN_V2_MANIFEST_EXPECTED_AND_ACTUAL,REUSABLE_V2_NON_HOLDOUT,FROZEN_V2_PROMPT_IMAGE_MAPPING_PASS,V3_MULTI_PERSON_ONE_LYING_POSITIVE,PASS_EXPLICIT_POSTURE_CUE,positive,PROMPT_DERIVED_SYNTHETIC_GT,FROZEN_GENERATION_PROMPT_AND_PLANNED_ROLE,false,positive,true,
V2_ORIGINAL::IMG_003993,V2_ORIGINAL_SYNTHETIC_500,12_p02-supine-on-floor-02,IMG_003993,pf_v2_aigc_p02-supine-on-floor,DEV,V3_DEV,positive,1,supine_ground_lying,/home/yanbo/下载/batches/batch_person-fallen-v2-camera1p5m/prompts/12_p02-supine-on-floor-02.txt,6d29651752b91d08f1c1dfed9bd3e3aaa6148c1cdc2f5e33904c68fb42dc4a78,6d29651752b91d08f1c1dfed9bd3e3aaa6148c1cdc2f5e33904c68fb42dc4a78,/home/yanbo/下载/batches/batch_person-fallen-v2-camera1p5m/final/12_p02-supine-on-floor-02.png,9bf58dce8362de316637a40ce17ef8cf5a4a65455b6bb9bdc22a40bb860abee4,9bf58dce8362de316637a40ce17ef8cf5a4a65455b6bb9bdc22a40bb860abee4,FROZEN_V2_MANIFEST_EXPECTED_AND_ACTUAL,REUSABLE_V2_NON_HOLDOUT,FROZEN_V2_PROMPT_IMAGE_MAPPING_PASS,V3_SUPINE_GROUND_LYING_POSITIVE,PASS_EXPLICIT_POSTURE_CUE,positive,PROMPT_DERIVED_SYNTHETIC_GT,FROZEN_GENERATION_PROMPT_AND_PLANNED_ROLE,false,positive,true,
V2_ORIGINAL::IMG_004111,V2_ORIGINAL_SYNTHETIC_500,130_p13-multi-person-scene-with-one-lying-person-10,IMG_004111,pf_v2_aigc_p13-multi-person-scene-with-one-lying-person,VAL,V3_VAL,positive,1,multi_person_one_lying,/home/yanbo/下载/batches/batch_person-fallen-v2-camera1p5m/prompts/130_p13-multi-person-scene-with-one-lying-person-10.txt,ae288d3450029392ac7dbbd0a9b4ee6ba27ea356fc465fd1dc4f27186c887aa2,ae288d3450029392ac7dbbd0a9b4ee6ba27ea356fc465fd1dc4f27186c887aa2,/home/yanbo/下载/batches/batch_person-fallen-v2-camera1p5m/final/130_p13-multi-person-scene-with-one-lying-person-10.png,921827a544364c2ea9c94f4a919f980641f4f42318a453d1a7a7cb29c5e73795,921827a544364c2ea9c94f4a919f980641f4f42318a453d1a7a7cb29c5e73795,FROZEN_V2_MANIFEST_EXPECTED_AND_ACTUAL,REUSABLE_V2_NON_HOLDOUT,FROZEN_V2_PROMPT_IMAGE_MAPPING_PASS,V3_MULTI_PERSON_ONE_LYING_POSITIVE,PASS_EXPLICIT_POSTURE_CUE,positive,PROMPT_DERIVED_SYNTHETIC_GT,FROZEN_GENERATION_PROMPT_AND_PLANNED_ROLE,false,positive,true,
V2_ORIGINAL::IMG_004112,V2_ORIGINAL_SYNTHETIC_500,131_p14-multi-person-scene-with-one-lying-person-01,IMG_004112,pf_v2_aigc_p14-multi-person-scene-with-one-lying-person,VAL,V3_VAL,positive,1,multi_person_one_lying,/home/yanbo/下载/batches/batch_person-fallen-v2-camera1p5m/prompts/131_p14-multi-person-scene-with-one-lying-person-01.txt,7f5326b4f934ac771fe80872c1fb5ce8813ca9de20b78b274a41b6a40d8167b2,7f5326b4f934ac771fe80872c1fb5ce8813ca9de20b78b274a41b6a40d8167b2,/home/yanbo/下载/batches/batch_person-fallen-v2-camera1p5m/final/131_p14-multi-person-scene-with-one-lying-person-01.png,6758e8af8c38f7003789531610b7d7864e0248cee328bb432ebb82554016971e,6758e8af8c38f7003789531610b7d7864e0248cee328bb432ebb82554016971e,FROZEN_V2_MANIFEST_EXPECTED_AND_ACTUAL,REUSABLE_V2_NON_HOLDOUT,FROZEN_V2_PROMPT_IMAGE_MAPPING_PASS,V3_MULTI_PERSON_ONE_LYING_POSITIVE,PASS_EXPLICIT_POSTURE_CUE,positive,PROMPT_DERIVED_SYNTHETIC_GT,FROZEN_GENERATION_PROMPT_AND_PLANNED_ROLE,false,positive,true,
V2_ORIGINAL::IMG_004113,V2_ORIGINAL_SYNTHETIC_500,132_p14-multi-person-scene-with-one-lying-person-02,IMG_004113,pf_v2_aigc_p14-multi-person-scene-with-one-lying-person,VAL,V3_VAL,positive,1,multi_person_one_lying,/home/yanbo/下载/batches/batch_person-fallen-v2-camera1p5m/prompts/132_p14-multi-person-scene-with-one-lying-person-02.txt,1081469916668b540fded87964c6cbd8a5a62f1b364c503bfa8bcba92e84142a,1081469916668b540fded87964c6cbd8a5a62f1b364c503bfa8bcba92e84142a,/home/yanbo/下载/batches/batch_person-fallen-v2-camera1p5m/final/132_p14-multi-person-scene-with-one-lying-person-02.png,35841787251043fed8fc37689f30d4616c2c36546d43917e035ec5a0929a44d2,35841787251043fed8fc37689f30d4616c2c36546d43917e035ec5a0929a44d2,FROZEN_V2_MANIFEST_EXPECTED_AND_ACTUAL,REUSABLE_V2_NON_HOLDOUT,FROZEN_V2_PROMPT_IMAGE_MAPPING_PASS,V3_MULTI_PERSON_ONE_LYING_POSITIVE,PASS_EXPLICIT_POSTURE_CUE,positive,PROMPT_DERIVED_SYNTHETIC_GT,FROZEN_GENERATION_PROMPT_AND_PLANNED_ROLE,false,positive,true,
V2_ORIGINAL::IMG_004114,V2_ORIGINAL_SYNTHETIC_500,133_p14-multi-person-scene-with-one-lying-person-03,IMG_004114,pf_v2_aigc_p14-multi-person-scene-with-one-lying-person,VAL,V3_VAL,positive,1,multi_person_one_lying,/home/yanbo/下载/batches/batch_person-fallen-v2-camera1p5m/prompts/133_p14-multi-person-scene-with-one-lying-person-03.txt,d93ad19d35fb0e63b90517382122401d2c6bd608e726fffb02021ebb85ecafc7,d93ad19d35fb0e63b90517382122401d2c6bd608e726fffb02021ebb85ecafc7,/home/yanbo/下载/batches/batch_person-fallen-v2-camera1p5m/final/133_p14-multi-person-scene-with-one-lying-person-03.png,6ecbdbfe9e463de38f9fda73623b695ca2057fd6b280a94d1edd659acb5cf93a,6ecbdbfe9e463de38f9fda73623b695ca2057fd6b280a94d1edd659acb5cf93a,FROZEN_V2_MANIFEST_EXPECTED_AND_ACTUAL,REUSABLE_V2_NON_HOLDOUT,FROZEN_V2_PROMPT_IMAGE_MAPPING_PASS,V3_MULTI_PERSON_ONE_LYING_POSITIVE,PASS_EXPLICIT_POSTURE_CUE,positive,PROMPT_DERIVED_SYNTHETIC_GT,FROZEN_GENERATION_PROMPT_AND_PLANNED_ROLE,false,positive,true,
V2_ORIGINAL::IMG_004115,V2_ORIGINAL_SYNTHETIC_500,134_p14-multi-person-scene-with-one-lying-person-04,IMG_004115,pf_v2_aigc_p14-multi-person-scene-with-one-lying-person,VAL,V3_VAL,positive,1,multi_person_one_lying,/home/yanbo/下载/batches/batch_person-fallen-v2-camera1p5m/prompts/134_p14-multi-person-scene-with-one-lying-person-04.txt,2327c9bd83d520136540b3854985335d4b2580589ea36574d62411f15bf6f16c,2327c9bd83d520136540b3854985335d4b2580589ea36574d62411f15bf6f16c,/home/yanbo/下载/batches/batch_person-fallen-v2-camera1p5m/final/134_p14-multi-person-scene-with-one-lying-person-04.png,f8dc7665581f06955e7e51fcb1d794d700397c5f2497c479ad21d0d821edf8ad,f8dc7665581f06955e7e51fcb1d794d700397c5f2497c479ad21d0d821edf8ad,FROZEN_V2_MANIFEST_EXPECTED_AND_ACTUAL,REUSABLE_V2_NON_HOLDOUT,FROZEN_V2_PROMPT_IMAGE_MAPPING_PASS,V3_MULTI_PERSON_ONE_LYING_POSITIVE,PASS_EXPLICIT_POSTURE_CUE,positive,PROMPT_DERIVED_SYNTHETIC_GT,FROZEN_GENERATION_PROMPT_AND_PLANNED_ROLE,false,positive,true,
V2_ORIGINAL::IMG_004116,V2_ORIGINAL_SYNTHETIC_500,135_p14-multi-person-scene-with-one-lying-person-05,IMG_004116,pf_v2_aigc_p14-multi-person-scene-with-one-lying-person,VAL,V3_VAL,positive,1,multi_person_one_lying,/home/yanbo/下载/batches/batch_person-fallen-v2-camera1p5m/prompts/135_p14-multi-person-scene-with-one-lying-person-05.txt,69c53404f8dcf61916fb5847fc70554019e057ba480c7ea615854ed42a4d23ea,69c53404f8dcf61916fb5847fc70554019e057ba480c7ea615854ed42a4d23ea,/home/yanbo/下载/batches/batch_person-fallen-v2-camera1p5m/final/135_p14-multi-person-scene-with-one-lying-person-05.png,6dedb4240116565288e9a37accf8ac9d9a5b27997daca1cccb208dcbc603ada2,6dedb4240116565288e9a37accf8ac9d9a5b27997daca1cccb208dcbc603ada2,FROZEN_V2_MANIFEST_EXPECTED_AND_ACTUAL,REUSABLE_V2_NON_HOLDOUT,FROZEN_V2_PROMPT_IMAGE_MAPPING_PASS,V3_MULTI_PERSON_ONE_LYING_POSITIVE,PASS_EXPLICIT_POSTURE_CUE,positive,PROMPT_DERIVED_SYNTHETIC_GT,FROZEN_GENERATION_PROMPT_AND_PLANNED_ROLE,false,positive,true,
V2_ORIGINAL::IMG_004117,V2_ORIGINAL_SYNTHETIC_500,136_p14-multi-person-scene-with-one-lying-person-06,IMG_004117,pf_v2_aigc_p14-multi-person-scene-with-one-lying-person,VAL,V3_VAL,positive,1,multi_person_one_lying,/home/yanbo/下载/batches/batch_person-fallen-v2-camera1p5m/prompts/136_p14-multi-person-scene-with-one-lying-person-06.txt,29ca5851a88421d30506535346ca1118eb152c6bd10b40224838dfaee2839c31,29ca5851a88421d30506535346ca1118eb152c6bd10b40224838dfaee2839c31,/home/yanbo/下载/batches/batch_person-fallen-v2-camera1p5m/final/136_p14-multi-person-scene-with-one-lying-person-06.png,53eb38450e8698b310091c2fd508870414d28cdbe07e33e7a9ece2da0b18bc28,53eb38450e8698b310091c2fd508870414d28cdbe07e33e7a9ece2da0b18bc28,FROZEN_V2_MANIFEST_EXPECTED_AND_ACTUAL,REUSABLE_V2_NON_HOLDOUT,FROZEN_V2_PROMPT_IMAGE_MAPPING_PASS,V3_MULTI_PERSON_ONE_LYING_POSITIVE,PASS_EXPLICIT_POSTURE_CUE,positive,PROMPT_DERIVED_SYNTHETIC_GT,FROZEN_GENERATION_PROMPT_AND_PLANNED_ROLE,false,positive,true,
V2_ORIGINAL::IMG_004118,V2_ORIGINAL_SYNTHETIC_500,137_p14-multi-person-scene-with-one-lying-person-07,IMG_004118,pf_v2_aigc_p14-multi-person-scene-with-one-lying-person,VAL,V3_VAL,positive,1,multi_person_one_lying,/home/yanbo/下载/batches/batch_person-fallen-v2-camera1p5m/prompts/137_p14-multi-person-scene-with-one-lying-person-07.txt,7618c60d9824a193126410643cddfad93c6dca53a2bffd219cd206d65d4bb47d,7618c60d9824a193126410643cddfad93c6dca53a2bffd219cd206d65d4bb47d,/home/yanbo/下载/batches/batch_person-fallen-v2-camera1p5m/final/137_p14-multi-person-scene-with-one-lying-person-07.png,b7550d1504c6d43d4d342a8e154d080f3b9d5b6cdf4d64fc8e2ece062c50fa0a,b7550d1504c6d43d4d342a8e154d080f3b9d5b6cdf4d64fc8e2ece062c50fa0a,FROZEN_V2_MANIFEST_EXPECTED_AND_ACTUAL,REUSABLE_V2_NON_HOLDOUT,FROZEN_V2_PROMPT_IMAGE_MAPPING_PASS,V3_MULTI_PERSON_ONE_LYING_POSITIVE,PASS_EXPLICIT_POSTURE_CUE,positive,PROMPT_DERIVED_SYNTHETIC_GT,FROZEN_GENERATION_PROMPT_AND_PLANNED_ROLE,false,positive,true,
V2_ORIGINAL::IMG_004119,V2_ORIGINAL_SYNTHETIC_500,138_p14-multi-person-scene-with-one-lying-person-08,IMG_004119,pf_v2_aigc_p14-multi-person-scene-with-one-lying-person,VAL,V3_VAL,positive,1,multi_person_one_lying,/home/yanbo/下载/batches/batch_person-fallen-v2-camera1p5m/prompts/138_p14-multi-person-scene-with-one-lying-person-08.txt,fc5ee4f0df4dd16cb85705dac31adfb04f912e5b9f60abb8c87fc0c78ac1846d,fc5ee4f0df4dd16cb85705dac31adfb04f912e5b9f60abb8c87fc0c78ac1846d,/home/yanbo/下载/batches/batch_person-fallen-v2-camera1p5m/final/138_p14-multi-person-scene-with-one-lying-person-08.png,450dd9643001f245eaa5d70daa8823790d9e7f56d84b62a051ba2706e056c2f8,450dd9643001f245eaa5d70daa8823790d9e7f56d84b62a051ba2706e056c2f8,FROZEN_V2_MANIFEST_EXPECTED_AND_ACTUAL,REUSABLE_V2_NON_HOLDOUT,FROZEN_V2_PROMPT_IMAGE_MAPPING_PASS,V3_MULTI_PERSON_ONE_LYING_POSITIVE,PASS_EXPLICIT_POSTURE_CUE,positive,PROMPT_DERIVED_SYNTHETIC_GT,FROZEN_GENERATION_PROMPT_AND_PLANNED_ROLE,false,positive,true,
V2_ORIGINAL::IMG_004120,V2_ORIGINAL_SYNTHETIC_500,139_p14-multi-person-scene-with-one-lying-person-09,IMG_004120,pf_v2_aigc_p14-multi-person-scene-with-one-lying-person,VAL,V3_VAL,positive,1,multi_person_one_lying,/home/yanbo/下载/batches/batch_person-fallen-v2-camera1p5m/prompts/139_p14-multi-person-scene-with-one-lying-person-09.txt,5fd596261d57b005bb3853fae5485c5615f0e964674dff3b50dc416a9cab5ba9,5fd596261d57b005bb3853fae5485c5615f0e964674dff3b50dc416a9cab5ba9,/home/yanbo/下载/batches/batch_person-fallen-v2-camera1p5m/final/139_p14-multi-person-scene-with-one-lying-person-09.png,a0f85291d3074380372602c5b29b8d86e00b0462f33eeae4efd04867127a8cb5,a0f85291d3074380372602c5b29b8d86e00b0462f33eeae4efd04867127a8cb5,FROZEN_V2_MANIFEST_EXPECTED_AND_ACTUAL,REUSABLE_V2_NON_HOLDOUT,FROZEN_V2_PROMPT_IMAGE_MAPPING_PASS,V3_MULTI_PERSON_ONE_LYING_POSITIVE,PASS_EXPLICIT_POSTURE_CUE,positive,PROMPT_DERIVED_SYNTHETIC_GT,FROZEN_GENERATION_PROMPT_AND_PLANNED_ROLE,false,positive,true,
V2_ORIGINAL::IMG_003994,V2_ORIGINAL_SYNTHETIC_500,13_p02-supine-on-floor-03,IMG_003994,pf_v2_aigc_p02-supine-on-floor,DEV,V3_DEV,positive,1,supine_ground_lying,/home/yanbo/下载/batches/batch_person-fallen-v2-camera1p5m/prompts/13_p02-supine-on-floor-03.txt,77ebc2b66e870e8314082079789df7ca6cde84323537c9a7c16a33c7bc79af44,77ebc2b66e870e8314082079789df7ca6cde84323537c9a7c16a33c7bc79af44,/home/yanbo/下载/batches/batch_person-fallen-v2-camera1p5m/final/13_p02-supine-on-floor-03.png,560f13e4a70db0d94d90f60f41b9d100fbae87b7b0cd3a69bd00a4515b4dfb52,560f13e4a70db0d94d90f60f41b9d100fbae87b7b0cd3a69bd00a4515b4dfb52,FROZEN_V2_MANIFEST_EXPECTED_AND_ACTUAL,REUSABLE_V2_NON_HOLDOUT,FROZEN_V2_PROMPT_IMAGE_MAPPING_PASS,V3_SUPINE_GROUND_LYING_POSITIVE,PASS_EXPLICIT_POSTURE_CUE,positive,PROMPT_DERIVED_SYNTHETIC_GT,FROZEN_GENERATION_PROMPT_AND_PLANNED_ROLE,false,positive,true,
V2_ORIGINAL::IMG_004121,V2_ORIGINAL_SYNTHETIC_500,140_p14-multi-person-scene-with-one-lying-person-10,IMG_004121,pf_v2_aigc_p14-multi-person-scene-with-one-lying-person,VAL,V3_VAL,positive,1,multi_person_one_lying,/home/yanbo/下载/batches/batch_person-fallen-v2-camera1p5m/prompts/140_p14-multi-person-scene-with-one-lying-person-10.txt,5e1b8ba28d2dda4ee37c0e761bb4bad83bad3140ebd3b7f13cd381fd43298cd2,5e1b8ba28d2dda4ee37c0e761bb4bad83bad3140ebd3b7f13cd381fd43298cd2,/home/yanbo/下载/batches/batch_person-fallen-v2-camera1p5m/final/140_p14-multi-person-scene-with-one-lying-person-10.png,04e15104110c832d8c810e34bf62c039d91dc7ade3b070e480b6d05d227744cb,04e15104110c832d8c810e34bf62c039d91dc7ade3b070e480b6d05d227744cb,FROZEN_V2_MANIFEST_EXPECTED_AND_ACTUAL,REUSABLE_V2_NON_HOLDOUT,FROZEN_V2_PROMPT_IMAGE_MAPPING_PASS,V3_MULTI_PERSON_ONE_LYING_POSITIVE,PASS_EXPLICIT_POSTURE_CUE,positive,PROMPT_DERIVED_SYNTHETIC_GT,FROZEN_GENERATION_PROMPT_AND_PLANNED_ROLE,false,positive,true,
V2_ORIGINAL::IMG_004122,V2_ORIGINAL_SYNTHETIC_500,141_p15-low-light-shadow-mild-blur-01,IMG_004122,pf_v2_aigc_p15-low-light-shadow-mild-blur,VAL,V3_VAL,positive,1,low_light_ground_lying,/home/yanbo/下载/batches/batch_person-fallen-v2-camera1p5m/prompts/141_p15-low-light-shadow-mild-blur-01.txt,b3563a5c0532e79f78956fffdcad3a85eb5a6ffb9dd9f72579e71dcaa5086e4c,b3563a5c0532e79f78956fffdcad3a85eb5a6ffb9dd9f72579e71dcaa5086e4c,/home/yanbo/下载/batches/batch_person-fallen-v2-camera1p5m/final/141_p15-low-light-shadow-mild-blur-01.png,4135013549e0f3cde667b25bcad2ba4e1979c7250427f33633aa44d5d172e6b4,4135013549e0f3cde667b25bcad2ba4e1979c7250427f33633aa44d5d172e6b4,FROZEN_V2_MANIFEST_EXPECTED_AND_ACTUAL,REUSABLE_V2_NON_HOLDOUT,FROZEN_V2_PROMPT_IMAGE_MAPPING_PASS,V3_LOW_LIGHT_GROUND_LYING_POSITIVE,PASS_EXPLICIT_POSTURE_CUE,positive,PROMPT_DERIVED_SYNTHETIC_GT,FROZEN_GENERATION_PROMPT_AND_PLANNED_ROLE,false,positive,true,
V2_ORIGINAL::IMG_004123,V2_ORIGINAL_SYNTHETIC_500,142_p15-low-light-shadow-mild-blur-02,IMG_004123,pf_v2_aigc_p15-low-light-shadow-mild-blur,VAL,V3_VAL,positive,1,low_light_ground_lying,/home/yanbo/下载/batches/batch_person-fallen-v2-camera1p5m/prompts/142_p15-low-light-shadow-mild-blur-02.txt,a5d66ffe860bc0aec9fc697222ae9fd18d8e0bf943b353d3d6d0e74c96de43b4,a5d66ffe860bc0aec9fc697222ae9fd18d8e0bf943b353d3d6d0e74c96de43b4,/home/yanbo/下载/batches/batch_person-fallen-v2-camera1p5m/final/142_p15-low-light-shadow-mild-blur-02.png,6358d7ad3faaac7d4decf4fd6b4bdb0fe676236cf08930002f2bd2e8f43145a4,6358d7ad3faaac7d4decf4fd6b4bdb0fe676236cf08930002f2bd2e8f43145a4,FROZEN_V2_MANIFEST_EXPECTED_AND_ACTUAL,REUSABLE_V2_NON_HOLDOUT,FROZEN_V2_PROMPT_IMAGE_MAPPING_PASS,V3_LOW_LIGHT_GROUND_LYING_POSITIVE,PASS_EXPLICIT_POSTURE_CUE,positive,PROMPT_DERIVED_SYNTHETIC_GT,FROZEN_GENERATION_PROMPT_AND_PLANNED_ROLE,false,positive,true,
V2_ORIGINAL::IMG_004124,V2_ORIGINAL_SYNTHETIC_500,143_p15-low-light-shadow-mild-blur-03,IMG_004124,pf_v2_aigc_p15-low-light-shadow-mild-blur,VAL,V3_VAL,positive,1,low_light_ground_lying,/home/yanbo/下载/batches/batch_person-fallen-v2-camera1p5m/prompts/143_p15-low-light-shadow-mild-blur-03.txt,a00ff076631c4ac25bdb571cffebb827936a3498111f92d3970ec85fd9796b7f,a00ff076631c4ac25bdb571cffebb827936a3498111f92d3970ec85fd9796b7f,/home/yanbo/下载/batches/batch_person-fallen-v2-camera1p5m/final/143_p15-low-light-shadow-mild-blur-03.png,5d847470e681641cec0bc293fa78093159f3fba120119f0f47a9e1459b9d0af2,5d847470e681641cec0bc293fa78093159f3fba120119f0f47a9e1459b9d0af2,FROZEN_V2_MANIFEST_EXPECTED_AND_ACTUAL,REUSABLE_V2_NON_HOLDOUT,FROZEN_V2_PROMPT_IMAGE_MAPPING_PASS,V3_LOW_LIGHT_GROUND_LYING_POSITIVE,PASS_EXPLICIT_POSTURE_CUE,positive,PROMPT_DERIVED_SYNTHETIC_GT,FROZEN_GENERATION_PROMPT_AND_PLANNED_ROLE,false,positive,true,
V2_ORIGINAL::IMG_004125,V2_ORIGINAL_SYNTHETIC_500,144_p15-low-light-shadow-mild-blur-04,IMG_004125,pf_v2_aigc_p15-low-light-shadow-mild-blur,VAL,V3_VAL,positive,1,low_light_ground_lying,/home/yanbo/下载/batches/batch_person-fallen-v2-camera1p5m/prompts/144_p15-low-light-shadow-mild-blur-04.txt,3d633e379afc763d5d7d66168188b0c26827888335f2a42d725a92431bc52d68,3d633e379afc763d5d7d66168188b0c26827888335f2a42d725a92431bc52d68,/home/yanbo/下载/batches/batch_person-fallen-v2-camera1p5m/final/144_p15-low-light-shadow-mild-blur-04.png,651d085cacfda0c5e22c6d535021f963394359054b14a585256786174e1ffcd8,651d085cacfda0c5e22c6d535021f963394359054b14a585256786174e1ffcd8,FROZEN_V2_MANIFEST_EXPECTED_AND_ACTUAL,REUSABLE_V2_NON_HOLDOUT,FROZEN_V2_PROMPT_IMAGE_MAPPING_PASS,V3_LOW_LIGHT_GROUND_LYING_POSITIVE,PASS_EXPLICIT_POSTURE_CUE,positive,PROMPT_DERIVED_SYNTHETIC_GT,FROZEN_GENERATION_PROMPT_AND_PLANNED_ROLE,false,positive,true,
V2_ORIGINAL::IMG_004126,V2_ORIGINAL_SYNTHETIC_500,145_p15-low-light-shadow-mild-blur-05,IMG_004126,pf_v2_aigc_p15-low-light-shadow-mild-blur,VAL,V3_VAL,positive,1,low_light_ground_lying,/home/yanbo/下载/batches/batch_person-fallen-v2-camera1p5m/prompts/145_p15-low-light-shadow-mild-blur-05.txt,12a673ae2804b05745c8e07884f98f51ad4818325996b397760da55e0403c149,12a673ae2804b05745c8e07884f98f51ad4818325996b397760da55e0403c149,/home/yanbo/下载/batches/batch_person-fallen-v2-camera1p5m/final/145_p15-low-light-shadow-mild-blur-05.png,6f09b5476bc7f5eab501ffdbdb51420faa910402c87d41c077911a10bb40efdb,6f09b5476bc7f5eab501ffdbdb51420faa910402c87d41c077911a10bb40efdb,FROZEN_V2_MANIFEST_EXPECTED_AND_ACTUAL,REUSABLE_V2_NON_HOLDOUT,FROZEN_V2_PROMPT_IMAGE_MAPPING_PASS,V3_LOW_LIGHT_GROUND_LYING_POSITIVE,PASS_EXPLICIT_POSTURE_CUE,positive,PROMPT_DERIVED_SYNTHETIC_GT,FROZEN_GENERATION_PROMPT_AND_PLANNED_ROLE,false,positive,true,
V2_ORIGINAL::IMG_004127,V2_ORIGINAL_SYNTHETIC_500,146_p15-low-light-shadow-mild-blur-06,IMG_004127,pf_v2_aigc_p15-low-light-shadow-mild-blur,VAL,V3_VAL,positive,1,low_light_ground_lying,/home/yanbo/下载/batches/batch_person-fallen-v2-camera1p5m/prompts/146_p15-low-light-shadow-mild-blur-06.txt,458137fc41cd94d8a4e7946e6b236bca6ccc0b5ffe41706345ce46aa903fa3c5,458137fc41cd94d8a4e7946e6b236bca6ccc0b5ffe41706345ce46aa903fa3c5,/home/yanbo/下载/batches/batch_person-fallen-v2-camera1p5m/final/146_p15-low-light-shadow-mild-blur-06.png,8258539a334cd708b993308f910bfb2dced41983a61f4440e140d86dc678a24a,8258539a334cd708b993308f910bfb2dced41983a61f4440e140d86dc678a24a,FROZEN_V2_MANIFEST_EXPECTED_AND_ACTUAL,REUSABLE_V2_NON_HOLDOUT,FROZEN_V2_PROMPT_IMAGE_MAPPING_PASS,V3_LOW_LIGHT_GROUND_LYING_POSITIVE,PASS_EXPLICIT_POSTURE_CUE,positive,PROMPT_DERIVED_SYNTHETIC_GT,FROZEN_GENERATION_PROMPT_AND_PLANNED_ROLE,false,positive,true,
V2_ORIGINAL::IMG_004128,V2_ORIGINAL_SYNTHETIC_500,147_p15-low-light-shadow-mild-blur-07,IMG_004128,pf_v2_aigc_p15-low-light-shadow-mild-blur,VAL,V3_VAL,positive,1,low_light_ground_lying,/home/yanbo/下载/batches/batch_person-fallen-v2-camera1p5m/prompts/147_p15-low-light-shadow-mild-blur-07.txt,4ee964a2073efc8098bb61e262ebd67d7e4eb78f6c601f09894b6ee0f2507581,4ee964a2073efc8098bb61e262ebd67d7e4eb78f6c601f09894b6ee0f2507581,/home/yanbo/下载/batches/batch_person-fallen-v2-camera1p5m/final/147_p15-low-light-shadow-mild-blur-07.png,07c28fb3697ce4496e5bce8d075eafd75577adfb2ff210e7f05b02b688b3bdfb,07c28fb3697ce4496e5bce8d075eafd75577adfb2ff210e7f05b02b688b3bdfb,FROZEN_V2_MANIFEST_EXPECTED_AND_ACTUAL,REUSABLE_V2_NON_HOLDOUT,FROZEN_V2_PROMPT_IMAGE_MAPPING_PASS,V3_LOW_LIGHT_GROUND_LYING_POSITIVE,PASS_EXPLICIT_POSTURE_CUE,positive,PROMPT_DERIVED_SYNTHETIC_GT,FROZEN_GENERATION_PROMPT_AND_PLANNED_ROLE,false,positive,true,
V2_ORIGINAL::IMG_004129,V2_ORIGINAL_SYNTHETIC_500,148_p15-low-light-shadow-mild-blur-08,IMG_004129,pf_v2_aigc_p15-low-light-shadow-mild-blur,VAL,V3_VAL,positive,1,low_light_ground_lying,/home/yanbo/下载/batches/batch_person-fallen-v2-camera1p5m/prompts/148_p15-low-light-shadow-mild-blur-08.txt,dcef0f9ae3d10b5486b018e51419921a67dc33182bf852f7debb544d524917aa,dcef0f9ae3d10b5486b018e51419921a67dc33182bf852f7debb544d524917aa,/home/yanbo/下载/batches/batch_person-fallen-v2-camera1p5m/final/148_p15-low-light-shadow-mild-blur-08.png,0b24ae9b7e0a76c86ddd34c7674ae5894296ee663cdf5c8b84fb06f05a63453e,0b24ae9b7e0a76c86ddd34c7674ae5894296ee663cdf5c8b84fb06f05a63453e,FROZEN_V2_MANIFEST_EXPECTED_AND_ACTUAL,REUSABLE_V2_NON_HOLDOUT,FROZEN_V2_PROMPT_IMAGE_MAPPING_PASS,V3_LOW_LIGHT_GROUND_LYING_POSITIVE,PASS_EXPLICIT_POSTURE_CUE,positive,PROMPT_DERIVED_SYNTHETIC_GT,FROZEN_GENERATION_PROMPT_AND_PLANNED_ROLE,false,positive,true,
V2_ORIGINAL::IMG_004130,V2_ORIGINAL_SYNTHETIC_500,149_p15-low-light-shadow-mild-blur-09,IMG_004130,pf_v2_aigc_p15-low-light-shadow-mild-blur,VAL,V3_VAL,positive,1,low_light_ground_lying,/home/yanbo/下载/batches/batch_person-fallen-v2-camera1p5m/prompts/149_p15-low-light-shadow-mild-blur-09.txt,5e80fc0c1779b776420446bb0f6ca322240b3ab13a9ba454a7ff4df54407622d,5e80fc0c1779b776420446bb0f6ca322240b3ab13a9ba454a7ff4df54407622d,/home/yanbo/下载/batches/batch_person-fallen-v2-camera1p5m/final/149_p15-low-light-shadow-mild-blur-09.png,0fdaecc05b08523b66c02dbb421201e067f9d1a7e39a0c8359bfaedba36a912c,0fdaecc05b08523b66c02dbb421201e067f9d1a7e39a0c8359bfaedba36a912c,FROZEN_V2_MANIFEST_EXPECTED_AND_ACTUAL,REUSABLE_V2_NON_HOLDOUT,FROZEN_V2_PROMPT_IMAGE_MAPPING_PASS,V3_LOW_LIGHT_GROUND_LYING_POSITIVE,PASS_EXPLICIT_POSTURE_CUE,positive,PROMPT_DERIVED_SYNTHETIC_GT,FROZEN_GENERATION_PROMPT_AND_PLANNED_ROLE,false,positive,true,
V2_ORIGINAL::IMG_003995,V2_ORIGINAL_SYNTHETIC_500,14_p02-supine-on-floor-04,IMG_003995,pf_v2_aigc_p02-supine-on-floor,DEV,V3_DEV,positive,1,supine_ground_lying,/home/yanbo/下载/batches/batch_person-fallen-v2-camera1p5m/prompts/14_p02-supine-on-floor-04.txt,b9fdd59f226b4a2aeec26650ace9c08dd72f9d1631ca14cc2b299feae24ff449,b9fdd59f226b4a2aeec26650ace9c08dd72f9d1631ca14cc2b299feae24ff449,/home/yanbo/下载/batches/batch_person-fallen-v2-camera1p5m/final/14_p02-supine-on-floor-04.png,5d32e551633bc5f3cbccce2413e955e88ff6bb590eb8acf1a89ec25d9e39aa59,5d32e551633bc5f3cbccce2413e955e88ff6bb590eb8acf1a89ec25d9e39aa59,FROZEN_V2_MANIFEST_EXPECTED_AND_ACTUAL,REUSABLE_V2_NON_HOLDOUT,FROZEN_V2_PROMPT_IMAGE_MAPPING_PASS,V3_SUPINE_GROUND_LYING_POSITIVE,PASS_EXPLICIT_POSTURE_CUE,positive,PROMPT_DERIVED_SYNTHETIC_GT,FROZEN_GENERATION_PROMPT_AND_PLANNED_ROLE,false,positive,true,
V2_ORIGINAL::IMG_004131,V2_ORIGINAL_SYNTHETIC_500,150_p15-low-light-shadow-mild-blur-10,IMG_004131,pf_v2_aigc_p15-low-light-shadow-mild-blur,VAL,V3_VAL,positive,1,low_light_ground_lying,/home/yanbo/下载/batches/batch_person-fallen-v2-camera1p5m/prompts/150_p15-low-light-shadow-mild-blur-10.txt,778bc149f4570a5583f0dfcff84540ee204e346f1d5675939c55161aaec92e7e,778bc149f4570a5583f0dfcff84540ee204e346f1d5675939c55161aaec92e7e,/home/yanbo/下载/batches/batch_person-fallen-v2-camera1p5m/final/150_p15-low-light-shadow-mild-blur-10.png,e18de79c3e44756e41a26bd69430787bd3c57680f10858097f8eab3c8941804d,e18de79c3e44756e41a26bd69430787bd3c57680f10858097f8eab3c8941804d,FROZEN_V2_MANIFEST_EXPECTED_AND_ACTUAL,REUSABLE_V2_NON_HOLDOUT,FROZEN_V2_PROMPT_IMAGE_MAPPING_PASS,V3_LOW_LIGHT_GROUND_LYING_POSITIVE,PASS_EXPLICIT_POSTURE_CUE,positive,PROMPT_DERIVED_SYNTHETIC_GT,FROZEN_GENERATION_PROMPT_AND_PLANNED_ROLE,false,positive,true,
V2_ORIGINAL::IMG_004132,V2_ORIGINAL_SYNTHETIC_500,151_p16-low-light-shadow-mild-blur-01,IMG_004132,pf_v2_aigc_p16-low-light-shadow-mild-blur,VAL,V3_VAL,positive,1,low_light_ground_lying,/home/yanbo/下载/batches/batch_person-fallen-v2-camera1p5m/prompts/151_p16-low-light-shadow-mild-blur-01.txt,da888a2d5fef6b3f86ce1cffc9642a84f148c7f9b5df1a9ad63cf06ae9bb1aed,da888a2d5fef6b3f86ce1cffc9642a84f148c7f9b5df1a9ad63cf06ae9bb1aed,/home/yanbo/下载/batches/batch_person-fallen-v2-camera1p5m/final/151_p16-low-light-shadow-mild-blur-01.png,5cf380c66e6e35edb104538bd3ab918322674acfc19441da318597dcab67a478,5cf380c66e6e35edb104538bd3ab918322674acfc19441da318597dcab67a478,FROZEN_V2_MANIFEST_EXPECTED_AND_ACTUAL,REUSABLE_V2_NON_HOLDOUT,FROZEN_V2_PROMPT_IMAGE_MAPPING_PASS,V3_LOW_LIGHT_GROUND_LYING_POSITIVE,PASS_EXPLICIT_POSTURE_CUE,positive,PROMPT_DERIVED_SYNTHETIC_GT,FROZEN_GENERATION_PROMPT_AND_PLANNED_ROLE,false,positive,true,
V2_ORIGINAL::IMG_004133,V2_ORIGINAL_SYNTHETIC_500,152_p16-low-light-shadow-mild-blur-02,IMG_004133,pf_v2_aigc_p16-low-light-shadow-mild-blur,VAL,V3_VAL,positive,1,low_light_ground_lying,/home/yanbo/下载/batches/batch_person-fallen-v2-camera1p5m/prompts/152_p16-low-light-shadow-mild-blur-02.txt,f9988c3d9f3055e9da71f592929bfe2ce02ad6288b1aa99a0cdf443934d11c06,f9988c3d9f3055e9da71f592929bfe2ce02ad6288b1aa99a0cdf443934d11c06,/home/yanbo/下载/batches/batch_person-fallen-v2-camera1p5m/final/152_p16-low-light-shadow-mild-blur-02.png,af3e8bd79b1ca10fa6927cf7da2ec620ecd3ff4e72d23296aa950893700c02bf,af3e8bd79b1ca10fa6927cf7da2ec620ecd3ff4e72d23296aa950893700c02bf,FROZEN_V2_MANIFEST_EXPECTED_AND_ACTUAL,REUSABLE_V2_NON_HOLDOUT,FROZEN_V2_PROMPT_IMAGE_MAPPING_PASS,V3_LOW_LIGHT_GROUND_LYING_POSITIVE,PASS_EXPLICIT_POSTURE_CUE,positive,PROMPT_DERIVED_SYNTHETIC_GT,FROZEN_GENERATION_PROMPT_AND_PLANNED_ROLE,false,positive,true,
V2_ORIGINAL::IMG_004134,V2_ORIGINAL_SYNTHETIC_500,153_p16-low-light-shadow-mild-blur-03,IMG_004134,pf_v2_aigc_p16-low-light-shadow-mild-blur,VAL,V3_VAL,positive,1,low_light_ground_lying,/home/yanbo/下载/batches/batch_person-fallen-v2-camera1p5m/prompts/153_p16-low-light-shadow-mild-blur-03.txt,5b4f0654093ffd88abe79451f698d298f7cf2bd9604400b2d37fa43b974d45e4,5b4f0654093ffd88abe79451f698d298f7cf2bd9604400b2d37fa43b974d45e4,/home/yanbo/下载/batches/batch_person-fallen-v2-camera1p5m/final/153_p16-low-light-shadow-mild-blur-03.png,68573dcc1a6915087f16611dcd86eca0b7f22eb3a3a817fbdea1f26a010c9920,68573dcc1a6915087f16611dcd86eca0b7f22eb3a3a817fbdea1f26a010c9920,FROZEN_V2_MANIFEST_EXPECTED_AND_ACTUAL,REUSABLE_V2_NON_HOLDOUT,FROZEN_V2_PROMPT_IMAGE_MAPPING_PASS,V3_LOW_LIGHT_GROUND_LYING_POSITIVE,PASS_EXPLICIT_POSTURE_CUE,positive,PROMPT_DERIVED_SYNTHETIC_GT,FROZEN_GENERATION_PROMPT_AND_PLANNED_ROLE,false,positive,true,
V2_ORIGINAL::IMG_004135,V2_ORIGINAL_SYNTHETIC_500,154_p16-low-light-shadow-mild-blur-04,IMG_004135,pf_v2_aigc_p16-low-light-shadow-mild-blur,VAL,V3_VAL,positive,1,low_light_ground_lying,/home/yanbo/下载/batches/batch_person-fallen-v2-camera1p5m/prompts/154_p16-low-light-shadow-mild-blur-04.txt,8db4e44cee3c5e9e9595a252260f9214db650b8ed6f595d77dc37331b8ce82b5,8db4e44cee3c5e9e9595a252260f9214db650b8ed6f595d77dc37331b8ce82b5,/home/yanbo/下载/batches/batch_person-fallen-v2-camera1p5m/final/154_p16-low-light-shadow-mild-blur-04.png,0b22f7171b4846d15c4fe910c0aa29c2ab265d8f0b52ff3e717eccd43daf9abc,0b22f7171b4846d15c4fe910c0aa29c2ab265d8f0b52ff3e717eccd43daf9abc,FROZEN_V2_MANIFEST_EXPECTED_AND_ACTUAL,REUSABLE_V2_NON_HOLDOUT,FROZEN_V2_PROMPT_IMAGE_MAPPING_PASS,V3_LOW_LIGHT_GROUND_LYING_POSITIVE,PASS_EXPLICIT_POSTURE_CUE,positive,PROMPT_DERIVED_SYNTHETIC_GT,FROZEN_GENERATION_PROMPT_AND_PLANNED_ROLE,false,positive,true,
V2_ORIGINAL::IMG_004136,V2_ORIGINAL_SYNTHETIC_500,155_p16-low-light-shadow-mild-blur-05,IMG_004136,pf_v2_aigc_p16-low-light-shadow-mild-blur,VAL,V3_VAL,positive,1,low_light_ground_lying,/home/yanbo/下载/batches/batch_person-fallen-v2-camera1p5m/prompts/155_p16-low-light-shadow-mild-blur-05.txt,f2d436ac3db26b5bfd18ea5d80ed3432275825e8b0a69c599740af2aa3057471,f2d436ac3db26b5bfd18ea5d80ed3432275825e8b0a69c599740af2aa3057471,/home/yanbo/下载/batches/batch_person-fallen-v2-camera1p5m/final/155_p16-low-light-shadow-mild-blur-05.png,74dbbb76d48d53b485ac2196a6d7e1c2a79b027b3bce7e6c3b5100076dc62665,74dbbb76d48d53b485ac2196a6d7e1c2a79b027b3bce7e6c3b5100076dc62665,FROZEN_V2_MANIFEST_EXPECTED_AND_ACTUAL,REUSABLE_V2_NON_HOLDOUT,FROZEN_V2_PROMPT_IMAGE_MAPPING_PASS,V3_LOW_LIGHT_GROUND_LYING_POSITIVE,PASS_EXPLICIT_POSTURE_CUE,positive,PROMPT_DERIVED_SYNTHETIC_GT,FROZEN_GENERATION_PROMPT_AND_PLANNED_ROLE,false,positive,true,
V2_ORIGINAL::IMG_004137,V2_ORIGINAL_SYNTHETIC_500,156_p16-low-light-shadow-mild-blur-06,IMG_004137,pf_v2_aigc_p16-low-light-shadow-mild-blur,VAL,V3_VAL,positive,1,low_light_ground_lying,/home/yanbo/下载/batches/batch_person-fallen-v2-camera1p5m/prompts/156_p16-low-light-shadow-mild-blur-06.txt,83ee545b295668e4164c3949c0e9be9d20a21e5286ad5b65e44d939de9834226,83ee545b295668e4164c3949c0e9be9d20a21e5286ad5b65e44d939de9834226,/home/yanbo/下载/batches/batch_person-fallen-v2-camera1p5m/final/156_p16-low-light-shadow-mild-blur-06.png,818e2cf7659da136bf39484dd1f0826628fb3590fccfb85f2aab3388126e9bf8,818e2cf7659da136bf39484dd1f0826628fb3590fccfb85f2aab3388126e9bf8,FROZEN_V2_MANIFEST_EXPECTED_AND_ACTUAL,REUSABLE_V2_NON_HOLDOUT,FROZEN_V2_PROMPT_IMAGE_MAPPING_PASS,V3_LOW_LIGHT_GROUND_LYING_POSITIVE,PASS_EXPLICIT_POSTURE_CUE,positive,PROMPT_DERIVED_SYNTHETIC_GT,FROZEN_GENERATION_PROMPT_AND_PLANNED_ROLE,false,positive,true,
V2_ORIGINAL::IMG_004138,V2_ORIGINAL_SYNTHETIC_500,157_p16-low-light-shadow-mild-blur-07,IMG_004138,pf_v2_aigc_p16-low-light-shadow-mild-blur,VAL,V3_VAL,positive,1,low_light_ground_lying,/home/yanbo/下载/batches/batch_person-fallen-v2-camera1p5m/prompts/157_p16-low-light-shadow-mild-blur-07.txt,0cc28b027cb8a8207acd112391c64ee6ce54f9ef654a2d6d7dff633069b63720,0cc28b027cb8a8207acd112391c64ee6ce54f9ef654a2d6d7dff633069b63720,/home/yanbo/下载/batches/batch_person-fallen-v2-camera1p5m/final/157_p16-low-light-shadow-mild-blur-07.png,c75a527ca5db85a465831aac2f5e6f172973005137333af99943523fda1a0c4a,c75a527ca5db85a465831aac2f5e6f172973005137333af99943523fda1a0c4a,FROZEN_V2_MANIFEST_EXPECTED_AND_ACTUAL,REUSABLE_V2_NON_HOLDOUT,FROZEN_V2_PROMPT_IMAGE_MAPPING_PASS,V3_LOW_LIGHT_GROUND_LYING_POSITIVE,PASS_EXPLICIT_POSTURE_CUE,positive,PROMPT_DERIVED_SYNTHETIC_GT,FROZEN_GENERATION_PROMPT_AND_PLANNED_ROLE,false,positive,true,
V2_ORIGINAL::IMG_004139,V2_ORIGINAL_SYNTHETIC_500,158_p16-low-light-shadow-mild-blur-08,IMG_004139,pf_v2_aigc_p16-low-light-shadow-mild-blur,VAL,V3_VAL,positive,1,low_light_ground_lying,/home/yanbo/下载/batches/batch_person-fallen-v2-camera1p5m/prompts/158_p16-low-light-shadow-mild-blur-08.txt,537c76fe82a90a75b8153e6cd78b69f981cea18b5e780d1a15b1b49f137cbbda,537c76fe82a90a75b8153e6cd78b69f981cea18b5e780d1a15b1b49f137cbbda,/home/yanbo/下载/batches/batch_person-fallen-v2-camera1p5m/final/158_p16-low-light-shadow-mild-blur-08.png,2e8e49c0c65da5f31d493959bc317219f25cc620bc3c6a4261531b10e676ba5d,2e8e49c0c65da5f31d493959bc317219f25cc620bc3c6a4261531b10e676ba5d,FROZEN_V2_MANIFEST_EXPECTED_AND_ACTUAL,REUSABLE_V2_NON_HOLDOUT,FROZEN_V2_PROMPT_IMAGE_MAPPING_PASS,V3_LOW_LIGHT_GROUND_LYING_POSITIVE,PASS_EXPLICIT_POSTURE_CUE,positive,PROMPT_DERIVED_SYNTHETIC_GT,FROZEN_GENERATION_PROMPT_AND_PLANNED_ROLE,false,positive,true,
V2_ORIGINAL::IMG_004140,V2_ORIGINAL_SYNTHETIC_500,159_p16-low-light-shadow-mild-blur-09,IMG_004140,pf_v2_aigc_p16-low-light-shadow-mild-blur,VAL,V3_VAL,positive,1,low_light_ground_lying,/home/yanbo/下载/batches/batch_person-fallen-v2-camera1p5m/prompts/159_p16-low-light-shadow-mild-blur-09.txt,6e222a574741584dfdfdb9f43799df8af814a8ad61b7ac89ff4aa14a5da6bdd7,6e222a574741584dfdfdb9f43799df8af814a8ad61b7ac89ff4aa14a5da6bdd7,/home/yanbo/下载/batches/batch_person-fallen-v2-camera1p5m/final/159_p16-low-light-shadow-mild-blur-09.png,67a931690a7dccf8e50c8b162b03388c6b4220f5a4b98776babba81ea5446428,67a931690a7dccf8e50c8b162b03388c6b4220f5a4b98776babba81ea5446428,FROZEN_V2_MANIFEST_EXPECTED_AND_ACTUAL,REUSABLE_V2_NON_HOLDOUT,FROZEN_V2_PROMPT_IMAGE_MAPPING_PASS,V3_LOW_LIGHT_GROUND_LYING_POSITIVE,PASS_EXPLICIT_POSTURE_CUE,positive,PROMPT_DERIVED_SYNTHETIC_GT,FROZEN_GENERATION_PROMPT_AND_PLANNED_ROLE,false,positive,true,
V2_ORIGINAL::IMG_003996,V2_ORIGINAL_SYNTHETIC_500,15_p02-supine-on-floor-05,IMG_003996,pf_v2_aigc_p02-supine-on-floor,DEV,V3_DEV,positive,1,supine_ground_lying,/home/yanbo/下载/batches/batch_person-fallen-v2-camera1p5m/prompts/15_p02-supine-on-floor-05.txt,3c50197da42b392244b7880e9cf09f96ce56fb97307200c9de15e3f7904386dc,3c50197da42b392244b7880e9cf09f96ce56fb97307200c9de15e3f7904386dc,/home/yanbo/下载/batches/batch_person-fallen-v2-camera1p5m/final/15_p02-supine-on-floor-05.png,72e402106d3615e66ed2debf52639aef09664d5d70fdb8cc36336a6dee349d22,72e402106d3615e66ed2debf52639aef09664d5d70fdb8cc36336a6dee349d22,FROZEN_V2_MANIFEST_EXPECTED_AND_ACTUAL,REUSABLE_V2_NON_HOLDOUT,FROZEN_V2_PROMPT_IMAGE_MAPPING_PASS,V3_SUPINE_GROUND_LYING_POSITIVE,PASS_EXPLICIT_POSTURE_CUE,positive,PROMPT_DERIVED_SYNTHETIC_GT,FROZEN_GENERATION_PROMPT_AND_PLANNED_ROLE,false,positive,true,
V2_ORIGINAL::IMG_004141,V2_ORIGINAL_SYNTHETIC_500,160_p16-low-light-shadow-mild-blur-10,IMG_004141,pf_v2_aigc_p16-low-light-shadow-mild-blur,VAL,V3_VAL,positive,1,low_light_ground_lying,/home/yanbo/下载/batches/batch_person-fallen-v2-camera1p5m/prompts/160_p16-low-light-shadow-mild-blur-10.txt,279726c2b9dfc3a1dad94857fecacf2738c041df700469c5fd62a7add6b312be,279726c2b9dfc3a1dad94857fecacf2738c041df700469c5fd62a7add6b312be,/home/yanbo/下载/batches/batch_person-fallen-v2-camera1p5m/final/160_p16-low-light-shadow-mild-blur-10.png,972c31b2bd8d9e4e52550bc0790994af8831b04e975e0aa8b0a7eb58071c170b,972c31b2bd8d9e4e52550bc0790994af8831b04e975e0aa8b0a7eb58071c170b,FROZEN_V2_MANIFEST_EXPECTED_AND_ACTUAL,REUSABLE_V2_NON_HOLDOUT,FROZEN_V2_PROMPT_IMAGE_MAPPING_PASS,V3_LOW_LIGHT_GROUND_LYING_POSITIVE,PASS_EXPLICIT_POSTURE_CUE,positive,PROMPT_DERIVED_SYNTHETIC_GT,FROZEN_GENERATION_PROMPT_AND_PLANNED_ROLE,false,positive,true,
V2_ORIGINAL::IMG_004142,V2_ORIGINAL_SYNTHETIC_500,161_p17-abnormal-support-surface-01,IMG_004142,pf_v2_aigc_p17-abnormal-support-surface,HOLDOUT,EXCLUDE_FINAL_HOLDOUT,positive,1,abnormal_nonrest_support,/home/yanbo/下载/batches/batch_person-fallen-v2-camera1p5m/prompts/161_p17-abnormal-support-surface-01.txt,deac2fd7938cc8050223ba506e3f6d02f1d59d00000f50597db50d930100490a,deac2fd7938cc8050223ba506e3f6d02f1d59d00000f50597db50d930100490a,/home/yanbo/下载/batches/batch_person-fallen-v2-camera1p5m/final/161_p17-abnormal-support-surface-01.png,6a3b29e937f5d2d38ac01f36a2269f4bf7ce2c3f4550d4abfe38afb484aa76e0,6a3b29e937f5d2d38ac01f36a2269f4bf7ce2c3f4550d4abfe38afb484aa76e0,FROZEN_V2_MANIFEST_EXPECTED_AND_ACTUAL,FINAL_HOLDOUT_RESERVED,FROZEN_V2_PROMPT_IMAGE_MAPPING_PASS,V3_ABNORMAL_NONREST_SUPPORT_POSITIVE,PASS_EXPLICIT_POSTURE_CUE,positive,PROMPT_DERIVED_SYNTHETIC_GT,FROZEN_GENERATION_PROMPT_AND_PLANNED_ROLE,false,positive,false,FINAL_HOLDOUT_RESERVED_AND_NOT_USED_BY_V3
V2_ORIGINAL::IMG_004143,V2_ORIGINAL_SYNTHETIC_500,162_p17-abnormal-support-surface-02,IMG_004143,pf_v2_aigc_p17-abnormal-support-surface,HOLDOUT,EXCLUDE_FINAL_HOLDOUT,positive,1,abnormal_nonrest_support,/home/yanbo/下载/batches/batch_person-fallen-v2-camera1p5m/prompts/162_p17-abnormal-support-surface-02.txt,df840313f6ecca0eca6b8be39e544d63fdd27a9bdeabf3c22b654c6933755604,df840313f6ecca0eca6b8be39e544d63fdd27a9bdeabf3c22b654c6933755604,/home/yanbo/下载/batches/batch_person-fallen-v2-camera1p5m/final/162_p17-abnormal-support-surface-02.png,436d86d2e5b77b736d1b9ba926f3b8cece4b19b1a922d43fc0d8e26e49d82898,436d86d2e5b77b736d1b9ba926f3b8cece4b19b1a922d43fc0d8e26e49d82898,FROZEN_V2_MANIFEST_EXPECTED_AND_ACTUAL,FINAL_HOLDOUT_RESERVED,FROZEN_V2_PROMPT_IMAGE_MAPPING_PASS,V3_ABNORMAL_NONREST_SUPPORT_POSITIVE,PASS_EXPLICIT_POSTURE_CUE,positive,PROMPT_DERIVED_SYNTHETIC_GT,FROZEN_GENERATION_PROMPT_AND_PLANNED_ROLE,false,positive,false,FINAL_HOLDOUT_RESERVED_AND_NOT_USED_BY_V3
V2_ORIGINAL::IMG_004144,V2_ORIGINAL_SYNTHETIC_500,163_p17-abnormal-support-surface-03,IMG_004144,pf_v2_aigc_p17-abnormal-support-surface,HOLDOUT,EXCLUDE_FINAL_HOLDOUT,positive,1,abnormal_nonrest_support,/home/yanbo/下载/batches/batch_person-fallen-v2-camera1p5m/prompts/163_p17-abnormal-support-surface-03.txt,ac1dd1d3f31bfd123bab30ae78299abbad4c51b83d16b79d40d31b34ca3eb185,ac1dd1d3f31bfd123bab30ae78299abbad4c51b83d16b79d40d31b34ca3eb185,/home/yanbo/下载/batches/batch_person-fallen-v2-camera1p5m/final/163_p17-abnormal-support-surface-03.png,37a1c66c732ce9a3e7615141dbe420b6f38556c707bfecdaca493b41e7a4c512,37a1c66c732ce9a3e7615141dbe420b6f38556c707bfecdaca493b41e7a4c512,FROZEN_V2_MANIFEST_EXPECTED_AND_ACTUAL,FINAL_HOLDOUT_RESERVED,FROZEN_V2_PROMPT_IMAGE_MAPPING_PASS,V3_ABNORMAL_NONREST_SUPPORT_POSITIVE,PASS_EXPLICIT_POSTURE_CUE,positive,PROMPT_DERIVED_SYNTHETIC_GT,FROZEN_GENERATION_PROMPT_AND_PLANNED_ROLE,false,positive,false,FINAL_HOLDOUT_RESERVED_AND_NOT_USED_BY_V3
V2_ORIGINAL::IMG_004145,V2_ORIGINAL_SYNTHETIC_500,164_p17-abnormal-support-surface-04,IMG_004145,pf_v2_aigc_p17-abnormal-support-surface,HOLDOUT,EXCLUDE_FINAL_HOLDOUT,positive,1,abnormal_nonrest_support,/home/yanbo/下载/batches/batch_person-fallen-v2-camera1p5m/prompts/164_p17-abnormal-support-surface-04.txt,49a201615ce8d03a971988db8cbdf07fedce35e60441b9ec41a59dd8a330332f,49a201615ce8d03a971988db8cbdf07fedce35e60441b9ec41a59dd8a330332f,/home/yanbo/下载/batches/batch_person-fallen-v2-camera1p5m/final/164_p17-abnormal-support-surface-04.png,8d2c25ee3660147ef837e631c3b690dafe9a602b2455d40113ac0d951b118469,8d2c25ee3660147ef837e631c3b690dafe9a602b2455d40113ac0d951b118469,FROZEN_V2_MANIFEST_EXPECTED_AND_ACTUAL,FINAL_HOLDOUT_RESERVED,FROZEN_V2_PROMPT_IMAGE_MAPPING_PASS,V3_ABNORMAL_NONREST_SUPPORT_POSITIVE,PASS_EXPLICIT_POSTURE_CUE,positive,PROMPT_DERIVED_SYNTHETIC_GT,FROZEN_GENERATION_PROMPT_AND_PLANNED_ROLE,false,positive,false,FINAL_HOLDOUT_RESERVED_AND_NOT_USED_BY_V3
V2_ORIGINAL::IMG_004146,V2_ORIGINAL_SYNTHETIC_500,165_p17-abnormal-support-surface-05,IMG_004146,pf_v2_aigc_p17-abnormal-support-surface,HOLDOUT,EXCLUDE_FINAL_HOLDOUT,positive,1,abnormal_nonrest_support,/home/yanbo/下载/batches/batch_person-fallen-v2-camera1p5m/prompts/165_p17-abnormal-support-surface-05.txt,ba57f8912239e8f2e1573f7abd56211599d26d6733edf6b1ac29d8a1605855a0,ba57f8912239e8f2e1573f7abd56211599d26d6733edf6b1ac29d8a1605855a0,/home/yanbo/下载/batches/batch_person-fallen-v2-camera1p5m/final/165_p17-abnormal-support-surface-05.png,c0d7bb1f6af17840ef1f7acb4dc30ea2292010446751f0f13223217a9215fb96,c0d7bb1f6af17840ef1f7acb4dc30ea2292010446751f0f13223217a9215fb96,FROZEN_V2_MANIFEST_EXPECTED_AND_ACTUAL,FINAL_HOLDOUT_RESERVED,FROZEN_V2_PROMPT_IMAGE_MAPPING_PASS,V3_ABNORMAL_NONREST_SUPPORT_POSITIVE,PASS_EXPLICIT_POSTURE_CUE,positive,PROMPT_DERIVED_SYNTHETIC_GT,FROZEN_GENERATION_PROMPT_AND_PLANNED_ROLE,false,positive,false,FINAL_HOLDOUT_RESERVED_AND_NOT_USED_BY_V3
V2_ORIGINAL::IMG_004147,V2_ORIGINAL_SYNTHETIC_500,166_p17-abnormal-support-surface-06,IMG_004147,pf_v2_aigc_p17-abnormal-support-surface,HOLDOUT,EXCLUDE_FINAL_HOLDOUT,positive,1,abnormal_nonrest_support,/home/yanbo/下载/batches/batch_person-fallen-v2-camera1p5m/prompts/166_p17-abnormal-support-surface-06.txt,7809652e4581d7ac355b1bdc509953e224f5195be0b2adeade746c8fc6c840a3,7809652e4581d7ac355b1bdc509953e224f5195be0b2adeade746c8fc6c840a3,/home/yanbo/下载/batches/batch_person-fallen-v2-camera1p5m/final/166_p17-abnormal-support-surface-06.png,77a0f3a71e1430922e4731af6949094fb97d3c94809292367f8276a69a127e63,77a0f3a71e1430922e4731af6949094fb97d3c94809292367f8276a69a127e63,FROZEN_V2_MANIFEST_EXPECTED_AND_ACTUAL,FINAL_HOLDOUT_RESERVED,FROZEN_V2_PROMPT_IMAGE_MAPPING_PASS,V3_ABNORMAL_NONREST_SUPPORT_POSITIVE,PASS_EXPLICIT_POSTURE_CUE,positive,PROMPT_DERIVED_SYNTHETIC_GT,FROZEN_GENERATION_PROMPT_AND_PLANNED_ROLE,false,positive,false,FINAL_HOLDOUT_RESERVED_AND_NOT_USED_BY_V3
V2_ORIGINAL::IMG_004148,V2_ORIGINAL_SYNTHETIC_500,167_p17-abnormal-support-surface-07,IMG_004148,pf_v2_aigc_p17-abnormal-support-surface,HOLDOUT,EXCLUDE_FINAL_HOLDOUT,positive,1,abnormal_nonrest_support,/home/yanbo/下载/batches/batch_person-fallen-v2-camera1p5m/prompts/167_p17-abnormal-support-surface-07.txt,9e824ca1eddf79d0cd0a11e60ffa1824da5ff5a9d25051137d0aef4724d0ca14,9e824ca1eddf79d0cd0a11e60ffa1824da5ff5a9d25051137d0aef4724d0ca14,/home/yanbo/下载/batches/batch_person-fallen-v2-camera1p5m/final/167_p17-abnormal-support-surface-07.png,a63137c56e7773b85d5a0a7949f3e51e34ee594d0c21a1e4b5d0c7b025829819,a63137c56e7773b85d5a0a7949f3e51e34ee594d0c21a1e4b5d0c7b025829819,FROZEN_V2_MANIFEST_EXPECTED_AND_ACTUAL,FINAL_HOLDOUT_RESERVED,FROZEN_V2_PROMPT_IMAGE_MAPPING_PASS,V3_ABNORMAL_NONREST_SUPPORT_POSITIVE,PASS_EXPLICIT_POSTURE_CUE,positive,PROMPT_DERIVED_SYNTHETIC_GT,FROZEN_GENERATION_PROMPT_AND_PLANNED_ROLE,false,positive,false,FINAL_HOLDOUT_RESERVED_AND_NOT_USED_BY_V3
V2_ORIGINAL::IMG_004149,V2_ORIGINAL_SYNTHETIC_500,168_p17-abnormal-support-surface-08,IMG_004149,pf_v2_aigc_p17-abnormal-support-surface,HOLDOUT,EXCLUDE_FINAL_HOLDOUT,positive,1,abnormal_nonrest_support,/home/yanbo/下载/batches/batch_person-fallen-v2-camera1p5m/prompts/168_p17-abnormal-support-surface-08.txt,545bc87e53a2c67dc52485d1046b55ea5893cfb6de3f6c5bee49a4c635948cd7,545bc87e53a2c67dc52485d1046b55ea5893cfb6de3f6c5bee49a4c635948cd7,/home/yanbo/下载/batches/batch_person-fallen-v2-camera1p5m/final/168_p17-abnormal-support-surface-08.png,486c6e50f7962d5b32c18539eff86b9dc93ea43acb9c8a5d6ad1049b38339433,486c6e50f7962d5b32c18539eff86b9dc93ea43acb9c8a5d6ad1049b38339433,FROZEN_V2_MANIFEST_EXPECTED_AND_ACTUAL,FINAL_HOLDOUT_RESERVED,FROZEN_V2_PROMPT_IMAGE_MAPPING_PASS,V3_ABNORMAL_NONREST_SUPPORT_POSITIVE,PASS_EXPLICIT_POSTURE_CUE,positive,PROMPT_DERIVED_SYNTHETIC_GT,FROZEN_GENERATION_PROMPT_AND_PLANNED_ROLE,false,positive,false,FINAL_HOLDOUT_RESERVED_AND_NOT_USED_BY_V3
V2_ORIGINAL::IMG_004150,V2_ORIGINAL_SYNTHETIC_500,169_p17-abnormal-support-surface-09,IMG_004150,pf_v2_aigc_p17-abnormal-support-surface,HOLDOUT,EXCLUDE_FINAL_HOLDOUT,positive,1,abnormal_nonrest_support,/home/yanbo/下载/batches/batch_person-fallen-v2-camera1p5m/prompts/169_p17-abnormal-support-surface-09.txt,b62cbf19cb208d196fe685933608361be056282b9872e10796952763e4443e58,b62cbf19cb208d196fe685933608361be056282b9872e10796952763e4443e58,/home/yanbo/下载/batches/batch_person-fallen-v2-camera1p5m/final/169_p17-abnormal-support-surface-09.png,8f3c81b28abf39c8247b66071802fb434eeaa0043330d83f5a89a7c60e179b53,8f3c81b28abf39c8247b66071802fb434eeaa0043330d83f5a89a7c60e179b53,FROZEN_V2_MANIFEST_EXPECTED_AND_ACTUAL,FINAL_HOLDOUT_RESERVED,FROZEN_V2_PROMPT_IMAGE_MAPPING_PASS,V3_ABNORMAL_NONREST_SUPPORT_POSITIVE,PASS_EXPLICIT_POSTURE_CUE,positive,PROMPT_DERIVED_SYNTHETIC_GT,FROZEN_GENERATION_PROMPT_AND_PLANNED_ROLE,false,positive,false,FINAL_HOLDOUT_RESERVED_AND_NOT_USED_BY_V3
V2_ORIGINAL::IMG_003997,V2_ORIGINAL_SYNTHETIC_500,16_p02-supine-on-floor-06,IMG_003997,pf_v2_aigc_p02-supine-on-floor,DEV,V3_DEV,positive,1,supine_ground_lying,/home/yanbo/下载/batches/batch_person-fallen-v2-camera1p5m/prompts/16_p02-supine-on-floor-06.txt,9b91a0f2a54f9b5a7d6a5ec689fea0f01d7620f0f8a5da7521bd2d7944dbe72d,9b91a0f2a54f9b5a7d6a5ec689fea0f01d7620f0f8a5da7521bd2d7944dbe72d,/home/yanbo/下载/batches/batch_person-fallen-v2-camera1p5m/final/16_p02-supine-on-floor-06.png,2e9ea4788510caf75d1b8e17db7a510b0a68ad2f97d75835a51c421dc1865380,2e9ea4788510caf75d1b8e17db7a510b0a68ad2f97d75835a51c421dc1865380,FROZEN_V2_MANIFEST_EXPECTED_AND_ACTUAL,REUSABLE_V2_NON_HOLDOUT,FROZEN_V2_PROMPT_IMAGE_MAPPING_PASS,V3_SUPINE_GROUND_LYING_POSITIVE,PASS_EXPLICIT_POSTURE_CUE,positive,PROMPT_DERIVED_SYNTHETIC_GT,FROZEN_GENERATION_PROMPT_AND_PLANNED_ROLE,false,positive,true,
V2_ORIGINAL::IMG_004151,V2_ORIGINAL_SYNTHETIC_500,170_p17-abnormal-support-surface-10,IMG_004151,pf_v2_aigc_p17-abnormal-support-surface,HOLDOUT,EXCLUDE_FINAL_HOLDOUT,positive,1,abnormal_nonrest_support,/home/yanbo/下载/batches/batch_person-fallen-v2-camera1p5m/prompts/170_p17-abnormal-support-surface-10.txt,bc407fb95968eb7f2238593da39fd87f184bf1e992b0a41398df9fe25104d12c,bc407fb95968eb7f2238593da39fd87f184bf1e992b0a41398df9fe25104d12c,/home/yanbo/下载/batches/batch_person-fallen-v2-camera1p5m/final/170_p17-abnormal-support-surface-10.png,ac540e3aff9e2d9912305d40bf4a95a83df0286cff7aa3c7a07f71380ff8a5a2,ac540e3aff9e2d9912305d40bf4a95a83df0286cff7aa3c7a07f71380ff8a5a2,FROZEN_V2_MANIFEST_EXPECTED_AND_ACTUAL,FINAL_HOLDOUT_RESERVED,FROZEN_V2_PROMPT_IMAGE_MAPPING_PASS,V3_ABNORMAL_NONREST_SUPPORT_POSITIVE,PASS_EXPLICIT_POSTURE_CUE,positive,PROMPT_DERIVED_SYNTHETIC_GT,FROZEN_GENERATION_PROMPT_AND_PLANNED_ROLE,false,positive,false,FINAL_HOLDOUT_RESERVED_AND_NOT_USED_BY_V3
V2_ORIGINAL::IMG_004152,V2_ORIGINAL_SYNTHETIC_500,171_p18-abnormal-support-surface-01,IMG_004152,pf_v2_aigc_p18-abnormal-support-surface,HOLDOUT,EXCLUDE_FINAL_HOLDOUT,positive,1,abnormal_nonrest_support,/home/yanbo/下载/batches/batch_person-fallen-v2-camera1p5m/prompts/171_p18-abnormal-support-surface-01.txt,028ec4deef8c28a8a54c6c557db01518cbab1e4388fe045d8b3d2ece14f9300a,028ec4deef8c28a8a54c6c557db01518cbab1e4388fe045d8b3d2ece14f9300a,/home/yanbo/下载/batches/batch_person-fallen-v2-camera1p5m/final/171_p18-abnormal-support-surface-01.png,c437b74de8d07bd3072a379475896538a1ad495f8b7a5817ff2ded7d3d12859a,c437b74de8d07bd3072a379475896538a1ad495f8b7a5817ff2ded7d3d12859a,FROZEN_V2_MANIFEST_EXPECTED_AND_ACTUAL,FINAL_HOLDOUT_RESERVED,FROZEN_V2_PROMPT_IMAGE_MAPPING_PASS,V3_ABNORMAL_NONREST_SUPPORT_POSITIVE,PASS_EXPLICIT_POSTURE_CUE,positive,PROMPT_DERIVED_SYNTHETIC_GT,FROZEN_GENERATION_PROMPT_AND_PLANNED_ROLE,false,positive,false,FINAL_HOLDOUT_RESERVED_AND_NOT_USED_BY_V3
V2_ORIGINAL::IMG_004153,V2_ORIGINAL_SYNTHETIC_500,172_p18-abnormal-support-surface-02,IMG_004153,pf_v2_aigc_p18-abnormal-support-surface,HOLDOUT,EXCLUDE_FINAL_HOLDOUT,positive,1,abnormal_nonrest_support,/home/yanbo/下载/batches/batch_person-fallen-v2-camera1p5m/prompts/172_p18-abnormal-support-surface-02.txt,59f73fb87cced5ee832ab0542de0ccb0ea3d26e1e8234ccf0c07b812973b1bc0,59f73fb87cced5ee832ab0542de0ccb0ea3d26e1e8234ccf0c07b812973b1bc0,/home/yanbo/下载/batches/batch_person-fallen-v2-camera1p5m/final/172_p18-abnormal-support-surface-02.png,22d91d7616acda2fcacc049f0d2f299cc4992d2a944826f82b219b143bd10d9d,22d91d7616acda2fcacc049f0d2f299cc4992d2a944826f82b219b143bd10d9d,FROZEN_V2_MANIFEST_EXPECTED_AND_ACTUAL,FINAL_HOLDOUT_RESERVED,FROZEN_V2_PROMPT_IMAGE_MAPPING_PASS,V3_ABNORMAL_NONREST_SUPPORT_POSITIVE,PASS_EXPLICIT_POSTURE_CUE,positive,PROMPT_DERIVED_SYNTHETIC_GT,FROZEN_GENERATION_PROMPT_AND_PLANNED_ROLE,false,positive,false,FINAL_HOLDOUT_RESERVED_AND_NOT_USED_BY_V3
V2_ORIGINAL::IMG_004154,V2_ORIGINAL_SYNTHETIC_500,173_p18-abnormal-support-surface-03,IMG_004154,pf_v2_aigc_p18-abnormal-support-surface,HOLDOUT,EXCLUDE_FINAL_HOLDOUT,positive,1,abnormal_nonrest_support,/home/yanbo/下载/batches/batch_person-fallen-v2-camera1p5m/prompts/173_p18-abnormal-support-surface-03.txt,21b9c0b1ac46372c6091cd56dc9d2284bee43c3a9ce3e25bbd7547237253f6ed,21b9c0b1ac46372c6091cd56dc9d2284bee43c3a9ce3e25bbd7547237253f6ed,/home/yanbo/下载/batches/batch_person-fallen-v2-camera1p5m/final/173_p18-abnormal-support-surface-03.png,731f98a3fe5d66753ba07a4a544a798df82956e4c08a16251d6fc609b88583a5,731f98a3fe5d66753ba07a4a544a798df82956e4c08a16251d6fc609b88583a5,FROZEN_V2_MANIFEST_EXPECTED_AND_ACTUAL,FINAL_HOLDOUT_RESERVED,FROZEN_V2_PROMPT_IMAGE_MAPPING_PASS,V3_ABNORMAL_NONREST_SUPPORT_POSITIVE,PASS_EXPLICIT_POSTURE_CUE,positive,PROMPT_DERIVED_SYNTHETIC_GT,FROZEN_GENERATION_PROMPT_AND_PLANNED_ROLE,false,positive,false,FINAL_HOLDOUT_RESERVED_AND_NOT_USED_BY_V3
V2_ORIGINAL::IMG_004155,V2_ORIGINAL_SYNTHETIC_500,174_p18-abnormal-support-surface-04,IMG_004155,pf_v2_aigc_p18-abnormal-support-surface,HOLDOUT,EXCLUDE_FINAL_HOLDOUT,positive,1,abnormal_nonrest_support,/home/yanbo/下载/batches/batch_person-fallen-v2-camera1p5m/prompts/174_p18-abnormal-support-surface-04.txt,de492375730963865d1a9d879e0a29c74e2b72802a954fec4eb174de82874d81,de492375730963865d1a9d879e0a29c74e2b72802a954fec4eb174de82874d81,/home/yanbo/下载/batches/batch_person-fallen-v2-camera1p5m/final/174_p18-abnormal-support-surface-04.png,e702de0fc5c37bca607b9fd7ccb7994172625cc73afe88cc9ea4060fa3e4f1b8,e702de0fc5c37bca607b9fd7ccb7994172625cc73afe88cc9ea4060fa3e4f1b8,FROZEN_V2_MANIFEST_EXPECTED_AND_ACTUAL,FINAL_HOLDOUT_RESERVED,FROZEN_V2_PROMPT_IMAGE_MAPPING_PASS,V3_ABNORMAL_NONREST_SUPPORT_POSITIVE,PASS_EXPLICIT_POSTURE_CUE,positive,PROMPT_DERIVED_SYNTHETIC_GT,FROZEN_GENERATION_PROMPT_AND_PLANNED_ROLE,false,positive,false,FINAL_HOLDOUT_RESERVED_AND_NOT_USED_BY_V3
V2_ORIGINAL::IMG_004156,V2_ORIGINAL_SYNTHETIC_500,175_p18-abnormal-support-surface-05,IMG_004156,pf_v2_aigc_p18-abnormal-support-surface,HOLDOUT,EXCLUDE_FINAL_HOLDOUT,positive,1,abnormal_nonrest_support,/home/yanbo/下载/batches/batch_person-fallen-v2-camera1p5m/prompts/175_p18-abnormal-support-surface-05.txt,af0b754783d65954fb508d0995a0b5bebb718554e203d0e09620f22fcf4f4509,af0b754783d65954fb508d0995a0b5bebb718554e203d0e09620f22fcf4f4509,/home/yanbo/下载/batches/batch_person-fallen-v2-camera1p5m/final/175_p18-abnormal-support-surface-05.png,125cee2dcd24fbdd97642a640d23844abd747f03e4122f825bc24f76f62c35f1,125cee2dcd24fbdd97642a640d23844abd747f03e4122f825bc24f76f62c35f1,FROZEN_V2_MANIFEST_EXPECTED_AND_ACTUAL,FINAL_HOLDOUT_RESERVED,FROZEN_V2_PROMPT_IMAGE_MAPPING_PASS,V3_ABNORMAL_NONREST_SUPPORT_POSITIVE,PASS_EXPLICIT_POSTURE_CUE,positive,PROMPT_DERIVED_SYNTHETIC_GT,FROZEN_GENERATION_PROMPT_AND_PLANNED_ROLE,false,positive,false,FINAL_HOLDOUT_RESERVED_AND_NOT_USED_BY_V3
V2_ORIGINAL::IMG_004157,V2_ORIGINAL_SYNTHETIC_500,176_p18-abnormal-support-surface-06,IMG_004157,pf_v2_aigc_p18-abnormal-support-surface,HOLDOUT,EXCLUDE_FINAL_HOLDOUT,positive,1,abnormal_nonrest_support,/home/yanbo/下载/batches/batch_person-fallen-v2-camera1p5m/prompts/176_p18-abnormal-support-surface-06.txt,cc0f985a00a64a66750f079ca449f85d3357f092802c32aa891bee4e765caf53,cc0f985a00a64a66750f079ca449f85d3357f092802c32aa891bee4e765caf53,/home/yanbo/下载/batches/batch_person-fallen-v2-camera1p5m/final/176_p18-abnormal-support-surface-06.png,1381e3ad30a27ba66a0a337f7a57f6066bd134d29eb33c1d97463945e104e96b,1381e3ad30a27ba66a0a337f7a57f6066bd134d29eb33c1d97463945e104e96b,FROZEN_V2_MANIFEST_EXPECTED_AND_ACTUAL,FINAL_HOLDOUT_RESERVED,FROZEN_V2_PROMPT_IMAGE_MAPPING_PASS,V3_ABNORMAL_NONREST_SUPPORT_POSITIVE,PASS_EXPLICIT_POSTURE_CUE,positive,PROMPT_DERIVED_SYNTHETIC_GT,FROZEN_GENERATION_PROMPT_AND_PLANNED_ROLE,false,positive,false,FINAL_HOLDOUT_RESERVED_AND_NOT_USED_BY_V3
V2_ORIGINAL::IMG_004158,V2_ORIGINAL_SYNTHETIC_500,177_p18-abnormal-support-surface-07,IMG_004158,pf_v2_aigc_p18-abnormal-support-surface,HOLDOUT,EXCLUDE_FINAL_HOLDOUT,positive,1,abnormal_nonrest_support,/home/yanbo/下载/batches/batch_person-fallen-v2-camera1p5m/prompts/177_p18-abnormal-support-surface-07.txt,30bccf8473f9a856e8ecede8380dee57551f522081919a1822eaca10ab1bb126,30bccf8473f9a856e8ecede8380dee57551f522081919a1822eaca10ab1bb126,/home/yanbo/下载/batches/batch_person-fallen-v2-camera1p5m/final/177_p18-abnormal-support-surface-07.png,251e3c7a3456fbfd1c8bed68a487bece1deed7fabb8d6c9dc5803298dcc03ade,251e3c7a3456fbfd1c8bed68a487bece1deed7fabb8d6c9dc5803298dcc03ade,FROZEN_V2_MANIFEST_EXPECTED_AND_ACTUAL,FINAL_HOLDOUT_RESERVED,FROZEN_V2_PROMPT_IMAGE_MAPPING_PASS,V3_ABNORMAL_NONREST_SUPPORT_POSITIVE,PASS_EXPLICIT_POSTURE_CUE,positive,PROMPT_DERIVED_SYNTHETIC_GT,FROZEN_GENERATION_PROMPT_AND_PLANNED_ROLE,false,positive,false,FINAL_HOLDOUT_RESERVED_AND_NOT_USED_BY_V3
V2_ORIGINAL::IMG_004159,V2_ORIGINAL_SYNTHETIC_500,178_p18-abnormal-support-surface-08,IMG_004159,pf_v2_aigc_p18-abnormal-support-surface,HOLDOUT,EXCLUDE_FINAL_HOLDOUT,positive,1,abnormal_nonrest_support,/home/yanbo/下载/batches/batch_person-fallen-v2-camera1p5m/prompts/178_p18-abnormal-support-surface-08.txt,a3638fcc14bfcabec47230ee23cee4d07d9a50cbb91f5106b310cce7f6930972,a3638fcc14bfcabec47230ee23cee4d07d9a50cbb91f5106b310cce7f6930972,/home/yanbo/下载/batches/batch_person-fallen-v2-camera1p5m/final/178_p18-abnormal-support-surface-08.png,a3460a93de4473c9338a458de20e2ae1e36b633979f3d33665c653a1dc20fecd,a3460a93de4473c9338a458de20e2ae1e36b633979f3d33665c653a1dc20fecd,FROZEN_V2_MANIFEST_EXPECTED_AND_ACTUAL,FINAL_HOLDOUT_RESERVED,FROZEN_V2_PROMPT_IMAGE_MAPPING_PASS,V3_ABNORMAL_NONREST_SUPPORT_POSITIVE,PASS_EXPLICIT_POSTURE_CUE,positive,PROMPT_DERIVED_SYNTHETIC_GT,FROZEN_GENERATION_PROMPT_AND_PLANNED_ROLE,false,positive,false,FINAL_HOLDOUT_RESERVED_AND_NOT_USED_BY_V3
V2_ORIGINAL::IMG_004160,V2_ORIGINAL_SYNTHETIC_500,179_p18-abnormal-support-surface-09,IMG_004160,pf_v2_aigc_p18-abnormal-support-surface,HOLDOUT,EXCLUDE_FINAL_HOLDOUT,positive,1,abnormal_nonrest_support,/home/yanbo/下载/batches/batch_person-fallen-v2-camera1p5m/prompts/179_p18-abnormal-support-surface-09.txt,82619804dde7ad57d17530cff8b46c1cb0c169402e996a19dd1ce6465581745f,82619804dde7ad57d17530cff8b46c1cb0c169402e996a19dd1ce6465581745f,/home/yanbo/下载/batches/batch_person-fallen-v2-camera1p5m/final/179_p18-abnormal-support-surface-09.png,3ff93f899ac57671fa107fce88639cc997ee54068464199a0af564efa225977d,3ff93f899ac57671fa107fce88639cc997ee54068464199a0af564efa225977d,FROZEN_V2_MANIFEST_EXPECTED_AND_ACTUAL,FINAL_HOLDOUT_RESERVED,FROZEN_V2_PROMPT_IMAGE_MAPPING_PASS,V3_ABNORMAL_NONREST_SUPPORT_POSITIVE,PASS_EXPLICIT_POSTURE_CUE,positive,PROMPT_DERIVED_SYNTHETIC_GT,FROZEN_GENERATION_PROMPT_AND_PLANNED_ROLE,false,positive,false,FINAL_HOLDOUT_RESERVED_AND_NOT_USED_BY_V3
V2_ORIGINAL::IMG_003998,V2_ORIGINAL_SYNTHETIC_500,17_p02-supine-on-floor-07,IMG_003998,pf_v2_aigc_p02-supine-on-floor,DEV,V3_DEV,positive,1,supine_ground_lying,/home/yanbo/下载/batches/batch_person-fallen-v2-camera1p5m/prompts/17_p02-supine-on-floor-07.txt,a2a50097a852cdcf6e00e1a3084d4062fd590f9554ea1f733d380faa64292e75,a2a50097a852cdcf6e00e1a3084d4062fd590f9554ea1f733d380faa64292e75,/home/yanbo/下载/batches/batch_person-fallen-v2-camera1p5m/final/17_p02-supine-on-floor-07.png,03f04df8719f4f00db8f20614cc8b2dac09a6f1fdd4e26ec246375a43cce72f9,03f04df8719f4f00db8f20614cc8b2dac09a6f1fdd4e26ec246375a43cce72f9,FROZEN_V2_MANIFEST_EXPECTED_AND_ACTUAL,REUSABLE_V2_NON_HOLDOUT,FROZEN_V2_PROMPT_IMAGE_MAPPING_PASS,V3_SUPINE_GROUND_LYING_POSITIVE,PASS_EXPLICIT_POSTURE_CUE,positive,PROMPT_DERIVED_SYNTHETIC_GT,FROZEN_GENERATION_PROMPT_AND_PLANNED_ROLE,false,positive,true,
V2_ORIGINAL::IMG_004161,V2_ORIGINAL_SYNTHETIC_500,180_p18-abnormal-support-surface-10,IMG_004161,pf_v2_aigc_p18-abnormal-support-surface,HOLDOUT,EXCLUDE_FINAL_HOLDOUT,positive,1,abnormal_nonrest_support,/home/yanbo/下载/batches/batch_person-fallen-v2-camera1p5m/prompts/180_p18-abnormal-support-surface-10.txt,9c30f207cf061130fdd5b577ae0dcc1e71cd67f7a5f759334e0b2d5c15046faf,9c30f207cf061130fdd5b577ae0dcc1e71cd67f7a5f759334e0b2d5c15046faf,/home/yanbo/下载/batches/batch_person-fallen-v2-camera1p5m/final/180_p18-abnormal-support-surface-10.png,bd3c3dcc2aa778e6aee0976792115ee43f4cbb4fcabae83bace1ecb624f393c2,bd3c3dcc2aa778e6aee0976792115ee43f4cbb4fcabae83bace1ecb624f393c2,FROZEN_V2_MANIFEST_EXPECTED_AND_ACTUAL,FINAL_HOLDOUT_RESERVED,FROZEN_V2_PROMPT_IMAGE_MAPPING_PASS,V3_ABNORMAL_NONREST_SUPPORT_POSITIVE,PASS_EXPLICIT_POSTURE_CUE,positive,PROMPT_DERIVED_SYNTHETIC_GT,FROZEN_GENERATION_PROMPT_AND_PLANNED_ROLE,false,positive,false,FINAL_HOLDOUT_RESERVED_AND_NOT_USED_BY_V3
V2_ORIGINAL::IMG_004162,V2_ORIGINAL_SYNTHETIC_500,181_p19-active-voluntary-lying-on-ground-01,IMG_004162,pf_v2_aigc_p19-active-voluntary-lying-on-ground,HOLDOUT,EXCLUDE_FINAL_HOLDOUT,positive,1,intentional_ground_lying,/home/yanbo/下载/batches/batch_person-fallen-v2-camera1p5m/prompts/181_p19-active-voluntary-lying-on-ground-01.txt,c73cad47586a04577e0b57447ee899e02fb5cfa372eb4ada1c0bb63563132a51,c73cad47586a04577e0b57447ee899e02fb5cfa372eb4ada1c0bb63563132a51,/home/yanbo/下载/batches/batch_person-fallen-v2-camera1p5m/final/181_p19-active-voluntary-lying-on-ground-01.png,8fd156a8c439704b329f46bd6faba4b4667d0cf8f114fa5f8b4b3debf98c720a,8fd156a8c439704b329f46bd6faba4b4667d0cf8f114fa5f8b4b3debf98c720a,FROZEN_V2_MANIFEST_EXPECTED_AND_ACTUAL,FINAL_HOLDOUT_RESERVED,FROZEN_V2_PROMPT_IMAGE_MAPPING_PASS,V3_INTENTIONAL_GROUND_LYING_POSITIVE,PASS_EXPLICIT_POSTURE_CUE,positive,PROMPT_DERIVED_SYNTHETIC_GT,FROZEN_GENERATION_PROMPT_AND_PLANNED_ROLE,false,positive,false,FINAL_HOLDOUT_RESERVED_AND_NOT_USED_BY_V3
V2_ORIGINAL::IMG_004163,V2_ORIGINAL_SYNTHETIC_500,182_p19-active-voluntary-lying-on-ground-02,IMG_004163,pf_v2_aigc_p19-active-voluntary-lying-on-ground,HOLDOUT,EXCLUDE_FINAL_HOLDOUT,positive,1,intentional_ground_lying,/home/yanbo/下载/batches/batch_person-fallen-v2-camera1p5m/prompts/182_p19-active-voluntary-lying-on-ground-02.txt,2d9cf033d158dce0eeba2c7ebea2d630c55d7357b9d455cc9a37614a6e8aa6d9,2d9cf033d158dce0eeba2c7ebea2d630c55d7357b9d455cc9a37614a6e8aa6d9,/home/yanbo/下载/batches/batch_person-fallen-v2-camera1p5m/final/182_p19-active-voluntary-lying-on-ground-02.png,917e156f1263be2b899ecf4c87b971e87ee962fc1525ed4324baee7c3d15c45b,917e156f1263be2b899ecf4c87b971e87ee962fc1525ed4324baee7c3d15c45b,FROZEN_V2_MANIFEST_EXPECTED_AND_ACTUAL,FINAL_HOLDOUT_RESERVED,FROZEN_V2_PROMPT_IMAGE_MAPPING_PASS,V3_INTENTIONAL_GROUND_LYING_POSITIVE,PASS_EXPLICIT_POSTURE_CUE,positive,PROMPT_DERIVED_SYNTHETIC_GT,FROZEN_GENERATION_PROMPT_AND_PLANNED_ROLE,false,positive,false,FINAL_HOLDOUT_RESERVED_AND_NOT_USED_BY_V3
V2_ORIGINAL::IMG_004164,V2_ORIGINAL_SYNTHETIC_500,183_p19-active-voluntary-lying-on-ground-03,IMG_004164,pf_v2_aigc_p19-active-voluntary-lying-on-ground,HOLDOUT,EXCLUDE_FINAL_HOLDOUT,positive,1,intentional_ground_lying,/home/yanbo/下载/batches/batch_person-fallen-v2-camera1p5m/prompts/183_p19-active-voluntary-lying-on-ground-03.txt,3bac79178261da90ac4c30338792ccd6584e56140a28f2a046873a22bbc8fe0a,3bac79178261da90ac4c30338792ccd6584e56140a28f2a046873a22bbc8fe0a,/home/yanbo/下载/batches/batch_person-fallen-v2-camera1p5m/final/183_p19-active-voluntary-lying-on-ground-03.png,06168c86cc88b96431afc5272762478431ae1a20a29cd5dd29b10f8601d10baa,06168c86cc88b96431afc5272762478431ae1a20a29cd5dd29b10f8601d10baa,FROZEN_V2_MANIFEST_EXPECTED_AND_ACTUAL,FINAL_HOLDOUT_RESERVED,FROZEN_V2_PROMPT_IMAGE_MAPPING_PASS,V3_INTENTIONAL_GROUND_LYING_POSITIVE,PASS_EXPLICIT_POSTURE_CUE,positive,PROMPT_DERIVED_SYNTHETIC_GT,FROZEN_GENERATION_PROMPT_AND_PLANNED_ROLE,false,positive,false,FINAL_HOLDOUT_RESERVED_AND_NOT_USED_BY_V3
V2_ORIGINAL::IMG_004165,V2_ORIGINAL_SYNTHETIC_500,184_p19-active-voluntary-lying-on-ground-04,IMG_004165,pf_v2_aigc_p19-active-voluntary-lying-on-ground,HOLDOUT,EXCLUDE_FINAL_HOLDOUT,positive,1,intentional_ground_lying,/home/yanbo/下载/batches/batch_person-fallen-v2-camera1p5m/prompts/184_p19-active-voluntary-lying-on-ground-04.txt,05b867878e8bc79c9b99d9c3551c5faff891f558b3d758728ad95db28fee4255,05b867878e8bc79c9b99d9c3551c5faff891f558b3d758728ad95db28fee4255,/home/yanbo/下载/batches/batch_person-fallen-v2-camera1p5m/final/184_p19-active-voluntary-lying-on-ground-04.png,b54730ddcf274d24a82b0f6141131ee0c35f3d95308d830e06a58a5174dd5bb3,b54730ddcf274d24a82b0f6141131ee0c35f3d95308d830e06a58a5174dd5bb3,FROZEN_V2_MANIFEST_EXPECTED_AND_ACTUAL,FINAL_HOLDOUT_RESERVED,FROZEN_V2_PROMPT_IMAGE_MAPPING_PASS,V3_INTENTIONAL_GROUND_LYING_POSITIVE,PASS_EXPLICIT_POSTURE_CUE,positive,PROMPT_DERIVED_SYNTHETIC_GT,FROZEN_GENERATION_PROMPT_AND_PLANNED_ROLE,false,positive,false,FINAL_HOLDOUT_RESERVED_AND_NOT_USED_BY_V3
V2_ORIGINAL::IMG_004166,V2_ORIGINAL_SYNTHETIC_500,185_p19-active-voluntary-lying-on-ground-05,IMG_004166,pf_v2_aigc_p19-active-voluntary-lying-on-ground,HOLDOUT,EXCLUDE_FINAL_HOLDOUT,positive,1,intentional_ground_lying,/home/yanbo/下载/batches/batch_person-fallen-v2-camera1p5m/prompts/185_p19-active-voluntary-lying-on-ground-05.txt,23a149e52a6860e8aac14ff2070c2fcb7605909e32c1a33c9dc01e840419983b,23a149e52a6860e8aac14ff2070c2fcb7605909e32c1a33c9dc01e840419983b,/home/yanbo/下载/batches/batch_person-fallen-v2-camera1p5m/final/185_p19-active-voluntary-lying-on-ground-05.png,9c0a9ba8adc62f632d444eb5eeaaead0a31ec3584caddb950e1e126cb6e49ff7,9c0a9ba8adc62f632d444eb5eeaaead0a31ec3584caddb950e1e126cb6e49ff7,FROZEN_V2_MANIFEST_EXPECTED_AND_ACTUAL,FINAL_HOLDOUT_RESERVED,FROZEN_V2_PROMPT_IMAGE_MAPPING_PASS,V3_INTENTIONAL_GROUND_LYING_POSITIVE,PASS_EXPLICIT_POSTURE_CUE,positive,PROMPT_DERIVED_SYNTHETIC_GT,FROZEN_GENERATION_PROMPT_AND_PLANNED_ROLE,false,positive,false,FINAL_HOLDOUT_RESERVED_AND_NOT_USED_BY_V3
V2_ORIGINAL::IMG_004167,V2_ORIGINAL_SYNTHETIC_500,186_p19-active-voluntary-lying-on-ground-06,IMG_004167,pf_v2_aigc_p19-active-voluntary-lying-on-ground,HOLDOUT,EXCLUDE_FINAL_HOLDOUT,positive,1,intentional_ground_lying,/home/yanbo/下载/batches/batch_person-fallen-v2-camera1p5m/prompts/186_p19-active-voluntary-lying-on-ground-06.txt,7379e3c5097167fd5176ff69bfc6186b0fcf793167e54d010c52d19fade1d78b,7379e3c5097167fd5176ff69bfc6186b0fcf793167e54d010c52d19fade1d78b,/home/yanbo/下载/batches/batch_person-fallen-v2-camera1p5m/final/186_p19-active-voluntary-lying-on-ground-06.png,2f16a0969310f13bacfcb0c025c6e65b4a80fa3eefd6f9d6f9f88a064f66da97,2f16a0969310f13bacfcb0c025c6e65b4a80fa3eefd6f9d6f9f88a064f66da97,FROZEN_V2_MANIFEST_EXPECTED_AND_ACTUAL,FINAL_HOLDOUT_RESERVED,FROZEN_V2_PROMPT_IMAGE_MAPPING_PASS,V3_INTENTIONAL_GROUND_LYING_POSITIVE,PASS_EXPLICIT_POSTURE_CUE,positive,PROMPT_DERIVED_SYNTHETIC_GT,FROZEN_GENERATION_PROMPT_AND_PLANNED_ROLE,false,positive,false,FINAL_HOLDOUT_RESERVED_AND_NOT_USED_BY_V3
V2_ORIGINAL::IMG_004168,V2_ORIGINAL_SYNTHETIC_500,187_p19-active-voluntary-lying-on-ground-07,IMG_004168,pf_v2_aigc_p19-active-voluntary-lying-on-ground,HOLDOUT,EXCLUDE_FINAL_HOLDOUT,positive,1,intentional_ground_lying,/home/yanbo/下载/batches/batch_person-fallen-v2-camera1p5m/prompts/187_p19-active-voluntary-lying-on-ground-07.txt,0cb1196da1c7df46299c2cbb1defeb011685190c4c65aac8c65d2398845565b5,0cb1196da1c7df46299c2cbb1defeb011685190c4c65aac8c65d2398845565b5,/home/yanbo/下载/batches/batch_person-fallen-v2-camera1p5m/final/187_p19-active-voluntary-lying-on-ground-07.png,2eb145bb33077aee65d852b9db97ff7e16a6443237e06e0e49ad286c266694de,2eb145bb33077aee65d852b9db97ff7e16a6443237e06e0e49ad286c266694de,FROZEN_V2_MANIFEST_EXPECTED_AND_ACTUAL,FINAL_HOLDOUT_RESERVED,FROZEN_V2_PROMPT_IMAGE_MAPPING_PASS,V3_INTENTIONAL_GROUND_LYING_POSITIVE,PASS_EXPLICIT_POSTURE_CUE,positive,PROMPT_DERIVED_SYNTHETIC_GT,FROZEN_GENERATION_PROMPT_AND_PLANNED_ROLE,false,positive,false,FINAL_HOLDOUT_RESERVED_AND_NOT_USED_BY_V3
V2_ORIGINAL::IMG_004169,V2_ORIGINAL_SYNTHETIC_500,188_p19-active-voluntary-lying-on-ground-08,IMG_004169,pf_v2_aigc_p19-active-voluntary-lying-on-ground,HOLDOUT,EXCLUDE_FINAL_HOLDOUT,positive,1,intentional_ground_lying,/home/yanbo/下载/batches/batch_person-fallen-v2-camera1p5m/prompts/188_p19-active-voluntary-lying-on-ground-08.txt,f42c794cde1e7058dafb0367ff9b53f3d7c0ee2cff08c0ff469db552ef5d77e8,f42c794cde1e7058dafb0367ff9b53f3d7c0ee2cff08c0ff469db552ef5d77e8,/home/yanbo/下载/batches/batch_person-fallen-v2-camera1p5m/final/188_p19-active-voluntary-lying-on-ground-08.png,409b9aafcd21596649d9506d1a1cb6e6d2c418c0dede71731a284f08ce3da50e,409b9aafcd21596649d9506d1a1cb6e6d2c418c0dede71731a284f08ce3da50e,FROZEN_V2_MANIFEST_EXPECTED_AND_ACTUAL,FINAL_HOLDOUT_RESERVED,FROZEN_V2_PROMPT_IMAGE_MAPPING_PASS,V3_INTENTIONAL_GROUND_LYING_POSITIVE,PASS_EXPLICIT_POSTURE_CUE,positive,PROMPT_DERIVED_SYNTHETIC_GT,FROZEN_GENERATION_PROMPT_AND_PLANNED_ROLE,false,positive,false,FINAL_HOLDOUT_RESERVED_AND_NOT_USED_BY_V3
V2_ORIGINAL::IMG_004170,V2_ORIGINAL_SYNTHETIC_500,189_p19-active-voluntary-lying-on-ground-09,IMG_004170,pf_v2_aigc_p19-active-voluntary-lying-on-ground,HOLDOUT,EXCLUDE_FINAL_HOLDOUT,positive,1,intentional_ground_lying,/home/yanbo/下载/batches/batch_person-fallen-v2-camera1p5m/prompts/189_p19-active-voluntary-lying-on-ground-09.txt,195c3f46a12ca915752337d4a825b49ca7fd777e0669ab3c74e6c47ae530bb3b,195c3f46a12ca915752337d4a825b49ca7fd777e0669ab3c74e6c47ae530bb3b,/home/yanbo/下载/batches/batch_person-fallen-v2-camera1p5m/final/189_p19-active-voluntary-lying-on-ground-09.png,f0896d5057b1d237729d0b6dbacb6052187fcaa3f1650ba4bad3e8dd48de6f05,f0896d5057b1d237729d0b6dbacb6052187fcaa3f1650ba4bad3e8dd48de6f05,FROZEN_V2_MANIFEST_EXPECTED_AND_ACTUAL,FINAL_HOLDOUT_RESERVED,FROZEN_V2_PROMPT_IMAGE_MAPPING_PASS,V3_INTENTIONAL_GROUND_LYING_POSITIVE,PASS_EXPLICIT_POSTURE_CUE,positive,PROMPT_DERIVED_SYNTHETIC_GT,FROZEN_GENERATION_PROMPT_AND_PLANNED_ROLE,false,positive,false,FINAL_HOLDOUT_RESERVED_AND_NOT_USED_BY_V3
V2_ORIGINAL::IMG_003999,V2_ORIGINAL_SYNTHETIC_500,18_p02-supine-on-floor-08,IMG_003999,pf_v2_aigc_p02-supine-on-floor,DEV,V3_DEV,positive,1,supine_ground_lying,/home/yanbo/下载/batches/batch_person-fallen-v2-camera1p5m/prompts/18_p02-supine-on-floor-08.txt,d18160fe70307286374c35e5be267c3a2ca58cfad8db78b50b7ff805fbba68a0,d18160fe70307286374c35e5be267c3a2ca58cfad8db78b50b7ff805fbba68a0,/home/yanbo/下载/batches/batch_person-fallen-v2-camera1p5m/final/18_p02-supine-on-floor-08.png,6881ae0e92af78ee265a345ee5b2601e4ce3545a239f37f0fc65e19cdbce3046,6881ae0e92af78ee265a345ee5b2601e4ce3545a239f37f0fc65e19cdbce3046,FROZEN_V2_MANIFEST_EXPECTED_AND_ACTUAL,REUSABLE_V2_NON_HOLDOUT,FROZEN_V2_PROMPT_IMAGE_MAPPING_PASS,V3_SUPINE_GROUND_LYING_POSITIVE,PASS_EXPLICIT_POSTURE_CUE,positive,PROMPT_DERIVED_SYNTHETIC_GT,FROZEN_GENERATION_PROMPT_AND_PLANNED_ROLE,false,positive,true,
V2_ORIGINAL::IMG_004171,V2_ORIGINAL_SYNTHETIC_500,190_p19-active-voluntary-lying-on-ground-10,IMG_004171,pf_v2_aigc_p19-active-voluntary-lying-on-ground,HOLDOUT,EXCLUDE_FINAL_HOLDOUT,positive,1,intentional_ground_lying,/home/yanbo/下载/batches/batch_person-fallen-v2-camera1p5m/prompts/190_p19-active-voluntary-lying-on-ground-10.txt,55168cc59c7ed9818fc8db4396ddfcb3544c4b60230539a2500bea9277b1ed30,55168cc59c7ed9818fc8db4396ddfcb3544c4b60230539a2500bea9277b1ed30,/home/yanbo/下载/batches/batch_person-fallen-v2-camera1p5m/final/190_p19-active-voluntary-lying-on-ground-10.png,dce8cb218c852a5f46cde0734b70bc3398faf0b4479f04ace0bc0844cb09b8e8,dce8cb218c852a5f46cde0734b70bc3398faf0b4479f04ace0bc0844cb09b8e8,FROZEN_V2_MANIFEST_EXPECTED_AND_ACTUAL,FINAL_HOLDOUT_RESERVED,FROZEN_V2_PROMPT_IMAGE_MAPPING_PASS,V3_INTENTIONAL_GROUND_LYING_POSITIVE,PASS_EXPLICIT_POSTURE_CUE,positive,PROMPT_DERIVED_SYNTHETIC_GT,FROZEN_GENERATION_PROMPT_AND_PLANNED_ROLE,false,positive,false,FINAL_HOLDOUT_RESERVED_AND_NOT_USED_BY_V3
V2_ORIGINAL::IMG_004172,V2_ORIGINAL_SYNTHETIC_500,191_p20-static-lying-on-ground-01,IMG_004172,pf_v2_aigc_p20-static-lying-on-ground,HOLDOUT,EXCLUDE_FINAL_HOLDOUT,positive,1,static_ground_lying,/home/yanbo/下载/batches/batch_person-fallen-v2-camera1p5m/prompts/191_p20-static-lying-on-ground-01.txt,081ac5d75ea906167ec5b7f2d6a93e2441d14f2b6e5aeea486e6d380bf30d9d2,081ac5d75ea906167ec5b7f2d6a93e2441d14f2b6e5aeea486e6d380bf30d9d2,/home/yanbo/下载/batches/batch_person-fallen-v2-camera1p5m/final/191_p20-static-lying-on-ground-01.png,5824382aae59fe61af98dccf89fcdf96008082adf4b8ea5242f2229fc1f365e9,5824382aae59fe61af98dccf89fcdf96008082adf4b8ea5242f2229fc1f365e9,FROZEN_V2_MANIFEST_EXPECTED_AND_ACTUAL,FINAL_HOLDOUT_RESERVED,FROZEN_V2_PROMPT_IMAGE_MAPPING_PASS,V3_STATIC_GROUND_LYING_POSITIVE,PASS_EXPLICIT_POSTURE_CUE,positive,PROMPT_DERIVED_SYNTHETIC_GT,FROZEN_GENERATION_PROMPT_AND_PLANNED_ROLE,false,positive,false,FINAL_HOLDOUT_RESERVED_AND_NOT_USED_BY_V3
V2_ORIGINAL::IMG_004173,V2_ORIGINAL_SYNTHETIC_500,192_p20-static-lying-on-ground-02,IMG_004173,pf_v2_aigc_p20-static-lying-on-ground,HOLDOUT,EXCLUDE_FINAL_HOLDOUT,positive,1,static_ground_lying,/home/yanbo/下载/batches/batch_person-fallen-v2-camera1p5m/prompts/192_p20-static-lying-on-ground-02.txt,198ceeed4c52c68e2ad858b02ed9c638b94b167bb063575b920cadcaf935094b,198ceeed4c52c68e2ad858b02ed9c638b94b167bb063575b920cadcaf935094b,/home/yanbo/下载/batches/batch_person-fallen-v2-camera1p5m/final/192_p20-static-lying-on-ground-02.png,97eb294edd0f3e0fea3a61c12217cc676ee2e92940d159c5d3e017ccb94c2329,97eb294edd0f3e0fea3a61c12217cc676ee2e92940d159c5d3e017ccb94c2329,FROZEN_V2_MANIFEST_EXPECTED_AND_ACTUAL,FINAL_HOLDOUT_RESERVED,FROZEN_V2_PROMPT_IMAGE_MAPPING_PASS,V3_STATIC_GROUND_LYING_POSITIVE,PASS_EXPLICIT_POSTURE_CUE,positive,PROMPT_DERIVED_SYNTHETIC_GT,FROZEN_GENERATION_PROMPT_AND_PLANNED_ROLE,false,positive,false,FINAL_HOLDOUT_RESERVED_AND_NOT_USED_BY_V3
V2_ORIGINAL::IMG_004174,V2_ORIGINAL_SYNTHETIC_500,193_p20-static-lying-on-ground-03,IMG_004174,pf_v2_aigc_p20-static-lying-on-ground,HOLDOUT,EXCLUDE_FINAL_HOLDOUT,positive,1,static_ground_lying,/home/yanbo/下载/batches/batch_person-fallen-v2-camera1p5m/prompts/193_p20-static-lying-on-ground-03.txt,4f21719aa8f1498469255113fe018831857a2539fc13b40046f31f3f18a2126d,4f21719aa8f1498469255113fe018831857a2539fc13b40046f31f3f18a2126d,/home/yanbo/下载/batches/batch_person-fallen-v2-camera1p5m/final/193_p20-static-lying-on-ground-03.png,56e5011a38e4a5b734eeece9c4211db4809c55842a21345e66e8a638f0a2ccb4,56e5011a38e4a5b734eeece9c4211db4809c55842a21345e66e8a638f0a2ccb4,FROZEN_V2_MANIFEST_EXPECTED_AND_ACTUAL,FINAL_HOLDOUT_RESERVED,FROZEN_V2_PROMPT_IMAGE_MAPPING_PASS,V3_STATIC_GROUND_LYING_POSITIVE,PASS_EXPLICIT_POSTURE_CUE,positive,PROMPT_DERIVED_SYNTHETIC_GT,FROZEN_GENERATION_PROMPT_AND_PLANNED_ROLE,false,positive,false,FINAL_HOLDOUT_RESERVED_AND_NOT_USED_BY_V3
V2_ORIGINAL::IMG_004175,V2_ORIGINAL_SYNTHETIC_500,194_p20-static-lying-on-ground-04,IMG_004175,pf_v2_aigc_p20-static-lying-on-ground,HOLDOUT,EXCLUDE_FINAL_HOLDOUT,positive,1,static_ground_lying,/home/yanbo/下载/batches/batch_person-fallen-v2-camera1p5m/prompts/194_p20-static-lying-on-ground-04.txt,13b7fe4ee208c8c17744fde360fdb437e6f3748da650b9e5cec827419b6bf9f7,13b7fe4ee208c8c17744fde360fdb437e6f3748da650b9e5cec827419b6bf9f7,/home/yanbo/下载/batches/batch_person-fallen-v2-camera1p5m/final/194_p20-static-lying-on-ground-04.png,7e1206f44540e5ec3fe459c7f2aa021a27a7ab5ba240a6023a149e58ee29b61c,7e1206f44540e5ec3fe459c7f2aa021a27a7ab5ba240a6023a149e58ee29b61c,FROZEN_V2_MANIFEST_EXPECTED_AND_ACTUAL,FINAL_HOLDOUT_RESERVED,FROZEN_V2_PROMPT_IMAGE_MAPPING_PASS,V3_STATIC_GROUND_LYING_POSITIVE,PASS_EXPLICIT_POSTURE_CUE,positive,PROMPT_DERIVED_SYNTHETIC_GT,FROZEN_GENERATION_PROMPT_AND_PLANNED_ROLE,false,positive,false,FINAL_HOLDOUT_RESERVED_AND_NOT_USED_BY_V3
V2_ORIGINAL::IMG_004176,V2_ORIGINAL_SYNTHETIC_500,195_p20-static-lying-on-ground-05,IMG_004176,pf_v2_aigc_p20-static-lying-on-ground,HOLDOUT,EXCLUDE_FINAL_HOLDOUT,positive,1,static_ground_lying,/home/yanbo/下载/batches/batch_person-fallen-v2-camera1p5m/prompts/195_p20-static-lying-on-ground-05.txt,7926c9cf121ea7b5812315da85a00e1b779c0e789eb7bb32f0c732decf532881,7926c9cf121ea7b5812315da85a00e1b779c0e789eb7bb32f0c732decf532881,/home/yanbo/下载/batches/batch_person-fallen-v2-camera1p5m/final/195_p20-static-lying-on-ground-05.png,6f57b16285c4e6edfe6de3daa00e0f70c69141498b3c491179c721759cce7a79,6f57b16285c4e6edfe6de3daa00e0f70c69141498b3c491179c721759cce7a79,FROZEN_V2_MANIFEST_EXPECTED_AND_ACTUAL,FINAL_HOLDOUT_RESERVED,FROZEN_V2_PROMPT_IMAGE_MAPPING_PASS,V3_STATIC_GROUND_LYING_POSITIVE,PASS_EXPLICIT_POSTURE_CUE,positive,PROMPT_DERIVED_SYNTHETIC_GT,FROZEN_GENERATION_PROMPT_AND_PLANNED_ROLE,false,positive,false,FINAL_HOLDOUT_RESERVED_AND_NOT_USED_BY_V3
V2_ORIGINAL::IMG_004177,V2_ORIGINAL_SYNTHETIC_500,196_p20-static-lying-on-ground-06,IMG_004177,pf_v2_aigc_p20-static-lying-on-ground,HOLDOUT,EXCLUDE_FINAL_HOLDOUT,positive,1,static_ground_lying,/home/yanbo/下载/batches/batch_person-fallen-v2-camera1p5m/prompts/196_p20-static-lying-on-ground-06.txt,67d5f1be4942e2335674609bf203b9d3f020dc7b186094d2f489fba9b7c091d2,67d5f1be4942e2335674609bf203b9d3f020dc7b186094d2f489fba9b7c091d2,/home/yanbo/下载/batches/batch_person-fallen-v2-camera1p5m/final/196_p20-static-lying-on-ground-06.png,fd1daa698feb788e484468dd09275d04427cea7a76f2961d3207361992a57851,fd1daa698feb788e484468dd09275d04427cea7a76f2961d3207361992a57851,FROZEN_V2_MANIFEST_EXPECTED_AND_ACTUAL,FINAL_HOLDOUT_RESERVED,FROZEN_V2_PROMPT_IMAGE_MAPPING_PASS,V3_STATIC_GROUND_LYING_POSITIVE,PASS_EXPLICIT_POSTURE_CUE,positive,PROMPT_DERIVED_SYNTHETIC_GT,FROZEN_GENERATION_PROMPT_AND_PLANNED_ROLE,false,positive,false,FINAL_HOLDOUT_RESERVED_AND_NOT_USED_BY_V3
V2_ORIGINAL::IMG_004178,V2_ORIGINAL_SYNTHETIC_500,197_p20-static-lying-on-ground-07,IMG_004178,pf_v2_aigc_p20-static-lying-on-ground,HOLDOUT,EXCLUDE_FINAL_HOLDOUT,positive,1,static_ground_lying,/home/yanbo/下载/batches/batch_person-fallen-v2-camera1p5m/prompts/197_p20-static-lying-on-ground-07.txt,566f1f928b35d3b1de31923296fa82382ece096d2f88fd01412714e3dc33bdc8,566f1f928b35d3b1de31923296fa82382ece096d2f88fd01412714e3dc33bdc8,/home/yanbo/下载/batches/batch_person-fallen-v2-camera1p5m/final/197_p20-static-lying-on-ground-07.png,8e69fe60639e78401589d986a5517e8a48ce49822e9857e9ef11fb33a92adfb4,8e69fe60639e78401589d986a5517e8a48ce49822e9857e9ef11fb33a92adfb4,FROZEN_V2_MANIFEST_EXPECTED_AND_ACTUAL,FINAL_HOLDOUT_RESERVED,FROZEN_V2_PROMPT_IMAGE_MAPPING_PASS,V3_STATIC_GROUND_LYING_POSITIVE,PASS_EXPLICIT_POSTURE_CUE,positive,PROMPT_DERIVED_SYNTHETIC_GT,FROZEN_GENERATION_PROMPT_AND_PLANNED_ROLE,false,positive,false,FINAL_HOLDOUT_RESERVED_AND_NOT_USED_BY_V3
V2_ORIGINAL::IMG_004179,V2_ORIGINAL_SYNTHETIC_500,198_p20-static-lying-on-ground-08,IMG_004179,pf_v2_aigc_p20-static-lying-on-ground,HOLDOUT,EXCLUDE_FINAL_HOLDOUT,positive,1,static_ground_lying,/home/yanbo/下载/batches/batch_person-fallen-v2-camera1p5m/prompts/198_p20-static-lying-on-ground-08.txt,af96112125d36103650e402de450c6cc995f0ffddb05b91cae38e375fe847ad2,af96112125d36103650e402de450c6cc995f0ffddb05b91cae38e375fe847ad2,/home/yanbo/下载/batches/batch_person-fallen-v2-camera1p5m/final/198_p20-static-lying-on-ground-08.png,8743fc7160d123ceb4ffc38b36fc5ae589daa0516020a68a6b55144ce4e64c85,8743fc7160d123ceb4ffc38b36fc5ae589daa0516020a68a6b55144ce4e64c85,FROZEN_V2_MANIFEST_EXPECTED_AND_ACTUAL,FINAL_HOLDOUT_RESERVED,FROZEN_V2_PROMPT_IMAGE_MAPPING_PASS,V3_STATIC_GROUND_LYING_POSITIVE,PASS_EXPLICIT_POSTURE_CUE,positive,PROMPT_DERIVED_SYNTHETIC_GT,FROZEN_GENERATION_PROMPT_AND_PLANNED_ROLE,false,positive,false,FINAL_HOLDOUT_RESERVED_AND_NOT_USED_BY_V3
V2_ORIGINAL::IMG_004180,V2_ORIGINAL_SYNTHETIC_500,199_p20-static-lying-on-ground-09,IMG_004180,pf_v2_aigc_p20-static-lying-on-ground,HOLDOUT,EXCLUDE_FINAL_HOLDOUT,positive,1,static_ground_lying,/home/yanbo/下载/batches/batch_person-fallen-v2-camera1p5m/prompts/199_p20-static-lying-on-ground-09.txt,27021dcc7951cd5600004735dc15a220ee29ab33dcc0f1637c322817b8118b4c,27021dcc7951cd5600004735dc15a220ee29ab33dcc0f1637c322817b8118b4c,/home/yanbo/下载/batches/batch_person-fallen-v2-camera1p5m/final/199_p20-static-lying-on-ground-09.png,0d95ed8fd7b4b792671117cb4dc10b2532137a69f7f6e94ce2494be460957df7,0d95ed8fd7b4b792671117cb4dc10b2532137a69f7f6e94ce2494be460957df7,FROZEN_V2_MANIFEST_EXPECTED_AND_ACTUAL,FINAL_HOLDOUT_RESERVED,FROZEN_V2_PROMPT_IMAGE_MAPPING_PASS,V3_STATIC_GROUND_LYING_POSITIVE,PASS_EXPLICIT_POSTURE_CUE,positive,PROMPT_DERIVED_SYNTHETIC_GT,FROZEN_GENERATION_PROMPT_AND_PLANNED_ROLE,false,positive,false,FINAL_HOLDOUT_RESERVED_AND_NOT_USED_BY_V3
V2_ORIGINAL::IMG_004000,V2_ORIGINAL_SYNTHETIC_500,19_p02-supine-on-floor-09,IMG_004000,pf_v2_aigc_p02-supine-on-floor,DEV,V3_DEV,positive,1,supine_ground_lying,/home/yanbo/下载/batches/batch_person-fallen-v2-camera1p5m/prompts/19_p02-supine-on-floor-09.txt,2772b5e3066d18683e5d9cae492c98039c431bd11e84d9b651019eeb585c5726,2772b5e3066d18683e5d9cae492c98039c431bd11e84d9b651019eeb585c5726,/home/yanbo/下载/batches/batch_person-fallen-v2-camera1p5m/final/19_p02-supine-on-floor-09.png,b874a600936c52aeddb2d3a93719f0fe02937076b115354fa5d3417153f9027f,b874a600936c52aeddb2d3a93719f0fe02937076b115354fa5d3417153f9027f,FROZEN_V2_MANIFEST_EXPECTED_AND_ACTUAL,REUSABLE_V2_NON_HOLDOUT,FROZEN_V2_PROMPT_IMAGE_MAPPING_PASS,V3_SUPINE_GROUND_LYING_POSITIVE,PASS_EXPLICIT_POSTURE_CUE,positive,PROMPT_DERIVED_SYNTHETIC_GT,FROZEN_GENERATION_PROMPT_AND_PLANNED_ROLE,false,positive,true,
V2_ORIGINAL::IMG_004181,V2_ORIGINAL_SYNTHETIC_500,200_p20-static-lying-on-ground-10,IMG_004181,pf_v2_aigc_p20-static-lying-on-ground,HOLDOUT,EXCLUDE_FINAL_HOLDOUT,positive,1,static_ground_lying,/home/yanbo/下载/batches/batch_person-fallen-v2-camera1p5m/prompts/200_p20-static-lying-on-ground-10.txt,560e79ef6d4046c266943ac1648d66cf368b6fb2c1f72b2465d2745399ba200d,560e79ef6d4046c266943ac1648d66cf368b6fb2c1f72b2465d2745399ba200d,/home/yanbo/下载/batches/batch_person-fallen-v2-camera1p5m/final/200_p20-static-lying-on-ground-10.png,d04a76e9519f62f74f8ea3fc772195a79084bae2f811bde50e3d7e9ccf4997ca,d04a76e9519f62f74f8ea3fc772195a79084bae2f811bde50e3d7e9ccf4997ca,FROZEN_V2_MANIFEST_EXPECTED_AND_ACTUAL,FINAL_HOLDOUT_RESERVED,FROZEN_V2_PROMPT_IMAGE_MAPPING_PASS,V3_STATIC_GROUND_LYING_POSITIVE,PASS_EXPLICIT_POSTURE_CUE,positive,PROMPT_DERIVED_SYNTHETIC_GT,FROZEN_GENERATION_PROMPT_AND_PLANNED_ROLE,false,positive,false,FINAL_HOLDOUT_RESERVED_AND_NOT_USED_BY_V3
V2_ORIGINAL::IMG_003882,V2_ORIGINAL_SYNTHETIC_500,201_n01-normal-standing-01,IMG_003882,pf_v2_aigc_n01-normal-standing,DEV,V3_DEV,negative,0,standing,/home/yanbo/下载/batches/batch_person-fallen-v2-camera1p5m/prompts/201_n01-normal-standing-01.txt,42d5884345726c7e9955de38ba0452da92b7843de26821c899c4707706f39dcf,42d5884345726c7e9955de38ba0452da92b7843de26821c899c4707706f39dcf,/home/yanbo/下载/batches/batch_person-fallen-v2-camera1p5m/final/201_n01-normal-standing-01.png,457cfa92c5ab41f354d579c4d14852a123235fc8e559db33a211b7302b050029,457cfa92c5ab41f354d579c4d14852a123235fc8e559db33a211b7302b050029,FROZEN_V2_MANIFEST_EXPECTED_AND_ACTUAL,REUSABLE_V2_NON_HOLDOUT,FROZEN_V2_PROMPT_IMAGE_MAPPING_PASS,V3_STANDING_NEGATIVE,PASS_EXPLICIT_NEGATIVE_CUE,negative,PROMPT_DERIVED_SYNTHETIC_GT,FROZEN_GENERATION_PROMPT_AND_PLANNED_ROLE,false,ordinary_negative,true,
V2_ORIGINAL::IMG_003883,V2_ORIGINAL_SYNTHETIC_500,202_n01-normal-standing-02,IMG_003883,pf_v2_aigc_n01-normal-standing,DEV,V3_DEV,negative,0,standing,/home/yanbo/下载/batches/batch_person-fallen-v2-camera1p5m/prompts/202_n01-normal-standing-02.txt,d247d2a67720aa92c6985d146a716900a3477bb3751935305acaf7d249b8d9ef,d247d2a67720aa92c6985d146a716900a3477bb3751935305acaf7d249b8d9ef,/home/yanbo/下载/batches/batch_person-fallen-v2-camera1p5m/final/202_n01-normal-standing-02.png,920c606e31ac7bcaa90a07a65cb3c274e2f1c2c9c013bc9a6d0a9d606b5c9679,920c606e31ac7bcaa90a07a65cb3c274e2f1c2c9c013bc9a6d0a9d606b5c9679,FROZEN_V2_MANIFEST_EXPECTED_AND_ACTUAL,REUSABLE_V2_NON_HOLDOUT,FROZEN_V2_PROMPT_IMAGE_MAPPING_PASS,V3_STANDING_NEGATIVE,PASS_EXPLICIT_NEGATIVE_CUE,negative,PROMPT_DERIVED_SYNTHETIC_GT,FROZEN_GENERATION_PROMPT_AND_PLANNED_ROLE,false,ordinary_negative,true,
V2_ORIGINAL::IMG_003884,V2_ORIGINAL_SYNTHETIC_500,203_n01-normal-standing-03,IMG_003884,pf_v2_aigc_n01-normal-standing,DEV,V3_DEV,negative,0,standing,/home/yanbo/下载/batches/batch_person-fallen-v2-camera1p5m/prompts/203_n01-normal-standing-03.txt,d93f97b8ce1097f9cb9904a9f7c1065d719ba29cd4b5094e01c09ca1c49de6e3,d93f97b8ce1097f9cb9904a9f7c1065d719ba29cd4b5094e01c09ca1c49de6e3,/home/yanbo/下载/batches/batch_person-fallen-v2-camera1p5m/final/203_n01-normal-standing-03.png,a1cd8e89742ed199a07308870b4962f4340aef43264a81c77a6a79722d89d926,a1cd8e89742ed199a07308870b4962f4340aef43264a81c77a6a79722d89d926,FROZEN_V2_MANIFEST_EXPECTED_AND_ACTUAL,REUSABLE_V2_NON_HOLDOUT,FROZEN_V2_PROMPT_IMAGE_MAPPING_PASS,V3_STANDING_NEGATIVE,PASS_EXPLICIT_NEGATIVE_CUE,negative,PROMPT_DERIVED_SYNTHETIC_GT,FROZEN_GENERATION_PROMPT_AND_PLANNED_ROLE,false,ordinary_negative,true,
V2_ORIGINAL::IMG_003885,V2_ORIGINAL_SYNTHETIC_500,204_n01-normal-standing-04,IMG_003885,pf_v2_aigc_n01-normal-standing,DEV,V3_DEV,negative,0,standing,/home/yanbo/下载/batches/batch_person-fallen-v2-camera1p5m/prompts/204_n01-normal-standing-04.txt,0f06d92c248ceb07d8aaffbbe8640d93afbff1d57a01abb939df00d23b55acb9,0f06d92c248ceb07d8aaffbbe8640d93afbff1d57a01abb939df00d23b55acb9,/home/yanbo/下载/batches/batch_person-fallen-v2-camera1p5m/final/204_n01-normal-standing-04.png,ce9dc025af14a475e18224fc33de4e53f4c219f05c455b849eda6519a28280f2,ce9dc025af14a475e18224fc33de4e53f4c219f05c455b849eda6519a28280f2,FROZEN_V2_MANIFEST_EXPECTED_AND_ACTUAL,REUSABLE_V2_NON_HOLDOUT,FROZEN_V2_PROMPT_IMAGE_MAPPING_PASS,V3_STANDING_NEGATIVE,PASS_EXPLICIT_NEGATIVE_CUE,negative,PROMPT_DERIVED_SYNTHETIC_GT,FROZEN_GENERATION_PROMPT_AND_PLANNED_ROLE,false,ordinary_negative,true,
V2_ORIGINAL::IMG_003886,V2_ORIGINAL_SYNTHETIC_500,205_n01-normal-standing-05,IMG_003886,pf_v2_aigc_n01-normal-standing,DEV,V3_DEV,negative,0,standing,/home/yanbo/下载/batches/batch_person-fallen-v2-camera1p5m/prompts/205_n01-normal-standing-05.txt,c66eefdee09952cbd9f6fef362c90f9a5db173683da810e0fb998921c3c2209c,c66eefdee09952cbd9f6fef362c90f9a5db173683da810e0fb998921c3c2209c,/home/yanbo/下载/batches/batch_person-fallen-v2-camera1p5m/final/205_n01-normal-standing-05.png,4fa6866d8b13f3823e1035a827511e4ffd540a6d33ecd03a46d1cb139a5cbb90,4fa6866d8b13f3823e1035a827511e4ffd540a6d33ecd03a46d1cb139a5cbb90,FROZEN_V2_MANIFEST_EXPECTED_AND_ACTUAL,REUSABLE_V2_NON_HOLDOUT,FROZEN_V2_PROMPT_IMAGE_MAPPING_PASS,V3_STANDING_NEGATIVE,PASS_EXPLICIT_NEGATIVE_CUE,negative,PROMPT_DERIVED_SYNTHETIC_GT,FROZEN_GENERATION_PROMPT_AND_PLANNED_ROLE,false,ordinary_negative,true,
V2_ORIGINAL::IMG_003887,V2_ORIGINAL_SYNTHETIC_500,206_n01-normal-standing-06,IMG_003887,pf_v2_aigc_n01-normal-standing,DEV,V3_DEV,negative,0,standing,/home/yanbo/下载/batches/batch_person-fallen-v2-camera1p5m/prompts/206_n01-normal-standing-06.txt,30f0594061ef6b7df6bf3a636af98eb16925eb713a2fcc782f9361cbe6f07880,30f0594061ef6b7df6bf3a636af98eb16925eb713a2fcc782f9361cbe6f07880,/home/yanbo/下载/batches/batch_person-fallen-v2-camera1p5m/final/206_n01-normal-standing-06.png,6786cd4c5ce2d5100e95e9ca8a85a3ee6c0074d2661b445a20b694d5bf35814f,6786cd4c5ce2d5100e95e9ca8a85a3ee6c0074d2661b445a20b694d5bf35814f,FROZEN_V2_MANIFEST_EXPECTED_AND_ACTUAL,REUSABLE_V2_NON_HOLDOUT,FROZEN_V2_PROMPT_IMAGE_MAPPING_PASS,V3_STANDING_NEGATIVE,PASS_EXPLICIT_NEGATIVE_CUE,negative,PROMPT_DERIVED_SYNTHETIC_GT,FROZEN_GENERATION_PROMPT_AND_PLANNED_ROLE,false,ordinary_negative,true,
V2_ORIGINAL::IMG_003888,V2_ORIGINAL_SYNTHETIC_500,207_n01-normal-standing-07,IMG_003888,pf_v2_aigc_n01-normal-standing,DEV,V3_DEV,negative,0,standing,/home/yanbo/下载/batches/batch_person-fallen-v2-camera1p5m/prompts/207_n01-normal-standing-07.txt,15686e6f9320e1cdf69ae064d15a320e73fe6813563a5bbb3c93245d96a8aab0,15686e6f9320e1cdf69ae064d15a320e73fe6813563a5bbb3c93245d96a8aab0,/home/yanbo/下载/batches/batch_person-fallen-v2-camera1p5m/final/207_n01-normal-standing-07.png,e6d31485e30861fae7d360b9d9e23306e8b4317762269bf9239faa555516baee,e6d31485e30861fae7d360b9d9e23306e8b4317762269bf9239faa555516baee,FROZEN_V2_MANIFEST_EXPECTED_AND_ACTUAL,REUSABLE_V2_NON_HOLDOUT,FROZEN_V2_PROMPT_IMAGE_MAPPING_PASS,V3_STANDING_NEGATIVE,PASS_EXPLICIT_NEGATIVE_CUE,negative,PROMPT_DERIVED_SYNTHETIC_GT,FROZEN_GENERATION_PROMPT_AND_PLANNED_ROLE,false,ordinary_negative,true,
V2_ORIGINAL::IMG_003889,V2_ORIGINAL_SYNTHETIC_500,208_n01-normal-standing-08,IMG_003889,pf_v2_aigc_n01-normal-standing,DEV,V3_DEV,negative,0,standing,/home/yanbo/下载/batches/batch_person-fallen-v2-camera1p5m/prompts/208_n01-normal-standing-08.txt,13716c0bc6e1c291788d2403417fe96bc160c57a2ac0a851c2cd07e525584bd2,13716c0bc6e1c291788d2403417fe96bc160c57a2ac0a851c2cd07e525584bd2,/home/yanbo/下载/batches/batch_person-fallen-v2-camera1p5m/final/208_n01-normal-standing-08.png,5dbf27cf5cbc6edd6b8d4aedddf6f42e9ac9809a1f40a430e968ab70da572ea4,5dbf27cf5cbc6edd6b8d4aedddf6f42e9ac9809a1f40a430e968ab70da572ea4,FROZEN_V2_MANIFEST_EXPECTED_AND_ACTUAL,REUSABLE_V2_NON_HOLDOUT,FROZEN_V2_PROMPT_IMAGE_MAPPING_PASS,V3_STANDING_NEGATIVE,PASS_EXPLICIT_NEGATIVE_CUE,negative,PROMPT_DERIVED_SYNTHETIC_GT,FROZEN_GENERATION_PROMPT_AND_PLANNED_ROLE,false,ordinary_negative,true,
V2_ORIGINAL::IMG_003890,V2_ORIGINAL_SYNTHETIC_500,209_n01-normal-standing-09,IMG_003890,pf_v2_aigc_n01-normal-standing,DEV,V3_DEV,negative,0,standing,/home/yanbo/下载/batches/batch_person-fallen-v2-camera1p5m/prompts/209_n01-normal-standing-09.txt,a06295a7d59e4052c8613705b37c9be437b7368837a9aebf5920044f8d827ef4,a06295a7d59e4052c8613705b37c9be437b7368837a9aebf5920044f8d827ef4,/home/yanbo/下载/batches/batch_person-fallen-v2-camera1p5m/final/209_n01-normal-standing-09.png,cf12a0c87783adfbb55c87a7b1f10fd0a02c273e0a80097167298edaf9349965,cf12a0c87783adfbb55c87a7b1f10fd0a02c273e0a80097167298edaf9349965,FROZEN_V2_MANIFEST_EXPECTED_AND_ACTUAL,REUSABLE_V2_NON_HOLDOUT,FROZEN_V2_PROMPT_IMAGE_MAPPING_PASS,V3_STANDING_NEGATIVE,PASS_EXPLICIT_NEGATIVE_CUE,negative,PROMPT_DERIVED_SYNTHETIC_GT,FROZEN_GENERATION_PROMPT_AND_PLANNED_ROLE,false,ordinary_negative,true,
V2_ORIGINAL::IMG_004001,V2_ORIGINAL_SYNTHETIC_500,20_p02-supine-on-floor-10,IMG_004001,pf_v2_aigc_p02-supine-on-floor,DEV,V3_DEV,positive,1,supine_ground_lying,/home/yanbo/下载/batches/batch_person-fallen-v2-camera1p5m/prompts/20_p02-supine-on-floor-10.txt,4cc06bbf5a37a9b4585d739af0822ccb9dd3453a628dac74d6934c8d5f86b47f,4cc06bbf5a37a9b4585d739af0822ccb9dd3453a628dac74d6934c8d5f86b47f,/home/yanbo/下载/batches/batch_person-fallen-v2-camera1p5m/final/20_p02-supine-on-floor-10.png,5bac427ba05af7d58237cbf9d1d3606a4615caa7c3c7a8e01d301442ce4c7f63,5bac427ba05af7d58237cbf9d1d3606a4615caa7c3c7a8e01d301442ce4c7f63,FROZEN_V2_MANIFEST_EXPECTED_AND_ACTUAL,REUSABLE_V2_NON_HOLDOUT,FROZEN_V2_PROMPT_IMAGE_MAPPING_PASS,V3_SUPINE_GROUND_LYING_POSITIVE,PASS_EXPLICIT_POSTURE_CUE,positive,PROMPT_DERIVED_SYNTHETIC_GT,FROZEN_GENERATION_PROMPT_AND_PLANNED_ROLE,false,positive,true,
V2_ORIGINAL::IMG_003891,V2_ORIGINAL_SYNTHETIC_500,210_n01-normal-standing-10,IMG_003891,pf_v2_aigc_n01-normal-standing,DEV,V3_DEV,negative,0,standing,/home/yanbo/下载/batches/batch_person-fallen-v2-camera1p5m/prompts/210_n01-normal-standing-10.txt,c098893ce8c9e9fa7da89b67186f7944b61aeb5be3466c5a1fcc7298b014dd73,c098893ce8c9e9fa7da89b67186f7944b61aeb5be3466c5a1fcc7298b014dd73,/home/yanbo/下载/batches/batch_person-fallen-v2-camera1p5m/final/210_n01-normal-standing-10.png,83bedc0973a8c202da41709e7b7ff62f64b014c5d58c8b2a11779b40c3285a87,83bedc0973a8c202da41709e7b7ff62f64b014c5d58c8b2a11779b40c3285a87,FROZEN_V2_MANIFEST_EXPECTED_AND_ACTUAL,REUSABLE_V2_NON_HOLDOUT,FROZEN_V2_PROMPT_IMAGE_MAPPING_PASS,V3_STANDING_NEGATIVE,PASS_EXPLICIT_NEGATIVE_CUE,negative,PROMPT_DERIVED_SYNTHETIC_GT,FROZEN_GENERATION_PROMPT_AND_PLANNED_ROLE,false,ordinary_negative,true,
V2_ORIGINAL::IMG_003892,V2_ORIGINAL_SYNTHETIC_500,211_n02-normal-walking-01,IMG_003892,pf_v2_aigc_n02-normal-walking,DEV,V3_DEV,negative,0,walking,/home/yanbo/下载/batches/batch_person-fallen-v2-camera1p5m/prompts/211_n02-normal-walking-01.txt,989e64b917cbe5846b077fccd3bdd3c7d946dca5b557a01eb0ae543b970c8b3e,989e64b917cbe5846b077fccd3bdd3c7d946dca5b557a01eb0ae543b970c8b3e,/home/yanbo/下载/batches/batch_person-fallen-v2-camera1p5m/final/211_n02-normal-walking-01.png,84620ef986b653f83fe4161a06054c03b14bfde35ca3588d66b6dcdfeb104929,84620ef986b653f83fe4161a06054c03b14bfde35ca3588d66b6dcdfeb104929,FROZEN_V2_MANIFEST_EXPECTED_AND_ACTUAL,REUSABLE_V2_NON_HOLDOUT,FROZEN_V2_PROMPT_IMAGE_MAPPING_PASS,V3_WALKING_NEGATIVE,PASS_EXPLICIT_NEGATIVE_CUE,negative,PROMPT_DERIVED_SYNTHETIC_GT,FROZEN_GENERATION_PROMPT_AND_PLANNED_ROLE,false,ordinary_negative,true,
V2_ORIGINAL::IMG_003893,V2_ORIGINAL_SYNTHETIC_500,212_n02-normal-walking-02,IMG_003893,pf_v2_aigc_n02-normal-walking,DEV,V3_DEV,negative,0,walking,/home/yanbo/下载/batches/batch_person-fallen-v2-camera1p5m/prompts/212_n02-normal-walking-02.txt,ffb7fe2d5fa284c2f2380dc0c8a3dd6df20828209f8c73ba322f84401db23251,ffb7fe2d5fa284c2f2380dc0c8a3dd6df20828209f8c73ba322f84401db23251,/home/yanbo/下载/batches/batch_person-fallen-v2-camera1p5m/final/212_n02-normal-walking-02.png,2a5c2d55fe21dcfb62d6193ee70d56c16a38f892c0ca6991f871e9220a1e4114,2a5c2d55fe21dcfb62d6193ee70d56c16a38f892c0ca6991f871e9220a1e4114,FROZEN_V2_MANIFEST_EXPECTED_AND_ACTUAL,REUSABLE_V2_NON_HOLDOUT,FROZEN_V2_PROMPT_IMAGE_MAPPING_PASS,V3_WALKING_NEGATIVE,PASS_EXPLICIT_NEGATIVE_CUE,negative,PROMPT_DERIVED_SYNTHETIC_GT,FROZEN_GENERATION_PROMPT_AND_PLANNED_ROLE,false,ordinary_negative,true,
V2_ORIGINAL::IMG_003894,V2_ORIGINAL_SYNTHETIC_500,213_n02-normal-walking-03,IMG_003894,pf_v2_aigc_n02-normal-walking,DEV,V3_DEV,negative,0,walking,/home/yanbo/下载/batches/batch_person-fallen-v2-camera1p5m/prompts/213_n02-normal-walking-03.txt,b7f2a4a9c5b7dd393ba1ac04ecd3edb63c06b354dd8549c40e6ca19756465310,b7f2a4a9c5b7dd393ba1ac04ecd3edb63c06b354dd8549c40e6ca19756465310,/home/yanbo/下载/batches/batch_person-fallen-v2-camera1p5m/final/213_n02-normal-walking-03.png,df7262d5f0764ffcdeac7c699684178eace0c41aa85f58c6b96a19726c2938a5,df7262d5f0764ffcdeac7c699684178eace0c41aa85f58c6b96a19726c2938a5,FROZEN_V2_MANIFEST_EXPECTED_AND_ACTUAL,REUSABLE_V2_NON_HOLDOUT,FROZEN_V2_PROMPT_IMAGE_MAPPING_PASS,V3_WALKING_NEGATIVE,PASS_EXPLICIT_NEGATIVE_CUE,negative,PROMPT_DERIVED_SYNTHETIC_GT,FROZEN_GENERATION_PROMPT_AND_PLANNED_ROLE,false,ordinary_negative,true,
V2_ORIGINAL::IMG_003895,V2_ORIGINAL_SYNTHETIC_500,214_n02-normal-walking-04,IMG_003895,pf_v2_aigc_n02-normal-walking,DEV,V3_DEV,negative,0,walking,/home/yanbo/下载/batches/batch_person-fallen-v2-camera1p5m/prompts/214_n02-normal-walking-04.txt,e3c80f5aca6a04aaad93f824e0fa5602a76074af98f28cd02893291d82eeb37e,e3c80f5aca6a04aaad93f824e0fa5602a76074af98f28cd02893291d82eeb37e,/home/yanbo/下载/batches/batch_person-fallen-v2-camera1p5m/final/214_n02-normal-walking-04.png,fc149aaea8829ea06f3ed12651debf67d1b41ee5405a8479d2855176ad1207f8,fc149aaea8829ea06f3ed12651debf67d1b41ee5405a8479d2855176ad1207f8,FROZEN_V2_MANIFEST_EXPECTED_AND_ACTUAL,REUSABLE_V2_NON_HOLDOUT,FROZEN_V2_PROMPT_IMAGE_MAPPING_PASS,V3_WALKING_NEGATIVE,PASS_EXPLICIT_NEGATIVE_CUE,negative,PROMPT_DERIVED_SYNTHETIC_GT,FROZEN_GENERATION_PROMPT_AND_PLANNED_ROLE,false,ordinary_negative,true,
V2_ORIGINAL::IMG_003896,V2_ORIGINAL_SYNTHETIC_500,215_n02-normal-walking-05,IMG_003896,pf_v2_aigc_n02-normal-walking,DEV,V3_DEV,negative,0,walking,/home/yanbo/下载/batches/batch_person-fallen-v2-camera1p5m/prompts/215_n02-normal-walking-05.txt,e6ef6256070941b5726220e6bca493058bc5c1fee09a6cfb2a1f8ea2469b60d1,e6ef6256070941b5726220e6bca493058bc5c1fee09a6cfb2a1f8ea2469b60d1,/home/yanbo/下载/batches/batch_person-fallen-v2-camera1p5m/final/215_n02-normal-walking-05.png,3ea5da470a7ca94ea0f92d87746573becb0e70b5d600f444a579417cca00be40,3ea5da470a7ca94ea0f92d87746573becb0e70b5d600f444a579417cca00be40,FROZEN_V2_MANIFEST_EXPECTED_AND_ACTUAL,REUSABLE_V2_NON_HOLDOUT,FROZEN_V2_PROMPT_IMAGE_MAPPING_PASS,V3_WALKING_NEGATIVE,PASS_EXPLICIT_NEGATIVE_CUE,negative,PROMPT_DERIVED_SYNTHETIC_GT,FROZEN_GENERATION_PROMPT_AND_PLANNED_ROLE,false,ordinary_negative,true,
V2_ORIGINAL::IMG_003897,V2_ORIGINAL_SYNTHETIC_500,216_n02-normal-walking-06,IMG_003897,pf_v2_aigc_n02-normal-walking,DEV,V3_DEV,negative,0,walking,/home/yanbo/下载/batches/batch_person-fallen-v2-camera1p5m/prompts/216_n02-normal-walking-06.txt,78c5308a8e2001f3198d4c4434fde9ef42480e6096f12cf83c43dc5002844bc4,78c5308a8e2001f3198d4c4434fde9ef42480e6096f12cf83c43dc5002844bc4,/home/yanbo/下载/batches/batch_person-fallen-v2-camera1p5m/final/216_n02-normal-walking-06.png,5236377d0e960a946da10b1df70dee4dedb6b1ee8dfab55782303b948b178395,5236377d0e960a946da10b1df70dee4dedb6b1ee8dfab55782303b948b178395,FROZEN_V2_MANIFEST_EXPECTED_AND_ACTUAL,REUSABLE_V2_NON_HOLDOUT,FROZEN_V2_PROMPT_IMAGE_MAPPING_PASS,V3_WALKING_NEGATIVE,PASS_EXPLICIT_NEGATIVE_CUE,negative,PROMPT_DERIVED_SYNTHETIC_GT,FROZEN_GENERATION_PROMPT_AND_PLANNED_ROLE,false,ordinary_negative,true,
V2_ORIGINAL::IMG_003898,V2_ORIGINAL_SYNTHETIC_500,217_n02-normal-walking-07,IMG_003898,pf_v2_aigc_n02-normal-walking,DEV,V3_DEV,negative,0,walking,/home/yanbo/下载/batches/batch_person-fallen-v2-camera1p5m/prompts/217_n02-normal-walking-07.txt,91e3406f29c9347dbd19294e2287a53b9774c89076430bec860968a3271a736e,91e3406f29c9347dbd19294e2287a53b9774c89076430bec860968a3271a736e,/home/yanbo/下载/batches/batch_person-fallen-v2-camera1p5m/final/217_n02-normal-walking-07.png,832f2687a61e8d82e1f5571fe27fb39531c55823e664a34cf284c8af48b2a9d0,832f2687a61e8d82e1f5571fe27fb39531c55823e664a34cf284c8af48b2a9d0,FROZEN_V2_MANIFEST_EXPECTED_AND_ACTUAL,REUSABLE_V2_NON_HOLDOUT,FROZEN_V2_PROMPT_IMAGE_MAPPING_PASS,V3_WALKING_NEGATIVE,PASS_EXPLICIT_NEGATIVE_CUE,negative,PROMPT_DERIVED_SYNTHETIC_GT,FROZEN_GENERATION_PROMPT_AND_PLANNED_ROLE,false,ordinary_negative,true,
V2_ORIGINAL::IMG_003899,V2_ORIGINAL_SYNTHETIC_500,218_n02-normal-walking-08,IMG_003899,pf_v2_aigc_n02-normal-walking,DEV,V3_DEV,negative,0,walking,/home/yanbo/下载/batches/batch_person-fallen-v2-camera1p5m/prompts/218_n02-normal-walking-08.txt,d2aa757cc49447e0deb9e70ed031635e41830ea121655549b8d0ecf1aaba5ed4,d2aa757cc49447e0deb9e70ed031635e41830ea121655549b8d0ecf1aaba5ed4,/home/yanbo/下载/batches/batch_person-fallen-v2-camera1p5m/final/218_n02-normal-walking-08.png,e5272b7ba0585b8642824a52f893afc42fc446c0ea9e9b7b11ed2b6eb4615835,e5272b7ba0585b8642824a52f893afc42fc446c0ea9e9b7b11ed2b6eb4615835,FROZEN_V2_MANIFEST_EXPECTED_AND_ACTUAL,REUSABLE_V2_NON_HOLDOUT,FROZEN_V2_PROMPT_IMAGE_MAPPING_PASS,V3_WALKING_NEGATIVE,PASS_EXPLICIT_NEGATIVE_CUE,negative,PROMPT_DERIVED_SYNTHETIC_GT,FROZEN_GENERATION_PROMPT_AND_PLANNED_ROLE,false,ordinary_negative,true,
V2_ORIGINAL::IMG_003900,V2_ORIGINAL_SYNTHETIC_500,219_n02-normal-walking-09,IMG_003900,pf_v2_aigc_n02-normal-walking,DEV,V3_DEV,negative,0,walking,/home/yanbo/下载/batches/batch_person-fallen-v2-camera1p5m/prompts/219_n02-normal-walking-09.txt,fad9196b15b839626f760871a9e6d4cb762e7bd0635ee38b361c3cdd9abc5efe,fad9196b15b839626f760871a9e6d4cb762e7bd0635ee38b361c3cdd9abc5efe,/home/yanbo/下载/batches/batch_person-fallen-v2-camera1p5m/final/219_n02-normal-walking-09.png,e12aa00ebca5ce986b5df9f5e39d562be46c2c28dec4a2f9fe6d3e9c9554a048,e12aa00ebca5ce986b5df9f5e39d562be46c2c28dec4a2f9fe6d3e9c9554a048,FROZEN_V2_MANIFEST_EXPECTED_AND_ACTUAL,REUSABLE_V2_NON_HOLDOUT,FROZEN_V2_PROMPT_IMAGE_MAPPING_PASS,V3_WALKING_NEGATIVE,PASS_EXPLICIT_NEGATIVE_CUE,negative,PROMPT_DERIVED_SYNTHETIC_GT,FROZEN_GENERATION_PROMPT_AND_PLANNED_ROLE,false,ordinary_negative,true,
V2_ORIGINAL::IMG_004002,V2_ORIGINAL_SYNTHETIC_500,21_p03-prone-on-floor-01,IMG_004002,pf_v2_aigc_p03-prone-on-floor,DEV,V3_DEV,positive,1,prone_ground_lying,/home/yanbo/下载/batches/batch_person-fallen-v2-camera1p5m/prompts/21_p03-prone-on-floor-01.txt,6a930f25e9052b7138e3d818d094cfc97049267377a7586c4e199432b20ea58b,6a930f25e9052b7138e3d818d094cfc97049267377a7586c4e199432b20ea58b,/home/yanbo/下载/batches/batch_person-fallen-v2-camera1p5m/final/21_p03-prone-on-floor-01.png,f0afef1f06a16d9f91cbc9eb9a52cecd79d692a10c0624b6f169255a562f6374,f0afef1f06a16d9f91cbc9eb9a52cecd79d692a10c0624b6f169255a562f6374,FROZEN_V2_MANIFEST_EXPECTED_AND_ACTUAL,REUSABLE_V2_NON_HOLDOUT,FROZEN_V2_PROMPT_IMAGE_MAPPING_PASS,V3_PRONE_GROUND_LYING_POSITIVE,PASS_EXPLICIT_POSTURE_CUE,positive,PROMPT_DERIVED_SYNTHETIC_GT,FROZEN_GENERATION_PROMPT_AND_PLANNED_ROLE,false,positive,true,
V2_ORIGINAL::IMG_003901,V2_ORIGINAL_SYNTHETIC_500,220_n02-normal-walking-10,IMG_003901,pf_v2_aigc_n02-normal-walking,DEV,V3_DEV,negative,0,walking,/home/yanbo/下载/batches/batch_person-fallen-v2-camera1p5m/prompts/220_n02-normal-walking-10.txt,e8d2e3b85067d1fc3fabfb25b54392dd607c5d5e8c2eb4bed317b410c614a36d,e8d2e3b85067d1fc3fabfb25b54392dd607c5d5e8c2eb4bed317b410c614a36d,/home/yanbo/下载/batches/batch_person-fallen-v2-camera1p5m/final/220_n02-normal-walking-10.png,350be842f28a57c01d24f1ba08b664e57ee67df4d22eb4d566fb272af8819347,350be842f28a57c01d24f1ba08b664e57ee67df4d22eb4d566fb272af8819347,FROZEN_V2_MANIFEST_EXPECTED_AND_ACTUAL,REUSABLE_V2_NON_HOLDOUT,FROZEN_V2_PROMPT_IMAGE_MAPPING_PASS,V3_WALKING_NEGATIVE,PASS_EXPLICIT_NEGATIVE_CUE,negative,PROMPT_DERIVED_SYNTHETIC_GT,FROZEN_GENERATION_PROMPT_AND_PLANNED_ROLE,false,ordinary_negative,true,
V2_ORIGINAL::IMG_003902,V2_ORIGINAL_SYNTHETIC_500,221_n03-normal-seated-on-chair-stool-01,IMG_003902,pf_v2_aigc_n03-normal-seated-on-chair-stool,DEV,V3_DEV,negative,0,chair_sitting,/home/yanbo/下载/batches/batch_person-fallen-v2-camera1p5m/prompts/221_n03-normal-seated-on-chair-stool-01.txt,8c455f71a80cf12fd0de5d596b1c70e40e694d5e554a66cd1dead875225374e7,8c455f71a80cf12fd0de5d596b1c70e40e694d5e554a66cd1dead875225374e7,/home/yanbo/下载/batches/batch_person-fallen-v2-camera1p5m/final/221_n03-normal-seated-on-chair-stool-01.png,134dfe24ba4a545900acbfdb83b4a62b70449aaadd890b1c75651779c8f2e888,134dfe24ba4a545900acbfdb83b4a62b70449aaadd890b1c75651779c8f2e888,FROZEN_V2_MANIFEST_EXPECTED_AND_ACTUAL,REUSABLE_V2_NON_HOLDOUT,FROZEN_V2_PROMPT_IMAGE_MAPPING_PASS,V3_CHAIR_SITTING_NEGATIVE,PASS_EXPLICIT_NEGATIVE_CUE,negative,PROMPT_DERIVED_SYNTHETIC_GT,FROZEN_GENERATION_PROMPT_AND_PLANNED_ROLE,false,ordinary_negative,true,
V2_ORIGINAL::IMG_003903,V2_ORIGINAL_SYNTHETIC_500,222_n03-normal-seated-on-chair-stool-02,IMG_003903,pf_v2_aigc_n03-normal-seated-on-chair-stool,DEV,V3_DEV,negative,0,chair_sitting,/home/yanbo/下载/batches/batch_person-fallen-v2-camera1p5m/prompts/222_n03-normal-seated-on-chair-stool-02.txt,ba375bd3958e8d4bf4d0929d12c4f91185f6a183af61a7bf1477cddaa0b26050,ba375bd3958e8d4bf4d0929d12c4f91185f6a183af61a7bf1477cddaa0b26050,/home/yanbo/下载/batches/batch_person-fallen-v2-camera1p5m/final/222_n03-normal-seated-on-chair-stool-02.png,965a36ac17f63bff6182aea6c810412c18e5e0b5a8edd978ef54aa65f471699a,965a36ac17f63bff6182aea6c810412c18e5e0b5a8edd978ef54aa65f471699a,FROZEN_V2_MANIFEST_EXPECTED_AND_ACTUAL,REUSABLE_V2_NON_HOLDOUT,FROZEN_V2_PROMPT_IMAGE_MAPPING_PASS,V3_CHAIR_SITTING_NEGATIVE,PASS_EXPLICIT_NEGATIVE_CUE,negative,PROMPT_DERIVED_SYNTHETIC_GT,FROZEN_GENERATION_PROMPT_AND_PLANNED_ROLE,false,ordinary_negative,true,
V2_ORIGINAL::IMG_003904,V2_ORIGINAL_SYNTHETIC_500,223_n03-normal-seated-on-chair-stool-03,IMG_003904,pf_v2_aigc_n03-normal-seated-on-chair-stool,DEV,V3_DEV,negative,0,chair_sitting,/home/yanbo/下载/batches/batch_person-fallen-v2-camera1p5m/prompts/223_n03-normal-seated-on-chair-stool-03.txt,71d6de4c06e6a13739ec9b970f538e0cd7ddd2e374901484c075913de9b7d773,71d6de4c06e6a13739ec9b970f538e0cd7ddd2e374901484c075913de9b7d773,/home/yanbo/下载/batches/batch_person-fallen-v2-camera1p5m/final/223_n03-normal-seated-on-chair-stool-03.png,b0def42df09f987a7c46fd51ecb0ffb1a9d3017e809f2dcb08e60c5ec55a7c0f,b0def42df09f987a7c46fd51ecb0ffb1a9d3017e809f2dcb08e60c5ec55a7c0f,FROZEN_V2_MANIFEST_EXPECTED_AND_ACTUAL,REUSABLE_V2_NON_HOLDOUT,FROZEN_V2_PROMPT_IMAGE_MAPPING_PASS,V3_CHAIR_SITTING_NEGATIVE,PASS_EXPLICIT_NEGATIVE_CUE,negative,PROMPT_DERIVED_SYNTHETIC_GT,FROZEN_GENERATION_PROMPT_AND_PLANNED_ROLE,false,ordinary_negative,true,
V2_ORIGINAL::IMG_003905,V2_ORIGINAL_SYNTHETIC_500,224_n03-normal-seated-on-chair-stool-04,IMG_003905,pf_v2_aigc_n03-normal-seated-on-chair-stool,DEV,V3_DEV,negative,0,chair_sitting,/home/yanbo/下载/batches/batch_person-fallen-v2-camera1p5m/prompts/224_n03-normal-seated-on-chair-stool-04.txt,496de8c67df398458f21041c2e30820e49d74fbe6920d4599a0355862a8ba397,496de8c67df398458f21041c2e30820e49d74fbe6920d4599a0355862a8ba397,/home/yanbo/下载/batches/batch_person-fallen-v2-camera1p5m/final/224_n03-normal-seated-on-chair-stool-04.png,aca00613e4666301061ddffe9cd1b2f87f0ac0326ec85e74625925198bfd7117,aca00613e4666301061ddffe9cd1b2f87f0ac0326ec85e74625925198bfd7117,FROZEN_V2_MANIFEST_EXPECTED_AND_ACTUAL,REUSABLE_V2_NON_HOLDOUT,FROZEN_V2_PROMPT_IMAGE_MAPPING_PASS,V3_CHAIR_SITTING_NEGATIVE,PASS_EXPLICIT_NEGATIVE_CUE,negative,PROMPT_DERIVED_SYNTHETIC_GT,FROZEN_GENERATION_PROMPT_AND_PLANNED_ROLE,false,ordinary_negative,true,
V2_ORIGINAL::IMG_003906,V2_ORIGINAL_SYNTHETIC_500,225_n03-normal-seated-on-chair-stool-05,IMG_003906,pf_v2_aigc_n03-normal-seated-on-chair-stool,DEV,V3_DEV,negative,0,chair_sitting,/home/yanbo/下载/batches/batch_person-fallen-v2-camera1p5m/prompts/225_n03-normal-seated-on-chair-stool-05.txt,d055bccd317785ad330af8df1015bd87f501a8b3f097192cabeff69c684138c2,d055bccd317785ad330af8df1015bd87f501a8b3f097192cabeff69c684138c2,/home/yanbo/下载/batches/batch_person-fallen-v2-camera1p5m/final/225_n03-normal-seated-on-chair-stool-05.png,decbb91e43f7888ab015c46a93a6681e9ed58d0513898f92b2566cf9f62b736b,decbb91e43f7888ab015c46a93a6681e9ed58d0513898f92b2566cf9f62b736b,FROZEN_V2_MANIFEST_EXPECTED_AND_ACTUAL,REUSABLE_V2_NON_HOLDOUT,FROZEN_V2_PROMPT_IMAGE_MAPPING_PASS,V3_CHAIR_SITTING_NEGATIVE,PASS_EXPLICIT_NEGATIVE_CUE,negative,PROMPT_DERIVED_SYNTHETIC_GT,FROZEN_GENERATION_PROMPT_AND_PLANNED_ROLE,false,ordinary_negative,true,
V2_ORIGINAL::IMG_003907,V2_ORIGINAL_SYNTHETIC_500,226_n03-normal-seated-on-chair-stool-06,IMG_003907,pf_v2_aigc_n03-normal-seated-on-chair-stool,DEV,V3_DEV,negative,0,chair_sitting,/home/yanbo/下载/batches/batch_person-fallen-v2-camera1p5m/prompts/226_n03-normal-seated-on-chair-stool-06.txt,337669f29f73bfd7d06ff7ae77c4f74c69118636769718f8b4f214d3c3a24f8d,337669f29f73bfd7d06ff7ae77c4f74c69118636769718f8b4f214d3c3a24f8d,/home/yanbo/下载/batches/batch_person-fallen-v2-camera1p5m/final/226_n03-normal-seated-on-chair-stool-06.png,918bcd9792f6b32b77c3d03234683d235158ee718233c5e8848c6c07f9d3136f,918bcd9792f6b32b77c3d03234683d235158ee718233c5e8848c6c07f9d3136f,FROZEN_V2_MANIFEST_EXPECTED_AND_ACTUAL,REUSABLE_V2_NON_HOLDOUT,FROZEN_V2_PROMPT_IMAGE_MAPPING_PASS,V3_CHAIR_SITTING_NEGATIVE,PASS_EXPLICIT_NEGATIVE_CUE,negative,PROMPT_DERIVED_SYNTHETIC_GT,FROZEN_GENERATION_PROMPT_AND_PLANNED_ROLE,false,ordinary_negative,true,
V2_ORIGINAL::IMG_003908,V2_ORIGINAL_SYNTHETIC_500,227_n03-normal-seated-on-chair-stool-07,IMG_003908,pf_v2_aigc_n03-normal-seated-on-chair-stool,DEV,V3_DEV,negative,0,chair_sitting,/home/yanbo/下载/batches/batch_person-fallen-v2-camera1p5m/prompts/227_n03-normal-seated-on-chair-stool-07.txt,91c9cc1b98329b3209cfc932428fbaf2b5117481e11e53a6517387a9eee708c6,91c9cc1b98329b3209cfc932428fbaf2b5117481e11e53a6517387a9eee708c6,/home/yanbo/下载/batches/batch_person-fallen-v2-camera1p5m/final/227_n03-normal-seated-on-chair-stool-07.png,70840adc6065155f16f6ee3bea719f65bf73e3ef9ae255e1e6150dba45ac2f84,70840adc6065155f16f6ee3bea719f65bf73e3ef9ae255e1e6150dba45ac2f84,FROZEN_V2_MANIFEST_EXPECTED_AND_ACTUAL,REUSABLE_V2_NON_HOLDOUT,FROZEN_V2_PROMPT_IMAGE_MAPPING_PASS,V3_CHAIR_SITTING_NEGATIVE,PASS_EXPLICIT_NEGATIVE_CUE,negative,PROMPT_DERIVED_SYNTHETIC_GT,FROZEN_GENERATION_PROMPT_AND_PLANNED_ROLE,false,ordinary_negative,true,
V2_ORIGINAL::IMG_003909,V2_ORIGINAL_SYNTHETIC_500,228_n03-normal-seated-on-chair-stool-08,IMG_003909,pf_v2_aigc_n03-normal-seated-on-chair-stool,DEV,V3_DEV,negative,0,chair_sitting,/home/yanbo/下载/batches/batch_person-fallen-v2-camera1p5m/prompts/228_n03-normal-seated-on-chair-stool-08.txt,379d88d3ec8b72c9e47a528251b05e4985554bdf9136f53774915c45b6264c97,379d88d3ec8b72c9e47a528251b05e4985554bdf9136f53774915c45b6264c97,/home/yanbo/下载/batches/batch_person-fallen-v2-camera1p5m/final/228_n03-normal-seated-on-chair-stool-08.png,d54811000d65c588d8507882501b378d11f35a8e4bd81d24bdf06c37b63a7c9f,d54811000d65c588d8507882501b378d11f35a8e4bd81d24bdf06c37b63a7c9f,FROZEN_V2_MANIFEST_EXPECTED_AND_ACTUAL,REUSABLE_V2_NON_HOLDOUT,FROZEN_V2_PROMPT_IMAGE_MAPPING_PASS,V3_CHAIR_SITTING_NEGATIVE,PASS_EXPLICIT_NEGATIVE_CUE,negative,PROMPT_DERIVED_SYNTHETIC_GT,FROZEN_GENERATION_PROMPT_AND_PLANNED_ROLE,false,ordinary_negative,true,
V2_ORIGINAL::IMG_003910,V2_ORIGINAL_SYNTHETIC_500,229_n03-normal-seated-on-chair-stool-09,IMG_003910,pf_v2_aigc_n03-normal-seated-on-chair-stool,DEV,V3_DEV,negative,0,chair_sitting,/home/yanbo/下载/batches/batch_person-fallen-v2-camera1p5m/prompts/229_n03-normal-seated-on-chair-stool-09.txt,c0c5fa86fff65cbcc51d1fe3887efad5efc686190837c246fce0dfccb1fa2692,c0c5fa86fff65cbcc51d1fe3887efad5efc686190837c246fce0dfccb1fa2692,/home/yanbo/下载/batches/batch_person-fallen-v2-camera1p5m/final/229_n03-normal-seated-on-chair-stool-09.png,321f3a35a48e0a9f07f6f244168a419b8af6fa0e74498afebb4b61b11e640241,321f3a35a48e0a9f07f6f244168a419b8af6fa0e74498afebb4b61b11e640241,FROZEN_V2_MANIFEST_EXPECTED_AND_ACTUAL,REUSABLE_V2_NON_HOLDOUT,FROZEN_V2_PROMPT_IMAGE_MAPPING_PASS,V3_CHAIR_SITTING_NEGATIVE,PASS_EXPLICIT_NEGATIVE_CUE,negative,PROMPT_DERIVED_SYNTHETIC_GT,FROZEN_GENERATION_PROMPT_AND_PLANNED_ROLE,false,ordinary_negative,true,
V2_ORIGINAL::IMG_004003,V2_ORIGINAL_SYNTHETIC_500,22_p03-prone-on-floor-02,IMG_004003,pf_v2_aigc_p03-prone-on-floor,DEV,V3_DEV,positive,1,prone_ground_lying,/home/yanbo/下载/batches/batch_person-fallen-v2-camera1p5m/prompts/22_p03-prone-on-floor-02.txt,7098ca4f50f689b2580a8069b264bcfba3914acc2561e1b9c8e153b79051fa11,7098ca4f50f689b2580a8069b264bcfba3914acc2561e1b9c8e153b79051fa11,/home/yanbo/下载/batches/batch_person-fallen-v2-camera1p5m/final/22_p03-prone-on-floor-02.png,531968ccc4c4000ca558dc91f46f4aa132767e2df19281d2506c4cbbd62c3e0f,531968ccc4c4000ca558dc91f46f4aa132767e2df19281d2506c4cbbd62c3e0f,FROZEN_V2_MANIFEST_EXPECTED_AND_ACTUAL,REUSABLE_V2_NON_HOLDOUT,FROZEN_V2_PROMPT_IMAGE_MAPPING_PASS,V3_PRONE_GROUND_LYING_POSITIVE,PASS_EXPLICIT_POSTURE_CUE,positive,PROMPT_DERIVED_SYNTHETIC_GT,FROZEN_GENERATION_PROMPT_AND_PLANNED_ROLE,false,positive,true,
V2_ORIGINAL::IMG_003911,V2_ORIGINAL_SYNTHETIC_500,230_n03-normal-seated-on-chair-stool-10,IMG_003911,pf_v2_aigc_n03-normal-seated-on-chair-stool,DEV,V3_DEV,negative,0,chair_sitting,/home/yanbo/下载/batches/batch_person-fallen-v2-camera1p5m/prompts/230_n03-normal-seated-on-chair-stool-10.txt,35a1abdd1fbe6a19ae5d4fc5d051447f0b9b6334d3e4b573ddf4f33021ba397d,35a1abdd1fbe6a19ae5d4fc5d051447f0b9b6334d3e4b573ddf4f33021ba397d,/home/yanbo/下载/batches/batch_person-fallen-v2-camera1p5m/final/230_n03-normal-seated-on-chair-stool-10.png,d2415691cfd3ce59b490d558f1a3b1d4609756643ae69e8afac57b35b82a93d7,d2415691cfd3ce59b490d558f1a3b1d4609756643ae69e8afac57b35b82a93d7,FROZEN_V2_MANIFEST_EXPECTED_AND_ACTUAL,REUSABLE_V2_NON_HOLDOUT,FROZEN_V2_PROMPT_IMAGE_MAPPING_PASS,V3_CHAIR_SITTING_NEGATIVE,PASS_EXPLICIT_NEGATIVE_CUE,negative,PROMPT_DERIVED_SYNTHETIC_GT,FROZEN_GENERATION_PROMPT_AND_PLANNED_ROLE,false,ordinary_negative,true,
V2_ORIGINAL::IMG_003912,V2_ORIGINAL_SYNTHETIC_500,231_n04-normal-seated-on-chair-stool-01,IMG_003912,pf_v2_aigc_n04-normal-seated-on-chair-stool,DEV,V3_DEV,negative,0,chair_sitting,/home/yanbo/下载/batches/batch_person-fallen-v2-camera1p5m/prompts/231_n04-normal-seated-on-chair-stool-01.txt,0d3523ce9a9920ac2464de05fe4b0f61f52b2524ba08b23ae38d34eb2f982350,0d3523ce9a9920ac2464de05fe4b0f61f52b2524ba08b23ae38d34eb2f982350,/home/yanbo/下载/batches/batch_person-fallen-v2-camera1p5m/final/231_n04-normal-seated-on-chair-stool-01.png,9968329187d7c0273dcc1769c05d88e846009f0fd54a7d280664fca6706c0a46,9968329187d7c0273dcc1769c05d88e846009f0fd54a7d280664fca6706c0a46,FROZEN_V2_MANIFEST_EXPECTED_AND_ACTUAL,REUSABLE_V2_NON_HOLDOUT,FROZEN_V2_PROMPT_IMAGE_MAPPING_PASS,V3_CHAIR_SITTING_NEGATIVE,PASS_EXPLICIT_NEGATIVE_CUE,negative,PROMPT_DERIVED_SYNTHETIC_GT,FROZEN_GENERATION_PROMPT_AND_PLANNED_ROLE,false,ordinary_negative,true,
V2_ORIGINAL::IMG_003913,V2_ORIGINAL_SYNTHETIC_500,232_n04-normal-seated-on-chair-stool-02,IMG_003913,pf_v2_aigc_n04-normal-seated-on-chair-stool,DEV,V3_DEV,negative,0,chair_sitting,/home/yanbo/下载/batches/batch_person-fallen-v2-camera1p5m/prompts/232_n04-normal-seated-on-chair-stool-02.txt,205d7bf38f6c97a6cd156c872d718d410a87357a858491d03bb1c572776c2de0,205d7bf38f6c97a6cd156c872d718d410a87357a858491d03bb1c572776c2de0,/home/yanbo/下载/batches/batch_person-fallen-v2-camera1p5m/final/232_n04-normal-seated-on-chair-stool-02.png,21558e45c831388c100ae3529b6804577a40ca367bb9f836b04e4c3520c2df66,21558e45c831388c100ae3529b6804577a40ca367bb9f836b04e4c3520c2df66,FROZEN_V2_MANIFEST_EXPECTED_AND_ACTUAL,REUSABLE_V2_NON_HOLDOUT,FROZEN_V2_PROMPT_IMAGE_MAPPING_PASS,V3_CHAIR_SITTING_NEGATIVE,PASS_EXPLICIT_NEGATIVE_CUE,negative,PROMPT_DERIVED_SYNTHETIC_GT,FROZEN_GENERATION_PROMPT_AND_PLANNED_ROLE,false,ordinary_negative,true,
V2_ORIGINAL::IMG_003914,V2_ORIGINAL_SYNTHETIC_500,233_n04-normal-seated-on-chair-stool-03,IMG_003914,pf_v2_aigc_n04-normal-seated-on-chair-stool,DEV,V3_DEV,negative,0,chair_sitting,/home/yanbo/下载/batches/batch_person-fallen-v2-camera1p5m/prompts/233_n04-normal-seated-on-chair-stool-03.txt,b6d0bf027cdae738f5487705bedb0eba268f423672c3e0e77385b528eedc141a,b6d0bf027cdae738f5487705bedb0eba268f423672c3e0e77385b528eedc141a,/home/yanbo/下载/batches/batch_person-fallen-v2-camera1p5m/final/233_n04-normal-seated-on-chair-stool-03.png,8bdf1601258e589a61a1ddaabcf4d9f5d44b83c59f28ad97f6030858e1d7ff54,8bdf1601258e589a61a1ddaabcf4d9f5d44b83c59f28ad97f6030858e1d7ff54,FROZEN_V2_MANIFEST_EXPECTED_AND_ACTUAL,REUSABLE_V2_NON_HOLDOUT,FROZEN_V2_PROMPT_IMAGE_MAPPING_PASS,V3_CHAIR_SITTING_NEGATIVE,PASS_EXPLICIT_NEGATIVE_CUE,negative,PROMPT_DERIVED_SYNTHETIC_GT,FROZEN_GENERATION_PROMPT_AND_PLANNED_ROLE,false,ordinary_negative,true,
V2_ORIGINAL::IMG_003915,V2_ORIGINAL_SYNTHETIC_500,234_n04-normal-seated-on-chair-stool-04,IMG_003915,pf_v2_aigc_n04-normal-seated-on-chair-stool,DEV,V3_DEV,negative,0,chair_sitting,/home/yanbo/下载/batches/batch_person-fallen-v2-camera1p5m/prompts/234_n04-normal-seated-on-chair-stool-04.txt,ec44b8e1b7eedd8b615b28ab1abccd25a2b18841437b363a400c70cf9de12694,ec44b8e1b7eedd8b615b28ab1abccd25a2b18841437b363a400c70cf9de12694,/home/yanbo/下载/batches/batch_person-fallen-v2-camera1p5m/final/234_n04-normal-seated-on-chair-stool-04.png,181b3cafa82863a1ca5bb12aea16b6dacf16f78f5f346890cc2575880695f72a,181b3cafa82863a1ca5bb12aea16b6dacf16f78f5f346890cc2575880695f72a,FROZEN_V2_MANIFEST_EXPECTED_AND_ACTUAL,REUSABLE_V2_NON_HOLDOUT,FROZEN_V2_PROMPT_IMAGE_MAPPING_PASS,V3_CHAIR_SITTING_NEGATIVE,PASS_EXPLICIT_NEGATIVE_CUE,negative,PROMPT_DERIVED_SYNTHETIC_GT,FROZEN_GENERATION_PROMPT_AND_PLANNED_ROLE,false,ordinary_negative,true,
V2_ORIGINAL::IMG_003916,V2_ORIGINAL_SYNTHETIC_500,235_n04-normal-seated-on-chair-stool-05,IMG_003916,pf_v2_aigc_n04-normal-seated-on-chair-stool,DEV,V3_DEV,negative,0,chair_sitting,/home/yanbo/下载/batches/batch_person-fallen-v2-camera1p5m/prompts/235_n04-normal-seated-on-chair-stool-05.txt,26d5c9f3c3f1aadbf6c0b903f0d2142c024f53b3a1387790d876ab37b27f3d39,26d5c9f3c3f1aadbf6c0b903f0d2142c024f53b3a1387790d876ab37b27f3d39,/home/yanbo/下载/batches/batch_person-fallen-v2-camera1p5m/final/235_n04-normal-seated-on-chair-stool-05.png,1702a8a274a13fb451ca23ccafdc997a8830cc7adda330b5df0b90ab6aedef73,1702a8a274a13fb451ca23ccafdc997a8830cc7adda330b5df0b90ab6aedef73,FROZEN_V2_MANIFEST_EXPECTED_AND_ACTUAL,REUSABLE_V2_NON_HOLDOUT,FROZEN_V2_PROMPT_IMAGE_MAPPING_PASS,V3_CHAIR_SITTING_NEGATIVE,PASS_EXPLICIT_NEGATIVE_CUE,negative,PROMPT_DERIVED_SYNTHETIC_GT,FROZEN_GENERATION_PROMPT_AND_PLANNED_ROLE,false,ordinary_negative,true,
V2_ORIGINAL::IMG_003917,V2_ORIGINAL_SYNTHETIC_500,236_n04-normal-seated-on-chair-stool-06,IMG_003917,pf_v2_aigc_n04-normal-seated-on-chair-stool,DEV,V3_DEV,negative,0,chair_sitting,/home/yanbo/下载/batches/batch_person-fallen-v2-camera1p5m/prompts/236_n04-normal-seated-on-chair-stool-06.txt,fecf18af77223af1200e22119678a3c17964bd77e1aa90f0fda78beb04fb19e0,fecf18af77223af1200e22119678a3c17964bd77e1aa90f0fda78beb04fb19e0,/home/yanbo/下载/batches/batch_person-fallen-v2-camera1p5m/final/236_n04-normal-seated-on-chair-stool-06.png,ef1b9e81ee1523dbbb21b07d027980742531a74f55e456b369a433de82844d0c,ef1b9e81ee1523dbbb21b07d027980742531a74f55e456b369a433de82844d0c,FROZEN_V2_MANIFEST_EXPECTED_AND_ACTUAL,REUSABLE_V2_NON_HOLDOUT,FROZEN_V2_PROMPT_IMAGE_MAPPING_PASS,V3_CHAIR_SITTING_NEGATIVE,PASS_EXPLICIT_NEGATIVE_CUE,negative,PROMPT_DERIVED_SYNTHETIC_GT,FROZEN_GENERATION_PROMPT_AND_PLANNED_ROLE,false,ordinary_negative,true,
V2_ORIGINAL::IMG_003918,V2_ORIGINAL_SYNTHETIC_500,237_n04-normal-seated-on-chair-stool-07,IMG_003918,pf_v2_aigc_n04-normal-seated-on-chair-stool,DEV,V3_DEV,negative,0,chair_sitting,/home/yanbo/下载/batches/batch_person-fallen-v2-camera1p5m/prompts/237_n04-normal-seated-on-chair-stool-07.txt,74ef9ec0fc3498a456b190520549b31c3a3f230a462501da75bf47ba07c6af66,74ef9ec0fc3498a456b190520549b31c3a3f230a462501da75bf47ba07c6af66,/home/yanbo/下载/batches/batch_person-fallen-v2-camera1p5m/final/237_n04-normal-seated-on-chair-stool-07.png,9cbe78bbf831d21c6e1c849718050658b28230501cc176dd49023302702e5d89,9cbe78bbf831d21c6e1c849718050658b28230501cc176dd49023302702e5d89,FROZEN_V2_MANIFEST_EXPECTED_AND_ACTUAL,REUSABLE_V2_NON_HOLDOUT,FROZEN_V2_PROMPT_IMAGE_MAPPING_PASS,V3_CHAIR_SITTING_NEGATIVE,PASS_EXPLICIT_NEGATIVE_CUE,negative,PROMPT_DERIVED_SYNTHETIC_GT,FROZEN_GENERATION_PROMPT_AND_PLANNED_ROLE,false,ordinary_negative,true,
V2_ORIGINAL::IMG_003919,V2_ORIGINAL_SYNTHETIC_500,238_n04-normal-seated-on-chair-stool-08,IMG_003919,pf_v2_aigc_n04-normal-seated-on-chair-stool,DEV,V3_DEV,negative,0,chair_sitting,/home/yanbo/下载/batches/batch_person-fallen-v2-camera1p5m/prompts/238_n04-normal-seated-on-chair-stool-08.txt,3f726dd26e560c04b41c152d0921586feb8dc5a3b3d46a03d909844f68335795,3f726dd26e560c04b41c152d0921586feb8dc5a3b3d46a03d909844f68335795,/home/yanbo/下载/batches/batch_person-fallen-v2-camera1p5m/final/238_n04-normal-seated-on-chair-stool-08.png,95d750ee89b98302502ce9d5dd13c9cfd0bb861ce62ff17fb6bb95ba2852da1f,95d750ee89b98302502ce9d5dd13c9cfd0bb861ce62ff17fb6bb95ba2852da1f,FROZEN_V2_MANIFEST_EXPECTED_AND_ACTUAL,REUSABLE_V2_NON_HOLDOUT,FROZEN_V2_PROMPT_IMAGE_MAPPING_PASS,V3_CHAIR_SITTING_NEGATIVE,PASS_EXPLICIT_NEGATIVE_CUE,negative,PROMPT_DERIVED_SYNTHETIC_GT,FROZEN_GENERATION_PROMPT_AND_PLANNED_ROLE,false,ordinary_negative,true,
V2_ORIGINAL::IMG_003920,V2_ORIGINAL_SYNTHETIC_500,239_n04-normal-seated-on-chair-stool-09,IMG_003920,pf_v2_aigc_n04-normal-seated-on-chair-stool,DEV,V3_DEV,negative,0,chair_sitting,/home/yanbo/下载/batches/batch_person-fallen-v2-camera1p5m/prompts/239_n04-normal-seated-on-chair-stool-09.txt,93c1bd64d47cdf676c8b16717f7858078ad6f0f67c39e59a7416074aa9522218,93c1bd64d47cdf676c8b16717f7858078ad6f0f67c39e59a7416074aa9522218,/home/yanbo/下载/batches/batch_person-fallen-v2-camera1p5m/final/239_n04-normal-seated-on-chair-stool-09.png,1d98c7785efcb98a45f71e366224ff1f43a9e4607bd7f11ac5a840e3fedbe349,1d98c7785efcb98a45f71e366224ff1f43a9e4607bd7f11ac5a840e3fedbe349,FROZEN_V2_MANIFEST_EXPECTED_AND_ACTUAL,REUSABLE_V2_NON_HOLDOUT,FROZEN_V2_PROMPT_IMAGE_MAPPING_PASS,V3_CHAIR_SITTING_NEGATIVE,PASS_EXPLICIT_NEGATIVE_CUE,negative,PROMPT_DERIVED_SYNTHETIC_GT,FROZEN_GENERATION_PROMPT_AND_PLANNED_ROLE,false,ordinary_negative,true,
V2_ORIGINAL::IMG_004004,V2_ORIGINAL_SYNTHETIC_500,23_p03-prone-on-floor-03,IMG_004004,pf_v2_aigc_p03-prone-on-floor,DEV,V3_DEV,positive,1,prone_ground_lying,/home/yanbo/下载/batches/batch_person-fallen-v2-camera1p5m/prompts/23_p03-prone-on-floor-03.txt,bd4f337f850716d078e3d01b294614bc3c6c2e7eb5545614afd186284287f0ae,bd4f337f850716d078e3d01b294614bc3c6c2e7eb5545614afd186284287f0ae,/home/yanbo/下载/batches/batch_person-fallen-v2-camera1p5m/final/23_p03-prone-on-floor-03.png,86547becdc828b66ad9504dc73a3f4554738ec7030b623ec6830ae18fb351a4a,86547becdc828b66ad9504dc73a3f4554738ec7030b623ec6830ae18fb351a4a,FROZEN_V2_MANIFEST_EXPECTED_AND_ACTUAL,REUSABLE_V2_NON_HOLDOUT,FROZEN_V2_PROMPT_IMAGE_MAPPING_PASS,V3_PRONE_GROUND_LYING_POSITIVE,PASS_EXPLICIT_POSTURE_CUE,positive,PROMPT_DERIVED_SYNTHETIC_GT,FROZEN_GENERATION_PROMPT_AND_PLANNED_ROLE,false,positive,true,
V2_ORIGINAL::IMG_003921,V2_ORIGINAL_SYNTHETIC_500,240_n04-normal-seated-on-chair-stool-10,IMG_003921,pf_v2_aigc_n04-normal-seated-on-chair-stool,DEV,V3_DEV,negative,0,chair_sitting,/home/yanbo/下载/batches/batch_person-fallen-v2-camera1p5m/prompts/240_n04-normal-seated-on-chair-stool-10.txt,a2ba46f0708c6396845714a59eb9882ff75f19a1975fb0fcdf9bc7e1b370da2c,a2ba46f0708c6396845714a59eb9882ff75f19a1975fb0fcdf9bc7e1b370da2c,/home/yanbo/下载/batches/batch_person-fallen-v2-camera1p5m/final/240_n04-normal-seated-on-chair-stool-10.png,970f4760193d0f57e0b8a9307c58746c25e11ef6272e39ffb938b3e6b0100fc4,970f4760193d0f57e0b8a9307c58746c25e11ef6272e39ffb938b3e6b0100fc4,FROZEN_V2_MANIFEST_EXPECTED_AND_ACTUAL,REUSABLE_V2_NON_HOLDOUT,FROZEN_V2_PROMPT_IMAGE_MAPPING_PASS,V3_CHAIR_SITTING_NEGATIVE,PASS_EXPLICIT_NEGATIVE_CUE,negative,PROMPT_DERIVED_SYNTHETIC_GT,FROZEN_GENERATION_PROMPT_AND_PLANNED_ROLE,false,ordinary_negative,true,
V2_ORIGINAL::IMG_003922,V2_ORIGINAL_SYNTHETIC_500,241_n05-normal-work-activity-01,IMG_003922,pf_v2_aigc_n05-normal-work-activity,DEV,V3_DEV,negative,0,ordinary_work,/home/yanbo/下载/batches/batch_person-fallen-v2-camera1p5m/prompts/241_n05-normal-work-activity-01.txt,782371f9eea254a38a0d228ecde98f7ea797e0b116bd57f484a3169e474e61bb,782371f9eea254a38a0d228ecde98f7ea797e0b116bd57f484a3169e474e61bb,/home/yanbo/下载/batches/batch_person-fallen-v2-camera1p5m/final/241_n05-normal-work-activity-01.png,9f097226ab0671e7a218fd1c82a58aebe647087f9a516133b29a28046bfc2abc,9f097226ab0671e7a218fd1c82a58aebe647087f9a516133b29a28046bfc2abc,FROZEN_V2_MANIFEST_EXPECTED_AND_ACTUAL,REUSABLE_V2_NON_HOLDOUT,FROZEN_V2_PROMPT_IMAGE_MAPPING_PASS,V3_ORDINARY_WORK_NEGATIVE,PASS_EXPLICIT_NEGATIVE_CUE,negative,PROMPT_DERIVED_SYNTHETIC_GT,FROZEN_GENERATION_PROMPT_AND_PLANNED_ROLE,false,ordinary_negative,true,
V2_ORIGINAL::IMG_003923,V2_ORIGINAL_SYNTHETIC_500,242_n05-normal-work-activity-02,IMG_003923,pf_v2_aigc_n05-normal-work-activity,DEV,V3_DEV,negative,0,ordinary_work,/home/yanbo/下载/batches/batch_person-fallen-v2-camera1p5m/prompts/242_n05-normal-work-activity-02.txt,1223027963dcec91453c066909d231a5d67c08c114be67664889d5ea9236b930,1223027963dcec91453c066909d231a5d67c08c114be67664889d5ea9236b930,/home/yanbo/下载/batches/batch_person-fallen-v2-camera1p5m/final/242_n05-normal-work-activity-02.png,61f62d3713f09e213c5c6907ba0a919c642e6906a6f69bf8da0bb3a5166322fb,61f62d3713f09e213c5c6907ba0a919c642e6906a6f69bf8da0bb3a5166322fb,FROZEN_V2_MANIFEST_EXPECTED_AND_ACTUAL,REUSABLE_V2_NON_HOLDOUT,FROZEN_V2_PROMPT_IMAGE_MAPPING_PASS,V3_ORDINARY_WORK_NEGATIVE,PASS_EXPLICIT_NEGATIVE_CUE,negative,PROMPT_DERIVED_SYNTHETIC_GT,FROZEN_GENERATION_PROMPT_AND_PLANNED_ROLE,false,ordinary_negative,true,
V2_ORIGINAL::IMG_003924,V2_ORIGINAL_SYNTHETIC_500,243_n05-normal-work-activity-03,IMG_003924,pf_v2_aigc_n05-normal-work-activity,DEV,V3_DEV,negative,0,ordinary_work,/home/yanbo/下载/batches/batch_person-fallen-v2-camera1p5m/prompts/243_n05-normal-work-activity-03.txt,6a1a516d461bd819171c83d08a23d405a34775e6ad84a2857c6af77994c29f5f,6a1a516d461bd819171c83d08a23d405a34775e6ad84a2857c6af77994c29f5f,/home/yanbo/下载/batches/batch_person-fallen-v2-camera1p5m/final/243_n05-normal-work-activity-03.png,8365c94dd5b4f02db8356dede98e882f3d6565b8fda4260e81a214c9e1c314b3,8365c94dd5b4f02db8356dede98e882f3d6565b8fda4260e81a214c9e1c314b3,FROZEN_V2_MANIFEST_EXPECTED_AND_ACTUAL,REUSABLE_V2_NON_HOLDOUT,FROZEN_V2_PROMPT_IMAGE_MAPPING_PASS,V3_ORDINARY_WORK_NEGATIVE,PASS_EXPLICIT_NEGATIVE_CUE,negative,PROMPT_DERIVED_SYNTHETIC_GT,FROZEN_GENERATION_PROMPT_AND_PLANNED_ROLE,false,ordinary_negative,true,
V2_ORIGINAL::IMG_003925,V2_ORIGINAL_SYNTHETIC_500,244_n05-normal-work-activity-04,IMG_003925,pf_v2_aigc_n05-normal-work-activity,DEV,V3_DEV,negative,0,ordinary_work,/home/yanbo/下载/batches/batch_person-fallen-v2-camera1p5m/prompts/244_n05-normal-work-activity-04.txt,9de6fd3ae9405d1ee1ff9118ef262164cf6c3bc5da0229a2da7eed0aa51ea73f,9de6fd3ae9405d1ee1ff9118ef262164cf6c3bc5da0229a2da7eed0aa51ea73f,/home/yanbo/下载/batches/batch_person-fallen-v2-camera1p5m/final/244_n05-normal-work-activity-04.png,94101fe845662bffc2c777c22fbd05325f40c7430b920dcefbfe616b2d8f8bbb,94101fe845662bffc2c777c22fbd05325f40c7430b920dcefbfe616b2d8f8bbb,FROZEN_V2_MANIFEST_EXPECTED_AND_ACTUAL,REUSABLE_V2_NON_HOLDOUT,FROZEN_V2_PROMPT_IMAGE_MAPPING_PASS,V3_ORDINARY_WORK_NEGATIVE,PASS_EXPLICIT_NEGATIVE_CUE,negative,PROMPT_DERIVED_SYNTHETIC_GT,FROZEN_GENERATION_PROMPT_AND_PLANNED_ROLE,false,ordinary_negative,true,
V2_ORIGINAL::IMG_003926,V2_ORIGINAL_SYNTHETIC_500,245_n05-normal-work-activity-05,IMG_003926,pf_v2_aigc_n05-normal-work-activity,DEV,V3_DEV,negative,0,ordinary_work,/home/yanbo/下载/batches/batch_person-fallen-v2-camera1p5m/prompts/245_n05-normal-work-activity-05.txt,3fee008435ef3dcfc1e9c7d112df238236544f398f613cd5b6ead6e2e19b68b2,3fee008435ef3dcfc1e9c7d112df238236544f398f613cd5b6ead6e2e19b68b2,/home/yanbo/下载/batches/batch_person-fallen-v2-camera1p5m/final/245_n05-normal-work-activity-05.png,d9d6cd153d044702ab5b5c7c742b8b9f0bfe1e6fbcc1876b64efb6da24f28b90,d9d6cd153d044702ab5b5c7c742b8b9f0bfe1e6fbcc1876b64efb6da24f28b90,FROZEN_V2_MANIFEST_EXPECTED_AND_ACTUAL,REUSABLE_V2_NON_HOLDOUT,FROZEN_V2_PROMPT_IMAGE_MAPPING_PASS,V3_ORDINARY_WORK_NEGATIVE,PASS_EXPLICIT_NEGATIVE_CUE,negative,PROMPT_DERIVED_SYNTHETIC_GT,FROZEN_GENERATION_PROMPT_AND_PLANNED_ROLE,false,ordinary_negative,true,
V2_ORIGINAL::IMG_003927,V2_ORIGINAL_SYNTHETIC_500,246_n05-normal-work-activity-06,IMG_003927,pf_v2_aigc_n05-normal-work-activity,DEV,V3_DEV,negative,0,ordinary_work,/home/yanbo/下载/batches/batch_person-fallen-v2-camera1p5m/prompts/246_n05-normal-work-activity-06.txt,a54736a0dde05951050b1c2a99201e9980838c6e667a81dd4dfbb87da5c06e89,a54736a0dde05951050b1c2a99201e9980838c6e667a81dd4dfbb87da5c06e89,/home/yanbo/下载/batches/batch_person-fallen-v2-camera1p5m/final/246_n05-normal-work-activity-06.png,7f8500c8ea49da59bce9fd30b27e3b866415ba174fea8fd967d9cf75d7b91772,7f8500c8ea49da59bce9fd30b27e3b866415ba174fea8fd967d9cf75d7b91772,FROZEN_V2_MANIFEST_EXPECTED_AND_ACTUAL,REUSABLE_V2_NON_HOLDOUT,FROZEN_V2_PROMPT_IMAGE_MAPPING_PASS,V3_ORDINARY_WORK_NEGATIVE,PASS_EXPLICIT_NEGATIVE_CUE,negative,PROMPT_DERIVED_SYNTHETIC_GT,FROZEN_GENERATION_PROMPT_AND_PLANNED_ROLE,false,ordinary_negative,true,
V2_ORIGINAL::IMG_003928,V2_ORIGINAL_SYNTHETIC_500,247_n05-normal-work-activity-07,IMG_003928,pf_v2_aigc_n05-normal-work-activity,DEV,V3_DEV,negative,0,ordinary_work,/home/yanbo/下载/batches/batch_person-fallen-v2-camera1p5m/prompts/247_n05-normal-work-activity-07.txt,3ce535893460574adf113df893e15e4b8462888cb05d689cbeb1a18e2ebd44c2,3ce535893460574adf113df893e15e4b8462888cb05d689cbeb1a18e2ebd44c2,/home/yanbo/下载/batches/batch_person-fallen-v2-camera1p5m/final/247_n05-normal-work-activity-07.png,95620c5fac3a9c5da240bf74298f8edcb95bdd361a43e836056f69e8d81ad366,95620c5fac3a9c5da240bf74298f8edcb95bdd361a43e836056f69e8d81ad366,FROZEN_V2_MANIFEST_EXPECTED_AND_ACTUAL,REUSABLE_V2_NON_HOLDOUT,FROZEN_V2_PROMPT_IMAGE_MAPPING_PASS,V3_ORDINARY_WORK_NEGATIVE,PASS_EXPLICIT_NEGATIVE_CUE,negative,PROMPT_DERIVED_SYNTHETIC_GT,FROZEN_GENERATION_PROMPT_AND_PLANNED_ROLE,false,ordinary_negative,true,
V2_ORIGINAL::IMG_003929,V2_ORIGINAL_SYNTHETIC_500,248_n05-normal-work-activity-08,IMG_003929,pf_v2_aigc_n05-normal-work-activity,DEV,V3_DEV,negative,0,ordinary_work,/home/yanbo/下载/batches/batch_person-fallen-v2-camera1p5m/prompts/248_n05-normal-work-activity-08.txt,f02f7b36429c642e04f92c7e1d49542a858052a2f1e37d66d9f80f2d82610fca,f02f7b36429c642e04f92c7e1d49542a858052a2f1e37d66d9f80f2d82610fca,/home/yanbo/下载/batches/batch_person-fallen-v2-camera1p5m/final/248_n05-normal-work-activity-08.png,8a82f11e4ece013b8e4753087d1d7fb186f0f67158d1f4e39aa438f5308286fa,8a82f11e4ece013b8e4753087d1d7fb186f0f67158d1f4e39aa438f5308286fa,FROZEN_V2_MANIFEST_EXPECTED_AND_ACTUAL,REUSABLE_V2_NON_HOLDOUT,FROZEN_V2_PROMPT_IMAGE_MAPPING_PASS,V3_ORDINARY_WORK_NEGATIVE,PASS_EXPLICIT_NEGATIVE_CUE,negative,PROMPT_DERIVED_SYNTHETIC_GT,FROZEN_GENERATION_PROMPT_AND_PLANNED_ROLE,false,ordinary_negative,true,
V2_ORIGINAL::IMG_003930,V2_ORIGINAL_SYNTHETIC_500,249_n05-normal-work-activity-09,IMG_003930,pf_v2_aigc_n05-normal-work-activity,DEV,V3_DEV,negative,0,ordinary_work,/home/yanbo/下载/batches/batch_person-fallen-v2-camera1p5m/prompts/249_n05-normal-work-activity-09.txt,867299d9e31078fae5d85a41e150e9654fb86cda45c15c82ec00b1f7968f9d40,867299d9e31078fae5d85a41e150e9654fb86cda45c15c82ec00b1f7968f9d40,/home/yanbo/下载/batches/batch_person-fallen-v2-camera1p5m/final/249_n05-normal-work-activity-09.png,f7ba24ba75b052e04cf3929eaeb01599b85303454742cecd2d9ad35189a11a83,f7ba24ba75b052e04cf3929eaeb01599b85303454742cecd2d9ad35189a11a83,FROZEN_V2_MANIFEST_EXPECTED_AND_ACTUAL,REUSABLE_V2_NON_HOLDOUT,FROZEN_V2_PROMPT_IMAGE_MAPPING_PASS,V3_ORDINARY_WORK_NEGATIVE,PASS_EXPLICIT_NEGATIVE_CUE,negative,PROMPT_DERIVED_SYNTHETIC_GT,FROZEN_GENERATION_PROMPT_AND_PLANNED_ROLE,false,ordinary_negative,true,
V2_ORIGINAL::IMG_004005,V2_ORIGINAL_SYNTHETIC_500,24_p03-prone-on-floor-04,IMG_004005,pf_v2_aigc_p03-prone-on-floor,DEV,V3_DEV,positive,1,prone_ground_lying,/home/yanbo/下载/batches/batch_person-fallen-v2-camera1p5m/prompts/24_p03-prone-on-floor-04.txt,3afeb315e26aa99f8b576fbaa0b83144c2e824be6a7fe87f3ae78400587328bd,3afeb315e26aa99f8b576fbaa0b83144c2e824be6a7fe87f3ae78400587328bd,/home/yanbo/下载/batches/batch_person-fallen-v2-camera1p5m/final/24_p03-prone-on-floor-04.png,fc2bc25c7a7c65641f3f35cd41cab981571e82d00231d5cb3f676954c03684f1,fc2bc25c7a7c65641f3f35cd41cab981571e82d00231d5cb3f676954c03684f1,FROZEN_V2_MANIFEST_EXPECTED_AND_ACTUAL,REUSABLE_V2_NON_HOLDOUT,FROZEN_V2_PROMPT_IMAGE_MAPPING_PASS,V3_PRONE_GROUND_LYING_POSITIVE,PASS_EXPLICIT_POSTURE_CUE,positive,PROMPT_DERIVED_SYNTHETIC_GT,FROZEN_GENERATION_PROMPT_AND_PLANNED_ROLE,false,positive,true,
V2_ORIGINAL::IMG_003931,V2_ORIGINAL_SYNTHETIC_500,250_n05-normal-work-activity-10,IMG_003931,pf_v2_aigc_n05-normal-work-activity,DEV,V3_DEV,negative,0,ordinary_work,/home/yanbo/下载/batches/batch_person-fallen-v2-camera1p5m/prompts/250_n05-normal-work-activity-10.txt,4fbc8172496307bb83482d9f0d6e299c2f5c4d252104cb347f1a3830ecd8240d,4fbc8172496307bb83482d9f0d6e299c2f5c4d252104cb347f1a3830ecd8240d,/home/yanbo/下载/batches/batch_person-fallen-v2-camera1p5m/final/250_n05-normal-work-activity-10.png,0b26abc51c7b63fab900a8c777f2c37a368a32a632a96741f4b20d82482e6d7c,0b26abc51c7b63fab900a8c777f2c37a368a32a632a96741f4b20d82482e6d7c,FROZEN_V2_MANIFEST_EXPECTED_AND_ACTUAL,REUSABLE_V2_NON_HOLDOUT,FROZEN_V2_PROMPT_IMAGE_MAPPING_PASS,V3_ORDINARY_WORK_NEGATIVE,PASS_EXPLICIT_NEGATIVE_CUE,negative,PROMPT_DERIVED_SYNTHETIC_GT,FROZEN_GENERATION_PROMPT_AND_PLANNED_ROLE,false,ordinary_negative,true,
V2_ORIGINAL::IMG_003932,V2_ORIGINAL_SYNTHETIC_500,251_n06-normal-work-activity-01,IMG_003932,pf_v2_aigc_n06-normal-work-activity,DEV,V3_DEV,negative,0,ordinary_work,/home/yanbo/下载/batches/batch_person-fallen-v2-camera1p5m/prompts/251_n06-normal-work-activity-01.txt,680160337e9b5ea4846a15bd06a871986544eb2ed0ed413d3d59332e6e167e56,680160337e9b5ea4846a15bd06a871986544eb2ed0ed413d3d59332e6e167e56,/home/yanbo/下载/batches/batch_person-fallen-v2-camera1p5m/final/251_n06-normal-work-activity-01.png,0d5585e07f3b9fedc834975e2be54f134752f0ccb301ee4e02cd2c06106f94c8,0d5585e07f3b9fedc834975e2be54f134752f0ccb301ee4e02cd2c06106f94c8,FROZEN_V2_MANIFEST_EXPECTED_AND_ACTUAL,REUSABLE_V2_NON_HOLDOUT,FROZEN_V2_PROMPT_IMAGE_MAPPING_PASS,V3_ORDINARY_WORK_NEGATIVE,PASS_EXPLICIT_NEGATIVE_CUE,negative,PROMPT_DERIVED_SYNTHETIC_GT,FROZEN_GENERATION_PROMPT_AND_PLANNED_ROLE,false,ordinary_negative,true,
V2_ORIGINAL::IMG_003933,V2_ORIGINAL_SYNTHETIC_500,252_n06-normal-work-activity-02,IMG_003933,pf_v2_aigc_n06-normal-work-activity,DEV,V3_DEV,negative,0,ordinary_work,/home/yanbo/下载/batches/batch_person-fallen-v2-camera1p5m/prompts/252_n06-normal-work-activity-02.txt,f4222a559b12ec4899d9bf04bffbb33e8c6098837bc0b294305d75ae27c7671f,f4222a559b12ec4899d9bf04bffbb33e8c6098837bc0b294305d75ae27c7671f,/home/yanbo/下载/batches/batch_person-fallen-v2-camera1p5m/final/252_n06-normal-work-activity-02.png,c8a9bc514c15da3f2da23703dc11bb453d11c54b1bebcec486122e3fb87d5379,c8a9bc514c15da3f2da23703dc11bb453d11c54b1bebcec486122e3fb87d5379,FROZEN_V2_MANIFEST_EXPECTED_AND_ACTUAL,REUSABLE_V2_NON_HOLDOUT,FROZEN_V2_PROMPT_IMAGE_MAPPING_PASS,V3_ORDINARY_WORK_NEGATIVE,PASS_EXPLICIT_NEGATIVE_CUE,negative,PROMPT_DERIVED_SYNTHETIC_GT,FROZEN_GENERATION_PROMPT_AND_PLANNED_ROLE,false,ordinary_negative,true,
V2_ORIGINAL::IMG_003934,V2_ORIGINAL_SYNTHETIC_500,253_n06-normal-work-activity-03,IMG_003934,pf_v2_aigc_n06-normal-work-activity,DEV,V3_DEV,negative,0,ordinary_work,/home/yanbo/下载/batches/batch_person-fallen-v2-camera1p5m/prompts/253_n06-normal-work-activity-03.txt,8b1b35f6935aa3ad48cea5d793475adcb8e5d90cc14f4231979bb17b773bbb14,8b1b35f6935aa3ad48cea5d793475adcb8e5d90cc14f4231979bb17b773bbb14,/home/yanbo/下载/batches/batch_person-fallen-v2-camera1p5m/final/253_n06-normal-work-activity-03.png,8c72d44ee172f2ae89a43f5c104baaa598077ae72eecae1fac52666811ee2c15,8c72d44ee172f2ae89a43f5c104baaa598077ae72eecae1fac52666811ee2c15,FROZEN_V2_MANIFEST_EXPECTED_AND_ACTUAL,REUSABLE_V2_NON_HOLDOUT,FROZEN_V2_PROMPT_IMAGE_MAPPING_PASS,V3_ORDINARY_WORK_NEGATIVE,PASS_EXPLICIT_NEGATIVE_CUE,negative,PROMPT_DERIVED_SYNTHETIC_GT,FROZEN_GENERATION_PROMPT_AND_PLANNED_ROLE,false,ordinary_negative,true,
V2_ORIGINAL::IMG_003935,V2_ORIGINAL_SYNTHETIC_500,254_n06-normal-work-activity-04,IMG_003935,pf_v2_aigc_n06-normal-work-activity,DEV,V3_DEV,negative,0,ordinary_work,/home/yanbo/下载/batches/batch_person-fallen-v2-camera1p5m/prompts/254_n06-normal-work-activity-04.txt,f6a5ecac419f4dd53bb11f6c86cc1325003b8c5631ab85ddb50b199636eaccef,f6a5ecac419f4dd53bb11f6c86cc1325003b8c5631ab85ddb50b199636eaccef,/home/yanbo/下载/batches/batch_person-fallen-v2-camera1p5m/final/254_n06-normal-work-activity-04.png,708a9188aea6197ec36ef5ab262e62630b980f9a8a03797a477212ae97dd969d,708a9188aea6197ec36ef5ab262e62630b980f9a8a03797a477212ae97dd969d,FROZEN_V2_MANIFEST_EXPECTED_AND_ACTUAL,REUSABLE_V2_NON_HOLDOUT,FROZEN_V2_PROMPT_IMAGE_MAPPING_PASS,V3_ORDINARY_WORK_NEGATIVE,PASS_EXPLICIT_NEGATIVE_CUE,negative,PROMPT_DERIVED_SYNTHETIC_GT,FROZEN_GENERATION_PROMPT_AND_PLANNED_ROLE,false,ordinary_negative,true,
V2_ORIGINAL::IMG_003936,V2_ORIGINAL_SYNTHETIC_500,255_n06-normal-work-activity-05,IMG_003936,pf_v2_aigc_n06-normal-work-activity,DEV,V3_DEV,negative,0,ordinary_work,/home/yanbo/下载/batches/batch_person-fallen-v2-camera1p5m/prompts/255_n06-normal-work-activity-05.txt,362a1b1cf2b5e1ff3c8f9487e1b8039620b9c4d00040c6d7dc70b8b08ac7341c,362a1b1cf2b5e1ff3c8f9487e1b8039620b9c4d00040c6d7dc70b8b08ac7341c,/home/yanbo/下载/batches/batch_person-fallen-v2-camera1p5m/final/255_n06-normal-work-activity-05.png,a9dec425e7a51445e33666ad77fc90f0add301fc713c1fbd6a83de6a81d2df72,a9dec425e7a51445e33666ad77fc90f0add301fc713c1fbd6a83de6a81d2df72,FROZEN_V2_MANIFEST_EXPECTED_AND_ACTUAL,REUSABLE_V2_NON_HOLDOUT,FROZEN_V2_PROMPT_IMAGE_MAPPING_PASS,V3_ORDINARY_WORK_NEGATIVE,PASS_EXPLICIT_NEGATIVE_CUE,negative,PROMPT_DERIVED_SYNTHETIC_GT,FROZEN_GENERATION_PROMPT_AND_PLANNED_ROLE,false,ordinary_negative,true,
V2_ORIGINAL::IMG_003937,V2_ORIGINAL_SYNTHETIC_500,256_n06-normal-work-activity-06,IMG_003937,pf_v2_aigc_n06-normal-work-activity,DEV,V3_DEV,negative,0,ordinary_work,/home/yanbo/下载/batches/batch_person-fallen-v2-camera1p5m/prompts/256_n06-normal-work-activity-06.txt,8010f47a0904bfab81c0b718ba1606ee2d6e1133353157f70373539324174c1a,8010f47a0904bfab81c0b718ba1606ee2d6e1133353157f70373539324174c1a,/home/yanbo/下载/batches/batch_person-fallen-v2-camera1p5m/final/256_n06-normal-work-activity-06.png,15b2e5f1094add6b6262cc9d02d72f3cbacf86a9d4023024b7f9cbfc8d7a1dd8,15b2e5f1094add6b6262cc9d02d72f3cbacf86a9d4023024b7f9cbfc8d7a1dd8,FROZEN_V2_MANIFEST_EXPECTED_AND_ACTUAL,REUSABLE_V2_NON_HOLDOUT,FROZEN_V2_PROMPT_IMAGE_MAPPING_PASS,V3_ORDINARY_WORK_NEGATIVE,PASS_EXPLICIT_NEGATIVE_CUE,negative,PROMPT_DERIVED_SYNTHETIC_GT,FROZEN_GENERATION_PROMPT_AND_PLANNED_ROLE,false,ordinary_negative,true,
V2_ORIGINAL::IMG_003938,V2_ORIGINAL_SYNTHETIC_500,257_n06-normal-work-activity-07,IMG_003938,pf_v2_aigc_n06-normal-work-activity,DEV,V3_DEV,negative,0,ordinary_work,/home/yanbo/下载/batches/batch_person-fallen-v2-camera1p5m/prompts/257_n06-normal-work-activity-07.txt,8907fdd343a606ea49d4607b6bcd837adfbc8a371bdf307cb46ae601b8f47df9,8907fdd343a606ea49d4607b6bcd837adfbc8a371bdf307cb46ae601b8f47df9,/home/yanbo/下载/batches/batch_person-fallen-v2-camera1p5m/final/257_n06-normal-work-activity-07.png,7d581bcff51b91f01017bb3a2479b738f8702d3532dc02bb5be374eb3acbfa33,7d581bcff51b91f01017bb3a2479b738f8702d3532dc02bb5be374eb3acbfa33,FROZEN_V2_MANIFEST_EXPECTED_AND_ACTUAL,REUSABLE_V2_NON_HOLDOUT,FROZEN_V2_PROMPT_IMAGE_MAPPING_PASS,V3_ORDINARY_WORK_NEGATIVE,PASS_EXPLICIT_NEGATIVE_CUE,negative,PROMPT_DERIVED_SYNTHETIC_GT,FROZEN_GENERATION_PROMPT_AND_PLANNED_ROLE,false,ordinary_negative,true,
V2_ORIGINAL::IMG_003939,V2_ORIGINAL_SYNTHETIC_500,258_n06-normal-work-activity-08,IMG_003939,pf_v2_aigc_n06-normal-work-activity,DEV,V3_DEV,negative,0,ordinary_work,/home/yanbo/下载/batches/batch_person-fallen-v2-camera1p5m/prompts/258_n06-normal-work-activity-08.txt,7a6f6ddf308b86d9381ef796b10b3d48859af8597ab24a5daba24a7c5eee522a,7a6f6ddf308b86d9381ef796b10b3d48859af8597ab24a5daba24a7c5eee522a,/home/yanbo/下载/batches/batch_person-fallen-v2-camera1p5m/final/258_n06-normal-work-activity-08.png,2775217a73b3fec9852ead7ed28b5b4d76904b4a4f146e32928fc4c249a2f0b5,2775217a73b3fec9852ead7ed28b5b4d76904b4a4f146e32928fc4c249a2f0b5,FROZEN_V2_MANIFEST_EXPECTED_AND_ACTUAL,REUSABLE_V2_NON_HOLDOUT,FROZEN_V2_PROMPT_IMAGE_MAPPING_PASS,V3_ORDINARY_WORK_NEGATIVE,PASS_EXPLICIT_NEGATIVE_CUE,negative,PROMPT_DERIVED_SYNTHETIC_GT,FROZEN_GENERATION_PROMPT_AND_PLANNED_ROLE,false,ordinary_negative,true,
V2_ORIGINAL::IMG_003940,V2_ORIGINAL_SYNTHETIC_500,259_n06-normal-work-activity-09,IMG_003940,pf_v2_aigc_n06-normal-work-activity,DEV,V3_DEV,negative,0,ordinary_work,/home/yanbo/下载/batches/batch_person-fallen-v2-camera1p5m/prompts/259_n06-normal-work-activity-09.txt,06ef84b9c1cf963f0881add0ff2d0f0651e9ec32c3a56253bcaac8ac4e7f783f,06ef84b9c1cf963f0881add0ff2d0f0651e9ec32c3a56253bcaac8ac4e7f783f,/home/yanbo/下载/batches/batch_person-fallen-v2-camera1p5m/final/259_n06-normal-work-activity-09.png,48dc5ad464b297860fc6a28647999f2c6eb1c00a37fd106e0a75d32094aebe81,48dc5ad464b297860fc6a28647999f2c6eb1c00a37fd106e0a75d32094aebe81,FROZEN_V2_MANIFEST_EXPECTED_AND_ACTUAL,REUSABLE_V2_NON_HOLDOUT,FROZEN_V2_PROMPT_IMAGE_MAPPING_PASS,V3_ORDINARY_WORK_NEGATIVE,PASS_EXPLICIT_NEGATIVE_CUE,negative,PROMPT_DERIVED_SYNTHETIC_GT,FROZEN_GENERATION_PROMPT_AND_PLANNED_ROLE,false,ordinary_negative,true,
V2_ORIGINAL::IMG_004006,V2_ORIGINAL_SYNTHETIC_500,25_p03-prone-on-floor-05,IMG_004006,pf_v2_aigc_p03-prone-on-floor,DEV,V3_DEV,positive,1,prone_ground_lying,/home/yanbo/下载/batches/batch_person-fallen-v2-camera1p5m/prompts/25_p03-prone-on-floor-05.txt,557a00e8f0ae115d40b3d827ced6a042d16cf552b325a5c183d5cd5be3b784db,557a00e8f0ae115d40b3d827ced6a042d16cf552b325a5c183d5cd5be3b784db,/home/yanbo/下载/batches/batch_person-fallen-v2-camera1p5m/final/25_p03-prone-on-floor-05.png,562f3ef69ce6291a666cffda86e701c7f20b92195677ac0bffc96dbf792f87e1,562f3ef69ce6291a666cffda86e701c7f20b92195677ac0bffc96dbf792f87e1,FROZEN_V2_MANIFEST_EXPECTED_AND_ACTUAL,REUSABLE_V2_NON_HOLDOUT,FROZEN_V2_PROMPT_IMAGE_MAPPING_PASS,V3_PRONE_GROUND_LYING_POSITIVE,PASS_EXPLICIT_POSTURE_CUE,positive,PROMPT_DERIVED_SYNTHETIC_GT,FROZEN_GENERATION_PROMPT_AND_PLANNED_ROLE,false,positive,true,
V2_ORIGINAL::IMG_003941,V2_ORIGINAL_SYNTHETIC_500,260_n06-normal-work-activity-10,IMG_003941,pf_v2_aigc_n06-normal-work-activity,DEV,V3_DEV,negative,0,ordinary_work,/home/yanbo/下载/batches/batch_person-fallen-v2-camera1p5m/prompts/260_n06-normal-work-activity-10.txt,bf794cd406cb8fd33dbec1fb073e83c6c9b552f9279c76f0f7bb7137a61d7f56,bf794cd406cb8fd33dbec1fb073e83c6c9b552f9279c76f0f7bb7137a61d7f56,/home/yanbo/下载/batches/batch_person-fallen-v2-camera1p5m/final/260_n06-normal-work-activity-10.png,bd7cb37950286e8775216a9371b0eece1f9d46cfb09f046e0205804bd042b6a7,bd7cb37950286e8775216a9371b0eece1f9d46cfb09f046e0205804bd042b6a7,FROZEN_V2_MANIFEST_EXPECTED_AND_ACTUAL,REUSABLE_V2_NON_HOLDOUT,FROZEN_V2_PROMPT_IMAGE_MAPPING_PASS,V3_ORDINARY_WORK_NEGATIVE,PASS_EXPLICIT_NEGATIVE_CUE,negative,PROMPT_DERIVED_SYNTHETIC_GT,FROZEN_GENERATION_PROMPT_AND_PLANNED_ROLE,false,ordinary_negative,true,
V2_ORIGINAL::IMG_003942,V2_ORIGINAL_SYNTHETIC_500,261_n07-mild-bending-01,IMG_003942,pf_v2_aigc_n07-mild-bending,VAL,V3_VAL,negative,0,bending,/home/yanbo/下载/batches/batch_person-fallen-v2-camera1p5m/prompts/261_n07-mild-bending-01.txt,a666c24e7c1f2b5b4a852fa2255b28a0c72aaeb7a33d2ba61bf2aa40e8196811,a666c24e7c1f2b5b4a852fa2255b28a0c72aaeb7a33d2ba61bf2aa40e8196811,/home/yanbo/下载/batches/batch_person-fallen-v2-camera1p5m/final/261_n07-mild-bending-01.png,0f86a510ad912179633dea734f4457dc1945b5bbe1a9a123613bae400af636ee,0f86a510ad912179633dea734f4457dc1945b5bbe1a9a123613bae400af636ee,FROZEN_V2_MANIFEST_EXPECTED_AND_ACTUAL,REUSABLE_V2_NON_HOLDOUT,FROZEN_V2_PROMPT_IMAGE_MAPPING_PASS,V3_BENDING_NEGATIVE,PASS_EXPLICIT_NEGATIVE_CUE,negative,PROMPT_DERIVED_SYNTHETIC_GT,FROZEN_GENERATION_PROMPT_AND_PLANNED_ROLE,false,ordinary_negative,true,
V2_ORIGINAL::IMG_003943,V2_ORIGINAL_SYNTHETIC_500,262_n07-mild-bending-02,IMG_003943,pf_v2_aigc_n07-mild-bending,VAL,V3_VAL,negative,0,bending,/home/yanbo/下载/batches/batch_person-fallen-v2-camera1p5m/prompts/262_n07-mild-bending-02.txt,c5de92c81141418b0ad512df79cc6f8de1166eb3f5c42ac72426b0ae24870ddd,c5de92c81141418b0ad512df79cc6f8de1166eb3f5c42ac72426b0ae24870ddd,/home/yanbo/下载/batches/batch_person-fallen-v2-camera1p5m/final/262_n07-mild-bending-02.png,e9e96ce08e4925312a49684d8381e0129c3b5722dbecbd610b4a40481f41cffb,e9e96ce08e4925312a49684d8381e0129c3b5722dbecbd610b4a40481f41cffb,FROZEN_V2_MANIFEST_EXPECTED_AND_ACTUAL,REUSABLE_V2_NON_HOLDOUT,FROZEN_V2_PROMPT_IMAGE_MAPPING_PASS,V3_BENDING_NEGATIVE,PASS_EXPLICIT_NEGATIVE_CUE,negative,PROMPT_DERIVED_SYNTHETIC_GT,FROZEN_GENERATION_PROMPT_AND_PLANNED_ROLE,false,ordinary_negative,true,
V2_ORIGINAL::IMG_003944,V2_ORIGINAL_SYNTHETIC_500,263_n07-mild-bending-03,IMG_003944,pf_v2_aigc_n07-mild-bending,VAL,V3_VAL,negative,0,bending,/home/yanbo/下载/batches/batch_person-fallen-v2-camera1p5m/prompts/263_n07-mild-bending-03.txt,6b473c1d7017988403a35f0feba976833db96c0e8e837d03d440374f9bdd79ef,6b473c1d7017988403a35f0feba976833db96c0e8e837d03d440374f9bdd79ef,/home/yanbo/下载/batches/batch_person-fallen-v2-camera1p5m/final/263_n07-mild-bending-03.png,acc221510be882f798e7e1c06e2b25f23bdf1419dbc036d0b4f22689505c7bc6,acc221510be882f798e7e1c06e2b25f23bdf1419dbc036d0b4f22689505c7bc6,FROZEN_V2_MANIFEST_EXPECTED_AND_ACTUAL,REUSABLE_V2_NON_HOLDOUT,FROZEN_V2_PROMPT_IMAGE_MAPPING_PASS,V3_BENDING_NEGATIVE,PASS_EXPLICIT_NEGATIVE_CUE,negative,PROMPT_DERIVED_SYNTHETIC_GT,FROZEN_GENERATION_PROMPT_AND_PLANNED_ROLE,false,ordinary_negative,true,
V2_ORIGINAL::IMG_003945,V2_ORIGINAL_SYNTHETIC_500,264_n07-mild-bending-04,IMG_003945,pf_v2_aigc_n07-mild-bending,VAL,V3_VAL,negative,0,bending,/home/yanbo/下载/batches/batch_person-fallen-v2-camera1p5m/prompts/264_n07-mild-bending-04.txt,b06c578599d3de04962851e930b1adccb39c82676c4f1cea75a4bfd4782e90b9,b06c578599d3de04962851e930b1adccb39c82676c4f1cea75a4bfd4782e90b9,/home/yanbo/下载/batches/batch_person-fallen-v2-camera1p5m/final/264_n07-mild-bending-04.png,d15359dc17844ccf5775d2e324f7af0dc44b728120bc9257ab9d57ed9bf91549,d15359dc17844ccf5775d2e324f7af0dc44b728120bc9257ab9d57ed9bf91549,FROZEN_V2_MANIFEST_EXPECTED_AND_ACTUAL,REUSABLE_V2_NON_HOLDOUT,FROZEN_V2_PROMPT_IMAGE_MAPPING_PASS,V3_BENDING_NEGATIVE,PASS_EXPLICIT_NEGATIVE_CUE,negative,PROMPT_DERIVED_SYNTHETIC_GT,FROZEN_GENERATION_PROMPT_AND_PLANNED_ROLE,false,ordinary_negative,true,
V2_ORIGINAL::IMG_003946,V2_ORIGINAL_SYNTHETIC_500,265_n07-mild-bending-05,IMG_003946,pf_v2_aigc_n07-mild-bending,VAL,V3_VAL,negative,0,bending,/home/yanbo/下载/batches/batch_person-fallen-v2-camera1p5m/prompts/265_n07-mild-bending-05.txt,85e7a9bac80ad1785e0319a13b1be026a2996917815c15ff99ff318baf704f86,85e7a9bac80ad1785e0319a13b1be026a2996917815c15ff99ff318baf704f86,/home/yanbo/下载/batches/batch_person-fallen-v2-camera1p5m/final/265_n07-mild-bending-05.png,8307f620f96d4c6cbe58314eb71ed9be3ccf45d23727e8b6592f9477bb37fa6b,8307f620f96d4c6cbe58314eb71ed9be3ccf45d23727e8b6592f9477bb37fa6b,FROZEN_V2_MANIFEST_EXPECTED_AND_ACTUAL,REUSABLE_V2_NON_HOLDOUT,FROZEN_V2_PROMPT_IMAGE_MAPPING_PASS,V3_BENDING_NEGATIVE,PASS_EXPLICIT_NEGATIVE_CUE,negative,PROMPT_DERIVED_SYNTHETIC_GT,FROZEN_GENERATION_PROMPT_AND_PLANNED_ROLE,false,ordinary_negative,true,
V2_ORIGINAL::IMG_003947,V2_ORIGINAL_SYNTHETIC_500,266_n07-mild-bending-06,IMG_003947,pf_v2_aigc_n07-mild-bending,VAL,V3_VAL,negative,0,bending,/home/yanbo/下载/batches/batch_person-fallen-v2-camera1p5m/prompts/266_n07-mild-bending-06.txt,b9cffe2f522a051db999eb1fc27d2d37df53d806db2255ca5ab19c302a5f76ee,b9cffe2f522a051db999eb1fc27d2d37df53d806db2255ca5ab19c302a5f76ee,/home/yanbo/下载/batches/batch_person-fallen-v2-camera1p5m/final/266_n07-mild-bending-06.png,5cba43b31c38a875466a807fac5daaf80e715c1a1cacc3bed578bc9716930cdd,5cba43b31c38a875466a807fac5daaf80e715c1a1cacc3bed578bc9716930cdd,FROZEN_V2_MANIFEST_EXPECTED_AND_ACTUAL,REUSABLE_V2_NON_HOLDOUT,FROZEN_V2_PROMPT_IMAGE_MAPPING_PASS,V3_BENDING_NEGATIVE,PASS_EXPLICIT_NEGATIVE_CUE,negative,PROMPT_DERIVED_SYNTHETIC_GT,FROZEN_GENERATION_PROMPT_AND_PLANNED_ROLE,false,ordinary_negative,true,
V2_ORIGINAL::IMG_003948,V2_ORIGINAL_SYNTHETIC_500,267_n07-mild-bending-07,IMG_003948,pf_v2_aigc_n07-mild-bending,VAL,V3_VAL,negative,0,bending,/home/yanbo/下载/batches/batch_person-fallen-v2-camera1p5m/prompts/267_n07-mild-bending-07.txt,26dea217b78a54c6e054ba2267cdf76878744424fd2172066ce44eab3185574f,26dea217b78a54c6e054ba2267cdf76878744424fd2172066ce44eab3185574f,/home/yanbo/下载/batches/batch_person-fallen-v2-camera1p5m/final/267_n07-mild-bending-07.png,00533f22a7b735ce2dd0ba71594e60a7ac5dfbea9803ebbfe380b15f7c4ca55e,00533f22a7b735ce2dd0ba71594e60a7ac5dfbea9803ebbfe380b15f7c4ca55e,FROZEN_V2_MANIFEST_EXPECTED_AND_ACTUAL,REUSABLE_V2_NON_HOLDOUT,FROZEN_V2_PROMPT_IMAGE_MAPPING_PASS,V3_BENDING_NEGATIVE,PASS_EXPLICIT_NEGATIVE_CUE,negative,PROMPT_DERIVED_SYNTHETIC_GT,FROZEN_GENERATION_PROMPT_AND_PLANNED_ROLE,false,ordinary_negative,true,
V2_ORIGINAL::IMG_003949,V2_ORIGINAL_SYNTHETIC_500,268_n07-mild-bending-08,IMG_003949,pf_v2_aigc_n07-mild-bending,VAL,V3_VAL,negative,0,bending,/home/yanbo/下载/batches/batch_person-fallen-v2-camera1p5m/prompts/268_n07-mild-bending-08.txt,24968abee1bb82f75c5b1056a7bc0c665781c713e791da68bc88a38672ac94c1,24968abee1bb82f75c5b1056a7bc0c665781c713e791da68bc88a38672ac94c1,/home/yanbo/下载/batches/batch_person-fallen-v2-camera1p5m/final/268_n07-mild-bending-08.png,04d272b852fd59fbf31c8d1bd6846056e4e67a3dbbb13979b3e6d5628d3c5fbf,04d272b852fd59fbf31c8d1bd6846056e4e67a3dbbb13979b3e6d5628d3c5fbf,FROZEN_V2_MANIFEST_EXPECTED_AND_ACTUAL,REUSABLE_V2_NON_HOLDOUT,FROZEN_V2_PROMPT_IMAGE_MAPPING_PASS,V3_BENDING_NEGATIVE,PASS_EXPLICIT_NEGATIVE_CUE,negative,PROMPT_DERIVED_SYNTHETIC_GT,FROZEN_GENERATION_PROMPT_AND_PLANNED_ROLE,false,ordinary_negative,true,
V2_ORIGINAL::IMG_003950,V2_ORIGINAL_SYNTHETIC_500,269_n07-mild-bending-09,IMG_003950,pf_v2_aigc_n07-mild-bending,VAL,V3_VAL,negative,0,bending,/home/yanbo/下载/batches/batch_person-fallen-v2-camera1p5m/prompts/269_n07-mild-bending-09.txt,5a147058021caa145e3f240de34c679ff2a960d57cccfe6f1ab584515514b934,5a147058021caa145e3f240de34c679ff2a960d57cccfe6f1ab584515514b934,/home/yanbo/下载/batches/batch_person-fallen-v2-camera1p5m/final/269_n07-mild-bending-09.png,b52e224f7c9bd37635012043f162b27d00b45efe2df6f03805c7bc1edaba3b8f,b52e224f7c9bd37635012043f162b27d00b45efe2df6f03805c7bc1edaba3b8f,FROZEN_V2_MANIFEST_EXPECTED_AND_ACTUAL,REUSABLE_V2_NON_HOLDOUT,FROZEN_V2_PROMPT_IMAGE_MAPPING_PASS,V3_BENDING_NEGATIVE,PASS_EXPLICIT_NEGATIVE_CUE,negative,PROMPT_DERIVED_SYNTHETIC_GT,FROZEN_GENERATION_PROMPT_AND_PLANNED_ROLE,false,ordinary_negative,true,
V2_ORIGINAL::IMG_004007,V2_ORIGINAL_SYNTHETIC_500,26_p03-prone-on-floor-06,IMG_004007,pf_v2_aigc_p03-prone-on-floor,DEV,V3_DEV,positive,1,prone_ground_lying,/home/yanbo/下载/batches/batch_person-fallen-v2-camera1p5m/prompts/26_p03-prone-on-floor-06.txt,82a6ef69bd5a46a4d18e618910e3c00131ddef244963a362bf5e980eb0811490,82a6ef69bd5a46a4d18e618910e3c00131ddef244963a362bf5e980eb0811490,/home/yanbo/下载/batches/batch_person-fallen-v2-camera1p5m/final/26_p03-prone-on-floor-06.png,ffea712d59fccabbaf558579286df4d7fe6c99afeb817ce0bf8dad7d3377a921,ffea712d59fccabbaf558579286df4d7fe6c99afeb817ce0bf8dad7d3377a921,FROZEN_V2_MANIFEST_EXPECTED_AND_ACTUAL,REUSABLE_V2_NON_HOLDOUT,FROZEN_V2_PROMPT_IMAGE_MAPPING_PASS,V3_PRONE_GROUND_LYING_POSITIVE,PASS_EXPLICIT_POSTURE_CUE,positive,PROMPT_DERIVED_SYNTHETIC_GT,FROZEN_GENERATION_PROMPT_AND_PLANNED_ROLE,false,positive,true,
V2_ORIGINAL::IMG_003951,V2_ORIGINAL_SYNTHETIC_500,270_n07-mild-bending-10,IMG_003951,pf_v2_aigc_n07-mild-bending,VAL,V3_VAL,negative,0,bending,/home/yanbo/下载/batches/batch_person-fallen-v2-camera1p5m/prompts/270_n07-mild-bending-10.txt,d49063311f909ccdab6ea139fbf0e7cd97a6ab8d689eb7e1c6c173ce5bfb5661,d49063311f909ccdab6ea139fbf0e7cd97a6ab8d689eb7e1c6c173ce5bfb5661,/home/yanbo/下载/batches/batch_person-fallen-v2-camera1p5m/final/270_n07-mild-bending-10.png,8d6788595b06d3e93c60d1a37e08fd1f6674d7e682ac5e208670a407130ca387,8d6788595b06d3e93c60d1a37e08fd1f6674d7e682ac5e208670a407130ca387,FROZEN_V2_MANIFEST_EXPECTED_AND_ACTUAL,REUSABLE_V2_NON_HOLDOUT,FROZEN_V2_PROMPT_IMAGE_MAPPING_PASS,V3_BENDING_NEGATIVE,PASS_EXPLICIT_NEGATIVE_CUE,negative,PROMPT_DERIVED_SYNTHETIC_GT,FROZEN_GENERATION_PROMPT_AND_PLANNED_ROLE,false,ordinary_negative,true,
V2_ORIGINAL::IMG_003952,V2_ORIGINAL_SYNTHETIC_500,271_n08-multi-person-normal-activity-01,IMG_003952,pf_v2_aigc_n08-multi-person-normal-activity,VAL,V3_VAL,negative,0,ordinary_multi_activity,/home/yanbo/下载/batches/batch_person-fallen-v2-camera1p5m/prompts/271_n08-multi-person-normal-activity-01.txt,14b5c38e78aee1c2c9da1dc9bbf1b938350cf6cef52fe4fb6ef4c2ce9061a9d7,14b5c38e78aee1c2c9da1dc9bbf1b938350cf6cef52fe4fb6ef4c2ce9061a9d7,/home/yanbo/下载/batches/batch_person-fallen-v2-camera1p5m/final/271_n08-multi-person-normal-activity-01.png,e74b50e0d919b056cade5af81e31a42fb9de0d4a42efc691d09fda59ff3070fd,e74b50e0d919b056cade5af81e31a42fb9de0d4a42efc691d09fda59ff3070fd,FROZEN_V2_MANIFEST_EXPECTED_AND_ACTUAL,REUSABLE_V2_NON_HOLDOUT,FROZEN_V2_PROMPT_IMAGE_MAPPING_PASS,V3_ORDINARY_MULTI_ACTIVITY_NEGATIVE,PASS_EXPLICIT_NEGATIVE_CUE,negative,PROMPT_DERIVED_SYNTHETIC_GT,FROZEN_GENERATION_PROMPT_AND_PLANNED_ROLE,false,ordinary_negative,true,
V2_ORIGINAL::IMG_003953,V2_ORIGINAL_SYNTHETIC_500,272_n08-multi-person-normal-activity-02,IMG_003953,pf_v2_aigc_n08-multi-person-normal-activity,VAL,V3_VAL,negative,0,ordinary_multi_activity,/home/yanbo/下载/batches/batch_person-fallen-v2-camera1p5m/prompts/272_n08-multi-person-normal-activity-02.txt,23b0a5d130b17a6ed56a236d2fac4a2b3c65691bad5833e877a83fbfb539d264,23b0a5d130b17a6ed56a236d2fac4a2b3c65691bad5833e877a83fbfb539d264,/home/yanbo/下载/batches/batch_person-fallen-v2-camera1p5m/final/272_n08-multi-person-normal-activity-02.png,3a7d548ee86198d44e926fda2d9fd05e7188f76974f8bc0e6663f03981120003,3a7d548ee86198d44e926fda2d9fd05e7188f76974f8bc0e6663f03981120003,FROZEN_V2_MANIFEST_EXPECTED_AND_ACTUAL,REUSABLE_V2_NON_HOLDOUT,FROZEN_V2_PROMPT_IMAGE_MAPPING_PASS,V3_ORDINARY_MULTI_ACTIVITY_NEGATIVE,PASS_EXPLICIT_NEGATIVE_CUE,negative,PROMPT_DERIVED_SYNTHETIC_GT,FROZEN_GENERATION_PROMPT_AND_PLANNED_ROLE,false,ordinary_negative,true,
V2_ORIGINAL::IMG_003954,V2_ORIGINAL_SYNTHETIC_500,273_n08-multi-person-normal-activity-03,IMG_003954,pf_v2_aigc_n08-multi-person-normal-activity,VAL,V3_VAL,negative,0,ordinary_multi_activity,/home/yanbo/下载/batches/batch_person-fallen-v2-camera1p5m/prompts/273_n08-multi-person-normal-activity-03.txt,38f50a0a3c23e0d73713e928d4de16ef10afe344fb1c1c73e824f93590738fb8,38f50a0a3c23e0d73713e928d4de16ef10afe344fb1c1c73e824f93590738fb8,/home/yanbo/下载/batches/batch_person-fallen-v2-camera1p5m/final/273_n08-multi-person-normal-activity-03.png,a3389fa90175ef6b7dd3e30e9280de3efd67dd48742937b417471d97b928d2ce,a3389fa90175ef6b7dd3e30e9280de3efd67dd48742937b417471d97b928d2ce,FROZEN_V2_MANIFEST_EXPECTED_AND_ACTUAL,REUSABLE_V2_NON_HOLDOUT,FROZEN_V2_PROMPT_IMAGE_MAPPING_PASS,V3_ORDINARY_MULTI_ACTIVITY_NEGATIVE,PASS_EXPLICIT_NEGATIVE_CUE,negative,PROMPT_DERIVED_SYNTHETIC_GT,FROZEN_GENERATION_PROMPT_AND_PLANNED_ROLE,false,ordinary_negative,true,
V2_ORIGINAL::IMG_003955,V2_ORIGINAL_SYNTHETIC_500,274_n08-multi-person-normal-activity-04,IMG_003955,pf_v2_aigc_n08-multi-person-normal-activity,VAL,V3_VAL,negative,0,ordinary_multi_activity,/home/yanbo/下载/batches/batch_person-fallen-v2-camera1p5m/prompts/274_n08-multi-person-normal-activity-04.txt,eb9c51eb5475ac556debeb788bb2d9334f81d080e556256de792750785669861,eb9c51eb5475ac556debeb788bb2d9334f81d080e556256de792750785669861,/home/yanbo/下载/batches/batch_person-fallen-v2-camera1p5m/final/274_n08-multi-person-normal-activity-04.png,f63a9dcfc130083a98a6e072eca29224a6fcf9b87295cc01035cddc7993cbf46,f63a9dcfc130083a98a6e072eca29224a6fcf9b87295cc01035cddc7993cbf46,FROZEN_V2_MANIFEST_EXPECTED_AND_ACTUAL,REUSABLE_V2_NON_HOLDOUT,FROZEN_V2_PROMPT_IMAGE_MAPPING_PASS,V3_ORDINARY_MULTI_ACTIVITY_NEGATIVE,PASS_EXPLICIT_NEGATIVE_CUE,negative,PROMPT_DERIVED_SYNTHETIC_GT,FROZEN_GENERATION_PROMPT_AND_PLANNED_ROLE,false,ordinary_negative,true,
V2_ORIGINAL::IMG_003956,V2_ORIGINAL_SYNTHETIC_500,275_n08-multi-person-normal-activity-05,IMG_003956,pf_v2_aigc_n08-multi-person-normal-activity,VAL,V3_VAL,negative,0,ordinary_multi_activity,/home/yanbo/下载/batches/batch_person-fallen-v2-camera1p5m/prompts/275_n08-multi-person-normal-activity-05.txt,968e6c1cc13578e425cb9fefec440590e81dac60279bf64f65ef735e219744e2,968e6c1cc13578e425cb9fefec440590e81dac60279bf64f65ef735e219744e2,/home/yanbo/下载/batches/batch_person-fallen-v2-camera1p5m/final/275_n08-multi-person-normal-activity-05.png,ace8bebe3612865ba94b98237bbac400737c66e91d581e5d44be58dd67103825,ace8bebe3612865ba94b98237bbac400737c66e91d581e5d44be58dd67103825,FROZEN_V2_MANIFEST_EXPECTED_AND_ACTUAL,REUSABLE_V2_NON_HOLDOUT,FROZEN_V2_PROMPT_IMAGE_MAPPING_PASS,V3_ORDINARY_MULTI_ACTIVITY_NEGATIVE,PASS_EXPLICIT_NEGATIVE_CUE,negative,PROMPT_DERIVED_SYNTHETIC_GT,FROZEN_GENERATION_PROMPT_AND_PLANNED_ROLE,false,ordinary_negative,true,
V2_ORIGINAL::IMG_003957,V2_ORIGINAL_SYNTHETIC_500,276_n08-multi-person-normal-activity-06,IMG_003957,pf_v2_aigc_n08-multi-person-normal-activity,VAL,V3_VAL,negative,0,ordinary_multi_activity,/home/yanbo/下载/batches/batch_person-fallen-v2-camera1p5m/prompts/276_n08-multi-person-normal-activity-06.txt,c0dcf1bb80d13d7f7254b6656613471ffe3a4d3481cb27c49517e9b5e567c92d,c0dcf1bb80d13d7f7254b6656613471ffe3a4d3481cb27c49517e9b5e567c92d,/home/yanbo/下载/batches/batch_person-fallen-v2-camera1p5m/final/276_n08-multi-person-normal-activity-06.png,88bb0cd0b836c73715058a3a30fa6ebf4fb466280c4a62f775ecdf3490a602f7,88bb0cd0b836c73715058a3a30fa6ebf4fb466280c4a62f775ecdf3490a602f7,FROZEN_V2_MANIFEST_EXPECTED_AND_ACTUAL,REUSABLE_V2_NON_HOLDOUT,FROZEN_V2_PROMPT_IMAGE_MAPPING_PASS,V3_ORDINARY_MULTI_ACTIVITY_NEGATIVE,PASS_EXPLICIT_NEGATIVE_CUE,negative,PROMPT_DERIVED_SYNTHETIC_GT,FROZEN_GENERATION_PROMPT_AND_PLANNED_ROLE,false,ordinary_negative,true,
V2_ORIGINAL::IMG_003958,V2_ORIGINAL_SYNTHETIC_500,277_n08-multi-person-normal-activity-07,IMG_003958,pf_v2_aigc_n08-multi-person-normal-activity,VAL,V3_VAL,negative,0,ordinary_multi_activity,/home/yanbo/下载/batches/batch_person-fallen-v2-camera1p5m/prompts/277_n08-multi-person-normal-activity-07.txt,c47f65f75e00bbdc0b4a26215c097470a70abd2a79292cfd055196b42aec0894,c47f65f75e00bbdc0b4a26215c097470a70abd2a79292cfd055196b42aec0894,/home/yanbo/下载/batches/batch_person-fallen-v2-camera1p5m/final/277_n08-multi-person-normal-activity-07.png,867239e2cbd3fcf7d403a985f450c3c8862854b339efa18130652c25be8790ac,867239e2cbd3fcf7d403a985f450c3c8862854b339efa18130652c25be8790ac,FROZEN_V2_MANIFEST_EXPECTED_AND_ACTUAL,REUSABLE_V2_NON_HOLDOUT,FROZEN_V2_PROMPT_IMAGE_MAPPING_PASS,V3_ORDINARY_MULTI_ACTIVITY_NEGATIVE,PASS_EXPLICIT_NEGATIVE_CUE,negative,PROMPT_DERIVED_SYNTHETIC_GT,FROZEN_GENERATION_PROMPT_AND_PLANNED_ROLE,false,ordinary_negative,true,
V2_ORIGINAL::IMG_003959,V2_ORIGINAL_SYNTHETIC_500,278_n08-multi-person-normal-activity-08,IMG_003959,pf_v2_aigc_n08-multi-person-normal-activity,VAL,V3_VAL,negative,0,ordinary_multi_activity,/home/yanbo/下载/batches/batch_person-fallen-v2-camera1p5m/prompts/278_n08-multi-person-normal-activity-08.txt,9a20481a3375043c9ef0dfb7dc9ebd2c023b082c87898815ba3fe42ea377ea43,9a20481a3375043c9ef0dfb7dc9ebd2c023b082c87898815ba3fe42ea377ea43,/home/yanbo/下载/batches/batch_person-fallen-v2-camera1p5m/final/278_n08-multi-person-normal-activity-08.png,c5a16d8f66e68e54d9eac3959bcfa04972eb2bb6439e14920befb9ad075626b2,c5a16d8f66e68e54d9eac3959bcfa04972eb2bb6439e14920befb9ad075626b2,FROZEN_V2_MANIFEST_EXPECTED_AND_ACTUAL,REUSABLE_V2_NON_HOLDOUT,FROZEN_V2_PROMPT_IMAGE_MAPPING_PASS,V3_ORDINARY_MULTI_ACTIVITY_NEGATIVE,PASS_EXPLICIT_NEGATIVE_CUE,negative,PROMPT_DERIVED_SYNTHETIC_GT,FROZEN_GENERATION_PROMPT_AND_PLANNED_ROLE,false,ordinary_negative,true,
V2_ORIGINAL::IMG_003960,V2_ORIGINAL_SYNTHETIC_500,279_n08-multi-person-normal-activity-09,IMG_003960,pf_v2_aigc_n08-multi-person-normal-activity,VAL,V3_VAL,negative,0,ordinary_multi_activity,/home/yanbo/下载/batches/batch_person-fallen-v2-camera1p5m/prompts/279_n08-multi-person-normal-activity-09.txt,dac8aeb0f77df227eee8db5debfef99d7a0f3f0174d7c0b7803d967c30351deb,dac8aeb0f77df227eee8db5debfef99d7a0f3f0174d7c0b7803d967c30351deb,/home/yanbo/下载/batches/batch_person-fallen-v2-camera1p5m/final/279_n08-multi-person-normal-activity-09.png,52f50e02c7fb5442b2cb713f7d7949a3d9c3b99c94801770fd23caf83c5fb3c7,52f50e02c7fb5442b2cb713f7d7949a3d9c3b99c94801770fd23caf83c5fb3c7,FROZEN_V2_MANIFEST_EXPECTED_AND_ACTUAL,REUSABLE_V2_NON_HOLDOUT,FROZEN_V2_PROMPT_IMAGE_MAPPING_PASS,V3_ORDINARY_MULTI_ACTIVITY_NEGATIVE,PASS_EXPLICIT_NEGATIVE_CUE,negative,PROMPT_DERIVED_SYNTHETIC_GT,FROZEN_GENERATION_PROMPT_AND_PLANNED_ROLE,false,ordinary_negative,true,
V2_ORIGINAL::IMG_004008,V2_ORIGINAL_SYNTHETIC_500,27_p03-prone-on-floor-07,IMG_004008,pf_v2_aigc_p03-prone-on-floor,DEV,V3_DEV,positive,1,prone_ground_lying,/home/yanbo/下载/batches/batch_person-fallen-v2-camera1p5m/prompts/27_p03-prone-on-floor-07.txt,069a1407727b7bc0060238dd162129e5bf90c906ac59cb49ff3a525e9f0924c4,069a1407727b7bc0060238dd162129e5bf90c906ac59cb49ff3a525e9f0924c4,/home/yanbo/下载/batches/batch_person-fallen-v2-camera1p5m/final/27_p03-prone-on-floor-07.png,6609e71caae836680300eb0b9a5b375fed21f3fc3538aa102667e729b25864b6,6609e71caae836680300eb0b9a5b375fed21f3fc3538aa102667e729b25864b6,FROZEN_V2_MANIFEST_EXPECTED_AND_ACTUAL,REUSABLE_V2_NON_HOLDOUT,FROZEN_V2_PROMPT_IMAGE_MAPPING_PASS,V3_PRONE_GROUND_LYING_POSITIVE,PASS_EXPLICIT_POSTURE_CUE,positive,PROMPT_DERIVED_SYNTHETIC_GT,FROZEN_GENERATION_PROMPT_AND_PLANNED_ROLE,false,positive,true,
V2_ORIGINAL::IMG_003961,V2_ORIGINAL_SYNTHETIC_500,280_n08-multi-person-normal-activity-10,IMG_003961,pf_v2_aigc_n08-multi-person-normal-activity,VAL,V3_VAL,negative,0,ordinary_multi_activity,/home/yanbo/下载/batches/batch_person-fallen-v2-camera1p5m/prompts/280_n08-multi-person-normal-activity-10.txt,904db8303ab4098488da0a91d918b6802216bc9576772f5bd366c091d32b7265,904db8303ab4098488da0a91d918b6802216bc9576772f5bd366c091d32b7265,/home/yanbo/下载/batches/batch_person-fallen-v2-camera1p5m/final/280_n08-multi-person-normal-activity-10.png,cc16082b0347ea0a78146dc2ee0b1957b0121913b788c67a76f73498a5b1d5d6,cc16082b0347ea0a78146dc2ee0b1957b0121913b788c67a76f73498a5b1d5d6,FROZEN_V2_MANIFEST_EXPECTED_AND_ACTUAL,REUSABLE_V2_NON_HOLDOUT,FROZEN_V2_PROMPT_IMAGE_MAPPING_PASS,V3_ORDINARY_MULTI_ACTIVITY_NEGATIVE,PASS_EXPLICIT_NEGATIVE_CUE,negative,PROMPT_DERIVED_SYNTHETIC_GT,FROZEN_GENERATION_PROMPT_AND_PLANNED_ROLE,false,ordinary_negative,true,
V2_ORIGINAL::IMG_003962,V2_ORIGINAL_SYNTHETIC_500,281_n09-empty-ordinary-environment-01,IMG_003962,pf_v2_aigc_n09-empty-ordinary-environment,HOLDOUT,EXCLUDE_FINAL_HOLDOUT,negative,0,no_person,/home/yanbo/下载/batches/batch_person-fallen-v2-camera1p5m/prompts/281_n09-empty-ordinary-environment-01.txt,e21d7e3ececcb82b44d78cb4cec13bb6e78ede27d87b028d4d3dba9b153b510b,e21d7e3ececcb82b44d78cb4cec13bb6e78ede27d87b028d4d3dba9b153b510b,/home/yanbo/下载/batches/batch_person-fallen-v2-camera1p5m/final/281_n09-empty-ordinary-environment-01.png,b15f534d0ce5649d38c13506ce2e488dd0a3378ee1a6ecb916a1b89668dec306,b15f534d0ce5649d38c13506ce2e488dd0a3378ee1a6ecb916a1b89668dec306,FROZEN_V2_MANIFEST_EXPECTED_AND_ACTUAL,FINAL_HOLDOUT_RESERVED,FROZEN_V2_PROMPT_IMAGE_MAPPING_PASS,V3_NO_PERSON_NEGATIVE,PASS_EXPLICIT_NEGATIVE_CUE,negative,PROMPT_DERIVED_SYNTHETIC_GT,FROZEN_GENERATION_PROMPT_AND_PLANNED_ROLE,false,ordinary_negative,false,FINAL_HOLDOUT_RESERVED_AND_NOT_USED_BY_V3
V2_ORIGINAL::IMG_003963,V2_ORIGINAL_SYNTHETIC_500,282_n09-empty-ordinary-environment-02,IMG_003963,pf_v2_aigc_n09-empty-ordinary-environment,HOLDOUT,EXCLUDE_FINAL_HOLDOUT,negative,0,no_person,/home/yanbo/下载/batches/batch_person-fallen-v2-camera1p5m/prompts/282_n09-empty-ordinary-environment-02.txt,7d6ecfdde27b49b97ce2e5216f98c061babd8103c1b18fac117ab1ae804be668,7d6ecfdde27b49b97ce2e5216f98c061babd8103c1b18fac117ab1ae804be668,/home/yanbo/下载/batches/batch_person-fallen-v2-camera1p5m/final/282_n09-empty-ordinary-environment-02.png,6f96b81e66cc9744e4e95f9b78d50cde298b12ec0ca0fffc7fb0f25a5b83612b,6f96b81e66cc9744e4e95f9b78d50cde298b12ec0ca0fffc7fb0f25a5b83612b,FROZEN_V2_MANIFEST_EXPECTED_AND_ACTUAL,FINAL_HOLDOUT_RESERVED,FROZEN_V2_PROMPT_IMAGE_MAPPING_PASS,V3_NO_PERSON_NEGATIVE,PASS_EXPLICIT_NEGATIVE_CUE,negative,PROMPT_DERIVED_SYNTHETIC_GT,FROZEN_GENERATION_PROMPT_AND_PLANNED_ROLE,false,ordinary_negative,false,FINAL_HOLDOUT_RESERVED_AND_NOT_USED_BY_V3
V2_ORIGINAL::IMG_003964,V2_ORIGINAL_SYNTHETIC_500,283_n09-empty-ordinary-environment-03,IMG_003964,pf_v2_aigc_n09-empty-ordinary-environment,HOLDOUT,EXCLUDE_FINAL_HOLDOUT,negative,0,no_person,/home/yanbo/下载/batches/batch_person-fallen-v2-camera1p5m/prompts/283_n09-empty-ordinary-environment-03.txt,2ec82aea56cf1417739c1c969518ce69290904e8b2e49987cfdeb761e68b4514,2ec82aea56cf1417739c1c969518ce69290904e8b2e49987cfdeb761e68b4514,/home/yanbo/下载/batches/batch_person-fallen-v2-camera1p5m/final/283_n09-empty-ordinary-environment-03.png,b226ae42618934900520e3cfcf7b58693d7ecc3355e19a1cd31c0d7c416c668a,b226ae42618934900520e3cfcf7b58693d7ecc3355e19a1cd31c0d7c416c668a,FROZEN_V2_MANIFEST_EXPECTED_AND_ACTUAL,FINAL_HOLDOUT_RESERVED,FROZEN_V2_PROMPT_IMAGE_MAPPING_PASS,V3_NO_PERSON_NEGATIVE,PASS_EXPLICIT_NEGATIVE_CUE,negative,PROMPT_DERIVED_SYNTHETIC_GT,FROZEN_GENERATION_PROMPT_AND_PLANNED_ROLE,false,ordinary_negative,false,FINAL_HOLDOUT_RESERVED_AND_NOT_USED_BY_V3
V2_ORIGINAL::IMG_003965,V2_ORIGINAL_SYNTHETIC_500,284_n09-empty-ordinary-environment-04,IMG_003965,pf_v2_aigc_n09-empty-ordinary-environment,HOLDOUT,EXCLUDE_FINAL_HOLDOUT,negative,0,no_person,/home/yanbo/下载/batches/batch_person-fallen-v2-camera1p5m/prompts/284_n09-empty-ordinary-environment-04.txt,53a7646748fd2035555cbeb1b5b8fdbb62835feb1544c55b78e2bdcf6cd21ad6,53a7646748fd2035555cbeb1b5b8fdbb62835feb1544c55b78e2bdcf6cd21ad6,/home/yanbo/下载/batches/batch_person-fallen-v2-camera1p5m/final/284_n09-empty-ordinary-environment-04.png,ac0a32101e6a1f0ac83402cbc7be6296435de5720adafe68033405092ffa7481,ac0a32101e6a1f0ac83402cbc7be6296435de5720adafe68033405092ffa7481,FROZEN_V2_MANIFEST_EXPECTED_AND_ACTUAL,FINAL_HOLDOUT_RESERVED,FROZEN_V2_PROMPT_IMAGE_MAPPING_PASS,V3_NO_PERSON_NEGATIVE,PASS_EXPLICIT_NEGATIVE_CUE,negative,PROMPT_DERIVED_SYNTHETIC_GT,FROZEN_GENERATION_PROMPT_AND_PLANNED_ROLE,false,ordinary_negative,false,FINAL_HOLDOUT_RESERVED_AND_NOT_USED_BY_V3
V2_ORIGINAL::IMG_003966,V2_ORIGINAL_SYNTHETIC_500,285_n09-empty-ordinary-environment-05,IMG_003966,pf_v2_aigc_n09-empty-ordinary-environment,HOLDOUT,EXCLUDE_FINAL_HOLDOUT,negative,0,no_person,/home/yanbo/下载/batches/batch_person-fallen-v2-camera1p5m/prompts/285_n09-empty-ordinary-environment-05.txt,fc6806e0db0e7bf71fcbef9a9db439dcf5167d6b8d97016ed02dfee59b3cbe51,fc6806e0db0e7bf71fcbef9a9db439dcf5167d6b8d97016ed02dfee59b3cbe51,/home/yanbo/下载/batches/batch_person-fallen-v2-camera1p5m/final/285_n09-empty-ordinary-environment-05.png,c4a3a2545d1cefcf3fb6bccd30c5cdd36a839ab16bc626edc2fe2b325d9de848,c4a3a2545d1cefcf3fb6bccd30c5cdd36a839ab16bc626edc2fe2b325d9de848,FROZEN_V2_MANIFEST_EXPECTED_AND_ACTUAL,FINAL_HOLDOUT_RESERVED,FROZEN_V2_PROMPT_IMAGE_MAPPING_PASS,V3_NO_PERSON_NEGATIVE,PASS_EXPLICIT_NEGATIVE_CUE,negative,PROMPT_DERIVED_SYNTHETIC_GT,FROZEN_GENERATION_PROMPT_AND_PLANNED_ROLE,false,ordinary_negative,false,FINAL_HOLDOUT_RESERVED_AND_NOT_USED_BY_V3
V2_ORIGINAL::IMG_003967,V2_ORIGINAL_SYNTHETIC_500,286_n09-empty-ordinary-environment-06,IMG_003967,pf_v2_aigc_n09-empty-ordinary-environment,HOLDOUT,EXCLUDE_FINAL_HOLDOUT,negative,0,no_person,/home/yanbo/下载/batches/batch_person-fallen-v2-camera1p5m/prompts/286_n09-empty-ordinary-environment-06.txt,6bbfed5df2d00c97332dfc709de35433845da95ea380345d9e4bd6787d35d682,6bbfed5df2d00c97332dfc709de35433845da95ea380345d9e4bd6787d35d682,/home/yanbo/下载/batches/batch_person-fallen-v2-camera1p5m/final/286_n09-empty-ordinary-environment-06.png,f26ea4366bb8774e2ac03983deb805df388991eff351289d53e850c6a334239f,f26ea4366bb8774e2ac03983deb805df388991eff351289d53e850c6a334239f,FROZEN_V2_MANIFEST_EXPECTED_AND_ACTUAL,FINAL_HOLDOUT_RESERVED,FROZEN_V2_PROMPT_IMAGE_MAPPING_PASS,V3_NO_PERSON_NEGATIVE,PASS_EXPLICIT_NEGATIVE_CUE,negative,PROMPT_DERIVED_SYNTHETIC_GT,FROZEN_GENERATION_PROMPT_AND_PLANNED_ROLE,false,ordinary_negative,false,FINAL_HOLDOUT_RESERVED_AND_NOT_USED_BY_V3
V2_ORIGINAL::IMG_003968,V2_ORIGINAL_SYNTHETIC_500,287_n09-empty-ordinary-environment-07,IMG_003968,pf_v2_aigc_n09-empty-ordinary-environment,HOLDOUT,EXCLUDE_FINAL_HOLDOUT,negative,0,no_person,/home/yanbo/下载/batches/batch_person-fallen-v2-camera1p5m/prompts/287_n09-empty-ordinary-environment-07.txt,73ab703f41a816b8b6840019471336dcfd342579bfa03c1859da98a4c9f2dfba,73ab703f41a816b8b6840019471336dcfd342579bfa03c1859da98a4c9f2dfba,/home/yanbo/下载/batches/batch_person-fallen-v2-camera1p5m/final/287_n09-empty-ordinary-environment-07.png,68ce664709425e1ffd1c42f0e2b23ec5c02e367a75ac8a9e9a3ea8dc1dd5ee23,68ce664709425e1ffd1c42f0e2b23ec5c02e367a75ac8a9e9a3ea8dc1dd5ee23,FROZEN_V2_MANIFEST_EXPECTED_AND_ACTUAL,FINAL_HOLDOUT_RESERVED,FROZEN_V2_PROMPT_IMAGE_MAPPING_PASS,V3_NO_PERSON_NEGATIVE,PASS_EXPLICIT_NEGATIVE_CUE,negative,PROMPT_DERIVED_SYNTHETIC_GT,FROZEN_GENERATION_PROMPT_AND_PLANNED_ROLE,false,ordinary_negative,false,FINAL_HOLDOUT_RESERVED_AND_NOT_USED_BY_V3
V2_ORIGINAL::IMG_003969,V2_ORIGINAL_SYNTHETIC_500,288_n09-empty-ordinary-environment-08,IMG_003969,pf_v2_aigc_n09-empty-ordinary-environment,HOLDOUT,EXCLUDE_FINAL_HOLDOUT,negative,0,no_person,/home/yanbo/下载/batches/batch_person-fallen-v2-camera1p5m/prompts/288_n09-empty-ordinary-environment-08.txt,071ec8689953f20c358b837a5501cec6bec212dc0be30e77a40734a5e94b8df2,071ec8689953f20c358b837a5501cec6bec212dc0be30e77a40734a5e94b8df2,/home/yanbo/下载/batches/batch_person-fallen-v2-camera1p5m/final/288_n09-empty-ordinary-environment-08.png,41f36cef63e125a0818ea93dbd706549c6b0b075fc4e7a13cd9fc5b95b8c704d,41f36cef63e125a0818ea93dbd706549c6b0b075fc4e7a13cd9fc5b95b8c704d,FROZEN_V2_MANIFEST_EXPECTED_AND_ACTUAL,FINAL_HOLDOUT_RESERVED,FROZEN_V2_PROMPT_IMAGE_MAPPING_PASS,V3_NO_PERSON_NEGATIVE,PASS_EXPLICIT_NEGATIVE_CUE,negative,PROMPT_DERIVED_SYNTHETIC_GT,FROZEN_GENERATION_PROMPT_AND_PLANNED_ROLE,false,ordinary_negative,false,FINAL_HOLDOUT_RESERVED_AND_NOT_USED_BY_V3
V2_ORIGINAL::IMG_003970,V2_ORIGINAL_SYNTHETIC_500,289_n09-empty-ordinary-environment-09,IMG_003970,pf_v2_aigc_n09-empty-ordinary-environment,HOLDOUT,EXCLUDE_FINAL_HOLDOUT,negative,0,no_person,/home/yanbo/下载/batches/batch_person-fallen-v2-camera1p5m/prompts/289_n09-empty-ordinary-environment-09.txt,e176cdfbabba8263fa5ca6bd23e6f52361c5385538adc96472814cb130251546,e176cdfbabba8263fa5ca6bd23e6f52361c5385538adc96472814cb130251546,/home/yanbo/下载/batches/batch_person-fallen-v2-camera1p5m/final/289_n09-empty-ordinary-environment-09.png,5b8038f39aaa1dcec4232202e694d4a4d51f588b34c2563a9f8ecca523aeb709,5b8038f39aaa1dcec4232202e694d4a4d51f588b34c2563a9f8ecca523aeb709,FROZEN_V2_MANIFEST_EXPECTED_AND_ACTUAL,FINAL_HOLDOUT_RESERVED,FROZEN_V2_PROMPT_IMAGE_MAPPING_PASS,V3_NO_PERSON_NEGATIVE,PASS_EXPLICIT_NEGATIVE_CUE,negative,PROMPT_DERIVED_SYNTHETIC_GT,FROZEN_GENERATION_PROMPT_AND_PLANNED_ROLE,false,ordinary_negative,false,FINAL_HOLDOUT_RESERVED_AND_NOT_USED_BY_V3
V2_ORIGINAL::IMG_004009,V2_ORIGINAL_SYNTHETIC_500,28_p03-prone-on-floor-08,IMG_004009,pf_v2_aigc_p03-prone-on-floor,DEV,V3_DEV,positive,1,prone_ground_lying,/home/yanbo/下载/batches/batch_person-fallen-v2-camera1p5m/prompts/28_p03-prone-on-floor-08.txt,e2d1b1813fad5dc55c2c485d2f96316c75d3840bb8c9880f318c0803c45e6066,e2d1b1813fad5dc55c2c485d2f96316c75d3840bb8c9880f318c0803c45e6066,/home/yanbo/下载/batches/batch_person-fallen-v2-camera1p5m/final/28_p03-prone-on-floor-08.png,5584ace79f64b843dbea6e6eccf78e5e0700837c1b506bf79c82085f472e285b,5584ace79f64b843dbea6e6eccf78e5e0700837c1b506bf79c82085f472e285b,FROZEN_V2_MANIFEST_EXPECTED_AND_ACTUAL,REUSABLE_V2_NON_HOLDOUT,FROZEN_V2_PROMPT_IMAGE_MAPPING_PASS,V3_PRONE_GROUND_LYING_POSITIVE,PASS_EXPLICIT_POSTURE_CUE,positive,PROMPT_DERIVED_SYNTHETIC_GT,FROZEN_GENERATION_PROMPT_AND_PLANNED_ROLE,false,positive,true,
V2_ORIGINAL::IMG_003971,V2_ORIGINAL_SYNTHETIC_500,290_n09-empty-ordinary-environment-10,IMG_003971,pf_v2_aigc_n09-empty-ordinary-environment,HOLDOUT,EXCLUDE_FINAL_HOLDOUT,negative,0,no_person,/home/yanbo/下载/batches/batch_person-fallen-v2-camera1p5m/prompts/290_n09-empty-ordinary-environment-10.txt,f480ee9cc6250d8ad33840c31172750e2c618ddecb94b96f698edc1a171f1f59,f480ee9cc6250d8ad33840c31172750e2c618ddecb94b96f698edc1a171f1f59,/home/yanbo/下载/batches/batch_person-fallen-v2-camera1p5m/final/290_n09-empty-ordinary-environment-10.png,848328fbe03cc1c49d51b367c20f8d93a4e2f960dab850dffa75eb31481fa259,848328fbe03cc1c49d51b367c20f8d93a4e2f960dab850dffa75eb31481fa259,FROZEN_V2_MANIFEST_EXPECTED_AND_ACTUAL,FINAL_HOLDOUT_RESERVED,FROZEN_V2_PROMPT_IMAGE_MAPPING_PASS,V3_NO_PERSON_NEGATIVE,PASS_EXPLICIT_NEGATIVE_CUE,negative,PROMPT_DERIVED_SYNTHETIC_GT,FROZEN_GENERATION_PROMPT_AND_PLANNED_ROLE,false,ordinary_negative,false,FINAL_HOLDOUT_RESERVED_AND_NOT_USED_BY_V3
V2_ORIGINAL::IMG_003972,V2_ORIGINAL_SYNTHETIC_500,291_n10-empty-ordinary-environment-01,IMG_003972,pf_v2_aigc_n10-empty-ordinary-environment,HOLDOUT,EXCLUDE_FINAL_HOLDOUT,negative,0,no_person,/home/yanbo/下载/batches/batch_person-fallen-v2-camera1p5m/prompts/291_n10-empty-ordinary-environment-01.txt,e7d1624f93cfaa72da23dcb4684b219860375aa834f17273921af9e5498d596c,e7d1624f93cfaa72da23dcb4684b219860375aa834f17273921af9e5498d596c,/home/yanbo/下载/batches/batch_person-fallen-v2-camera1p5m/final/291_n10-empty-ordinary-environment-01.png,343c24bc1858330a09579d2eb392edd13575b03ff2f859ec2fea5bbe26ccbdd6,343c24bc1858330a09579d2eb392edd13575b03ff2f859ec2fea5bbe26ccbdd6,FROZEN_V2_MANIFEST_EXPECTED_AND_ACTUAL,FINAL_HOLDOUT_RESERVED,FROZEN_V2_PROMPT_IMAGE_MAPPING_PASS,V3_NO_PERSON_NEGATIVE,PASS_EXPLICIT_NEGATIVE_CUE,negative,PROMPT_DERIVED_SYNTHETIC_GT,FROZEN_GENERATION_PROMPT_AND_PLANNED_ROLE,false,ordinary_negative,false,FINAL_HOLDOUT_RESERVED_AND_NOT_USED_BY_V3
V2_ORIGINAL::IMG_003973,V2_ORIGINAL_SYNTHETIC_500,292_n10-empty-ordinary-environment-02,IMG_003973,pf_v2_aigc_n10-empty-ordinary-environment,HOLDOUT,EXCLUDE_FINAL_HOLDOUT,negative,0,no_person,/home/yanbo/下载/batches/batch_person-fallen-v2-camera1p5m/prompts/292_n10-empty-ordinary-environment-02.txt,dfcebe9d9fcb7b23b89ea2d6222ce97bd6c508e7d3a9245d8c6d1244ed392b19,dfcebe9d9fcb7b23b89ea2d6222ce97bd6c508e7d3a9245d8c6d1244ed392b19,/home/yanbo/下载/batches/batch_person-fallen-v2-camera1p5m/final/292_n10-empty-ordinary-environment-02.png,c1af3c93554d7c7a8dce2fdcfbb70e5e57253c0e1986cdbe7d4d08bf9495cadd,c1af3c93554d7c7a8dce2fdcfbb70e5e57253c0e1986cdbe7d4d08bf9495cadd,FROZEN_V2_MANIFEST_EXPECTED_AND_ACTUAL,FINAL_HOLDOUT_RESERVED,FROZEN_V2_PROMPT_IMAGE_MAPPING_PASS,V3_NO_PERSON_NEGATIVE,PASS_EXPLICIT_NEGATIVE_CUE,negative,PROMPT_DERIVED_SYNTHETIC_GT,FROZEN_GENERATION_PROMPT_AND_PLANNED_ROLE,false,ordinary_negative,false,FINAL_HOLDOUT_RESERVED_AND_NOT_USED_BY_V3
V2_ORIGINAL::IMG_003974,V2_ORIGINAL_SYNTHETIC_500,293_n10-empty-ordinary-environment-03,IMG_003974,pf_v2_aigc_n10-empty-ordinary-environment,HOLDOUT,EXCLUDE_FINAL_HOLDOUT,negative,0,no_person,/home/yanbo/下载/batches/batch_person-fallen-v2-camera1p5m/prompts/293_n10-empty-ordinary-environment-03.txt,e20597d9fde8e5d957407cc7074b7a54ca543298b9f575e424e825c5442db087,e20597d9fde8e5d957407cc7074b7a54ca543298b9f575e424e825c5442db087,/home/yanbo/下载/batches/batch_person-fallen-v2-camera1p5m/final/293_n10-empty-ordinary-environment-03.png,1a56ddaa13a22b1ff57ad4e2371a567f12411359319254b3837f7e311eff8753,1a56ddaa13a22b1ff57ad4e2371a567f12411359319254b3837f7e311eff8753,FROZEN_V2_MANIFEST_EXPECTED_AND_ACTUAL,FINAL_HOLDOUT_RESERVED,FROZEN_V2_PROMPT_IMAGE_MAPPING_PASS,V3_NO_PERSON_NEGATIVE,PASS_EXPLICIT_NEGATIVE_CUE,negative,PROMPT_DERIVED_SYNTHETIC_GT,FROZEN_GENERATION_PROMPT_AND_PLANNED_ROLE,false,ordinary_negative,false,FINAL_HOLDOUT_RESERVED_AND_NOT_USED_BY_V3
V2_ORIGINAL::IMG_003975,V2_ORIGINAL_SYNTHETIC_500,294_n10-empty-ordinary-environment-04,IMG_003975,pf_v2_aigc_n10-empty-ordinary-environment,HOLDOUT,EXCLUDE_FINAL_HOLDOUT,negative,0,no_person,/home/yanbo/下载/batches/batch_person-fallen-v2-camera1p5m/prompts/294_n10-empty-ordinary-environment-04.txt,a0fccf295410ae9c823eb1babcf69901993e17076b073a261278a32632a6dfa3,a0fccf295410ae9c823eb1babcf69901993e17076b073a261278a32632a6dfa3,/home/yanbo/下载/batches/batch_person-fallen-v2-camera1p5m/final/294_n10-empty-ordinary-environment-04.png,c0fa7065680316270522f7b0191f6d2103cc326b38090c01a854a6d324d097b4,c0fa7065680316270522f7b0191f6d2103cc326b38090c01a854a6d324d097b4,FROZEN_V2_MANIFEST_EXPECTED_AND_ACTUAL,FINAL_HOLDOUT_RESERVED,FROZEN_V2_PROMPT_IMAGE_MAPPING_PASS,V3_NO_PERSON_NEGATIVE,PASS_EXPLICIT_NEGATIVE_CUE,negative,PROMPT_DERIVED_SYNTHETIC_GT,FROZEN_GENERATION_PROMPT_AND_PLANNED_ROLE,false,ordinary_negative,false,FINAL_HOLDOUT_RESERVED_AND_NOT_USED_BY_V3
V2_ORIGINAL::IMG_003976,V2_ORIGINAL_SYNTHETIC_500,295_n10-empty-ordinary-environment-05,IMG_003976,pf_v2_aigc_n10-empty-ordinary-environment,HOLDOUT,EXCLUDE_FINAL_HOLDOUT,negative,0,no_person,/home/yanbo/下载/batches/batch_person-fallen-v2-camera1p5m/prompts/295_n10-empty-ordinary-environment-05.txt,0e7dbac157ba9810dbefbc8d9bf0982a57c2111a94fb8dbda7bece2b54cd4aa8,0e7dbac157ba9810dbefbc8d9bf0982a57c2111a94fb8dbda7bece2b54cd4aa8,/home/yanbo/下载/batches/batch_person-fallen-v2-camera1p5m/final/295_n10-empty-ordinary-environment-05.png,a0ed7789107366acd206f7ebd76e604f519ed6b9da616e5ade1b759e7b32cee6,a0ed7789107366acd206f7ebd76e604f519ed6b9da616e5ade1b759e7b32cee6,FROZEN_V2_MANIFEST_EXPECTED_AND_ACTUAL,FINAL_HOLDOUT_RESERVED,FROZEN_V2_PROMPT_IMAGE_MAPPING_PASS,V3_NO_PERSON_NEGATIVE,PASS_EXPLICIT_NEGATIVE_CUE,negative,PROMPT_DERIVED_SYNTHETIC_GT,FROZEN_GENERATION_PROMPT_AND_PLANNED_ROLE,false,ordinary_negative,false,FINAL_HOLDOUT_RESERVED_AND_NOT_USED_BY_V3
V2_ORIGINAL::IMG_003977,V2_ORIGINAL_SYNTHETIC_500,296_n10-empty-ordinary-environment-06,IMG_003977,pf_v2_aigc_n10-empty-ordinary-environment,HOLDOUT,EXCLUDE_FINAL_HOLDOUT,negative,0,no_person,/home/yanbo/下载/batches/batch_person-fallen-v2-camera1p5m/prompts/296_n10-empty-ordinary-environment-06.txt,4c51ef950d520b5ce84ce490c0d4ef52a141a3ca3ad1a5e39cef1c3d969aefb1,4c51ef950d520b5ce84ce490c0d4ef52a141a3ca3ad1a5e39cef1c3d969aefb1,/home/yanbo/下载/batches/batch_person-fallen-v2-camera1p5m/final/296_n10-empty-ordinary-environment-06.png,c9f2d9867a3a734d8feee362dfec1eb6db77396e9a4299c3cde9141824a7e4fc,c9f2d9867a3a734d8feee362dfec1eb6db77396e9a4299c3cde9141824a7e4fc,FROZEN_V2_MANIFEST_EXPECTED_AND_ACTUAL,FINAL_HOLDOUT_RESERVED,FROZEN_V2_PROMPT_IMAGE_MAPPING_PASS,V3_NO_PERSON_NEGATIVE,PASS_EXPLICIT_NEGATIVE_CUE,negative,PROMPT_DERIVED_SYNTHETIC_GT,FROZEN_GENERATION_PROMPT_AND_PLANNED_ROLE,false,ordinary_negative,false,FINAL_HOLDOUT_RESERVED_AND_NOT_USED_BY_V3
V2_ORIGINAL::IMG_003978,V2_ORIGINAL_SYNTHETIC_500,297_n10-empty-ordinary-environment-07,IMG_003978,pf_v2_aigc_n10-empty-ordinary-environment,HOLDOUT,EXCLUDE_FINAL_HOLDOUT,negative,0,no_person,/home/yanbo/下载/batches/batch_person-fallen-v2-camera1p5m/prompts/297_n10-empty-ordinary-environment-07.txt,79ffda9b0c48d7e0f95d505d949ce38c2852d7fdf3eb0716cdb082c70be63a75,79ffda9b0c48d7e0f95d505d949ce38c2852d7fdf3eb0716cdb082c70be63a75,/home/yanbo/下载/batches/batch_person-fallen-v2-camera1p5m/final/297_n10-empty-ordinary-environment-07.png,44df2a6d8599d15dce81d6b362bb5d45fa5ec27695deb63f24c89696aed573a0,44df2a6d8599d15dce81d6b362bb5d45fa5ec27695deb63f24c89696aed573a0,FROZEN_V2_MANIFEST_EXPECTED_AND_ACTUAL,FINAL_HOLDOUT_RESERVED,FROZEN_V2_PROMPT_IMAGE_MAPPING_PASS,V3_NO_PERSON_NEGATIVE,PASS_EXPLICIT_NEGATIVE_CUE,negative,PROMPT_DERIVED_SYNTHETIC_GT,FROZEN_GENERATION_PROMPT_AND_PLANNED_ROLE,false,ordinary_negative,false,FINAL_HOLDOUT_RESERVED_AND_NOT_USED_BY_V3
V2_ORIGINAL::IMG_003979,V2_ORIGINAL_SYNTHETIC_500,298_n10-empty-ordinary-environment-08,IMG_003979,pf_v2_aigc_n10-empty-ordinary-environment,HOLDOUT,EXCLUDE_FINAL_HOLDOUT,negative,0,no_person,/home/yanbo/下载/batches/batch_person-fallen-v2-camera1p5m/prompts/298_n10-empty-ordinary-environment-08.txt,18bb228b79a30f4fcf7f8ddb01c82c59a950d92c01e1599c97bfbbe2f02b7de1,18bb228b79a30f4fcf7f8ddb01c82c59a950d92c01e1599c97bfbbe2f02b7de1,/home/yanbo/下载/batches/batch_person-fallen-v2-camera1p5m/final/298_n10-empty-ordinary-environment-08.png,01998bbbccfe92cf0fef6c67641bb2e0728ea4071487515c184c2a5520a4d1b7,01998bbbccfe92cf0fef6c67641bb2e0728ea4071487515c184c2a5520a4d1b7,FROZEN_V2_MANIFEST_EXPECTED_AND_ACTUAL,FINAL_HOLDOUT_RESERVED,FROZEN_V2_PROMPT_IMAGE_MAPPING_PASS,V3_NO_PERSON_NEGATIVE,PASS_EXPLICIT_NEGATIVE_CUE,negative,PROMPT_DERIVED_SYNTHETIC_GT,FROZEN_GENERATION_PROMPT_AND_PLANNED_ROLE,false,ordinary_negative,false,FINAL_HOLDOUT_RESERVED_AND_NOT_USED_BY_V3
V2_ORIGINAL::IMG_003980,V2_ORIGINAL_SYNTHETIC_500,299_n10-empty-ordinary-environment-09,IMG_003980,pf_v2_aigc_n10-empty-ordinary-environment,HOLDOUT,EXCLUDE_FINAL_HOLDOUT,negative,0,no_person,/home/yanbo/下载/batches/batch_person-fallen-v2-camera1p5m/prompts/299_n10-empty-ordinary-environment-09.txt,68b245412b04a5e444d7c8fd16a5f02e603ceffb173827725e921a45de9150b8,68b245412b04a5e444d7c8fd16a5f02e603ceffb173827725e921a45de9150b8,/home/yanbo/下载/batches/batch_person-fallen-v2-camera1p5m/final/299_n10-empty-ordinary-environment-09.png,6ed28568e808d76d93eaa2162694394d68dc4b6decfa44ca7d39899db68b1298,6ed28568e808d76d93eaa2162694394d68dc4b6decfa44ca7d39899db68b1298,FROZEN_V2_MANIFEST_EXPECTED_AND_ACTUAL,FINAL_HOLDOUT_RESERVED,FROZEN_V2_PROMPT_IMAGE_MAPPING_PASS,V3_NO_PERSON_NEGATIVE,PASS_EXPLICIT_NEGATIVE_CUE,negative,PROMPT_DERIVED_SYNTHETIC_GT,FROZEN_GENERATION_PROMPT_AND_PLANNED_ROLE,false,ordinary_negative,false,FINAL_HOLDOUT_RESERVED_AND_NOT_USED_BY_V3
V2_ORIGINAL::IMG_004010,V2_ORIGINAL_SYNTHETIC_500,29_p03-prone-on-floor-09,IMG_004010,pf_v2_aigc_p03-prone-on-floor,DEV,V3_DEV,positive,1,prone_ground_lying,/home/yanbo/下载/batches/batch_person-fallen-v2-camera1p5m/prompts/29_p03-prone-on-floor-09.txt,65061ebf715ad83d65699016b726f9ad39453bf616c01e6732f16a48f1d7ed34,65061ebf715ad83d65699016b726f9ad39453bf616c01e6732f16a48f1d7ed34,/home/yanbo/下载/batches/batch_person-fallen-v2-camera1p5m/final/29_p03-prone-on-floor-09.png,5e672724004a81b5b2d705c84a7bfb3bd5dadec21ca063c60d35dcc09debb938,5e672724004a81b5b2d705c84a7bfb3bd5dadec21ca063c60d35dcc09debb938,FROZEN_V2_MANIFEST_EXPECTED_AND_ACTUAL,REUSABLE_V2_NON_HOLDOUT,FROZEN_V2_PROMPT_IMAGE_MAPPING_PASS,V3_PRONE_GROUND_LYING_POSITIVE,PASS_EXPLICIT_POSTURE_CUE,positive,PROMPT_DERIVED_SYNTHETIC_GT,FROZEN_GENERATION_PROMPT_AND_PLANNED_ROLE,false,positive,true,
V2_ORIGINAL::IMG_003981,V2_ORIGINAL_SYNTHETIC_500,300_n10-empty-ordinary-environment-10,IMG_003981,pf_v2_aigc_n10-empty-ordinary-environment,HOLDOUT,EXCLUDE_FINAL_HOLDOUT,negative,0,no_person,/home/yanbo/下载/batches/batch_person-fallen-v2-camera1p5m/prompts/300_n10-empty-ordinary-environment-10.txt,dc6c6a698ece776d0953235397c917212bdd1a00f6691de91235ee82add55f0d,dc6c6a698ece776d0953235397c917212bdd1a00f6691de91235ee82add55f0d,/home/yanbo/下载/batches/batch_person-fallen-v2-camera1p5m/final/300_n10-empty-ordinary-environment-10.png,c73615ff2ead991d63116598175c5d97e7bc289cc89c73399c1c2e8867f58ff9,c73615ff2ead991d63116598175c5d97e7bc289cc89c73399c1c2e8867f58ff9,FROZEN_V2_MANIFEST_EXPECTED_AND_ACTUAL,FINAL_HOLDOUT_RESERVED,FROZEN_V2_PROMPT_IMAGE_MAPPING_PASS,V3_NO_PERSON_NEGATIVE,PASS_EXPLICIT_NEGATIVE_CUE,negative,PROMPT_DERIVED_SYNTHETIC_GT,FROZEN_GENERATION_PROMPT_AND_PLANNED_ROLE,false,ordinary_negative,false,FINAL_HOLDOUT_RESERVED_AND_NOT_USED_BY_V3
V2_ORIGINAL::IMG_003702,V2_ORIGINAL_SYNTHETIC_500,301_h01-sitting-on-floor-01,IMG_003702,pf_v2_aigc_h01-sitting-on-floor,DEV,V3_DEV,hard_negative,0,floor_sitting,/home/yanbo/下载/batches/batch_person-fallen-v2-camera1p5m/prompts/301_h01-sitting-on-floor-01.txt,f53d4fbdabfb953bc5195743b9e6574c2f4d6fdb694315bbbd7449214be8c1cc,f53d4fbdabfb953bc5195743b9e6574c2f4d6fdb694315bbbd7449214be8c1cc,/home/yanbo/下载/batches/batch_person-fallen-v2-camera1p5m/final/301_h01-sitting-on-floor-01.png,5f82ee8030a64dfae05bb4583c289b09c8ebc33280dc2f6e4a53a10bbb60b2fc,5f82ee8030a64dfae05bb4583c289b09c8ebc33280dc2f6e4a53a10bbb60b2fc,FROZEN_V2_MANIFEST_EXPECTED_AND_ACTUAL,REUSABLE_V2_NON_HOLDOUT,FROZEN_V2_PROMPT_IMAGE_MAPPING_PASS,V3_FLOOR_SITTING_NEGATIVE,PASS_EXPLICIT_NEGATIVE_CUE,negative,PROMPT_DERIVED_SYNTHETIC_GT,FROZEN_GENERATION_PROMPT_AND_PLANNED_ROLE,false,hard_negative,true,
V2_ORIGINAL::IMG_003703,V2_ORIGINAL_SYNTHETIC_500,302_h01-sitting-on-floor-02,IMG_003703,pf_v2_aigc_h01-sitting-on-floor,DEV,V3_DEV,hard_negative,0,floor_sitting,/home/yanbo/下载/batches/batch_person-fallen-v2-camera1p5m/prompts/302_h01-sitting-on-floor-02.txt,d092704b65052298cb8d9fb121787c417c27f514b5512e01cbd41e5abf228376,d092704b65052298cb8d9fb121787c417c27f514b5512e01cbd41e5abf228376,/home/yanbo/下载/batches/batch_person-fallen-v2-camera1p5m/final/302_h01-sitting-on-floor-02.png,5e18806b0d663d3a7b16e0bf3564749c245323f6fc828cd80add4c68d279c87f,5e18806b0d663d3a7b16e0bf3564749c245323f6fc828cd80add4c68d279c87f,FROZEN_V2_MANIFEST_EXPECTED_AND_ACTUAL,REUSABLE_V2_NON_HOLDOUT,FROZEN_V2_PROMPT_IMAGE_MAPPING_PASS,V3_FLOOR_SITTING_NEGATIVE,PASS_EXPLICIT_NEGATIVE_CUE,negative,PROMPT_DERIVED_SYNTHETIC_GT,FROZEN_GENERATION_PROMPT_AND_PLANNED_ROLE,false,hard_negative,true,
V2_ORIGINAL::IMG_003704,V2_ORIGINAL_SYNTHETIC_500,303_h01-sitting-on-floor-03,IMG_003704,pf_v2_aigc_h01-sitting-on-floor,DEV,V3_DEV,hard_negative,0,floor_sitting,/home/yanbo/下载/batches/batch_person-fallen-v2-camera1p5m/prompts/303_h01-sitting-on-floor-03.txt,56a3649349223f241a23ad81e505012bf809ee2f6d1ca4bfb3c3b31efe70cd77,56a3649349223f241a23ad81e505012bf809ee2f6d1ca4bfb3c3b31efe70cd77,/home/yanbo/下载/batches/batch_person-fallen-v2-camera1p5m/final/303_h01-sitting-on-floor-03.png,27d688b997b3048bf57efd35520fa34bd3adccda66575f1ddb0bcc298629ce4b,27d688b997b3048bf57efd35520fa34bd3adccda66575f1ddb0bcc298629ce4b,FROZEN_V2_MANIFEST_EXPECTED_AND_ACTUAL,REUSABLE_V2_NON_HOLDOUT,FROZEN_V2_PROMPT_IMAGE_MAPPING_PASS,V3_FLOOR_SITTING_NEGATIVE,PASS_EXPLICIT_NEGATIVE_CUE,negative,PROMPT_DERIVED_SYNTHETIC_GT,FROZEN_GENERATION_PROMPT_AND_PLANNED_ROLE,false,hard_negative,true,
V2_ORIGINAL::IMG_003705,V2_ORIGINAL_SYNTHETIC_500,304_h01-sitting-on-floor-04,IMG_003705,pf_v2_aigc_h01-sitting-on-floor,DEV,V3_DEV,hard_negative,0,floor_sitting,/home/yanbo/下载/batches/batch_person-fallen-v2-camera1p5m/prompts/304_h01-sitting-on-floor-04.txt,baa5ce4b1091059d4ce970693dc4c8fd40b936402795060f55e1f8b527a8cf84,baa5ce4b1091059d4ce970693dc4c8fd40b936402795060f55e1f8b527a8cf84,/home/yanbo/下载/batches/batch_person-fallen-v2-camera1p5m/final/304_h01-sitting-on-floor-04.png,4bca926036b8d0324b411c6828586467b408df92eb1db27af3b8dd25bf443e17,4bca926036b8d0324b411c6828586467b408df92eb1db27af3b8dd25bf443e17,FROZEN_V2_MANIFEST_EXPECTED_AND_ACTUAL,REUSABLE_V2_NON_HOLDOUT,FROZEN_V2_PROMPT_IMAGE_MAPPING_PASS,V3_FLOOR_SITTING_NEGATIVE,PASS_EXPLICIT_NEGATIVE_CUE,negative,PROMPT_DERIVED_SYNTHETIC_GT,FROZEN_GENERATION_PROMPT_AND_PLANNED_ROLE,false,hard_negative,true,
V2_ORIGINAL::IMG_003706,V2_ORIGINAL_SYNTHETIC_500,305_h01-sitting-on-floor-05,IMG_003706,pf_v2_aigc_h01-sitting-on-floor,DEV,V3_DEV,hard_negative,0,floor_sitting,/home/yanbo/下载/batches/batch_person-fallen-v2-camera1p5m/prompts/305_h01-sitting-on-floor-05.txt,6d534c9bb889259c656de1c622386ff46f4410bc76f0142d2337d5fe8b909781,6d534c9bb889259c656de1c622386ff46f4410bc76f0142d2337d5fe8b909781,/home/yanbo/下载/batches/batch_person-fallen-v2-camera1p5m/final/305_h01-sitting-on-floor-05.png,2b6115e018583759cfe5df4bd1fcd315bb592af2d089c3a701da59fbbbf0e6e0,2b6115e018583759cfe5df4bd1fcd315bb592af2d089c3a701da59fbbbf0e6e0,FROZEN_V2_MANIFEST_EXPECTED_AND_ACTUAL,REUSABLE_V2_NON_HOLDOUT,FROZEN_V2_PROMPT_IMAGE_MAPPING_PASS,V3_FLOOR_SITTING_NEGATIVE,PASS_EXPLICIT_NEGATIVE_CUE,negative,PROMPT_DERIVED_SYNTHETIC_GT,FROZEN_GENERATION_PROMPT_AND_PLANNED_ROLE,false,hard_negative,true,
V2_ORIGINAL::IMG_003707,V2_ORIGINAL_SYNTHETIC_500,306_h01-sitting-on-floor-06,IMG_003707,pf_v2_aigc_h01-sitting-on-floor,DEV,V3_DEV,hard_negative,0,floor_sitting,/home/yanbo/下载/batches/batch_person-fallen-v2-camera1p5m/prompts/306_h01-sitting-on-floor-06.txt,9b453d26978f6600000458aa4b5b78454da80bf15d9773289eed341a9b799717,9b453d26978f6600000458aa4b5b78454da80bf15d9773289eed341a9b799717,/home/yanbo/下载/batches/batch_person-fallen-v2-camera1p5m/final/306_h01-sitting-on-floor-06.png,73bc09ee9ef0fd6bbb582bbe0db98cd4469f12a8834626f5fa2cc0b71ba6acbd,73bc09ee9ef0fd6bbb582bbe0db98cd4469f12a8834626f5fa2cc0b71ba6acbd,FROZEN_V2_MANIFEST_EXPECTED_AND_ACTUAL,REUSABLE_V2_NON_HOLDOUT,FROZEN_V2_PROMPT_IMAGE_MAPPING_PASS,V3_FLOOR_SITTING_NEGATIVE,PASS_EXPLICIT_NEGATIVE_CUE,negative,PROMPT_DERIVED_SYNTHETIC_GT,FROZEN_GENERATION_PROMPT_AND_PLANNED_ROLE,false,hard_negative,true,
V2_ORIGINAL::IMG_003708,V2_ORIGINAL_SYNTHETIC_500,307_h01-sitting-on-floor-07,IMG_003708,pf_v2_aigc_h01-sitting-on-floor,DEV,V3_DEV,hard_negative,0,floor_sitting,/home/yanbo/下载/batches/batch_person-fallen-v2-camera1p5m/prompts/307_h01-sitting-on-floor-07.txt,a93a0c7e45ef6c5999f3afc9ed9386e14367a27e41f3cbc1326d2fdc51ad96bb,a93a0c7e45ef6c5999f3afc9ed9386e14367a27e41f3cbc1326d2fdc51ad96bb,/home/yanbo/下载/batches/batch_person-fallen-v2-camera1p5m/final/307_h01-sitting-on-floor-07.png,aebf6050b3fb73755b48cad44728ca0f55ae95c078047887335bcfcc57776c47,aebf6050b3fb73755b48cad44728ca0f55ae95c078047887335bcfcc57776c47,FROZEN_V2_MANIFEST_EXPECTED_AND_ACTUAL,REUSABLE_V2_NON_HOLDOUT,FROZEN_V2_PROMPT_IMAGE_MAPPING_PASS,V3_FLOOR_SITTING_NEGATIVE,PASS_EXPLICIT_NEGATIVE_CUE,negative,PROMPT_DERIVED_SYNTHETIC_GT,FROZEN_GENERATION_PROMPT_AND_PLANNED_ROLE,false,hard_negative,true,
V2_ORIGINAL::IMG_003709,V2_ORIGINAL_SYNTHETIC_500,308_h01-sitting-on-floor-08,IMG_003709,pf_v2_aigc_h01-sitting-on-floor,DEV,V3_DEV,hard_negative,0,floor_sitting,/home/yanbo/下载/batches/batch_person-fallen-v2-camera1p5m/prompts/308_h01-sitting-on-floor-08.txt,98119d22c1c103dcd3efc0dc9c6602fd1747ca21018ed75a78ed727284791374,98119d22c1c103dcd3efc0dc9c6602fd1747ca21018ed75a78ed727284791374,/home/yanbo/下载/batches/batch_person-fallen-v2-camera1p5m/final/308_h01-sitting-on-floor-08.png,d9f51b8ff2d02493d7ecd7d16b28d4480d32456bbd87bf21b040cc6b3d4eeb33,d9f51b8ff2d02493d7ecd7d16b28d4480d32456bbd87bf21b040cc6b3d4eeb33,FROZEN_V2_MANIFEST_EXPECTED_AND_ACTUAL,REUSABLE_V2_NON_HOLDOUT,FROZEN_V2_PROMPT_IMAGE_MAPPING_PASS,V3_FLOOR_SITTING_NEGATIVE,PASS_EXPLICIT_NEGATIVE_CUE,negative,PROMPT_DERIVED_SYNTHETIC_GT,FROZEN_GENERATION_PROMPT_AND_PLANNED_ROLE,false,hard_negative,true,
V2_ORIGINAL::IMG_003710,V2_ORIGINAL_SYNTHETIC_500,309_h01-sitting-on-floor-09,IMG_003710,pf_v2_aigc_h01-sitting-on-floor,DEV,V3_DEV,hard_negative,0,floor_sitting,/home/yanbo/下载/batches/batch_person-fallen-v2-camera1p5m/prompts/309_h01-sitting-on-floor-09.txt,0761a3f3c3b52a37237e6cd50240dc9f0e83a9456413dc19a9a9d1a60e3ea312,0761a3f3c3b52a37237e6cd50240dc9f0e83a9456413dc19a9a9d1a60e3ea312,/home/yanbo/下载/batches/batch_person-fallen-v2-camera1p5m/final/309_h01-sitting-on-floor-09.png,b18857cefb35aee71924a5cca2bd68a70cb29e28e5ec82e53e447f3301f1da13,b18857cefb35aee71924a5cca2bd68a70cb29e28e5ec82e53e447f3301f1da13,FROZEN_V2_MANIFEST_EXPECTED_AND_ACTUAL,REUSABLE_V2_NON_HOLDOUT,FROZEN_V2_PROMPT_IMAGE_MAPPING_PASS,V3_FLOOR_SITTING_NEGATIVE,PASS_EXPLICIT_NEGATIVE_CUE,negative,PROMPT_DERIVED_SYNTHETIC_GT,FROZEN_GENERATION_PROMPT_AND_PLANNED_ROLE,false,hard_negative,true,
V2_ORIGINAL::IMG_004011,V2_ORIGINAL_SYNTHETIC_500,30_p03-prone-on-floor-10,IMG_004011,pf_v2_aigc_p03-prone-on-floor,DEV,V3_DEV,positive,1,prone_ground_lying,/home/yanbo/下载/batches/batch_person-fallen-v2-camera1p5m/prompts/30_p03-prone-on-floor-10.txt,74be16d00249bc2b5a34f514c3142a2587e5ca7bba8732256c341956ed880cec,74be16d00249bc2b5a34f514c3142a2587e5ca7bba8732256c341956ed880cec,/home/yanbo/下载/batches/batch_person-fallen-v2-camera1p5m/final/30_p03-prone-on-floor-10.png,21a5aa9d0b90a82dff6f58e818f3f4cd2c2c7f83a07fac1b12e2a6bcb2b74a4b,21a5aa9d0b90a82dff6f58e818f3f4cd2c2c7f83a07fac1b12e2a6bcb2b74a4b,FROZEN_V2_MANIFEST_EXPECTED_AND_ACTUAL,REUSABLE_V2_NON_HOLDOUT,FROZEN_V2_PROMPT_IMAGE_MAPPING_PASS,V3_PRONE_GROUND_LYING_POSITIVE,PASS_EXPLICIT_POSTURE_CUE,positive,PROMPT_DERIVED_SYNTHETIC_GT,FROZEN_GENERATION_PROMPT_AND_PLANNED_ROLE,false,positive,true,
V2_ORIGINAL::IMG_003711,V2_ORIGINAL_SYNTHETIC_500,310_h01-sitting-on-floor-10,IMG_003711,pf_v2_aigc_h01-sitting-on-floor,DEV,V3_DEV,hard_negative,0,floor_sitting,/home/yanbo/下载/batches/batch_person-fallen-v2-camera1p5m/prompts/310_h01-sitting-on-floor-10.txt,c91e8bb07b3571e932084867336acfb0091000b4992e1a9e7f3c6fe3f570b65f,c91e8bb07b3571e932084867336acfb0091000b4992e1a9e7f3c6fe3f570b65f,/home/yanbo/下载/batches/batch_person-fallen-v2-camera1p5m/final/310_h01-sitting-on-floor-10.png,5785e793610f7f7677b6c4d9b947c828a4e56e2d327d06adba47f377dfb5dc43,5785e793610f7f7677b6c4d9b947c828a4e56e2d327d06adba47f377dfb5dc43,FROZEN_V2_MANIFEST_EXPECTED_AND_ACTUAL,REUSABLE_V2_NON_HOLDOUT,FROZEN_V2_PROMPT_IMAGE_MAPPING_PASS,V3_FLOOR_SITTING_NEGATIVE,PASS_EXPLICIT_NEGATIVE_CUE,negative,PROMPT_DERIVED_SYNTHETIC_GT,FROZEN_GENERATION_PROMPT_AND_PLANNED_ROLE,false,hard_negative,true,
V2_ORIGINAL::IMG_003712,V2_ORIGINAL_SYNTHETIC_500,311_h02-sitting-on-floor-01,IMG_003712,pf_v2_aigc_h02-sitting-on-floor,DEV,V3_DEV,hard_negative,0,floor_sitting,/home/yanbo/下载/batches/batch_person-fallen-v2-camera1p5m/prompts/311_h02-sitting-on-floor-01.txt,3fa1db199a0cddb648594d401a005be8a99dfe91b47fa37c3efd9f78209be731,3fa1db199a0cddb648594d401a005be8a99dfe91b47fa37c3efd9f78209be731,/home/yanbo/下载/batches/batch_person-fallen-v2-camera1p5m/final/311_h02-sitting-on-floor-01.png,a08dc0677c5f0c67aecd4897fe8c39f6112c2732b2182b3d889b03b5a98b617d,a08dc0677c5f0c67aecd4897fe8c39f6112c2732b2182b3d889b03b5a98b617d,FROZEN_V2_MANIFEST_EXPECTED_AND_ACTUAL,REUSABLE_V2_NON_HOLDOUT,FROZEN_V2_PROMPT_IMAGE_MAPPING_PASS,V3_FLOOR_SITTING_NEGATIVE,PASS_EXPLICIT_NEGATIVE_CUE,negative,PROMPT_DERIVED_SYNTHETIC_GT,FROZEN_GENERATION_PROMPT_AND_PLANNED_ROLE,false,hard_negative,true,
V2_ORIGINAL::IMG_003713,V2_ORIGINAL_SYNTHETIC_500,312_h02-sitting-on-floor-02,IMG_003713,pf_v2_aigc_h02-sitting-on-floor,DEV,V3_DEV,hard_negative,0,floor_sitting,/home/yanbo/下载/batches/batch_person-fallen-v2-camera1p5m/prompts/312_h02-sitting-on-floor-02.txt,575380327386f8c68f43795656cf0daf5135ba021f87557614c233643bca0b4e,575380327386f8c68f43795656cf0daf5135ba021f87557614c233643bca0b4e,/home/yanbo/下载/batches/batch_person-fallen-v2-camera1p5m/final/312_h02-sitting-on-floor-02.png,74c096570ad1109e55ec956d25c76b0c3fe1a9dc51eef03da1642c07d7a765b9,74c096570ad1109e55ec956d25c76b0c3fe1a9dc51eef03da1642c07d7a765b9,FROZEN_V2_MANIFEST_EXPECTED_AND_ACTUAL,REUSABLE_V2_NON_HOLDOUT,FROZEN_V2_PROMPT_IMAGE_MAPPING_PASS,V3_FLOOR_SITTING_NEGATIVE,PASS_EXPLICIT_NEGATIVE_CUE,negative,PROMPT_DERIVED_SYNTHETIC_GT,FROZEN_GENERATION_PROMPT_AND_PLANNED_ROLE,false,hard_negative,true,
V2_ORIGINAL::IMG_003714,V2_ORIGINAL_SYNTHETIC_500,313_h02-sitting-on-floor-03,IMG_003714,pf_v2_aigc_h02-sitting-on-floor,DEV,V3_DEV,hard_negative,0,floor_sitting,/home/yanbo/下载/batches/batch_person-fallen-v2-camera1p5m/prompts/313_h02-sitting-on-floor-03.txt,f0da130144c6c9c7badf5f352bc1dd4e3da6c4fd28e95d964ec07dc93902e243,f0da130144c6c9c7badf5f352bc1dd4e3da6c4fd28e95d964ec07dc93902e243,/home/yanbo/下载/batches/batch_person-fallen-v2-camera1p5m/final/313_h02-sitting-on-floor-03.png,26e8e9b1f421aeada92548231e0b832e6d0554ffe2dab403516c7c7a2df75a5c,26e8e9b1f421aeada92548231e0b832e6d0554ffe2dab403516c7c7a2df75a5c,FROZEN_V2_MANIFEST_EXPECTED_AND_ACTUAL,REUSABLE_V2_NON_HOLDOUT,FROZEN_V2_PROMPT_IMAGE_MAPPING_PASS,V3_FLOOR_SITTING_NEGATIVE,PASS_EXPLICIT_NEGATIVE_CUE,negative,PROMPT_DERIVED_SYNTHETIC_GT,FROZEN_GENERATION_PROMPT_AND_PLANNED_ROLE,false,hard_negative,true,
V2_ORIGINAL::IMG_003715,V2_ORIGINAL_SYNTHETIC_500,314_h02-sitting-on-floor-04,IMG_003715,pf_v2_aigc_h02-sitting-on-floor,DEV,V3_DEV,hard_negative,0,floor_sitting,/home/yanbo/下载/batches/batch_person-fallen-v2-camera1p5m/prompts/314_h02-sitting-on-floor-04.txt,8abc900812d578212771f4ab28156759515d8f997a508afff0145181fb9183e5,8abc900812d578212771f4ab28156759515d8f997a508afff0145181fb9183e5,/home/yanbo/下载/batches/batch_person-fallen-v2-camera1p5m/final/314_h02-sitting-on-floor-04.png,da3050615af0f957ee851f59d0ba1728110d72e2ce5799555015baa71545303d,da3050615af0f957ee851f59d0ba1728110d72e2ce5799555015baa71545303d,FROZEN_V2_MANIFEST_EXPECTED_AND_ACTUAL,REUSABLE_V2_NON_HOLDOUT,FROZEN_V2_PROMPT_IMAGE_MAPPING_PASS,V3_FLOOR_SITTING_NEGATIVE,PASS_EXPLICIT_NEGATIVE_CUE,negative,PROMPT_DERIVED_SYNTHETIC_GT,FROZEN_GENERATION_PROMPT_AND_PLANNED_ROLE,false,hard_negative,true,
V2_ORIGINAL::IMG_003716,V2_ORIGINAL_SYNTHETIC_500,315_h02-sitting-on-floor-05,IMG_003716,pf_v2_aigc_h02-sitting-on-floor,DEV,V3_DEV,hard_negative,0,floor_sitting,/home/yanbo/下载/batches/batch_person-fallen-v2-camera1p5m/prompts/315_h02-sitting-on-floor-05.txt,20f1333108a4115c078abb21cda428697ace7af53fa89944a05dbff99490622e,20f1333108a4115c078abb21cda428697ace7af53fa89944a05dbff99490622e,/home/yanbo/下载/batches/batch_person-fallen-v2-camera1p5m/final/315_h02-sitting-on-floor-05.png,de763ff98de5ee15d2e08431d68de418de7ea91184c26b17329924d58a43cfea,de763ff98de5ee15d2e08431d68de418de7ea91184c26b17329924d58a43cfea,FROZEN_V2_MANIFEST_EXPECTED_AND_ACTUAL,REUSABLE_V2_NON_HOLDOUT,FROZEN_V2_PROMPT_IMAGE_MAPPING_PASS,V3_FLOOR_SITTING_NEGATIVE,PASS_EXPLICIT_NEGATIVE_CUE,negative,PROMPT_DERIVED_SYNTHETIC_GT,FROZEN_GENERATION_PROMPT_AND_PLANNED_ROLE,false,hard_negative,true,
V2_ORIGINAL::IMG_003717,V2_ORIGINAL_SYNTHETIC_500,316_h02-sitting-on-floor-06,IMG_003717,pf_v2_aigc_h02-sitting-on-floor,DEV,V3_DEV,hard_negative,0,floor_sitting,/home/yanbo/下载/batches/batch_person-fallen-v2-camera1p5m/prompts/316_h02-sitting-on-floor-06.txt,999d3022bd85941bfeb8febed5d2c9943c294edc28d36488e28ae02e342a9fd7,999d3022bd85941bfeb8febed5d2c9943c294edc28d36488e28ae02e342a9fd7,/home/yanbo/下载/batches/batch_person-fallen-v2-camera1p5m/final/316_h02-sitting-on-floor-06.png,51defa65e8ab2e4ac0e0b5d0903a50bd79b93ab562f59ceac93d10e35c3d7026,51defa65e8ab2e4ac0e0b5d0903a50bd79b93ab562f59ceac93d10e35c3d7026,FROZEN_V2_MANIFEST_EXPECTED_AND_ACTUAL,REUSABLE_V2_NON_HOLDOUT,FROZEN_V2_PROMPT_IMAGE_MAPPING_PASS,V3_FLOOR_SITTING_NEGATIVE,PASS_EXPLICIT_NEGATIVE_CUE,negative,PROMPT_DERIVED_SYNTHETIC_GT,FROZEN_GENERATION_PROMPT_AND_PLANNED_ROLE,false,hard_negative,true,
V2_ORIGINAL::IMG_003718,V2_ORIGINAL_SYNTHETIC_500,317_h02-sitting-on-floor-07,IMG_003718,pf_v2_aigc_h02-sitting-on-floor,DEV,V3_DEV,hard_negative,0,floor_sitting,/home/yanbo/下载/batches/batch_person-fallen-v2-camera1p5m/prompts/317_h02-sitting-on-floor-07.txt,a7906e74ebd43c252e0e46e59d4383cdac9b349a74d8649e61d003a316e4c4d7,a7906e74ebd43c252e0e46e59d4383cdac9b349a74d8649e61d003a316e4c4d7,/home/yanbo/下载/batches/batch_person-fallen-v2-camera1p5m/final/317_h02-sitting-on-floor-07.png,a492fa3a45b44a5055130be2502affe0940bb028630d22086170baa7a9120e9c,a492fa3a45b44a5055130be2502affe0940bb028630d22086170baa7a9120e9c,FROZEN_V2_MANIFEST_EXPECTED_AND_ACTUAL,REUSABLE_V2_NON_HOLDOUT,FROZEN_V2_PROMPT_IMAGE_MAPPING_PASS,V3_FLOOR_SITTING_NEGATIVE,PASS_EXPLICIT_NEGATIVE_CUE,negative,PROMPT_DERIVED_SYNTHETIC_GT,FROZEN_GENERATION_PROMPT_AND_PLANNED_ROLE,false,hard_negative,true,
V2_ORIGINAL::IMG_003719,V2_ORIGINAL_SYNTHETIC_500,318_h02-sitting-on-floor-08,IMG_003719,pf_v2_aigc_h02-sitting-on-floor,DEV,V3_DEV,hard_negative,0,floor_sitting,/home/yanbo/下载/batches/batch_person-fallen-v2-camera1p5m/prompts/318_h02-sitting-on-floor-08.txt,76546032bb15e85f574daed5acf7d413364fba659eea78dae6af992179c3f6eb,76546032bb15e85f574daed5acf7d413364fba659eea78dae6af992179c3f6eb,/home/yanbo/下载/batches/batch_person-fallen-v2-camera1p5m/final/318_h02-sitting-on-floor-08.png,47c966c7e3000e227ea832590ab7f537270c4f411e1e5f9090b91012315ee2f3,47c966c7e3000e227ea832590ab7f537270c4f411e1e5f9090b91012315ee2f3,FROZEN_V2_MANIFEST_EXPECTED_AND_ACTUAL,REUSABLE_V2_NON_HOLDOUT,FROZEN_V2_PROMPT_IMAGE_MAPPING_PASS,V3_FLOOR_SITTING_NEGATIVE,PASS_EXPLICIT_NEGATIVE_CUE,negative,PROMPT_DERIVED_SYNTHETIC_GT,FROZEN_GENERATION_PROMPT_AND_PLANNED_ROLE,false,hard_negative,true,
V2_ORIGINAL::IMG_003720,V2_ORIGINAL_SYNTHETIC_500,319_h02-sitting-on-floor-09,IMG_003720,pf_v2_aigc_h02-sitting-on-floor,DEV,V3_DEV,hard_negative,0,floor_sitting,/home/yanbo/下载/batches/batch_person-fallen-v2-camera1p5m/prompts/319_h02-sitting-on-floor-09.txt,4ed8d3f6c162d61ff48d37d5a665a36e1b62686a8de94356db89985598c60767,4ed8d3f6c162d61ff48d37d5a665a36e1b62686a8de94356db89985598c60767,/home/yanbo/下载/batches/batch_person-fallen-v2-camera1p5m/final/319_h02-sitting-on-floor-09.png,535a93d41730af7911e98c7078fc4d470a277fdd4048c6e80cb57ed8e7db3439,535a93d41730af7911e98c7078fc4d470a277fdd4048c6e80cb57ed8e7db3439,FROZEN_V2_MANIFEST_EXPECTED_AND_ACTUAL,REUSABLE_V2_NON_HOLDOUT,FROZEN_V2_PROMPT_IMAGE_MAPPING_PASS,V3_FLOOR_SITTING_NEGATIVE,PASS_EXPLICIT_NEGATIVE_CUE,negative,PROMPT_DERIVED_SYNTHETIC_GT,FROZEN_GENERATION_PROMPT_AND_PLANNED_ROLE,false,hard_negative,true,
V2_ORIGINAL::IMG_004012,V2_ORIGINAL_SYNTHETIC_500,31_p04-prone-on-floor-01,IMG_004012,pf_v2_aigc_p04-prone-on-floor,DEV,V3_DEV,positive,1,prone_ground_lying,/home/yanbo/下载/batches/batch_person-fallen-v2-camera1p5m/prompts/31_p04-prone-on-floor-01.txt,950f1d629a056472236b0d35434bd68e21126c2bebf348640f486ac25f231ec4,950f1d629a056472236b0d35434bd68e21126c2bebf348640f486ac25f231ec4,/home/yanbo/下载/batches/batch_person-fallen-v2-camera1p5m/final/31_p04-prone-on-floor-01.png,b0bc6b665f847380a62540bd0387a6356f273185253e134cc9d731120aee9ba7,b0bc6b665f847380a62540bd0387a6356f273185253e134cc9d731120aee9ba7,FROZEN_V2_MANIFEST_EXPECTED_AND_ACTUAL,REUSABLE_V2_NON_HOLDOUT,FROZEN_V2_PROMPT_IMAGE_MAPPING_PASS,V3_PRONE_GROUND_LYING_POSITIVE,PASS_EXPLICIT_POSTURE_CUE,positive,PROMPT_DERIVED_SYNTHETIC_GT,FROZEN_GENERATION_PROMPT_AND_PLANNED_ROLE,false,positive,true,
V2_ORIGINAL::IMG_003721,V2_ORIGINAL_SYNTHETIC_500,320_h02-sitting-on-floor-10,IMG_003721,pf_v2_aigc_h02-sitting-on-floor,DEV,V3_DEV,hard_negative,0,floor_sitting,/home/yanbo/下载/batches/batch_person-fallen-v2-camera1p5m/prompts/320_h02-sitting-on-floor-10.txt,2bab1122f652dd8d905e2d9b73147137f864190ad442f4f0c4e01862dc1397c4,2bab1122f652dd8d905e2d9b73147137f864190ad442f4f0c4e01862dc1397c4,/home/yanbo/下载/batches/batch_person-fallen-v2-camera1p5m/final/320_h02-sitting-on-floor-10.png,87f2d821c7096f9fb25574f6272bb3ccd52ae160cf83b591930e5b2ea4bc6b99,87f2d821c7096f9fb25574f6272bb3ccd52ae160cf83b591930e5b2ea4bc6b99,FROZEN_V2_MANIFEST_EXPECTED_AND_ACTUAL,REUSABLE_V2_NON_HOLDOUT,FROZEN_V2_PROMPT_IMAGE_MAPPING_PASS,V3_FLOOR_SITTING_NEGATIVE,PASS_EXPLICIT_NEGATIVE_CUE,negative,PROMPT_DERIVED_SYNTHETIC_GT,FROZEN_GENERATION_PROMPT_AND_PLANNED_ROLE,false,hard_negative,true,
V2_ORIGINAL::IMG_003722,V2_ORIGINAL_SYNTHETIC_500,321_h03-kneeling-01,IMG_003722,pf_v2_aigc_h03-kneeling,DEV,V3_DEV,hard_negative,0,kneeling_half_kneeling,/home/yanbo/下载/batches/batch_person-fallen-v2-camera1p5m/prompts/321_h03-kneeling-01.txt,287e1318dbc2df9c1d1eaf8d9f26f8c9efa184db5f28d9cfe4c2abe4579a2d95,287e1318dbc2df9c1d1eaf8d9f26f8c9efa184db5f28d9cfe4c2abe4579a2d95,/home/yanbo/下载/batches/batch_person-fallen-v2-camera1p5m/final/321_h03-kneeling-01.png,8abaec058bf120acbbc5434c306d186beb4b4ab37623f024a025f10b349d0950,8abaec058bf120acbbc5434c306d186beb4b4ab37623f024a025f10b349d0950,FROZEN_V2_MANIFEST_EXPECTED_AND_ACTUAL,REUSABLE_V2_NON_HOLDOUT,FROZEN_V2_PROMPT_IMAGE_MAPPING_PASS,V3_KNEELING_HALF_KNEELING_NEGATIVE,PASS_EXPLICIT_NEGATIVE_CUE,negative,PROMPT_DERIVED_SYNTHETIC_GT,FROZEN_GENERATION_PROMPT_AND_PLANNED_ROLE,false,hard_negative,true,
V2_ORIGINAL::IMG_003723,V2_ORIGINAL_SYNTHETIC_500,322_h03-kneeling-02,IMG_003723,pf_v2_aigc_h03-kneeling,DEV,V3_DEV,hard_negative,0,kneeling_half_kneeling,/home/yanbo/下载/batches/batch_person-fallen-v2-camera1p5m/prompts/322_h03-kneeling-02.txt,6e2e09708761eeabc367bc17c93399074c434c07b7e37ca18e9820beee5876d4,6e2e09708761eeabc367bc17c93399074c434c07b7e37ca18e9820beee5876d4,/home/yanbo/下载/batches/batch_person-fallen-v2-camera1p5m/final/322_h03-kneeling-02.png,bbf2f9c60794f8bc935d2c5b0b8b4f103c4e98e20d82758d877739c54216a75c,bbf2f9c60794f8bc935d2c5b0b8b4f103c4e98e20d82758d877739c54216a75c,FROZEN_V2_MANIFEST_EXPECTED_AND_ACTUAL,REUSABLE_V2_NON_HOLDOUT,FROZEN_V2_PROMPT_IMAGE_MAPPING_PASS,V3_KNEELING_HALF_KNEELING_NEGATIVE,PASS_EXPLICIT_NEGATIVE_CUE,negative,PROMPT_DERIVED_SYNTHETIC_GT,FROZEN_GENERATION_PROMPT_AND_PLANNED_ROLE,false,hard_negative,true,
V2_ORIGINAL::IMG_003724,V2_ORIGINAL_SYNTHETIC_500,323_h03-kneeling-03,IMG_003724,pf_v2_aigc_h03-kneeling,DEV,V3_DEV,hard_negative,0,kneeling_half_kneeling,/home/yanbo/下载/batches/batch_person-fallen-v2-camera1p5m/prompts/323_h03-kneeling-03.txt,accb6adba45eb647efce749ede67c500deb9c20f6ba900936c98233e518872c3,accb6adba45eb647efce749ede67c500deb9c20f6ba900936c98233e518872c3,/home/yanbo/下载/batches/batch_person-fallen-v2-camera1p5m/final/323_h03-kneeling-03.png,571f202fd7c667dc9f715fafd3e988e9d01f736b0771132dffa4771b057e7be2,571f202fd7c667dc9f715fafd3e988e9d01f736b0771132dffa4771b057e7be2,FROZEN_V2_MANIFEST_EXPECTED_AND_ACTUAL,REUSABLE_V2_NON_HOLDOUT,FROZEN_V2_PROMPT_IMAGE_MAPPING_PASS,V3_KNEELING_HALF_KNEELING_NEGATIVE,PASS_EXPLICIT_NEGATIVE_CUE,negative,PROMPT_DERIVED_SYNTHETIC_GT,FROZEN_GENERATION_PROMPT_AND_PLANNED_ROLE,false,hard_negative,true,
V2_ORIGINAL::IMG_003725,V2_ORIGINAL_SYNTHETIC_500,324_h03-kneeling-04,IMG_003725,pf_v2_aigc_h03-kneeling,DEV,V3_DEV,hard_negative,0,kneeling_half_kneeling,/home/yanbo/下载/batches/batch_person-fallen-v2-camera1p5m/prompts/324_h03-kneeling-04.txt,3df1cfcb6d576152ae9ee6e4a27801ba3d483c16eb6af289f230ad60357d8989,3df1cfcb6d576152ae9ee6e4a27801ba3d483c16eb6af289f230ad60357d8989,/home/yanbo/下载/batches/batch_person-fallen-v2-camera1p5m/final/324_h03-kneeling-04.png,16392ce139623dcead3dc9e6c9c492a2b1dc95c6b12bbdf467e79045a5b6473b,16392ce139623dcead3dc9e6c9c492a2b1dc95c6b12bbdf467e79045a5b6473b,FROZEN_V2_MANIFEST_EXPECTED_AND_ACTUAL,REUSABLE_V2_NON_HOLDOUT,FROZEN_V2_PROMPT_IMAGE_MAPPING_PASS,V3_KNEELING_HALF_KNEELING_NEGATIVE,PASS_EXPLICIT_NEGATIVE_CUE,negative,PROMPT_DERIVED_SYNTHETIC_GT,FROZEN_GENERATION_PROMPT_AND_PLANNED_ROLE,false,hard_negative,true,
V2_ORIGINAL::IMG_003726,V2_ORIGINAL_SYNTHETIC_500,325_h03-kneeling-05,IMG_003726,pf_v2_aigc_h03-kneeling,DEV,V3_DEV,hard_negative,0,kneeling_half_kneeling,/home/yanbo/下载/batches/batch_person-fallen-v2-camera1p5m/prompts/325_h03-kneeling-05.txt,793712fdfa7c788f6d87350184fd3fc1d186177b82a7ba5c5b57e436a9a21712,793712fdfa7c788f6d87350184fd3fc1d186177b82a7ba5c5b57e436a9a21712,/home/yanbo/下载/batches/batch_person-fallen-v2-camera1p5m/final/325_h03-kneeling-05.png,0c2c8ab08df945d01ae69aea7d9c57f73a9db4e3c88a362ea2e0216b2a433e06,0c2c8ab08df945d01ae69aea7d9c57f73a9db4e3c88a362ea2e0216b2a433e06,FROZEN_V2_MANIFEST_EXPECTED_AND_ACTUAL,REUSABLE_V2_NON_HOLDOUT,FROZEN_V2_PROMPT_IMAGE_MAPPING_PASS,V3_KNEELING_HALF_KNEELING_NEGATIVE,PASS_EXPLICIT_NEGATIVE_CUE,negative,PROMPT_DERIVED_SYNTHETIC_GT,FROZEN_GENERATION_PROMPT_AND_PLANNED_ROLE,false,hard_negative,true,
V2_ORIGINAL::IMG_003727,V2_ORIGINAL_SYNTHETIC_500,326_h03-kneeling-06,IMG_003727,pf_v2_aigc_h03-kneeling,DEV,V3_DEV,hard_negative,0,kneeling_half_kneeling,/home/yanbo/下载/batches/batch_person-fallen-v2-camera1p5m/prompts/326_h03-kneeling-06.txt,2b23dd940e59c88519a5a62f54e8259798f97a670db1e904bc23d4717ad71ced,2b23dd940e59c88519a5a62f54e8259798f97a670db1e904bc23d4717ad71ced,/home/yanbo/下载/batches/batch_person-fallen-v2-camera1p5m/final/326_h03-kneeling-06.png,32aebc215aa35c65df2b994cf493dc70b1234b21fcf72caa58f454761fd3d3d8,32aebc215aa35c65df2b994cf493dc70b1234b21fcf72caa58f454761fd3d3d8,FROZEN_V2_MANIFEST_EXPECTED_AND_ACTUAL,REUSABLE_V2_NON_HOLDOUT,FROZEN_V2_PROMPT_IMAGE_MAPPING_PASS,V3_KNEELING_HALF_KNEELING_NEGATIVE,PASS_EXPLICIT_NEGATIVE_CUE,negative,PROMPT_DERIVED_SYNTHETIC_GT,FROZEN_GENERATION_PROMPT_AND_PLANNED_ROLE,false,hard_negative,true,
V2_ORIGINAL::IMG_003728,V2_ORIGINAL_SYNTHETIC_500,327_h03-kneeling-07,IMG_003728,pf_v2_aigc_h03-kneeling,DEV,V3_DEV,hard_negative,0,kneeling_half_kneeling,/home/yanbo/下载/batches/batch_person-fallen-v2-camera1p5m/prompts/327_h03-kneeling-07.txt,cc1b073b349f5b1d3616b1164b54560a6fba71b852c8d2fb13105ecf7e40072e,cc1b073b349f5b1d3616b1164b54560a6fba71b852c8d2fb13105ecf7e40072e,/home/yanbo/下载/batches/batch_person-fallen-v2-camera1p5m/final/327_h03-kneeling-07.png,59c6841fe35ddf9c5c53fa57c3908516e081068c1c9272b3beadbc2375a14b42,59c6841fe35ddf9c5c53fa57c3908516e081068c1c9272b3beadbc2375a14b42,FROZEN_V2_MANIFEST_EXPECTED_AND_ACTUAL,REUSABLE_V2_NON_HOLDOUT,FROZEN_V2_PROMPT_IMAGE_MAPPING_PASS,V3_KNEELING_HALF_KNEELING_NEGATIVE,PASS_EXPLICIT_NEGATIVE_CUE,negative,PROMPT_DERIVED_SYNTHETIC_GT,FROZEN_GENERATION_PROMPT_AND_PLANNED_ROLE,false,hard_negative,true,
V2_ORIGINAL::IMG_003729,V2_ORIGINAL_SYNTHETIC_500,328_h03-kneeling-08,IMG_003729,pf_v2_aigc_h03-kneeling,DEV,V3_DEV,hard_negative,0,kneeling_half_kneeling,/home/yanbo/下载/batches/batch_person-fallen-v2-camera1p5m/prompts/328_h03-kneeling-08.txt,806becb9c172747082f1f07b6478198134890c20e13713a0bcfa4224daa126dd,806becb9c172747082f1f07b6478198134890c20e13713a0bcfa4224daa126dd,/home/yanbo/下载/batches/batch_person-fallen-v2-camera1p5m/final/328_h03-kneeling-08.png,5ffddfb69084de8140cc48c025565813a115bdcb4ab7f3795a3edef67341cb2e,5ffddfb69084de8140cc48c025565813a115bdcb4ab7f3795a3edef67341cb2e,FROZEN_V2_MANIFEST_EXPECTED_AND_ACTUAL,REUSABLE_V2_NON_HOLDOUT,FROZEN_V2_PROMPT_IMAGE_MAPPING_PASS,V3_KNEELING_HALF_KNEELING_NEGATIVE,PASS_EXPLICIT_NEGATIVE_CUE,negative,PROMPT_DERIVED_SYNTHETIC_GT,FROZEN_GENERATION_PROMPT_AND_PLANNED_ROLE,false,hard_negative,true,
V2_ORIGINAL::IMG_003730,V2_ORIGINAL_SYNTHETIC_500,329_h03-kneeling-09,IMG_003730,pf_v2_aigc_h03-kneeling,DEV,V3_DEV,hard_negative,0,kneeling_half_kneeling,/home/yanbo/下载/batches/batch_person-fallen-v2-camera1p5m/prompts/329_h03-kneeling-09.txt,4243398db25a1004933ee6a695885a73a649a7a2d715c66284dce9205242505a,4243398db25a1004933ee6a695885a73a649a7a2d715c66284dce9205242505a,/home/yanbo/下载/batches/batch_person-fallen-v2-camera1p5m/final/329_h03-kneeling-09.png,5edf07d26c5eb6d7cae80f2a262e808ea87dbfb5f683430326b265e8a2028eb6,5edf07d26c5eb6d7cae80f2a262e808ea87dbfb5f683430326b265e8a2028eb6,FROZEN_V2_MANIFEST_EXPECTED_AND_ACTUAL,REUSABLE_V2_NON_HOLDOUT,FROZEN_V2_PROMPT_IMAGE_MAPPING_PASS,V3_KNEELING_HALF_KNEELING_NEGATIVE,PASS_EXPLICIT_NEGATIVE_CUE,negative,PROMPT_DERIVED_SYNTHETIC_GT,FROZEN_GENERATION_PROMPT_AND_PLANNED_ROLE,false,hard_negative,true,
V2_ORIGINAL::IMG_004013,V2_ORIGINAL_SYNTHETIC_500,32_p04-prone-on-floor-02,IMG_004013,pf_v2_aigc_p04-prone-on-floor,DEV,V3_DEV,positive,1,prone_ground_lying,/home/yanbo/下载/batches/batch_person-fallen-v2-camera1p5m/prompts/32_p04-prone-on-floor-02.txt,2aaef391fe27b2308d1be1f26aa54f6a81330ffe2c0dce41ce0c7207ab7798bd,2aaef391fe27b2308d1be1f26aa54f6a81330ffe2c0dce41ce0c7207ab7798bd,/home/yanbo/下载/batches/batch_person-fallen-v2-camera1p5m/final/32_p04-prone-on-floor-02.png,ebdcd19a6884c77a2a854aad2cc33d145633833b0ef739e0c6b5fd302bf87dee,ebdcd19a6884c77a2a854aad2cc33d145633833b0ef739e0c6b5fd302bf87dee,FROZEN_V2_MANIFEST_EXPECTED_AND_ACTUAL,REUSABLE_V2_NON_HOLDOUT,FROZEN_V2_PROMPT_IMAGE_MAPPING_PASS,V3_PRONE_GROUND_LYING_POSITIVE,PASS_EXPLICIT_POSTURE_CUE,positive,PROMPT_DERIVED_SYNTHETIC_GT,FROZEN_GENERATION_PROMPT_AND_PLANNED_ROLE,false,positive,true,
V2_ORIGINAL::IMG_003731,V2_ORIGINAL_SYNTHETIC_500,330_h03-kneeling-10,IMG_003731,pf_v2_aigc_h03-kneeling,DEV,V3_DEV,hard_negative,0,kneeling_half_kneeling,/home/yanbo/下载/batches/batch_person-fallen-v2-camera1p5m/prompts/330_h03-kneeling-10.txt,7cb28bf425e2a39a895e25c0a0e63827ccc2900517d4578b11a14db5a4985637,7cb28bf425e2a39a895e25c0a0e63827ccc2900517d4578b11a14db5a4985637,/home/yanbo/下载/batches/batch_person-fallen-v2-camera1p5m/final/330_h03-kneeling-10.png,2945077368eabff86b0a88694c309b66a40b7b4224c9ade8d5cf2056b3e0fd12,2945077368eabff86b0a88694c309b66a40b7b4224c9ade8d5cf2056b3e0fd12,FROZEN_V2_MANIFEST_EXPECTED_AND_ACTUAL,REUSABLE_V2_NON_HOLDOUT,FROZEN_V2_PROMPT_IMAGE_MAPPING_PASS,V3_KNEELING_HALF_KNEELING_NEGATIVE,PASS_EXPLICIT_NEGATIVE_CUE,negative,PROMPT_DERIVED_SYNTHETIC_GT,FROZEN_GENERATION_PROMPT_AND_PLANNED_ROLE,false,hard_negative,true,
V2_ORIGINAL::IMG_003732,V2_ORIGINAL_SYNTHETIC_500,331_h04-kneeling-01,IMG_003732,pf_v2_aigc_h04-kneeling,DEV,V3_DEV,hard_negative,0,kneeling_half_kneeling,/home/yanbo/下载/batches/batch_person-fallen-v2-camera1p5m/prompts/331_h04-kneeling-01.txt,8e1234a7980bb91280847aedb6238f35ce8f7b81881dd010c2f61e12de67bbc6,8e1234a7980bb91280847aedb6238f35ce8f7b81881dd010c2f61e12de67bbc6,/home/yanbo/下载/batches/batch_person-fallen-v2-camera1p5m/final/331_h04-kneeling-01.png,5c88c36cb9519b09e448c3487508aa73ed4bd2a763f46680bf9322017a3df9e0,5c88c36cb9519b09e448c3487508aa73ed4bd2a763f46680bf9322017a3df9e0,FROZEN_V2_MANIFEST_EXPECTED_AND_ACTUAL,REUSABLE_V2_NON_HOLDOUT,FROZEN_V2_PROMPT_IMAGE_MAPPING_PASS,V3_KNEELING_HALF_KNEELING_NEGATIVE,PASS_EXPLICIT_NEGATIVE_CUE,negative,PROMPT_DERIVED_SYNTHETIC_GT,FROZEN_GENERATION_PROMPT_AND_PLANNED_ROLE,false,hard_negative,true,
V2_ORIGINAL::IMG_003733,V2_ORIGINAL_SYNTHETIC_500,332_h04-kneeling-02,IMG_003733,pf_v2_aigc_h04-kneeling,DEV,V3_DEV,hard_negative,0,kneeling_half_kneeling,/home/yanbo/下载/batches/batch_person-fallen-v2-camera1p5m/prompts/332_h04-kneeling-02.txt,e0c360468709d2a3363d27c9b795b4e48545c3c65a4536a755691310903e2a27,e0c360468709d2a3363d27c9b795b4e48545c3c65a4536a755691310903e2a27,/home/yanbo/下载/batches/batch_person-fallen-v2-camera1p5m/final/332_h04-kneeling-02.png,1a97fb68f1b7856a23da903b44dd63534a8c2936bf4554b90da171c6d99128ed,1a97fb68f1b7856a23da903b44dd63534a8c2936bf4554b90da171c6d99128ed,FROZEN_V2_MANIFEST_EXPECTED_AND_ACTUAL,REUSABLE_V2_NON_HOLDOUT,FROZEN_V2_PROMPT_IMAGE_MAPPING_PASS,V3_KNEELING_HALF_KNEELING_NEGATIVE,PASS_EXPLICIT_NEGATIVE_CUE,negative,PROMPT_DERIVED_SYNTHETIC_GT,FROZEN_GENERATION_PROMPT_AND_PLANNED_ROLE,false,hard_negative,true,
V2_ORIGINAL::IMG_003734,V2_ORIGINAL_SYNTHETIC_500,333_h04-kneeling-03,IMG_003734,pf_v2_aigc_h04-kneeling,DEV,V3_DEV,hard_negative,0,kneeling_half_kneeling,/home/yanbo/下载/batches/batch_person-fallen-v2-camera1p5m/prompts/333_h04-kneeling-03.txt,a3a653703053dcf448c3757e74054d7d806824d6b56e8f02ca9687a4e8513d54,a3a653703053dcf448c3757e74054d7d806824d6b56e8f02ca9687a4e8513d54,/home/yanbo/下载/batches/batch_person-fallen-v2-camera1p5m/final/333_h04-kneeling-03.png,fb291c9e0e88809b9c1bbf3023a4e133b56f9db057cd1b019396c800187c6d46,fb291c9e0e88809b9c1bbf3023a4e133b56f9db057cd1b019396c800187c6d46,FROZEN_V2_MANIFEST_EXPECTED_AND_ACTUAL,REUSABLE_V2_NON_HOLDOUT,FROZEN_V2_PROMPT_IMAGE_MAPPING_PASS,V3_KNEELING_HALF_KNEELING_NEGATIVE,PASS_EXPLICIT_NEGATIVE_CUE,negative,PROMPT_DERIVED_SYNTHETIC_GT,FROZEN_GENERATION_PROMPT_AND_PLANNED_ROLE,false,hard_negative,true,
V2_ORIGINAL::IMG_003735,V2_ORIGINAL_SYNTHETIC_500,334_h04-kneeling-04,IMG_003735,pf_v2_aigc_h04-kneeling,DEV,V3_DEV,hard_negative,0,kneeling_half_kneeling,/home/yanbo/下载/batches/batch_person-fallen-v2-camera1p5m/prompts/334_h04-kneeling-04.txt,c0e4a64aeb8dfb38c8363c2a7c82eb8b37ff174d413e0c0ef35b1a9e48ed506e,c0e4a64aeb8dfb38c8363c2a7c82eb8b37ff174d413e0c0ef35b1a9e48ed506e,/home/yanbo/下载/batches/batch_person-fallen-v2-camera1p5m/final/334_h04-kneeling-04.png,81dc5bb723c3ef2385587823a37b33ea00c313aa9142416f4225c1f7bd9cc780,81dc5bb723c3ef2385587823a37b33ea00c313aa9142416f4225c1f7bd9cc780,FROZEN_V2_MANIFEST_EXPECTED_AND_ACTUAL,REUSABLE_V2_NON_HOLDOUT,FROZEN_V2_PROMPT_IMAGE_MAPPING_PASS,V3_KNEELING_HALF_KNEELING_NEGATIVE,PASS_EXPLICIT_NEGATIVE_CUE,negative,PROMPT_DERIVED_SYNTHETIC_GT,FROZEN_GENERATION_PROMPT_AND_PLANNED_ROLE,false,hard_negative,true,
V2_ORIGINAL::IMG_003736,V2_ORIGINAL_SYNTHETIC_500,335_h04-kneeling-05,IMG_003736,pf_v2_aigc_h04-kneeling,DEV,V3_DEV,hard_negative,0,kneeling_half_kneeling,/home/yanbo/下载/batches/batch_person-fallen-v2-camera1p5m/prompts/335_h04-kneeling-05.txt,711677022c120a7a62961a775cdbffdc0c026bd606fbba85be94cf8a1da69bbc,711677022c120a7a62961a775cdbffdc0c026bd606fbba85be94cf8a1da69bbc,/home/yanbo/下载/batches/batch_person-fallen-v2-camera1p5m/final/335_h04-kneeling-05.png,a5f49b6be5465bc6bc6b528ff6582663251262079bbf4ef39c09f8f94af1fd6a,a5f49b6be5465bc6bc6b528ff6582663251262079bbf4ef39c09f8f94af1fd6a,FROZEN_V2_MANIFEST_EXPECTED_AND_ACTUAL,REUSABLE_V2_NON_HOLDOUT,FROZEN_V2_PROMPT_IMAGE_MAPPING_PASS,V3_KNEELING_HALF_KNEELING_NEGATIVE,PASS_EXPLICIT_NEGATIVE_CUE,negative,PROMPT_DERIVED_SYNTHETIC_GT,FROZEN_GENERATION_PROMPT_AND_PLANNED_ROLE,false,hard_negative,true,
V2_ORIGINAL::IMG_003737,V2_ORIGINAL_SYNTHETIC_500,336_h04-kneeling-06,IMG_003737,pf_v2_aigc_h04-kneeling,DEV,V3_DEV,hard_negative,0,kneeling_half_kneeling,/home/yanbo/下载/batches/batch_person-fallen-v2-camera1p5m/prompts/336_h04-kneeling-06.txt,3708351b04cc4832562fa59e526a26f0a3ce2730912686cf351b35b58080c8d5,3708351b04cc4832562fa59e526a26f0a3ce2730912686cf351b35b58080c8d5,/home/yanbo/下载/batches/batch_person-fallen-v2-camera1p5m/final/336_h04-kneeling-06.png,a34dc5ac505694fb09bf451aa1f857cb16f576943981e81bbde97849691e2244,a34dc5ac505694fb09bf451aa1f857cb16f576943981e81bbde97849691e2244,FROZEN_V2_MANIFEST_EXPECTED_AND_ACTUAL,REUSABLE_V2_NON_HOLDOUT,FROZEN_V2_PROMPT_IMAGE_MAPPING_PASS,V3_KNEELING_HALF_KNEELING_NEGATIVE,PASS_EXPLICIT_NEGATIVE_CUE,negative,PROMPT_DERIVED_SYNTHETIC_GT,FROZEN_GENERATION_PROMPT_AND_PLANNED_ROLE,false,hard_negative,true,
V2_ORIGINAL::IMG_003738,V2_ORIGINAL_SYNTHETIC_500,337_h04-kneeling-07,IMG_003738,pf_v2_aigc_h04-kneeling,DEV,V3_DEV,hard_negative,0,kneeling_half_kneeling,/home/yanbo/下载/batches/batch_person-fallen-v2-camera1p5m/prompts/337_h04-kneeling-07.txt,9c9894c4ac4771945ddd7bb15a28406a57a32ec0da3d884fa200f3ed3d11b6aa,9c9894c4ac4771945ddd7bb15a28406a57a32ec0da3d884fa200f3ed3d11b6aa,/home/yanbo/下载/batches/batch_person-fallen-v2-camera1p5m/final/337_h04-kneeling-07.png,cf0fab739e5b2dba3b00eaabca7a446d0681ad5c6c05a8dbb6b0d7c28861bfcd,cf0fab739e5b2dba3b00eaabca7a446d0681ad5c6c05a8dbb6b0d7c28861bfcd,FROZEN_V2_MANIFEST_EXPECTED_AND_ACTUAL,REUSABLE_V2_NON_HOLDOUT,FROZEN_V2_PROMPT_IMAGE_MAPPING_PASS,V3_KNEELING_HALF_KNEELING_NEGATIVE,PASS_EXPLICIT_NEGATIVE_CUE,negative,PROMPT_DERIVED_SYNTHETIC_GT,FROZEN_GENERATION_PROMPT_AND_PLANNED_ROLE,false,hard_negative,true,
V2_ORIGINAL::IMG_003739,V2_ORIGINAL_SYNTHETIC_500,338_h04-kneeling-08,IMG_003739,pf_v2_aigc_h04-kneeling,DEV,V3_DEV,hard_negative,0,kneeling_half_kneeling,/home/yanbo/下载/batches/batch_person-fallen-v2-camera1p5m/prompts/338_h04-kneeling-08.txt,fe07bad4a4b8cb1abde8c518487bfa8b1990f7784721139789ff3c74967adf20,fe07bad4a4b8cb1abde8c518487bfa8b1990f7784721139789ff3c74967adf20,/home/yanbo/下载/batches/batch_person-fallen-v2-camera1p5m/final/338_h04-kneeling-08.png,c8cb3323d15195f6ab37a8612bda59fe1b5c5709447488b249b6ad10f803b39d,c8cb3323d15195f6ab37a8612bda59fe1b5c5709447488b249b6ad10f803b39d,FROZEN_V2_MANIFEST_EXPECTED_AND_ACTUAL,REUSABLE_V2_NON_HOLDOUT,FROZEN_V2_PROMPT_IMAGE_MAPPING_PASS,V3_KNEELING_HALF_KNEELING_NEGATIVE,PASS_EXPLICIT_NEGATIVE_CUE,negative,PROMPT_DERIVED_SYNTHETIC_GT,FROZEN_GENERATION_PROMPT_AND_PLANNED_ROLE,false,hard_negative,true,
V2_ORIGINAL::IMG_003740,V2_ORIGINAL_SYNTHETIC_500,339_h04-kneeling-09,IMG_003740,pf_v2_aigc_h04-kneeling,DEV,V3_DEV,hard_negative,0,kneeling_half_kneeling,/home/yanbo/下载/batches/batch_person-fallen-v2-camera1p5m/prompts/339_h04-kneeling-09.txt,0fb6dc398135b6911f61b29164903a8857d426ff960edd33c1305431e4902f79,0fb6dc398135b6911f61b29164903a8857d426ff960edd33c1305431e4902f79,/home/yanbo/下载/batches/batch_person-fallen-v2-camera1p5m/final/339_h04-kneeling-09.png,95ef71cca5f36a01b13631fe23712631906745bb360b3232c4788152083d3e8e,95ef71cca5f36a01b13631fe23712631906745bb360b3232c4788152083d3e8e,FROZEN_V2_MANIFEST_EXPECTED_AND_ACTUAL,REUSABLE_V2_NON_HOLDOUT,FROZEN_V2_PROMPT_IMAGE_MAPPING_PASS,V3_KNEELING_HALF_KNEELING_NEGATIVE,PASS_EXPLICIT_NEGATIVE_CUE,negative,PROMPT_DERIVED_SYNTHETIC_GT,FROZEN_GENERATION_PROMPT_AND_PLANNED_ROLE,false,hard_negative,true,
V2_ORIGINAL::IMG_004014,V2_ORIGINAL_SYNTHETIC_500,33_p04-prone-on-floor-03,IMG_004014,pf_v2_aigc_p04-prone-on-floor,DEV,V3_DEV,positive,1,prone_ground_lying,/home/yanbo/下载/batches/batch_person-fallen-v2-camera1p5m/prompts/33_p04-prone-on-floor-03.txt,c7a5305992113d2580fa39e9462462449d554b4161173155175691e968539b5c,c7a5305992113d2580fa39e9462462449d554b4161173155175691e968539b5c,/home/yanbo/下载/batches/batch_person-fallen-v2-camera1p5m/final/33_p04-prone-on-floor-03.png,a0e0ec4f94be40b43c9f805fbffbb25dc69995126cf2caaf25bdc16b8b8b5d98,a0e0ec4f94be40b43c9f805fbffbb25dc69995126cf2caaf25bdc16b8b8b5d98,FROZEN_V2_MANIFEST_EXPECTED_AND_ACTUAL,REUSABLE_V2_NON_HOLDOUT,FROZEN_V2_PROMPT_IMAGE_MAPPING_PASS,V3_PRONE_GROUND_LYING_POSITIVE,PASS_EXPLICIT_POSTURE_CUE,positive,PROMPT_DERIVED_SYNTHETIC_GT,FROZEN_GENERATION_PROMPT_AND_PLANNED_ROLE,false,positive,true,
V2_ORIGINAL::IMG_003741,V2_ORIGINAL_SYNTHETIC_500,340_h04-kneeling-10,IMG_003741,pf_v2_aigc_h04-kneeling,DEV,V3_DEV,hard_negative,0,kneeling_half_kneeling,/home/yanbo/下载/batches/batch_person-fallen-v2-camera1p5m/prompts/340_h04-kneeling-10.txt,9572f7475c77e24d0734b4c7a72f1da14095047c44ebb951644bae7fde3fddc7,9572f7475c77e24d0734b4c7a72f1da14095047c44ebb951644bae7fde3fddc7,/home/yanbo/下载/batches/batch_person-fallen-v2-camera1p5m/final/340_h04-kneeling-10.png,0fd7a8679875274d283899f60951ec8bbfb07d48c512677d4326f8c28f1490dd,0fd7a8679875274d283899f60951ec8bbfb07d48c512677d4326f8c28f1490dd,FROZEN_V2_MANIFEST_EXPECTED_AND_ACTUAL,REUSABLE_V2_NON_HOLDOUT,FROZEN_V2_PROMPT_IMAGE_MAPPING_PASS,V3_KNEELING_HALF_KNEELING_NEGATIVE,PASS_EXPLICIT_NEGATIVE_CUE,negative,PROMPT_DERIVED_SYNTHETIC_GT,FROZEN_GENERATION_PROMPT_AND_PLANNED_ROLE,false,hard_negative,true,
V2_ORIGINAL::IMG_003742,V2_ORIGINAL_SYNTHETIC_500,341_h05-squatting-01,IMG_003742,pf_v2_aigc_h05-squatting,DEV,V3_DEV,hard_negative,0,squat_crouch_deep_bend,/home/yanbo/下载/batches/batch_person-fallen-v2-camera1p5m/prompts/341_h05-squatting-01.txt,a160bfefae096ce905ddd1e7a44cfb4ac9bc462713a8c253610297ddb7699198,a160bfefae096ce905ddd1e7a44cfb4ac9bc462713a8c253610297ddb7699198,/home/yanbo/下载/batches/batch_person-fallen-v2-camera1p5m/final/341_h05-squatting-01.png,c9a1818d75502dd3d49f09aec32fd72a5c3d4f4753628f8e446bd05431687831,c9a1818d75502dd3d49f09aec32fd72a5c3d4f4753628f8e446bd05431687831,FROZEN_V2_MANIFEST_EXPECTED_AND_ACTUAL,REUSABLE_V2_NON_HOLDOUT,FROZEN_V2_PROMPT_IMAGE_MAPPING_PASS,V3_SQUAT_CROUCH_DEEP_BEND_NEGATIVE,PASS_EXPLICIT_NEGATIVE_CUE,negative,PROMPT_DERIVED_SYNTHETIC_GT,FROZEN_GENERATION_PROMPT_AND_PLANNED_ROLE,false,hard_negative,true,
V2_ORIGINAL::IMG_003743,V2_ORIGINAL_SYNTHETIC_500,342_h05-squatting-02,IMG_003743,pf_v2_aigc_h05-squatting,DEV,V3_DEV,hard_negative,0,squat_crouch_deep_bend,/home/yanbo/下载/batches/batch_person-fallen-v2-camera1p5m/prompts/342_h05-squatting-02.txt,4a5bc7f42f414024f6f9f52656f5008165e52cafb5103286b1caba3964a358c5,4a5bc7f42f414024f6f9f52656f5008165e52cafb5103286b1caba3964a358c5,/home/yanbo/下载/batches/batch_person-fallen-v2-camera1p5m/final/342_h05-squatting-02.png,c01f918d19a67837bd2ac6ffef2744eda19c79753cb42a35e8813f6607eed406,c01f918d19a67837bd2ac6ffef2744eda19c79753cb42a35e8813f6607eed406,FROZEN_V2_MANIFEST_EXPECTED_AND_ACTUAL,REUSABLE_V2_NON_HOLDOUT,FROZEN_V2_PROMPT_IMAGE_MAPPING_PASS,V3_SQUAT_CROUCH_DEEP_BEND_NEGATIVE,PASS_EXPLICIT_NEGATIVE_CUE,negative,PROMPT_DERIVED_SYNTHETIC_GT,FROZEN_GENERATION_PROMPT_AND_PLANNED_ROLE,false,hard_negative,true,
V2_ORIGINAL::IMG_003744,V2_ORIGINAL_SYNTHETIC_500,343_h05-squatting-03,IMG_003744,pf_v2_aigc_h05-squatting,DEV,V3_DEV,hard_negative,0,squat_crouch_deep_bend,/home/yanbo/下载/batches/batch_person-fallen-v2-camera1p5m/prompts/343_h05-squatting-03.txt,f627d0f41ba75bef9b94cf7dff37419dad77360510314932c428e32781454231,f627d0f41ba75bef9b94cf7dff37419dad77360510314932c428e32781454231,/home/yanbo/下载/batches/batch_person-fallen-v2-camera1p5m/final/343_h05-squatting-03.png,1ed23067edcea8314d40a89b2f0099b09a4158392f566ffda462ffbf94f69dec,1ed23067edcea8314d40a89b2f0099b09a4158392f566ffda462ffbf94f69dec,FROZEN_V2_MANIFEST_EXPECTED_AND_ACTUAL,REUSABLE_V2_NON_HOLDOUT,FROZEN_V2_PROMPT_IMAGE_MAPPING_PASS,V3_SQUAT_CROUCH_DEEP_BEND_NEGATIVE,PASS_EXPLICIT_NEGATIVE_CUE,negative,PROMPT_DERIVED_SYNTHETIC_GT,FROZEN_GENERATION_PROMPT_AND_PLANNED_ROLE,false,hard_negative,true,
V2_ORIGINAL::IMG_003745,V2_ORIGINAL_SYNTHETIC_500,344_h05-squatting-04,IMG_003745,pf_v2_aigc_h05-squatting,DEV,V3_DEV,hard_negative,0,squat_crouch_deep_bend,/home/yanbo/下载/batches/batch_person-fallen-v2-camera1p5m/prompts/344_h05-squatting-04.txt,a15057aec08450d178e99c49a11bdb47826d820606942934dcd77857ac3d18b9,a15057aec08450d178e99c49a11bdb47826d820606942934dcd77857ac3d18b9,/home/yanbo/下载/batches/batch_person-fallen-v2-camera1p5m/final/344_h05-squatting-04.png,ea21f40aae14122b6aad0d2b26e191b6a5831ee2cfd5243299715cfeceda9682,ea21f40aae14122b6aad0d2b26e191b6a5831ee2cfd5243299715cfeceda9682,FROZEN_V2_MANIFEST_EXPECTED_AND_ACTUAL,REUSABLE_V2_NON_HOLDOUT,FROZEN_V2_PROMPT_IMAGE_MAPPING_PASS,V3_SQUAT_CROUCH_DEEP_BEND_NEGATIVE,PASS_EXPLICIT_NEGATIVE_CUE,negative,PROMPT_DERIVED_SYNTHETIC_GT,FROZEN_GENERATION_PROMPT_AND_PLANNED_ROLE,false,hard_negative,true,
V2_ORIGINAL::IMG_003746,V2_ORIGINAL_SYNTHETIC_500,345_h05-squatting-05,IMG_003746,pf_v2_aigc_h05-squatting,DEV,V3_DEV,hard_negative,0,squat_crouch_deep_bend,/home/yanbo/下载/batches/batch_person-fallen-v2-camera1p5m/prompts/345_h05-squatting-05.txt,63a3dcb49360dcb069cbd054770d7e9de21649cf95c05b958a0adc7db335195f,63a3dcb49360dcb069cbd054770d7e9de21649cf95c05b958a0adc7db335195f,/home/yanbo/下载/batches/batch_person-fallen-v2-camera1p5m/final/345_h05-squatting-05.png,1e4dc4cdacc66d3065bdf94b0485b2471346e343c932d4b151577c9ce4914840,1e4dc4cdacc66d3065bdf94b0485b2471346e343c932d4b151577c9ce4914840,FROZEN_V2_MANIFEST_EXPECTED_AND_ACTUAL,REUSABLE_V2_NON_HOLDOUT,FROZEN_V2_PROMPT_IMAGE_MAPPING_PASS,V3_SQUAT_CROUCH_DEEP_BEND_NEGATIVE,PASS_EXPLICIT_NEGATIVE_CUE,negative,PROMPT_DERIVED_SYNTHETIC_GT,FROZEN_GENERATION_PROMPT_AND_PLANNED_ROLE,false,hard_negative,true,
V2_ORIGINAL::IMG_003747,V2_ORIGINAL_SYNTHETIC_500,346_h05-squatting-06,IMG_003747,pf_v2_aigc_h05-squatting,DEV,V3_DEV,hard_negative,0,squat_crouch_deep_bend,/home/yanbo/下载/batches/batch_person-fallen-v2-camera1p5m/prompts/346_h05-squatting-06.txt,a7fb2128e9224e583bc17850510252f35544dcdea6dde313f9d9259330366965,a7fb2128e9224e583bc17850510252f35544dcdea6dde313f9d9259330366965,/home/yanbo/下载/batches/batch_person-fallen-v2-camera1p5m/final/346_h05-squatting-06.png,ebc7a165a2f361248ae7b5da7d777e9a8cefcac5782919f245795395f5e4dad4,ebc7a165a2f361248ae7b5da7d777e9a8cefcac5782919f245795395f5e4dad4,FROZEN_V2_MANIFEST_EXPECTED_AND_ACTUAL,REUSABLE_V2_NON_HOLDOUT,FROZEN_V2_PROMPT_IMAGE_MAPPING_PASS,V3_SQUAT_CROUCH_DEEP_BEND_NEGATIVE,PASS_EXPLICIT_NEGATIVE_CUE,negative,PROMPT_DERIVED_SYNTHETIC_GT,FROZEN_GENERATION_PROMPT_AND_PLANNED_ROLE,false,hard_negative,true,
V2_ORIGINAL::IMG_003748,V2_ORIGINAL_SYNTHETIC_500,347_h05-squatting-07,IMG_003748,pf_v2_aigc_h05-squatting,DEV,V3_DEV,hard_negative,0,squat_crouch_deep_bend,/home/yanbo/下载/batches/batch_person-fallen-v2-camera1p5m/prompts/347_h05-squatting-07.txt,0b8291ab3015fc96ccc423a54d8002b8387424f2a751d9e043e7698c31590691,0b8291ab3015fc96ccc423a54d8002b8387424f2a751d9e043e7698c31590691,/home/yanbo/下载/batches/batch_person-fallen-v2-camera1p5m/final/347_h05-squatting-07.png,f7ed8f5d26dcd88e619f034c2433fcc5e45099454abf424c90e0f40b041529f1,f7ed8f5d26dcd88e619f034c2433fcc5e45099454abf424c90e0f40b041529f1,FROZEN_V2_MANIFEST_EXPECTED_AND_ACTUAL,REUSABLE_V2_NON_HOLDOUT,FROZEN_V2_PROMPT_IMAGE_MAPPING_PASS,V3_SQUAT_CROUCH_DEEP_BEND_NEGATIVE,PASS_EXPLICIT_NEGATIVE_CUE,negative,PROMPT_DERIVED_SYNTHETIC_GT,FROZEN_GENERATION_PROMPT_AND_PLANNED_ROLE,false,hard_negative,true,
V2_ORIGINAL::IMG_003749,V2_ORIGINAL_SYNTHETIC_500,348_h05-squatting-08,IMG_003749,pf_v2_aigc_h05-squatting,DEV,V3_DEV,hard_negative,0,squat_crouch_deep_bend,/home/yanbo/下载/batches/batch_person-fallen-v2-camera1p5m/prompts/348_h05-squatting-08.txt,890b8f7df8dd8e57f59e00db614af970e2f3675d0c560720a3a65a4988b9bb65,890b8f7df8dd8e57f59e00db614af970e2f3675d0c560720a3a65a4988b9bb65,/home/yanbo/下载/batches/batch_person-fallen-v2-camera1p5m/final/348_h05-squatting-08.png,57fb50e97101ae1cda04436212fb0824c636fe0e3c9191df396359df86b78885,57fb50e97101ae1cda04436212fb0824c636fe0e3c9191df396359df86b78885,FROZEN_V2_MANIFEST_EXPECTED_AND_ACTUAL,REUSABLE_V2_NON_HOLDOUT,FROZEN_V2_PROMPT_IMAGE_MAPPING_PASS,V3_SQUAT_CROUCH_DEEP_BEND_NEGATIVE,PASS_EXPLICIT_NEGATIVE_CUE,negative,PROMPT_DERIVED_SYNTHETIC_GT,FROZEN_GENERATION_PROMPT_AND_PLANNED_ROLE,false,hard_negative,true,
V2_ORIGINAL::IMG_003750,V2_ORIGINAL_SYNTHETIC_500,349_h05-squatting-09,IMG_003750,pf_v2_aigc_h05-squatting,DEV,V3_DEV,hard_negative,0,squat_crouch_deep_bend,/home/yanbo/下载/batches/batch_person-fallen-v2-camera1p5m/prompts/349_h05-squatting-09.txt,45d9c48bdce8e7ae5d446daf0b19e4edf10dd1868c260877c154227373002356,45d9c48bdce8e7ae5d446daf0b19e4edf10dd1868c260877c154227373002356,/home/yanbo/下载/batches/batch_person-fallen-v2-camera1p5m/final/349_h05-squatting-09.png,1d65e08d16ef340f6405ccb60f352ea7050ebc21d5a07c0596a4300c3832ec60,1d65e08d16ef340f6405ccb60f352ea7050ebc21d5a07c0596a4300c3832ec60,FROZEN_V2_MANIFEST_EXPECTED_AND_ACTUAL,REUSABLE_V2_NON_HOLDOUT,FROZEN_V2_PROMPT_IMAGE_MAPPING_PASS,V3_SQUAT_CROUCH_DEEP_BEND_NEGATIVE,PASS_EXPLICIT_NEGATIVE_CUE,negative,PROMPT_DERIVED_SYNTHETIC_GT,FROZEN_GENERATION_PROMPT_AND_PLANNED_ROLE,false,hard_negative,true,
V2_ORIGINAL::IMG_004015,V2_ORIGINAL_SYNTHETIC_500,34_p04-prone-on-floor-04,IMG_004015,pf_v2_aigc_p04-prone-on-floor,DEV,V3_DEV,positive,1,prone_ground_lying,/home/yanbo/下载/batches/batch_person-fallen-v2-camera1p5m/prompts/34_p04-prone-on-floor-04.txt,5ce96ab1c3060a71109107a91097903ab27aedde57ced155118b176f670ff3fe,5ce96ab1c3060a71109107a91097903ab27aedde57ced155118b176f670ff3fe,/home/yanbo/下载/batches/batch_person-fallen-v2-camera1p5m/final/34_p04-prone-on-floor-04.png,6e170627385d2e2dbdeeb95c19602073232c77b509190eb778642409cf8c0a43,6e170627385d2e2dbdeeb95c19602073232c77b509190eb778642409cf8c0a43,FROZEN_V2_MANIFEST_EXPECTED_AND_ACTUAL,REUSABLE_V2_NON_HOLDOUT,FROZEN_V2_PROMPT_IMAGE_MAPPING_PASS,V3_PRONE_GROUND_LYING_POSITIVE,PASS_EXPLICIT_POSTURE_CUE,positive,PROMPT_DERIVED_SYNTHETIC_GT,FROZEN_GENERATION_PROMPT_AND_PLANNED_ROLE,false,positive,true,
V2_ORIGINAL::IMG_003751,V2_ORIGINAL_SYNTHETIC_500,350_h05-squatting-10,IMG_003751,pf_v2_aigc_h05-squatting,DEV,V3_DEV,hard_negative,0,squat_crouch_deep_bend,/home/yanbo/下载/batches/batch_person-fallen-v2-camera1p5m/prompts/350_h05-squatting-10.txt,86bedf8e40dccbe7c8933e9a656cc0a1bf6a59cf5e4d707f107272a63b3fd5b5,86bedf8e40dccbe7c8933e9a656cc0a1bf6a59cf5e4d707f107272a63b3fd5b5,/home/yanbo/下载/batches/batch_person-fallen-v2-camera1p5m/final/350_h05-squatting-10.png,96b35071dbdb8c08a0b6cdcea3b29254263c2e8f23bc580f16a05affdaef1cb4,96b35071dbdb8c08a0b6cdcea3b29254263c2e8f23bc580f16a05affdaef1cb4,FROZEN_V2_MANIFEST_EXPECTED_AND_ACTUAL,REUSABLE_V2_NON_HOLDOUT,FROZEN_V2_PROMPT_IMAGE_MAPPING_PASS,V3_SQUAT_CROUCH_DEEP_BEND_NEGATIVE,PASS_EXPLICIT_NEGATIVE_CUE,negative,PROMPT_DERIVED_SYNTHETIC_GT,FROZEN_GENERATION_PROMPT_AND_PLANNED_ROLE,false,hard_negative,true,
V2_ORIGINAL::IMG_003752,V2_ORIGINAL_SYNTHETIC_500,351_h06-squatting-01,IMG_003752,pf_v2_aigc_h06-squatting,DEV,V3_DEV,hard_negative,0,squat_crouch_deep_bend,/home/yanbo/下载/batches/batch_person-fallen-v2-camera1p5m/prompts/351_h06-squatting-01.txt,23db2d1645962681e46306a4ae559505bc0fc6fa9c6ff57589e0ec33b3d07266,23db2d1645962681e46306a4ae559505bc0fc6fa9c6ff57589e0ec33b3d07266,/home/yanbo/下载/batches/batch_person-fallen-v2-camera1p5m/final/351_h06-squatting-01.png,9d51842db456f20284d6d821eea6fc180cf491666bb736d8adecd47b93d88344,9d51842db456f20284d6d821eea6fc180cf491666bb736d8adecd47b93d88344,FROZEN_V2_MANIFEST_EXPECTED_AND_ACTUAL,REUSABLE_V2_NON_HOLDOUT,FROZEN_V2_PROMPT_IMAGE_MAPPING_PASS,V3_SQUAT_CROUCH_DEEP_BEND_NEGATIVE,PASS_EXPLICIT_NEGATIVE_CUE,negative,PROMPT_DERIVED_SYNTHETIC_GT,FROZEN_GENERATION_PROMPT_AND_PLANNED_ROLE,false,hard_negative,true,
V2_ORIGINAL::IMG_003753,V2_ORIGINAL_SYNTHETIC_500,352_h06-squatting-02,IMG_003753,pf_v2_aigc_h06-squatting,DEV,V3_DEV,hard_negative,0,squat_crouch_deep_bend,/home/yanbo/下载/batches/batch_person-fallen-v2-camera1p5m/prompts/352_h06-squatting-02.txt,c57a30a0fb2ca2b1163d1e6a60cd72fb2a85b3242d0982efbf751a20a4cf92ca,c57a30a0fb2ca2b1163d1e6a60cd72fb2a85b3242d0982efbf751a20a4cf92ca,/home/yanbo/下载/batches/batch_person-fallen-v2-camera1p5m/final/352_h06-squatting-02.png,21e39b5f62d3e42f57b1f4a6eb3d6e2de4b48a193a7508edd3dc2914c62b7452,21e39b5f62d3e42f57b1f4a6eb3d6e2de4b48a193a7508edd3dc2914c62b7452,FROZEN_V2_MANIFEST_EXPECTED_AND_ACTUAL,REUSABLE_V2_NON_HOLDOUT,FROZEN_V2_PROMPT_IMAGE_MAPPING_PASS,V3_SQUAT_CROUCH_DEEP_BEND_NEGATIVE,PASS_EXPLICIT_NEGATIVE_CUE,negative,PROMPT_DERIVED_SYNTHETIC_GT,FROZEN_GENERATION_PROMPT_AND_PLANNED_ROLE,false,hard_negative,true,
V2_ORIGINAL::IMG_003754,V2_ORIGINAL_SYNTHETIC_500,353_h06-squatting-03,IMG_003754,pf_v2_aigc_h06-squatting,DEV,V3_DEV,hard_negative,0,squat_crouch_deep_bend,/home/yanbo/下载/batches/batch_person-fallen-v2-camera1p5m/prompts/353_h06-squatting-03.txt,5bcf1912883125b024b8fd8bc25c93d9c4680cbb75036d14e83f71f3171e5649,5bcf1912883125b024b8fd8bc25c93d9c4680cbb75036d14e83f71f3171e5649,/home/yanbo/下载/batches/batch_person-fallen-v2-camera1p5m/final/353_h06-squatting-03.png,4db498f7d89028b884b3ad72b466542296ceea8b6434cec90c51d30a21bdcd22,4db498f7d89028b884b3ad72b466542296ceea8b6434cec90c51d30a21bdcd22,FROZEN_V2_MANIFEST_EXPECTED_AND_ACTUAL,REUSABLE_V2_NON_HOLDOUT,FROZEN_V2_PROMPT_IMAGE_MAPPING_PASS,V3_SQUAT_CROUCH_DEEP_BEND_NEGATIVE,PASS_EXPLICIT_NEGATIVE_CUE,negative,PROMPT_DERIVED_SYNTHETIC_GT,FROZEN_GENERATION_PROMPT_AND_PLANNED_ROLE,false,hard_negative,true,
V2_ORIGINAL::IMG_003755,V2_ORIGINAL_SYNTHETIC_500,354_h06-squatting-04,IMG_003755,pf_v2_aigc_h06-squatting,DEV,V3_DEV,hard_negative,0,squat_crouch_deep_bend,/home/yanbo/下载/batches/batch_person-fallen-v2-camera1p5m/prompts/354_h06-squatting-04.txt,6e508cb35413e775b52899868b8e31349c4561043d12cdb640d621710c038d92,6e508cb35413e775b52899868b8e31349c4561043d12cdb640d621710c038d92,/home/yanbo/下载/batches/batch_person-fallen-v2-camera1p5m/final/354_h06-squatting-04.png,5f443d6393dbe2f28eb5fa6a524207ee05b4d6e0649b8ef7fb3096a7391d9ee3,5f443d6393dbe2f28eb5fa6a524207ee05b4d6e0649b8ef7fb3096a7391d9ee3,FROZEN_V2_MANIFEST_EXPECTED_AND_ACTUAL,REUSABLE_V2_NON_HOLDOUT,FROZEN_V2_PROMPT_IMAGE_MAPPING_PASS,V3_SQUAT_CROUCH_DEEP_BEND_NEGATIVE,PASS_EXPLICIT_NEGATIVE_CUE,negative,PROMPT_DERIVED_SYNTHETIC_GT,FROZEN_GENERATION_PROMPT_AND_PLANNED_ROLE,false,hard_negative,true,
V2_ORIGINAL::IMG_003756,V2_ORIGINAL_SYNTHETIC_500,355_h06-squatting-05,IMG_003756,pf_v2_aigc_h06-squatting,DEV,V3_DEV,hard_negative,0,squat_crouch_deep_bend,/home/yanbo/下载/batches/batch_person-fallen-v2-camera1p5m/prompts/355_h06-squatting-05.txt,123666a050a14436cf1bb30fb45d90691d042ad5949a8d4dffc13b0afab7530c,123666a050a14436cf1bb30fb45d90691d042ad5949a8d4dffc13b0afab7530c,/home/yanbo/下载/batches/batch_person-fallen-v2-camera1p5m/final/355_h06-squatting-05.png,0677f623922ae8c0833c4608b442c97f115863391363ec031746984b2a1f7bcc,0677f623922ae8c0833c4608b442c97f115863391363ec031746984b2a1f7bcc,FROZEN_V2_MANIFEST_EXPECTED_AND_ACTUAL,REUSABLE_V2_NON_HOLDOUT,FROZEN_V2_PROMPT_IMAGE_MAPPING_PASS,V3_SQUAT_CROUCH_DEEP_BEND_NEGATIVE,PASS_EXPLICIT_NEGATIVE_CUE,negative,PROMPT_DERIVED_SYNTHETIC_GT,FROZEN_GENERATION_PROMPT_AND_PLANNED_ROLE,false,hard_negative,true,
V2_ORIGINAL::IMG_003757,V2_ORIGINAL_SYNTHETIC_500,356_h06-squatting-06,IMG_003757,pf_v2_aigc_h06-squatting,DEV,V3_DEV,hard_negative,0,squat_crouch_deep_bend,/home/yanbo/下载/batches/batch_person-fallen-v2-camera1p5m/prompts/356_h06-squatting-06.txt,853ab819a4e5921f2bdc87f0bf88fcd213453f45b7cfc24a40cca648f040cfca,853ab819a4e5921f2bdc87f0bf88fcd213453f45b7cfc24a40cca648f040cfca,/home/yanbo/下载/batches/batch_person-fallen-v2-camera1p5m/final/356_h06-squatting-06.png,0701ddbdd49380437869cac2251251f3aa0b305fca47da6de7c2fa171e582854,0701ddbdd49380437869cac2251251f3aa0b305fca47da6de7c2fa171e582854,FROZEN_V2_MANIFEST_EXPECTED_AND_ACTUAL,REUSABLE_V2_NON_HOLDOUT,FROZEN_V2_PROMPT_IMAGE_MAPPING_PASS,V3_SQUAT_CROUCH_DEEP_BEND_NEGATIVE,PASS_EXPLICIT_NEGATIVE_CUE,negative,PROMPT_DERIVED_SYNTHETIC_GT,FROZEN_GENERATION_PROMPT_AND_PLANNED_ROLE,false,hard_negative,true,
V2_ORIGINAL::IMG_003758,V2_ORIGINAL_SYNTHETIC_500,357_h06-squatting-07,IMG_003758,pf_v2_aigc_h06-squatting,DEV,V3_DEV,hard_negative,0,squat_crouch_deep_bend,/home/yanbo/下载/batches/batch_person-fallen-v2-camera1p5m/prompts/357_h06-squatting-07.txt,233cadf80ed9539d2cdde103fe60ea65f5e9a441bdf4f84254e2d05b683e9af0,233cadf80ed9539d2cdde103fe60ea65f5e9a441bdf4f84254e2d05b683e9af0,/home/yanbo/下载/batches/batch_person-fallen-v2-camera1p5m/final/357_h06-squatting-07.png,02d0518049b36e6c2705a4571f7092c9c48fd6f79e4979e7771788eb9107f992,02d0518049b36e6c2705a4571f7092c9c48fd6f79e4979e7771788eb9107f992,FROZEN_V2_MANIFEST_EXPECTED_AND_ACTUAL,REUSABLE_V2_NON_HOLDOUT,FROZEN_V2_PROMPT_IMAGE_MAPPING_PASS,V3_SQUAT_CROUCH_DEEP_BEND_NEGATIVE,PASS_EXPLICIT_NEGATIVE_CUE,negative,PROMPT_DERIVED_SYNTHETIC_GT,FROZEN_GENERATION_PROMPT_AND_PLANNED_ROLE,false,hard_negative,true,
V2_ORIGINAL::IMG_003759,V2_ORIGINAL_SYNTHETIC_500,358_h06-squatting-08,IMG_003759,pf_v2_aigc_h06-squatting,DEV,V3_DEV,hard_negative,0,squat_crouch_deep_bend,/home/yanbo/下载/batches/batch_person-fallen-v2-camera1p5m/prompts/358_h06-squatting-08.txt,4e1d4762507f2d66594df898ea197ce10f9d87e83d3a4908dede216c3ba6ce28,4e1d4762507f2d66594df898ea197ce10f9d87e83d3a4908dede216c3ba6ce28,/home/yanbo/下载/batches/batch_person-fallen-v2-camera1p5m/final/358_h06-squatting-08.png,30bae33ef6a87738d1ee9d7d6ce2d42944cd954b3f4062fd6de26355e168188b,30bae33ef6a87738d1ee9d7d6ce2d42944cd954b3f4062fd6de26355e168188b,FROZEN_V2_MANIFEST_EXPECTED_AND_ACTUAL,REUSABLE_V2_NON_HOLDOUT,FROZEN_V2_PROMPT_IMAGE_MAPPING_PASS,V3_SQUAT_CROUCH_DEEP_BEND_NEGATIVE,PASS_EXPLICIT_NEGATIVE_CUE,negative,PROMPT_DERIVED_SYNTHETIC_GT,FROZEN_GENERATION_PROMPT_AND_PLANNED_ROLE,false,hard_negative,true,
V2_ORIGINAL::IMG_003760,V2_ORIGINAL_SYNTHETIC_500,359_h06-squatting-09,IMG_003760,pf_v2_aigc_h06-squatting,DEV,V3_DEV,hard_negative,0,squat_crouch_deep_bend,/home/yanbo/下载/batches/batch_person-fallen-v2-camera1p5m/prompts/359_h06-squatting-09.txt,f265dd890fdebe877fd129f8baff509306d86f7e7d7bf7ded937dceaae9bb77c,f265dd890fdebe877fd129f8baff509306d86f7e7d7bf7ded937dceaae9bb77c,/home/yanbo/下载/batches/batch_person-fallen-v2-camera1p5m/final/359_h06-squatting-09.png,549d55d23c0e591fd1d4500c7b2ead5eb5f4f6657d9d5bad963feac31c5a9b2f,549d55d23c0e591fd1d4500c7b2ead5eb5f4f6657d9d5bad963feac31c5a9b2f,FROZEN_V2_MANIFEST_EXPECTED_AND_ACTUAL,REUSABLE_V2_NON_HOLDOUT,FROZEN_V2_PROMPT_IMAGE_MAPPING_PASS,V3_SQUAT_CROUCH_DEEP_BEND_NEGATIVE,PASS_EXPLICIT_NEGATIVE_CUE,negative,PROMPT_DERIVED_SYNTHETIC_GT,FROZEN_GENERATION_PROMPT_AND_PLANNED_ROLE,false,hard_negative,true,
V2_ORIGINAL::IMG_004016,V2_ORIGINAL_SYNTHETIC_500,35_p04-prone-on-floor-05,IMG_004016,pf_v2_aigc_p04-prone-on-floor,DEV,V3_DEV,positive,1,prone_ground_lying,/home/yanbo/下载/batches/batch_person-fallen-v2-camera1p5m/prompts/35_p04-prone-on-floor-05.txt,7152b2e67858a8882654a0d64fedb4aa98430647020530baaea3529d85bf2e94,7152b2e67858a8882654a0d64fedb4aa98430647020530baaea3529d85bf2e94,/home/yanbo/下载/batches/batch_person-fallen-v2-camera1p5m/final/35_p04-prone-on-floor-05.png,f8e866b52682ef59c44ca191aded4a9fd7248b59937cf0db5cb460fb729f06d1,f8e866b52682ef59c44ca191aded4a9fd7248b59937cf0db5cb460fb729f06d1,FROZEN_V2_MANIFEST_EXPECTED_AND_ACTUAL,REUSABLE_V2_NON_HOLDOUT,FROZEN_V2_PROMPT_IMAGE_MAPPING_PASS,V3_PRONE_GROUND_LYING_POSITIVE,PASS_EXPLICIT_POSTURE_CUE,positive,PROMPT_DERIVED_SYNTHETIC_GT,FROZEN_GENERATION_PROMPT_AND_PLANNED_ROLE,false,positive,true,
V2_ORIGINAL::IMG_003761,V2_ORIGINAL_SYNTHETIC_500,360_h06-squatting-10,IMG_003761,pf_v2_aigc_h06-squatting,DEV,V3_DEV,hard_negative,0,squat_crouch_deep_bend,/home/yanbo/下载/batches/batch_person-fallen-v2-camera1p5m/prompts/360_h06-squatting-10.txt,7b3d07f5e60244013d8faf0010bf94363f81f19ee5419023f3b4997c787a94f4,7b3d07f5e60244013d8faf0010bf94363f81f19ee5419023f3b4997c787a94f4,/home/yanbo/下载/batches/batch_person-fallen-v2-camera1p5m/final/360_h06-squatting-10.png,e94ff2a0fe9a16ac49da733e32db3d60fa436f385d1fcb0188577a76ff65c6ac,e94ff2a0fe9a16ac49da733e32db3d60fa436f385d1fcb0188577a76ff65c6ac,FROZEN_V2_MANIFEST_EXPECTED_AND_ACTUAL,REUSABLE_V2_NON_HOLDOUT,FROZEN_V2_PROMPT_IMAGE_MAPPING_PASS,V3_SQUAT_CROUCH_DEEP_BEND_NEGATIVE,PASS_EXPLICIT_NEGATIVE_CUE,negative,PROMPT_DERIVED_SYNTHETIC_GT,FROZEN_GENERATION_PROMPT_AND_PLANNED_ROLE,false,hard_negative,true,
V2_ORIGINAL::IMG_003762,V2_ORIGINAL_SYNTHETIC_500,361_h07-deep-bending-picking-up-items-01,IMG_003762,pf_v2_aigc_h07-deep-bending-picking-up-items,DEV,V3_DEV,hard_negative,0,bending_pickup,/home/yanbo/下载/batches/batch_person-fallen-v2-camera1p5m/prompts/361_h07-deep-bending-picking-up-items-01.txt,02b785b418f6aa534593aa078ca881a06925d40affad754368da56c3441c1ea5,02b785b418f6aa534593aa078ca881a06925d40affad754368da56c3441c1ea5,/home/yanbo/下载/batches/batch_person-fallen-v2-camera1p5m/final/361_h07-deep-bending-picking-up-items-01.png,3cd2d69225587134247c61e84a90055f9263867f885b60900d79f8b8694c91d7,3cd2d69225587134247c61e84a90055f9263867f885b60900d79f8b8694c91d7,FROZEN_V2_MANIFEST_EXPECTED_AND_ACTUAL,REUSABLE_V2_NON_HOLDOUT,FROZEN_V2_PROMPT_IMAGE_MAPPING_PASS,V3_BENDING_PICKUP_NEGATIVE,PASS_EXPLICIT_NEGATIVE_CUE,negative,PROMPT_DERIVED_SYNTHETIC_GT,FROZEN_GENERATION_PROMPT_AND_PLANNED_ROLE,false,hard_negative,true,
V2_ORIGINAL::IMG_003763,V2_ORIGINAL_SYNTHETIC_500,362_h07-deep-bending-picking-up-items-02,IMG_003763,pf_v2_aigc_h07-deep-bending-picking-up-items,DEV,V3_DEV,hard_negative,0,bending_pickup,/home/yanbo/下载/batches/batch_person-fallen-v2-camera1p5m/prompts/362_h07-deep-bending-picking-up-items-02.txt,81293f188ffdbc5a4cb544b649221f8b0e9f4b65d6b3f2d380fcc99cd933b71d,81293f188ffdbc5a4cb544b649221f8b0e9f4b65d6b3f2d380fcc99cd933b71d,/home/yanbo/下载/batches/batch_person-fallen-v2-camera1p5m/final/362_h07-deep-bending-picking-up-items-02.png,7bf20fa13e69139b8874c930ee245517752c005e62842c8cf2cfcef474aec026,7bf20fa13e69139b8874c930ee245517752c005e62842c8cf2cfcef474aec026,FROZEN_V2_MANIFEST_EXPECTED_AND_ACTUAL,REUSABLE_V2_NON_HOLDOUT,FROZEN_V2_PROMPT_IMAGE_MAPPING_PASS,V3_BENDING_PICKUP_NEGATIVE,PASS_EXPLICIT_NEGATIVE_CUE,negative,PROMPT_DERIVED_SYNTHETIC_GT,FROZEN_GENERATION_PROMPT_AND_PLANNED_ROLE,false,hard_negative,true,
V2_ORIGINAL::IMG_003764,V2_ORIGINAL_SYNTHETIC_500,363_h07-deep-bending-picking-up-items-03,IMG_003764,pf_v2_aigc_h07-deep-bending-picking-up-items,DEV,V3_DEV,hard_negative,0,bending_pickup,/home/yanbo/下载/batches/batch_person-fallen-v2-camera1p5m/prompts/363_h07-deep-bending-picking-up-items-03.txt,d7f5dde6295ccb7c1fbe96d17f2f97613ffdef087193c5755752e97576269c66,d7f5dde6295ccb7c1fbe96d17f2f97613ffdef087193c5755752e97576269c66,/home/yanbo/下载/batches/batch_person-fallen-v2-camera1p5m/final/363_h07-deep-bending-picking-up-items-03.png,4e2129d39ced0b8e46b950449cd4ad48a5fa5bfc7391129916c226441a2ef9de,4e2129d39ced0b8e46b950449cd4ad48a5fa5bfc7391129916c226441a2ef9de,FROZEN_V2_MANIFEST_EXPECTED_AND_ACTUAL,REUSABLE_V2_NON_HOLDOUT,FROZEN_V2_PROMPT_IMAGE_MAPPING_PASS,V3_BENDING_PICKUP_NEGATIVE,PASS_EXPLICIT_NEGATIVE_CUE,negative,PROMPT_DERIVED_SYNTHETIC_GT,FROZEN_GENERATION_PROMPT_AND_PLANNED_ROLE,false,hard_negative,true,
V2_ORIGINAL::IMG_003765,V2_ORIGINAL_SYNTHETIC_500,364_h07-deep-bending-picking-up-items-04,IMG_003765,pf_v2_aigc_h07-deep-bending-picking-up-items,DEV,V3_DEV,hard_negative,0,bending_pickup,/home/yanbo/下载/batches/batch_person-fallen-v2-camera1p5m/prompts/364_h07-deep-bending-picking-up-items-04.txt,caf8b0e631821dc772abdce17ededf8ef29fb00a1999f66988b2e24f38c733ea,caf8b0e631821dc772abdce17ededf8ef29fb00a1999f66988b2e24f38c733ea,/home/yanbo/下载/batches/batch_person-fallen-v2-camera1p5m/final/364_h07-deep-bending-picking-up-items-04.png,73297f5338a958b2cbfb7d2852f21215f4f3c2796efdd1c0d411aca59420b63c,73297f5338a958b2cbfb7d2852f21215f4f3c2796efdd1c0d411aca59420b63c,FROZEN_V2_MANIFEST_EXPECTED_AND_ACTUAL,REUSABLE_V2_NON_HOLDOUT,FROZEN_V2_PROMPT_IMAGE_MAPPING_PASS,V3_BENDING_PICKUP_NEGATIVE,PASS_EXPLICIT_NEGATIVE_CUE,negative,PROMPT_DERIVED_SYNTHETIC_GT,FROZEN_GENERATION_PROMPT_AND_PLANNED_ROLE,false,hard_negative,true,
V2_ORIGINAL::IMG_003766,V2_ORIGINAL_SYNTHETIC_500,365_h07-deep-bending-picking-up-items-05,IMG_003766,pf_v2_aigc_h07-deep-bending-picking-up-items,DEV,V3_DEV,hard_negative,0,bending_pickup,/home/yanbo/下载/batches/batch_person-fallen-v2-camera1p5m/prompts/365_h07-deep-bending-picking-up-items-05.txt,bda538ba2d52f7c6c41cba5bd53de880fbd5de7c62f33277ac3edcd21e83d117,bda538ba2d52f7c6c41cba5bd53de880fbd5de7c62f33277ac3edcd21e83d117,/home/yanbo/下载/batches/batch_person-fallen-v2-camera1p5m/final/365_h07-deep-bending-picking-up-items-05.png,bc4efb01b55985b35af985f38408d386d11cfd7fd11f6a739d781c11df2a5519,bc4efb01b55985b35af985f38408d386d11cfd7fd11f6a739d781c11df2a5519,FROZEN_V2_MANIFEST_EXPECTED_AND_ACTUAL,REUSABLE_V2_NON_HOLDOUT,FROZEN_V2_PROMPT_IMAGE_MAPPING_PASS,V3_BENDING_PICKUP_NEGATIVE,PASS_EXPLICIT_NEGATIVE_CUE,negative,PROMPT_DERIVED_SYNTHETIC_GT,FROZEN_GENERATION_PROMPT_AND_PLANNED_ROLE,false,hard_negative,true,
V2_ORIGINAL::IMG_003767,V2_ORIGINAL_SYNTHETIC_500,366_h07-deep-bending-picking-up-items-06,IMG_003767,pf_v2_aigc_h07-deep-bending-picking-up-items,DEV,V3_DEV,hard_negative,0,bending_pickup,/home/yanbo/下载/batches/batch_person-fallen-v2-camera1p5m/prompts/366_h07-deep-bending-picking-up-items-06.txt,685167b8be4dca9e6d969b2a65664e71d8cc89d7b6118104bdebd3a6d7da74f0,685167b8be4dca9e6d969b2a65664e71d8cc89d7b6118104bdebd3a6d7da74f0,/home/yanbo/下载/batches/batch_person-fallen-v2-camera1p5m/final/366_h07-deep-bending-picking-up-items-06.png,831c2c6bfb1688043d0446b34aafb679bf35a3f31111dcd322a6256278fdef1d,831c2c6bfb1688043d0446b34aafb679bf35a3f31111dcd322a6256278fdef1d,FROZEN_V2_MANIFEST_EXPECTED_AND_ACTUAL,REUSABLE_V2_NON_HOLDOUT,FROZEN_V2_PROMPT_IMAGE_MAPPING_PASS,V3_BENDING_PICKUP_NEGATIVE,PASS_EXPLICIT_NEGATIVE_CUE,negative,PROMPT_DERIVED_SYNTHETIC_GT,FROZEN_GENERATION_PROMPT_AND_PLANNED_ROLE,false,hard_negative,true,
V2_ORIGINAL::IMG_003768,V2_ORIGINAL_SYNTHETIC_500,367_h07-deep-bending-picking-up-items-07,IMG_003768,pf_v2_aigc_h07-deep-bending-picking-up-items,DEV,V3_DEV,hard_negative,0,bending_pickup,/home/yanbo/下载/batches/batch_person-fallen-v2-camera1p5m/prompts/367_h07-deep-bending-picking-up-items-07.txt,c2dffdc9ec0789ef7719fd7043f6792b54b79aa21b62211c4801347adcf90a17,c2dffdc9ec0789ef7719fd7043f6792b54b79aa21b62211c4801347adcf90a17,/home/yanbo/下载/batches/batch_person-fallen-v2-camera1p5m/final/367_h07-deep-bending-picking-up-items-07.png,79425afdceda6470c49498d375bdeb97e3b0ec24b6a4362771a0071f0c98f474,79425afdceda6470c49498d375bdeb97e3b0ec24b6a4362771a0071f0c98f474,FROZEN_V2_MANIFEST_EXPECTED_AND_ACTUAL,REUSABLE_V2_NON_HOLDOUT,FROZEN_V2_PROMPT_IMAGE_MAPPING_PASS,V3_BENDING_PICKUP_NEGATIVE,PASS_EXPLICIT_NEGATIVE_CUE,negative,PROMPT_DERIVED_SYNTHETIC_GT,FROZEN_GENERATION_PROMPT_AND_PLANNED_ROLE,false,hard_negative,true,
V2_ORIGINAL::IMG_003769,V2_ORIGINAL_SYNTHETIC_500,368_h07-deep-bending-picking-up-items-08,IMG_003769,pf_v2_aigc_h07-deep-bending-picking-up-items,DEV,V3_DEV,hard_negative,0,bending_pickup,/home/yanbo/下载/batches/batch_person-fallen-v2-camera1p5m/prompts/368_h07-deep-bending-picking-up-items-08.txt,cf8a1cf6a5c5a7eef53f106d027074557715c6ad76ef8b282442c3d108e71b1a,cf8a1cf6a5c5a7eef53f106d027074557715c6ad76ef8b282442c3d108e71b1a,/home/yanbo/下载/batches/batch_person-fallen-v2-camera1p5m/final/368_h07-deep-bending-picking-up-items-08.png,eb3a93d5001918d6667baef0276e5a9ab6386e2d4e3a911e3bfb5b11e7990f18,eb3a93d5001918d6667baef0276e5a9ab6386e2d4e3a911e3bfb5b11e7990f18,FROZEN_V2_MANIFEST_EXPECTED_AND_ACTUAL,REUSABLE_V2_NON_HOLDOUT,FROZEN_V2_PROMPT_IMAGE_MAPPING_PASS,V3_BENDING_PICKUP_NEGATIVE,PASS_EXPLICIT_NEGATIVE_CUE,negative,PROMPT_DERIVED_SYNTHETIC_GT,FROZEN_GENERATION_PROMPT_AND_PLANNED_ROLE,false,hard_negative,true,
V2_ORIGINAL::IMG_003770,V2_ORIGINAL_SYNTHETIC_500,369_h07-deep-bending-picking-up-items-09,IMG_003770,pf_v2_aigc_h07-deep-bending-picking-up-items,DEV,V3_DEV,hard_negative,0,bending_pickup,/home/yanbo/下载/batches/batch_person-fallen-v2-camera1p5m/prompts/369_h07-deep-bending-picking-up-items-09.txt,d71c35c23065826842d2db8144dbbd5265a538fda2927b5e2f6304eb89b88a71,d71c35c23065826842d2db8144dbbd5265a538fda2927b5e2f6304eb89b88a71,/home/yanbo/下载/batches/batch_person-fallen-v2-camera1p5m/final/369_h07-deep-bending-picking-up-items-09.png,31e8875b4138b283db834f0e157c46911c3afc0b6a3e61e4dade64dc5ae0b9dd,31e8875b4138b283db834f0e157c46911c3afc0b6a3e61e4dade64dc5ae0b9dd,FROZEN_V2_MANIFEST_EXPECTED_AND_ACTUAL,REUSABLE_V2_NON_HOLDOUT,FROZEN_V2_PROMPT_IMAGE_MAPPING_PASS,V3_BENDING_PICKUP_NEGATIVE,PASS_EXPLICIT_NEGATIVE_CUE,negative,PROMPT_DERIVED_SYNTHETIC_GT,FROZEN_GENERATION_PROMPT_AND_PLANNED_ROLE,false,hard_negative,true,
V2_ORIGINAL::IMG_004017,V2_ORIGINAL_SYNTHETIC_500,36_p04-prone-on-floor-06,IMG_004017,pf_v2_aigc_p04-prone-on-floor,DEV,V3_DEV,positive,1,prone_ground_lying,/home/yanbo/下载/batches/batch_person-fallen-v2-camera1p5m/prompts/36_p04-prone-on-floor-06.txt,af132f6d307e566129c52107750b060bff368a3d263be65975555fc7ea7405b5,af132f6d307e566129c52107750b060bff368a3d263be65975555fc7ea7405b5,/home/yanbo/下载/batches/batch_person-fallen-v2-camera1p5m/final/36_p04-prone-on-floor-06.png,f1b5913e989719018e6e4aaa961deeb9ff74526f6a8e219894b2361843fb3f7d,f1b5913e989719018e6e4aaa961deeb9ff74526f6a8e219894b2361843fb3f7d,FROZEN_V2_MANIFEST_EXPECTED_AND_ACTUAL,REUSABLE_V2_NON_HOLDOUT,FROZEN_V2_PROMPT_IMAGE_MAPPING_PASS,V3_PRONE_GROUND_LYING_POSITIVE,PASS_EXPLICIT_POSTURE_CUE,positive,PROMPT_DERIVED_SYNTHETIC_GT,FROZEN_GENERATION_PROMPT_AND_PLANNED_ROLE,false,positive,true,
V2_ORIGINAL::IMG_003771,V2_ORIGINAL_SYNTHETIC_500,370_h07-deep-bending-picking-up-items-10,IMG_003771,pf_v2_aigc_h07-deep-bending-picking-up-items,DEV,V3_DEV,hard_negative,0,bending_pickup,/home/yanbo/下载/batches/batch_person-fallen-v2-camera1p5m/prompts/370_h07-deep-bending-picking-up-items-10.txt,8298ea821022b3b869a8b1f3e1a5df26bf98e3c871ecd73ba71e1b923f0d4f19,8298ea821022b3b869a8b1f3e1a5df26bf98e3c871ecd73ba71e1b923f0d4f19,/home/yanbo/下载/batches/batch_person-fallen-v2-camera1p5m/final/370_h07-deep-bending-picking-up-items-10.png,7972361e975c8ecd25f7e1913a677d6a3a4398700459712f51f483a610003079,7972361e975c8ecd25f7e1913a677d6a3a4398700459712f51f483a610003079,FROZEN_V2_MANIFEST_EXPECTED_AND_ACTUAL,REUSABLE_V2_NON_HOLDOUT,FROZEN_V2_PROMPT_IMAGE_MAPPING_PASS,V3_BENDING_PICKUP_NEGATIVE,PASS_EXPLICIT_NEGATIVE_CUE,negative,PROMPT_DERIVED_SYNTHETIC_GT,FROZEN_GENERATION_PROMPT_AND_PLANNED_ROLE,false,hard_negative,true,
V2_ORIGINAL::IMG_003772,V2_ORIGINAL_SYNTHETIC_500,371_h08-deep-bending-picking-up-items-01,IMG_003772,pf_v2_aigc_h08-deep-bending-picking-up-items,DEV,V3_DEV,hard_negative,0,bending_pickup,/home/yanbo/下载/batches/batch_person-fallen-v2-camera1p5m/prompts/371_h08-deep-bending-picking-up-items-01.txt,943fa5163cb3cc9e24041d8a54f010602770fff66884cde00b5a355b3625a55f,943fa5163cb3cc9e24041d8a54f010602770fff66884cde00b5a355b3625a55f,/home/yanbo/下载/batches/batch_person-fallen-v2-camera1p5m/final/371_h08-deep-bending-picking-up-items-01.png,f04fb21225a9ff7f6c6452c2b9958413bffe162dafc13672883e5f8b88f90b19,f04fb21225a9ff7f6c6452c2b9958413bffe162dafc13672883e5f8b88f90b19,FROZEN_V2_MANIFEST_EXPECTED_AND_ACTUAL,REUSABLE_V2_NON_HOLDOUT,FROZEN_V2_PROMPT_IMAGE_MAPPING_PASS,V3_BENDING_PICKUP_NEGATIVE,PASS_EXPLICIT_NEGATIVE_CUE,negative,PROMPT_DERIVED_SYNTHETIC_GT,FROZEN_GENERATION_PROMPT_AND_PLANNED_ROLE,false,hard_negative,true,
V2_ORIGINAL::IMG_003773,V2_ORIGINAL_SYNTHETIC_500,372_h08-deep-bending-picking-up-items-02,IMG_003773,pf_v2_aigc_h08-deep-bending-picking-up-items,DEV,V3_DEV,hard_negative,0,bending_pickup,/home/yanbo/下载/batches/batch_person-fallen-v2-camera1p5m/prompts/372_h08-deep-bending-picking-up-items-02.txt,6996d2bf76524263de1287b8ade176a29a85b4cd47992a8bf238074ebd2564f8,6996d2bf76524263de1287b8ade176a29a85b4cd47992a8bf238074ebd2564f8,/home/yanbo/下载/batches/batch_person-fallen-v2-camera1p5m/final/372_h08-deep-bending-picking-up-items-02.png,4b1351f2a093e5e070086aba2464c9f523abb19afe101a9b27134d10c88311a2,4b1351f2a093e5e070086aba2464c9f523abb19afe101a9b27134d10c88311a2,FROZEN_V2_MANIFEST_EXPECTED_AND_ACTUAL,REUSABLE_V2_NON_HOLDOUT,FROZEN_V2_PROMPT_IMAGE_MAPPING_PASS,V3_BENDING_PICKUP_NEGATIVE,PASS_EXPLICIT_NEGATIVE_CUE,negative,PROMPT_DERIVED_SYNTHETIC_GT,FROZEN_GENERATION_PROMPT_AND_PLANNED_ROLE,false,hard_negative,true,
V2_ORIGINAL::IMG_003774,V2_ORIGINAL_SYNTHETIC_500,373_h08-deep-bending-picking-up-items-03,IMG_003774,pf_v2_aigc_h08-deep-bending-picking-up-items,DEV,V3_DEV,hard_negative,0,bending_pickup,/home/yanbo/下载/batches/batch_person-fallen-v2-camera1p5m/prompts/373_h08-deep-bending-picking-up-items-03.txt,7654fdd3916854bcbbd441c8bb49f21507c7b37d0d36530896768a55822d417e,7654fdd3916854bcbbd441c8bb49f21507c7b37d0d36530896768a55822d417e,/home/yanbo/下载/batches/batch_person-fallen-v2-camera1p5m/final/373_h08-deep-bending-picking-up-items-03.png,21a12c82ab225ee00d3c587a42019afc9d9f89044201cc7d65d40a513e89779a,21a12c82ab225ee00d3c587a42019afc9d9f89044201cc7d65d40a513e89779a,FROZEN_V2_MANIFEST_EXPECTED_AND_ACTUAL,REUSABLE_V2_NON_HOLDOUT,FROZEN_V2_PROMPT_IMAGE_MAPPING_PASS,V3_BENDING_PICKUP_NEGATIVE,PASS_EXPLICIT_NEGATIVE_CUE,negative,PROMPT_DERIVED_SYNTHETIC_GT,FROZEN_GENERATION_PROMPT_AND_PLANNED_ROLE,false,hard_negative,true,
V2_ORIGINAL::IMG_003775,V2_ORIGINAL_SYNTHETIC_500,374_h08-deep-bending-picking-up-items-04,IMG_003775,pf_v2_aigc_h08-deep-bending-picking-up-items,DEV,V3_DEV,hard_negative,0,bending_pickup,/home/yanbo/下载/batches/batch_person-fallen-v2-camera1p5m/prompts/374_h08-deep-bending-picking-up-items-04.txt,bb004b003cf6ef11372c0c303bbb694086011ca9b5de457679b71a2e33e7dd9c,bb004b003cf6ef11372c0c303bbb694086011ca9b5de457679b71a2e33e7dd9c,/home/yanbo/下载/batches/batch_person-fallen-v2-camera1p5m/final/374_h08-deep-bending-picking-up-items-04.png,4af3beb43796a537b6d2a6b06b4cdee75b0dfaf302f41b74ac9c42815cb454d2,4af3beb43796a537b6d2a6b06b4cdee75b0dfaf302f41b74ac9c42815cb454d2,FROZEN_V2_MANIFEST_EXPECTED_AND_ACTUAL,REUSABLE_V2_NON_HOLDOUT,FROZEN_V2_PROMPT_IMAGE_MAPPING_PASS,V3_BENDING_PICKUP_NEGATIVE,PASS_EXPLICIT_NEGATIVE_CUE,negative,PROMPT_DERIVED_SYNTHETIC_GT,FROZEN_GENERATION_PROMPT_AND_PLANNED_ROLE,false,hard_negative,true,
V2_ORIGINAL::IMG_003776,V2_ORIGINAL_SYNTHETIC_500,375_h08-deep-bending-picking-up-items-05,IMG_003776,pf_v2_aigc_h08-deep-bending-picking-up-items,DEV,V3_DEV,hard_negative,0,bending_pickup,/home/yanbo/下载/batches/batch_person-fallen-v2-camera1p5m/prompts/375_h08-deep-bending-picking-up-items-05.txt,5ab390d0255beffaaa6b0b8a366861b800d513c4dfb1e11400114231a15d9be0,5ab390d0255beffaaa6b0b8a366861b800d513c4dfb1e11400114231a15d9be0,/home/yanbo/下载/batches/batch_person-fallen-v2-camera1p5m/final/375_h08-deep-bending-picking-up-items-05.png,684d51921547237aa0163f511155f18a911860610defed850f7af3353bdd43a7,684d51921547237aa0163f511155f18a911860610defed850f7af3353bdd43a7,FROZEN_V2_MANIFEST_EXPECTED_AND_ACTUAL,REUSABLE_V2_NON_HOLDOUT,FROZEN_V2_PROMPT_IMAGE_MAPPING_PASS,V3_BENDING_PICKUP_NEGATIVE,PASS_EXPLICIT_NEGATIVE_CUE,negative,PROMPT_DERIVED_SYNTHETIC_GT,FROZEN_GENERATION_PROMPT_AND_PLANNED_ROLE,false,hard_negative,true,
V2_ORIGINAL::IMG_003777,V2_ORIGINAL_SYNTHETIC_500,376_h08-deep-bending-picking-up-items-06,IMG_003777,pf_v2_aigc_h08-deep-bending-picking-up-items,DEV,V3_DEV,hard_negative,0,bending_pickup,/home/yanbo/下载/batches/batch_person-fallen-v2-camera1p5m/prompts/376_h08-deep-bending-picking-up-items-06.txt,36aa7c1c9a8a3db84173918ba4765d4fdc9f5871f1668de869d62bba8191e12b,36aa7c1c9a8a3db84173918ba4765d4fdc9f5871f1668de869d62bba8191e12b,/home/yanbo/下载/batches/batch_person-fallen-v2-camera1p5m/final/376_h08-deep-bending-picking-up-items-06.png,5ed852acfb613f62d806ae9387a129a8441078e95bf98a8681a85b2019d7c1ff,5ed852acfb613f62d806ae9387a129a8441078e95bf98a8681a85b2019d7c1ff,FROZEN_V2_MANIFEST_EXPECTED_AND_ACTUAL,REUSABLE_V2_NON_HOLDOUT,FROZEN_V2_PROMPT_IMAGE_MAPPING_PASS,V3_BENDING_PICKUP_NEGATIVE,PASS_EXPLICIT_NEGATIVE_CUE,negative,PROMPT_DERIVED_SYNTHETIC_GT,FROZEN_GENERATION_PROMPT_AND_PLANNED_ROLE,false,hard_negative,true,
V2_ORIGINAL::IMG_003778,V2_ORIGINAL_SYNTHETIC_500,377_h08-deep-bending-picking-up-items-07,IMG_003778,pf_v2_aigc_h08-deep-bending-picking-up-items,DEV,V3_DEV,hard_negative,0,bending_pickup,/home/yanbo/下载/batches/batch_person-fallen-v2-camera1p5m/prompts/377_h08-deep-bending-picking-up-items-07.txt,a95bf52d26e502188a3dcbfc7e036548f5872dd023392e7fc737b24b04329bbd,a95bf52d26e502188a3dcbfc7e036548f5872dd023392e7fc737b24b04329bbd,/home/yanbo/下载/batches/batch_person-fallen-v2-camera1p5m/final/377_h08-deep-bending-picking-up-items-07.png,98746b30c8fb3d5defaae1cabb25c4d708a6c9ba8306a1785888431a99b2e8f9,98746b30c8fb3d5defaae1cabb25c4d708a6c9ba8306a1785888431a99b2e8f9,FROZEN_V2_MANIFEST_EXPECTED_AND_ACTUAL,REUSABLE_V2_NON_HOLDOUT,FROZEN_V2_PROMPT_IMAGE_MAPPING_PASS,V3_BENDING_PICKUP_NEGATIVE,PASS_EXPLICIT_NEGATIVE_CUE,negative,PROMPT_DERIVED_SYNTHETIC_GT,FROZEN_GENERATION_PROMPT_AND_PLANNED_ROLE,false,hard_negative,true,
V2_ORIGINAL::IMG_003779,V2_ORIGINAL_SYNTHETIC_500,378_h08-deep-bending-picking-up-items-08,IMG_003779,pf_v2_aigc_h08-deep-bending-picking-up-items,DEV,V3_DEV,hard_negative,0,bending_pickup,/home/yanbo/下载/batches/batch_person-fallen-v2-camera1p5m/prompts/378_h08-deep-bending-picking-up-items-08.txt,ec257219ecb7438a7c67b986acf09a640ceaf52a3309d4ead2863c56f47efd6c,ec257219ecb7438a7c67b986acf09a640ceaf52a3309d4ead2863c56f47efd6c,/home/yanbo/下载/batches/batch_person-fallen-v2-camera1p5m/final/378_h08-deep-bending-picking-up-items-08.png,9b9c53476c8f197ebb4c7069c8ffa54f1a72385f8db028076dd3824d0888e142,9b9c53476c8f197ebb4c7069c8ffa54f1a72385f8db028076dd3824d0888e142,FROZEN_V2_MANIFEST_EXPECTED_AND_ACTUAL,REUSABLE_V2_NON_HOLDOUT,FROZEN_V2_PROMPT_IMAGE_MAPPING_PASS,V3_BENDING_PICKUP_NEGATIVE,PASS_EXPLICIT_NEGATIVE_CUE,negative,PROMPT_DERIVED_SYNTHETIC_GT,FROZEN_GENERATION_PROMPT_AND_PLANNED_ROLE,false,hard_negative,true,
V2_ORIGINAL::IMG_003780,V2_ORIGINAL_SYNTHETIC_500,379_h08-deep-bending-picking-up-items-09,IMG_003780,pf_v2_aigc_h08-deep-bending-picking-up-items,DEV,V3_DEV,hard_negative,0,bending_pickup,/home/yanbo/下载/batches/batch_person-fallen-v2-camera1p5m/prompts/379_h08-deep-bending-picking-up-items-09.txt,c752d14eb899fc6e93d173e1c027f76e3d6964f641141f9b9257a808f7cbfb87,c752d14eb899fc6e93d173e1c027f76e3d6964f641141f9b9257a808f7cbfb87,/home/yanbo/下载/batches/batch_person-fallen-v2-camera1p5m/final/379_h08-deep-bending-picking-up-items-09.png,3ca6ded7e9efd01403f5f564bf3bbaa2ce7cc53a9e4d4c9c5327c6e862dd35ae,3ca6ded7e9efd01403f5f564bf3bbaa2ce7cc53a9e4d4c9c5327c6e862dd35ae,FROZEN_V2_MANIFEST_EXPECTED_AND_ACTUAL,REUSABLE_V2_NON_HOLDOUT,FROZEN_V2_PROMPT_IMAGE_MAPPING_PASS,V3_BENDING_PICKUP_NEGATIVE,PASS_EXPLICIT_NEGATIVE_CUE,negative,PROMPT_DERIVED_SYNTHETIC_GT,FROZEN_GENERATION_PROMPT_AND_PLANNED_ROLE,false,hard_negative,true,
V2_ORIGINAL::IMG_004018,V2_ORIGINAL_SYNTHETIC_500,37_p04-prone-on-floor-07,IMG_004018,pf_v2_aigc_p04-prone-on-floor,DEV,V3_DEV,positive,1,prone_ground_lying,/home/yanbo/下载/batches/batch_person-fallen-v2-camera1p5m/prompts/37_p04-prone-on-floor-07.txt,160bb93c4a702e2b5a12142f026a391e10ed594d0f6c925026768eae46cb5c2f,160bb93c4a702e2b5a12142f026a391e10ed594d0f6c925026768eae46cb5c2f,/home/yanbo/下载/batches/batch_person-fallen-v2-camera1p5m/final/37_p04-prone-on-floor-07.png,0e1ff5321d28285e1d16e15fa827f563e8337975bbab243c95ab0921a4a035d0,0e1ff5321d28285e1d16e15fa827f563e8337975bbab243c95ab0921a4a035d0,FROZEN_V2_MANIFEST_EXPECTED_AND_ACTUAL,REUSABLE_V2_NON_HOLDOUT,FROZEN_V2_PROMPT_IMAGE_MAPPING_PASS,V3_PRONE_GROUND_LYING_POSITIVE,PASS_EXPLICIT_POSTURE_CUE,positive,PROMPT_DERIVED_SYNTHETIC_GT,FROZEN_GENERATION_PROMPT_AND_PLANNED_ROLE,false,positive,true,
V2_ORIGINAL::IMG_003781,V2_ORIGINAL_SYNTHETIC_500,380_h08-deep-bending-picking-up-items-10,IMG_003781,pf_v2_aigc_h08-deep-bending-picking-up-items,DEV,V3_DEV,hard_negative,0,bending_pickup,/home/yanbo/下载/batches/batch_person-fallen-v2-camera1p5m/prompts/380_h08-deep-bending-picking-up-items-10.txt,c015616cebccd10b6ef8dbf322b8c4eceebea757e882de8d525bf7645d6389f2,c015616cebccd10b6ef8dbf322b8c4eceebea757e882de8d525bf7645d6389f2,/home/yanbo/下载/batches/batch_person-fallen-v2-camera1p5m/final/380_h08-deep-bending-picking-up-items-10.png,bddb297fd24794a0fb12903c66b06983947d457f7cd37306d8b8b8cada0f3978,bddb297fd24794a0fb12903c66b06983947d457f7cd37306d8b8b8cada0f3978,FROZEN_V2_MANIFEST_EXPECTED_AND_ACTUAL,REUSABLE_V2_NON_HOLDOUT,FROZEN_V2_PROMPT_IMAGE_MAPPING_PASS,V3_BENDING_PICKUP_NEGATIVE,PASS_EXPLICIT_NEGATIVE_CUE,negative,PROMPT_DERIVED_SYNTHETIC_GT,FROZEN_GENERATION_PROMPT_AND_PLANNED_ROLE,false,hard_negative,true,
V2_ORIGINAL::IMG_003782,V2_ORIGINAL_SYNTHETIC_500,381_h09-exercise-push-up-plank-01,IMG_003782,pf_v2_aigc_h09-exercise-push-up-plank,DEV,V3_DEV,hard_negative,0,pushup_plank,/home/yanbo/下载/batches/batch_person-fallen-v2-camera1p5m/prompts/381_h09-exercise-push-up-plank-01.txt,0f1ddbf0beaf681e80f91b777242b7e4c0050307904d5b9bf3536f2d52b27894,0f1ddbf0beaf681e80f91b777242b7e4c0050307904d5b9bf3536f2d52b27894,/home/yanbo/下载/batches/batch_person-fallen-v2-camera1p5m/final/381_h09-exercise-push-up-plank-01.png,44e8623e2ad766479925476c92fbab18bc3c1e7ba9e45c5654134bc13c936f2c,44e8623e2ad766479925476c92fbab18bc3c1e7ba9e45c5654134bc13c936f2c,FROZEN_V2_MANIFEST_EXPECTED_AND_ACTUAL,REUSABLE_V2_NON_HOLDOUT,FROZEN_V2_PROMPT_IMAGE_MAPPING_PASS,V3_PUSHUP_PLANK_POSITIVE,PASS_EXPLICIT_POSTURE_CUE,positive,PROMPT_DERIVED_SYNTHETIC_GT,FROZEN_GENERATION_PROMPT_AND_PLANNED_ROLE,false,positive,true,
V2_ORIGINAL::IMG_003783,V2_ORIGINAL_SYNTHETIC_500,382_h09-exercise-push-up-plank-02,IMG_003783,pf_v2_aigc_h09-exercise-push-up-plank,DEV,V3_DEV,hard_negative,0,pushup_plank,/home/yanbo/下载/batches/batch_person-fallen-v2-camera1p5m/prompts/382_h09-exercise-push-up-plank-02.txt,c86fa1fdb82dd704b21b1353d9a2227f23eb9d6d26ce2959730767e7f202f407,c86fa1fdb82dd704b21b1353d9a2227f23eb9d6d26ce2959730767e7f202f407,/home/yanbo/下载/batches/batch_person-fallen-v2-camera1p5m/final/382_h09-exercise-push-up-plank-02.png,7dedf3f76b5dee1261b3a17ffca7cddd821fba988c617c2009b9040b935b1821,7dedf3f76b5dee1261b3a17ffca7cddd821fba988c617c2009b9040b935b1821,FROZEN_V2_MANIFEST_EXPECTED_AND_ACTUAL,REUSABLE_V2_NON_HOLDOUT,FROZEN_V2_PROMPT_IMAGE_MAPPING_PASS,V3_PUSHUP_PLANK_POSITIVE,PASS_EXPLICIT_POSTURE_CUE,positive,PROMPT_DERIVED_SYNTHETIC_GT,FROZEN_GENERATION_PROMPT_AND_PLANNED_ROLE,false,positive,true,
V2_ORIGINAL::IMG_003784,V2_ORIGINAL_SYNTHETIC_500,383_h09-exercise-push-up-plank-03,IMG_003784,pf_v2_aigc_h09-exercise-push-up-plank,DEV,V3_DEV,hard_negative,0,pushup_plank,/home/yanbo/下载/batches/batch_person-fallen-v2-camera1p5m/prompts/383_h09-exercise-push-up-plank-03.txt,9f9be64cd48fc16a1981e0d9734bf2ba3bcd7acdc45e0ecdbe74c9ff90e1d853,9f9be64cd48fc16a1981e0d9734bf2ba3bcd7acdc45e0ecdbe74c9ff90e1d853,/home/yanbo/下载/batches/batch_person-fallen-v2-camera1p5m/final/383_h09-exercise-push-up-plank-03.png,fe68b7260d64c41240854528bd9b8288ee9273426440d9565c628b7b96b5d279,fe68b7260d64c41240854528bd9b8288ee9273426440d9565c628b7b96b5d279,FROZEN_V2_MANIFEST_EXPECTED_AND_ACTUAL,REUSABLE_V2_NON_HOLDOUT,FROZEN_V2_PROMPT_IMAGE_MAPPING_PASS,V3_PUSHUP_PLANK_POSITIVE,PASS_EXPLICIT_POSTURE_CUE,positive,PROMPT_DERIVED_SYNTHETIC_GT,FROZEN_GENERATION_PROMPT_AND_PLANNED_ROLE,false,positive,true,
V2_ORIGINAL::IMG_003785,V2_ORIGINAL_SYNTHETIC_500,384_h09-exercise-push-up-plank-04,IMG_003785,pf_v2_aigc_h09-exercise-push-up-plank,DEV,V3_DEV,hard_negative,0,pushup_plank,/home/yanbo/下载/batches/batch_person-fallen-v2-camera1p5m/prompts/384_h09-exercise-push-up-plank-04.txt,d6c36c1d390f50bdee28ddf1f7cd0bc06e05cc7549a7a7aae5b5539e2bdac7e9,d6c36c1d390f50bdee28ddf1f7cd0bc06e05cc7549a7a7aae5b5539e2bdac7e9,/home/yanbo/下载/batches/batch_person-fallen-v2-camera1p5m/final/384_h09-exercise-push-up-plank-04.png,a77070411d9ef6b04478c49bacf57f784dccc1ec7c4ba101221f19a027028dec,a77070411d9ef6b04478c49bacf57f784dccc1ec7c4ba101221f19a027028dec,FROZEN_V2_MANIFEST_EXPECTED_AND_ACTUAL,REUSABLE_V2_NON_HOLDOUT,FROZEN_V2_PROMPT_IMAGE_MAPPING_PASS,V3_PUSHUP_PLANK_POSITIVE,PASS_EXPLICIT_POSTURE_CUE,positive,PROMPT_DERIVED_SYNTHETIC_GT,FROZEN_GENERATION_PROMPT_AND_PLANNED_ROLE,false,positive,true,
V2_ORIGINAL::IMG_003786,V2_ORIGINAL_SYNTHETIC_500,385_h09-exercise-push-up-plank-05,IMG_003786,pf_v2_aigc_h09-exercise-push-up-plank,DEV,V3_DEV,hard_negative,0,pushup_plank,/home/yanbo/下载/batches/batch_person-fallen-v2-camera1p5m/prompts/385_h09-exercise-push-up-plank-05.txt,a54d4790290ebda8c55fb25f7a4b6b8895c477c8afbe2516c6c34bfe0589c204,a54d4790290ebda8c55fb25f7a4b6b8895c477c8afbe2516c6c34bfe0589c204,/home/yanbo/下载/batches/batch_person-fallen-v2-camera1p5m/final/385_h09-exercise-push-up-plank-05.png,f7e3f93d49290d8262bf2f119da7e4d34e03675776f035ed52eb7b863efcd793,f7e3f93d49290d8262bf2f119da7e4d34e03675776f035ed52eb7b863efcd793,FROZEN_V2_MANIFEST_EXPECTED_AND_ACTUAL,REUSABLE_V2_NON_HOLDOUT,FROZEN_V2_PROMPT_IMAGE_MAPPING_PASS,V3_PUSHUP_PLANK_POSITIVE,PASS_EXPLICIT_POSTURE_CUE,positive,PROMPT_DERIVED_SYNTHETIC_GT,FROZEN_GENERATION_PROMPT_AND_PLANNED_ROLE,false,positive,true,
V2_ORIGINAL::IMG_003787,V2_ORIGINAL_SYNTHETIC_500,386_h09-exercise-push-up-plank-06,IMG_003787,pf_v2_aigc_h09-exercise-push-up-plank,DEV,V3_DEV,hard_negative,0,pushup_plank,/home/yanbo/下载/batches/batch_person-fallen-v2-camera1p5m/prompts/386_h09-exercise-push-up-plank-06.txt,f74a227fb194eac44cf938b6ff201973b63df69eff2be8485d9173b185c15e28,f74a227fb194eac44cf938b6ff201973b63df69eff2be8485d9173b185c15e28,/home/yanbo/下载/batches/batch_person-fallen-v2-camera1p5m/final/386_h09-exercise-push-up-plank-06.png,4b03baae4546eb6f47fb73a16830c7a1ba949f331babc98b0bbccba0c05b7c11,4b03baae4546eb6f47fb73a16830c7a1ba949f331babc98b0bbccba0c05b7c11,FROZEN_V2_MANIFEST_EXPECTED_AND_ACTUAL,REUSABLE_V2_NON_HOLDOUT,FROZEN_V2_PROMPT_IMAGE_MAPPING_PASS,V3_PUSHUP_PLANK_POSITIVE,PASS_EXPLICIT_POSTURE_CUE,positive,PROMPT_DERIVED_SYNTHETIC_GT,FROZEN_GENERATION_PROMPT_AND_PLANNED_ROLE,false,positive,true,
V2_ORIGINAL::IMG_003788,V2_ORIGINAL_SYNTHETIC_500,387_h09-exercise-push-up-plank-07,IMG_003788,pf_v2_aigc_h09-exercise-push-up-plank,DEV,V3_DEV,hard_negative,0,pushup_plank,/home/yanbo/下载/batches/batch_person-fallen-v2-camera1p5m/prompts/387_h09-exercise-push-up-plank-07.txt,d081bf2bd52772463d0d55a581e9f9a0d5176a0effcb6702796de5411257c673,d081bf2bd52772463d0d55a581e9f9a0d5176a0effcb6702796de5411257c673,/home/yanbo/下载/batches/batch_person-fallen-v2-camera1p5m/final/387_h09-exercise-push-up-plank-07.png,4708f5506f9bc32adfa05ccf4926c76a7841034d02e658a652a832c7cb4a4adc,4708f5506f9bc32adfa05ccf4926c76a7841034d02e658a652a832c7cb4a4adc,FROZEN_V2_MANIFEST_EXPECTED_AND_ACTUAL,REUSABLE_V2_NON_HOLDOUT,FROZEN_V2_PROMPT_IMAGE_MAPPING_PASS,V3_PUSHUP_PLANK_POSITIVE,PASS_EXPLICIT_POSTURE_CUE,positive,PROMPT_DERIVED_SYNTHETIC_GT,FROZEN_GENERATION_PROMPT_AND_PLANNED_ROLE,false,positive,true,
V2_ORIGINAL::IMG_003789,V2_ORIGINAL_SYNTHETIC_500,388_h09-exercise-push-up-plank-08,IMG_003789,pf_v2_aigc_h09-exercise-push-up-plank,DEV,V3_DEV,hard_negative,0,pushup_plank,/home/yanbo/下载/batches/batch_person-fallen-v2-camera1p5m/prompts/388_h09-exercise-push-up-plank-08.txt,311c54a5d2c6b6aa1a72662a1f1462070ce8d070bb9f848b2554889fca4c2004,311c54a5d2c6b6aa1a72662a1f1462070ce8d070bb9f848b2554889fca4c2004,/home/yanbo/下载/batches/batch_person-fallen-v2-camera1p5m/final/388_h09-exercise-push-up-plank-08.png,21f4286a344ea0ac02c3f5ce64d9873282b0e088c68b5f15cb1aaee753ab9c96,21f4286a344ea0ac02c3f5ce64d9873282b0e088c68b5f15cb1aaee753ab9c96,FROZEN_V2_MANIFEST_EXPECTED_AND_ACTUAL,REUSABLE_V2_NON_HOLDOUT,FROZEN_V2_PROMPT_IMAGE_MAPPING_PASS,V3_PUSHUP_PLANK_POSITIVE,PASS_EXPLICIT_POSTURE_CUE,positive,PROMPT_DERIVED_SYNTHETIC_GT,FROZEN_GENERATION_PROMPT_AND_PLANNED_ROLE,false,positive,true,
V2_ORIGINAL::IMG_003790,V2_ORIGINAL_SYNTHETIC_500,389_h09-exercise-push-up-plank-09,IMG_003790,pf_v2_aigc_h09-exercise-push-up-plank,DEV,V3_DEV,hard_negative,0,pushup_plank,/home/yanbo/下载/batches/batch_person-fallen-v2-camera1p5m/prompts/389_h09-exercise-push-up-plank-09.txt,76c5ba9b8e9072e93b6370cb136e72f758527927643b2ae21d276102a483f93e,76c5ba9b8e9072e93b6370cb136e72f758527927643b2ae21d276102a483f93e,/home/yanbo/下载/batches/batch_person-fallen-v2-camera1p5m/final/389_h09-exercise-push-up-plank-09.png,f1247d624540a5c7d88d0ec34acd267160c564003bea77c3aae1df5cfcafe50b,f1247d624540a5c7d88d0ec34acd267160c564003bea77c3aae1df5cfcafe50b,FROZEN_V2_MANIFEST_EXPECTED_AND_ACTUAL,REUSABLE_V2_NON_HOLDOUT,FROZEN_V2_PROMPT_IMAGE_MAPPING_PASS,V3_PUSHUP_PLANK_POSITIVE,PASS_EXPLICIT_POSTURE_CUE,positive,PROMPT_DERIVED_SYNTHETIC_GT,FROZEN_GENERATION_PROMPT_AND_PLANNED_ROLE,false,positive,true,
V2_ORIGINAL::IMG_004019,V2_ORIGINAL_SYNTHETIC_500,38_p04-prone-on-floor-08,IMG_004019,pf_v2_aigc_p04-prone-on-floor,DEV,V3_DEV,positive,1,prone_ground_lying,/home/yanbo/下载/batches/batch_person-fallen-v2-camera1p5m/prompts/38_p04-prone-on-floor-08.txt,a40a2544faea9a72fd9ee8c7ba343f42eee8217960015b8bac14afd632f4189d,a40a2544faea9a72fd9ee8c7ba343f42eee8217960015b8bac14afd632f4189d,/home/yanbo/下载/batches/batch_person-fallen-v2-camera1p5m/final/38_p04-prone-on-floor-08.png,0b287efdfc3024b27a31b7ea34b57c0bb430c8ec44d51c7e3d7ba4d1866d5a88,0b287efdfc3024b27a31b7ea34b57c0bb430c8ec44d51c7e3d7ba4d1866d5a88,FROZEN_V2_MANIFEST_EXPECTED_AND_ACTUAL,REUSABLE_V2_NON_HOLDOUT,FROZEN_V2_PROMPT_IMAGE_MAPPING_PASS,V3_PRONE_GROUND_LYING_POSITIVE,PASS_EXPLICIT_POSTURE_CUE,positive,PROMPT_DERIVED_SYNTHETIC_GT,FROZEN_GENERATION_PROMPT_AND_PLANNED_ROLE,false,positive,true,
V2_ORIGINAL::IMG_003791,V2_ORIGINAL_SYNTHETIC_500,390_h09-exercise-push-up-plank-10,IMG_003791,pf_v2_aigc_h09-exercise-push-up-plank,DEV,V3_DEV,hard_negative,0,pushup_plank,/home/yanbo/下载/batches/batch_person-fallen-v2-camera1p5m/prompts/390_h09-exercise-push-up-plank-10.txt,d96d875c0c9aaf2455b133be02d9c124f1e9e7aab823b607c79a3686528eb888,d96d875c0c9aaf2455b133be02d9c124f1e9e7aab823b607c79a3686528eb888,/home/yanbo/下载/batches/batch_person-fallen-v2-camera1p5m/final/390_h09-exercise-push-up-plank-10.png,38734fed0f3668e0742c0ab92ea498ec156e09d8300ecf9c3c49cc36154805b7,38734fed0f3668e0742c0ab92ea498ec156e09d8300ecf9c3c49cc36154805b7,FROZEN_V2_MANIFEST_EXPECTED_AND_ACTUAL,REUSABLE_V2_NON_HOLDOUT,FROZEN_V2_PROMPT_IMAGE_MAPPING_PASS,V3_PUSHUP_PLANK_POSITIVE,PASS_EXPLICIT_POSTURE_CUE,positive,PROMPT_DERIVED_SYNTHETIC_GT,FROZEN_GENERATION_PROMPT_AND_PLANNED_ROLE,false,positive,true,
V2_ORIGINAL::IMG_003792,V2_ORIGINAL_SYNTHETIC_500,391_h10-exercise-push-up-plank-01,IMG_003792,pf_v2_aigc_h10-exercise-push-up-plank,DEV,V3_DEV,hard_negative,0,pushup_plank,/home/yanbo/下载/batches/batch_person-fallen-v2-camera1p5m/prompts/391_h10-exercise-push-up-plank-01.txt,da60287b09faab12fc72b364b0ad689a1d10b82e192555dffcdfa0c577baad9b,da60287b09faab12fc72b364b0ad689a1d10b82e192555dffcdfa0c577baad9b,/home/yanbo/下载/batches/batch_person-fallen-v2-camera1p5m/final/391_h10-exercise-push-up-plank-01.png,89f0c6b751a3fc4538d934f18cbf75abc3b6719bcade4b0b531c203e44d721c3,89f0c6b751a3fc4538d934f18cbf75abc3b6719bcade4b0b531c203e44d721c3,FROZEN_V2_MANIFEST_EXPECTED_AND_ACTUAL,REUSABLE_V2_NON_HOLDOUT,FROZEN_V2_PROMPT_IMAGE_MAPPING_PASS,V3_PUSHUP_PLANK_POSITIVE,PASS_EXPLICIT_POSTURE_CUE,positive,PROMPT_DERIVED_SYNTHETIC_GT,FROZEN_GENERATION_PROMPT_AND_PLANNED_ROLE,false,positive,true,
V2_ORIGINAL::IMG_003793,V2_ORIGINAL_SYNTHETIC_500,392_h10-exercise-push-up-plank-02,IMG_003793,pf_v2_aigc_h10-exercise-push-up-plank,DEV,V3_DEV,hard_negative,0,pushup_plank,/home/yanbo/下载/batches/batch_person-fallen-v2-camera1p5m/prompts/392_h10-exercise-push-up-plank-02.txt,0161e36bb002ee2e3b0ab65e1a0112d9bafda66565ab26efe7f5d04acacba68e,0161e36bb002ee2e3b0ab65e1a0112d9bafda66565ab26efe7f5d04acacba68e,/home/yanbo/下载/batches/batch_person-fallen-v2-camera1p5m/final/392_h10-exercise-push-up-plank-02.png,3e4d7e5fe90a8a30bf63a219aa6473320f0776546f99aee49410053e6c32e758,3e4d7e5fe90a8a30bf63a219aa6473320f0776546f99aee49410053e6c32e758,FROZEN_V2_MANIFEST_EXPECTED_AND_ACTUAL,REUSABLE_V2_NON_HOLDOUT,FROZEN_V2_PROMPT_IMAGE_MAPPING_PASS,V3_PUSHUP_PLANK_POSITIVE,PASS_EXPLICIT_POSTURE_CUE,positive,PROMPT_DERIVED_SYNTHETIC_GT,FROZEN_GENERATION_PROMPT_AND_PLANNED_ROLE,false,positive,true,
V2_ORIGINAL::IMG_003794,V2_ORIGINAL_SYNTHETIC_500,393_h10-exercise-push-up-plank-03,IMG_003794,pf_v2_aigc_h10-exercise-push-up-plank,DEV,V3_DEV,hard_negative,0,pushup_plank,/home/yanbo/下载/batches/batch_person-fallen-v2-camera1p5m/prompts/393_h10-exercise-push-up-plank-03.txt,8fe6d21affe1ce9c0de7f971937f14bf0fbc25f585baa71b8aa8c3f3a94af1ca,8fe6d21affe1ce9c0de7f971937f14bf0fbc25f585baa71b8aa8c3f3a94af1ca,/home/yanbo/下载/batches/batch_person-fallen-v2-camera1p5m/final/393_h10-exercise-push-up-plank-03.png,5fde9a687c2d7bab3e19ccc3071680f7ba5a21eaa665cb144f86ab38ab1ab627,5fde9a687c2d7bab3e19ccc3071680f7ba5a21eaa665cb144f86ab38ab1ab627,FROZEN_V2_MANIFEST_EXPECTED_AND_ACTUAL,REUSABLE_V2_NON_HOLDOUT,FROZEN_V2_PROMPT_IMAGE_MAPPING_PASS,V3_PUSHUP_PLANK_POSITIVE,PASS_EXPLICIT_POSTURE_CUE,positive,PROMPT_DERIVED_SYNTHETIC_GT,FROZEN_GENERATION_PROMPT_AND_PLANNED_ROLE,false,positive,true,
V2_ORIGINAL::IMG_003795,V2_ORIGINAL_SYNTHETIC_500,394_h10-exercise-push-up-plank-04,IMG_003795,pf_v2_aigc_h10-exercise-push-up-plank,DEV,V3_DEV,hard_negative,0,pushup_plank,/home/yanbo/下载/batches/batch_person-fallen-v2-camera1p5m/prompts/394_h10-exercise-push-up-plank-04.txt,dc5a0ce28dc0f9055a039009a51f10f37b0b7dc897022dc04f92a5dc50307432,dc5a0ce28dc0f9055a039009a51f10f37b0b7dc897022dc04f92a5dc50307432,/home/yanbo/下载/batches/batch_person-fallen-v2-camera1p5m/final/394_h10-exercise-push-up-plank-04.png,703e735086d99182053612c80c9c6ea191cce537dfeb1d2c61626e6efb394b1b,703e735086d99182053612c80c9c6ea191cce537dfeb1d2c61626e6efb394b1b,FROZEN_V2_MANIFEST_EXPECTED_AND_ACTUAL,REUSABLE_V2_NON_HOLDOUT,FROZEN_V2_PROMPT_IMAGE_MAPPING_PASS,V3_PUSHUP_PLANK_POSITIVE,PASS_EXPLICIT_POSTURE_CUE,positive,PROMPT_DERIVED_SYNTHETIC_GT,FROZEN_GENERATION_PROMPT_AND_PLANNED_ROLE,false,positive,true,
V2_ORIGINAL::IMG_003796,V2_ORIGINAL_SYNTHETIC_500,395_h10-exercise-push-up-plank-05,IMG_003796,pf_v2_aigc_h10-exercise-push-up-plank,DEV,V3_DEV,hard_negative,0,pushup_plank,/home/yanbo/下载/batches/batch_person-fallen-v2-camera1p5m/prompts/395_h10-exercise-push-up-plank-05.txt,2b13b1cadf00d4d8e5ddb77501a759e855db2aedda0409d130a8b4d5120fd49e,2b13b1cadf00d4d8e5ddb77501a759e855db2aedda0409d130a8b4d5120fd49e,/home/yanbo/下载/batches/batch_person-fallen-v2-camera1p5m/final/395_h10-exercise-push-up-plank-05.png,57174e902bab4a4d1477fdb6ec7ffa0c7a7458cf89db796153745afe4ffbb19c,57174e902bab4a4d1477fdb6ec7ffa0c7a7458cf89db796153745afe4ffbb19c,FROZEN_V2_MANIFEST_EXPECTED_AND_ACTUAL,REUSABLE_V2_NON_HOLDOUT,FROZEN_V2_PROMPT_IMAGE_MAPPING_PASS,V3_PUSHUP_PLANK_POSITIVE,PASS_EXPLICIT_POSTURE_CUE,positive,PROMPT_DERIVED_SYNTHETIC_GT,FROZEN_GENERATION_PROMPT_AND_PLANNED_ROLE,false,positive,true,
V2_ORIGINAL::IMG_003797,V2_ORIGINAL_SYNTHETIC_500,396_h10-exercise-push-up-plank-06,IMG_003797,pf_v2_aigc_h10-exercise-push-up-plank,DEV,V3_DEV,hard_negative,0,pushup_plank,/home/yanbo/下载/batches/batch_person-fallen-v2-camera1p5m/prompts/396_h10-exercise-push-up-plank-06.txt,f61e687deed0a2cb7239d07f47047efb06963f4afb4ccf2ee485c5f0028225e7,f61e687deed0a2cb7239d07f47047efb06963f4afb4ccf2ee485c5f0028225e7,/home/yanbo/下载/batches/batch_person-fallen-v2-camera1p5m/final/396_h10-exercise-push-up-plank-06.png,b9a1657ef4ebf2367368ce7885465511ce790a08431195cf4714d84018599f74,b9a1657ef4ebf2367368ce7885465511ce790a08431195cf4714d84018599f74,FROZEN_V2_MANIFEST_EXPECTED_AND_ACTUAL,REUSABLE_V2_NON_HOLDOUT,FROZEN_V2_PROMPT_IMAGE_MAPPING_PASS,V3_PUSHUP_PLANK_POSITIVE,PASS_EXPLICIT_POSTURE_CUE,positive,PROMPT_DERIVED_SYNTHETIC_GT,FROZEN_GENERATION_PROMPT_AND_PLANNED_ROLE,false,positive,true,
V2_ORIGINAL::IMG_003798,V2_ORIGINAL_SYNTHETIC_500,397_h10-exercise-push-up-plank-07,IMG_003798,pf_v2_aigc_h10-exercise-push-up-plank,DEV,V3_DEV,hard_negative,0,pushup_plank,/home/yanbo/下载/batches/batch_person-fallen-v2-camera1p5m/prompts/397_h10-exercise-push-up-plank-07.txt,84ed65c6638f686e33c31df7ba2f2d2b28481df1b12f485079ce3ea498b0a611,84ed65c6638f686e33c31df7ba2f2d2b28481df1b12f485079ce3ea498b0a611,/home/yanbo/下载/batches/batch_person-fallen-v2-camera1p5m/final/397_h10-exercise-push-up-plank-07.png,fd83f0b1328d4a65b2fd7492af0781dcc050a19361b41e7a19d46a9630fff142,fd83f0b1328d4a65b2fd7492af0781dcc050a19361b41e7a19d46a9630fff142,FROZEN_V2_MANIFEST_EXPECTED_AND_ACTUAL,REUSABLE_V2_NON_HOLDOUT,FROZEN_V2_PROMPT_IMAGE_MAPPING_PASS,V3_PUSHUP_PLANK_POSITIVE,PASS_EXPLICIT_POSTURE_CUE,positive,PROMPT_DERIVED_SYNTHETIC_GT,FROZEN_GENERATION_PROMPT_AND_PLANNED_ROLE,false,positive,true,
V2_ORIGINAL::IMG_003799,V2_ORIGINAL_SYNTHETIC_500,398_h10-exercise-push-up-plank-08,IMG_003799,pf_v2_aigc_h10-exercise-push-up-plank,DEV,V3_DEV,hard_negative,0,pushup_plank,/home/yanbo/下载/batches/batch_person-fallen-v2-camera1p5m/prompts/398_h10-exercise-push-up-plank-08.txt,834d330dcfda3e867e1201daef58c4d6635eeb7e46002c31758e0e0c32cd4ccd,834d330dcfda3e867e1201daef58c4d6635eeb7e46002c31758e0e0c32cd4ccd,/home/yanbo/下载/batches/batch_person-fallen-v2-camera1p5m/final/398_h10-exercise-push-up-plank-08.png,1c9d75f4a8dfc096708c8977808fe92a4f8a9cca8ef2b3b140770ba7d4b5c60f,1c9d75f4a8dfc096708c8977808fe92a4f8a9cca8ef2b3b140770ba7d4b5c60f,FROZEN_V2_MANIFEST_EXPECTED_AND_ACTUAL,REUSABLE_V2_NON_HOLDOUT,FROZEN_V2_PROMPT_IMAGE_MAPPING_PASS,V3_PUSHUP_PLANK_POSITIVE,PASS_EXPLICIT_POSTURE_CUE,positive,PROMPT_DERIVED_SYNTHETIC_GT,FROZEN_GENERATION_PROMPT_AND_PLANNED_ROLE,false,positive,true,
V2_ORIGINAL::IMG_003800,V2_ORIGINAL_SYNTHETIC_500,399_h10-exercise-push-up-plank-09,IMG_003800,pf_v2_aigc_h10-exercise-push-up-plank,DEV,V3_DEV,hard_negative,0,pushup_plank,/home/yanbo/下载/batches/batch_person-fallen-v2-camera1p5m/prompts/399_h10-exercise-push-up-plank-09.txt,ac91709ba05b3d4e20a0d1abd240e4fdf3467038a767f11c2d2f40b9627071e6,ac91709ba05b3d4e20a0d1abd240e4fdf3467038a767f11c2d2f40b9627071e6,/home/yanbo/下载/batches/batch_person-fallen-v2-camera1p5m/final/399_h10-exercise-push-up-plank-09.png,d687192e8099815b736d2f895e63bfa75411bb0b7585600eaa1dc22edd2978d4,d687192e8099815b736d2f895e63bfa75411bb0b7585600eaa1dc22edd2978d4,FROZEN_V2_MANIFEST_EXPECTED_AND_ACTUAL,REUSABLE_V2_NON_HOLDOUT,FROZEN_V2_PROMPT_IMAGE_MAPPING_PASS,V3_PUSHUP_PLANK_POSITIVE,PASS_EXPLICIT_POSTURE_CUE,positive,PROMPT_DERIVED_SYNTHETIC_GT,FROZEN_GENERATION_PROMPT_AND_PLANNED_ROLE,false,positive,true,
V2_ORIGINAL::IMG_004020,V2_ORIGINAL_SYNTHETIC_500,39_p04-prone-on-floor-09,IMG_004020,pf_v2_aigc_p04-prone-on-floor,DEV,V3_DEV,positive,1,prone_ground_lying,/home/yanbo/下载/batches/batch_person-fallen-v2-camera1p5m/prompts/39_p04-prone-on-floor-09.txt,68cfa36c43752d3b3011c509c2f9901ac313c872928a6d00bfd65b144f7800dc,68cfa36c43752d3b3011c509c2f9901ac313c872928a6d00bfd65b144f7800dc,/home/yanbo/下载/batches/batch_person-fallen-v2-camera1p5m/final/39_p04-prone-on-floor-09.png,d773a98449579e05400caa96f3404a34bee9c963473ba701f36540506ec3c914,d773a98449579e05400caa96f3404a34bee9c963473ba701f36540506ec3c914,FROZEN_V2_MANIFEST_EXPECTED_AND_ACTUAL,REUSABLE_V2_NON_HOLDOUT,FROZEN_V2_PROMPT_IMAGE_MAPPING_PASS,V3_PRONE_GROUND_LYING_POSITIVE,PASS_EXPLICIT_POSTURE_CUE,positive,PROMPT_DERIVED_SYNTHETIC_GT,FROZEN_GENERATION_PROMPT_AND_PLANNED_ROLE,false,positive,true,
V2_ORIGINAL::IMG_003801,V2_ORIGINAL_SYNTHETIC_500,400_h10-exercise-push-up-plank-10,IMG_003801,pf_v2_aigc_h10-exercise-push-up-plank,DEV,V3_DEV,hard_negative,0,pushup_plank,/home/yanbo/下载/batches/batch_person-fallen-v2-camera1p5m/prompts/400_h10-exercise-push-up-plank-10.txt,facdf56e7c8d243a6e1c904edf7e9871f350c18a80d409daf82e0cd773e0eaf8,facdf56e7c8d243a6e1c904edf7e9871f350c18a80d409daf82e0cd773e0eaf8,/home/yanbo/下载/batches/batch_person-fallen-v2-camera1p5m/final/400_h10-exercise-push-up-plank-10.png,4d7aa71171de2ca38a44896049251c1dbf4395c8907cb6e4cd169e9356424456,4d7aa71171de2ca38a44896049251c1dbf4395c8907cb6e4cd169e9356424456,FROZEN_V2_MANIFEST_EXPECTED_AND_ACTUAL,REUSABLE_V2_NON_HOLDOUT,FROZEN_V2_PROMPT_IMAGE_MAPPING_PASS,V3_PUSHUP_PLANK_POSITIVE,PASS_EXPLICIT_POSTURE_CUE,positive,PROMPT_DERIVED_SYNTHETIC_GT,FROZEN_GENERATION_PROMPT_AND_PLANNED_ROLE,false,positive,true,
V2_ORIGINAL::IMG_003802,V2_ORIGINAL_SYNTHETIC_500,401_h11-crawling-under-equipment-inspection-01,IMG_003802,pf_v2_aigc_h11-crawling-under-equipment-inspection,DEV,V3_DEV,hard_negative,0,crawling_without_explicit_maintenance,/home/yanbo/下载/batches/batch_person-fallen-v2-camera1p5m/prompts/401_h11-crawling-under-equipment-inspection-01.txt,01c69fa30012ac88bef2bbac8a141eec7c6a58e09faa4b0527c75606f1ada1d0,01c69fa30012ac88bef2bbac8a141eec7c6a58e09faa4b0527c75606f1ada1d0,/home/yanbo/下载/batches/batch_person-fallen-v2-camera1p5m/final/401_h11-crawling-under-equipment-inspection-01.png,cac451940fc64ddced44b15628f08b7618922521d8da412d5deaedadf876a3a2,cac451940fc64ddced44b15628f08b7618922521d8da412d5deaedadf876a3a2,FROZEN_V2_MANIFEST_EXPECTED_AND_ACTUAL,REUSABLE_V2_NON_HOLDOUT,FROZEN_V2_PROMPT_IMAGE_MAPPING_PASS,V3_CRAWLING_WITHOUT_EXPLICIT_MAINTENANCE_POSITIVE,PASS_EXPLICIT_POSTURE_CUE,positive,PROMPT_DERIVED_SYNTHETIC_GT,FROZEN_GENERATION_PROMPT_AND_PLANNED_ROLE,false,positive,true,
V2_ORIGINAL::IMG_003803,V2_ORIGINAL_SYNTHETIC_500,402_h11-crawling-under-equipment-inspection-02,IMG_003803,pf_v2_aigc_h11-crawling-under-equipment-inspection,DEV,V3_DEV,hard_negative,0,crawling_without_explicit_maintenance,/home/yanbo/下载/batches/batch_person-fallen-v2-camera1p5m/prompts/402_h11-crawling-under-equipment-inspection-02.txt,e0b07205ea1f6009e66770dbc6c3aa4fa7a531fb3ec421112e9e15454f7ad6c2,e0b07205ea1f6009e66770dbc6c3aa4fa7a531fb3ec421112e9e15454f7ad6c2,/home/yanbo/下载/batches/batch_person-fallen-v2-camera1p5m/final/402_h11-crawling-under-equipment-inspection-02.png,ef729088133e5ad62aad99296acd23ad386b3cdcfb2531a05fd42e3761149ea0,ef729088133e5ad62aad99296acd23ad386b3cdcfb2531a05fd42e3761149ea0,FROZEN_V2_MANIFEST_EXPECTED_AND_ACTUAL,REUSABLE_V2_NON_HOLDOUT,FROZEN_V2_PROMPT_IMAGE_MAPPING_PASS,V3_CRAWLING_WITHOUT_EXPLICIT_MAINTENANCE_POSITIVE,PASS_EXPLICIT_POSTURE_CUE,positive,PROMPT_DERIVED_SYNTHETIC_GT,FROZEN_GENERATION_PROMPT_AND_PLANNED_ROLE,false,positive,true,
V2_ORIGINAL::IMG_003804,V2_ORIGINAL_SYNTHETIC_500,403_h11-crawling-under-equipment-inspection-03,IMG_003804,pf_v2_aigc_h11-crawling-under-equipment-inspection,DEV,V3_DEV,hard_negative,0,crawling_without_explicit_maintenance,/home/yanbo/下载/batches/batch_person-fallen-v2-camera1p5m/prompts/403_h11-crawling-under-equipment-inspection-03.txt,b1fafb083963c734b134b9c4caf8998879627aa88ad4556804ef54833ced2db9,b1fafb083963c734b134b9c4caf8998879627aa88ad4556804ef54833ced2db9,/home/yanbo/下载/batches/batch_person-fallen-v2-camera1p5m/final/403_h11-crawling-under-equipment-inspection-03.png,1db53aef77ba24f7d2cd4f78fe254555ec844ac3258796d8cd88825b7d1b0f1d,1db53aef77ba24f7d2cd4f78fe254555ec844ac3258796d8cd88825b7d1b0f1d,FROZEN_V2_MANIFEST_EXPECTED_AND_ACTUAL,REUSABLE_V2_NON_HOLDOUT,FROZEN_V2_PROMPT_IMAGE_MAPPING_PASS,V3_CRAWLING_WITHOUT_EXPLICIT_MAINTENANCE_POSITIVE,PASS_EXPLICIT_POSTURE_CUE,positive,PROMPT_DERIVED_SYNTHETIC_GT,FROZEN_GENERATION_PROMPT_AND_PLANNED_ROLE,false,positive,true,
V2_ORIGINAL::IMG_003805,V2_ORIGINAL_SYNTHETIC_500,404_h11-crawling-under-equipment-inspection-04,IMG_003805,pf_v2_aigc_h11-crawling-under-equipment-inspection,DEV,V3_DEV,hard_negative,0,crawling_without_explicit_maintenance,/home/yanbo/下载/batches/batch_person-fallen-v2-camera1p5m/prompts/404_h11-crawling-under-equipment-inspection-04.txt,7ce66fcf4ed39552bbdf3e89dd69569cefe85b85681b4572b3f78f5acadc1a1c,7ce66fcf4ed39552bbdf3e89dd69569cefe85b85681b4572b3f78f5acadc1a1c,/home/yanbo/下载/batches/batch_person-fallen-v2-camera1p5m/final/404_h11-crawling-under-equipment-inspection-04.png,4abbcee850e7c6b0ed6e043cae4a10892e5502f0705fd8bf2bce014ee8ad9c27,4abbcee850e7c6b0ed6e043cae4a10892e5502f0705fd8bf2bce014ee8ad9c27,FROZEN_V2_MANIFEST_EXPECTED_AND_ACTUAL,REUSABLE_V2_NON_HOLDOUT,FROZEN_V2_PROMPT_IMAGE_MAPPING_PASS,V3_CRAWLING_WITHOUT_EXPLICIT_MAINTENANCE_POSITIVE,PASS_EXPLICIT_POSTURE_CUE,positive,PROMPT_DERIVED_SYNTHETIC_GT,FROZEN_GENERATION_PROMPT_AND_PLANNED_ROLE,false,positive,true,
V2_ORIGINAL::IMG_003806,V2_ORIGINAL_SYNTHETIC_500,405_h11-crawling-under-equipment-inspection-05,IMG_003806,pf_v2_aigc_h11-crawling-under-equipment-inspection,DEV,V3_DEV,hard_negative,0,crawling_without_explicit_maintenance,/home/yanbo/下载/batches/batch_person-fallen-v2-camera1p5m/prompts/405_h11-crawling-under-equipment-inspection-05.txt,62a0e005657e4e7bea5c1fb16cea3cb757b3f78d54d5d45393bfe5fb9145238d,62a0e005657e4e7bea5c1fb16cea3cb757b3f78d54d5d45393bfe5fb9145238d,/home/yanbo/下载/batches/batch_person-fallen-v2-camera1p5m/final/405_h11-crawling-under-equipment-inspection-05.png,8820768b55dd9b07c8d0589459ca0a8e5ee5404ee710ad1930f0084083825031,8820768b55dd9b07c8d0589459ca0a8e5ee5404ee710ad1930f0084083825031,FROZEN_V2_MANIFEST_EXPECTED_AND_ACTUAL,REUSABLE_V2_NON_HOLDOUT,FROZEN_V2_PROMPT_IMAGE_MAPPING_PASS,V3_CRAWLING_WITHOUT_EXPLICIT_MAINTENANCE_POSITIVE,PASS_EXPLICIT_POSTURE_CUE,positive,PROMPT_DERIVED_SYNTHETIC_GT,FROZEN_GENERATION_PROMPT_AND_PLANNED_ROLE,false,positive,true,
V2_ORIGINAL::IMG_003807,V2_ORIGINAL_SYNTHETIC_500,406_h11-crawling-under-equipment-inspection-06,IMG_003807,pf_v2_aigc_h11-crawling-under-equipment-inspection,DEV,V3_DEV,hard_negative,0,crawling_without_explicit_maintenance,/home/yanbo/下载/batches/batch_person-fallen-v2-camera1p5m/prompts/406_h11-crawling-under-equipment-inspection-06.txt,5b693f904976510b3bea225afb771d87dd363250fa76c1d3fa3277f826f9a0d1,5b693f904976510b3bea225afb771d87dd363250fa76c1d3fa3277f826f9a0d1,/home/yanbo/下载/batches/batch_person-fallen-v2-camera1p5m/final/406_h11-crawling-under-equipment-inspection-06.png,4e023daecd3b5953c668f2e9da36cc495d266016b85340172fac47ecd98715b1,4e023daecd3b5953c668f2e9da36cc495d266016b85340172fac47ecd98715b1,FROZEN_V2_MANIFEST_EXPECTED_AND_ACTUAL,REUSABLE_V2_NON_HOLDOUT,FROZEN_V2_PROMPT_IMAGE_MAPPING_PASS,V3_CRAWLING_WITHOUT_EXPLICIT_MAINTENANCE_POSITIVE,PASS_EXPLICIT_POSTURE_CUE,positive,PROMPT_DERIVED_SYNTHETIC_GT,FROZEN_GENERATION_PROMPT_AND_PLANNED_ROLE,false,positive,true,
V2_ORIGINAL::IMG_003808,V2_ORIGINAL_SYNTHETIC_500,407_h11-crawling-under-equipment-inspection-07,IMG_003808,pf_v2_aigc_h11-crawling-under-equipment-inspection,DEV,V3_DEV,hard_negative,0,crawling_without_explicit_maintenance,/home/yanbo/下载/batches/batch_person-fallen-v2-camera1p5m/prompts/407_h11-crawling-under-equipment-inspection-07.txt,de64c532dc5357ec8d5aa8f656a39a0bee1e321a018f74741156caea28f0e7c4,de64c532dc5357ec8d5aa8f656a39a0bee1e321a018f74741156caea28f0e7c4,/home/yanbo/下载/batches/batch_person-fallen-v2-camera1p5m/final/407_h11-crawling-under-equipment-inspection-07.png,209808e39feff002661292876bd8f31539dcefb64653374cb63e4ede8437cf9e,209808e39feff002661292876bd8f31539dcefb64653374cb63e4ede8437cf9e,FROZEN_V2_MANIFEST_EXPECTED_AND_ACTUAL,REUSABLE_V2_NON_HOLDOUT,FROZEN_V2_PROMPT_IMAGE_MAPPING_PASS,V3_CRAWLING_WITHOUT_EXPLICIT_MAINTENANCE_POSITIVE,PASS_EXPLICIT_POSTURE_CUE,positive,PROMPT_DERIVED_SYNTHETIC_GT,FROZEN_GENERATION_PROMPT_AND_PLANNED_ROLE,false,positive,true,
V2_ORIGINAL::IMG_003809,V2_ORIGINAL_SYNTHETIC_500,408_h11-crawling-under-equipment-inspection-08,IMG_003809,pf_v2_aigc_h11-crawling-under-equipment-inspection,DEV,V3_DEV,hard_negative,0,crawling_without_explicit_maintenance,/home/yanbo/下载/batches/batch_person-fallen-v2-camera1p5m/prompts/408_h11-crawling-under-equipment-inspection-08.txt,5a99cfb68341455b4b211eebdc8279d3156f1a63cfc8ffa357e9bc08381d5c66,5a99cfb68341455b4b211eebdc8279d3156f1a63cfc8ffa357e9bc08381d5c66,/home/yanbo/下载/batches/batch_person-fallen-v2-camera1p5m/final/408_h11-crawling-under-equipment-inspection-08.png,06415ce063427d056e000e1530439daae92a6f45181f587e1672d2585c20ad55,06415ce063427d056e000e1530439daae92a6f45181f587e1672d2585c20ad55,FROZEN_V2_MANIFEST_EXPECTED_AND_ACTUAL,REUSABLE_V2_NON_HOLDOUT,FROZEN_V2_PROMPT_IMAGE_MAPPING_PASS,V3_CRAWLING_WITHOUT_EXPLICIT_MAINTENANCE_POSITIVE,PASS_EXPLICIT_POSTURE_CUE,positive,PROMPT_DERIVED_SYNTHETIC_GT,FROZEN_GENERATION_PROMPT_AND_PLANNED_ROLE,false,positive,true,
V2_ORIGINAL::IMG_003810,V2_ORIGINAL_SYNTHETIC_500,409_h11-crawling-under-equipment-inspection-09,IMG_003810,pf_v2_aigc_h11-crawling-under-equipment-inspection,DEV,V3_DEV,hard_negative,0,crawling_without_explicit_maintenance,/home/yanbo/下载/batches/batch_person-fallen-v2-camera1p5m/prompts/409_h11-crawling-under-equipment-inspection-09.txt,d61d6be36e572ffb30f76e1cf7c8cb710776f96f709efa59845e9e0f5c649b29,d61d6be36e572ffb30f76e1cf7c8cb710776f96f709efa59845e9e0f5c649b29,/home/yanbo/下载/batches/batch_person-fallen-v2-camera1p5m/final/409_h11-crawling-under-equipment-inspection-09.png,9bdccc82d49745c8bbacebf0606e6b4383e9e62829d105a7d8a6a4128f79ebaf,9bdccc82d49745c8bbacebf0606e6b4383e9e62829d105a7d8a6a4128f79ebaf,FROZEN_V2_MANIFEST_EXPECTED_AND_ACTUAL,REUSABLE_V2_NON_HOLDOUT,FROZEN_V2_PROMPT_IMAGE_MAPPING_PASS,V3_CRAWLING_WITHOUT_EXPLICIT_MAINTENANCE_POSITIVE,PASS_EXPLICIT_POSTURE_CUE,positive,PROMPT_DERIVED_SYNTHETIC_GT,FROZEN_GENERATION_PROMPT_AND_PLANNED_ROLE,false,positive,true,
V2_ORIGINAL::IMG_004021,V2_ORIGINAL_SYNTHETIC_500,40_p04-prone-on-floor-10,IMG_004021,pf_v2_aigc_p04-prone-on-floor,DEV,V3_DEV,positive,1,prone_ground_lying,/home/yanbo/下载/batches/batch_person-fallen-v2-camera1p5m/prompts/40_p04-prone-on-floor-10.txt,1688b00970d09e1847c654c758fab4926f2f6ce50f934c0257532aeb2b871790,1688b00970d09e1847c654c758fab4926f2f6ce50f934c0257532aeb2b871790,/home/yanbo/下载/batches/batch_person-fallen-v2-camera1p5m/final/40_p04-prone-on-floor-10.png,38d1d21b30b887accd43d41597b0a96be07060130854671098423feb919a1d43,38d1d21b30b887accd43d41597b0a96be07060130854671098423feb919a1d43,FROZEN_V2_MANIFEST_EXPECTED_AND_ACTUAL,REUSABLE_V2_NON_HOLDOUT,FROZEN_V2_PROMPT_IMAGE_MAPPING_PASS,V3_PRONE_GROUND_LYING_POSITIVE,PASS_EXPLICIT_POSTURE_CUE,positive,PROMPT_DERIVED_SYNTHETIC_GT,FROZEN_GENERATION_PROMPT_AND_PLANNED_ROLE,false,positive,true,
V2_ORIGINAL::IMG_003811,V2_ORIGINAL_SYNTHETIC_500,410_h11-crawling-under-equipment-inspection-10,IMG_003811,pf_v2_aigc_h11-crawling-under-equipment-inspection,DEV,V3_DEV,hard_negative,0,crawling_without_explicit_maintenance,/home/yanbo/下载/batches/batch_person-fallen-v2-camera1p5m/prompts/410_h11-crawling-under-equipment-inspection-10.txt,d00f233384f26d3220f8c8379530544482a77d3200a47f44757225ca008ce5d7,d00f233384f26d3220f8c8379530544482a77d3200a47f44757225ca008ce5d7,/home/yanbo/下载/batches/batch_person-fallen-v2-camera1p5m/final/410_h11-crawling-under-equipment-inspection-10.png,d32e9013a0df3097fd0c3d9613f5fa347bbbea3c542225f88ff571cb61a42c38,d32e9013a0df3097fd0c3d9613f5fa347bbbea3c542225f88ff571cb61a42c38,FROZEN_V2_MANIFEST_EXPECTED_AND_ACTUAL,REUSABLE_V2_NON_HOLDOUT,FROZEN_V2_PROMPT_IMAGE_MAPPING_PASS,V3_CRAWLING_WITHOUT_EXPLICIT_MAINTENANCE_POSITIVE,PASS_EXPLICIT_POSTURE_CUE,positive,PROMPT_DERIVED_SYNTHETIC_GT,FROZEN_GENERATION_PROMPT_AND_PLANNED_ROLE,false,positive,true,
V2_ORIGINAL::IMG_003812,V2_ORIGINAL_SYNTHETIC_500,411_h12-crawling-under-equipment-inspection-01,IMG_003812,pf_v2_aigc_h12-crawling-under-equipment-inspection,VAL,V3_VAL,hard_negative,0,crawling_explicit_maintenance,/home/yanbo/下载/batches/batch_person-fallen-v2-camera1p5m/prompts/411_h12-crawling-under-equipment-inspection-01.txt,5967344e69cf98685363b64a32364717ebe12564b86aebb839f660a025ad9290,5967344e69cf98685363b64a32364717ebe12564b86aebb839f660a025ad9290,/home/yanbo/下载/batches/batch_person-fallen-v2-camera1p5m/final/411_h12-crawling-under-equipment-inspection-01.png,52dacbf848906973e13a5dacfd50474d2baabb5751a71e938d316f47c0269aa0,52dacbf848906973e13a5dacfd50474d2baabb5751a71e938d316f47c0269aa0,FROZEN_V2_MANIFEST_EXPECTED_AND_ACTUAL,REUSABLE_V2_NON_HOLDOUT,FROZEN_V2_PROMPT_IMAGE_MAPPING_PASS,V3_EXPLICIT_MAINTENANCE_REPAIR_INSTALLATION_NEGATIVE,PASS_EXPLICIT_WORK_CONTEXT,negative,PROMPT_DERIVED_SYNTHETIC_GT,FROZEN_GENERATION_PROMPT_AND_PLANNED_ROLE,false,hard_negative,true,
V2_ORIGINAL::IMG_003813,V2_ORIGINAL_SYNTHETIC_500,412_h12-crawling-under-equipment-inspection-02,IMG_003813,pf_v2_aigc_h12-crawling-under-equipment-inspection,VAL,V3_VAL,hard_negative,0,crawling_explicit_maintenance,/home/yanbo/下载/batches/batch_person-fallen-v2-camera1p5m/prompts/412_h12-crawling-under-equipment-inspection-02.txt,7e5ea81e39ff56b4b7b9e132f2925befc95e14cab0566527a8ffecc1b6f6a4ae,7e5ea81e39ff56b4b7b9e132f2925befc95e14cab0566527a8ffecc1b6f6a4ae,/home/yanbo/下载/batches/batch_person-fallen-v2-camera1p5m/final/412_h12-crawling-under-equipment-inspection-02.png,1060a050b89a8a175bf95ad7d5af45b192fd2259c56e9733d6f19b5eb349b1e6,1060a050b89a8a175bf95ad7d5af45b192fd2259c56e9733d6f19b5eb349b1e6,FROZEN_V2_MANIFEST_EXPECTED_AND_ACTUAL,REUSABLE_V2_NON_HOLDOUT,FROZEN_V2_PROMPT_IMAGE_MAPPING_PASS,V3_EXPLICIT_MAINTENANCE_REPAIR_INSTALLATION_NEGATIVE,PASS_EXPLICIT_WORK_CONTEXT,negative,PROMPT_DERIVED_SYNTHETIC_GT,FROZEN_GENERATION_PROMPT_AND_PLANNED_ROLE,false,hard_negative,true,
V2_ORIGINAL::IMG_003814,V2_ORIGINAL_SYNTHETIC_500,413_h12-crawling-under-equipment-inspection-03,IMG_003814,pf_v2_aigc_h12-crawling-under-equipment-inspection,VAL,V3_VAL,hard_negative,0,crawling_explicit_maintenance,/home/yanbo/下载/batches/batch_person-fallen-v2-camera1p5m/prompts/413_h12-crawling-under-equipment-inspection-03.txt,7ac42e556e44a4db8d9bf8959ce92565569e5bde3b4f1937d545709753fdd425,7ac42e556e44a4db8d9bf8959ce92565569e5bde3b4f1937d545709753fdd425,/home/yanbo/下载/batches/batch_person-fallen-v2-camera1p5m/final/413_h12-crawling-under-equipment-inspection-03.png,2cc830e9749cd5eaedf44f02f3810a55ce3928fc243a0a99b0e8bbef93246992,2cc830e9749cd5eaedf44f02f3810a55ce3928fc243a0a99b0e8bbef93246992,FROZEN_V2_MANIFEST_EXPECTED_AND_ACTUAL,REUSABLE_V2_NON_HOLDOUT,FROZEN_V2_PROMPT_IMAGE_MAPPING_PASS,V3_EXPLICIT_MAINTENANCE_REPAIR_INSTALLATION_NEGATIVE,PASS_EXPLICIT_WORK_CONTEXT,negative,PROMPT_DERIVED_SYNTHETIC_GT,FROZEN_GENERATION_PROMPT_AND_PLANNED_ROLE,false,hard_negative,true,
V2_ORIGINAL::IMG_003815,V2_ORIGINAL_SYNTHETIC_500,414_h12-crawling-under-equipment-inspection-04,IMG_003815,pf_v2_aigc_h12-crawling-under-equipment-inspection,VAL,V3_VAL,hard_negative,0,crawling_explicit_maintenance,/home/yanbo/下载/batches/batch_person-fallen-v2-camera1p5m/prompts/414_h12-crawling-under-equipment-inspection-04.txt,e3bf592dccec6119a4793135c5c03b5fdd7f61b50b040c8e882137fb51da0aa6,e3bf592dccec6119a4793135c5c03b5fdd7f61b50b040c8e882137fb51da0aa6,/home/yanbo/下载/batches/batch_person-fallen-v2-camera1p5m/final/414_h12-crawling-under-equipment-inspection-04.png,58c5667aefe82b6bfe21b7d6c5037c9a804dffdbd234cf015f799e11b2626454,58c5667aefe82b6bfe21b7d6c5037c9a804dffdbd234cf015f799e11b2626454,FROZEN_V2_MANIFEST_EXPECTED_AND_ACTUAL,REUSABLE_V2_NON_HOLDOUT,FROZEN_V2_PROMPT_IMAGE_MAPPING_PASS,V3_EXPLICIT_MAINTENANCE_REPAIR_INSTALLATION_NEGATIVE,PASS_EXPLICIT_WORK_CONTEXT,negative,PROMPT_DERIVED_SYNTHETIC_GT,FROZEN_GENERATION_PROMPT_AND_PLANNED_ROLE,false,hard_negative,true,
V2_ORIGINAL::IMG_003816,V2_ORIGINAL_SYNTHETIC_500,415_h12-crawling-under-equipment-inspection-05,IMG_003816,pf_v2_aigc_h12-crawling-under-equipment-inspection,VAL,V3_VAL,hard_negative,0,crawling_explicit_maintenance,/home/yanbo/下载/batches/batch_person-fallen-v2-camera1p5m/prompts/415_h12-crawling-under-equipment-inspection-05.txt,d8d1e3fddd9a7fe171a384b05a3d1ed0afbab249a79600f91d8f288b7c0a8fe4,d8d1e3fddd9a7fe171a384b05a3d1ed0afbab249a79600f91d8f288b7c0a8fe4,/home/yanbo/下载/batches/batch_person-fallen-v2-camera1p5m/final/415_h12-crawling-under-equipment-inspection-05.png,6cba94f1515684b6125b8651135ff1ff55cf9fdb2455c268a317b6f39890acca,6cba94f1515684b6125b8651135ff1ff55cf9fdb2455c268a317b6f39890acca,FROZEN_V2_MANIFEST_EXPECTED_AND_ACTUAL,REUSABLE_V2_NON_HOLDOUT,FROZEN_V2_PROMPT_IMAGE_MAPPING_PASS,V3_EXPLICIT_MAINTENANCE_REPAIR_INSTALLATION_NEGATIVE,PASS_EXPLICIT_WORK_CONTEXT,negative,PROMPT_DERIVED_SYNTHETIC_GT,FROZEN_GENERATION_PROMPT_AND_PLANNED_ROLE,false,hard_negative,true,
V2_ORIGINAL::IMG_003817,V2_ORIGINAL_SYNTHETIC_500,416_h12-crawling-under-equipment-inspection-06,IMG_003817,pf_v2_aigc_h12-crawling-under-equipment-inspection,VAL,V3_VAL,hard_negative,0,crawling_explicit_maintenance,/home/yanbo/下载/batches/batch_person-fallen-v2-camera1p5m/prompts/416_h12-crawling-under-equipment-inspection-06.txt,9730d3aaf7a806a8d5cd3c876411b3f0b36e4f777fd853d7ad4b10b6aa957072,9730d3aaf7a806a8d5cd3c876411b3f0b36e4f777fd853d7ad4b10b6aa957072,/home/yanbo/下载/batches/batch_person-fallen-v2-camera1p5m/final/416_h12-crawling-under-equipment-inspection-06.png,adf62563a50e71af40d77d9a800e13865f73304b1f7546db91499e1e821e6a93,adf62563a50e71af40d77d9a800e13865f73304b1f7546db91499e1e821e6a93,FROZEN_V2_MANIFEST_EXPECTED_AND_ACTUAL,REUSABLE_V2_NON_HOLDOUT,FROZEN_V2_PROMPT_IMAGE_MAPPING_PASS,V3_EXPLICIT_MAINTENANCE_REPAIR_INSTALLATION_NEGATIVE,PASS_EXPLICIT_WORK_CONTEXT,negative,PROMPT_DERIVED_SYNTHETIC_GT,FROZEN_GENERATION_PROMPT_AND_PLANNED_ROLE,false,hard_negative,true,
V2_ORIGINAL::IMG_003818,V2_ORIGINAL_SYNTHETIC_500,417_h12-crawling-under-equipment-inspection-07,IMG_003818,pf_v2_aigc_h12-crawling-under-equipment-inspection,VAL,V3_VAL,hard_negative,0,crawling_explicit_maintenance,/home/yanbo/下载/batches/batch_person-fallen-v2-camera1p5m/prompts/417_h12-crawling-under-equipment-inspection-07.txt,5ab8f8659f5df5a3fe62cb119f8259855a144235f746742501649bc3d5d2a953,5ab8f8659f5df5a3fe62cb119f8259855a144235f746742501649bc3d5d2a953,/home/yanbo/下载/batches/batch_person-fallen-v2-camera1p5m/final/417_h12-crawling-under-equipment-inspection-07.png,257a990dc10932772e9899ee9ce8a1638fc614b2859943b4589b991e522b6214,257a990dc10932772e9899ee9ce8a1638fc614b2859943b4589b991e522b6214,FROZEN_V2_MANIFEST_EXPECTED_AND_ACTUAL,REUSABLE_V2_NON_HOLDOUT,FROZEN_V2_PROMPT_IMAGE_MAPPING_PASS,V3_EXPLICIT_MAINTENANCE_REPAIR_INSTALLATION_NEGATIVE,PASS_EXPLICIT_WORK_CONTEXT,negative,PROMPT_DERIVED_SYNTHETIC_GT,FROZEN_GENERATION_PROMPT_AND_PLANNED_ROLE,false,hard_negative,true,
V2_ORIGINAL::IMG_003819,V2_ORIGINAL_SYNTHETIC_500,418_h12-crawling-under-equipment-inspection-08,IMG_003819,pf_v2_aigc_h12-crawling-under-equipment-inspection,VAL,V3_VAL,hard_negative,0,crawling_explicit_maintenance,/home/yanbo/下载/batches/batch_person-fallen-v2-camera1p5m/prompts/418_h12-crawling-under-equipment-inspection-08.txt,5f88218825dfb07e0d37a95a724b97e91a1679504a88072cf1b6be82dc7f14f4,5f88218825dfb07e0d37a95a724b97e91a1679504a88072cf1b6be82dc7f14f4,/home/yanbo/下载/batches/batch_person-fallen-v2-camera1p5m/final/418_h12-crawling-under-equipment-inspection-08.png,996236a1b74dcfde44a2d2a1909a1cc77f3e7065b57bb0780c01846acabd044c,996236a1b74dcfde44a2d2a1909a1cc77f3e7065b57bb0780c01846acabd044c,FROZEN_V2_MANIFEST_EXPECTED_AND_ACTUAL,REUSABLE_V2_NON_HOLDOUT,FROZEN_V2_PROMPT_IMAGE_MAPPING_PASS,V3_EXPLICIT_MAINTENANCE_REPAIR_INSTALLATION_NEGATIVE,PASS_EXPLICIT_WORK_CONTEXT,negative,PROMPT_DERIVED_SYNTHETIC_GT,FROZEN_GENERATION_PROMPT_AND_PLANNED_ROLE,false,hard_negative,true,
V2_ORIGINAL::IMG_003820,V2_ORIGINAL_SYNTHETIC_500,419_h12-crawling-under-equipment-inspection-09,IMG_003820,pf_v2_aigc_h12-crawling-under-equipment-inspection,VAL,V3_VAL,hard_negative,0,crawling_explicit_maintenance,/home/yanbo/下载/batches/batch_person-fallen-v2-camera1p5m/prompts/419_h12-crawling-under-equipment-inspection-09.txt,30b578fc88fa8864d753e4bc9f44b5cb194cf4e6107cfc72db8db26db154c20b,30b578fc88fa8864d753e4bc9f44b5cb194cf4e6107cfc72db8db26db154c20b,/home/yanbo/下载/batches/batch_person-fallen-v2-camera1p5m/final/419_h12-crawling-under-equipment-inspection-09.png,13c3bf3840d3399f6ad13d068963abf376766e7977c5661bdb7cdf93764bdb12,13c3bf3840d3399f6ad13d068963abf376766e7977c5661bdb7cdf93764bdb12,FROZEN_V2_MANIFEST_EXPECTED_AND_ACTUAL,REUSABLE_V2_NON_HOLDOUT,FROZEN_V2_PROMPT_IMAGE_MAPPING_PASS,V3_EXPLICIT_MAINTENANCE_REPAIR_INSTALLATION_NEGATIVE,PASS_EXPLICIT_WORK_CONTEXT,negative,PROMPT_DERIVED_SYNTHETIC_GT,FROZEN_GENERATION_PROMPT_AND_PLANNED_ROLE,false,hard_negative,true,
V2_ORIGINAL::IMG_004022,V2_ORIGINAL_SYNTHETIC_500,41_p05-side-lying-on-floor-01,IMG_004022,pf_v2_aigc_p05-side-lying-on-floor,DEV,V3_DEV,positive,1,side_lying,/home/yanbo/下载/batches/batch_person-fallen-v2-camera1p5m/prompts/41_p05-side-lying-on-floor-01.txt,a0bdce25515f3790fdf48386eeb35a9907f705f099b15ce202b2bbab2acd80a2,a0bdce25515f3790fdf48386eeb35a9907f705f099b15ce202b2bbab2acd80a2,/home/yanbo/下载/batches/batch_person-fallen-v2-camera1p5m/final/41_p05-side-lying-on-floor-01.png,2a56166420080f6334e879608539170bdb9c06953e57519f7df004838705a3e2,2a56166420080f6334e879608539170bdb9c06953e57519f7df004838705a3e2,FROZEN_V2_MANIFEST_EXPECTED_AND_ACTUAL,REUSABLE_V2_NON_HOLDOUT,FROZEN_V2_PROMPT_IMAGE_MAPPING_PASS,V3_SIDE_LYING_POSITIVE,PASS_EXPLICIT_POSTURE_CUE,positive,PROMPT_DERIVED_SYNTHETIC_GT,FROZEN_GENERATION_PROMPT_AND_PLANNED_ROLE,false,positive,true,
V2_ORIGINAL::IMG_003821,V2_ORIGINAL_SYNTHETIC_500,420_h12-crawling-under-equipment-inspection-10,IMG_003821,pf_v2_aigc_h12-crawling-under-equipment-inspection,VAL,V3_VAL,hard_negative,0,crawling_explicit_maintenance,/home/yanbo/下载/batches/batch_person-fallen-v2-camera1p5m/prompts/420_h12-crawling-under-equipment-inspection-10.txt,b338813c843f22024bb7d53074d62657175da8039bab2f9c7370d078d75b5bd2,b338813c843f22024bb7d53074d62657175da8039bab2f9c7370d078d75b5bd2,/home/yanbo/下载/batches/batch_person-fallen-v2-camera1p5m/final/420_h12-crawling-under-equipment-inspection-10.png,b0aff707e4a2f6cd126e256924de2c81ff4a24a82c42c26a20710d8f9a2fd047,b0aff707e4a2f6cd126e256924de2c81ff4a24a82c42c26a20710d8f9a2fd047,FROZEN_V2_MANIFEST_EXPECTED_AND_ACTUAL,REUSABLE_V2_NON_HOLDOUT,FROZEN_V2_PROMPT_IMAGE_MAPPING_PASS,V3_EXPLICIT_MAINTENANCE_REPAIR_INSTALLATION_NEGATIVE,PASS_EXPLICIT_WORK_CONTEXT,negative,PROMPT_DERIVED_SYNTHETIC_GT,FROZEN_GENERATION_PROMPT_AND_PLANNED_ROLE,false,hard_negative,true,
V2_ORIGINAL::IMG_003822,V2_ORIGINAL_SYNTHETIC_500,421_h13-normal-lying-on-bed-01,IMG_003822,pf_v2_aigc_h13-normal-lying-on-bed,VAL,V3_VAL,hard_negative,0,bed_normal_rest,/home/yanbo/下载/batches/batch_person-fallen-v2-camera1p5m/prompts/421_h13-normal-lying-on-bed-01.txt,af8e84025cf468b70f58411985d0a56563723b2b4b5d6d7eeecd9bc95994801f,af8e84025cf468b70f58411985d0a56563723b2b4b5d6d7eeecd9bc95994801f,/home/yanbo/下载/batches/batch_person-fallen-v2-camera1p5m/final/421_h13-normal-lying-on-bed-01.png,46f6c7a99ea910f38b01fd662f77f2ed0a3e7eb28f481889041aa902ea650162,46f6c7a99ea910f38b01fd662f77f2ed0a3e7eb28f481889041aa902ea650162,FROZEN_V2_MANIFEST_EXPECTED_AND_ACTUAL,REUSABLE_V2_NON_HOLDOUT,FROZEN_V2_PROMPT_IMAGE_MAPPING_PASS,V3_BED_NORMAL_REST_NEGATIVE,PASS_EXPLICIT_NEGATIVE_CUE,negative,PROMPT_DERIVED_SYNTHETIC_GT,FROZEN_GENERATION_PROMPT_AND_PLANNED_ROLE,false,hard_negative,true,
V2_ORIGINAL::IMG_003823,V2_ORIGINAL_SYNTHETIC_500,422_h13-normal-lying-on-bed-02,IMG_003823,pf_v2_aigc_h13-normal-lying-on-bed,VAL,V3_VAL,hard_negative,0,bed_normal_rest,/home/yanbo/下载/batches/batch_person-fallen-v2-camera1p5m/prompts/422_h13-normal-lying-on-bed-02.txt,de3955d9451f391cf9db4ce339811456edd40c8c85ca000e511f20c41c2c1afe,de3955d9451f391cf9db4ce339811456edd40c8c85ca000e511f20c41c2c1afe,/home/yanbo/下载/batches/batch_person-fallen-v2-camera1p5m/final/422_h13-normal-lying-on-bed-02.png,c3b8158da16440a5e8486b6bb5d61241b17ecb20a5d9eaf0c0c286df543edcac,c3b8158da16440a5e8486b6bb5d61241b17ecb20a5d9eaf0c0c286df543edcac,FROZEN_V2_MANIFEST_EXPECTED_AND_ACTUAL,REUSABLE_V2_NON_HOLDOUT,FROZEN_V2_PROMPT_IMAGE_MAPPING_PASS,V3_BED_NORMAL_REST_NEGATIVE,PASS_EXPLICIT_NEGATIVE_CUE,negative,PROMPT_DERIVED_SYNTHETIC_GT,FROZEN_GENERATION_PROMPT_AND_PLANNED_ROLE,false,hard_negative,true,
V2_ORIGINAL::IMG_003824,V2_ORIGINAL_SYNTHETIC_500,423_h13-normal-lying-on-bed-03,IMG_003824,pf_v2_aigc_h13-normal-lying-on-bed,VAL,V3_VAL,hard_negative,0,bed_normal_rest,/home/yanbo/下载/batches/batch_person-fallen-v2-camera1p5m/prompts/423_h13-normal-lying-on-bed-03.txt,01826ea99eaf078450f75470260534dc5b50e1abbe93bb8edf0db5bdf9387c6b,01826ea99eaf078450f75470260534dc5b50e1abbe93bb8edf0db5bdf9387c6b,/home/yanbo/下载/batches/batch_person-fallen-v2-camera1p5m/final/423_h13-normal-lying-on-bed-03.png,c8062dec19242123c02dd2eb19de0e10210819a653974741663ea10855938af2,c8062dec19242123c02dd2eb19de0e10210819a653974741663ea10855938af2,FROZEN_V2_MANIFEST_EXPECTED_AND_ACTUAL,REUSABLE_V2_NON_HOLDOUT,FROZEN_V2_PROMPT_IMAGE_MAPPING_PASS,V3_BED_NORMAL_REST_NEGATIVE,PASS_EXPLICIT_NEGATIVE_CUE,negative,PROMPT_DERIVED_SYNTHETIC_GT,FROZEN_GENERATION_PROMPT_AND_PLANNED_ROLE,false,hard_negative,true,
V2_ORIGINAL::IMG_003825,V2_ORIGINAL_SYNTHETIC_500,424_h13-normal-lying-on-bed-04,IMG_003825,pf_v2_aigc_h13-normal-lying-on-bed,VAL,V3_VAL,hard_negative,0,bed_normal_rest,/home/yanbo/下载/batches/batch_person-fallen-v2-camera1p5m/prompts/424_h13-normal-lying-on-bed-04.txt,dd8231e9327a1da533878be2519a94f1aafe5a62c2fb32746ef3da0683d68c73,dd8231e9327a1da533878be2519a94f1aafe5a62c2fb32746ef3da0683d68c73,/home/yanbo/下载/batches/batch_person-fallen-v2-camera1p5m/final/424_h13-normal-lying-on-bed-04.png,c9e7f1f277b76a18474b1c9d4a28fff8a629341c530a542b484c00092095551d,c9e7f1f277b76a18474b1c9d4a28fff8a629341c530a542b484c00092095551d,FROZEN_V2_MANIFEST_EXPECTED_AND_ACTUAL,REUSABLE_V2_NON_HOLDOUT,FROZEN_V2_PROMPT_IMAGE_MAPPING_PASS,V3_BED_NORMAL_REST_NEGATIVE,PASS_EXPLICIT_NEGATIVE_CUE,negative,PROMPT_DERIVED_SYNTHETIC_GT,FROZEN_GENERATION_PROMPT_AND_PLANNED_ROLE,false,hard_negative,true,
V2_ORIGINAL::IMG_003826,V2_ORIGINAL_SYNTHETIC_500,425_h13-normal-lying-on-bed-05,IMG_003826,pf_v2_aigc_h13-normal-lying-on-bed,VAL,V3_VAL,hard_negative,0,bed_normal_rest,/home/yanbo/下载/batches/batch_person-fallen-v2-camera1p5m/prompts/425_h13-normal-lying-on-bed-05.txt,8dd09935a9e0403e9a5f93e7c083c4341af554698476ae3d192075510e3cc89b,8dd09935a9e0403e9a5f93e7c083c4341af554698476ae3d192075510e3cc89b,/home/yanbo/下载/batches/batch_person-fallen-v2-camera1p5m/final/425_h13-normal-lying-on-bed-05.png,60d450dcb20ee65c339dfe8ae9af55afcba6e42d11738af332a85a1d48d8dc94,60d450dcb20ee65c339dfe8ae9af55afcba6e42d11738af332a85a1d48d8dc94,FROZEN_V2_MANIFEST_EXPECTED_AND_ACTUAL,REUSABLE_V2_NON_HOLDOUT,FROZEN_V2_PROMPT_IMAGE_MAPPING_PASS,V3_BED_NORMAL_REST_NEGATIVE,PASS_EXPLICIT_NEGATIVE_CUE,negative,PROMPT_DERIVED_SYNTHETIC_GT,FROZEN_GENERATION_PROMPT_AND_PLANNED_ROLE,false,hard_negative,true,
V2_ORIGINAL::IMG_003827,V2_ORIGINAL_SYNTHETIC_500,426_h13-normal-lying-on-bed-06,IMG_003827,pf_v2_aigc_h13-normal-lying-on-bed,VAL,V3_VAL,hard_negative,0,bed_normal_rest,/home/yanbo/下载/batches/batch_person-fallen-v2-camera1p5m/prompts/426_h13-normal-lying-on-bed-06.txt,3ce33b5916939eca0aa05f2dffe18006e5f29b31dff435d6b58a5562168c809d,3ce33b5916939eca0aa05f2dffe18006e5f29b31dff435d6b58a5562168c809d,/home/yanbo/下载/batches/batch_person-fallen-v2-camera1p5m/final/426_h13-normal-lying-on-bed-06.png,4eb0f59edac1bb39a44d99a0d4fed42836c0820281a37c15c380473cf88c13af,4eb0f59edac1bb39a44d99a0d4fed42836c0820281a37c15c380473cf88c13af,FROZEN_V2_MANIFEST_EXPECTED_AND_ACTUAL,REUSABLE_V2_NON_HOLDOUT,FROZEN_V2_PROMPT_IMAGE_MAPPING_PASS,V3_BED_NORMAL_REST_NEGATIVE,PASS_EXPLICIT_NEGATIVE_CUE,negative,PROMPT_DERIVED_SYNTHETIC_GT,FROZEN_GENERATION_PROMPT_AND_PLANNED_ROLE,false,hard_negative,true,
V2_ORIGINAL::IMG_003828,V2_ORIGINAL_SYNTHETIC_500,427_h13-normal-lying-on-bed-07,IMG_003828,pf_v2_aigc_h13-normal-lying-on-bed,VAL,V3_VAL,hard_negative,0,bed_normal_rest,/home/yanbo/下载/batches/batch_person-fallen-v2-camera1p5m/prompts/427_h13-normal-lying-on-bed-07.txt,d93135686274977af7b6004ea3942eb20542125a48d50a32ff1cf919b94e6194,d93135686274977af7b6004ea3942eb20542125a48d50a32ff1cf919b94e6194,/home/yanbo/下载/batches/batch_person-fallen-v2-camera1p5m/final/427_h13-normal-lying-on-bed-07.png,8f136aac3578b0bd02044d60e08d340715e5d45eb426dcbc9ec287d0ea281233,8f136aac3578b0bd02044d60e08d340715e5d45eb426dcbc9ec287d0ea281233,FROZEN_V2_MANIFEST_EXPECTED_AND_ACTUAL,REUSABLE_V2_NON_HOLDOUT,FROZEN_V2_PROMPT_IMAGE_MAPPING_PASS,V3_BED_NORMAL_REST_NEGATIVE,PASS_EXPLICIT_NEGATIVE_CUE,negative,PROMPT_DERIVED_SYNTHETIC_GT,FROZEN_GENERATION_PROMPT_AND_PLANNED_ROLE,false,hard_negative,true,
V2_ORIGINAL::IMG_003829,V2_ORIGINAL_SYNTHETIC_500,428_h13-normal-lying-on-bed-08,IMG_003829,pf_v2_aigc_h13-normal-lying-on-bed,VAL,V3_VAL,hard_negative,0,bed_normal_rest,/home/yanbo/下载/batches/batch_person-fallen-v2-camera1p5m/prompts/428_h13-normal-lying-on-bed-08.txt,384a30a5d37d75d5fa5a550aadc88568b2ce39e42bfe35753ea718052b572e86,384a30a5d37d75d5fa5a550aadc88568b2ce39e42bfe35753ea718052b572e86,/home/yanbo/下载/batches/batch_person-fallen-v2-camera1p5m/final/428_h13-normal-lying-on-bed-08.png,fe1fb50671627bf0006826be2bf62ce7d0324a39637948470ec730c629436747,fe1fb50671627bf0006826be2bf62ce7d0324a39637948470ec730c629436747,FROZEN_V2_MANIFEST_EXPECTED_AND_ACTUAL,REUSABLE_V2_NON_HOLDOUT,FROZEN_V2_PROMPT_IMAGE_MAPPING_PASS,V3_BED_NORMAL_REST_NEGATIVE,PASS_EXPLICIT_NEGATIVE_CUE,negative,PROMPT_DERIVED_SYNTHETIC_GT,FROZEN_GENERATION_PROMPT_AND_PLANNED_ROLE,false,hard_negative,true,
V2_ORIGINAL::IMG_003830,V2_ORIGINAL_SYNTHETIC_500,429_h13-normal-lying-on-bed-09,IMG_003830,pf_v2_aigc_h13-normal-lying-on-bed,VAL,V3_VAL,hard_negative,0,bed_normal_rest,/home/yanbo/下载/batches/batch_person-fallen-v2-camera1p5m/prompts/429_h13-normal-lying-on-bed-09.txt,ef4072a73515a1dd2e156a4d1886320e10b632c0e44f72311cb6abf5c8180330,ef4072a73515a1dd2e156a4d1886320e10b632c0e44f72311cb6abf5c8180330,/home/yanbo/下载/batches/batch_person-fallen-v2-camera1p5m/final/429_h13-normal-lying-on-bed-09.png,bd82558ae84a060f0dca6df86e2de9384f62ce55df932edfc9a8fdd16fcc9ef3,bd82558ae84a060f0dca6df86e2de9384f62ce55df932edfc9a8fdd16fcc9ef3,FROZEN_V2_MANIFEST_EXPECTED_AND_ACTUAL,REUSABLE_V2_NON_HOLDOUT,FROZEN_V2_PROMPT_IMAGE_MAPPING_PASS,V3_BED_NORMAL_REST_NEGATIVE,PASS_EXPLICIT_NEGATIVE_CUE,negative,PROMPT_DERIVED_SYNTHETIC_GT,FROZEN_GENERATION_PROMPT_AND_PLANNED_ROLE,false,hard_negative,true,
V2_ORIGINAL::IMG_004023,V2_ORIGINAL_SYNTHETIC_500,42_p05-side-lying-on-floor-02,IMG_004023,pf_v2_aigc_p05-side-lying-on-floor,DEV,V3_DEV,positive,1,side_lying,/home/yanbo/下载/batches/batch_person-fallen-v2-camera1p5m/prompts/42_p05-side-lying-on-floor-02.txt,2b1182d620f18f9aeae2287c1e597e3112c2044cf1215167f4ee52d480e1986b,2b1182d620f18f9aeae2287c1e597e3112c2044cf1215167f4ee52d480e1986b,/home/yanbo/下载/batches/batch_person-fallen-v2-camera1p5m/final/42_p05-side-lying-on-floor-02.png,c3e644298d54499a3202d20f1f667081fe45ef7900eff0951afcbd2e1c73dfcd,c3e644298d54499a3202d20f1f667081fe45ef7900eff0951afcbd2e1c73dfcd,FROZEN_V2_MANIFEST_EXPECTED_AND_ACTUAL,REUSABLE_V2_NON_HOLDOUT,FROZEN_V2_PROMPT_IMAGE_MAPPING_PASS,V3_SIDE_LYING_POSITIVE,PASS_EXPLICIT_POSTURE_CUE,positive,PROMPT_DERIVED_SYNTHETIC_GT,FROZEN_GENERATION_PROMPT_AND_PLANNED_ROLE,false,positive,true,
V2_ORIGINAL::IMG_003831,V2_ORIGINAL_SYNTHETIC_500,430_h13-normal-lying-on-bed-10,IMG_003831,pf_v2_aigc_h13-normal-lying-on-bed,VAL,V3_VAL,hard_negative,0,bed_normal_rest,/home/yanbo/下载/batches/batch_person-fallen-v2-camera1p5m/prompts/430_h13-normal-lying-on-bed-10.txt,08ae631dcf7db12900895e7a46c1aa5b13665f62ab1e8fcd9ff70845346e66a3,08ae631dcf7db12900895e7a46c1aa5b13665f62ab1e8fcd9ff70845346e66a3,/home/yanbo/下载/batches/batch_person-fallen-v2-camera1p5m/final/430_h13-normal-lying-on-bed-10.png,f2cdd1e876695c0f778dd80e7aaf3bf1f6fde24df4fb7a0c6c3f58e70096228c,f2cdd1e876695c0f778dd80e7aaf3bf1f6fde24df4fb7a0c6c3f58e70096228c,FROZEN_V2_MANIFEST_EXPECTED_AND_ACTUAL,REUSABLE_V2_NON_HOLDOUT,FROZEN_V2_PROMPT_IMAGE_MAPPING_PASS,V3_BED_NORMAL_REST_NEGATIVE,PASS_EXPLICIT_NEGATIVE_CUE,negative,PROMPT_DERIVED_SYNTHETIC_GT,FROZEN_GENERATION_PROMPT_AND_PLANNED_ROLE,false,hard_negative,true,
V2_ORIGINAL::IMG_003832,V2_ORIGINAL_SYNTHETIC_500,431_h14-normal-lying-on-bed-01,IMG_003832,pf_v2_aigc_h14-normal-lying-on-bed,VAL,V3_VAL,hard_negative,0,bed_normal_rest,/home/yanbo/下载/batches/batch_person-fallen-v2-camera1p5m/prompts/431_h14-normal-lying-on-bed-01.txt,c3f60e7414b20fd4d6848bcaf75cb0cf7f5a7087044ac5ef40bd538bb1f4ae76,c3f60e7414b20fd4d6848bcaf75cb0cf7f5a7087044ac5ef40bd538bb1f4ae76,/home/yanbo/下载/batches/batch_person-fallen-v2-camera1p5m/final/431_h14-normal-lying-on-bed-01.png,1f879755c890c0c9cbc47966b6e2625af4567e4eae49a1f6b96979cd18749052,1f879755c890c0c9cbc47966b6e2625af4567e4eae49a1f6b96979cd18749052,FROZEN_V2_MANIFEST_EXPECTED_AND_ACTUAL,REUSABLE_V2_NON_HOLDOUT,FROZEN_V2_PROMPT_IMAGE_MAPPING_PASS,V3_BED_NORMAL_REST_NEGATIVE,PASS_EXPLICIT_NEGATIVE_CUE,negative,PROMPT_DERIVED_SYNTHETIC_GT,FROZEN_GENERATION_PROMPT_AND_PLANNED_ROLE,false,hard_negative,true,
V2_ORIGINAL::IMG_003833,V2_ORIGINAL_SYNTHETIC_500,432_h14-normal-lying-on-bed-02,IMG_003833,pf_v2_aigc_h14-normal-lying-on-bed,VAL,V3_VAL,hard_negative,0,bed_normal_rest,/home/yanbo/下载/batches/batch_person-fallen-v2-camera1p5m/prompts/432_h14-normal-lying-on-bed-02.txt,5b4886e02f0e7e1639918cbbcca4064e535edaf538b4b75b13e64f0cf26998ea,5b4886e02f0e7e1639918cbbcca4064e535edaf538b4b75b13e64f0cf26998ea,/home/yanbo/下载/batches/batch_person-fallen-v2-camera1p5m/final/432_h14-normal-lying-on-bed-02.png,0d37a5dd98879d0030be0f39e6eff68f134550cfd5af9679fe58a0f95b9cce47,0d37a5dd98879d0030be0f39e6eff68f134550cfd5af9679fe58a0f95b9cce47,FROZEN_V2_MANIFEST_EXPECTED_AND_ACTUAL,REUSABLE_V2_NON_HOLDOUT,FROZEN_V2_PROMPT_IMAGE_MAPPING_PASS,V3_BED_NORMAL_REST_NEGATIVE,PASS_EXPLICIT_NEGATIVE_CUE,negative,PROMPT_DERIVED_SYNTHETIC_GT,FROZEN_GENERATION_PROMPT_AND_PLANNED_ROLE,false,hard_negative,true,
V2_ORIGINAL::IMG_003834,V2_ORIGINAL_SYNTHETIC_500,433_h14-normal-lying-on-bed-03,IMG_003834,pf_v2_aigc_h14-normal-lying-on-bed,VAL,V3_VAL,hard_negative,0,bed_normal_rest,/home/yanbo/下载/batches/batch_person-fallen-v2-camera1p5m/prompts/433_h14-normal-lying-on-bed-03.txt,330db659aba765e7ea1621e408348a9326eec40d99e380469ba3385a688e2fc5,330db659aba765e7ea1621e408348a9326eec40d99e380469ba3385a688e2fc5,/home/yanbo/下载/batches/batch_person-fallen-v2-camera1p5m/final/433_h14-normal-lying-on-bed-03.png,b458f966197df7ac523823bc947830fc050d9cc9ea1ae24ffdf74204f330170a,b458f966197df7ac523823bc947830fc050d9cc9ea1ae24ffdf74204f330170a,FROZEN_V2_MANIFEST_EXPECTED_AND_ACTUAL,REUSABLE_V2_NON_HOLDOUT,FROZEN_V2_PROMPT_IMAGE_MAPPING_PASS,V3_BED_NORMAL_REST_NEGATIVE,PASS_EXPLICIT_NEGATIVE_CUE,negative,PROMPT_DERIVED_SYNTHETIC_GT,FROZEN_GENERATION_PROMPT_AND_PLANNED_ROLE,false,hard_negative,true,
V2_ORIGINAL::IMG_003835,V2_ORIGINAL_SYNTHETIC_500,434_h14-normal-lying-on-bed-04,IMG_003835,pf_v2_aigc_h14-normal-lying-on-bed,VAL,V3_VAL,hard_negative,0,bed_normal_rest,/home/yanbo/下载/batches/batch_person-fallen-v2-camera1p5m/prompts/434_h14-normal-lying-on-bed-04.txt,df30b3d9537428dbaf07d1c13c68989ca1fa6b84c36e43dc3d7515ef0f6c1841,df30b3d9537428dbaf07d1c13c68989ca1fa6b84c36e43dc3d7515ef0f6c1841,/home/yanbo/下载/batches/batch_person-fallen-v2-camera1p5m/final/434_h14-normal-lying-on-bed-04.png,60ef0ac470b590898e537f1158b8576a7f1c4d242d274a8e2f4d0c3b05319654,60ef0ac470b590898e537f1158b8576a7f1c4d242d274a8e2f4d0c3b05319654,FROZEN_V2_MANIFEST_EXPECTED_AND_ACTUAL,REUSABLE_V2_NON_HOLDOUT,FROZEN_V2_PROMPT_IMAGE_MAPPING_PASS,V3_BED_NORMAL_REST_NEGATIVE,PASS_EXPLICIT_NEGATIVE_CUE,negative,PROMPT_DERIVED_SYNTHETIC_GT,FROZEN_GENERATION_PROMPT_AND_PLANNED_ROLE,false,hard_negative,true,
V2_ORIGINAL::IMG_003836,V2_ORIGINAL_SYNTHETIC_500,435_h14-normal-lying-on-bed-05,IMG_003836,pf_v2_aigc_h14-normal-lying-on-bed,VAL,V3_VAL,hard_negative,0,bed_normal_rest,/home/yanbo/下载/batches/batch_person-fallen-v2-camera1p5m/prompts/435_h14-normal-lying-on-bed-05.txt,6c2749e968216fbd8d2adc66f41e79ad074aeba92944c7582c6ad1d5d62388ca,6c2749e968216fbd8d2adc66f41e79ad074aeba92944c7582c6ad1d5d62388ca,/home/yanbo/下载/batches/batch_person-fallen-v2-camera1p5m/final/435_h14-normal-lying-on-bed-05.png,aa5b0709cfa39bec15a3ed7c1d4e77727a612281b27099e30089b12f697b8e1a,aa5b0709cfa39bec15a3ed7c1d4e77727a612281b27099e30089b12f697b8e1a,FROZEN_V2_MANIFEST_EXPECTED_AND_ACTUAL,REUSABLE_V2_NON_HOLDOUT,FROZEN_V2_PROMPT_IMAGE_MAPPING_PASS,V3_BED_NORMAL_REST_NEGATIVE,PASS_EXPLICIT_NEGATIVE_CUE,negative,PROMPT_DERIVED_SYNTHETIC_GT,FROZEN_GENERATION_PROMPT_AND_PLANNED_ROLE,false,hard_negative,true,
V2_ORIGINAL::IMG_003837,V2_ORIGINAL_SYNTHETIC_500,436_h14-normal-lying-on-bed-06,IMG_003837,pf_v2_aigc_h14-normal-lying-on-bed,VAL,V3_VAL,hard_negative,0,bed_normal_rest,/home/yanbo/下载/batches/batch_person-fallen-v2-camera1p5m/prompts/436_h14-normal-lying-on-bed-06.txt,bde7aa1e90f417cc1b11317264c9a736fe4ea2052fdb01c138506da4d04f8497,bde7aa1e90f417cc1b11317264c9a736fe4ea2052fdb01c138506da4d04f8497,/home/yanbo/下载/batches/batch_person-fallen-v2-camera1p5m/final/436_h14-normal-lying-on-bed-06.png,3549021aef62c2c5676b3262f0aafd3e1075636d4a8443c60898d420de45d8a4,3549021aef62c2c5676b3262f0aafd3e1075636d4a8443c60898d420de45d8a4,FROZEN_V2_MANIFEST_EXPECTED_AND_ACTUAL,REUSABLE_V2_NON_HOLDOUT,FROZEN_V2_PROMPT_IMAGE_MAPPING_PASS,V3_BED_NORMAL_REST_NEGATIVE,PASS_EXPLICIT_NEGATIVE_CUE,negative,PROMPT_DERIVED_SYNTHETIC_GT,FROZEN_GENERATION_PROMPT_AND_PLANNED_ROLE,false,hard_negative,true,
V2_ORIGINAL::IMG_003838,V2_ORIGINAL_SYNTHETIC_500,437_h14-normal-lying-on-bed-07,IMG_003838,pf_v2_aigc_h14-normal-lying-on-bed,VAL,V3_VAL,hard_negative,0,bed_normal_rest,/home/yanbo/下载/batches/batch_person-fallen-v2-camera1p5m/prompts/437_h14-normal-lying-on-bed-07.txt,7b36fa33572b617d3d7c16a0e3e511c9248ac234af3fa7349218d9c79f983dd4,7b36fa33572b617d3d7c16a0e3e511c9248ac234af3fa7349218d9c79f983dd4,/home/yanbo/下载/batches/batch_person-fallen-v2-camera1p5m/final/437_h14-normal-lying-on-bed-07.png,3e68c7b0b82d6437ea1fe4e9fbef1d4099730cfa50bf2d28f5e6b63caa25f908,3e68c7b0b82d6437ea1fe4e9fbef1d4099730cfa50bf2d28f5e6b63caa25f908,FROZEN_V2_MANIFEST_EXPECTED_AND_ACTUAL,REUSABLE_V2_NON_HOLDOUT,FROZEN_V2_PROMPT_IMAGE_MAPPING_PASS,V3_BED_NORMAL_REST_NEGATIVE,PASS_EXPLICIT_NEGATIVE_CUE,negative,PROMPT_DERIVED_SYNTHETIC_GT,FROZEN_GENERATION_PROMPT_AND_PLANNED_ROLE,false,hard_negative,true,
V2_ORIGINAL::IMG_003839,V2_ORIGINAL_SYNTHETIC_500,438_h14-normal-lying-on-bed-08,IMG_003839,pf_v2_aigc_h14-normal-lying-on-bed,VAL,V3_VAL,hard_negative,0,bed_normal_rest,/home/yanbo/下载/batches/batch_person-fallen-v2-camera1p5m/prompts/438_h14-normal-lying-on-bed-08.txt,eaa49850c9652ec2deddab2e2ca4a5069085039bc6c1daab6f6b02493ceab196,eaa49850c9652ec2deddab2e2ca4a5069085039bc6c1daab6f6b02493ceab196,/home/yanbo/下载/batches/batch_person-fallen-v2-camera1p5m/final/438_h14-normal-lying-on-bed-08.png,98af917191392b811fd9e2e1a9146ccdd8238b52c1405276695f3316ff156df4,98af917191392b811fd9e2e1a9146ccdd8238b52c1405276695f3316ff156df4,FROZEN_V2_MANIFEST_EXPECTED_AND_ACTUAL,REUSABLE_V2_NON_HOLDOUT,FROZEN_V2_PROMPT_IMAGE_MAPPING_PASS,V3_BED_NORMAL_REST_NEGATIVE,PASS_EXPLICIT_NEGATIVE_CUE,negative,PROMPT_DERIVED_SYNTHETIC_GT,FROZEN_GENERATION_PROMPT_AND_PLANNED_ROLE,false,hard_negative,true,
V2_ORIGINAL::IMG_003840,V2_ORIGINAL_SYNTHETIC_500,439_h14-normal-lying-on-bed-09,IMG_003840,pf_v2_aigc_h14-normal-lying-on-bed,VAL,V3_VAL,hard_negative,0,bed_normal_rest,/home/yanbo/下载/batches/batch_person-fallen-v2-camera1p5m/prompts/439_h14-normal-lying-on-bed-09.txt,d08dd2e5125f07770224dc181ac89a12c60c6032e0d2f420fc88b86c1cf846a0,d08dd2e5125f07770224dc181ac89a12c60c6032e0d2f420fc88b86c1cf846a0,/home/yanbo/下载/batches/batch_person-fallen-v2-camera1p5m/final/439_h14-normal-lying-on-bed-09.png,9577e3f84bec3724324d2655a020e6f55403ed9cf1a46cae4d389ffd3e55b9d1,9577e3f84bec3724324d2655a020e6f55403ed9cf1a46cae4d389ffd3e55b9d1,FROZEN_V2_MANIFEST_EXPECTED_AND_ACTUAL,REUSABLE_V2_NON_HOLDOUT,FROZEN_V2_PROMPT_IMAGE_MAPPING_PASS,V3_BED_NORMAL_REST_NEGATIVE,PASS_EXPLICIT_NEGATIVE_CUE,negative,PROMPT_DERIVED_SYNTHETIC_GT,FROZEN_GENERATION_PROMPT_AND_PLANNED_ROLE,false,hard_negative,true,
V2_ORIGINAL::IMG_004024,V2_ORIGINAL_SYNTHETIC_500,43_p05-side-lying-on-floor-03,IMG_004024,pf_v2_aigc_p05-side-lying-on-floor,DEV,V3_DEV,positive,1,side_lying,/home/yanbo/下载/batches/batch_person-fallen-v2-camera1p5m/prompts/43_p05-side-lying-on-floor-03.txt,b434394c81cad2814712a9c9f17b2619a562b19ba0b585b7dcdc2122725007fb,b434394c81cad2814712a9c9f17b2619a562b19ba0b585b7dcdc2122725007fb,/home/yanbo/下载/batches/batch_person-fallen-v2-camera1p5m/final/43_p05-side-lying-on-floor-03.png,27ab8404612d800fa1e25c2b6dfaab48a4dea15df2e9946e3a192a8ac2dff522,27ab8404612d800fa1e25c2b6dfaab48a4dea15df2e9946e3a192a8ac2dff522,FROZEN_V2_MANIFEST_EXPECTED_AND_ACTUAL,REUSABLE_V2_NON_HOLDOUT,FROZEN_V2_PROMPT_IMAGE_MAPPING_PASS,V3_SIDE_LYING_POSITIVE,PASS_EXPLICIT_POSTURE_CUE,positive,PROMPT_DERIVED_SYNTHETIC_GT,FROZEN_GENERATION_PROMPT_AND_PLANNED_ROLE,false,positive,true,
V2_ORIGINAL::IMG_003841,V2_ORIGINAL_SYNTHETIC_500,440_h14-normal-lying-on-bed-10,IMG_003841,pf_v2_aigc_h14-normal-lying-on-bed,VAL,V3_VAL,hard_negative,0,bed_normal_rest,/home/yanbo/下载/batches/batch_person-fallen-v2-camera1p5m/prompts/440_h14-normal-lying-on-bed-10.txt,09441ee416e7dbe3065df3672e3665b356669dd154473cc467b9a0c9dbd2c4be,09441ee416e7dbe3065df3672e3665b356669dd154473cc467b9a0c9dbd2c4be,/home/yanbo/下载/batches/batch_person-fallen-v2-camera1p5m/final/440_h14-normal-lying-on-bed-10.png,32cbd3b84dcb717cb22c14e8c0a1089420313605dab4d481e758fec3e7dcb78c,32cbd3b84dcb717cb22c14e8c0a1089420313605dab4d481e758fec3e7dcb78c,FROZEN_V2_MANIFEST_EXPECTED_AND_ACTUAL,REUSABLE_V2_NON_HOLDOUT,FROZEN_V2_PROMPT_IMAGE_MAPPING_PASS,V3_BED_NORMAL_REST_NEGATIVE,PASS_EXPLICIT_NEGATIVE_CUE,negative,PROMPT_DERIVED_SYNTHETIC_GT,FROZEN_GENERATION_PROMPT_AND_PLANNED_ROLE,false,hard_negative,true,
V2_ORIGINAL::IMG_003842,V2_ORIGINAL_SYNTHETIC_500,441_h15-normal-lying-on-sofa-or-recliner-01,IMG_003842,pf_v2_aigc_h15-normal-lying-on-sofa-or-recliner,VAL,V3_VAL,hard_negative,0,sofa_normal_rest,/home/yanbo/下载/batches/batch_person-fallen-v2-camera1p5m/prompts/441_h15-normal-lying-on-sofa-or-recliner-01.txt,5cc43037ac669399a3001f183d65e2fe96e7a19ffc13631985ba630c60cdb6f3,5cc43037ac669399a3001f183d65e2fe96e7a19ffc13631985ba630c60cdb6f3,/home/yanbo/下载/batches/batch_person-fallen-v2-camera1p5m/final/441_h15-normal-lying-on-sofa-or-recliner-01.png,4c4513995584aae794805f837a42ebacef2f35e2067881081042c9881a6b9c58,4c4513995584aae794805f837a42ebacef2f35e2067881081042c9881a6b9c58,FROZEN_V2_MANIFEST_EXPECTED_AND_ACTUAL,REUSABLE_V2_NON_HOLDOUT,FROZEN_V2_PROMPT_IMAGE_MAPPING_PASS,V3_SOFA_NORMAL_REST_NEGATIVE,PASS_EXPLICIT_NEGATIVE_CUE,negative,PROMPT_DERIVED_SYNTHETIC_GT,FROZEN_GENERATION_PROMPT_AND_PLANNED_ROLE,false,hard_negative,true,
V2_ORIGINAL::IMG_003843,V2_ORIGINAL_SYNTHETIC_500,442_h15-normal-lying-on-sofa-or-recliner-02,IMG_003843,pf_v2_aigc_h15-normal-lying-on-sofa-or-recliner,VAL,V3_VAL,hard_negative,0,sofa_normal_rest,/home/yanbo/下载/batches/batch_person-fallen-v2-camera1p5m/prompts/442_h15-normal-lying-on-sofa-or-recliner-02.txt,137088d8616b372e8f02f2bffd68f8e7c674bf921b3460a23ab44eac31139407,137088d8616b372e8f02f2bffd68f8e7c674bf921b3460a23ab44eac31139407,/home/yanbo/下载/batches/batch_person-fallen-v2-camera1p5m/final/442_h15-normal-lying-on-sofa-or-recliner-02.png,34fbf5f7d21a4e5ab060526c9d40495bf2224373886d7741bce9ad7d446ab2ed,34fbf5f7d21a4e5ab060526c9d40495bf2224373886d7741bce9ad7d446ab2ed,FROZEN_V2_MANIFEST_EXPECTED_AND_ACTUAL,REUSABLE_V2_NON_HOLDOUT,FROZEN_V2_PROMPT_IMAGE_MAPPING_PASS,V3_SOFA_NORMAL_REST_NEGATIVE,PASS_EXPLICIT_NEGATIVE_CUE,negative,PROMPT_DERIVED_SYNTHETIC_GT,FROZEN_GENERATION_PROMPT_AND_PLANNED_ROLE,false,hard_negative,true,
V2_ORIGINAL::IMG_003844,V2_ORIGINAL_SYNTHETIC_500,443_h15-normal-lying-on-sofa-or-recliner-03,IMG_003844,pf_v2_aigc_h15-normal-lying-on-sofa-or-recliner,VAL,V3_VAL,hard_negative,0,sofa_normal_rest,/home/yanbo/下载/batches/batch_person-fallen-v2-camera1p5m/prompts/443_h15-normal-lying-on-sofa-or-recliner-03.txt,ce6a579940bbfa0750ff779163ebd5f006c7a37bf88320fec211dcf93576b994,ce6a579940bbfa0750ff779163ebd5f006c7a37bf88320fec211dcf93576b994,/home/yanbo/下载/batches/batch_person-fallen-v2-camera1p5m/final/443_h15-normal-lying-on-sofa-or-recliner-03.png,a431e3f73a598c7ab8ceb4c4b8a4665afcb49728fb40ec498d903fcc4b33ce3b,a431e3f73a598c7ab8ceb4c4b8a4665afcb49728fb40ec498d903fcc4b33ce3b,FROZEN_V2_MANIFEST_EXPECTED_AND_ACTUAL,REUSABLE_V2_NON_HOLDOUT,FROZEN_V2_PROMPT_IMAGE_MAPPING_PASS,V3_SOFA_NORMAL_REST_NEGATIVE,PASS_EXPLICIT_NEGATIVE_CUE,negative,PROMPT_DERIVED_SYNTHETIC_GT,FROZEN_GENERATION_PROMPT_AND_PLANNED_ROLE,false,hard_negative,true,
V2_ORIGINAL::IMG_003845,V2_ORIGINAL_SYNTHETIC_500,444_h15-normal-lying-on-sofa-or-recliner-04,IMG_003845,pf_v2_aigc_h15-normal-lying-on-sofa-or-recliner,VAL,V3_VAL,hard_negative,0,sofa_normal_rest,/home/yanbo/下载/batches/batch_person-fallen-v2-camera1p5m/prompts/444_h15-normal-lying-on-sofa-or-recliner-04.txt,1d0c515d93c26da7621916e928708d3760f65170092a97a3fcf08cb427861764,1d0c515d93c26da7621916e928708d3760f65170092a97a3fcf08cb427861764,/home/yanbo/下载/batches/batch_person-fallen-v2-camera1p5m/final/444_h15-normal-lying-on-sofa-or-recliner-04.png,965273fb442a82450c2da366e22648a4b2900170943e4f915e570b8a82a1125a,965273fb442a82450c2da366e22648a4b2900170943e4f915e570b8a82a1125a,FROZEN_V2_MANIFEST_EXPECTED_AND_ACTUAL,REUSABLE_V2_NON_HOLDOUT,FROZEN_V2_PROMPT_IMAGE_MAPPING_PASS,V3_SOFA_NORMAL_REST_NEGATIVE,PASS_EXPLICIT_NEGATIVE_CUE,negative,PROMPT_DERIVED_SYNTHETIC_GT,FROZEN_GENERATION_PROMPT_AND_PLANNED_ROLE,false,hard_negative,true,
V2_ORIGINAL::IMG_003846,V2_ORIGINAL_SYNTHETIC_500,445_h15-normal-lying-on-sofa-or-recliner-05,IMG_003846,pf_v2_aigc_h15-normal-lying-on-sofa-or-recliner,VAL,V3_VAL,hard_negative,0,sofa_normal_rest,/home/yanbo/下载/batches/batch_person-fallen-v2-camera1p5m/prompts/445_h15-normal-lying-on-sofa-or-recliner-05.txt,fb6279b587b8a316420ed49d26183488ee46398e02b3facebb41a2842b443977,fb6279b587b8a316420ed49d26183488ee46398e02b3facebb41a2842b443977,/home/yanbo/下载/batches/batch_person-fallen-v2-camera1p5m/final/445_h15-normal-lying-on-sofa-or-recliner-05.png,7ba099da8a7bd707833fc1c1c6100e824bbbb2cfac01112476ef5fae4947da45,7ba099da8a7bd707833fc1c1c6100e824bbbb2cfac01112476ef5fae4947da45,FROZEN_V2_MANIFEST_EXPECTED_AND_ACTUAL,REUSABLE_V2_NON_HOLDOUT,FROZEN_V2_PROMPT_IMAGE_MAPPING_PASS,V3_SOFA_NORMAL_REST_NEGATIVE,PASS_EXPLICIT_NEGATIVE_CUE,negative,PROMPT_DERIVED_SYNTHETIC_GT,FROZEN_GENERATION_PROMPT_AND_PLANNED_ROLE,false,hard_negative,true,
V2_ORIGINAL::IMG_003847,V2_ORIGINAL_SYNTHETIC_500,446_h15-normal-lying-on-sofa-or-recliner-06,IMG_003847,pf_v2_aigc_h15-normal-lying-on-sofa-or-recliner,VAL,V3_VAL,hard_negative,0,sofa_normal_rest,/home/yanbo/下载/batches/batch_person-fallen-v2-camera1p5m/prompts/446_h15-normal-lying-on-sofa-or-recliner-06.txt,a93933c9a25f4ff3fc7b8f198b15ee174e3ec813355a4b6c6d9e460fcffe80ed,a93933c9a25f4ff3fc7b8f198b15ee174e3ec813355a4b6c6d9e460fcffe80ed,/home/yanbo/下载/batches/batch_person-fallen-v2-camera1p5m/final/446_h15-normal-lying-on-sofa-or-recliner-06.png,d7502e188ce03a477fe78877b55ac552b8f1a8f6368bdaac687940e6f3d8eea3,d7502e188ce03a477fe78877b55ac552b8f1a8f6368bdaac687940e6f3d8eea3,FROZEN_V2_MANIFEST_EXPECTED_AND_ACTUAL,REUSABLE_V2_NON_HOLDOUT,FROZEN_V2_PROMPT_IMAGE_MAPPING_PASS,V3_SOFA_NORMAL_REST_NEGATIVE,PASS_EXPLICIT_NEGATIVE_CUE,negative,PROMPT_DERIVED_SYNTHETIC_GT,FROZEN_GENERATION_PROMPT_AND_PLANNED_ROLE,false,hard_negative,true,
V2_ORIGINAL::IMG_003848,V2_ORIGINAL_SYNTHETIC_500,447_h15-normal-lying-on-sofa-or-recliner-07,IMG_003848,pf_v2_aigc_h15-normal-lying-on-sofa-or-recliner,VAL,V3_VAL,hard_negative,0,sofa_normal_rest,/home/yanbo/下载/batches/batch_person-fallen-v2-camera1p5m/prompts/447_h15-normal-lying-on-sofa-or-recliner-07.txt,255db7de96924091db6f440c735dbe00ece15e9ec477d825c86bdf698bba10e6,255db7de96924091db6f440c735dbe00ece15e9ec477d825c86bdf698bba10e6,/home/yanbo/下载/batches/batch_person-fallen-v2-camera1p5m/final/447_h15-normal-lying-on-sofa-or-recliner-07.png,94a8e171cf5bb824c72eb84d510654101b8ae1e27a4dac2da7077d92b98a7406,94a8e171cf5bb824c72eb84d510654101b8ae1e27a4dac2da7077d92b98a7406,FROZEN_V2_MANIFEST_EXPECTED_AND_ACTUAL,REUSABLE_V2_NON_HOLDOUT,FROZEN_V2_PROMPT_IMAGE_MAPPING_PASS,V3_SOFA_NORMAL_REST_NEGATIVE,PASS_EXPLICIT_NEGATIVE_CUE,negative,PROMPT_DERIVED_SYNTHETIC_GT,FROZEN_GENERATION_PROMPT_AND_PLANNED_ROLE,false,hard_negative,true,
V2_ORIGINAL::IMG_003849,V2_ORIGINAL_SYNTHETIC_500,448_h15-normal-lying-on-sofa-or-recliner-08,IMG_003849,pf_v2_aigc_h15-normal-lying-on-sofa-or-recliner,VAL,V3_VAL,hard_negative,0,sofa_normal_rest,/home/yanbo/下载/batches/batch_person-fallen-v2-camera1p5m/prompts/448_h15-normal-lying-on-sofa-or-recliner-08.txt,a47389c6234bd2c12dc98aabcb2334deca9a8186712959896239902ec944cb47,a47389c6234bd2c12dc98aabcb2334deca9a8186712959896239902ec944cb47,/home/yanbo/下载/batches/batch_person-fallen-v2-camera1p5m/final/448_h15-normal-lying-on-sofa-or-recliner-08.png,618fcec7f36972fa4094a8d0b184794972a509eb6a945ed8fc79c5c6aa1689ae,618fcec7f36972fa4094a8d0b184794972a509eb6a945ed8fc79c5c6aa1689ae,FROZEN_V2_MANIFEST_EXPECTED_AND_ACTUAL,REUSABLE_V2_NON_HOLDOUT,FROZEN_V2_PROMPT_IMAGE_MAPPING_PASS,V3_SOFA_NORMAL_REST_NEGATIVE,PASS_EXPLICIT_NEGATIVE_CUE,negative,PROMPT_DERIVED_SYNTHETIC_GT,FROZEN_GENERATION_PROMPT_AND_PLANNED_ROLE,false,hard_negative,true,
V2_ORIGINAL::IMG_003850,V2_ORIGINAL_SYNTHETIC_500,449_h15-normal-lying-on-sofa-or-recliner-09,IMG_003850,pf_v2_aigc_h15-normal-lying-on-sofa-or-recliner,VAL,V3_VAL,hard_negative,0,sofa_normal_rest,/home/yanbo/下载/batches/batch_person-fallen-v2-camera1p5m/prompts/449_h15-normal-lying-on-sofa-or-recliner-09.txt,f62a311bca164f3e21c164da78573f03bfe946a97cf2a0b10fe11ff2c94b27d1,f62a311bca164f3e21c164da78573f03bfe946a97cf2a0b10fe11ff2c94b27d1,/home/yanbo/下载/batches/batch_person-fallen-v2-camera1p5m/final/449_h15-normal-lying-on-sofa-or-recliner-09.png,0d314b9a6a543ece3ab8175a9ef93c6745c3609b946fea7a062b120f45270b4c,0d314b9a6a543ece3ab8175a9ef93c6745c3609b946fea7a062b120f45270b4c,FROZEN_V2_MANIFEST_EXPECTED_AND_ACTUAL,REUSABLE_V2_NON_HOLDOUT,FROZEN_V2_PROMPT_IMAGE_MAPPING_PASS,V3_SOFA_NORMAL_REST_NEGATIVE,PASS_EXPLICIT_NEGATIVE_CUE,negative,PROMPT_DERIVED_SYNTHETIC_GT,FROZEN_GENERATION_PROMPT_AND_PLANNED_ROLE,false,hard_negative,true,
V2_ORIGINAL::IMG_004025,V2_ORIGINAL_SYNTHETIC_500,44_p05-side-lying-on-floor-04,IMG_004025,pf_v2_aigc_p05-side-lying-on-floor,DEV,V3_DEV,positive,1,side_lying,/home/yanbo/下载/batches/batch_person-fallen-v2-camera1p5m/prompts/44_p05-side-lying-on-floor-04.txt,a1323cf2e80c423ec00e97b9a7eaf741e76b60748663be267c230655ddd0ca4b,a1323cf2e80c423ec00e97b9a7eaf741e76b60748663be267c230655ddd0ca4b,/home/yanbo/下载/batches/batch_person-fallen-v2-camera1p5m/final/44_p05-side-lying-on-floor-04.png,45e4c31209b3a7baede57f45f9dee5ca938abd06bf17e18f4135b2d72a200f6a,45e4c31209b3a7baede57f45f9dee5ca938abd06bf17e18f4135b2d72a200f6a,FROZEN_V2_MANIFEST_EXPECTED_AND_ACTUAL,REUSABLE_V2_NON_HOLDOUT,FROZEN_V2_PROMPT_IMAGE_MAPPING_PASS,V3_SIDE_LYING_POSITIVE,PASS_EXPLICIT_POSTURE_CUE,positive,PROMPT_DERIVED_SYNTHETIC_GT,FROZEN_GENERATION_PROMPT_AND_PLANNED_ROLE,false,positive,true,
V2_ORIGINAL::IMG_003851,V2_ORIGINAL_SYNTHETIC_500,450_h15-normal-lying-on-sofa-or-recliner-10,IMG_003851,pf_v2_aigc_h15-normal-lying-on-sofa-or-recliner,VAL,V3_VAL,hard_negative,0,sofa_normal_rest,/home/yanbo/下载/batches/batch_person-fallen-v2-camera1p5m/prompts/450_h15-normal-lying-on-sofa-or-recliner-10.txt,01aaac49f4b84d9fce00e1076a49cedc1f845678c7275b2cc249f77410096328,01aaac49f4b84d9fce00e1076a49cedc1f845678c7275b2cc249f77410096328,/home/yanbo/下载/batches/batch_person-fallen-v2-camera1p5m/final/450_h15-normal-lying-on-sofa-or-recliner-10.png,6cc5bac47452b51c8da4f6cc683fdf863623a5e1aa68f461f6e5e62e66465c2e,6cc5bac47452b51c8da4f6cc683fdf863623a5e1aa68f461f6e5e62e66465c2e,FROZEN_V2_MANIFEST_EXPECTED_AND_ACTUAL,REUSABLE_V2_NON_HOLDOUT,FROZEN_V2_PROMPT_IMAGE_MAPPING_PASS,V3_SOFA_NORMAL_REST_NEGATIVE,PASS_EXPLICIT_NEGATIVE_CUE,negative,PROMPT_DERIVED_SYNTHETIC_GT,FROZEN_GENERATION_PROMPT_AND_PLANNED_ROLE,false,hard_negative,true,
V2_ORIGINAL::IMG_003852,V2_ORIGINAL_SYNTHETIC_500,451_h16-dummy-mannequin-poster-01,IMG_003852,pf_v2_aigc_h16-dummy-mannequin-poster,HOLDOUT,EXCLUDE_FINAL_HOLDOUT,hard_negative,0,clear_non_person_depiction,/home/yanbo/下载/batches/batch_person-fallen-v2-camera1p5m/prompts/451_h16-dummy-mannequin-poster-01.txt,b62bc532218ed8eb702eb25e0306076a1de61fa21051073eecaecb0876c93da5,b62bc532218ed8eb702eb25e0306076a1de61fa21051073eecaecb0876c93da5,/home/yanbo/下载/batches/batch_person-fallen-v2-camera1p5m/final/451_h16-dummy-mannequin-poster-01.png,61b19442a94aa1a06179b8dd7d8d8493a84a5cfde4bbcb99ab21e71fb1a74618,61b19442a94aa1a06179b8dd7d8d8493a84a5cfde4bbcb99ab21e71fb1a74618,FROZEN_V2_MANIFEST_EXPECTED_AND_ACTUAL,FINAL_HOLDOUT_RESERVED,FROZEN_V2_PROMPT_IMAGE_MAPPING_PASS,V3_CLEAR_NON_PERSON_IS_NEGATIVE,PASS_EXPLICIT_NON_PERSON_CUE,negative,PROMPT_DERIVED_SYNTHETIC_GT,FROZEN_GENERATION_PROMPT_AND_PLANNED_ROLE,false,hard_negative,false,FINAL_HOLDOUT_RESERVED_AND_NOT_USED_BY_V3
V2_ORIGINAL::IMG_003853,V2_ORIGINAL_SYNTHETIC_500,452_h16-dummy-mannequin-poster-02,IMG_003853,pf_v2_aigc_h16-dummy-mannequin-poster,HOLDOUT,EXCLUDE_FINAL_HOLDOUT,hard_negative,0,clear_non_person_depiction,/home/yanbo/下载/batches/batch_person-fallen-v2-camera1p5m/prompts/452_h16-dummy-mannequin-poster-02.txt,8e3ed2e506a6d5175d773eef51463c018ee0601fadcb9adf43bfdd6b29504474,8e3ed2e506a6d5175d773eef51463c018ee0601fadcb9adf43bfdd6b29504474,/home/yanbo/下载/batches/batch_person-fallen-v2-camera1p5m/final/452_h16-dummy-mannequin-poster-02.png,294338a403d06fe09d5d31d1438eb5164a68a0c04196491add90d09d33200b06,294338a403d06fe09d5d31d1438eb5164a68a0c04196491add90d09d33200b06,FROZEN_V2_MANIFEST_EXPECTED_AND_ACTUAL,FINAL_HOLDOUT_RESERVED,FROZEN_V2_PROMPT_IMAGE_MAPPING_PASS,V3_CLEAR_NON_PERSON_IS_NEGATIVE,PASS_EXPLICIT_NON_PERSON_CUE,negative,PROMPT_DERIVED_SYNTHETIC_GT,FROZEN_GENERATION_PROMPT_AND_PLANNED_ROLE,false,hard_negative,false,FINAL_HOLDOUT_RESERVED_AND_NOT_USED_BY_V3
V2_ORIGINAL::IMG_003854,V2_ORIGINAL_SYNTHETIC_500,453_h16-dummy-mannequin-poster-03,IMG_003854,pf_v2_aigc_h16-dummy-mannequin-poster,HOLDOUT,EXCLUDE_FINAL_HOLDOUT,hard_negative,0,clear_non_person_depiction,/home/yanbo/下载/batches/batch_person-fallen-v2-camera1p5m/prompts/453_h16-dummy-mannequin-poster-03.txt,5402fcf0b57d4dedd595d6fc9316d244676732b3c535568f05bd9d9def3f0f57,5402fcf0b57d4dedd595d6fc9316d244676732b3c535568f05bd9d9def3f0f57,/home/yanbo/下载/batches/batch_person-fallen-v2-camera1p5m/final/453_h16-dummy-mannequin-poster-03.png,0c127701fdce43cabff2f71bc735cfa35b4d8a5f8777782c61f444c3af9e8fb0,0c127701fdce43cabff2f71bc735cfa35b4d8a5f8777782c61f444c3af9e8fb0,FROZEN_V2_MANIFEST_EXPECTED_AND_ACTUAL,FINAL_HOLDOUT_RESERVED,FROZEN_V2_PROMPT_IMAGE_MAPPING_PASS,V3_CLEAR_NON_PERSON_IS_NEGATIVE,PASS_EXPLICIT_NON_PERSON_CUE,negative,PROMPT_DERIVED_SYNTHETIC_GT,FROZEN_GENERATION_PROMPT_AND_PLANNED_ROLE,false,hard_negative,false,FINAL_HOLDOUT_RESERVED_AND_NOT_USED_BY_V3
V2_ORIGINAL::IMG_003855,V2_ORIGINAL_SYNTHETIC_500,454_h16-dummy-mannequin-poster-04,IMG_003855,pf_v2_aigc_h16-dummy-mannequin-poster,HOLDOUT,EXCLUDE_FINAL_HOLDOUT,hard_negative,0,clear_non_person_depiction,/home/yanbo/下载/batches/batch_person-fallen-v2-camera1p5m/prompts/454_h16-dummy-mannequin-poster-04.txt,4d0447d943d8f4ec40d16cccfebf0d3894c2026f3ec1a8f2571338834b9bdfe5,4d0447d943d8f4ec40d16cccfebf0d3894c2026f3ec1a8f2571338834b9bdfe5,/home/yanbo/下载/batches/batch_person-fallen-v2-camera1p5m/final/454_h16-dummy-mannequin-poster-04.png,50f9f6882bcfe326812317f160a55107f7f09bbd2eadfcef271c5c03ac6f0cea,50f9f6882bcfe326812317f160a55107f7f09bbd2eadfcef271c5c03ac6f0cea,FROZEN_V2_MANIFEST_EXPECTED_AND_ACTUAL,FINAL_HOLDOUT_RESERVED,FROZEN_V2_PROMPT_IMAGE_MAPPING_PASS,V3_CLEAR_NON_PERSON_IS_NEGATIVE,PASS_EXPLICIT_NON_PERSON_CUE,negative,PROMPT_DERIVED_SYNTHETIC_GT,FROZEN_GENERATION_PROMPT_AND_PLANNED_ROLE,false,hard_negative,false,FINAL_HOLDOUT_RESERVED_AND_NOT_USED_BY_V3
V2_ORIGINAL::IMG_003856,V2_ORIGINAL_SYNTHETIC_500,455_h16-dummy-mannequin-poster-05,IMG_003856,pf_v2_aigc_h16-dummy-mannequin-poster,HOLDOUT,EXCLUDE_FINAL_HOLDOUT,hard_negative,0,clear_non_person_depiction,/home/yanbo/下载/batches/batch_person-fallen-v2-camera1p5m/prompts/455_h16-dummy-mannequin-poster-05.txt,83bd93cd730180c1ea2e772811f338ba82f8db452c56c2859d2aa6073b78e897,83bd93cd730180c1ea2e772811f338ba82f8db452c56c2859d2aa6073b78e897,/home/yanbo/下载/batches/batch_person-fallen-v2-camera1p5m/final/455_h16-dummy-mannequin-poster-05.png,9bf3658b2b308f926a5cdc8c7f0a45015aad8da0cf42918180c6984932e200e1,9bf3658b2b308f926a5cdc8c7f0a45015aad8da0cf42918180c6984932e200e1,FROZEN_V2_MANIFEST_EXPECTED_AND_ACTUAL,FINAL_HOLDOUT_RESERVED,FROZEN_V2_PROMPT_IMAGE_MAPPING_PASS,V3_CLEAR_NON_PERSON_IS_NEGATIVE,PASS_EXPLICIT_NON_PERSON_CUE,negative,PROMPT_DERIVED_SYNTHETIC_GT,FROZEN_GENERATION_PROMPT_AND_PLANNED_ROLE,false,hard_negative,false,FINAL_HOLDOUT_RESERVED_AND_NOT_USED_BY_V3
V2_ORIGINAL::IMG_003857,V2_ORIGINAL_SYNTHETIC_500,456_h16-dummy-mannequin-poster-06,IMG_003857,pf_v2_aigc_h16-dummy-mannequin-poster,HOLDOUT,EXCLUDE_FINAL_HOLDOUT,hard_negative,0,clear_non_person_depiction,/home/yanbo/下载/batches/batch_person-fallen-v2-camera1p5m/prompts/456_h16-dummy-mannequin-poster-06.txt,b3397269f505e305ca25caf8d9fe6f3c86614118406514e84343673734fd7ba3,b3397269f505e305ca25caf8d9fe6f3c86614118406514e84343673734fd7ba3,/home/yanbo/下载/batches/batch_person-fallen-v2-camera1p5m/final/456_h16-dummy-mannequin-poster-06.png,c8bfe86d93936469cb08a62aa5bc063152c2244b1880ff946c178903855e8085,c8bfe86d93936469cb08a62aa5bc063152c2244b1880ff946c178903855e8085,FROZEN_V2_MANIFEST_EXPECTED_AND_ACTUAL,FINAL_HOLDOUT_RESERVED,FROZEN_V2_PROMPT_IMAGE_MAPPING_PASS,V3_CLEAR_NON_PERSON_IS_NEGATIVE,PASS_EXPLICIT_NON_PERSON_CUE,negative,PROMPT_DERIVED_SYNTHETIC_GT,FROZEN_GENERATION_PROMPT_AND_PLANNED_ROLE,false,hard_negative,false,FINAL_HOLDOUT_RESERVED_AND_NOT_USED_BY_V3
V2_ORIGINAL::IMG_003858,V2_ORIGINAL_SYNTHETIC_500,457_h16-dummy-mannequin-poster-07,IMG_003858,pf_v2_aigc_h16-dummy-mannequin-poster,HOLDOUT,EXCLUDE_FINAL_HOLDOUT,hard_negative,0,clear_non_person_depiction,/home/yanbo/下载/batches/batch_person-fallen-v2-camera1p5m/prompts/457_h16-dummy-mannequin-poster-07.txt,a02113bc0f3b1111d5111ded49f5ef82b500feb7aabfac60bae0c6571bf62206,a02113bc0f3b1111d5111ded49f5ef82b500feb7aabfac60bae0c6571bf62206,/home/yanbo/下载/batches/batch_person-fallen-v2-camera1p5m/final/457_h16-dummy-mannequin-poster-07.png,5892e1a7a5ffeae8987de335f028ee827b22df6c340522930674011e6b1f924e,5892e1a7a5ffeae8987de335f028ee827b22df6c340522930674011e6b1f924e,FROZEN_V2_MANIFEST_EXPECTED_AND_ACTUAL,FINAL_HOLDOUT_RESERVED,FROZEN_V2_PROMPT_IMAGE_MAPPING_PASS,V3_CLEAR_NON_PERSON_IS_NEGATIVE,PASS_EXPLICIT_NON_PERSON_CUE,negative,PROMPT_DERIVED_SYNTHETIC_GT,FROZEN_GENERATION_PROMPT_AND_PLANNED_ROLE,false,hard_negative,false,FINAL_HOLDOUT_RESERVED_AND_NOT_USED_BY_V3
V2_ORIGINAL::IMG_003859,V2_ORIGINAL_SYNTHETIC_500,458_h16-dummy-mannequin-poster-08,IMG_003859,pf_v2_aigc_h16-dummy-mannequin-poster,HOLDOUT,EXCLUDE_FINAL_HOLDOUT,hard_negative,0,clear_non_person_depiction,/home/yanbo/下载/batches/batch_person-fallen-v2-camera1p5m/prompts/458_h16-dummy-mannequin-poster-08.txt,926a3bf36adfe61ef8457ba389b452fd9b7b26117751914f261102c8836157a4,926a3bf36adfe61ef8457ba389b452fd9b7b26117751914f261102c8836157a4,/home/yanbo/下载/batches/batch_person-fallen-v2-camera1p5m/final/458_h16-dummy-mannequin-poster-08.png,cd41a9ff56625d884ea1029ed61e09392ca5596a9ad6fcb6c549543f186cd7f5,cd41a9ff56625d884ea1029ed61e09392ca5596a9ad6fcb6c549543f186cd7f5,FROZEN_V2_MANIFEST_EXPECTED_AND_ACTUAL,FINAL_HOLDOUT_RESERVED,FROZEN_V2_PROMPT_IMAGE_MAPPING_PASS,V3_CLEAR_NON_PERSON_IS_NEGATIVE,PASS_EXPLICIT_NON_PERSON_CUE,negative,PROMPT_DERIVED_SYNTHETIC_GT,FROZEN_GENERATION_PROMPT_AND_PLANNED_ROLE,false,hard_negative,false,FINAL_HOLDOUT_RESERVED_AND_NOT_USED_BY_V3
V2_ORIGINAL::IMG_003860,V2_ORIGINAL_SYNTHETIC_500,459_h16-dummy-mannequin-poster-09,IMG_003860,pf_v2_aigc_h16-dummy-mannequin-poster,HOLDOUT,EXCLUDE_FINAL_HOLDOUT,hard_negative,0,clear_non_person_depiction,/home/yanbo/下载/batches/batch_person-fallen-v2-camera1p5m/prompts/459_h16-dummy-mannequin-poster-09.txt,2bc6019bd2c4b023091e17f1afb6a5783791655a132e18ed0da73064f664b39f,2bc6019bd2c4b023091e17f1afb6a5783791655a132e18ed0da73064f664b39f,/home/yanbo/下载/batches/batch_person-fallen-v2-camera1p5m/final/459_h16-dummy-mannequin-poster-09.png,76259a722e45bfd9a6097583dfd229f143dbb4d1a9fbda6ab76a703bd0d18663,76259a722e45bfd9a6097583dfd229f143dbb4d1a9fbda6ab76a703bd0d18663,FROZEN_V2_MANIFEST_EXPECTED_AND_ACTUAL,FINAL_HOLDOUT_RESERVED,FROZEN_V2_PROMPT_IMAGE_MAPPING_PASS,V3_CLEAR_NON_PERSON_IS_NEGATIVE,PASS_EXPLICIT_NON_PERSON_CUE,negative,PROMPT_DERIVED_SYNTHETIC_GT,FROZEN_GENERATION_PROMPT_AND_PLANNED_ROLE,false,hard_negative,false,FINAL_HOLDOUT_RESERVED_AND_NOT_USED_BY_V3
V2_ORIGINAL::IMG_004026,V2_ORIGINAL_SYNTHETIC_500,45_p05-side-lying-on-floor-05,IMG_004026,pf_v2_aigc_p05-side-lying-on-floor,DEV,V3_DEV,positive,1,side_lying,/home/yanbo/下载/batches/batch_person-fallen-v2-camera1p5m/prompts/45_p05-side-lying-on-floor-05.txt,9453c93ed2e26afba474eb75a38012378bb109a0499705c46911faae9830a5ce,9453c93ed2e26afba474eb75a38012378bb109a0499705c46911faae9830a5ce,/home/yanbo/下载/batches/batch_person-fallen-v2-camera1p5m/final/45_p05-side-lying-on-floor-05.png,bd92eda4b83fdab8da9176185c1497fe9ff75cfbc151e0e9cda00a8d9f89bc13,bd92eda4b83fdab8da9176185c1497fe9ff75cfbc151e0e9cda00a8d9f89bc13,FROZEN_V2_MANIFEST_EXPECTED_AND_ACTUAL,REUSABLE_V2_NON_HOLDOUT,FROZEN_V2_PROMPT_IMAGE_MAPPING_PASS,V3_SIDE_LYING_POSITIVE,PASS_EXPLICIT_POSTURE_CUE,positive,PROMPT_DERIVED_SYNTHETIC_GT,FROZEN_GENERATION_PROMPT_AND_PLANNED_ROLE,false,positive,true,
V2_ORIGINAL::IMG_003861,V2_ORIGINAL_SYNTHETIC_500,460_h16-dummy-mannequin-poster-10,IMG_003861,pf_v2_aigc_h16-dummy-mannequin-poster,HOLDOUT,EXCLUDE_FINAL_HOLDOUT,hard_negative,0,clear_non_person_depiction,/home/yanbo/下载/batches/batch_person-fallen-v2-camera1p5m/prompts/460_h16-dummy-mannequin-poster-10.txt,851f4207845d84448de60c3256718205deaf98363424758644f60d43c56c8883,851f4207845d84448de60c3256718205deaf98363424758644f60d43c56c8883,/home/yanbo/下载/batches/batch_person-fallen-v2-camera1p5m/final/460_h16-dummy-mannequin-poster-10.png,7689157de5748d571d1d29ba4aa26f35e5073c8874aacd08fb6338da00f8ad37,7689157de5748d571d1d29ba4aa26f35e5073c8874aacd08fb6338da00f8ad37,FROZEN_V2_MANIFEST_EXPECTED_AND_ACTUAL,FINAL_HOLDOUT_RESERVED,FROZEN_V2_PROMPT_IMAGE_MAPPING_PASS,V3_CLEAR_NON_PERSON_IS_NEGATIVE,PASS_EXPLICIT_NON_PERSON_CUE,negative,PROMPT_DERIVED_SYNTHETIC_GT,FROZEN_GENERATION_PROMPT_AND_PLANNED_ROLE,false,hard_negative,false,FINAL_HOLDOUT_RESERVED_AND_NOT_USED_BY_V3
V2_ORIGINAL::IMG_003862,V2_ORIGINAL_SYNTHETIC_500,461_h17-partial-body-causing-illusion-01,IMG_003862,pf_v2_aigc_h17-partial-body-causing-illusion,HOLDOUT,EXCLUDE_FINAL_HOLDOUT,hard_negative,0,partial_body_unconfirmable,/home/yanbo/下载/batches/batch_person-fallen-v2-camera1p5m/prompts/461_h17-partial-body-causing-illusion-01.txt,c2f664894c97d54e41ac77967060c82541c14c259e7fa3faefc0da46abad79cc,c2f664894c97d54e41ac77967060c82541c14c259e7fa3faefc0da46abad79cc,/home/yanbo/下载/batches/batch_person-fallen-v2-camera1p5m/final/461_h17-partial-body-causing-illusion-01.png,d54d29b90512641b4db2b26b2bf5da63465277bfab85b9fb513dd303df8587df,d54d29b90512641b4db2b26b2bf5da63465277bfab85b9fb513dd303df8587df,FROZEN_V2_MANIFEST_EXPECTED_AND_ACTUAL,FINAL_HOLDOUT_RESERVED,FROZEN_V2_PROMPT_IMAGE_MAPPING_PASS,V3_PRIORITY_CANNOT_CONFIRM_REAL_PERSON,PASS_EXPLICIT_UNCERTAINTY_CUE,uncertain,PROMPT_DERIVED_SYNTHETIC_GT,FROZEN_GENERATION_PROMPT_AND_PLANNED_ROLE,false,uncertain,false,FINAL_HOLDOUT_RESERVED_AND_NOT_USED_BY_V3
V2_ORIGINAL::IMG_003863,V2_ORIGINAL_SYNTHETIC_500,462_h17-partial-body-causing-illusion-02,IMG_003863,pf_v2_aigc_h17-partial-body-causing-illusion,HOLDOUT,EXCLUDE_FINAL_HOLDOUT,hard_negative,0,partial_body_unconfirmable,/home/yanbo/下载/batches/batch_person-fallen-v2-camera1p5m/prompts/462_h17-partial-body-causing-illusion-02.txt,4c28f2aa555321cc25258eddf787734a8c1dbf2d766b41d0cd2df2de40c6208f,4c28f2aa555321cc25258eddf787734a8c1dbf2d766b41d0cd2df2de40c6208f,/home/yanbo/下载/batches/batch_person-fallen-v2-camera1p5m/final/462_h17-partial-body-causing-illusion-02.png,9689588dea0ba406d4f544c7a6e61e4fa03fddf6df4997eeccc6d60cd89772fc,9689588dea0ba406d4f544c7a6e61e4fa03fddf6df4997eeccc6d60cd89772fc,FROZEN_V2_MANIFEST_EXPECTED_AND_ACTUAL,FINAL_HOLDOUT_RESERVED,FROZEN_V2_PROMPT_IMAGE_MAPPING_PASS,V3_PRIORITY_CANNOT_CONFIRM_REAL_PERSON,PASS_EXPLICIT_UNCERTAINTY_CUE,uncertain,PROMPT_DERIVED_SYNTHETIC_GT,FROZEN_GENERATION_PROMPT_AND_PLANNED_ROLE,false,uncertain,false,FINAL_HOLDOUT_RESERVED_AND_NOT_USED_BY_V3
V2_ORIGINAL::IMG_003864,V2_ORIGINAL_SYNTHETIC_500,463_h17-partial-body-causing-illusion-03,IMG_003864,pf_v2_aigc_h17-partial-body-causing-illusion,HOLDOUT,EXCLUDE_FINAL_HOLDOUT,hard_negative,0,partial_body_unconfirmable,/home/yanbo/下载/batches/batch_person-fallen-v2-camera1p5m/prompts/463_h17-partial-body-causing-illusion-03.txt,c1b282e9326403e629c8c0a0f681ad591379871a0710b613b97f7260e99a9157,c1b282e9326403e629c8c0a0f681ad591379871a0710b613b97f7260e99a9157,/home/yanbo/下载/batches/batch_person-fallen-v2-camera1p5m/final/463_h17-partial-body-causing-illusion-03.png,1ce519d807c7899f85e6892f5c0b4ef1533ee1d3775b707c7dd9aa25b3f45818,1ce519d807c7899f85e6892f5c0b4ef1533ee1d3775b707c7dd9aa25b3f45818,FROZEN_V2_MANIFEST_EXPECTED_AND_ACTUAL,FINAL_HOLDOUT_RESERVED,FROZEN_V2_PROMPT_IMAGE_MAPPING_PASS,V3_PRIORITY_CANNOT_CONFIRM_REAL_PERSON,PASS_EXPLICIT_UNCERTAINTY_CUE,uncertain,PROMPT_DERIVED_SYNTHETIC_GT,FROZEN_GENERATION_PROMPT_AND_PLANNED_ROLE,false,uncertain,false,FINAL_HOLDOUT_RESERVED_AND_NOT_USED_BY_V3
V2_ORIGINAL::IMG_003865,V2_ORIGINAL_SYNTHETIC_500,464_h17-partial-body-causing-illusion-04,IMG_003865,pf_v2_aigc_h17-partial-body-causing-illusion,HOLDOUT,EXCLUDE_FINAL_HOLDOUT,hard_negative,0,partial_body_unconfirmable,/home/yanbo/下载/batches/batch_person-fallen-v2-camera1p5m/prompts/464_h17-partial-body-causing-illusion-04.txt,a2d0f85a8d68eebf2683cf5064509a1947fac30ef52e8ab47f0cda3dd9b040ed,a2d0f85a8d68eebf2683cf5064509a1947fac30ef52e8ab47f0cda3dd9b040ed,/home/yanbo/下载/batches/batch_person-fallen-v2-camera1p5m/final/464_h17-partial-body-causing-illusion-04.png,98ddd0359a6a6f84b1cd1d2a135103c8bff90688123377f68bf9515b31b701b6,98ddd0359a6a6f84b1cd1d2a135103c8bff90688123377f68bf9515b31b701b6,FROZEN_V2_MANIFEST_EXPECTED_AND_ACTUAL,FINAL_HOLDOUT_RESERVED,FROZEN_V2_PROMPT_IMAGE_MAPPING_PASS,V3_PRIORITY_CANNOT_CONFIRM_REAL_PERSON,PASS_EXPLICIT_UNCERTAINTY_CUE,uncertain,PROMPT_DERIVED_SYNTHETIC_GT,FROZEN_GENERATION_PROMPT_AND_PLANNED_ROLE,false,uncertain,false,FINAL_HOLDOUT_RESERVED_AND_NOT_USED_BY_V3
V2_ORIGINAL::IMG_003866,V2_ORIGINAL_SYNTHETIC_500,465_h17-partial-body-causing-illusion-05,IMG_003866,pf_v2_aigc_h17-partial-body-causing-illusion,HOLDOUT,EXCLUDE_FINAL_HOLDOUT,hard_negative,0,partial_body_unconfirmable,/home/yanbo/下载/batches/batch_person-fallen-v2-camera1p5m/prompts/465_h17-partial-body-causing-illusion-05.txt,b49fb3d07371ae0835364c58587d3c75ce3ba058273659d9ba0e2a04d8cd8e46,b49fb3d07371ae0835364c58587d3c75ce3ba058273659d9ba0e2a04d8cd8e46,/home/yanbo/下载/batches/batch_person-fallen-v2-camera1p5m/final/465_h17-partial-body-causing-illusion-05.png,f32ca9b5086c045ae9b86016ac3b67b9e3dd8b58dc47b072b58cec0e5eba4f83,f32ca9b5086c045ae9b86016ac3b67b9e3dd8b58dc47b072b58cec0e5eba4f83,FROZEN_V2_MANIFEST_EXPECTED_AND_ACTUAL,FINAL_HOLDOUT_RESERVED,FROZEN_V2_PROMPT_IMAGE_MAPPING_PASS,V3_PRIORITY_CANNOT_CONFIRM_REAL_PERSON,PASS_EXPLICIT_UNCERTAINTY_CUE,uncertain,PROMPT_DERIVED_SYNTHETIC_GT,FROZEN_GENERATION_PROMPT_AND_PLANNED_ROLE,false,uncertain,false,FINAL_HOLDOUT_RESERVED_AND_NOT_USED_BY_V3
V2_ORIGINAL::IMG_003867,V2_ORIGINAL_SYNTHETIC_500,466_h17-partial-body-causing-illusion-06,IMG_003867,pf_v2_aigc_h17-partial-body-causing-illusion,HOLDOUT,EXCLUDE_FINAL_HOLDOUT,hard_negative,0,partial_body_unconfirmable,/home/yanbo/下载/batches/batch_person-fallen-v2-camera1p5m/prompts/466_h17-partial-body-causing-illusion-06.txt,790bde9800b50ef0ede74e5f46a0b40b20dc80878936e9638fdbe5277fc7b03d,790bde9800b50ef0ede74e5f46a0b40b20dc80878936e9638fdbe5277fc7b03d,/home/yanbo/下载/batches/batch_person-fallen-v2-camera1p5m/final/466_h17-partial-body-causing-illusion-06.png,bbac479ba463ecbec4bf0228a2db31b9ab432ec6c1a8c80750fdfe6e7fb83028,bbac479ba463ecbec4bf0228a2db31b9ab432ec6c1a8c80750fdfe6e7fb83028,FROZEN_V2_MANIFEST_EXPECTED_AND_ACTUAL,FINAL_HOLDOUT_RESERVED,FROZEN_V2_PROMPT_IMAGE_MAPPING_PASS,V3_PRIORITY_CANNOT_CONFIRM_REAL_PERSON,PASS_EXPLICIT_UNCERTAINTY_CUE,uncertain,PROMPT_DERIVED_SYNTHETIC_GT,FROZEN_GENERATION_PROMPT_AND_PLANNED_ROLE,false,uncertain,false,FINAL_HOLDOUT_RESERVED_AND_NOT_USED_BY_V3
V2_ORIGINAL::IMG_003868,V2_ORIGINAL_SYNTHETIC_500,467_h17-partial-body-causing-illusion-07,IMG_003868,pf_v2_aigc_h17-partial-body-causing-illusion,HOLDOUT,EXCLUDE_FINAL_HOLDOUT,hard_negative,0,partial_body_unconfirmable,/home/yanbo/下载/batches/batch_person-fallen-v2-camera1p5m/prompts/467_h17-partial-body-causing-illusion-07.txt,9e2e0368a341c2f2ae8c500c92090c1b6f98952dab2831abd78867a4c7ea1164,9e2e0368a341c2f2ae8c500c92090c1b6f98952dab2831abd78867a4c7ea1164,/home/yanbo/下载/batches/batch_person-fallen-v2-camera1p5m/final/467_h17-partial-body-causing-illusion-07.png,6af1dfe0b032a18225b6a8f6eb7a1302cab4d2ca823ac84ef56c2a932831d090,6af1dfe0b032a18225b6a8f6eb7a1302cab4d2ca823ac84ef56c2a932831d090,FROZEN_V2_MANIFEST_EXPECTED_AND_ACTUAL,FINAL_HOLDOUT_RESERVED,FROZEN_V2_PROMPT_IMAGE_MAPPING_PASS,V3_PRIORITY_CANNOT_CONFIRM_REAL_PERSON,PASS_EXPLICIT_UNCERTAINTY_CUE,uncertain,PROMPT_DERIVED_SYNTHETIC_GT,FROZEN_GENERATION_PROMPT_AND_PLANNED_ROLE,false,uncertain,false,FINAL_HOLDOUT_RESERVED_AND_NOT_USED_BY_V3
V2_ORIGINAL::IMG_003869,V2_ORIGINAL_SYNTHETIC_500,468_h17-partial-body-causing-illusion-08,IMG_003869,pf_v2_aigc_h17-partial-body-causing-illusion,HOLDOUT,EXCLUDE_FINAL_HOLDOUT,hard_negative,0,partial_body_unconfirmable,/home/yanbo/下载/batches/batch_person-fallen-v2-camera1p5m/prompts/468_h17-partial-body-causing-illusion-08.txt,d55a8091f94be54e02c726307cd12bef6602f49dc77c8ec3173ec301ff94254f,d55a8091f94be54e02c726307cd12bef6602f49dc77c8ec3173ec301ff94254f,/home/yanbo/下载/batches/batch_person-fallen-v2-camera1p5m/final/468_h17-partial-body-causing-illusion-08.png,f8a61f9b6e17433dba7d95c40c5393d2c951bb865647e3e16d08fbf896dbbf4e,f8a61f9b6e17433dba7d95c40c5393d2c951bb865647e3e16d08fbf896dbbf4e,FROZEN_V2_MANIFEST_EXPECTED_AND_ACTUAL,FINAL_HOLDOUT_RESERVED,FROZEN_V2_PROMPT_IMAGE_MAPPING_PASS,V3_PRIORITY_CANNOT_CONFIRM_REAL_PERSON,PASS_EXPLICIT_UNCERTAINTY_CUE,uncertain,PROMPT_DERIVED_SYNTHETIC_GT,FROZEN_GENERATION_PROMPT_AND_PLANNED_ROLE,false,uncertain,false,FINAL_HOLDOUT_RESERVED_AND_NOT_USED_BY_V3
V2_ORIGINAL::IMG_003870,V2_ORIGINAL_SYNTHETIC_500,469_h17-partial-body-causing-illusion-09,IMG_003870,pf_v2_aigc_h17-partial-body-causing-illusion,HOLDOUT,EXCLUDE_FINAL_HOLDOUT,hard_negative,0,partial_body_unconfirmable,/home/yanbo/下载/batches/batch_person-fallen-v2-camera1p5m/prompts/469_h17-partial-body-causing-illusion-09.txt,d0252f552fd7a27708334d8d060b3edebc97dd91c030da029f0660b4bca34909,d0252f552fd7a27708334d8d060b3edebc97dd91c030da029f0660b4bca34909,/home/yanbo/下载/batches/batch_person-fallen-v2-camera1p5m/final/469_h17-partial-body-causing-illusion-09.png,de8f82f254ef0864d85ae51786f9bf5a0b543862ef8b902b78c9e5e36986cf34,de8f82f254ef0864d85ae51786f9bf5a0b543862ef8b902b78c9e5e36986cf34,FROZEN_V2_MANIFEST_EXPECTED_AND_ACTUAL,FINAL_HOLDOUT_RESERVED,FROZEN_V2_PROMPT_IMAGE_MAPPING_PASS,V3_PRIORITY_CANNOT_CONFIRM_REAL_PERSON,PASS_EXPLICIT_UNCERTAINTY_CUE,uncertain,PROMPT_DERIVED_SYNTHETIC_GT,FROZEN_GENERATION_PROMPT_AND_PLANNED_ROLE,false,uncertain,false,FINAL_HOLDOUT_RESERVED_AND_NOT_USED_BY_V3
V2_ORIGINAL::IMG_004027,V2_ORIGINAL_SYNTHETIC_500,46_p05-side-lying-on-floor-06,IMG_004027,pf_v2_aigc_p05-side-lying-on-floor,DEV,V3_DEV,positive,1,side_lying,/home/yanbo/下载/batches/batch_person-fallen-v2-camera1p5m/prompts/46_p05-side-lying-on-floor-06.txt,bfcc7c74330f2651c55a983c6313026c807f520d7be154bc5e857be939ebf38c,bfcc7c74330f2651c55a983c6313026c807f520d7be154bc5e857be939ebf38c,/home/yanbo/下载/batches/batch_person-fallen-v2-camera1p5m/final/46_p05-side-lying-on-floor-06.png,1aa07102c66e87fd6004b84996a0fec67f8f3abc55bed2067e96cd000bf9a0aa,1aa07102c66e87fd6004b84996a0fec67f8f3abc55bed2067e96cd000bf9a0aa,FROZEN_V2_MANIFEST_EXPECTED_AND_ACTUAL,REUSABLE_V2_NON_HOLDOUT,FROZEN_V2_PROMPT_IMAGE_MAPPING_PASS,V3_SIDE_LYING_POSITIVE,PASS_EXPLICIT_POSTURE_CUE,positive,PROMPT_DERIVED_SYNTHETIC_GT,FROZEN_GENERATION_PROMPT_AND_PLANNED_ROLE,false,positive,true,
V2_ORIGINAL::IMG_003871,V2_ORIGINAL_SYNTHETIC_500,470_h17-partial-body-causing-illusion-10,IMG_003871,pf_v2_aigc_h17-partial-body-causing-illusion,HOLDOUT,EXCLUDE_FINAL_HOLDOUT,hard_negative,0,partial_body_unconfirmable,/home/yanbo/下载/batches/batch_person-fallen-v2-camera1p5m/prompts/470_h17-partial-body-causing-illusion-10.txt,6ac3277f915c73afa3e1c015f17394000c3394c77b6007b7e78f20a4b4dd891b,6ac3277f915c73afa3e1c015f17394000c3394c77b6007b7e78f20a4b4dd891b,/home/yanbo/下载/batches/batch_person-fallen-v2-camera1p5m/final/470_h17-partial-body-causing-illusion-10.png,e655290bba2753813a6bfb02b2df89e3d3250efb0f726146d8a3a366180813c5,e655290bba2753813a6bfb02b2df89e3d3250efb0f726146d8a3a366180813c5,FROZEN_V2_MANIFEST_EXPECTED_AND_ACTUAL,FINAL_HOLDOUT_RESERVED,FROZEN_V2_PROMPT_IMAGE_MAPPING_PASS,V3_PRIORITY_CANNOT_CONFIRM_REAL_PERSON,PASS_EXPLICIT_UNCERTAINTY_CUE,uncertain,PROMPT_DERIVED_SYNTHETIC_GT,FROZEN_GENERATION_PROMPT_AND_PLANNED_ROLE,false,uncertain,false,FINAL_HOLDOUT_RESERVED_AND_NOT_USED_BY_V3
V2_ORIGINAL::IMG_003872,V2_ORIGINAL_SYNTHETIC_500,471_h18-screen-mirror-photo-depiction-01,IMG_003872,pf_v2_aigc_h18-screen-mirror-photo-depiction,HOLDOUT,EXCLUDE_FINAL_HOLDOUT,hard_negative,0,clear_non_person_depiction,/home/yanbo/下载/batches/batch_person-fallen-v2-camera1p5m/prompts/471_h18-screen-mirror-photo-depiction-01.txt,3289b06ee9e6cdd0e0497e5597ccf957ba06e34811053319f2e9b42430542686,3289b06ee9e6cdd0e0497e5597ccf957ba06e34811053319f2e9b42430542686,/home/yanbo/下载/batches/batch_person-fallen-v2-camera1p5m/final/471_h18-screen-mirror-photo-depiction-01.png,1b34b119b76107799faafc472309340ea53e59577e39e3cbd70e66f51e3d7c6d,1b34b119b76107799faafc472309340ea53e59577e39e3cbd70e66f51e3d7c6d,FROZEN_V2_MANIFEST_EXPECTED_AND_ACTUAL,FINAL_HOLDOUT_RESERVED,FROZEN_V2_PROMPT_IMAGE_MAPPING_PASS,V3_CLEAR_NON_PERSON_IS_NEGATIVE,PASS_EXPLICIT_NON_PERSON_CUE,negative,PROMPT_DERIVED_SYNTHETIC_GT,FROZEN_GENERATION_PROMPT_AND_PLANNED_ROLE,false,hard_negative,false,FINAL_HOLDOUT_RESERVED_AND_NOT_USED_BY_V3
V2_ORIGINAL::IMG_003873,V2_ORIGINAL_SYNTHETIC_500,472_h18-screen-mirror-photo-depiction-02,IMG_003873,pf_v2_aigc_h18-screen-mirror-photo-depiction,HOLDOUT,EXCLUDE_FINAL_HOLDOUT,hard_negative,0,clear_non_person_depiction,/home/yanbo/下载/batches/batch_person-fallen-v2-camera1p5m/prompts/472_h18-screen-mirror-photo-depiction-02.txt,800dd3c61b7ea61ff48d0760c21d20a802632c084ee1dc57d280e74602f84263,800dd3c61b7ea61ff48d0760c21d20a802632c084ee1dc57d280e74602f84263,/home/yanbo/下载/batches/batch_person-fallen-v2-camera1p5m/final/472_h18-screen-mirror-photo-depiction-02.png,c9648cc0d4d9c45a782f9fd8f097ca2db6312846677e4315a7f7236d9b778368,c9648cc0d4d9c45a782f9fd8f097ca2db6312846677e4315a7f7236d9b778368,FROZEN_V2_MANIFEST_EXPECTED_AND_ACTUAL,FINAL_HOLDOUT_RESERVED,FROZEN_V2_PROMPT_IMAGE_MAPPING_PASS,V3_CLEAR_NON_PERSON_IS_NEGATIVE,PASS_EXPLICIT_NON_PERSON_CUE,negative,PROMPT_DERIVED_SYNTHETIC_GT,FROZEN_GENERATION_PROMPT_AND_PLANNED_ROLE,false,hard_negative,false,FINAL_HOLDOUT_RESERVED_AND_NOT_USED_BY_V3
V2_ORIGINAL::IMG_003874,V2_ORIGINAL_SYNTHETIC_500,473_h18-screen-mirror-photo-depiction-03,IMG_003874,pf_v2_aigc_h18-screen-mirror-photo-depiction,HOLDOUT,EXCLUDE_FINAL_HOLDOUT,hard_negative,0,clear_non_person_depiction,/home/yanbo/下载/batches/batch_person-fallen-v2-camera1p5m/prompts/473_h18-screen-mirror-photo-depiction-03.txt,c5eb846ea9df5eb8f3d3a512b89bd279d276647d82c642f80dc69f297f1aa0db,c5eb846ea9df5eb8f3d3a512b89bd279d276647d82c642f80dc69f297f1aa0db,/home/yanbo/下载/batches/batch_person-fallen-v2-camera1p5m/final/473_h18-screen-mirror-photo-depiction-03.png,88a31766d184f25d0cda9c1bbbb371dad9a4360849cdc10199839e4f72b6a1f9,88a31766d184f25d0cda9c1bbbb371dad9a4360849cdc10199839e4f72b6a1f9,FROZEN_V2_MANIFEST_EXPECTED_AND_ACTUAL,FINAL_HOLDOUT_RESERVED,FROZEN_V2_PROMPT_IMAGE_MAPPING_PASS,V3_CLEAR_NON_PERSON_IS_NEGATIVE,PASS_EXPLICIT_NON_PERSON_CUE,negative,PROMPT_DERIVED_SYNTHETIC_GT,FROZEN_GENERATION_PROMPT_AND_PLANNED_ROLE,false,hard_negative,false,FINAL_HOLDOUT_RESERVED_AND_NOT_USED_BY_V3
V2_ORIGINAL::IMG_003875,V2_ORIGINAL_SYNTHETIC_500,474_h18-screen-mirror-photo-depiction-04,IMG_003875,pf_v2_aigc_h18-screen-mirror-photo-depiction,HOLDOUT,EXCLUDE_FINAL_HOLDOUT,hard_negative,0,clear_non_person_depiction,/home/yanbo/下载/batches/batch_person-fallen-v2-camera1p5m/prompts/474_h18-screen-mirror-photo-depiction-04.txt,af2c2d1fc9907619a37cd305284e301a3840c173fc962b3ad42fbce2c39a61ed,af2c2d1fc9907619a37cd305284e301a3840c173fc962b3ad42fbce2c39a61ed,/home/yanbo/下载/batches/batch_person-fallen-v2-camera1p5m/final/474_h18-screen-mirror-photo-depiction-04.png,192de9d1b4b4f4de9ea9c182d6aab74cb7d9cf9a2db4d5d70c8ed54ee9c6aace,192de9d1b4b4f4de9ea9c182d6aab74cb7d9cf9a2db4d5d70c8ed54ee9c6aace,FROZEN_V2_MANIFEST_EXPECTED_AND_ACTUAL,FINAL_HOLDOUT_RESERVED,FROZEN_V2_PROMPT_IMAGE_MAPPING_PASS,V3_CLEAR_NON_PERSON_IS_NEGATIVE,PASS_EXPLICIT_NON_PERSON_CUE,negative,PROMPT_DERIVED_SYNTHETIC_GT,FROZEN_GENERATION_PROMPT_AND_PLANNED_ROLE,false,hard_negative,false,FINAL_HOLDOUT_RESERVED_AND_NOT_USED_BY_V3
V2_ORIGINAL::IMG_003876,V2_ORIGINAL_SYNTHETIC_500,475_h18-screen-mirror-photo-depiction-05,IMG_003876,pf_v2_aigc_h18-screen-mirror-photo-depiction,HOLDOUT,EXCLUDE_FINAL_HOLDOUT,hard_negative,0,clear_non_person_depiction,/home/yanbo/下载/batches/batch_person-fallen-v2-camera1p5m/prompts/475_h18-screen-mirror-photo-depiction-05.txt,f7e5a21cf7170c31b2971e5c3493f46c27e588844988a6b0115e9cbd995670b8,f7e5a21cf7170c31b2971e5c3493f46c27e588844988a6b0115e9cbd995670b8,/home/yanbo/下载/batches/batch_person-fallen-v2-camera1p5m/final/475_h18-screen-mirror-photo-depiction-05.png,8faf52bf06fe2622e0e210de6f6a220c3a83d4586a16df2ade51ae7d6ea6de63,8faf52bf06fe2622e0e210de6f6a220c3a83d4586a16df2ade51ae7d6ea6de63,FROZEN_V2_MANIFEST_EXPECTED_AND_ACTUAL,FINAL_HOLDOUT_RESERVED,FROZEN_V2_PROMPT_IMAGE_MAPPING_PASS,V3_CLEAR_NON_PERSON_IS_NEGATIVE,PASS_EXPLICIT_NON_PERSON_CUE,negative,PROMPT_DERIVED_SYNTHETIC_GT,FROZEN_GENERATION_PROMPT_AND_PLANNED_ROLE,false,hard_negative,false,FINAL_HOLDOUT_RESERVED_AND_NOT_USED_BY_V3
V2_ORIGINAL::IMG_003877,V2_ORIGINAL_SYNTHETIC_500,476_h18-screen-mirror-photo-depiction-06,IMG_003877,pf_v2_aigc_h18-screen-mirror-photo-depiction,HOLDOUT,EXCLUDE_FINAL_HOLDOUT,hard_negative,0,clear_non_person_depiction,/home/yanbo/下载/batches/batch_person-fallen-v2-camera1p5m/prompts/476_h18-screen-mirror-photo-depiction-06.txt,6714b9e93c08cfdb1aa48427af937ad9df5816daed8033fbaa4a8200f180b7fd,6714b9e93c08cfdb1aa48427af937ad9df5816daed8033fbaa4a8200f180b7fd,/home/yanbo/下载/batches/batch_person-fallen-v2-camera1p5m/final/476_h18-screen-mirror-photo-depiction-06.png,2fab70e4e59f34d23cc7aa30faf18bbb45225f4398a08ca5f9218a8e9cd9c6c4,2fab70e4e59f34d23cc7aa30faf18bbb45225f4398a08ca5f9218a8e9cd9c6c4,FROZEN_V2_MANIFEST_EXPECTED_AND_ACTUAL,FINAL_HOLDOUT_RESERVED,FROZEN_V2_PROMPT_IMAGE_MAPPING_PASS,V3_CLEAR_NON_PERSON_IS_NEGATIVE,PASS_EXPLICIT_NON_PERSON_CUE,negative,PROMPT_DERIVED_SYNTHETIC_GT,FROZEN_GENERATION_PROMPT_AND_PLANNED_ROLE,false,hard_negative,false,FINAL_HOLDOUT_RESERVED_AND_NOT_USED_BY_V3
V2_ORIGINAL::IMG_003878,V2_ORIGINAL_SYNTHETIC_500,477_h18-screen-mirror-photo-depiction-07,IMG_003878,pf_v2_aigc_h18-screen-mirror-photo-depiction,HOLDOUT,EXCLUDE_FINAL_HOLDOUT,hard_negative,0,clear_non_person_depiction,/home/yanbo/下载/batches/batch_person-fallen-v2-camera1p5m/prompts/477_h18-screen-mirror-photo-depiction-07.txt,9326549a22e059175ba0a963601f5067a7110d327cdbcae0821fc07230c5c152,9326549a22e059175ba0a963601f5067a7110d327cdbcae0821fc07230c5c152,/home/yanbo/下载/batches/batch_person-fallen-v2-camera1p5m/final/477_h18-screen-mirror-photo-depiction-07.png,a291f09636f99fe287612ebbead98417ef0780a43507e1363c57c1d87c5fb854,a291f09636f99fe287612ebbead98417ef0780a43507e1363c57c1d87c5fb854,FROZEN_V2_MANIFEST_EXPECTED_AND_ACTUAL,FINAL_HOLDOUT_RESERVED,FROZEN_V2_PROMPT_IMAGE_MAPPING_PASS,V3_CLEAR_NON_PERSON_IS_NEGATIVE,PASS_EXPLICIT_NON_PERSON_CUE,negative,PROMPT_DERIVED_SYNTHETIC_GT,FROZEN_GENERATION_PROMPT_AND_PLANNED_ROLE,false,hard_negative,false,FINAL_HOLDOUT_RESERVED_AND_NOT_USED_BY_V3
V2_ORIGINAL::IMG_003879,V2_ORIGINAL_SYNTHETIC_500,478_h18-screen-mirror-photo-depiction-08,IMG_003879,pf_v2_aigc_h18-screen-mirror-photo-depiction,HOLDOUT,EXCLUDE_FINAL_HOLDOUT,hard_negative,0,clear_non_person_depiction,/home/yanbo/下载/batches/batch_person-fallen-v2-camera1p5m/prompts/478_h18-screen-mirror-photo-depiction-08.txt,18b2ee9f851e41babc158eb87b7f772ee037244873959dff4c53bfed51fe2caa,18b2ee9f851e41babc158eb87b7f772ee037244873959dff4c53bfed51fe2caa,/home/yanbo/下载/batches/batch_person-fallen-v2-camera1p5m/final/478_h18-screen-mirror-photo-depiction-08.png,c81d1041b8a7c1b6904a8cbb8d57ac0eb7817fd6da07f0fa06296a840145f60c,c81d1041b8a7c1b6904a8cbb8d57ac0eb7817fd6da07f0fa06296a840145f60c,FROZEN_V2_MANIFEST_EXPECTED_AND_ACTUAL,FINAL_HOLDOUT_RESERVED,FROZEN_V2_PROMPT_IMAGE_MAPPING_PASS,V3_CLEAR_NON_PERSON_IS_NEGATIVE,PASS_EXPLICIT_NON_PERSON_CUE,negative,PROMPT_DERIVED_SYNTHETIC_GT,FROZEN_GENERATION_PROMPT_AND_PLANNED_ROLE,false,hard_negative,false,FINAL_HOLDOUT_RESERVED_AND_NOT_USED_BY_V3
V2_ORIGINAL::IMG_003880,V2_ORIGINAL_SYNTHETIC_500,479_h18-screen-mirror-photo-depiction-09,IMG_003880,pf_v2_aigc_h18-screen-mirror-photo-depiction,HOLDOUT,EXCLUDE_FINAL_HOLDOUT,hard_negative,0,clear_non_person_depiction,/home/yanbo/下载/batches/batch_person-fallen-v2-camera1p5m/prompts/479_h18-screen-mirror-photo-depiction-09.txt,0bcbe0d1a1963c069c66f38d4af769c426543383b5b9eeacee35250f215a129f,0bcbe0d1a1963c069c66f38d4af769c426543383b5b9eeacee35250f215a129f,/home/yanbo/下载/batches/batch_person-fallen-v2-camera1p5m/final/479_h18-screen-mirror-photo-depiction-09.png,96f24147e536c8ca97cdfa97fadd81486e65ccbc74c474dcc6db58ef6573a470,96f24147e536c8ca97cdfa97fadd81486e65ccbc74c474dcc6db58ef6573a470,FROZEN_V2_MANIFEST_EXPECTED_AND_ACTUAL,FINAL_HOLDOUT_RESERVED,FROZEN_V2_PROMPT_IMAGE_MAPPING_PASS,V3_CLEAR_NON_PERSON_IS_NEGATIVE,PASS_EXPLICIT_NON_PERSON_CUE,negative,PROMPT_DERIVED_SYNTHETIC_GT,FROZEN_GENERATION_PROMPT_AND_PLANNED_ROLE,false,hard_negative,false,FINAL_HOLDOUT_RESERVED_AND_NOT_USED_BY_V3
V2_ORIGINAL::IMG_004028,V2_ORIGINAL_SYNTHETIC_500,47_p05-side-lying-on-floor-07,IMG_004028,pf_v2_aigc_p05-side-lying-on-floor,DEV,V3_DEV,positive,1,side_lying,/home/yanbo/下载/batches/batch_person-fallen-v2-camera1p5m/prompts/47_p05-side-lying-on-floor-07.txt,a14b077718bc9ffaa33559ba4f5be2b620b790528807f00079e337d3fc729703,a14b077718bc9ffaa33559ba4f5be2b620b790528807f00079e337d3fc729703,/home/yanbo/下载/batches/batch_person-fallen-v2-camera1p5m/final/47_p05-side-lying-on-floor-07.png,bbcc10a0ae8771d24f9d903beb69eef522f8742deb28eb3bb147f8cd94d27edd,bbcc10a0ae8771d24f9d903beb69eef522f8742deb28eb3bb147f8cd94d27edd,FROZEN_V2_MANIFEST_EXPECTED_AND_ACTUAL,REUSABLE_V2_NON_HOLDOUT,FROZEN_V2_PROMPT_IMAGE_MAPPING_PASS,V3_SIDE_LYING_POSITIVE,PASS_EXPLICIT_POSTURE_CUE,positive,PROMPT_DERIVED_SYNTHETIC_GT,FROZEN_GENERATION_PROMPT_AND_PLANNED_ROLE,false,positive,true,
V2_ORIGINAL::IMG_003881,V2_ORIGINAL_SYNTHETIC_500,480_h18-screen-mirror-photo-depiction-10,IMG_003881,pf_v2_aigc_h18-screen-mirror-photo-depiction,HOLDOUT,EXCLUDE_FINAL_HOLDOUT,hard_negative,0,clear_non_person_depiction,/home/yanbo/下载/batches/batch_person-fallen-v2-camera1p5m/prompts/480_h18-screen-mirror-photo-depiction-10.txt,97fb014f219c78c26230a1b150a4db2f17c54e354205b3f78b301ba18704f929,97fb014f219c78c26230a1b150a4db2f17c54e354205b3f78b301ba18704f929,/home/yanbo/下载/batches/batch_person-fallen-v2-camera1p5m/final/480_h18-screen-mirror-photo-depiction-10.png,4750a311f4544344885c7c19d63b8c7cd19b07cf71f811cc6a5943a36bb3180d,4750a311f4544344885c7c19d63b8c7cd19b07cf71f811cc6a5943a36bb3180d,FROZEN_V2_MANIFEST_EXPECTED_AND_ACTUAL,FINAL_HOLDOUT_RESERVED,FROZEN_V2_PROMPT_IMAGE_MAPPING_PASS,V3_CLEAR_NON_PERSON_IS_NEGATIVE,PASS_EXPLICIT_NON_PERSON_CUE,negative,PROMPT_DERIVED_SYNTHETIC_GT,FROZEN_GENERATION_PROMPT_AND_PLANNED_ROLE,false,hard_negative,false,FINAL_HOLDOUT_RESERVED_AND_NOT_USED_BY_V3
V2_ORIGINAL::IMG_004182,V2_ORIGINAL_SYNTHETIC_500,481_u01-severely-occluded-tiny-blurry-01,IMG_004182,pf_v2_aigc_u01-severely-occluded-tiny-blurry,DEV,V3_DEV,uncertain,uncertain,person_unconfirmable,/home/yanbo/下载/batches/batch_person-fallen-v2-camera1p5m/prompts/481_u01-severely-occluded-tiny-blurry-01.txt,008794a3b048781c2327456f367e2f54786fa94087b2a71dcd66dcacca86e0c0,008794a3b048781c2327456f367e2f54786fa94087b2a71dcd66dcacca86e0c0,/home/yanbo/下载/batches/batch_person-fallen-v2-camera1p5m/final/481_u01-severely-occluded-tiny-blurry-01.png,c28f0f3bc296c8b52d6e90ae7618e7aad279755f516654e31039960069cb8f37,c28f0f3bc296c8b52d6e90ae7618e7aad279755f516654e31039960069cb8f37,FROZEN_V2_MANIFEST_EXPECTED_AND_ACTUAL,REUSABLE_V2_NON_HOLDOUT,FROZEN_V2_PROMPT_IMAGE_MAPPING_PASS,V3_PRIORITY_CANNOT_CONFIRM_REAL_PERSON,PASS_EXPLICIT_UNCERTAINTY_CUE,uncertain,PROMPT_DERIVED_SYNTHETIC_GT,FROZEN_GENERATION_PROMPT_AND_PLANNED_ROLE,false,uncertain,true,
V2_ORIGINAL::IMG_004183,V2_ORIGINAL_SYNTHETIC_500,482_u01-severely-occluded-tiny-blurry-02,IMG_004183,pf_v2_aigc_u01-severely-occluded-tiny-blurry,DEV,V3_DEV,uncertain,uncertain,person_unconfirmable,/home/yanbo/下载/batches/batch_person-fallen-v2-camera1p5m/prompts/482_u01-severely-occluded-tiny-blurry-02.txt,c7985b27cde2b183ddf59e05d3ba193505d042dc7e1957b5212f89baba4fd9a5,c7985b27cde2b183ddf59e05d3ba193505d042dc7e1957b5212f89baba4fd9a5,/home/yanbo/下载/batches/batch_person-fallen-v2-camera1p5m/final/482_u01-severely-occluded-tiny-blurry-02.png,dd1742034ee494f2f0de52522923f97876704ec2d7f40ccb3e4a8a4cbc091245,dd1742034ee494f2f0de52522923f97876704ec2d7f40ccb3e4a8a4cbc091245,FROZEN_V2_MANIFEST_EXPECTED_AND_ACTUAL,REUSABLE_V2_NON_HOLDOUT,FROZEN_V2_PROMPT_IMAGE_MAPPING_PASS,V3_PRIORITY_CANNOT_CONFIRM_REAL_PERSON,PASS_EXPLICIT_UNCERTAINTY_CUE,uncertain,PROMPT_DERIVED_SYNTHETIC_GT,FROZEN_GENERATION_PROMPT_AND_PLANNED_ROLE,false,uncertain,true,
V2_ORIGINAL::IMG_004184,V2_ORIGINAL_SYNTHETIC_500,483_u01-severely-occluded-tiny-blurry-03,IMG_004184,pf_v2_aigc_u01-severely-occluded-tiny-blurry,DEV,V3_DEV,uncertain,uncertain,person_unconfirmable,/home/yanbo/下载/batches/batch_person-fallen-v2-camera1p5m/prompts/483_u01-severely-occluded-tiny-blurry-03.txt,e17a539f1a81297a219bd58c46c1ba444b7f3f71b820f2cc4136a489441c2463,e17a539f1a81297a219bd58c46c1ba444b7f3f71b820f2cc4136a489441c2463,/home/yanbo/下载/batches/batch_person-fallen-v2-camera1p5m/final/483_u01-severely-occluded-tiny-blurry-03.png,88985a656737878cc709410da4eb0fab05efb88c4de009116bf70628bb332709,88985a656737878cc709410da4eb0fab05efb88c4de009116bf70628bb332709,FROZEN_V2_MANIFEST_EXPECTED_AND_ACTUAL,REUSABLE_V2_NON_HOLDOUT,FROZEN_V2_PROMPT_IMAGE_MAPPING_PASS,V3_PRIORITY_CANNOT_CONFIRM_REAL_PERSON,PASS_EXPLICIT_UNCERTAINTY_CUE,uncertain,PROMPT_DERIVED_SYNTHETIC_GT,FROZEN_GENERATION_PROMPT_AND_PLANNED_ROLE,false,uncertain,true,
V2_ORIGINAL::IMG_004185,V2_ORIGINAL_SYNTHETIC_500,484_u01-severely-occluded-tiny-blurry-04,IMG_004185,pf_v2_aigc_u01-severely-occluded-tiny-blurry,DEV,V3_DEV,uncertain,uncertain,person_unconfirmable,/home/yanbo/下载/batches/batch_person-fallen-v2-camera1p5m/prompts/484_u01-severely-occluded-tiny-blurry-04.txt,fd517b893c2fb4da4d0a811921b01712b3ceca8f3a7c1e9eee966eea477277da,fd517b893c2fb4da4d0a811921b01712b3ceca8f3a7c1e9eee966eea477277da,/home/yanbo/下载/batches/batch_person-fallen-v2-camera1p5m/final/484_u01-severely-occluded-tiny-blurry-04.png,25f2c8f537284dd7f41222b3d6be8d20bd0f509d1f7f239e3e39c40739877855,25f2c8f537284dd7f41222b3d6be8d20bd0f509d1f7f239e3e39c40739877855,FROZEN_V2_MANIFEST_EXPECTED_AND_ACTUAL,REUSABLE_V2_NON_HOLDOUT,FROZEN_V2_PROMPT_IMAGE_MAPPING_PASS,V3_PRIORITY_CANNOT_CONFIRM_REAL_PERSON,PASS_EXPLICIT_UNCERTAINTY_CUE,uncertain,PROMPT_DERIVED_SYNTHETIC_GT,FROZEN_GENERATION_PROMPT_AND_PLANNED_ROLE,false,uncertain,true,
V2_ORIGINAL::IMG_004186,V2_ORIGINAL_SYNTHETIC_500,485_u01-severely-occluded-tiny-blurry-05,IMG_004186,pf_v2_aigc_u01-severely-occluded-tiny-blurry,DEV,V3_DEV,uncertain,uncertain,person_unconfirmable,/home/yanbo/下载/batches/batch_person-fallen-v2-camera1p5m/prompts/485_u01-severely-occluded-tiny-blurry-05.txt,0236ef50076a78e4e478180935561925f0b5a0d4274bb7d2f17c5f066f055194,0236ef50076a78e4e478180935561925f0b5a0d4274bb7d2f17c5f066f055194,/home/yanbo/下载/batches/batch_person-fallen-v2-camera1p5m/final/485_u01-severely-occluded-tiny-blurry-05.png,74577dd73f281871070dc3178943ef64b31aaf86fd5b93932cbfd36e8eef36f7,74577dd73f281871070dc3178943ef64b31aaf86fd5b93932cbfd36e8eef36f7,FROZEN_V2_MANIFEST_EXPECTED_AND_ACTUAL,REUSABLE_V2_NON_HOLDOUT,FROZEN_V2_PROMPT_IMAGE_MAPPING_PASS,V3_PRIORITY_CANNOT_CONFIRM_REAL_PERSON,PASS_EXPLICIT_UNCERTAINTY_CUE,uncertain,PROMPT_DERIVED_SYNTHETIC_GT,FROZEN_GENERATION_PROMPT_AND_PLANNED_ROLE,false,uncertain,true,
V2_ORIGINAL::IMG_004187,V2_ORIGINAL_SYNTHETIC_500,486_u01-severely-occluded-tiny-blurry-06,IMG_004187,pf_v2_aigc_u01-severely-occluded-tiny-blurry,DEV,V3_DEV,uncertain,uncertain,person_unconfirmable,/home/yanbo/下载/batches/batch_person-fallen-v2-camera1p5m/prompts/486_u01-severely-occluded-tiny-blurry-06.txt,85f855e213f31c7e9dc5181b5a2bdfa1a0df0eb5a6bac422f43f38e0c8d7c72d,85f855e213f31c7e9dc5181b5a2bdfa1a0df0eb5a6bac422f43f38e0c8d7c72d,/home/yanbo/下载/batches/batch_person-fallen-v2-camera1p5m/final/486_u01-severely-occluded-tiny-blurry-06.png,7e4a0770ae2ecf8cc1c8d2a4330c9623a0e1b96bf4354c3164e94cc7b16e09ea,7e4a0770ae2ecf8cc1c8d2a4330c9623a0e1b96bf4354c3164e94cc7b16e09ea,FROZEN_V2_MANIFEST_EXPECTED_AND_ACTUAL,REUSABLE_V2_NON_HOLDOUT,FROZEN_V2_PROMPT_IMAGE_MAPPING_PASS,V3_PRIORITY_CANNOT_CONFIRM_REAL_PERSON,PASS_EXPLICIT_UNCERTAINTY_CUE,uncertain,PROMPT_DERIVED_SYNTHETIC_GT,FROZEN_GENERATION_PROMPT_AND_PLANNED_ROLE,false,uncertain,true,
V2_ORIGINAL::IMG_004188,V2_ORIGINAL_SYNTHETIC_500,487_u01-severely-occluded-tiny-blurry-07,IMG_004188,pf_v2_aigc_u01-severely-occluded-tiny-blurry,DEV,V3_DEV,uncertain,uncertain,person_unconfirmable,/home/yanbo/下载/batches/batch_person-fallen-v2-camera1p5m/prompts/487_u01-severely-occluded-tiny-blurry-07.txt,94900ea322c5b9400a59d5d5df96cc6a0e2b46b1100c586fa703ed44c32fb8c4,94900ea322c5b9400a59d5d5df96cc6a0e2b46b1100c586fa703ed44c32fb8c4,/home/yanbo/下载/batches/batch_person-fallen-v2-camera1p5m/final/487_u01-severely-occluded-tiny-blurry-07.png,b6a20d373c06d1756ded8b4bfcc563353b59d28c395efd4d5ba505cae103d1fd,b6a20d373c06d1756ded8b4bfcc563353b59d28c395efd4d5ba505cae103d1fd,FROZEN_V2_MANIFEST_EXPECTED_AND_ACTUAL,REUSABLE_V2_NON_HOLDOUT,FROZEN_V2_PROMPT_IMAGE_MAPPING_PASS,V3_PRIORITY_CANNOT_CONFIRM_REAL_PERSON,PASS_EXPLICIT_UNCERTAINTY_CUE,uncertain,PROMPT_DERIVED_SYNTHETIC_GT,FROZEN_GENERATION_PROMPT_AND_PLANNED_ROLE,false,uncertain,true,
V2_ORIGINAL::IMG_004189,V2_ORIGINAL_SYNTHETIC_500,488_u01-severely-occluded-tiny-blurry-08,IMG_004189,pf_v2_aigc_u01-severely-occluded-tiny-blurry,DEV,V3_DEV,uncertain,uncertain,person_unconfirmable,/home/yanbo/下载/batches/batch_person-fallen-v2-camera1p5m/prompts/488_u01-severely-occluded-tiny-blurry-08.txt,0ee68e0028b64ea6eb6c264dde9446ffdd60e65af99ef19b3e43c088c451b7b0,0ee68e0028b64ea6eb6c264dde9446ffdd60e65af99ef19b3e43c088c451b7b0,/home/yanbo/下载/batches/batch_person-fallen-v2-camera1p5m/final/488_u01-severely-occluded-tiny-blurry-08.png,01b250a89c0615b5a4bd6d294b490fd1e9d354b95c753a2cebb954b293094df1,01b250a89c0615b5a4bd6d294b490fd1e9d354b95c753a2cebb954b293094df1,FROZEN_V2_MANIFEST_EXPECTED_AND_ACTUAL,REUSABLE_V2_NON_HOLDOUT,FROZEN_V2_PROMPT_IMAGE_MAPPING_PASS,V3_PRIORITY_CANNOT_CONFIRM_REAL_PERSON,PASS_EXPLICIT_UNCERTAINTY_CUE,uncertain,PROMPT_DERIVED_SYNTHETIC_GT,FROZEN_GENERATION_PROMPT_AND_PLANNED_ROLE,false,uncertain,true,
V2_ORIGINAL::IMG_004190,V2_ORIGINAL_SYNTHETIC_500,489_u01-severely-occluded-tiny-blurry-09,IMG_004190,pf_v2_aigc_u01-severely-occluded-tiny-blurry,DEV,V3_DEV,uncertain,uncertain,person_unconfirmable,/home/yanbo/下载/batches/batch_person-fallen-v2-camera1p5m/prompts/489_u01-severely-occluded-tiny-blurry-09.txt,644212ea8f3a8ca3a9be7dacd9ef6f2fcb7f73909243013420a6f3d4a4b8fd72,644212ea8f3a8ca3a9be7dacd9ef6f2fcb7f73909243013420a6f3d4a4b8fd72,/home/yanbo/下载/batches/batch_person-fallen-v2-camera1p5m/final/489_u01-severely-occluded-tiny-blurry-09.png,392db083355cfc01773a3223d05f41e93f5a3dd838167b5b6a54a7ef8af149b4,392db083355cfc01773a3223d05f41e93f5a3dd838167b5b6a54a7ef8af149b4,FROZEN_V2_MANIFEST_EXPECTED_AND_ACTUAL,REUSABLE_V2_NON_HOLDOUT,FROZEN_V2_PROMPT_IMAGE_MAPPING_PASS,V3_PRIORITY_CANNOT_CONFIRM_REAL_PERSON,PASS_EXPLICIT_UNCERTAINTY_CUE,uncertain,PROMPT_DERIVED_SYNTHETIC_GT,FROZEN_GENERATION_PROMPT_AND_PLANNED_ROLE,false,uncertain,true,
V2_ORIGINAL::IMG_004029,V2_ORIGINAL_SYNTHETIC_500,48_p05-side-lying-on-floor-08,IMG_004029,pf_v2_aigc_p05-side-lying-on-floor,DEV,V3_DEV,positive,1,side_lying,/home/yanbo/下载/batches/batch_person-fallen-v2-camera1p5m/prompts/48_p05-side-lying-on-floor-08.txt,0d830ae131c152cb06070a06cb854be95ddaaa6f928a0fe4f47f2da34abef416,0d830ae131c152cb06070a06cb854be95ddaaa6f928a0fe4f47f2da34abef416,/home/yanbo/下载/batches/batch_person-fallen-v2-camera1p5m/final/48_p05-side-lying-on-floor-08.png,456144ecfb646cade4916bacfb4fa3d5a43cd9dd578dbb9f021842a9b201dfb7,456144ecfb646cade4916bacfb4fa3d5a43cd9dd578dbb9f021842a9b201dfb7,FROZEN_V2_MANIFEST_EXPECTED_AND_ACTUAL,REUSABLE_V2_NON_HOLDOUT,FROZEN_V2_PROMPT_IMAGE_MAPPING_PASS,V3_SIDE_LYING_POSITIVE,PASS_EXPLICIT_POSTURE_CUE,positive,PROMPT_DERIVED_SYNTHETIC_GT,FROZEN_GENERATION_PROMPT_AND_PLANNED_ROLE,false,positive,true,
V2_ORIGINAL::IMG_004191,V2_ORIGINAL_SYNTHETIC_500,490_u01-severely-occluded-tiny-blurry-10,IMG_004191,pf_v2_aigc_u01-severely-occluded-tiny-blurry,DEV,V3_DEV,uncertain,uncertain,person_unconfirmable,/home/yanbo/下载/batches/batch_person-fallen-v2-camera1p5m/prompts/490_u01-severely-occluded-tiny-blurry-10.txt,a5444e32c38e4768532a789d0257f8ddb550836bc81203ec65b0e51b64b01436,a5444e32c38e4768532a789d0257f8ddb550836bc81203ec65b0e51b64b01436,/home/yanbo/下载/batches/batch_person-fallen-v2-camera1p5m/final/490_u01-severely-occluded-tiny-blurry-10.png,7c41ad0e30fb97508822f9d3439b3222742d7212c8eaa396dfe50209c240a583,7c41ad0e30fb97508822f9d3439b3222742d7212c8eaa396dfe50209c240a583,FROZEN_V2_MANIFEST_EXPECTED_AND_ACTUAL,REUSABLE_V2_NON_HOLDOUT,FROZEN_V2_PROMPT_IMAGE_MAPPING_PASS,V3_PRIORITY_CANNOT_CONFIRM_REAL_PERSON,PASS_EXPLICIT_UNCERTAINTY_CUE,uncertain,PROMPT_DERIVED_SYNTHETIC_GT,FROZEN_GENERATION_PROMPT_AND_PLANNED_ROLE,false,uncertain,true,
V2_ORIGINAL::IMG_004192,V2_ORIGINAL_SYNTHETIC_500,491_u02-unclear-support-surface-partial-body-01,IMG_004192,pf_v2_aigc_u02-unclear-support-surface-partial-body,DEV,V3_DEV,uncertain,uncertain,person_unconfirmable,/home/yanbo/下载/batches/batch_person-fallen-v2-camera1p5m/prompts/491_u02-unclear-support-surface-partial-body-01.txt,95e40bf9bc36aeef5e8f5f7743f2bfc693bd4af6a5f440f9cd26999aeb0ae4b5,95e40bf9bc36aeef5e8f5f7743f2bfc693bd4af6a5f440f9cd26999aeb0ae4b5,/home/yanbo/下载/batches/batch_person-fallen-v2-camera1p5m/final/491_u02-unclear-support-surface-partial-body-01.png,6c3308d03bfb85ef13872b4a2e7f112a79234e20a9d59946f69409fd506295cf,6c3308d03bfb85ef13872b4a2e7f112a79234e20a9d59946f69409fd506295cf,FROZEN_V2_MANIFEST_EXPECTED_AND_ACTUAL,REUSABLE_V2_NON_HOLDOUT,FROZEN_V2_PROMPT_IMAGE_MAPPING_PASS,V3_PRIORITY_CANNOT_CONFIRM_REAL_PERSON,PASS_EXPLICIT_UNCERTAINTY_CUE,uncertain,PROMPT_DERIVED_SYNTHETIC_GT,FROZEN_GENERATION_PROMPT_AND_PLANNED_ROLE,false,uncertain,true,
V2_ORIGINAL::IMG_004193,V2_ORIGINAL_SYNTHETIC_500,492_u02-unclear-support-surface-partial-body-02,IMG_004193,pf_v2_aigc_u02-unclear-support-surface-partial-body,DEV,V3_DEV,uncertain,uncertain,person_unconfirmable,/home/yanbo/下载/batches/batch_person-fallen-v2-camera1p5m/prompts/492_u02-unclear-support-surface-partial-body-02.txt,44703760e2728b9bc4deaf2ab941e16d354c97386663bc21aaea75a7965c2fa6,44703760e2728b9bc4deaf2ab941e16d354c97386663bc21aaea75a7965c2fa6,/home/yanbo/下载/batches/batch_person-fallen-v2-camera1p5m/final/492_u02-unclear-support-surface-partial-body-02.png,ad5ccfebaccf856f079af18e0be494bdcbf9eeca99fd7deb224d08cedb4ca03b,ad5ccfebaccf856f079af18e0be494bdcbf9eeca99fd7deb224d08cedb4ca03b,FROZEN_V2_MANIFEST_EXPECTED_AND_ACTUAL,REUSABLE_V2_NON_HOLDOUT,FROZEN_V2_PROMPT_IMAGE_MAPPING_PASS,V3_PRIORITY_CANNOT_CONFIRM_REAL_PERSON,PASS_EXPLICIT_UNCERTAINTY_CUE,uncertain,PROMPT_DERIVED_SYNTHETIC_GT,FROZEN_GENERATION_PROMPT_AND_PLANNED_ROLE,false,uncertain,true,
V2_ORIGINAL::IMG_004194,V2_ORIGINAL_SYNTHETIC_500,493_u02-unclear-support-surface-partial-body-03,IMG_004194,pf_v2_aigc_u02-unclear-support-surface-partial-body,DEV,V3_DEV,uncertain,uncertain,person_unconfirmable,/home/yanbo/下载/batches/batch_person-fallen-v2-camera1p5m/prompts/493_u02-unclear-support-surface-partial-body-03.txt,7b575740158c2401116f2bd5a3bac1f31065d49f6489aa7bc93a14fc3eef394b,7b575740158c2401116f2bd5a3bac1f31065d49f6489aa7bc93a14fc3eef394b,/home/yanbo/下载/batches/batch_person-fallen-v2-camera1p5m/final/493_u02-unclear-support-surface-partial-body-03.png,2be33ac4a9f2bbdabf6fe5f2346839997a0d26aac19d1445af42bf4d6ba16448,2be33ac4a9f2bbdabf6fe5f2346839997a0d26aac19d1445af42bf4d6ba16448,FROZEN_V2_MANIFEST_EXPECTED_AND_ACTUAL,REUSABLE_V2_NON_HOLDOUT,FROZEN_V2_PROMPT_IMAGE_MAPPING_PASS,V3_PRIORITY_CANNOT_CONFIRM_REAL_PERSON,PASS_EXPLICIT_UNCERTAINTY_CUE,uncertain,PROMPT_DERIVED_SYNTHETIC_GT,FROZEN_GENERATION_PROMPT_AND_PLANNED_ROLE,false,uncertain,true,
V2_ORIGINAL::IMG_004195,V2_ORIGINAL_SYNTHETIC_500,494_u02-unclear-support-surface-partial-body-04,IMG_004195,pf_v2_aigc_u02-unclear-support-surface-partial-body,DEV,V3_DEV,uncertain,uncertain,person_unconfirmable,/home/yanbo/下载/batches/batch_person-fallen-v2-camera1p5m/prompts/494_u02-unclear-support-surface-partial-body-04.txt,eb4c4c6316e0bb769fc0cf66f1fd5fc6d5e64d6c2506cf434a16ac3772b47078,eb4c4c6316e0bb769fc0cf66f1fd5fc6d5e64d6c2506cf434a16ac3772b47078,/home/yanbo/下载/batches/batch_person-fallen-v2-camera1p5m/final/494_u02-unclear-support-surface-partial-body-04.png,7751027a80e172832764bd0b04fd0e8a453f101fb85b0fefdf0a8d7335f4a4dc,7751027a80e172832764bd0b04fd0e8a453f101fb85b0fefdf0a8d7335f4a4dc,FROZEN_V2_MANIFEST_EXPECTED_AND_ACTUAL,REUSABLE_V2_NON_HOLDOUT,FROZEN_V2_PROMPT_IMAGE_MAPPING_PASS,V3_PRIORITY_CANNOT_CONFIRM_REAL_PERSON,PASS_EXPLICIT_UNCERTAINTY_CUE,uncertain,PROMPT_DERIVED_SYNTHETIC_GT,FROZEN_GENERATION_PROMPT_AND_PLANNED_ROLE,false,uncertain,true,
V2_ORIGINAL::IMG_004196,V2_ORIGINAL_SYNTHETIC_500,495_u02-unclear-support-surface-partial-body-05,IMG_004196,pf_v2_aigc_u02-unclear-support-surface-partial-body,DEV,V3_DEV,uncertain,uncertain,person_unconfirmable,/home/yanbo/下载/batches/batch_person-fallen-v2-camera1p5m/prompts/495_u02-unclear-support-surface-partial-body-05.txt,080c7eb33ef6c94b72b505dce28c7bb10e48412e581c637d5e3002440706ce85,080c7eb33ef6c94b72b505dce28c7bb10e48412e581c637d5e3002440706ce85,/home/yanbo/下载/batches/batch_person-fallen-v2-camera1p5m/final/495_u02-unclear-support-surface-partial-body-05.png,dfab34c5d36c51359e3f79cfa0d9e8c2d76f6d91044c49af74b67388bbd09c84,dfab34c5d36c51359e3f79cfa0d9e8c2d76f6d91044c49af74b67388bbd09c84,FROZEN_V2_MANIFEST_EXPECTED_AND_ACTUAL,REUSABLE_V2_NON_HOLDOUT,FROZEN_V2_PROMPT_IMAGE_MAPPING_PASS,V3_PRIORITY_CANNOT_CONFIRM_REAL_PERSON,PASS_EXPLICIT_UNCERTAINTY_CUE,uncertain,PROMPT_DERIVED_SYNTHETIC_GT,FROZEN_GENERATION_PROMPT_AND_PLANNED_ROLE,false,uncertain,true,
V2_ORIGINAL::IMG_004197,V2_ORIGINAL_SYNTHETIC_500,496_u02-unclear-support-surface-partial-body-06,IMG_004197,pf_v2_aigc_u02-unclear-support-surface-partial-body,DEV,V3_DEV,uncertain,uncertain,person_unconfirmable,/home/yanbo/下载/batches/batch_person-fallen-v2-camera1p5m/prompts/496_u02-unclear-support-surface-partial-body-06.txt,a50c9ee2c382b05723ded20b905a0214d4ce1d2b8658b64f269a736ad467dc06,a50c9ee2c382b05723ded20b905a0214d4ce1d2b8658b64f269a736ad467dc06,/home/yanbo/下载/batches/batch_person-fallen-v2-camera1p5m/final/496_u02-unclear-support-surface-partial-body-06.png,1bd363ac273eef3c3db4f9289e57c2526f110d0cdcb28c1447fd78025e427bf8,1bd363ac273eef3c3db4f9289e57c2526f110d0cdcb28c1447fd78025e427bf8,FROZEN_V2_MANIFEST_EXPECTED_AND_ACTUAL,REUSABLE_V2_NON_HOLDOUT,FROZEN_V2_PROMPT_IMAGE_MAPPING_PASS,V3_PRIORITY_CANNOT_CONFIRM_REAL_PERSON,PASS_EXPLICIT_UNCERTAINTY_CUE,uncertain,PROMPT_DERIVED_SYNTHETIC_GT,FROZEN_GENERATION_PROMPT_AND_PLANNED_ROLE,false,uncertain,true,
V2_ORIGINAL::IMG_004198,V2_ORIGINAL_SYNTHETIC_500,497_u02-unclear-support-surface-partial-body-07,IMG_004198,pf_v2_aigc_u02-unclear-support-surface-partial-body,DEV,V3_DEV,uncertain,uncertain,person_unconfirmable,/home/yanbo/下载/batches/batch_person-fallen-v2-camera1p5m/prompts/497_u02-unclear-support-surface-partial-body-07.txt,7c4a71c0ec5126cff1630bdd9cdc0c7652bf3055c5dbe123c36420347d3b2788,7c4a71c0ec5126cff1630bdd9cdc0c7652bf3055c5dbe123c36420347d3b2788,/home/yanbo/下载/batches/batch_person-fallen-v2-camera1p5m/final/497_u02-unclear-support-surface-partial-body-07.png,90a111dc0af4c91f31a1da651a1334fde32399b9c9752d6fe2f056c105406782,90a111dc0af4c91f31a1da651a1334fde32399b9c9752d6fe2f056c105406782,FROZEN_V2_MANIFEST_EXPECTED_AND_ACTUAL,REUSABLE_V2_NON_HOLDOUT,FROZEN_V2_PROMPT_IMAGE_MAPPING_PASS,V3_PRIORITY_CANNOT_CONFIRM_REAL_PERSON,PASS_EXPLICIT_UNCERTAINTY_CUE,uncertain,PROMPT_DERIVED_SYNTHETIC_GT,FROZEN_GENERATION_PROMPT_AND_PLANNED_ROLE,false,uncertain,true,
V2_ORIGINAL::IMG_004199,V2_ORIGINAL_SYNTHETIC_500,498_u02-unclear-support-surface-partial-body-08,IMG_004199,pf_v2_aigc_u02-unclear-support-surface-partial-body,DEV,V3_DEV,uncertain,uncertain,person_unconfirmable,/home/yanbo/下载/batches/batch_person-fallen-v2-camera1p5m/prompts/498_u02-unclear-support-surface-partial-body-08.txt,3d3f0cbfe3cf7bb88d565102400851c747a9cfa06423ed1e104295e3d1317551,3d3f0cbfe3cf7bb88d565102400851c747a9cfa06423ed1e104295e3d1317551,/home/yanbo/下载/batches/batch_person-fallen-v2-camera1p5m/final/498_u02-unclear-support-surface-partial-body-08.png,4ec2bd96bf61c94c874b8f0039c30fd90a0b66ed0c223eedc09294be71c1cce6,4ec2bd96bf61c94c874b8f0039c30fd90a0b66ed0c223eedc09294be71c1cce6,FROZEN_V2_MANIFEST_EXPECTED_AND_ACTUAL,REUSABLE_V2_NON_HOLDOUT,FROZEN_V2_PROMPT_IMAGE_MAPPING_PASS,V3_PRIORITY_CANNOT_CONFIRM_REAL_PERSON,PASS_EXPLICIT_UNCERTAINTY_CUE,uncertain,PROMPT_DERIVED_SYNTHETIC_GT,FROZEN_GENERATION_PROMPT_AND_PLANNED_ROLE,false,uncertain,true,
V2_ORIGINAL::IMG_004200,V2_ORIGINAL_SYNTHETIC_500,499_u02-unclear-support-surface-partial-body-09,IMG_004200,pf_v2_aigc_u02-unclear-support-surface-partial-body,DEV,V3_DEV,uncertain,uncertain,person_unconfirmable,/home/yanbo/下载/batches/batch_person-fallen-v2-camera1p5m/prompts/499_u02-unclear-support-surface-partial-body-09.txt,8568cd53ab3a4d44d11e8f9177e644cd8aa8d43d04d086f6f271492f2f0aadfd,8568cd53ab3a4d44d11e8f9177e644cd8aa8d43d04d086f6f271492f2f0aadfd,/home/yanbo/下载/batches/batch_person-fallen-v2-camera1p5m/final/499_u02-unclear-support-surface-partial-body-09.png,de6e0304d704194197e83db7b5f6b1c3cb1eedbe7ef008c3e5f5ec9e718bd090,de6e0304d704194197e83db7b5f6b1c3cb1eedbe7ef008c3e5f5ec9e718bd090,FROZEN_V2_MANIFEST_EXPECTED_AND_ACTUAL,REUSABLE_V2_NON_HOLDOUT,FROZEN_V2_PROMPT_IMAGE_MAPPING_PASS,V3_PRIORITY_CANNOT_CONFIRM_REAL_PERSON,PASS_EXPLICIT_UNCERTAINTY_CUE,uncertain,PROMPT_DERIVED_SYNTHETIC_GT,FROZEN_GENERATION_PROMPT_AND_PLANNED_ROLE,false,uncertain,true,
V2_ORIGINAL::IMG_004030,V2_ORIGINAL_SYNTHETIC_500,49_p05-side-lying-on-floor-09,IMG_004030,pf_v2_aigc_p05-side-lying-on-floor,DEV,V3_DEV,positive,1,side_lying,/home/yanbo/下载/batches/batch_person-fallen-v2-camera1p5m/prompts/49_p05-side-lying-on-floor-09.txt,a76c95e67a410a347b3ef80d90ee50e49b5be994ad77fd0c163c66def6f5c389,a76c95e67a410a347b3ef80d90ee50e49b5be994ad77fd0c163c66def6f5c389,/home/yanbo/下载/batches/batch_person-fallen-v2-camera1p5m/final/49_p05-side-lying-on-floor-09.png,62327680277259c675a6504f4dc31fb69739f19221e2a2a8e631806a19882e15,62327680277259c675a6504f4dc31fb69739f19221e2a2a8e631806a19882e15,FROZEN_V2_MANIFEST_EXPECTED_AND_ACTUAL,REUSABLE_V2_NON_HOLDOUT,FROZEN_V2_PROMPT_IMAGE_MAPPING_PASS,V3_SIDE_LYING_POSITIVE,PASS_EXPLICIT_POSTURE_CUE,positive,PROMPT_DERIVED_SYNTHETIC_GT,FROZEN_GENERATION_PROMPT_AND_PLANNED_ROLE,false,positive,true,
V2_ORIGINAL::IMG_004201,V2_ORIGINAL_SYNTHETIC_500,500_u02-unclear-support-surface-partial-body-10,IMG_004201,pf_v2_aigc_u02-unclear-support-surface-partial-body,DEV,V3_DEV,uncertain,uncertain,person_unconfirmable,/home/yanbo/下载/batches/batch_person-fallen-v2-camera1p5m/prompts/500_u02-unclear-support-surface-partial-body-10.txt,48e181d7b8b0ea50b188be069093291a83f0f40e11b64de6bcf2f933dab08346,48e181d7b8b0ea50b188be069093291a83f0f40e11b64de6bcf2f933dab08346,/home/yanbo/下载/batches/batch_person-fallen-v2-camera1p5m/final/500_u02-unclear-support-surface-partial-body-10.png,ac6398bbca6c770708577ac616f17c5d08fa679bf6bf21e17cf6f101d9b8cb21,ac6398bbca6c770708577ac616f17c5d08fa679bf6bf21e17cf6f101d9b8cb21,FROZEN_V2_MANIFEST_EXPECTED_AND_ACTUAL,REUSABLE_V2_NON_HOLDOUT,FROZEN_V2_PROMPT_IMAGE_MAPPING_PASS,V3_PRIORITY_CANNOT_CONFIRM_REAL_PERSON,PASS_EXPLICIT_UNCERTAINTY_CUE,uncertain,PROMPT_DERIVED_SYNTHETIC_GT,FROZEN_GENERATION_PROMPT_AND_PLANNED_ROLE,false,uncertain,true,
V2_ORIGINAL::IMG_004031,V2_ORIGINAL_SYNTHETIC_500,50_p05-side-lying-on-floor-10,IMG_004031,pf_v2_aigc_p05-side-lying-on-floor,DEV,V3_DEV,positive,1,side_lying,/home/yanbo/下载/batches/batch_person-fallen-v2-camera1p5m/prompts/50_p05-side-lying-on-floor-10.txt,9e9c8c57b9dcac46774358a5f5e0382c33063d2d44ae127d4b12fcd6cc33414a,9e9c8c57b9dcac46774358a5f5e0382c33063d2d44ae127d4b12fcd6cc33414a,/home/yanbo/下载/batches/batch_person-fallen-v2-camera1p5m/final/50_p05-side-lying-on-floor-10.png,a6c5520e3615d1510868fa7eb35ac9a4a431ad5b9c6797810db0fecb1783bd16,a6c5520e3615d1510868fa7eb35ac9a4a431ad5b9c6797810db0fecb1783bd16,FROZEN_V2_MANIFEST_EXPECTED_AND_ACTUAL,REUSABLE_V2_NON_HOLDOUT,FROZEN_V2_PROMPT_IMAGE_MAPPING_PASS,V3_SIDE_LYING_POSITIVE,PASS_EXPLICIT_POSTURE_CUE,positive,PROMPT_DERIVED_SYNTHETIC_GT,FROZEN_GENERATION_PROMPT_AND_PLANNED_ROLE,false,positive,true,
V2_ORIGINAL::IMG_004032,V2_ORIGINAL_SYNTHETIC_500,51_p06-side-lying-on-floor-01,IMG_004032,pf_v2_aigc_p06-side-lying-on-floor,DEV,V3_DEV,positive,1,side_lying,/home/yanbo/下载/batches/batch_person-fallen-v2-camera1p5m/prompts/51_p06-side-lying-on-floor-01.txt,b3383afcddd32b4948d38686344547b2b8174b4fc38bb5eaa492bab95252a563,b3383afcddd32b4948d38686344547b2b8174b4fc38bb5eaa492bab95252a563,/home/yanbo/下载/batches/batch_person-fallen-v2-camera1p5m/final/51_p06-side-lying-on-floor-01.png,543366363d22efbbb907b006f3f86b877eea519fe5c6c98dad0cd699d9078b8f,543366363d22efbbb907b006f3f86b877eea519fe5c6c98dad0cd699d9078b8f,FROZEN_V2_MANIFEST_EXPECTED_AND_ACTUAL,REUSABLE_V2_NON_HOLDOUT,FROZEN_V2_PROMPT_IMAGE_MAPPING_PASS,V3_SIDE_LYING_POSITIVE,PASS_EXPLICIT_POSTURE_CUE,positive,PROMPT_DERIVED_SYNTHETIC_GT,FROZEN_GENERATION_PROMPT_AND_PLANNED_ROLE,false,positive,true,
V2_ORIGINAL::IMG_004033,V2_ORIGINAL_SYNTHETIC_500,52_p06-side-lying-on-floor-02,IMG_004033,pf_v2_aigc_p06-side-lying-on-floor,DEV,V3_DEV,positive,1,side_lying,/home/yanbo/下载/batches/batch_person-fallen-v2-camera1p5m/prompts/52_p06-side-lying-on-floor-02.txt,0995b77ed24c11db4719a8a41725b589ec1dce8a91bded7a27483ce1702c5f74,0995b77ed24c11db4719a8a41725b589ec1dce8a91bded7a27483ce1702c5f74,/home/yanbo/下载/batches/batch_person-fallen-v2-camera1p5m/final/52_p06-side-lying-on-floor-02.png,9104b3c0cec7c4dc79881416cab26f85c6798fe75823c2315f7692b1b04991de,9104b3c0cec7c4dc79881416cab26f85c6798fe75823c2315f7692b1b04991de,FROZEN_V2_MANIFEST_EXPECTED_AND_ACTUAL,REUSABLE_V2_NON_HOLDOUT,FROZEN_V2_PROMPT_IMAGE_MAPPING_PASS,V3_SIDE_LYING_POSITIVE,PASS_EXPLICIT_POSTURE_CUE,positive,PROMPT_DERIVED_SYNTHETIC_GT,FROZEN_GENERATION_PROMPT_AND_PLANNED_ROLE,false,positive,true,
V2_ORIGINAL::IMG_004034,V2_ORIGINAL_SYNTHETIC_500,53_p06-side-lying-on-floor-03,IMG_004034,pf_v2_aigc_p06-side-lying-on-floor,DEV,V3_DEV,positive,1,side_lying,/home/yanbo/下载/batches/batch_person-fallen-v2-camera1p5m/prompts/53_p06-side-lying-on-floor-03.txt,a8901e6bcf8de315d11a501ff99c114fad4eb6b6ae73289be714312331863ddf,a8901e6bcf8de315d11a501ff99c114fad4eb6b6ae73289be714312331863ddf,/home/yanbo/下载/batches/batch_person-fallen-v2-camera1p5m/final/53_p06-side-lying-on-floor-03.png,40ab0258a86ac7e8afb15911af2081069b68e301b7a5af23371b895ffa142564,40ab0258a86ac7e8afb15911af2081069b68e301b7a5af23371b895ffa142564,FROZEN_V2_MANIFEST_EXPECTED_AND_ACTUAL,REUSABLE_V2_NON_HOLDOUT,FROZEN_V2_PROMPT_IMAGE_MAPPING_PASS,V3_SIDE_LYING_POSITIVE,PASS_EXPLICIT_POSTURE_CUE,positive,PROMPT_DERIVED_SYNTHETIC_GT,FROZEN_GENERATION_PROMPT_AND_PLANNED_ROLE,false,positive,true,
V2_ORIGINAL::IMG_004035,V2_ORIGINAL_SYNTHETIC_500,54_p06-side-lying-on-floor-04,IMG_004035,pf_v2_aigc_p06-side-lying-on-floor,DEV,V3_DEV,positive,1,side_lying,/home/yanbo/下载/batches/batch_person-fallen-v2-camera1p5m/prompts/54_p06-side-lying-on-floor-04.txt,48b88fc2261dbb0a336eb90f736e635a5023fc09a938bc10ecbbee8f363dacfe,48b88fc2261dbb0a336eb90f736e635a5023fc09a938bc10ecbbee8f363dacfe,/home/yanbo/下载/batches/batch_person-fallen-v2-camera1p5m/final/54_p06-side-lying-on-floor-04.png,6e58218f754b18cfefcf1a55867e1f9ce0beb569d3c45cecc50f06f5b4d96c11,6e58218f754b18cfefcf1a55867e1f9ce0beb569d3c45cecc50f06f5b4d96c11,FROZEN_V2_MANIFEST_EXPECTED_AND_ACTUAL,REUSABLE_V2_NON_HOLDOUT,FROZEN_V2_PROMPT_IMAGE_MAPPING_PASS,V3_SIDE_LYING_POSITIVE,PASS_EXPLICIT_POSTURE_CUE,positive,PROMPT_DERIVED_SYNTHETIC_GT,FROZEN_GENERATION_PROMPT_AND_PLANNED_ROLE,false,positive,true,
V2_ORIGINAL::IMG_004036,V2_ORIGINAL_SYNTHETIC_500,55_p06-side-lying-on-floor-05,IMG_004036,pf_v2_aigc_p06-side-lying-on-floor,DEV,V3_DEV,positive,1,side_lying,/home/yanbo/下载/batches/batch_person-fallen-v2-camera1p5m/prompts/55_p06-side-lying-on-floor-05.txt,e0bb1d733e914a9da80b8eeae2791d4a234578eed04543ec8e74fbc7fc131c39,e0bb1d733e914a9da80b8eeae2791d4a234578eed04543ec8e74fbc7fc131c39,/home/yanbo/下载/batches/batch_person-fallen-v2-camera1p5m/final/55_p06-side-lying-on-floor-05.png,40cd8ba87bfcbb00225de96b16624ec4872550b11252d00d3c2115e271eaadda,40cd8ba87bfcbb00225de96b16624ec4872550b11252d00d3c2115e271eaadda,FROZEN_V2_MANIFEST_EXPECTED_AND_ACTUAL,REUSABLE_V2_NON_HOLDOUT,FROZEN_V2_PROMPT_IMAGE_MAPPING_PASS,V3_SIDE_LYING_POSITIVE,PASS_EXPLICIT_POSTURE_CUE,positive,PROMPT_DERIVED_SYNTHETIC_GT,FROZEN_GENERATION_PROMPT_AND_PLANNED_ROLE,false,positive,true,
V2_ORIGINAL::IMG_004037,V2_ORIGINAL_SYNTHETIC_500,56_p06-side-lying-on-floor-06,IMG_004037,pf_v2_aigc_p06-side-lying-on-floor,DEV,V3_DEV,positive,1,side_lying,/home/yanbo/下载/batches/batch_person-fallen-v2-camera1p5m/prompts/56_p06-side-lying-on-floor-06.txt,473bf7e7e5af7daeadc23f17be5b220e045edfe6a9b61c67009c06a168619a2b,473bf7e7e5af7daeadc23f17be5b220e045edfe6a9b61c67009c06a168619a2b,/home/yanbo/下载/batches/batch_person-fallen-v2-camera1p5m/final/56_p06-side-lying-on-floor-06.png,b4ce4b7c71ee6cd208998d8e86e0051c6af3508cc497dbee82600ef9d19ee92e,b4ce4b7c71ee6cd208998d8e86e0051c6af3508cc497dbee82600ef9d19ee92e,FROZEN_V2_MANIFEST_EXPECTED_AND_ACTUAL,REUSABLE_V2_NON_HOLDOUT,FROZEN_V2_PROMPT_IMAGE_MAPPING_PASS,V3_SIDE_LYING_POSITIVE,PASS_EXPLICIT_POSTURE_CUE,positive,PROMPT_DERIVED_SYNTHETIC_GT,FROZEN_GENERATION_PROMPT_AND_PLANNED_ROLE,false,positive,true,
V2_ORIGINAL::IMG_004038,V2_ORIGINAL_SYNTHETIC_500,57_p06-side-lying-on-floor-07,IMG_004038,pf_v2_aigc_p06-side-lying-on-floor,DEV,V3_DEV,positive,1,side_lying,/home/yanbo/下载/batches/batch_person-fallen-v2-camera1p5m/prompts/57_p06-side-lying-on-floor-07.txt,b17367ac1363f360518f7675a5c110a11fde95a54322b9e639a6f136661966fa,b17367ac1363f360518f7675a5c110a11fde95a54322b9e639a6f136661966fa,/home/yanbo/下载/batches/batch_person-fallen-v2-camera1p5m/final/57_p06-side-lying-on-floor-07.png,1e44db1135509a6e0df16af3d900148b4a3e959a17a1519196655ce3761a62e2,1e44db1135509a6e0df16af3d900148b4a3e959a17a1519196655ce3761a62e2,FROZEN_V2_MANIFEST_EXPECTED_AND_ACTUAL,REUSABLE_V2_NON_HOLDOUT,FROZEN_V2_PROMPT_IMAGE_MAPPING_PASS,V3_SIDE_LYING_POSITIVE,PASS_EXPLICIT_POSTURE_CUE,positive,PROMPT_DERIVED_SYNTHETIC_GT,FROZEN_GENERATION_PROMPT_AND_PLANNED_ROLE,false,positive,true,
V2_ORIGINAL::IMG_004039,V2_ORIGINAL_SYNTHETIC_500,58_p06-side-lying-on-floor-08,IMG_004039,pf_v2_aigc_p06-side-lying-on-floor,DEV,V3_DEV,positive,1,side_lying,/home/yanbo/下载/batches/batch_person-fallen-v2-camera1p5m/prompts/58_p06-side-lying-on-floor-08.txt,ffaa61b29e97d5537d76492a320ff9bfbd26a02f49290640f23d9b819d9af32b,ffaa61b29e97d5537d76492a320ff9bfbd26a02f49290640f23d9b819d9af32b,/home/yanbo/下载/batches/batch_person-fallen-v2-camera1p5m/final/58_p06-side-lying-on-floor-08.png,7e1dc717a13c06a582f22d3f729af0a05f6c6b3fa31fb9fa915c88f5a0f34c50,7e1dc717a13c06a582f22d3f729af0a05f6c6b3fa31fb9fa915c88f5a0f34c50,FROZEN_V2_MANIFEST_EXPECTED_AND_ACTUAL,REUSABLE_V2_NON_HOLDOUT,FROZEN_V2_PROMPT_IMAGE_MAPPING_PASS,V3_SIDE_LYING_POSITIVE,PASS_EXPLICIT_POSTURE_CUE,positive,PROMPT_DERIVED_SYNTHETIC_GT,FROZEN_GENERATION_PROMPT_AND_PLANNED_ROLE,false,positive,true,
V2_ORIGINAL::IMG_004040,V2_ORIGINAL_SYNTHETIC_500,59_p06-side-lying-on-floor-09,IMG_004040,pf_v2_aigc_p06-side-lying-on-floor,DEV,V3_DEV,positive,1,side_lying,/home/yanbo/下载/batches/batch_person-fallen-v2-camera1p5m/prompts/59_p06-side-lying-on-floor-09.txt,30daa8f2c5ed04fac9a9a025dad4a6373ade4b4d50fc92f7ff54c77e01002500,30daa8f2c5ed04fac9a9a025dad4a6373ade4b4d50fc92f7ff54c77e01002500,/home/yanbo/下载/batches/batch_person-fallen-v2-camera1p5m/final/59_p06-side-lying-on-floor-09.png,c23b8a580e2bf51df5820f66f974c76f2a7e2df2b876307aa8d74a8791cc2691,c23b8a580e2bf51df5820f66f974c76f2a7e2df2b876307aa8d74a8791cc2691,FROZEN_V2_MANIFEST_EXPECTED_AND_ACTUAL,REUSABLE_V2_NON_HOLDOUT,FROZEN_V2_PROMPT_IMAGE_MAPPING_PASS,V3_SIDE_LYING_POSITIVE,PASS_EXPLICIT_POSTURE_CUE,positive,PROMPT_DERIVED_SYNTHETIC_GT,FROZEN_GENERATION_PROMPT_AND_PLANNED_ROLE,false,positive,true,
V2_ORIGINAL::IMG_004041,V2_ORIGINAL_SYNTHETIC_500,60_p06-side-lying-on-floor-10,IMG_004041,pf_v2_aigc_p06-side-lying-on-floor,DEV,V3_DEV,positive,1,side_lying,/home/yanbo/下载/batches/batch_person-fallen-v2-camera1p5m/prompts/60_p06-side-lying-on-floor-10.txt,6094e7d697d7b4bb7a7624cbbc0be9d64b541166f9bb93b1d976b36d5546f2c5,6094e7d697d7b4bb7a7624cbbc0be9d64b541166f9bb93b1d976b36d5546f2c5,/home/yanbo/下载/batches/batch_person-fallen-v2-camera1p5m/final/60_p06-side-lying-on-floor-10.png,95af36458be5ba10a6c1268ff6a6389338c3afd7d31462322e7ee0a93db19282,95af36458be5ba10a6c1268ff6a6389338c3afd7d31462322e7ee0a93db19282,FROZEN_V2_MANIFEST_EXPECTED_AND_ACTUAL,REUSABLE_V2_NON_HOLDOUT,FROZEN_V2_PROMPT_IMAGE_MAPPING_PASS,V3_SIDE_LYING_POSITIVE,PASS_EXPLICIT_POSTURE_CUE,positive,PROMPT_DERIVED_SYNTHETIC_GT,FROZEN_GENERATION_PROMPT_AND_PLANNED_ROLE,false,positive,true,
V2_ORIGINAL::IMG_004042,V2_ORIGINAL_SYNTHETIC_500,61_p07-irregular-sprawled-posture-01,IMG_004042,pf_v2_aigc_p07-irregular-sprawled-posture,DEV,V3_DEV,positive,1,irregular_sprawled_lying,/home/yanbo/下载/batches/batch_person-fallen-v2-camera1p5m/prompts/61_p07-irregular-sprawled-posture-01.txt,03c9e61fdb2afcda95f128a5d2324bdafddd01d345eb234215e1437cef7063d2,03c9e61fdb2afcda95f128a5d2324bdafddd01d345eb234215e1437cef7063d2,/home/yanbo/下载/batches/batch_person-fallen-v2-camera1p5m/final/61_p07-irregular-sprawled-posture-01.png,cb3fc95186cc9c5c8dba3642c4f7c827e2db6f76e0bc774ca4877489681ba90a,cb3fc95186cc9c5c8dba3642c4f7c827e2db6f76e0bc774ca4877489681ba90a,FROZEN_V2_MANIFEST_EXPECTED_AND_ACTUAL,REUSABLE_V2_NON_HOLDOUT,FROZEN_V2_PROMPT_IMAGE_MAPPING_PASS,V3_IRREGULAR_SPRAWLED_LYING_POSITIVE,PASS_EXPLICIT_POSTURE_CUE,positive,PROMPT_DERIVED_SYNTHETIC_GT,FROZEN_GENERATION_PROMPT_AND_PLANNED_ROLE,false,positive,true,
V2_ORIGINAL::IMG_004043,V2_ORIGINAL_SYNTHETIC_500,62_p07-irregular-sprawled-posture-02,IMG_004043,pf_v2_aigc_p07-irregular-sprawled-posture,DEV,V3_DEV,positive,1,irregular_sprawled_lying,/home/yanbo/下载/batches/batch_person-fallen-v2-camera1p5m/prompts/62_p07-irregular-sprawled-posture-02.txt,487c45d47f6f93d23def2bc8f060c261ccb4bc9f175d5c6ae866015bece5f2d9,487c45d47f6f93d23def2bc8f060c261ccb4bc9f175d5c6ae866015bece5f2d9,/home/yanbo/下载/batches/batch_person-fallen-v2-camera1p5m/final/62_p07-irregular-sprawled-posture-02.png,a4b5e371a0c9a8426002ddcb06ff647bc733113b32d853dd1b5e8126ebd82662,a4b5e371a0c9a8426002ddcb06ff647bc733113b32d853dd1b5e8126ebd82662,FROZEN_V2_MANIFEST_EXPECTED_AND_ACTUAL,REUSABLE_V2_NON_HOLDOUT,FROZEN_V2_PROMPT_IMAGE_MAPPING_PASS,V3_IRREGULAR_SPRAWLED_LYING_POSITIVE,PASS_EXPLICIT_POSTURE_CUE,positive,PROMPT_DERIVED_SYNTHETIC_GT,FROZEN_GENERATION_PROMPT_AND_PLANNED_ROLE,false,positive,true,
V2_ORIGINAL::IMG_004044,V2_ORIGINAL_SYNTHETIC_500,63_p07-irregular-sprawled-posture-03,IMG_004044,pf_v2_aigc_p07-irregular-sprawled-posture,DEV,V3_DEV,positive,1,irregular_sprawled_lying,/home/yanbo/下载/batches/batch_person-fallen-v2-camera1p5m/prompts/63_p07-irregular-sprawled-posture-03.txt,ed5294bb95e4d9feea87acf7b87cc3e4b8cdcfebeddbfc5569601b1590327811,ed5294bb95e4d9feea87acf7b87cc3e4b8cdcfebeddbfc5569601b1590327811,/home/yanbo/下载/batches/batch_person-fallen-v2-camera1p5m/final/63_p07-irregular-sprawled-posture-03.png,c155e11cc5dbc7515c11c36d9a08eaa9ac188ad362db12571a3f839a0a2e83a6,c155e11cc5dbc7515c11c36d9a08eaa9ac188ad362db12571a3f839a0a2e83a6,FROZEN_V2_MANIFEST_EXPECTED_AND_ACTUAL,REUSABLE_V2_NON_HOLDOUT,FROZEN_V2_PROMPT_IMAGE_MAPPING_PASS,V3_IRREGULAR_SPRAWLED_LYING_POSITIVE,PASS_EXPLICIT_POSTURE_CUE,positive,PROMPT_DERIVED_SYNTHETIC_GT,FROZEN_GENERATION_PROMPT_AND_PLANNED_ROLE,false,positive,true,
V2_ORIGINAL::IMG_004045,V2_ORIGINAL_SYNTHETIC_500,64_p07-irregular-sprawled-posture-04,IMG_004045,pf_v2_aigc_p07-irregular-sprawled-posture,DEV,V3_DEV,positive,1,irregular_sprawled_lying,/home/yanbo/下载/batches/batch_person-fallen-v2-camera1p5m/prompts/64_p07-irregular-sprawled-posture-04.txt,a986f4e46e6b2894d600af284576bfd6b528e253458e518249e5c2f8bcedb0fa,a986f4e46e6b2894d600af284576bfd6b528e253458e518249e5c2f8bcedb0fa,/home/yanbo/下载/batches/batch_person-fallen-v2-camera1p5m/final/64_p07-irregular-sprawled-posture-04.png,b06508f0ff5e35e38aa70f6e7045bbd6ce1de7735ac0a9f9b75256bfabbff882,b06508f0ff5e35e38aa70f6e7045bbd6ce1de7735ac0a9f9b75256bfabbff882,FROZEN_V2_MANIFEST_EXPECTED_AND_ACTUAL,REUSABLE_V2_NON_HOLDOUT,FROZEN_V2_PROMPT_IMAGE_MAPPING_PASS,V3_IRREGULAR_SPRAWLED_LYING_POSITIVE,PASS_EXPLICIT_POSTURE_CUE,positive,PROMPT_DERIVED_SYNTHETIC_GT,FROZEN_GENERATION_PROMPT_AND_PLANNED_ROLE,false,positive,true,
V2_ORIGINAL::IMG_004046,V2_ORIGINAL_SYNTHETIC_500,65_p07-irregular-sprawled-posture-05,IMG_004046,pf_v2_aigc_p07-irregular-sprawled-posture,DEV,V3_DEV,positive,1,irregular_sprawled_lying,/home/yanbo/下载/batches/batch_person-fallen-v2-camera1p5m/prompts/65_p07-irregular-sprawled-posture-05.txt,c0a0913602b961d3ecb4fe2239c466ad79991289453c134ae9efa4660d3f9142,c0a0913602b961d3ecb4fe2239c466ad79991289453c134ae9efa4660d3f9142,/home/yanbo/下载/batches/batch_person-fallen-v2-camera1p5m/final/65_p07-irregular-sprawled-posture-05.png,0fe945e667d39d7701aa99658ece8ac840c880671c67fa3c45411adafe12808b,0fe945e667d39d7701aa99658ece8ac840c880671c67fa3c45411adafe12808b,FROZEN_V2_MANIFEST_EXPECTED_AND_ACTUAL,REUSABLE_V2_NON_HOLDOUT,FROZEN_V2_PROMPT_IMAGE_MAPPING_PASS,V3_IRREGULAR_SPRAWLED_LYING_POSITIVE,PASS_EXPLICIT_POSTURE_CUE,positive,PROMPT_DERIVED_SYNTHETIC_GT,FROZEN_GENERATION_PROMPT_AND_PLANNED_ROLE,false,positive,true,
V2_ORIGINAL::IMG_004047,V2_ORIGINAL_SYNTHETIC_500,66_p07-irregular-sprawled-posture-06,IMG_004047,pf_v2_aigc_p07-irregular-sprawled-posture,DEV,V3_DEV,positive,1,irregular_sprawled_lying,/home/yanbo/下载/batches/batch_person-fallen-v2-camera1p5m/prompts/66_p07-irregular-sprawled-posture-06.txt,394f29ec90c546f7b402168c8c491c705b84329b5edde1d907e9eafa42a8a65d,394f29ec90c546f7b402168c8c491c705b84329b5edde1d907e9eafa42a8a65d,/home/yanbo/下载/batches/batch_person-fallen-v2-camera1p5m/final/66_p07-irregular-sprawled-posture-06.png,a6db45bafd81f698513469b4ff4a2d511eb7835a2b68143d6f0d7176ca77f841,a6db45bafd81f698513469b4ff4a2d511eb7835a2b68143d6f0d7176ca77f841,FROZEN_V2_MANIFEST_EXPECTED_AND_ACTUAL,REUSABLE_V2_NON_HOLDOUT,FROZEN_V2_PROMPT_IMAGE_MAPPING_PASS,V3_IRREGULAR_SPRAWLED_LYING_POSITIVE,PASS_EXPLICIT_POSTURE_CUE,positive,PROMPT_DERIVED_SYNTHETIC_GT,FROZEN_GENERATION_PROMPT_AND_PLANNED_ROLE,false,positive,true,
V2_ORIGINAL::IMG_004048,V2_ORIGINAL_SYNTHETIC_500,67_p07-irregular-sprawled-posture-07,IMG_004048,pf_v2_aigc_p07-irregular-sprawled-posture,DEV,V3_DEV,positive,1,irregular_sprawled_lying,/home/yanbo/下载/batches/batch_person-fallen-v2-camera1p5m/prompts/67_p07-irregular-sprawled-posture-07.txt,6ae6025d0ce34aa70e1dd7891b24af2b0afeadd52832473350398694d10c0cf4,6ae6025d0ce34aa70e1dd7891b24af2b0afeadd52832473350398694d10c0cf4,/home/yanbo/下载/batches/batch_person-fallen-v2-camera1p5m/final/67_p07-irregular-sprawled-posture-07.png,6752cbcf9b14a772e8124d7d7e19378a6675f95622ac0a8153462f610a40bc30,6752cbcf9b14a772e8124d7d7e19378a6675f95622ac0a8153462f610a40bc30,FROZEN_V2_MANIFEST_EXPECTED_AND_ACTUAL,REUSABLE_V2_NON_HOLDOUT,FROZEN_V2_PROMPT_IMAGE_MAPPING_PASS,V3_IRREGULAR_SPRAWLED_LYING_POSITIVE,PASS_EXPLICIT_POSTURE_CUE,positive,PROMPT_DERIVED_SYNTHETIC_GT,FROZEN_GENERATION_PROMPT_AND_PLANNED_ROLE,false,positive,true,
V2_ORIGINAL::IMG_004049,V2_ORIGINAL_SYNTHETIC_500,68_p07-irregular-sprawled-posture-08,IMG_004049,pf_v2_aigc_p07-irregular-sprawled-posture,DEV,V3_DEV,positive,1,irregular_sprawled_lying,/home/yanbo/下载/batches/batch_person-fallen-v2-camera1p5m/prompts/68_p07-irregular-sprawled-posture-08.txt,710a7155e15b1316c4f936e91e659ea2067a590f3adf0dd37bed45499dfa6418,710a7155e15b1316c4f936e91e659ea2067a590f3adf0dd37bed45499dfa6418,/home/yanbo/下载/batches/batch_person-fallen-v2-camera1p5m/final/68_p07-irregular-sprawled-posture-08.png,f0a0f5419bbb53b7663c9dd28db06adb77f0f0258eeb41fdd3b6d4514e76660e,f0a0f5419bbb53b7663c9dd28db06adb77f0f0258eeb41fdd3b6d4514e76660e,FROZEN_V2_MANIFEST_EXPECTED_AND_ACTUAL,REUSABLE_V2_NON_HOLDOUT,FROZEN_V2_PROMPT_IMAGE_MAPPING_PASS,V3_IRREGULAR_SPRAWLED_LYING_POSITIVE,PASS_EXPLICIT_POSTURE_CUE,positive,PROMPT_DERIVED_SYNTHETIC_GT,FROZEN_GENERATION_PROMPT_AND_PLANNED_ROLE,false,positive,true,
V2_ORIGINAL::IMG_004050,V2_ORIGINAL_SYNTHETIC_500,69_p07-irregular-sprawled-posture-09,IMG_004050,pf_v2_aigc_p07-irregular-sprawled-posture,DEV,V3_DEV,positive,1,irregular_sprawled_lying,/home/yanbo/下载/batches/batch_person-fallen-v2-camera1p5m/prompts/69_p07-irregular-sprawled-posture-09.txt,743d9e79002eb2223f08cf06a0792f2f35d0438e67062d1ba5d7ae784979607f,743d9e79002eb2223f08cf06a0792f2f35d0438e67062d1ba5d7ae784979607f,/home/yanbo/下载/batches/batch_person-fallen-v2-camera1p5m/final/69_p07-irregular-sprawled-posture-09.png,d8438107d83700364347ad3c26d071f64fe0431d0dcd4e5b8e60199876d4a51d,d8438107d83700364347ad3c26d071f64fe0431d0dcd4e5b8e60199876d4a51d,FROZEN_V2_MANIFEST_EXPECTED_AND_ACTUAL,REUSABLE_V2_NON_HOLDOUT,FROZEN_V2_PROMPT_IMAGE_MAPPING_PASS,V3_IRREGULAR_SPRAWLED_LYING_POSITIVE,PASS_EXPLICIT_POSTURE_CUE,positive,PROMPT_DERIVED_SYNTHETIC_GT,FROZEN_GENERATION_PROMPT_AND_PLANNED_ROLE,false,positive,true,
V2_ORIGINAL::IMG_004051,V2_ORIGINAL_SYNTHETIC_500,70_p07-irregular-sprawled-posture-10,IMG_004051,pf_v2_aigc_p07-irregular-sprawled-posture,DEV,V3_DEV,positive,1,irregular_sprawled_lying,/home/yanbo/下载/batches/batch_person-fallen-v2-camera1p5m/prompts/70_p07-irregular-sprawled-posture-10.txt,3d987dd0f1bd8b6fe8dc97cf56c35cfe38669486b61ae9985197947d4560ab80,3d987dd0f1bd8b6fe8dc97cf56c35cfe38669486b61ae9985197947d4560ab80,/home/yanbo/下载/batches/batch_person-fallen-v2-camera1p5m/final/70_p07-irregular-sprawled-posture-10.png,d3a538a2a1e5d2abca0f6117f64111daa0d2f3084088fe1bb7ff074b429806f2,d3a538a2a1e5d2abca0f6117f64111daa0d2f3084088fe1bb7ff074b429806f2,FROZEN_V2_MANIFEST_EXPECTED_AND_ACTUAL,REUSABLE_V2_NON_HOLDOUT,FROZEN_V2_PROMPT_IMAGE_MAPPING_PASS,V3_IRREGULAR_SPRAWLED_LYING_POSITIVE,PASS_EXPLICIT_POSTURE_CUE,positive,PROMPT_DERIVED_SYNTHETIC_GT,FROZEN_GENERATION_PROMPT_AND_PLANNED_ROLE,false,positive,true,
V2_ORIGINAL::IMG_004052,V2_ORIGINAL_SYNTHETIC_500,71_p08-irregular-sprawled-posture-01,IMG_004052,pf_v2_aigc_p08-irregular-sprawled-posture,DEV,V3_DEV,positive,1,curled_or_sprawled_lying,/home/yanbo/下载/batches/batch_person-fallen-v2-camera1p5m/prompts/71_p08-irregular-sprawled-posture-01.txt,6f5a125be1758951f3a84d1f467a9a24f66cd4d860df1af9f1d3a00ea5f7432e,6f5a125be1758951f3a84d1f467a9a24f66cd4d860df1af9f1d3a00ea5f7432e,/home/yanbo/下载/batches/batch_person-fallen-v2-camera1p5m/final/71_p08-irregular-sprawled-posture-01.png,6329713947ec4d5b2cff88fe809abf4feb9e8d016de5890149a64527094f0b52,6329713947ec4d5b2cff88fe809abf4feb9e8d016de5890149a64527094f0b52,FROZEN_V2_MANIFEST_EXPECTED_AND_ACTUAL,REUSABLE_V2_NON_HOLDOUT,FROZEN_V2_PROMPT_IMAGE_MAPPING_PASS,V3_CURLED_OR_SPRAWLED_LYING_POSITIVE,PASS_EXPLICIT_POSTURE_CUE,positive,PROMPT_DERIVED_SYNTHETIC_GT,FROZEN_GENERATION_PROMPT_AND_PLANNED_ROLE,false,positive,true,
V2_ORIGINAL::IMG_004053,V2_ORIGINAL_SYNTHETIC_500,72_p08-irregular-sprawled-posture-02,IMG_004053,pf_v2_aigc_p08-irregular-sprawled-posture,DEV,V3_DEV,positive,1,curled_or_sprawled_lying,/home/yanbo/下载/batches/batch_person-fallen-v2-camera1p5m/prompts/72_p08-irregular-sprawled-posture-02.txt,1d4fa40403ed6b5f76a001212c24647dddb20e5fd7a58b020f59fe855f683cac,1d4fa40403ed6b5f76a001212c24647dddb20e5fd7a58b020f59fe855f683cac,/home/yanbo/下载/batches/batch_person-fallen-v2-camera1p5m/final/72_p08-irregular-sprawled-posture-02.png,62eed352082d639f7ec1da9a08bf8f4fd2709e3f427db78c21f125784c557919,62eed352082d639f7ec1da9a08bf8f4fd2709e3f427db78c21f125784c557919,FROZEN_V2_MANIFEST_EXPECTED_AND_ACTUAL,REUSABLE_V2_NON_HOLDOUT,FROZEN_V2_PROMPT_IMAGE_MAPPING_PASS,V3_CURLED_OR_SPRAWLED_LYING_POSITIVE,PASS_EXPLICIT_POSTURE_CUE,positive,PROMPT_DERIVED_SYNTHETIC_GT,FROZEN_GENERATION_PROMPT_AND_PLANNED_ROLE,false,positive,true,
V2_ORIGINAL::IMG_004054,V2_ORIGINAL_SYNTHETIC_500,73_p08-irregular-sprawled-posture-03,IMG_004054,pf_v2_aigc_p08-irregular-sprawled-posture,DEV,V3_DEV,positive,1,curled_or_sprawled_lying,/home/yanbo/下载/batches/batch_person-fallen-v2-camera1p5m/prompts/73_p08-irregular-sprawled-posture-03.txt,9bb6833e3dd89bd4f58fbcaac58940ceb7833a5e960f4199fb90afc512a15c61,9bb6833e3dd89bd4f58fbcaac58940ceb7833a5e960f4199fb90afc512a15c61,/home/yanbo/下载/batches/batch_person-fallen-v2-camera1p5m/final/73_p08-irregular-sprawled-posture-03.png,6b30f078fd10835d53b923b3493e7405c7369707c233f93babed2ed9bce4d9a4,6b30f078fd10835d53b923b3493e7405c7369707c233f93babed2ed9bce4d9a4,FROZEN_V2_MANIFEST_EXPECTED_AND_ACTUAL,REUSABLE_V2_NON_HOLDOUT,FROZEN_V2_PROMPT_IMAGE_MAPPING_PASS,V3_CURLED_OR_SPRAWLED_LYING_POSITIVE,PASS_EXPLICIT_POSTURE_CUE,positive,PROMPT_DERIVED_SYNTHETIC_GT,FROZEN_GENERATION_PROMPT_AND_PLANNED_ROLE,false,positive,true,
V2_ORIGINAL::IMG_004055,V2_ORIGINAL_SYNTHETIC_500,74_p08-irregular-sprawled-posture-04,IMG_004055,pf_v2_aigc_p08-irregular-sprawled-posture,DEV,V3_DEV,positive,1,curled_or_sprawled_lying,/home/yanbo/下载/batches/batch_person-fallen-v2-camera1p5m/prompts/74_p08-irregular-sprawled-posture-04.txt,53dd431cc0cddda96d96a011be403d2e47e9ac20975d562bed48bfaa5494c22b,53dd431cc0cddda96d96a011be403d2e47e9ac20975d562bed48bfaa5494c22b,/home/yanbo/下载/batches/batch_person-fallen-v2-camera1p5m/final/74_p08-irregular-sprawled-posture-04.png,5a679c20b46a78140a1723a94372f44733409706248382250009951f8c54c5af,5a679c20b46a78140a1723a94372f44733409706248382250009951f8c54c5af,FROZEN_V2_MANIFEST_EXPECTED_AND_ACTUAL,REUSABLE_V2_NON_HOLDOUT,FROZEN_V2_PROMPT_IMAGE_MAPPING_PASS,V3_CURLED_OR_SPRAWLED_LYING_POSITIVE,PASS_EXPLICIT_POSTURE_CUE,positive,PROMPT_DERIVED_SYNTHETIC_GT,FROZEN_GENERATION_PROMPT_AND_PLANNED_ROLE,false,positive,true,
V2_ORIGINAL::IMG_004056,V2_ORIGINAL_SYNTHETIC_500,75_p08-irregular-sprawled-posture-05,IMG_004056,pf_v2_aigc_p08-irregular-sprawled-posture,DEV,V3_DEV,positive,1,curled_or_sprawled_lying,/home/yanbo/下载/batches/batch_person-fallen-v2-camera1p5m/prompts/75_p08-irregular-sprawled-posture-05.txt,14b8e599136463097cc6231f2cb04328086ea042712a88287c35f3f2e2f0db8c,14b8e599136463097cc6231f2cb04328086ea042712a88287c35f3f2e2f0db8c,/home/yanbo/下载/batches/batch_person-fallen-v2-camera1p5m/final/75_p08-irregular-sprawled-posture-05.png,5484e98bd9beb2564cdaa7f1895e38eca19d8ce2e1b14c9b4ca379bb63853c39,5484e98bd9beb2564cdaa7f1895e38eca19d8ce2e1b14c9b4ca379bb63853c39,FROZEN_V2_MANIFEST_EXPECTED_AND_ACTUAL,REUSABLE_V2_NON_HOLDOUT,FROZEN_V2_PROMPT_IMAGE_MAPPING_PASS,V3_CURLED_OR_SPRAWLED_LYING_POSITIVE,PASS_EXPLICIT_POSTURE_CUE,positive,PROMPT_DERIVED_SYNTHETIC_GT,FROZEN_GENERATION_PROMPT_AND_PLANNED_ROLE,false,positive,true,
V2_ORIGINAL::IMG_004057,V2_ORIGINAL_SYNTHETIC_500,76_p08-irregular-sprawled-posture-06,IMG_004057,pf_v2_aigc_p08-irregular-sprawled-posture,DEV,V3_DEV,positive,1,curled_or_sprawled_lying,/home/yanbo/下载/batches/batch_person-fallen-v2-camera1p5m/prompts/76_p08-irregular-sprawled-posture-06.txt,fd48ce30aafead0e92ae7af47c94e68defdba6591bdaa1c14a33293b8ff5181d,fd48ce30aafead0e92ae7af47c94e68defdba6591bdaa1c14a33293b8ff5181d,/home/yanbo/下载/batches/batch_person-fallen-v2-camera1p5m/final/76_p08-irregular-sprawled-posture-06.png,8d55ff9191c8345510d898d4ce7f4e102bc545da00a04d34b4348b44dbc30b49,8d55ff9191c8345510d898d4ce7f4e102bc545da00a04d34b4348b44dbc30b49,FROZEN_V2_MANIFEST_EXPECTED_AND_ACTUAL,REUSABLE_V2_NON_HOLDOUT,FROZEN_V2_PROMPT_IMAGE_MAPPING_PASS,V3_CURLED_OR_SPRAWLED_LYING_POSITIVE,PASS_EXPLICIT_POSTURE_CUE,positive,PROMPT_DERIVED_SYNTHETIC_GT,FROZEN_GENERATION_PROMPT_AND_PLANNED_ROLE,false,positive,true,
V2_ORIGINAL::IMG_004058,V2_ORIGINAL_SYNTHETIC_500,77_p08-irregular-sprawled-posture-07,IMG_004058,pf_v2_aigc_p08-irregular-sprawled-posture,DEV,V3_DEV,positive,1,curled_or_sprawled_lying,/home/yanbo/下载/batches/batch_person-fallen-v2-camera1p5m/prompts/77_p08-irregular-sprawled-posture-07.txt,5c7222dbd8add05c36c25d43648ccaeb7f3e889192046621921b9a3b80ac015f,5c7222dbd8add05c36c25d43648ccaeb7f3e889192046621921b9a3b80ac015f,/home/yanbo/下载/batches/batch_person-fallen-v2-camera1p5m/final/77_p08-irregular-sprawled-posture-07.png,68912e9f3ab5ff7d86ad8b23771f54ae9d1c88fec150a78a012c04b3c15edf4f,68912e9f3ab5ff7d86ad8b23771f54ae9d1c88fec150a78a012c04b3c15edf4f,FROZEN_V2_MANIFEST_EXPECTED_AND_ACTUAL,REUSABLE_V2_NON_HOLDOUT,FROZEN_V2_PROMPT_IMAGE_MAPPING_PASS,V3_CURLED_OR_SPRAWLED_LYING_POSITIVE,PASS_EXPLICIT_POSTURE_CUE,positive,PROMPT_DERIVED_SYNTHETIC_GT,FROZEN_GENERATION_PROMPT_AND_PLANNED_ROLE,false,positive,true,
V2_ORIGINAL::IMG_004059,V2_ORIGINAL_SYNTHETIC_500,78_p08-irregular-sprawled-posture-08,IMG_004059,pf_v2_aigc_p08-irregular-sprawled-posture,DEV,V3_DEV,positive,1,curled_or_sprawled_lying,/home/yanbo/下载/batches/batch_person-fallen-v2-camera1p5m/prompts/78_p08-irregular-sprawled-posture-08.txt,d6c1e737c3e8c572b618069ac904c46d22c9d8f543d46ef1cd110e59590196d9,d6c1e737c3e8c572b618069ac904c46d22c9d8f543d46ef1cd110e59590196d9,/home/yanbo/下载/batches/batch_person-fallen-v2-camera1p5m/final/78_p08-irregular-sprawled-posture-08.png,739161dbbfddb42ee17f17a670b0cdbc70de120b7796ccd7720ee8a9d1d8212d,739161dbbfddb42ee17f17a670b0cdbc70de120b7796ccd7720ee8a9d1d8212d,FROZEN_V2_MANIFEST_EXPECTED_AND_ACTUAL,REUSABLE_V2_NON_HOLDOUT,FROZEN_V2_PROMPT_IMAGE_MAPPING_PASS,V3_CURLED_OR_SPRAWLED_LYING_POSITIVE,PASS_EXPLICIT_POSTURE_CUE,positive,PROMPT_DERIVED_SYNTHETIC_GT,FROZEN_GENERATION_PROMPT_AND_PLANNED_ROLE,false,positive,true,
V2_ORIGINAL::IMG_004060,V2_ORIGINAL_SYNTHETIC_500,79_p08-irregular-sprawled-posture-09,IMG_004060,pf_v2_aigc_p08-irregular-sprawled-posture,DEV,V3_DEV,positive,1,curled_or_sprawled_lying,/home/yanbo/下载/batches/batch_person-fallen-v2-camera1p5m/prompts/79_p08-irregular-sprawled-posture-09.txt,af9eba4b961cee98fa7c5d198ca8430ac32e07a909eeee0304429966aa25a172,af9eba4b961cee98fa7c5d198ca8430ac32e07a909eeee0304429966aa25a172,/home/yanbo/下载/batches/batch_person-fallen-v2-camera1p5m/final/79_p08-irregular-sprawled-posture-09.png,19d4936d216437d25279b52eb0280761729d18816227652dec371e24ae7ee99d,19d4936d216437d25279b52eb0280761729d18816227652dec371e24ae7ee99d,FROZEN_V2_MANIFEST_EXPECTED_AND_ACTUAL,REUSABLE_V2_NON_HOLDOUT,FROZEN_V2_PROMPT_IMAGE_MAPPING_PASS,V3_CURLED_OR_SPRAWLED_LYING_POSITIVE,PASS_EXPLICIT_POSTURE_CUE,positive,PROMPT_DERIVED_SYNTHETIC_GT,FROZEN_GENERATION_PROMPT_AND_PLANNED_ROLE,false,positive,true,
V2_ORIGINAL::IMG_004061,V2_ORIGINAL_SYNTHETIC_500,80_p08-irregular-sprawled-posture-10,IMG_004061,pf_v2_aigc_p08-irregular-sprawled-posture,DEV,V3_DEV,positive,1,curled_or_sprawled_lying,/home/yanbo/下载/batches/batch_person-fallen-v2-camera1p5m/prompts/80_p08-irregular-sprawled-posture-10.txt,29c8cd101361292775bdd00b5c8ed8a577f803b3b12c72393032c813eace9956,29c8cd101361292775bdd00b5c8ed8a577f803b3b12c72393032c813eace9956,/home/yanbo/下载/batches/batch_person-fallen-v2-camera1p5m/final/80_p08-irregular-sprawled-posture-10.png,6e124de18d12ec3eea5142bf50c80b334edefcd5d34dfc410ef75fd60405655c,6e124de18d12ec3eea5142bf50c80b334edefcd5d34dfc410ef75fd60405655c,FROZEN_V2_MANIFEST_EXPECTED_AND_ACTUAL,REUSABLE_V2_NON_HOLDOUT,FROZEN_V2_PROMPT_IMAGE_MAPPING_PASS,V3_CURLED_OR_SPRAWLED_LYING_POSITIVE,PASS_EXPLICIT_POSTURE_CUE,positive,PROMPT_DERIVED_SYNTHETIC_GT,FROZEN_GENERATION_PROMPT_AND_PLANNED_ROLE,false,positive,true,
V2_ORIGINAL::IMG_004062,V2_ORIGINAL_SYNTHETIC_500,81_p09-partially-occluded-fallen-person-01,IMG_004062,pf_v2_aigc_p09-partially-occluded-fallen-person,DEV,V3_DEV,positive,1,partially_occluded_lying,/home/yanbo/下载/batches/batch_person-fallen-v2-camera1p5m/prompts/81_p09-partially-occluded-fallen-person-01.txt,1a714f3d53f449d577d79006273021a67cfdcb94cbd9fa089e7746330a720bae,1a714f3d53f449d577d79006273021a67cfdcb94cbd9fa089e7746330a720bae,/home/yanbo/下载/batches/batch_person-fallen-v2-camera1p5m/final/81_p09-partially-occluded-fallen-person-01.png,e62e16f8fb837016a69468b137086d3495628988ef8717a9c6b8d14eecc2e0e4,e62e16f8fb837016a69468b137086d3495628988ef8717a9c6b8d14eecc2e0e4,FROZEN_V2_MANIFEST_EXPECTED_AND_ACTUAL,REUSABLE_V2_NON_HOLDOUT,FROZEN_V2_PROMPT_IMAGE_MAPPING_PASS,V3_PARTIALLY_OCCLUDED_LYING_POSITIVE,PASS_EXPLICIT_POSTURE_CUE,positive,PROMPT_DERIVED_SYNTHETIC_GT,FROZEN_GENERATION_PROMPT_AND_PLANNED_ROLE,false,positive,true,
V2_ORIGINAL::IMG_004063,V2_ORIGINAL_SYNTHETIC_500,82_p09-partially-occluded-fallen-person-02,IMG_004063,pf_v2_aigc_p09-partially-occluded-fallen-person,DEV,V3_DEV,positive,1,partially_occluded_lying,/home/yanbo/下载/batches/batch_person-fallen-v2-camera1p5m/prompts/82_p09-partially-occluded-fallen-person-02.txt,8c520768452006acd1bc3fcbdf9978f06a127d56bb8a7d349a317d1611075578,8c520768452006acd1bc3fcbdf9978f06a127d56bb8a7d349a317d1611075578,/home/yanbo/下载/batches/batch_person-fallen-v2-camera1p5m/final/82_p09-partially-occluded-fallen-person-02.png,bbf1df2f25f5b2702af333b76b4a08995937d5989b427028174f4e7b126338d7,bbf1df2f25f5b2702af333b76b4a08995937d5989b427028174f4e7b126338d7,FROZEN_V2_MANIFEST_EXPECTED_AND_ACTUAL,REUSABLE_V2_NON_HOLDOUT,FROZEN_V2_PROMPT_IMAGE_MAPPING_PASS,V3_PARTIALLY_OCCLUDED_LYING_POSITIVE,PASS_EXPLICIT_POSTURE_CUE,positive,PROMPT_DERIVED_SYNTHETIC_GT,FROZEN_GENERATION_PROMPT_AND_PLANNED_ROLE,false,positive,true,
V2_ORIGINAL::IMG_004064,V2_ORIGINAL_SYNTHETIC_500,83_p09-partially-occluded-fallen-person-03,IMG_004064,pf_v2_aigc_p09-partially-occluded-fallen-person,DEV,V3_DEV,positive,1,partially_occluded_lying,/home/yanbo/下载/batches/batch_person-fallen-v2-camera1p5m/prompts/83_p09-partially-occluded-fallen-person-03.txt,5a6cefdf7e64645e941821662a176b37538e313799f175c4a49be007fcf2f79d,5a6cefdf7e64645e941821662a176b37538e313799f175c4a49be007fcf2f79d,/home/yanbo/下载/batches/batch_person-fallen-v2-camera1p5m/final/83_p09-partially-occluded-fallen-person-03.png,0f93f5393507cd1a609576151a94cf082b5e3633e185ce328026a5784947c561,0f93f5393507cd1a609576151a94cf082b5e3633e185ce328026a5784947c561,FROZEN_V2_MANIFEST_EXPECTED_AND_ACTUAL,REUSABLE_V2_NON_HOLDOUT,FROZEN_V2_PROMPT_IMAGE_MAPPING_PASS,V3_PARTIALLY_OCCLUDED_LYING_POSITIVE,PASS_EXPLICIT_POSTURE_CUE,positive,PROMPT_DERIVED_SYNTHETIC_GT,FROZEN_GENERATION_PROMPT_AND_PLANNED_ROLE,false,positive,true,
V2_ORIGINAL::IMG_004065,V2_ORIGINAL_SYNTHETIC_500,84_p09-partially-occluded-fallen-person-04,IMG_004065,pf_v2_aigc_p09-partially-occluded-fallen-person,DEV,V3_DEV,positive,1,partially_occluded_lying,/home/yanbo/下载/batches/batch_person-fallen-v2-camera1p5m/prompts/84_p09-partially-occluded-fallen-person-04.txt,3d3c73586e8cfe6199bf9ab09613861ab7288d1f4053ecba35db699641429286,3d3c73586e8cfe6199bf9ab09613861ab7288d1f4053ecba35db699641429286,/home/yanbo/下载/batches/batch_person-fallen-v2-camera1p5m/final/84_p09-partially-occluded-fallen-person-04.png,5c2f3bc886da280fa8217ae4bc973dd735037fad49ec0e1617b0cf9421be1d24,5c2f3bc886da280fa8217ae4bc973dd735037fad49ec0e1617b0cf9421be1d24,FROZEN_V2_MANIFEST_EXPECTED_AND_ACTUAL,REUSABLE_V2_NON_HOLDOUT,FROZEN_V2_PROMPT_IMAGE_MAPPING_PASS,V3_PARTIALLY_OCCLUDED_LYING_POSITIVE,PASS_EXPLICIT_POSTURE_CUE,positive,PROMPT_DERIVED_SYNTHETIC_GT,FROZEN_GENERATION_PROMPT_AND_PLANNED_ROLE,false,positive,true,
V2_ORIGINAL::IMG_004066,V2_ORIGINAL_SYNTHETIC_500,85_p09-partially-occluded-fallen-person-05,IMG_004066,pf_v2_aigc_p09-partially-occluded-fallen-person,DEV,V3_DEV,positive,1,partially_occluded_lying,/home/yanbo/下载/batches/batch_person-fallen-v2-camera1p5m/prompts/85_p09-partially-occluded-fallen-person-05.txt,188178abe5c07956c821a84bd4afc855f7f3c4d06b43557aa98acb2cb502d56a,188178abe5c07956c821a84bd4afc855f7f3c4d06b43557aa98acb2cb502d56a,/home/yanbo/下载/batches/batch_person-fallen-v2-camera1p5m/final/85_p09-partially-occluded-fallen-person-05.png,da621cc3e61d215a22c281bfb8d53cba5d73c234a7109c2f85b8ea76a3486037,da621cc3e61d215a22c281bfb8d53cba5d73c234a7109c2f85b8ea76a3486037,FROZEN_V2_MANIFEST_EXPECTED_AND_ACTUAL,REUSABLE_V2_NON_HOLDOUT,FROZEN_V2_PROMPT_IMAGE_MAPPING_PASS,V3_PARTIALLY_OCCLUDED_LYING_POSITIVE,PASS_EXPLICIT_POSTURE_CUE,positive,PROMPT_DERIVED_SYNTHETIC_GT,FROZEN_GENERATION_PROMPT_AND_PLANNED_ROLE,false,positive,true,
V2_ORIGINAL::IMG_004067,V2_ORIGINAL_SYNTHETIC_500,86_p09-partially-occluded-fallen-person-06,IMG_004067,pf_v2_aigc_p09-partially-occluded-fallen-person,DEV,V3_DEV,positive,1,partially_occluded_lying,/home/yanbo/下载/batches/batch_person-fallen-v2-camera1p5m/prompts/86_p09-partially-occluded-fallen-person-06.txt,27123f30e6ac5515748b1024499b1e1207e036b620e2ba7d909d9317ec9b2e3d,27123f30e6ac5515748b1024499b1e1207e036b620e2ba7d909d9317ec9b2e3d,/home/yanbo/下载/batches/batch_person-fallen-v2-camera1p5m/final/86_p09-partially-occluded-fallen-person-06.png,145e156c1caf26aa510910deff6d1c00dd82d5a67a28768b11caca8386ced559,145e156c1caf26aa510910deff6d1c00dd82d5a67a28768b11caca8386ced559,FROZEN_V2_MANIFEST_EXPECTED_AND_ACTUAL,REUSABLE_V2_NON_HOLDOUT,FROZEN_V2_PROMPT_IMAGE_MAPPING_PASS,V3_PARTIALLY_OCCLUDED_LYING_POSITIVE,PASS_EXPLICIT_POSTURE_CUE,positive,PROMPT_DERIVED_SYNTHETIC_GT,FROZEN_GENERATION_PROMPT_AND_PLANNED_ROLE,false,positive,true,
V2_ORIGINAL::IMG_004068,V2_ORIGINAL_SYNTHETIC_500,87_p09-partially-occluded-fallen-person-07,IMG_004068,pf_v2_aigc_p09-partially-occluded-fallen-person,DEV,V3_DEV,positive,1,partially_occluded_lying,/home/yanbo/下载/batches/batch_person-fallen-v2-camera1p5m/prompts/87_p09-partially-occluded-fallen-person-07.txt,aeff42f7483a777706b09e337ffed693ec316c498ca954990a6999c17e1ee9f1,aeff42f7483a777706b09e337ffed693ec316c498ca954990a6999c17e1ee9f1,/home/yanbo/下载/batches/batch_person-fallen-v2-camera1p5m/final/87_p09-partially-occluded-fallen-person-07.png,4b0f60f00bb5d135540bb23d2cfa20481a1b0c9da02f09c5c7de0abe90f61761,4b0f60f00bb5d135540bb23d2cfa20481a1b0c9da02f09c5c7de0abe90f61761,FROZEN_V2_MANIFEST_EXPECTED_AND_ACTUAL,REUSABLE_V2_NON_HOLDOUT,FROZEN_V2_PROMPT_IMAGE_MAPPING_PASS,V3_PARTIALLY_OCCLUDED_LYING_POSITIVE,PASS_EXPLICIT_POSTURE_CUE,positive,PROMPT_DERIVED_SYNTHETIC_GT,FROZEN_GENERATION_PROMPT_AND_PLANNED_ROLE,false,positive,true,
V2_ORIGINAL::IMG_004069,V2_ORIGINAL_SYNTHETIC_500,88_p09-partially-occluded-fallen-person-08,IMG_004069,pf_v2_aigc_p09-partially-occluded-fallen-person,DEV,V3_DEV,positive,1,partially_occluded_lying,/home/yanbo/下载/batches/batch_person-fallen-v2-camera1p5m/prompts/88_p09-partially-occluded-fallen-person-08.txt,56a3801c9a61d66d0d1c7a2663a9516248d08a47ae8e31501b2a32406c59c0b8,56a3801c9a61d66d0d1c7a2663a9516248d08a47ae8e31501b2a32406c59c0b8,/home/yanbo/下载/batches/batch_person-fallen-v2-camera1p5m/final/88_p09-partially-occluded-fallen-person-08.png,f0119f65ad035e78e986a6e92519d01dbe2133459c902b93af98639fe24fcd1a,f0119f65ad035e78e986a6e92519d01dbe2133459c902b93af98639fe24fcd1a,FROZEN_V2_MANIFEST_EXPECTED_AND_ACTUAL,REUSABLE_V2_NON_HOLDOUT,FROZEN_V2_PROMPT_IMAGE_MAPPING_PASS,V3_PARTIALLY_OCCLUDED_LYING_POSITIVE,PASS_EXPLICIT_POSTURE_CUE,positive,PROMPT_DERIVED_SYNTHETIC_GT,FROZEN_GENERATION_PROMPT_AND_PLANNED_ROLE,false,positive,true,
V2_ORIGINAL::IMG_004070,V2_ORIGINAL_SYNTHETIC_500,89_p09-partially-occluded-fallen-person-09,IMG_004070,pf_v2_aigc_p09-partially-occluded-fallen-person,DEV,V3_DEV,positive,1,partially_occluded_lying,/home/yanbo/下载/batches/batch_person-fallen-v2-camera1p5m/prompts/89_p09-partially-occluded-fallen-person-09.txt,a11fdc7b1bce100f6323fc44c9d9951954d9ad8169850a9f23c765f6d7540078,a11fdc7b1bce100f6323fc44c9d9951954d9ad8169850a9f23c765f6d7540078,/home/yanbo/下载/batches/batch_person-fallen-v2-camera1p5m/final/89_p09-partially-occluded-fallen-person-09.png,c27370d0f1c4f96f05871e8134b8c33126330b4901a9172fcaa1034597aeb759,c27370d0f1c4f96f05871e8134b8c33126330b4901a9172fcaa1034597aeb759,FROZEN_V2_MANIFEST_EXPECTED_AND_ACTUAL,REUSABLE_V2_NON_HOLDOUT,FROZEN_V2_PROMPT_IMAGE_MAPPING_PASS,V3_PARTIALLY_OCCLUDED_LYING_POSITIVE,PASS_EXPLICIT_POSTURE_CUE,positive,PROMPT_DERIVED_SYNTHETIC_GT,FROZEN_GENERATION_PROMPT_AND_PLANNED_ROLE,false,positive,true,
V2_ORIGINAL::IMG_004071,V2_ORIGINAL_SYNTHETIC_500,90_p09-partially-occluded-fallen-person-10,IMG_004071,pf_v2_aigc_p09-partially-occluded-fallen-person,DEV,V3_DEV,positive,1,partially_occluded_lying,/home/yanbo/下载/batches/batch_person-fallen-v2-camera1p5m/prompts/90_p09-partially-occluded-fallen-person-10.txt,87587c6be064b61d664f7ddb7a164150dbcf8309311cbcb17842dcd267aa5b83,87587c6be064b61d664f7ddb7a164150dbcf8309311cbcb17842dcd267aa5b83,/home/yanbo/下载/batches/batch_person-fallen-v2-camera1p5m/final/90_p09-partially-occluded-fallen-person-10.png,05b1b4f1a63222037efc034cc5b772813078ba137841efc7d82be001cb5acf69,05b1b4f1a63222037efc034cc5b772813078ba137841efc7d82be001cb5acf69,FROZEN_V2_MANIFEST_EXPECTED_AND_ACTUAL,REUSABLE_V2_NON_HOLDOUT,FROZEN_V2_PROMPT_IMAGE_MAPPING_PASS,V3_PARTIALLY_OCCLUDED_LYING_POSITIVE,PASS_EXPLICIT_POSTURE_CUE,positive,PROMPT_DERIVED_SYNTHETIC_GT,FROZEN_GENERATION_PROMPT_AND_PLANNED_ROLE,false,positive,true,
V2_ORIGINAL::IMG_004073,V2_ORIGINAL_SYNTHETIC_500,91_p10-partially-occluded-fallen-person-01,IMG_004073,pf_v2_aigc_p10-partially-occluded-fallen-person,DEV,V3_DEV,positive,1,partially_occluded_lying,/home/yanbo/下载/batches/batch_person-fallen-v2-camera1p5m/prompts/91_p10-partially-occluded-fallen-person-01.txt,02565eb3337ce4abc34d975d642a4123a269ad9615b8051e22b72b3f41624e68,02565eb3337ce4abc34d975d642a4123a269ad9615b8051e22b72b3f41624e68,/home/yanbo/下载/batches/batch_person-fallen-v2-camera1p5m/final/91_p10-partially-occluded-fallen-person-01.png,7f85564bcb6fd735166050f0605b6719600ab691613a1115ca3fe423ad1fbf60,7f85564bcb6fd735166050f0605b6719600ab691613a1115ca3fe423ad1fbf60,FROZEN_V2_MANIFEST_EXPECTED_AND_ACTUAL,REUSABLE_V2_NON_HOLDOUT,FROZEN_V2_PROMPT_IMAGE_MAPPING_PASS,V3_PARTIALLY_OCCLUDED_LYING_POSITIVE,PASS_EXPLICIT_POSTURE_CUE,positive,PROMPT_DERIVED_SYNTHETIC_GT,FROZEN_GENERATION_PROMPT_AND_PLANNED_ROLE,false,positive,true,
V2_ORIGINAL::IMG_004074,V2_ORIGINAL_SYNTHETIC_500,92_p10-partially-occluded-fallen-person-02,IMG_004074,pf_v2_aigc_p10-partially-occluded-fallen-person,DEV,V3_DEV,positive,1,partially_occluded_lying,/home/yanbo/下载/batches/batch_person-fallen-v2-camera1p5m/prompts/92_p10-partially-occluded-fallen-person-02.txt,9d7dfac59a57121f8281f189b3cc22147b41bd0ac568c20a867fd198fc9e682b,9d7dfac59a57121f8281f189b3cc22147b41bd0ac568c20a867fd198fc9e682b,/home/yanbo/下载/batches/batch_person-fallen-v2-camera1p5m/final/92_p10-partially-occluded-fallen-person-02.png,967ed34a039e4037156c3a5aa25cb2a872e79cc7ad8cf5e588d2d12924e1d7d5,967ed34a039e4037156c3a5aa25cb2a872e79cc7ad8cf5e588d2d12924e1d7d5,FROZEN_V2_MANIFEST_EXPECTED_AND_ACTUAL,REUSABLE_V2_NON_HOLDOUT,FROZEN_V2_PROMPT_IMAGE_MAPPING_PASS,V3_PARTIALLY_OCCLUDED_LYING_POSITIVE,PASS_EXPLICIT_POSTURE_CUE,positive,PROMPT_DERIVED_SYNTHETIC_GT,FROZEN_GENERATION_PROMPT_AND_PLANNED_ROLE,false,positive,true,
V2_ORIGINAL::IMG_004075,V2_ORIGINAL_SYNTHETIC_500,93_p10-partially-occluded-fallen-person-03,IMG_004075,pf_v2_aigc_p10-partially-occluded-fallen-person,DEV,V3_DEV,positive,1,partially_occluded_lying,/home/yanbo/下载/batches/batch_person-fallen-v2-camera1p5m/prompts/93_p10-partially-occluded-fallen-person-03.txt,53bcbe4e239885aa728f3bf30979b1a77e3925d3f0eaaf7afa0b0a922d632450,53bcbe4e239885aa728f3bf30979b1a77e3925d3f0eaaf7afa0b0a922d632450,/home/yanbo/下载/batches/batch_person-fallen-v2-camera1p5m/final/93_p10-partially-occluded-fallen-person-03.png,4749ea15173ecae9b6e8419327d00422c0250884826afc7d0b550f3d1508a8ff,4749ea15173ecae9b6e8419327d00422c0250884826afc7d0b550f3d1508a8ff,FROZEN_V2_MANIFEST_EXPECTED_AND_ACTUAL,REUSABLE_V2_NON_HOLDOUT,FROZEN_V2_PROMPT_IMAGE_MAPPING_PASS,V3_PARTIALLY_OCCLUDED_LYING_POSITIVE,PASS_EXPLICIT_POSTURE_CUE,positive,PROMPT_DERIVED_SYNTHETIC_GT,FROZEN_GENERATION_PROMPT_AND_PLANNED_ROLE,false,positive,true,
V2_ORIGINAL::IMG_004076,V2_ORIGINAL_SYNTHETIC_500,94_p10-partially-occluded-fallen-person-04,IMG_004076,pf_v2_aigc_p10-partially-occluded-fallen-person,DEV,V3_DEV,positive,1,partially_occluded_lying,/home/yanbo/下载/batches/batch_person-fallen-v2-camera1p5m/prompts/94_p10-partially-occluded-fallen-person-04.txt,a188aaa7a2819019c8cbe03321ab4fc2246fe71a949419a1eaba8ca921d5d6f2,a188aaa7a2819019c8cbe03321ab4fc2246fe71a949419a1eaba8ca921d5d6f2,/home/yanbo/下载/batches/batch_person-fallen-v2-camera1p5m/final/94_p10-partially-occluded-fallen-person-04.png,2593e27c2a3553c972ec437b1d44c2ce43fb21de8b8a1465da02e70ccd9fb748,2593e27c2a3553c972ec437b1d44c2ce43fb21de8b8a1465da02e70ccd9fb748,FROZEN_V2_MANIFEST_EXPECTED_AND_ACTUAL,REUSABLE_V2_NON_HOLDOUT,FROZEN_V2_PROMPT_IMAGE_MAPPING_PASS,V3_PARTIALLY_OCCLUDED_LYING_POSITIVE,PASS_EXPLICIT_POSTURE_CUE,positive,PROMPT_DERIVED_SYNTHETIC_GT,FROZEN_GENERATION_PROMPT_AND_PLANNED_ROLE,false,positive,true,
V2_ORIGINAL::IMG_004077,V2_ORIGINAL_SYNTHETIC_500,95_p10-partially-occluded-fallen-person-05,IMG_004077,pf_v2_aigc_p10-partially-occluded-fallen-person,DEV,V3_DEV,positive,1,partially_occluded_lying,/home/yanbo/下载/batches/batch_person-fallen-v2-camera1p5m/prompts/95_p10-partially-occluded-fallen-person-05.txt,ffa99b3c60930507d36b003bfe78706c91a0e8c01926f80f15835de52ad31a43,ffa99b3c60930507d36b003bfe78706c91a0e8c01926f80f15835de52ad31a43,/home/yanbo/下载/batches/batch_person-fallen-v2-camera1p5m/final/95_p10-partially-occluded-fallen-person-05.png,b6f296d8a7aa82b277c369a2b321956993c64ad3e6f4b3c7328294c2719d315e,b6f296d8a7aa82b277c369a2b321956993c64ad3e6f4b3c7328294c2719d315e,FROZEN_V2_MANIFEST_EXPECTED_AND_ACTUAL,REUSABLE_V2_NON_HOLDOUT,FROZEN_V2_PROMPT_IMAGE_MAPPING_PASS,V3_PARTIALLY_OCCLUDED_LYING_POSITIVE,PASS_EXPLICIT_POSTURE_CUE,positive,PROMPT_DERIVED_SYNTHETIC_GT,FROZEN_GENERATION_PROMPT_AND_PLANNED_ROLE,false,positive,true,
V2_ORIGINAL::IMG_004078,V2_ORIGINAL_SYNTHETIC_500,96_p10-partially-occluded-fallen-person-06,IMG_004078,pf_v2_aigc_p10-partially-occluded-fallen-person,DEV,V3_DEV,positive,1,partially_occluded_lying,/home/yanbo/下载/batches/batch_person-fallen-v2-camera1p5m/prompts/96_p10-partially-occluded-fallen-person-06.txt,a89f4e81873c4c71efc3ca9ceeabd6d51ad0021acaec148c18186a342bfb6c50,a89f4e81873c4c71efc3ca9ceeabd6d51ad0021acaec148c18186a342bfb6c50,/home/yanbo/下载/batches/batch_person-fallen-v2-camera1p5m/final/96_p10-partially-occluded-fallen-person-06.png,bb6ced4cdb8a21b8e00a65a3918e247e8f0fd101a11fdbf5d207a3b33a48cc57,bb6ced4cdb8a21b8e00a65a3918e247e8f0fd101a11fdbf5d207a3b33a48cc57,FROZEN_V2_MANIFEST_EXPECTED_AND_ACTUAL,REUSABLE_V2_NON_HOLDOUT,FROZEN_V2_PROMPT_IMAGE_MAPPING_PASS,V3_PARTIALLY_OCCLUDED_LYING_POSITIVE,PASS_EXPLICIT_POSTURE_CUE,positive,PROMPT_DERIVED_SYNTHETIC_GT,FROZEN_GENERATION_PROMPT_AND_PLANNED_ROLE,false,positive,true,
V2_ORIGINAL::IMG_004079,V2_ORIGINAL_SYNTHETIC_500,97_p10-partially-occluded-fallen-person-07,IMG_004079,pf_v2_aigc_p10-partially-occluded-fallen-person,DEV,V3_DEV,positive,1,partially_occluded_lying,/home/yanbo/下载/batches/batch_person-fallen-v2-camera1p5m/prompts/97_p10-partially-occluded-fallen-person-07.txt,b1fa054d1939e57dc5796aa45f68243e10059bcdde75eddadf2555fdebf5d517,b1fa054d1939e57dc5796aa45f68243e10059bcdde75eddadf2555fdebf5d517,/home/yanbo/下载/batches/batch_person-fallen-v2-camera1p5m/final/97_p10-partially-occluded-fallen-person-07.png,44636d1b9c57594ac54a1a4912e5cf63178ed66566510bbbf7fb5b1b1e874b88,44636d1b9c57594ac54a1a4912e5cf63178ed66566510bbbf7fb5b1b1e874b88,FROZEN_V2_MANIFEST_EXPECTED_AND_ACTUAL,REUSABLE_V2_NON_HOLDOUT,FROZEN_V2_PROMPT_IMAGE_MAPPING_PASS,V3_PARTIALLY_OCCLUDED_LYING_POSITIVE,PASS_EXPLICIT_POSTURE_CUE,positive,PROMPT_DERIVED_SYNTHETIC_GT,FROZEN_GENERATION_PROMPT_AND_PLANNED_ROLE,false,positive,true,
V2_ORIGINAL::IMG_004080,V2_ORIGINAL_SYNTHETIC_500,98_p10-partially-occluded-fallen-person-08,IMG_004080,pf_v2_aigc_p10-partially-occluded-fallen-person,DEV,V3_DEV,positive,1,partially_occluded_lying,/home/yanbo/下载/batches/batch_person-fallen-v2-camera1p5m/prompts/98_p10-partially-occluded-fallen-person-08.txt,95bfa73e59566105d3858e4d54b45f3d7fd56b03e0509439a0bec8c0454da9b5,95bfa73e59566105d3858e4d54b45f3d7fd56b03e0509439a0bec8c0454da9b5,/home/yanbo/下载/batches/batch_person-fallen-v2-camera1p5m/final/98_p10-partially-occluded-fallen-person-08.png,ef5432742429ff4aa120057740cd5954ed171776f8c2317dbe744fcf296252d7,ef5432742429ff4aa120057740cd5954ed171776f8c2317dbe744fcf296252d7,FROZEN_V2_MANIFEST_EXPECTED_AND_ACTUAL,REUSABLE_V2_NON_HOLDOUT,FROZEN_V2_PROMPT_IMAGE_MAPPING_PASS,V3_PARTIALLY_OCCLUDED_LYING_POSITIVE,PASS_EXPLICIT_POSTURE_CUE,positive,PROMPT_DERIVED_SYNTHETIC_GT,FROZEN_GENERATION_PROMPT_AND_PLANNED_ROLE,false,positive,true,
V2_ORIGINAL::IMG_004081,V2_ORIGINAL_SYNTHETIC_500,99_p10-partially-occluded-fallen-person-09,IMG_004081,pf_v2_aigc_p10-partially-occluded-fallen-person,DEV,V3_DEV,positive,1,partially_occluded_lying,/home/yanbo/下载/batches/batch_person-fallen-v2-camera1p5m/prompts/99_p10-partially-occluded-fallen-person-09.txt,d281002fb923f3baa78ad76516a65196d1c1d1187443bc0a0ee3bfce0b679d1b,d281002fb923f3baa78ad76516a65196d1c1d1187443bc0a0ee3bfce0b679d1b,/home/yanbo/下载/batches/batch_person-fallen-v2-camera1p5m/final/99_p10-partially-occluded-fallen-person-09.png,c1986b13f838a910c7e2958d9851f9d61140c6f9ef8011a98ce6454153f1c5e1,c1986b13f838a910c7e2958d9851f9d61140c6f9ef8011a98ce6454153f1c5e1,FROZEN_V2_MANIFEST_EXPECTED_AND_ACTUAL,REUSABLE_V2_NON_HOLDOUT,FROZEN_V2_PROMPT_IMAGE_MAPPING_PASS,V3_PARTIALLY_OCCLUDED_LYING_POSITIVE,PASS_EXPLICIT_POSTURE_CUE,positive,PROMPT_DERIVED_SYNTHETIC_GT,FROZEN_GENERATION_PROMPT_AND_PLANNED_ROLE,false,positive,true,
P4D_PLAN::PF_P4D_HN_SIT_G001_V01,P4D_FROZEN_PLAN_440,PF_P4D_HN_SIT_G001_V01,,PF_P4D_HN_SIT_G001,NEW_DESIGN,V3_DEV,hard_negative,negative,floor_sitting,/home/yanbo/下载/batches/batch_person-fallen-v2-p4d-hardneg-rev1-camera1p5m/prompts/PF_P4D_HN_SIT_G001_V01.txt,8457b5040240fdd57d98ae5bb02251b9dfb94502bf650ebec2ab57018186ef5a,8457b5040240fdd57d98ae5bb02251b9dfb94502bf650ebec2ab57018186ef5a,/home/yanbo/下载/batches/batch-person-fallen-v2-p4d-hardneg-fullregen-r2-camera1p5m/final/PF_P4D_HN_SIT_G001_V01.png,e2a581d85bad33fe876ee72c81c6ed053fc8ab9c62975f9daa63beb4393052fa,e2a581d85bad33fe876ee72c81c6ed053fc8ab9c62975f9daa63beb4393052fa,FAST_CLOSE_EXPECTED_AND_ACTUAL,REUSABLE_P4D_CLEAN_FAST_CLOSE,P4D_FAST_CLOSE_PROVENANCE_MECHANICAL_LINEAGE_PASS,V3_FLOOR_SITTING_NEGATIVE,PASS_EXPLICIT_NEGATIVE_CUE,negative,PROMPT_DERIVED_SYNTHETIC_GT,FROZEN_GENERATION_PROMPT_AND_PLANNED_ROLE,false,hard_negative,true,
P4D_PLAN::PF_P4D_HN_SIT_G001_V02,P4D_FROZEN_PLAN_440,PF_P4D_HN_SIT_G001_V02,,PF_P4D_HN_SIT_G001,NEW_DESIGN,V3_DEV,hard_negative,negative,floor_sitting,/home/yanbo/下载/batches/batch_person-fallen-v2-p4d-hardneg-rev1-camera1p5m/prompts/PF_P4D_HN_SIT_G001_V02.txt,50a601f6f68a7a5b163ed7b7912cb046500a0629ebf1fa884e7e05490af4c4e9,50a601f6f68a7a5b163ed7b7912cb046500a0629ebf1fa884e7e05490af4c4e9,/home/yanbo/下载/batches/batch-person-fallen-v2-p4d-hardneg-fullregen-r2-camera1p5m/final/PF_P4D_HN_SIT_G001_V02.png,d21e3b0133297066faa98825f1b244b103aa41b025a604ab263570ced2abc6ae,d21e3b0133297066faa98825f1b244b103aa41b025a604ab263570ced2abc6ae,FAST_CLOSE_EXPECTED_AND_ACTUAL,REUSABLE_P4D_CLEAN_FAST_CLOSE,P4D_FAST_CLOSE_PROVENANCE_MECHANICAL_LINEAGE_PASS,V3_FLOOR_SITTING_NEGATIVE,PASS_EXPLICIT_NEGATIVE_CUE,negative,PROMPT_DERIVED_SYNTHETIC_GT,FROZEN_GENERATION_PROMPT_AND_PLANNED_ROLE,false,hard_negative,true,
P4D_PLAN::PF_P4D_HN_SIT_G001_V03,P4D_FROZEN_PLAN_440,PF_P4D_HN_SIT_G001_V03,,PF_P4D_HN_SIT_G001,NEW_DESIGN,V3_DEV,hard_negative,negative,floor_sitting,/home/yanbo/下载/batches/batch_person-fallen-v2-p4d-hardneg-rev1-camera1p5m/prompts/PF_P4D_HN_SIT_G001_V03.txt,037ce19367f033d97dca0bbc8e7757b3e6dda321dcf44478aaa55198e1a32044,037ce19367f033d97dca0bbc8e7757b3e6dda321dcf44478aaa55198e1a32044,/home/yanbo/下载/batches/batch-person-fallen-v2-p4d-hardneg-fullregen-r2-camera1p5m/final/PF_P4D_HN_SIT_G001_V03.png,674601dc13de3a69747b95d3c61fcef59f1fbf0e4aff3cb3ab4b27dcbfd899d7,674601dc13de3a69747b95d3c61fcef59f1fbf0e4aff3cb3ab4b27dcbfd899d7,FAST_CLOSE_EXPECTED_AND_ACTUAL,REUSABLE_P4D_CLEAN_FAST_CLOSE,P4D_FAST_CLOSE_PROVENANCE_MECHANICAL_LINEAGE_PASS,V3_FLOOR_SITTING_NEGATIVE,PASS_EXPLICIT_NEGATIVE_CUE,negative,PROMPT_DERIVED_SYNTHETIC_GT,FROZEN_GENERATION_PROMPT_AND_PLANNED_ROLE,false,hard_negative,true,
P4D_PLAN::PF_P4D_HN_SIT_G001_V04,P4D_FROZEN_PLAN_440,PF_P4D_HN_SIT_G001_V04,,PF_P4D_HN_SIT_G001,NEW_DESIGN,V3_DEV,hard_negative,negative,floor_sitting,/home/yanbo/下载/batches/batch_person-fallen-v2-p4d-hardneg-rev1-camera1p5m/prompts/PF_P4D_HN_SIT_G001_V04.txt,fe4762f481c9de4f3c83d4bdbb52f90df85ec53d6868333bdf98aeba7b5d25b9,fe4762f481c9de4f3c83d4bdbb52f90df85ec53d6868333bdf98aeba7b5d25b9,/home/yanbo/下载/batches/batch-person-fallen-v2-p4d-hardneg-fullregen-r2-camera1p5m/final/PF_P4D_HN_SIT_G001_V04.png,6c15404fd1f16c2c4e478e153bd3d7cc723e4e279c80ea6e91832cc998c0aa89,6c15404fd1f16c2c4e478e153bd3d7cc723e4e279c80ea6e91832cc998c0aa89,FAST_CLOSE_EXPECTED_AND_ACTUAL,REUSABLE_P4D_CLEAN_FAST_CLOSE,P4D_FAST_CLOSE_PROVENANCE_MECHANICAL_LINEAGE_PASS,V3_FLOOR_SITTING_NEGATIVE,PASS_EXPLICIT_NEGATIVE_CUE,negative,PROMPT_DERIVED_SYNTHETIC_GT,FROZEN_GENERATION_PROMPT_AND_PLANNED_ROLE,false,hard_negative,true,
P4D_PLAN::PF_P4D_HN_SIT_G001_V05,P4D_FROZEN_PLAN_440,PF_P4D_HN_SIT_G001_V05,,PF_P4D_HN_SIT_G001,NEW_DESIGN,V3_DEV,hard_negative,negative,floor_sitting,/home/yanbo/下载/batches/batch_person-fallen-v2-p4d-hardneg-rev1-camera1p5m/prompts/PF_P4D_HN_SIT_G001_V05.txt,8903c290d95542423a083d187a94814a17c5f374775fd69ddccfb8aa64b99804,8903c290d95542423a083d187a94814a17c5f374775fd69ddccfb8aa64b99804,/home/yanbo/下载/batches/batch-person-fallen-v2-p4d-hardneg-fullregen-r2-camera1p5m/final/PF_P4D_HN_SIT_G001_V05.png,8a601a296c493209ea6d0e4d3c42904a94ece62d0d799b801df68eeb49a3ec96,8a601a296c493209ea6d0e4d3c42904a94ece62d0d799b801df68eeb49a3ec96,FAST_CLOSE_EXPECTED_AND_ACTUAL,REUSABLE_P4D_CLEAN_FAST_CLOSE,P4D_FAST_CLOSE_PROVENANCE_MECHANICAL_LINEAGE_PASS,V3_FLOOR_SITTING_NEGATIVE,PASS_EXPLICIT_NEGATIVE_CUE,negative,PROMPT_DERIVED_SYNTHETIC_GT,FROZEN_GENERATION_PROMPT_AND_PLANNED_ROLE,false,hard_negative,true,
P4D_PLAN::PF_P4D_HN_SIT_G002_V01,P4D_FROZEN_PLAN_440,PF_P4D_HN_SIT_G002_V01,,PF_P4D_HN_SIT_G002,NEW_DESIGN,V3_DEV,hard_negative,negative,floor_sitting,/home/yanbo/下载/batches/batch_person-fallen-v2-p4d-hardneg-rev1-camera1p5m/prompts/PF_P4D_HN_SIT_G002_V01.txt,47697e2923fb9b4c34e16b6bd0eccfb2bd7735f9ed9c2a4dfbaa2fb44e21ca74,47697e2923fb9b4c34e16b6bd0eccfb2bd7735f9ed9c2a4dfbaa2fb44e21ca74,/home/yanbo/下载/batches/batch-person-fallen-v2-p4d-hardneg-fullregen-r2-camera1p5m/final/PF_P4D_HN_SIT_G002_V01.png,5d5f299d58ecc1b07020fa3b42f858d18ebaef9a26d8c2764f942d098bfbb183,5d5f299d58ecc1b07020fa3b42f858d18ebaef9a26d8c2764f942d098bfbb183,FAST_CLOSE_EXPECTED_AND_ACTUAL,REUSABLE_P4D_CLEAN_FAST_CLOSE,P4D_FAST_CLOSE_PROVENANCE_MECHANICAL_LINEAGE_PASS,V3_FLOOR_SITTING_NEGATIVE,PASS_EXPLICIT_NEGATIVE_CUE,negative,PROMPT_DERIVED_SYNTHETIC_GT,FROZEN_GENERATION_PROMPT_AND_PLANNED_ROLE,false,hard_negative,true,
P4D_PLAN::PF_P4D_HN_SIT_G002_V02,P4D_FROZEN_PLAN_440,PF_P4D_HN_SIT_G002_V02,,PF_P4D_HN_SIT_G002,NEW_DESIGN,V3_DEV,hard_negative,negative,floor_sitting,/home/yanbo/下载/batches/batch_person-fallen-v2-p4d-hardneg-rev1-camera1p5m/prompts/PF_P4D_HN_SIT_G002_V02.txt,5fea79c209c78eb411266cb3f668d803833209d456edbb8541a2c22eaea3a049,5fea79c209c78eb411266cb3f668d803833209d456edbb8541a2c22eaea3a049,/home/yanbo/下载/batches/batch-person-fallen-v2-p4d-hardneg-fullregen-r2-camera1p5m/final/PF_P4D_HN_SIT_G002_V02.png,2acb0923c09fb9a05e838a3f6a0c204ff7e591bd59e6eefe91bc5f861ebca5a0,2acb0923c09fb9a05e838a3f6a0c204ff7e591bd59e6eefe91bc5f861ebca5a0,FAST_CLOSE_EXPECTED_AND_ACTUAL,REUSABLE_P4D_CLEAN_FAST_CLOSE,P4D_FAST_CLOSE_PROVENANCE_MECHANICAL_LINEAGE_PASS,V3_FLOOR_SITTING_NEGATIVE,PASS_EXPLICIT_NEGATIVE_CUE,negative,PROMPT_DERIVED_SYNTHETIC_GT,FROZEN_GENERATION_PROMPT_AND_PLANNED_ROLE,false,hard_negative,true,
P4D_PLAN::PF_P4D_HN_SIT_G002_V03,P4D_FROZEN_PLAN_440,PF_P4D_HN_SIT_G002_V03,,PF_P4D_HN_SIT_G002,NEW_DESIGN,V3_DEV,hard_negative,negative,floor_sitting,/home/yanbo/下载/batches/batch_person-fallen-v2-p4d-hardneg-rev1-camera1p5m/prompts/PF_P4D_HN_SIT_G002_V03.txt,38481f5dd1bd755cbe76dcc73a2a338d336e94504d599c3fe1b189cb62e5f7fc,38481f5dd1bd755cbe76dcc73a2a338d336e94504d599c3fe1b189cb62e5f7fc,/home/yanbo/下载/batches/batch-person-fallen-v2-p4d-hardneg-fullregen-r2-camera1p5m/final/PF_P4D_HN_SIT_G002_V03.png,a458075e4d53995d5a06b79b7845b3762afb2f5df3a1b4f9f88d8306f605e349,a458075e4d53995d5a06b79b7845b3762afb2f5df3a1b4f9f88d8306f605e349,FAST_CLOSE_EXPECTED_AND_ACTUAL,REUSABLE_P4D_CLEAN_FAST_CLOSE,P4D_FAST_CLOSE_PROVENANCE_MECHANICAL_LINEAGE_PASS,V3_FLOOR_SITTING_NEGATIVE,PASS_EXPLICIT_NEGATIVE_CUE,negative,PROMPT_DERIVED_SYNTHETIC_GT,FROZEN_GENERATION_PROMPT_AND_PLANNED_ROLE,false,hard_negative,true,
P4D_PLAN::PF_P4D_HN_SIT_G002_V04,P4D_FROZEN_PLAN_440,PF_P4D_HN_SIT_G002_V04,,PF_P4D_HN_SIT_G002,NEW_DESIGN,V3_DEV,hard_negative,negative,floor_sitting,/home/yanbo/下载/batches/batch_person-fallen-v2-p4d-hardneg-rev1-camera1p5m/prompts/PF_P4D_HN_SIT_G002_V04.txt,7dc530bcd9852562431e2383eb32722bfa8d66315c16aa59d3e24f750203a686,7dc530bcd9852562431e2383eb32722bfa8d66315c16aa59d3e24f750203a686,/home/yanbo/下载/batches/batch-person-fallen-v2-p4d-hardneg-fullregen-r2-camera1p5m/final/PF_P4D_HN_SIT_G002_V04.png,0983512e462a6aceae3035e2f75ce3acbb144d94e6ab657a60bd91117a1f2ff2,0983512e462a6aceae3035e2f75ce3acbb144d94e6ab657a60bd91117a1f2ff2,FAST_CLOSE_EXPECTED_AND_ACTUAL,REUSABLE_P4D_CLEAN_FAST_CLOSE,P4D_FAST_CLOSE_PROVENANCE_MECHANICAL_LINEAGE_PASS,V3_FLOOR_SITTING_NEGATIVE,PASS_EXPLICIT_NEGATIVE_CUE,negative,PROMPT_DERIVED_SYNTHETIC_GT,FROZEN_GENERATION_PROMPT_AND_PLANNED_ROLE,false,hard_negative,true,
P4D_PLAN::PF_P4D_HN_SIT_G002_V05,P4D_FROZEN_PLAN_440,PF_P4D_HN_SIT_G002_V05,,PF_P4D_HN_SIT_G002,NEW_DESIGN,V3_DEV,hard_negative,negative,floor_sitting,/home/yanbo/下载/batches/batch_person-fallen-v2-p4d-hardneg-rev1-camera1p5m/prompts/PF_P4D_HN_SIT_G002_V05.txt,6a6ea6c25eda8bccfb9e2052278695a5b7749a9fffc1b18b850c85c0058b158e,6a6ea6c25eda8bccfb9e2052278695a5b7749a9fffc1b18b850c85c0058b158e,/home/yanbo/下载/batches/batch-person-fallen-v2-p4d-hardneg-fullregen-r2-camera1p5m/final/PF_P4D_HN_SIT_G002_V05.png,18ee5f3c112248004e858561f6aa0273a1359b5840fc325cefe6aa803b857b37,18ee5f3c112248004e858561f6aa0273a1359b5840fc325cefe6aa803b857b37,FAST_CLOSE_EXPECTED_AND_ACTUAL,REUSABLE_P4D_CLEAN_FAST_CLOSE,P4D_FAST_CLOSE_PROVENANCE_MECHANICAL_LINEAGE_PASS,V3_FLOOR_SITTING_NEGATIVE,PASS_EXPLICIT_NEGATIVE_CUE,negative,PROMPT_DERIVED_SYNTHETIC_GT,FROZEN_GENERATION_PROMPT_AND_PLANNED_ROLE,false,hard_negative,true,
P4D_PLAN::PF_P4D_HN_SIT_G003_V01,P4D_FROZEN_PLAN_440,PF_P4D_HN_SIT_G003_V01,,PF_P4D_HN_SIT_G003,NEW_DESIGN,V3_DEV,hard_negative,negative,floor_sitting,/home/yanbo/下载/batches/batch_person-fallen-v2-p4d-hardneg-rev1-camera1p5m/prompts/PF_P4D_HN_SIT_G003_V01.txt,cd5f06b9d914bfaf65b39d00a6e89f9c26c154fba6ea2bf4304f8308a98fca87,cd5f06b9d914bfaf65b39d00a6e89f9c26c154fba6ea2bf4304f8308a98fca87,/home/yanbo/下载/batches/batch-person-fallen-v2-p4d-hardneg-fullregen-r2-camera1p5m/final/PF_P4D_HN_SIT_G003_V01.png,82c93c11913b624d905bbe6229fb23e3c28feced12dc8004e04a8a5e7e3f721b,82c93c11913b624d905bbe6229fb23e3c28feced12dc8004e04a8a5e7e3f721b,FAST_CLOSE_EXPECTED_AND_ACTUAL,REUSABLE_P4D_CLEAN_FAST_CLOSE,P4D_FAST_CLOSE_PROVENANCE_MECHANICAL_LINEAGE_PASS,V3_FLOOR_SITTING_NEGATIVE,PASS_EXPLICIT_NEGATIVE_CUE,negative,PROMPT_DERIVED_SYNTHETIC_GT,FROZEN_GENERATION_PROMPT_AND_PLANNED_ROLE,false,hard_negative,true,
P4D_PLAN::PF_P4D_HN_SIT_G003_V02,P4D_FROZEN_PLAN_440,PF_P4D_HN_SIT_G003_V02,,PF_P4D_HN_SIT_G003,NEW_DESIGN,V3_DEV,hard_negative,negative,floor_sitting,/home/yanbo/下载/batches/batch_person-fallen-v2-p4d-hardneg-rev1-camera1p5m/prompts/PF_P4D_HN_SIT_G003_V02.txt,e007e022535ddda747ea46a0737dcd9fad53b20a0b4e0a13d833d07571193db0,e007e022535ddda747ea46a0737dcd9fad53b20a0b4e0a13d833d07571193db0,/home/yanbo/下载/batches/batch-person-fallen-v2-p4d-hardneg-fullregen-r2-camera1p5m/final/PF_P4D_HN_SIT_G003_V02.png,cdf600081cce213b1f9bad1c9f9fbfed646e637c5236cf94207930eeefd4b0b4,cdf600081cce213b1f9bad1c9f9fbfed646e637c5236cf94207930eeefd4b0b4,FAST_CLOSE_EXPECTED_AND_ACTUAL,REUSABLE_P4D_CLEAN_FAST_CLOSE,P4D_FAST_CLOSE_PROVENANCE_MECHANICAL_LINEAGE_PASS,V3_FLOOR_SITTING_NEGATIVE,PASS_EXPLICIT_NEGATIVE_CUE,negative,PROMPT_DERIVED_SYNTHETIC_GT,FROZEN_GENERATION_PROMPT_AND_PLANNED_ROLE,false,hard_negative,true,
P4D_PLAN::PF_P4D_HN_SIT_G003_V03,P4D_FROZEN_PLAN_440,PF_P4D_HN_SIT_G003_V03,,PF_P4D_HN_SIT_G003,NEW_DESIGN,V3_DEV,hard_negative,negative,floor_sitting,/home/yanbo/下载/batches/batch_person-fallen-v2-p4d-hardneg-rev1-camera1p5m/prompts/PF_P4D_HN_SIT_G003_V03.txt,adac94a9716abcf12e45f452d0fd74e38f05b30c9a0498e835de033f663a983f,adac94a9716abcf12e45f452d0fd74e38f05b30c9a0498e835de033f663a983f,/home/yanbo/下载/batches/batch-person-fallen-v2-p4d-hardneg-fullregen-r2-camera1p5m/final/PF_P4D_HN_SIT_G003_V03.png,46e0ab9a8342d2fcafe30c36d58e79d718b6e4c9599bb81dda89718beddeb572,46e0ab9a8342d2fcafe30c36d58e79d718b6e4c9599bb81dda89718beddeb572,FAST_CLOSE_EXPECTED_AND_ACTUAL,REUSABLE_P4D_CLEAN_FAST_CLOSE,P4D_FAST_CLOSE_PROVENANCE_MECHANICAL_LINEAGE_PASS,V3_FLOOR_SITTING_NEGATIVE,PASS_EXPLICIT_NEGATIVE_CUE,negative,PROMPT_DERIVED_SYNTHETIC_GT,FROZEN_GENERATION_PROMPT_AND_PLANNED_ROLE,false,hard_negative,true,
P4D_PLAN::PF_P4D_HN_SIT_G003_V04,P4D_FROZEN_PLAN_440,PF_P4D_HN_SIT_G003_V04,,PF_P4D_HN_SIT_G003,NEW_DESIGN,V3_DEV,hard_negative,negative,floor_sitting,/home/yanbo/下载/batches/batch_person-fallen-v2-p4d-hardneg-rev1-camera1p5m/prompts/PF_P4D_HN_SIT_G003_V04.txt,ac6c84c00b43f11805559fe36ae37ddb6c0a2442a7bbe7b29655306856430a94,ac6c84c00b43f11805559fe36ae37ddb6c0a2442a7bbe7b29655306856430a94,/home/yanbo/下载/batches/batch-person-fallen-v2-p4d-hardneg-fullregen-r2-camera1p5m/final/PF_P4D_HN_SIT_G003_V04.png,508aafa44c932eafee7b1820477be13106729fffa88645274c533de97f008c20,508aafa44c932eafee7b1820477be13106729fffa88645274c533de97f008c20,FAST_CLOSE_EXPECTED_AND_ACTUAL,REUSABLE_P4D_CLEAN_FAST_CLOSE,P4D_FAST_CLOSE_PROVENANCE_MECHANICAL_LINEAGE_PASS,V3_FLOOR_SITTING_NEGATIVE,PASS_EXPLICIT_NEGATIVE_CUE,negative,PROMPT_DERIVED_SYNTHETIC_GT,FROZEN_GENERATION_PROMPT_AND_PLANNED_ROLE,false,hard_negative,true,
P4D_PLAN::PF_P4D_HN_SIT_G003_V05,P4D_FROZEN_PLAN_440,PF_P4D_HN_SIT_G003_V05,,PF_P4D_HN_SIT_G003,NEW_DESIGN,V3_DEV,hard_negative,negative,floor_sitting,/home/yanbo/下载/batches/batch_person-fallen-v2-p4d-hardneg-rev1-camera1p5m/prompts/PF_P4D_HN_SIT_G003_V05.txt,e3713bde3bd9de2edc811137d47e26178cefb840d9bfdd6a48bb1879e966c718,e3713bde3bd9de2edc811137d47e26178cefb840d9bfdd6a48bb1879e966c718,/home/yanbo/下载/batches/batch-person-fallen-v2-p4d-hardneg-fullregen-r2-camera1p5m/final/PF_P4D_HN_SIT_G003_V05.png,d4b910a71663ae1b2d90e1edb5af4980842e20eb492d861eb965db1d5c14ab0d,d4b910a71663ae1b2d90e1edb5af4980842e20eb492d861eb965db1d5c14ab0d,FAST_CLOSE_EXPECTED_AND_ACTUAL,REUSABLE_P4D_CLEAN_FAST_CLOSE,P4D_FAST_CLOSE_PROVENANCE_MECHANICAL_LINEAGE_PASS,V3_FLOOR_SITTING_NEGATIVE,PASS_EXPLICIT_NEGATIVE_CUE,negative,PROMPT_DERIVED_SYNTHETIC_GT,FROZEN_GENERATION_PROMPT_AND_PLANNED_ROLE,false,hard_negative,true,
P4D_PLAN::PF_P4D_HN_SIT_G004_V01,P4D_FROZEN_PLAN_440,PF_P4D_HN_SIT_G004_V01,,PF_P4D_HN_SIT_G004,NEW_DESIGN,V3_DEV,hard_negative,negative,floor_sitting,/home/yanbo/下载/batches/batch_person-fallen-v2-p4d-hardneg-rev1-camera1p5m/prompts/PF_P4D_HN_SIT_G004_V01.txt,b679b5073038eec3341843397175850480240eed20cb9c705b36a06a2e1a2485,b679b5073038eec3341843397175850480240eed20cb9c705b36a06a2e1a2485,/home/yanbo/下载/batches/batch-person-fallen-v2-p4d-hardneg-fullregen-r2-camera1p5m/final/PF_P4D_HN_SIT_G004_V01.png,9cc7238930c1217ea2d18dc48dbdea669e51a458fa066a7b6898b4246cbc93d9,9cc7238930c1217ea2d18dc48dbdea669e51a458fa066a7b6898b4246cbc93d9,FAST_CLOSE_EXPECTED_AND_ACTUAL,REUSABLE_P4D_CLEAN_FAST_CLOSE,P4D_FAST_CLOSE_PROVENANCE_MECHANICAL_LINEAGE_PASS,V3_FLOOR_SITTING_NEGATIVE,PASS_EXPLICIT_NEGATIVE_CUE,negative,PROMPT_DERIVED_SYNTHETIC_GT,FROZEN_GENERATION_PROMPT_AND_PLANNED_ROLE,false,hard_negative,true,
P4D_PLAN::PF_P4D_HN_SIT_G004_V02,P4D_FROZEN_PLAN_440,PF_P4D_HN_SIT_G004_V02,,PF_P4D_HN_SIT_G004,NEW_DESIGN,V3_DEV,hard_negative,negative,floor_sitting,/home/yanbo/下载/batches/batch_person-fallen-v2-p4d-hardneg-rev1-camera1p5m/prompts/PF_P4D_HN_SIT_G004_V02.txt,4517579bd4a99a33eb794f019ea69b9ffe8d5cf0864148f890fe7ace47c4ed61,4517579bd4a99a33eb794f019ea69b9ffe8d5cf0864148f890fe7ace47c4ed61,/home/yanbo/下载/batches/batch-person-fallen-v2-p4d-hardneg-fullregen-r2-camera1p5m/final/PF_P4D_HN_SIT_G004_V02.png,b4a496f7a6980d1cb33c30bb54ebb18ee79a76b3f689ee24e77f1c812603559e,b4a496f7a6980d1cb33c30bb54ebb18ee79a76b3f689ee24e77f1c812603559e,FAST_CLOSE_EXPECTED_AND_ACTUAL,REUSABLE_P4D_CLEAN_FAST_CLOSE,P4D_FAST_CLOSE_PROVENANCE_MECHANICAL_LINEAGE_PASS,V3_FLOOR_SITTING_NEGATIVE,PASS_EXPLICIT_NEGATIVE_CUE,negative,PROMPT_DERIVED_SYNTHETIC_GT,FROZEN_GENERATION_PROMPT_AND_PLANNED_ROLE,false,hard_negative,true,
P4D_PLAN::PF_P4D_HN_SIT_G004_V03,P4D_FROZEN_PLAN_440,PF_P4D_HN_SIT_G004_V03,,PF_P4D_HN_SIT_G004,NEW_DESIGN,V3_DEV,hard_negative,negative,floor_sitting,/home/yanbo/下载/batches/batch_person-fallen-v2-p4d-hardneg-rev1-camera1p5m/prompts/PF_P4D_HN_SIT_G004_V03.txt,a75917ee0b99d79614495110c80eda9f42c0b1f2781039beadb627a259d372ea,a75917ee0b99d79614495110c80eda9f42c0b1f2781039beadb627a259d372ea,/home/yanbo/下载/batches/batch-person-fallen-v2-p4d-hardneg-fullregen-r2-camera1p5m/final/PF_P4D_HN_SIT_G004_V03.png,352eb78ed02788e59e264fdb495cb474d8ec9d29b877f5edc586785a602ea523,352eb78ed02788e59e264fdb495cb474d8ec9d29b877f5edc586785a602ea523,FAST_CLOSE_EXPECTED_AND_ACTUAL,REUSABLE_P4D_CLEAN_FAST_CLOSE,P4D_FAST_CLOSE_PROVENANCE_MECHANICAL_LINEAGE_PASS,V3_FLOOR_SITTING_NEGATIVE,PASS_EXPLICIT_NEGATIVE_CUE,negative,PROMPT_DERIVED_SYNTHETIC_GT,FROZEN_GENERATION_PROMPT_AND_PLANNED_ROLE,false,hard_negative,true,
P4D_PLAN::PF_P4D_HN_SIT_G004_V04,P4D_FROZEN_PLAN_440,PF_P4D_HN_SIT_G004_V04,,PF_P4D_HN_SIT_G004,NEW_DESIGN,V3_DEV,hard_negative,negative,floor_sitting,/home/yanbo/下载/batches/batch_person-fallen-v2-p4d-hardneg-rev1-camera1p5m/prompts/PF_P4D_HN_SIT_G004_V04.txt,c96c21cd2e2302e2a769fa3265c28919918334b67ab6fb268b30edabc0ece664,c96c21cd2e2302e2a769fa3265c28919918334b67ab6fb268b30edabc0ece664,/home/yanbo/下载/batches/batch-person-fallen-v2-p4d-hardneg-fullregen-r2-camera1p5m/final/PF_P4D_HN_SIT_G004_V04.png,c9270dd2a72642e56e83a834c5160de30f152ae41e126198782de08a499435f5,c9270dd2a72642e56e83a834c5160de30f152ae41e126198782de08a499435f5,FAST_CLOSE_EXPECTED_AND_ACTUAL,REUSABLE_P4D_CLEAN_FAST_CLOSE,P4D_FAST_CLOSE_PROVENANCE_MECHANICAL_LINEAGE_PASS,V3_FLOOR_SITTING_NEGATIVE,PASS_EXPLICIT_NEGATIVE_CUE,negative,PROMPT_DERIVED_SYNTHETIC_GT,FROZEN_GENERATION_PROMPT_AND_PLANNED_ROLE,false,hard_negative,true,
P4D_PLAN::PF_P4D_HN_SIT_G004_V05,P4D_FROZEN_PLAN_440,PF_P4D_HN_SIT_G004_V05,,PF_P4D_HN_SIT_G004,NEW_DESIGN,V3_DEV,hard_negative,negative,floor_sitting,/home/yanbo/下载/batches/batch_person-fallen-v2-p4d-hardneg-rev1-camera1p5m/prompts/PF_P4D_HN_SIT_G004_V05.txt,cf0c65aabb6f380434966f03cdf87d1118130b7ffd039bf0721c7bd753a9ea47,cf0c65aabb6f380434966f03cdf87d1118130b7ffd039bf0721c7bd753a9ea47,/home/yanbo/下载/batches/batch-person-fallen-v2-p4d-hardneg-fullregen-r2-camera1p5m/final/PF_P4D_HN_SIT_G004_V05.png,cf1efda1ab8c7d25765c3fe7bacae4d6bb400c876d2e09bcfedf9e3d89561c84,cf1efda1ab8c7d25765c3fe7bacae4d6bb400c876d2e09bcfedf9e3d89561c84,FAST_CLOSE_EXPECTED_AND_ACTUAL,REUSABLE_P4D_CLEAN_FAST_CLOSE,P4D_FAST_CLOSE_PROVENANCE_MECHANICAL_LINEAGE_PASS,V3_FLOOR_SITTING_NEGATIVE,PASS_EXPLICIT_NEGATIVE_CUE,negative,PROMPT_DERIVED_SYNTHETIC_GT,FROZEN_GENERATION_PROMPT_AND_PLANNED_ROLE,false,hard_negative,true,
P4D_PLAN::PF_P4D_HN_SIT_G005_V01,P4D_FROZEN_PLAN_440,PF_P4D_HN_SIT_G005_V01,,PF_P4D_HN_SIT_G005,NEW_DESIGN,V3_DEV,hard_negative,negative,floor_sitting,/home/yanbo/下载/batches/batch_person-fallen-v2-p4d-hardneg-rev1-camera1p5m/prompts/PF_P4D_HN_SIT_G005_V01.txt,4dea6b9e3b52568663958fbe54ffcf5eec9ace5d0cc7b94860298ea1850301c7,4dea6b9e3b52568663958fbe54ffcf5eec9ace5d0cc7b94860298ea1850301c7,/home/yanbo/下载/batches/batch-person-fallen-v2-p4d-hardneg-fullregen-r2-camera1p5m/final/PF_P4D_HN_SIT_G005_V01.png,a3852c0884e2d8f2442ffa6d9629983e06d2bf37874285d2625db3a9769b09e2,a3852c0884e2d8f2442ffa6d9629983e06d2bf37874285d2625db3a9769b09e2,FAST_CLOSE_EXPECTED_AND_ACTUAL,REUSABLE_P4D_CLEAN_FAST_CLOSE,P4D_FAST_CLOSE_PROVENANCE_MECHANICAL_LINEAGE_PASS,V3_FLOOR_SITTING_NEGATIVE,PASS_EXPLICIT_NEGATIVE_CUE,negative,PROMPT_DERIVED_SYNTHETIC_GT,FROZEN_GENERATION_PROMPT_AND_PLANNED_ROLE,false,hard_negative,true,
P4D_PLAN::PF_P4D_HN_SIT_G005_V02,P4D_FROZEN_PLAN_440,PF_P4D_HN_SIT_G005_V02,,PF_P4D_HN_SIT_G005,NEW_DESIGN,V3_DEV,hard_negative,negative,floor_sitting,/home/yanbo/下载/batches/batch_person-fallen-v2-p4d-hardneg-rev1-camera1p5m/prompts/PF_P4D_HN_SIT_G005_V02.txt,30e4de8335a7d375e40993efdd934ec8cfa30ff1f9da7dcfad72d612b43e2740,30e4de8335a7d375e40993efdd934ec8cfa30ff1f9da7dcfad72d612b43e2740,/home/yanbo/下载/batches/batch-person-fallen-v2-p4d-hardneg-fullregen-r2-camera1p5m/final/PF_P4D_HN_SIT_G005_V02.png,abd0a0f74db8549cae12f43562177bf6118439858d02a4ea8ca8302f7474f48c,abd0a0f74db8549cae12f43562177bf6118439858d02a4ea8ca8302f7474f48c,FAST_CLOSE_EXPECTED_AND_ACTUAL,REUSABLE_P4D_CLEAN_FAST_CLOSE,P4D_FAST_CLOSE_PROVENANCE_MECHANICAL_LINEAGE_PASS,V3_FLOOR_SITTING_NEGATIVE,PASS_EXPLICIT_NEGATIVE_CUE,negative,PROMPT_DERIVED_SYNTHETIC_GT,FROZEN_GENERATION_PROMPT_AND_PLANNED_ROLE,false,hard_negative,true,
P4D_PLAN::PF_P4D_HN_SIT_G005_V03,P4D_FROZEN_PLAN_440,PF_P4D_HN_SIT_G005_V03,,PF_P4D_HN_SIT_G005,NEW_DESIGN,V3_DEV,hard_negative,negative,floor_sitting,/home/yanbo/下载/batches/batch_person-fallen-v2-p4d-hardneg-rev1-camera1p5m/prompts/PF_P4D_HN_SIT_G005_V03.txt,c40c9c57557f9e6d7c69b4457ff1c7c169c0992c0a2dc157db9f74c485f861ee,c40c9c57557f9e6d7c69b4457ff1c7c169c0992c0a2dc157db9f74c485f861ee,/home/yanbo/下载/batches/batch-person-fallen-v2-p4d-hardneg-fullregen-r2-camera1p5m/final/PF_P4D_HN_SIT_G005_V03.png,748c25b7370a651e1622c1b1979922a020c1eb989045c1f27579026432da8304,748c25b7370a651e1622c1b1979922a020c1eb989045c1f27579026432da8304,FAST_CLOSE_EXPECTED_AND_ACTUAL,REUSABLE_P4D_CLEAN_FAST_CLOSE,P4D_FAST_CLOSE_PROVENANCE_MECHANICAL_LINEAGE_PASS,V3_FLOOR_SITTING_NEGATIVE,PASS_EXPLICIT_NEGATIVE_CUE,negative,PROMPT_DERIVED_SYNTHETIC_GT,FROZEN_GENERATION_PROMPT_AND_PLANNED_ROLE,false,hard_negative,true,
P4D_PLAN::PF_P4D_HN_SIT_G005_V04,P4D_FROZEN_PLAN_440,PF_P4D_HN_SIT_G005_V04,,PF_P4D_HN_SIT_G005,NEW_DESIGN,V3_DEV,hard_negative,negative,floor_sitting,/home/yanbo/下载/batches/batch_person-fallen-v2-p4d-hardneg-rev1-camera1p5m/prompts/PF_P4D_HN_SIT_G005_V04.txt,9385f0dbdc320f7d4a886376831ef1efd2b81d07194abb23515b9d6da1ecef5e,9385f0dbdc320f7d4a886376831ef1efd2b81d07194abb23515b9d6da1ecef5e,/home/yanbo/下载/batches/batch-person-fallen-v2-p4d-hardneg-fullregen-r2-camera1p5m/final/PF_P4D_HN_SIT_G005_V04.png,417088411826ef61b505ee06ba56da664bf0226172acfad674a1bbc9dc298014,417088411826ef61b505ee06ba56da664bf0226172acfad674a1bbc9dc298014,FAST_CLOSE_EXPECTED_AND_ACTUAL,REUSABLE_P4D_CLEAN_FAST_CLOSE,P4D_FAST_CLOSE_PROVENANCE_MECHANICAL_LINEAGE_PASS,V3_FLOOR_SITTING_NEGATIVE,PASS_EXPLICIT_NEGATIVE_CUE,negative,PROMPT_DERIVED_SYNTHETIC_GT,FROZEN_GENERATION_PROMPT_AND_PLANNED_ROLE,false,hard_negative,true,
P4D_PLAN::PF_P4D_HN_SIT_G005_V05,P4D_FROZEN_PLAN_440,PF_P4D_HN_SIT_G005_V05,,PF_P4D_HN_SIT_G005,NEW_DESIGN,V3_DEV,hard_negative,negative,floor_sitting,/home/yanbo/下载/batches/batch_person-fallen-v2-p4d-hardneg-rev1-camera1p5m/prompts/PF_P4D_HN_SIT_G005_V05.txt,e77414412a44db6751431c78ef42c4525106381dac6e40e3c07f902125878aa7,e77414412a44db6751431c78ef42c4525106381dac6e40e3c07f902125878aa7,/home/yanbo/下载/batches/batch-person-fallen-v2-p4d-hardneg-fullregen-r2-camera1p5m/final/PF_P4D_HN_SIT_G005_V05.png,5b31b2b2ba275456a6dbf01081bc441127e29b67ec4f9f61bb94603ad1163c3b,5b31b2b2ba275456a6dbf01081bc441127e29b67ec4f9f61bb94603ad1163c3b,FAST_CLOSE_EXPECTED_AND_ACTUAL,REUSABLE_P4D_CLEAN_FAST_CLOSE,P4D_FAST_CLOSE_PROVENANCE_MECHANICAL_LINEAGE_PASS,V3_FLOOR_SITTING_NEGATIVE,PASS_EXPLICIT_NEGATIVE_CUE,negative,PROMPT_DERIVED_SYNTHETIC_GT,FROZEN_GENERATION_PROMPT_AND_PLANNED_ROLE,false,hard_negative,true,
P4D_PLAN::PF_P4D_HN_SIT_G006_V01,P4D_FROZEN_PLAN_440,PF_P4D_HN_SIT_G006_V01,,PF_P4D_HN_SIT_G006,NEW_DESIGN,V3_DEV,hard_negative,negative,floor_sitting,/home/yanbo/下载/batches/batch_person-fallen-v2-p4d-hardneg-rev1-camera1p5m/prompts/PF_P4D_HN_SIT_G006_V01.txt,1671e09668183bad0c1596a3ba206f61602621652e655f01f21f6ae862ce3952,1671e09668183bad0c1596a3ba206f61602621652e655f01f21f6ae862ce3952,/home/yanbo/下载/batches/batch-person-fallen-v2-p4d-hardneg-fullregen-r2-camera1p5m/final/PF_P4D_HN_SIT_G006_V01.png,3660f6b824b9bb3076897da704c11d0596c8ef1a8c2f59844cca3a65d17e0805,3660f6b824b9bb3076897da704c11d0596c8ef1a8c2f59844cca3a65d17e0805,FAST_CLOSE_EXPECTED_AND_ACTUAL,REUSABLE_P4D_CLEAN_FAST_CLOSE,P4D_FAST_CLOSE_PROVENANCE_MECHANICAL_LINEAGE_PASS,V3_FLOOR_SITTING_NEGATIVE,PASS_EXPLICIT_NEGATIVE_CUE,negative,PROMPT_DERIVED_SYNTHETIC_GT,FROZEN_GENERATION_PROMPT_AND_PLANNED_ROLE,false,hard_negative,true,
P4D_PLAN::PF_P4D_HN_SIT_G006_V02,P4D_FROZEN_PLAN_440,PF_P4D_HN_SIT_G006_V02,,PF_P4D_HN_SIT_G006,NEW_DESIGN,V3_DEV,hard_negative,negative,floor_sitting,/home/yanbo/下载/batches/batch_person-fallen-v2-p4d-hardneg-rev1-camera1p5m/prompts/PF_P4D_HN_SIT_G006_V02.txt,d235ec52df4266070934f89e7bd63d0dd83345204c79430a08b2d34171abcd41,d235ec52df4266070934f89e7bd63d0dd83345204c79430a08b2d34171abcd41,/home/yanbo/下载/batches/batch-person-fallen-v2-p4d-hardneg-fullregen-r2-camera1p5m/final/PF_P4D_HN_SIT_G006_V02.png,3fc95c48840f07fec4a1309b6be34d498b921a85f7757b79ea8626e39148b07e,3fc95c48840f07fec4a1309b6be34d498b921a85f7757b79ea8626e39148b07e,FAST_CLOSE_EXPECTED_AND_ACTUAL,REUSABLE_P4D_CLEAN_FAST_CLOSE,P4D_FAST_CLOSE_PROVENANCE_MECHANICAL_LINEAGE_PASS,V3_FLOOR_SITTING_NEGATIVE,PASS_EXPLICIT_NEGATIVE_CUE,negative,PROMPT_DERIVED_SYNTHETIC_GT,FROZEN_GENERATION_PROMPT_AND_PLANNED_ROLE,false,hard_negative,true,
P4D_PLAN::PF_P4D_HN_SIT_G006_V03,P4D_FROZEN_PLAN_440,PF_P4D_HN_SIT_G006_V03,,PF_P4D_HN_SIT_G006,NEW_DESIGN,V3_DEV,hard_negative,negative,floor_sitting,/home/yanbo/下载/batches/batch_person-fallen-v2-p4d-hardneg-rev1-camera1p5m/prompts/PF_P4D_HN_SIT_G006_V03.txt,69216902afe9e6bb218204360553eda0f4e457e27513623ac2778d89f8c72f98,69216902afe9e6bb218204360553eda0f4e457e27513623ac2778d89f8c72f98,/home/yanbo/下载/batches/batch-person-fallen-v2-p4d-hardneg-fullregen-r2-camera1p5m/final/PF_P4D_HN_SIT_G006_V03.png,3fb6a031562a93c0c4b0eb650169a3e64cd7b02b683434ad1968406d72e538b9,3fb6a031562a93c0c4b0eb650169a3e64cd7b02b683434ad1968406d72e538b9,FAST_CLOSE_EXPECTED_AND_ACTUAL,REUSABLE_P4D_CLEAN_FAST_CLOSE,P4D_FAST_CLOSE_PROVENANCE_MECHANICAL_LINEAGE_PASS,V3_FLOOR_SITTING_NEGATIVE,PASS_EXPLICIT_NEGATIVE_CUE,negative,PROMPT_DERIVED_SYNTHETIC_GT,FROZEN_GENERATION_PROMPT_AND_PLANNED_ROLE,false,hard_negative,true,
P4D_PLAN::PF_P4D_HN_SIT_G006_V04,P4D_FROZEN_PLAN_440,PF_P4D_HN_SIT_G006_V04,,PF_P4D_HN_SIT_G006,NEW_DESIGN,V3_DEV,hard_negative,negative,floor_sitting,/home/yanbo/下载/batches/batch_person-fallen-v2-p4d-hardneg-rev1-camera1p5m/prompts/PF_P4D_HN_SIT_G006_V04.txt,14c9dd996051a689c430b5d0d0948a3b56caa364f354189279aa1d6a959b2369,14c9dd996051a689c430b5d0d0948a3b56caa364f354189279aa1d6a959b2369,/home/yanbo/下载/batches/batch-person-fallen-v2-p4d-hardneg-fullregen-r2-camera1p5m/final/PF_P4D_HN_SIT_G006_V04.png,b003624d2717546d2954cc684c466de4ded2ee1489079c7dc26a0d22503afd01,b003624d2717546d2954cc684c466de4ded2ee1489079c7dc26a0d22503afd01,FAST_CLOSE_EXPECTED_AND_ACTUAL,REUSABLE_P4D_CLEAN_FAST_CLOSE,P4D_FAST_CLOSE_PROVENANCE_MECHANICAL_LINEAGE_PASS,V3_FLOOR_SITTING_NEGATIVE,PASS_EXPLICIT_NEGATIVE_CUE,negative,PROMPT_DERIVED_SYNTHETIC_GT,FROZEN_GENERATION_PROMPT_AND_PLANNED_ROLE,false,hard_negative,true,
P4D_PLAN::PF_P4D_HN_SIT_G006_V05,P4D_FROZEN_PLAN_440,PF_P4D_HN_SIT_G006_V05,,PF_P4D_HN_SIT_G006,NEW_DESIGN,V3_DEV,hard_negative,negative,floor_sitting,/home/yanbo/下载/batches/batch_person-fallen-v2-p4d-hardneg-rev1-camera1p5m/prompts/PF_P4D_HN_SIT_G006_V05.txt,892bdb557c25023462360762586472851f7b33c3ddd6bc09a0347f14e6659c1c,892bdb557c25023462360762586472851f7b33c3ddd6bc09a0347f14e6659c1c,/home/yanbo/下载/batches/batch-person-fallen-v2-p4d-hardneg-fullregen-r2-camera1p5m/final/PF_P4D_HN_SIT_G006_V05.png,50dfb42a496a45f1dfff553f026d808cda5ed194b08ba509be4e9f4bbf23de0a,50dfb42a496a45f1dfff553f026d808cda5ed194b08ba509be4e9f4bbf23de0a,FAST_CLOSE_EXPECTED_AND_ACTUAL,REUSABLE_P4D_CLEAN_FAST_CLOSE,P4D_FAST_CLOSE_PROVENANCE_MECHANICAL_LINEAGE_PASS,V3_FLOOR_SITTING_NEGATIVE,PASS_EXPLICIT_NEGATIVE_CUE,negative,PROMPT_DERIVED_SYNTHETIC_GT,FROZEN_GENERATION_PROMPT_AND_PLANNED_ROLE,false,hard_negative,true,
P4D_PLAN::PF_P4D_HN_SIT_G007_V01,P4D_FROZEN_PLAN_440,PF_P4D_HN_SIT_G007_V01,,PF_P4D_HN_SIT_G007,NEW_DESIGN,V3_DEV,hard_negative,negative,floor_sitting,/home/yanbo/下载/batches/batch_person-fallen-v2-p4d-hardneg-rev1-camera1p5m/prompts/PF_P4D_HN_SIT_G007_V01.txt,1d5071392d267a8862654b943d3d3a3bd2e51c9527fdf24aa948f8f9fc2fd2ef,1d5071392d267a8862654b943d3d3a3bd2e51c9527fdf24aa948f8f9fc2fd2ef,/home/yanbo/下载/batches/batch-person-fallen-v2-p4d-hardneg-fullregen-r2-camera1p5m/final/PF_P4D_HN_SIT_G007_V01.png,4fe6e2ba6c988a06a5da39a671d31a1491ca96031fb41f057b8bad4d21908036,4fe6e2ba6c988a06a5da39a671d31a1491ca96031fb41f057b8bad4d21908036,FAST_CLOSE_EXPECTED_AND_ACTUAL,REUSABLE_P4D_CLEAN_FAST_CLOSE,P4D_FAST_CLOSE_PROVENANCE_MECHANICAL_LINEAGE_PASS,V3_FLOOR_SITTING_NEGATIVE,PASS_EXPLICIT_NEGATIVE_CUE,negative,PROMPT_DERIVED_SYNTHETIC_GT,FROZEN_GENERATION_PROMPT_AND_PLANNED_ROLE,false,hard_negative,true,
P4D_PLAN::PF_P4D_HN_SIT_G007_V02,P4D_FROZEN_PLAN_440,PF_P4D_HN_SIT_G007_V02,,PF_P4D_HN_SIT_G007,NEW_DESIGN,V3_DEV,hard_negative,negative,floor_sitting,/home/yanbo/下载/batches/batch_person-fallen-v2-p4d-hardneg-rev1-camera1p5m/prompts/PF_P4D_HN_SIT_G007_V02.txt,c2e0a15aaa37df4a8e42fb3704fa64858950ad49d365cffdf3087d4da517d4b5,c2e0a15aaa37df4a8e42fb3704fa64858950ad49d365cffdf3087d4da517d4b5,/home/yanbo/下载/batches/batch-person-fallen-v2-p4d-hardneg-fullregen-r2-camera1p5m/final/PF_P4D_HN_SIT_G007_V02.png,1fdc4800ff575a7491a19d4a54c56a4e48441cd42dc5cb9dd491891da64731cb,1fdc4800ff575a7491a19d4a54c56a4e48441cd42dc5cb9dd491891da64731cb,FAST_CLOSE_EXPECTED_AND_ACTUAL,REUSABLE_P4D_CLEAN_FAST_CLOSE,P4D_FAST_CLOSE_PROVENANCE_MECHANICAL_LINEAGE_PASS,V3_FLOOR_SITTING_NEGATIVE,PASS_EXPLICIT_NEGATIVE_CUE,negative,PROMPT_DERIVED_SYNTHETIC_GT,FROZEN_GENERATION_PROMPT_AND_PLANNED_ROLE,false,hard_negative,true,
P4D_PLAN::PF_P4D_HN_SIT_G007_V03,P4D_FROZEN_PLAN_440,PF_P4D_HN_SIT_G007_V03,,PF_P4D_HN_SIT_G007,NEW_DESIGN,V3_DEV,hard_negative,negative,floor_sitting,/home/yanbo/下载/batches/batch_person-fallen-v2-p4d-hardneg-rev1-camera1p5m/prompts/PF_P4D_HN_SIT_G007_V03.txt,fcdaade293c3fe69d0c821f52a077b5cc69df331c725f86c9d119e0dd84804f8,fcdaade293c3fe69d0c821f52a077b5cc69df331c725f86c9d119e0dd84804f8,/home/yanbo/下载/batches/batch-person-fallen-v2-p4d-hardneg-fullregen-r2-camera1p5m/final/PF_P4D_HN_SIT_G007_V03.png,1a413bb13fc064bbf96a28af5159d1bd02145e4d45c3bb1cb4f87855bf55dbce,1a413bb13fc064bbf96a28af5159d1bd02145e4d45c3bb1cb4f87855bf55dbce,FAST_CLOSE_EXPECTED_AND_ACTUAL,REUSABLE_P4D_CLEAN_FAST_CLOSE,P4D_FAST_CLOSE_PROVENANCE_MECHANICAL_LINEAGE_PASS,V3_FLOOR_SITTING_NEGATIVE,PASS_EXPLICIT_NEGATIVE_CUE,negative,PROMPT_DERIVED_SYNTHETIC_GT,FROZEN_GENERATION_PROMPT_AND_PLANNED_ROLE,false,hard_negative,true,
P4D_PLAN::PF_P4D_HN_SIT_G007_V04,P4D_FROZEN_PLAN_440,PF_P4D_HN_SIT_G007_V04,,PF_P4D_HN_SIT_G007,NEW_DESIGN,V3_DEV,hard_negative,negative,floor_sitting,/home/yanbo/下载/batches/batch_person-fallen-v2-p4d-hardneg-rev1-camera1p5m/prompts/PF_P4D_HN_SIT_G007_V04.txt,22bbdf1d9d98d20dfcdc0f04b765c7f06fb71b8a14cf1ab526ddedc23fb50857,22bbdf1d9d98d20dfcdc0f04b765c7f06fb71b8a14cf1ab526ddedc23fb50857,/home/yanbo/下载/batches/batch-person-fallen-v2-p4d-hardneg-fullregen-r2-camera1p5m/final/PF_P4D_HN_SIT_G007_V04.png,af6d25edfd980970210e9ace684e295fb059ad083f946dec902cc0dd97c330e8,af6d25edfd980970210e9ace684e295fb059ad083f946dec902cc0dd97c330e8,FAST_CLOSE_EXPECTED_AND_ACTUAL,REUSABLE_P4D_CLEAN_FAST_CLOSE,P4D_FAST_CLOSE_PROVENANCE_MECHANICAL_LINEAGE_PASS,V3_FLOOR_SITTING_NEGATIVE,PASS_EXPLICIT_NEGATIVE_CUE,negative,PROMPT_DERIVED_SYNTHETIC_GT,FROZEN_GENERATION_PROMPT_AND_PLANNED_ROLE,false,hard_negative,true,
P4D_PLAN::PF_P4D_HN_SIT_G007_V05,P4D_FROZEN_PLAN_440,PF_P4D_HN_SIT_G007_V05,,PF_P4D_HN_SIT_G007,NEW_DESIGN,V3_DEV,hard_negative,negative,floor_sitting,/home/yanbo/下载/batches/batch_person-fallen-v2-p4d-hardneg-rev1-camera1p5m/prompts/PF_P4D_HN_SIT_G007_V05.txt,101648056feee5a7c3c43b54fb228ba1a3102a5977903578a606395b640be264,101648056feee5a7c3c43b54fb228ba1a3102a5977903578a606395b640be264,/home/yanbo/下载/batches/batch-person-fallen-v2-p4d-hardneg-fullregen-r2-camera1p5m/final/PF_P4D_HN_SIT_G007_V05.png,51dc17715bc3ab7e42a821b05ccf428275916c72ff2dc18349f5daaea09ea3ea,51dc17715bc3ab7e42a821b05ccf428275916c72ff2dc18349f5daaea09ea3ea,FAST_CLOSE_EXPECTED_AND_ACTUAL,REUSABLE_P4D_CLEAN_FAST_CLOSE,P4D_FAST_CLOSE_PROVENANCE_MECHANICAL_LINEAGE_PASS,V3_FLOOR_SITTING_NEGATIVE,PASS_EXPLICIT_NEGATIVE_CUE,negative,PROMPT_DERIVED_SYNTHETIC_GT,FROZEN_GENERATION_PROMPT_AND_PLANNED_ROLE,false,hard_negative,true,
P4D_PLAN::PF_P4D_HN_SIT_G008_V01,P4D_FROZEN_PLAN_440,PF_P4D_HN_SIT_G008_V01,,PF_P4D_HN_SIT_G008,NEW_SCREEN,V3_SCREEN,hard_negative,negative,floor_sitting,/home/yanbo/下载/batches/batch_person-fallen-v2-p4d-hardneg-rev1-camera1p5m/prompts/PF_P4D_HN_SIT_G008_V01.txt,ebf4d31edd19f8ba167796bd2aa6d318faf1cafcdb6f0c3c2700e35352cf4587,ebf4d31edd19f8ba167796bd2aa6d318faf1cafcdb6f0c3c2700e35352cf4587,/home/yanbo/下载/batches/batch-person-fallen-v2-p4d-hardneg-fullregen-r2-camera1p5m/final/PF_P4D_HN_SIT_G008_V01.png,00ccbaf63bc11ef1dce71704acd3c0ead60aea57bcfde66b175e78ca1653ae9e,00ccbaf63bc11ef1dce71704acd3c0ead60aea57bcfde66b175e78ca1653ae9e,FAST_CLOSE_EXPECTED_AND_ACTUAL,REUSABLE_P4D_CLEAN_FAST_CLOSE,P4D_FAST_CLOSE_PROVENANCE_MECHANICAL_LINEAGE_PASS,V3_FLOOR_SITTING_NEGATIVE,PASS_EXPLICIT_NEGATIVE_CUE,negative,PROMPT_DERIVED_SYNTHETIC_GT,FROZEN_GENERATION_PROMPT_AND_PLANNED_ROLE,false,hard_negative,true,
P4D_PLAN::PF_P4D_HN_SIT_G008_V02,P4D_FROZEN_PLAN_440,PF_P4D_HN_SIT_G008_V02,,PF_P4D_HN_SIT_G008,NEW_SCREEN,V3_SCREEN,hard_negative,negative,floor_sitting,/home/yanbo/下载/batches/batch_person-fallen-v2-p4d-hardneg-rev1-camera1p5m/prompts/PF_P4D_HN_SIT_G008_V02.txt,2d29675cb0d74ef093aa65bbc0c037c1b17bfc3101f19dd1f4cb621a7106dcd3,2d29675cb0d74ef093aa65bbc0c037c1b17bfc3101f19dd1f4cb621a7106dcd3,/home/yanbo/下载/batches/batch-person-fallen-v2-p4d-hardneg-fullregen-r2-camera1p5m/final/PF_P4D_HN_SIT_G008_V02.png,6c2628352e038020c20eab2f9b480da1f86ec7bfb32a585335014ee32e067ede,6c2628352e038020c20eab2f9b480da1f86ec7bfb32a585335014ee32e067ede,FAST_CLOSE_EXPECTED_AND_ACTUAL,REUSABLE_P4D_CLEAN_FAST_CLOSE,P4D_FAST_CLOSE_PROVENANCE_MECHANICAL_LINEAGE_PASS,V3_FLOOR_SITTING_NEGATIVE,PASS_EXPLICIT_NEGATIVE_CUE,negative,PROMPT_DERIVED_SYNTHETIC_GT,FROZEN_GENERATION_PROMPT_AND_PLANNED_ROLE,false,hard_negative,true,
P4D_PLAN::PF_P4D_HN_SIT_G008_V03,P4D_FROZEN_PLAN_440,PF_P4D_HN_SIT_G008_V03,,PF_P4D_HN_SIT_G008,NEW_SCREEN,V3_SCREEN,hard_negative,negative,floor_sitting,/home/yanbo/下载/batches/batch_person-fallen-v2-p4d-hardneg-rev1-camera1p5m/prompts/PF_P4D_HN_SIT_G008_V03.txt,6a8b51ab9f3993b8b29bc4f343b6c17745daf5bd33630a1e6b0a40431936b13b,6a8b51ab9f3993b8b29bc4f343b6c17745daf5bd33630a1e6b0a40431936b13b,/home/yanbo/下载/batches/batch-person-fallen-v2-p4d-hardneg-fullregen-r2-camera1p5m/final/PF_P4D_HN_SIT_G008_V03.png,55ad6dceb0bf5f01a909440ff25d9736e2b540e4ba9ca886434a288f6c6fab0f,55ad6dceb0bf5f01a909440ff25d9736e2b540e4ba9ca886434a288f6c6fab0f,FAST_CLOSE_EXPECTED_AND_ACTUAL,REUSABLE_P4D_CLEAN_FAST_CLOSE,P4D_FAST_CLOSE_PROVENANCE_MECHANICAL_LINEAGE_PASS,V3_FLOOR_SITTING_NEGATIVE,PASS_EXPLICIT_NEGATIVE_CUE,negative,PROMPT_DERIVED_SYNTHETIC_GT,FROZEN_GENERATION_PROMPT_AND_PLANNED_ROLE,false,hard_negative,true,
P4D_PLAN::PF_P4D_HN_SIT_G008_V04,P4D_FROZEN_PLAN_440,PF_P4D_HN_SIT_G008_V04,,PF_P4D_HN_SIT_G008,NEW_SCREEN,V3_SCREEN,hard_negative,negative,floor_sitting,/home/yanbo/下载/batches/batch_person-fallen-v2-p4d-hardneg-rev1-camera1p5m/prompts/PF_P4D_HN_SIT_G008_V04.txt,bc604a5f51b5d9baaf8b14a7b36bf8eb4ca2c5fb4b9a0a4be7ef4829bb634531,bc604a5f51b5d9baaf8b14a7b36bf8eb4ca2c5fb4b9a0a4be7ef4829bb634531,/home/yanbo/下载/batches/batch-person-fallen-v2-p4d-hardneg-fullregen-r2-camera1p5m/final/PF_P4D_HN_SIT_G008_V04.png,bed1a30ed8c85727d47887a170e2a88a2e0d1023e5d1ea0f9b72a25189d27223,bed1a30ed8c85727d47887a170e2a88a2e0d1023e5d1ea0f9b72a25189d27223,FAST_CLOSE_EXPECTED_AND_ACTUAL,REUSABLE_P4D_CLEAN_FAST_CLOSE,P4D_FAST_CLOSE_PROVENANCE_MECHANICAL_LINEAGE_PASS,V3_FLOOR_SITTING_NEGATIVE,PASS_EXPLICIT_NEGATIVE_CUE,negative,PROMPT_DERIVED_SYNTHETIC_GT,FROZEN_GENERATION_PROMPT_AND_PLANNED_ROLE,false,hard_negative,true,
P4D_PLAN::PF_P4D_HN_SIT_G008_V05,P4D_FROZEN_PLAN_440,PF_P4D_HN_SIT_G008_V05,,PF_P4D_HN_SIT_G008,NEW_SCREEN,V3_SCREEN,hard_negative,negative,floor_sitting,/home/yanbo/下载/batches/batch_person-fallen-v2-p4d-hardneg-rev1-camera1p5m/prompts/PF_P4D_HN_SIT_G008_V05.txt,853797c9b5bfd3de665eedc38f78bd751b68fc044eeb80e2faf53a451b5817f9,853797c9b5bfd3de665eedc38f78bd751b68fc044eeb80e2faf53a451b5817f9,/home/yanbo/下载/batches/batch-person-fallen-v2-p4d-hardneg-fullregen-r2-camera1p5m/final/PF_P4D_HN_SIT_G008_V05.png,56b3a88ca2bb8aa39dd70d6218aa92c2329c6fbaecd17a77a8ce62fbeafb7d1f,56b3a88ca2bb8aa39dd70d6218aa92c2329c6fbaecd17a77a8ce62fbeafb7d1f,FAST_CLOSE_EXPECTED_AND_ACTUAL,REUSABLE_P4D_CLEAN_FAST_CLOSE,P4D_FAST_CLOSE_PROVENANCE_MECHANICAL_LINEAGE_PASS,V3_FLOOR_SITTING_NEGATIVE,PASS_EXPLICIT_NEGATIVE_CUE,negative,PROMPT_DERIVED_SYNTHETIC_GT,FROZEN_GENERATION_PROMPT_AND_PLANNED_ROLE,false,hard_negative,true,
P4D_PLAN::PF_P4D_HN_SIT_G009_V01,P4D_FROZEN_PLAN_440,PF_P4D_HN_SIT_G009_V01,,PF_P4D_HN_SIT_G009,NEW_SCREEN,V3_SCREEN,hard_negative,negative,floor_sitting,/home/yanbo/下载/batches/batch_person-fallen-v2-p4d-hardneg-rev1-camera1p5m/prompts/PF_P4D_HN_SIT_G009_V01.txt,82d7d1624b7718202602df65efe44f5f18ba3727bb81c906aebab04ed4ee3430,82d7d1624b7718202602df65efe44f5f18ba3727bb81c906aebab04ed4ee3430,/home/yanbo/下载/batches/batch-person-fallen-v2-p4d-hardneg-fullregen-r2-camera1p5m/final/PF_P4D_HN_SIT_G009_V01.png,715af5e531aa1dd146f098ddc0fdd24feff64c77f55b7f0e50e78c7d5237b89d,715af5e531aa1dd146f098ddc0fdd24feff64c77f55b7f0e50e78c7d5237b89d,FAST_CLOSE_EXPECTED_AND_ACTUAL,REUSABLE_P4D_CLEAN_FAST_CLOSE,P4D_FAST_CLOSE_PROVENANCE_MECHANICAL_LINEAGE_PASS,V3_FLOOR_SITTING_NEGATIVE,PASS_EXPLICIT_NEGATIVE_CUE,negative,PROMPT_DERIVED_SYNTHETIC_GT,FROZEN_GENERATION_PROMPT_AND_PLANNED_ROLE,false,hard_negative,true,
P4D_PLAN::PF_P4D_HN_SIT_G009_V02,P4D_FROZEN_PLAN_440,PF_P4D_HN_SIT_G009_V02,,PF_P4D_HN_SIT_G009,NEW_SCREEN,V3_SCREEN,hard_negative,negative,floor_sitting,/home/yanbo/下载/batches/batch_person-fallen-v2-p4d-hardneg-rev1-camera1p5m/prompts/PF_P4D_HN_SIT_G009_V02.txt,071d8e2dc6a114e49f26f0a05887817ce2128f1e8723cbd5496b410a5c85865b,071d8e2dc6a114e49f26f0a05887817ce2128f1e8723cbd5496b410a5c85865b,/home/yanbo/下载/batches/batch-person-fallen-v2-p4d-hardneg-fullregen-r2-camera1p5m/final/PF_P4D_HN_SIT_G009_V02.png,53f9023ae21e25faff36fc54b4ab09f829ab493a765d518b3ec1fd5cc151a540,53f9023ae21e25faff36fc54b4ab09f829ab493a765d518b3ec1fd5cc151a540,FAST_CLOSE_EXPECTED_AND_ACTUAL,REUSABLE_P4D_CLEAN_FAST_CLOSE,P4D_FAST_CLOSE_PROVENANCE_MECHANICAL_LINEAGE_PASS,V3_FLOOR_SITTING_NEGATIVE,PASS_EXPLICIT_NEGATIVE_CUE,negative,PROMPT_DERIVED_SYNTHETIC_GT,FROZEN_GENERATION_PROMPT_AND_PLANNED_ROLE,false,hard_negative,true,
P4D_PLAN::PF_P4D_HN_SIT_G009_V03,P4D_FROZEN_PLAN_440,PF_P4D_HN_SIT_G009_V03,,PF_P4D_HN_SIT_G009,NEW_SCREEN,V3_SCREEN,hard_negative,negative,floor_sitting,/home/yanbo/下载/batches/batch_person-fallen-v2-p4d-hardneg-rev1-camera1p5m/prompts/PF_P4D_HN_SIT_G009_V03.txt,40bcc44fa6c7f87fea225710ea1ee9a2ec8eac38b1db7da735a50ad0800627b6,40bcc44fa6c7f87fea225710ea1ee9a2ec8eac38b1db7da735a50ad0800627b6,/home/yanbo/下载/batches/batch-person-fallen-v2-p4d-hardneg-fullregen-r2-camera1p5m/final/PF_P4D_HN_SIT_G009_V03.png,f50436177341fd817779c450e1ae445e1e72e2e29a0303da7fc2f5e732bbb9f4,f50436177341fd817779c450e1ae445e1e72e2e29a0303da7fc2f5e732bbb9f4,FAST_CLOSE_EXPECTED_AND_ACTUAL,REUSABLE_P4D_CLEAN_FAST_CLOSE,P4D_FAST_CLOSE_PROVENANCE_MECHANICAL_LINEAGE_PASS,V3_FLOOR_SITTING_NEGATIVE,PASS_EXPLICIT_NEGATIVE_CUE,negative,PROMPT_DERIVED_SYNTHETIC_GT,FROZEN_GENERATION_PROMPT_AND_PLANNED_ROLE,false,hard_negative,true,
P4D_PLAN::PF_P4D_HN_SIT_G009_V04,P4D_FROZEN_PLAN_440,PF_P4D_HN_SIT_G009_V04,,PF_P4D_HN_SIT_G009,NEW_SCREEN,V3_SCREEN,hard_negative,negative,floor_sitting,/home/yanbo/下载/batches/batch_person-fallen-v2-p4d-hardneg-rev1-camera1p5m/prompts/PF_P4D_HN_SIT_G009_V04.txt,9e607f0b6211303bf2c18cd8044a7944c5c48749ce5510adbacaf611869f4a8b,9e607f0b6211303bf2c18cd8044a7944c5c48749ce5510adbacaf611869f4a8b,/home/yanbo/下载/batches/batch-person-fallen-v2-p4d-hardneg-fullregen-r2-camera1p5m/final/PF_P4D_HN_SIT_G009_V04.png,884b8fa42c94632028f16bae90dfed7082d1c30dcdc0963962b73594f20cab80,884b8fa42c94632028f16bae90dfed7082d1c30dcdc0963962b73594f20cab80,FAST_CLOSE_EXPECTED_AND_ACTUAL,REUSABLE_P4D_CLEAN_FAST_CLOSE,P4D_FAST_CLOSE_PROVENANCE_MECHANICAL_LINEAGE_PASS,V3_FLOOR_SITTING_NEGATIVE,PASS_EXPLICIT_NEGATIVE_CUE,negative,PROMPT_DERIVED_SYNTHETIC_GT,FROZEN_GENERATION_PROMPT_AND_PLANNED_ROLE,false,hard_negative,true,
P4D_PLAN::PF_P4D_HN_SIT_G009_V05,P4D_FROZEN_PLAN_440,PF_P4D_HN_SIT_G009_V05,,PF_P4D_HN_SIT_G009,NEW_SCREEN,V3_SCREEN,hard_negative,negative,floor_sitting,/home/yanbo/下载/batches/batch_person-fallen-v2-p4d-hardneg-rev1-camera1p5m/prompts/PF_P4D_HN_SIT_G009_V05.txt,e785acf3819e5ce4db138c467f7e9a6c5ff261e83fd61478b1101111864d9c57,e785acf3819e5ce4db138c467f7e9a6c5ff261e83fd61478b1101111864d9c57,/home/yanbo/下载/batches/batch-person-fallen-v2-p4d-hardneg-fullregen-r2-camera1p5m/final/PF_P4D_HN_SIT_G009_V05.png,8c542f3379ecb4fda08f24d55b3d425b4183c1a4836b3db0a37207738f4369f5,8c542f3379ecb4fda08f24d55b3d425b4183c1a4836b3db0a37207738f4369f5,FAST_CLOSE_EXPECTED_AND_ACTUAL,REUSABLE_P4D_CLEAN_FAST_CLOSE,P4D_FAST_CLOSE_PROVENANCE_MECHANICAL_LINEAGE_PASS,V3_FLOOR_SITTING_NEGATIVE,PASS_EXPLICIT_NEGATIVE_CUE,negative,PROMPT_DERIVED_SYNTHETIC_GT,FROZEN_GENERATION_PROMPT_AND_PLANNED_ROLE,false,hard_negative,true,
P4D_PLAN::PF_P4D_HN_SIT_G010_V01,P4D_FROZEN_PLAN_440,PF_P4D_HN_SIT_G010_V01,,PF_P4D_HN_SIT_G010,NEW_SCREEN,V3_SCREEN,hard_negative,negative,floor_sitting,/home/yanbo/下载/batches/batch_person-fallen-v2-p4d-hardneg-rev1-camera1p5m/prompts/PF_P4D_HN_SIT_G010_V01.txt,841168e7ad45fd1ede8051d02c3a5730338312e1d21fb9553409f56b723ff8a1,841168e7ad45fd1ede8051d02c3a5730338312e1d21fb9553409f56b723ff8a1,/home/yanbo/下载/batches/batch-person-fallen-v2-p4d-hardneg-fullregen-r2-camera1p5m/final/PF_P4D_HN_SIT_G010_V01.png,c2a7d50d49c1166dca3befdc84cf6a16a3939a28d76d3d09931fb7786602c443,c2a7d50d49c1166dca3befdc84cf6a16a3939a28d76d3d09931fb7786602c443,FAST_CLOSE_EXPECTED_AND_ACTUAL,REUSABLE_P4D_CLEAN_FAST_CLOSE,P4D_FAST_CLOSE_PROVENANCE_MECHANICAL_LINEAGE_PASS,V3_FLOOR_SITTING_NEGATIVE,PASS_EXPLICIT_NEGATIVE_CUE,negative,PROMPT_DERIVED_SYNTHETIC_GT,FROZEN_GENERATION_PROMPT_AND_PLANNED_ROLE,false,hard_negative,true,
P4D_PLAN::PF_P4D_HN_SIT_G010_V02,P4D_FROZEN_PLAN_440,PF_P4D_HN_SIT_G010_V02,,PF_P4D_HN_SIT_G010,NEW_SCREEN,V3_SCREEN,hard_negative,negative,floor_sitting,/home/yanbo/下载/batches/batch_person-fallen-v2-p4d-hardneg-rev1-camera1p5m/prompts/PF_P4D_HN_SIT_G010_V02.txt,f1c9936038fcf74253b88239bd175b0fe5b5d1b87b148593f722c1cb411db8e6,f1c9936038fcf74253b88239bd175b0fe5b5d1b87b148593f722c1cb411db8e6,/home/yanbo/下载/batches/batch-person-fallen-v2-p4d-hardneg-fullregen-r2-camera1p5m/final/PF_P4D_HN_SIT_G010_V02.png,2a89ce293a58bacd79433ba611ee9dcc7b50be69bd988cd7418cc735f834707b,2a89ce293a58bacd79433ba611ee9dcc7b50be69bd988cd7418cc735f834707b,FAST_CLOSE_EXPECTED_AND_ACTUAL,REUSABLE_P4D_CLEAN_FAST_CLOSE,P4D_FAST_CLOSE_PROVENANCE_MECHANICAL_LINEAGE_PASS,V3_FLOOR_SITTING_NEGATIVE,PASS_EXPLICIT_NEGATIVE_CUE,negative,PROMPT_DERIVED_SYNTHETIC_GT,FROZEN_GENERATION_PROMPT_AND_PLANNED_ROLE,false,hard_negative,true,
P4D_PLAN::PF_P4D_HN_SIT_G010_V03,P4D_FROZEN_PLAN_440,PF_P4D_HN_SIT_G010_V03,,PF_P4D_HN_SIT_G010,NEW_SCREEN,V3_SCREEN,hard_negative,negative,floor_sitting,/home/yanbo/下载/batches/batch_person-fallen-v2-p4d-hardneg-rev1-camera1p5m/prompts/PF_P4D_HN_SIT_G010_V03.txt,326988e020871589a93d5941e2f3764d3ffcb6e234562c559a8d947c548b1e57,326988e020871589a93d5941e2f3764d3ffcb6e234562c559a8d947c548b1e57,/home/yanbo/下载/batches/batch-person-fallen-v2-p4d-hardneg-fullregen-r2-camera1p5m/final/PF_P4D_HN_SIT_G010_V03.png,068bdf75d02a1bf93e97664bfb5db1695d0e4ed654f58be2de480a32f20213c9,068bdf75d02a1bf93e97664bfb5db1695d0e4ed654f58be2de480a32f20213c9,FAST_CLOSE_EXPECTED_AND_ACTUAL,REUSABLE_P4D_CLEAN_FAST_CLOSE,P4D_FAST_CLOSE_PROVENANCE_MECHANICAL_LINEAGE_PASS,V3_FLOOR_SITTING_NEGATIVE,PASS_EXPLICIT_NEGATIVE_CUE,negative,PROMPT_DERIVED_SYNTHETIC_GT,FROZEN_GENERATION_PROMPT_AND_PLANNED_ROLE,false,hard_negative,true,
P4D_PLAN::PF_P4D_HN_SIT_G010_V04,P4D_FROZEN_PLAN_440,PF_P4D_HN_SIT_G010_V04,,PF_P4D_HN_SIT_G010,NEW_SCREEN,V3_SCREEN,hard_negative,negative,floor_sitting,/home/yanbo/下载/batches/batch_person-fallen-v2-p4d-hardneg-rev1-camera1p5m/prompts/PF_P4D_HN_SIT_G010_V04.txt,c1aa12a7ac811ca18021166fd8ef7b06ef0eee0abeab36d5425deb17b3b8fb3a,c1aa12a7ac811ca18021166fd8ef7b06ef0eee0abeab36d5425deb17b3b8fb3a,/home/yanbo/下载/batches/batch-person-fallen-v2-p4d-hardneg-fullregen-r2-camera1p5m/final/PF_P4D_HN_SIT_G010_V04.png,0ad405f110893aa0d0c19fed0a21816809a1a6047560ac4bb36cf0bf355c547c,0ad405f110893aa0d0c19fed0a21816809a1a6047560ac4bb36cf0bf355c547c,FAST_CLOSE_EXPECTED_AND_ACTUAL,REUSABLE_P4D_CLEAN_FAST_CLOSE,P4D_FAST_CLOSE_PROVENANCE_MECHANICAL_LINEAGE_PASS,V3_FLOOR_SITTING_NEGATIVE,PASS_EXPLICIT_NEGATIVE_CUE,negative,PROMPT_DERIVED_SYNTHETIC_GT,FROZEN_GENERATION_PROMPT_AND_PLANNED_ROLE,false,hard_negative,true,
P4D_PLAN::PF_P4D_HN_SIT_G010_V05,P4D_FROZEN_PLAN_440,PF_P4D_HN_SIT_G010_V05,,PF_P4D_HN_SIT_G010,NEW_SCREEN,V3_SCREEN,hard_negative,negative,floor_sitting,/home/yanbo/下载/batches/batch_person-fallen-v2-p4d-hardneg-rev1-camera1p5m/prompts/PF_P4D_HN_SIT_G010_V05.txt,65772d506ba9f50bb6d8376738fc0fe9859a09d08c69479367ecdc24412eec33,65772d506ba9f50bb6d8376738fc0fe9859a09d08c69479367ecdc24412eec33,/home/yanbo/下载/batches/batch-person-fallen-v2-p4d-hardneg-fullregen-r2-camera1p5m/final/PF_P4D_HN_SIT_G010_V05.png,81b21d6ab07d032a55ac16608d938a0d12239fcaa91542306962ee8bf6d649ad,81b21d6ab07d032a55ac16608d938a0d12239fcaa91542306962ee8bf6d649ad,FAST_CLOSE_EXPECTED_AND_ACTUAL,REUSABLE_P4D_CLEAN_FAST_CLOSE,P4D_FAST_CLOSE_PROVENANCE_MECHANICAL_LINEAGE_PASS,V3_FLOOR_SITTING_NEGATIVE,PASS_EXPLICIT_NEGATIVE_CUE,negative,PROMPT_DERIVED_SYNTHETIC_GT,FROZEN_GENERATION_PROMPT_AND_PLANNED_ROLE,false,hard_negative,true,
P4D_PLAN::PF_P4D_HN_SIT_G011_V01,P4D_FROZEN_PLAN_440,PF_P4D_HN_SIT_G011_V01,,PF_P4D_HN_SIT_G011,NEW_SCREEN,V3_SCREEN,hard_negative,negative,floor_sitting,/home/yanbo/下载/batches/batch_person-fallen-v2-p4d-hardneg-rev1-camera1p5m/prompts/PF_P4D_HN_SIT_G011_V01.txt,69f231f8cec0ec3bc56f09279e98eb9f19c24acd9c40b16a4c003d0c6a4b6e12,69f231f8cec0ec3bc56f09279e98eb9f19c24acd9c40b16a4c003d0c6a4b6e12,/home/yanbo/下载/batches/batch-person-fallen-v2-p4d-hardneg-fullregen-r2-camera1p5m/final/PF_P4D_HN_SIT_G011_V01.png,118d6eba5405fb357defb39057a1614d5c9451ad567544767735b01119999f57,118d6eba5405fb357defb39057a1614d5c9451ad567544767735b01119999f57,FAST_CLOSE_EXPECTED_AND_ACTUAL,REUSABLE_P4D_CLEAN_FAST_CLOSE,P4D_FAST_CLOSE_PROVENANCE_MECHANICAL_LINEAGE_PASS,V3_FLOOR_SITTING_NEGATIVE,PASS_EXPLICIT_NEGATIVE_CUE,negative,PROMPT_DERIVED_SYNTHETIC_GT,FROZEN_GENERATION_PROMPT_AND_PLANNED_ROLE,false,hard_negative,true,
P4D_PLAN::PF_P4D_HN_SIT_G011_V02,P4D_FROZEN_PLAN_440,PF_P4D_HN_SIT_G011_V02,,PF_P4D_HN_SIT_G011,NEW_SCREEN,V3_SCREEN,hard_negative,negative,floor_sitting,/home/yanbo/下载/batches/batch_person-fallen-v2-p4d-hardneg-rev1-camera1p5m/prompts/PF_P4D_HN_SIT_G011_V02.txt,927e0c4ad0ade2a708050d6fbbe7377fe247004c2500fd24cf7b96bf3dd01a4d,927e0c4ad0ade2a708050d6fbbe7377fe247004c2500fd24cf7b96bf3dd01a4d,/home/yanbo/下载/batches/batch-person-fallen-v2-p4d-hardneg-fullregen-r2-camera1p5m/final/PF_P4D_HN_SIT_G011_V02.png,f79959f1b53f458b336e81b8efb3b0dcf58552aad8fa7a09cdda902a299e2a37,f79959f1b53f458b336e81b8efb3b0dcf58552aad8fa7a09cdda902a299e2a37,FAST_CLOSE_EXPECTED_AND_ACTUAL,REUSABLE_P4D_CLEAN_FAST_CLOSE,P4D_FAST_CLOSE_PROVENANCE_MECHANICAL_LINEAGE_PASS,V3_FLOOR_SITTING_NEGATIVE,PASS_EXPLICIT_NEGATIVE_CUE,negative,PROMPT_DERIVED_SYNTHETIC_GT,FROZEN_GENERATION_PROMPT_AND_PLANNED_ROLE,false,hard_negative,true,
P4D_PLAN::PF_P4D_HN_SIT_G011_V03,P4D_FROZEN_PLAN_440,PF_P4D_HN_SIT_G011_V03,,PF_P4D_HN_SIT_G011,NEW_SCREEN,V3_SCREEN,hard_negative,negative,floor_sitting,/home/yanbo/下载/batches/batch_person-fallen-v2-p4d-hardneg-rev1-camera1p5m/prompts/PF_P4D_HN_SIT_G011_V03.txt,28403f910a7e71ed8b748d2d21535e8f42217e99e9389ad605b7b92c36941a23,28403f910a7e71ed8b748d2d21535e8f42217e99e9389ad605b7b92c36941a23,/home/yanbo/下载/batches/batch-person-fallen-v2-p4d-hardneg-fullregen-r2-camera1p5m/final/PF_P4D_HN_SIT_G011_V03.png,71077ec22063bc9e050f94e156cbb77a2fd42a8b70344b36780c6638acccf290,71077ec22063bc9e050f94e156cbb77a2fd42a8b70344b36780c6638acccf290,FAST_CLOSE_EXPECTED_AND_ACTUAL,REUSABLE_P4D_CLEAN_FAST_CLOSE,P4D_FAST_CLOSE_PROVENANCE_MECHANICAL_LINEAGE_PASS,V3_FLOOR_SITTING_NEGATIVE,PASS_EXPLICIT_NEGATIVE_CUE,negative,PROMPT_DERIVED_SYNTHETIC_GT,FROZEN_GENERATION_PROMPT_AND_PLANNED_ROLE,false,hard_negative,true,
P4D_PLAN::PF_P4D_HN_SIT_G011_V04,P4D_FROZEN_PLAN_440,PF_P4D_HN_SIT_G011_V04,,PF_P4D_HN_SIT_G011,NEW_SCREEN,V3_SCREEN,hard_negative,negative,floor_sitting,/home/yanbo/下载/batches/batch_person-fallen-v2-p4d-hardneg-rev1-camera1p5m/prompts/PF_P4D_HN_SIT_G011_V04.txt,2afdc90701b33449d1bf4cce0d0b5b82ed36757b547ee62a57456bb7e4c1515d,2afdc90701b33449d1bf4cce0d0b5b82ed36757b547ee62a57456bb7e4c1515d,/home/yanbo/下载/batches/batch-person-fallen-v2-p4d-hardneg-fullregen-r2-camera1p5m/final/PF_P4D_HN_SIT_G011_V04.png,be4414e19376e5353e2ef985da0b1934ce70bdf0fa9d539aaa2193f87e6cc8dc,be4414e19376e5353e2ef985da0b1934ce70bdf0fa9d539aaa2193f87e6cc8dc,FAST_CLOSE_EXPECTED_AND_ACTUAL,REUSABLE_P4D_CLEAN_FAST_CLOSE,P4D_FAST_CLOSE_PROVENANCE_MECHANICAL_LINEAGE_PASS,V3_FLOOR_SITTING_NEGATIVE,PASS_EXPLICIT_NEGATIVE_CUE,negative,PROMPT_DERIVED_SYNTHETIC_GT,FROZEN_GENERATION_PROMPT_AND_PLANNED_ROLE,false,hard_negative,true,
P4D_PLAN::PF_P4D_HN_SIT_G011_V05,P4D_FROZEN_PLAN_440,PF_P4D_HN_SIT_G011_V05,,PF_P4D_HN_SIT_G011,NEW_SCREEN,V3_SCREEN,hard_negative,negative,floor_sitting,/home/yanbo/下载/batches/batch_person-fallen-v2-p4d-hardneg-rev1-camera1p5m/prompts/PF_P4D_HN_SIT_G011_V05.txt,c4a7414db1f8a532b662989e3505853c1eae7dc16f0dcac2dbf0f0ec4d090eb4,c4a7414db1f8a532b662989e3505853c1eae7dc16f0dcac2dbf0f0ec4d090eb4,/home/yanbo/下载/batches/batch-person-fallen-v2-p4d-hardneg-fullregen-r2-camera1p5m/final/PF_P4D_HN_SIT_G011_V05.png,46303b78556a900fc9819f578fb65d66d0bd41dbc6cb1f3bfc47ca389359060a,46303b78556a900fc9819f578fb65d66d0bd41dbc6cb1f3bfc47ca389359060a,FAST_CLOSE_EXPECTED_AND_ACTUAL,REUSABLE_P4D_CLEAN_FAST_CLOSE,P4D_FAST_CLOSE_PROVENANCE_MECHANICAL_LINEAGE_PASS,V3_FLOOR_SITTING_NEGATIVE,PASS_EXPLICIT_NEGATIVE_CUE,negative,PROMPT_DERIVED_SYNTHETIC_GT,FROZEN_GENERATION_PROMPT_AND_PLANNED_ROLE,false,hard_negative,true,
P4D_PLAN::PF_P4D_HN_SIT_G012_V01,P4D_FROZEN_PLAN_440,PF_P4D_HN_SIT_G012_V01,,PF_P4D_HN_SIT_G012,NEW_SCREEN,V3_SCREEN,hard_negative,negative,floor_sitting,/home/yanbo/下载/batches/batch_person-fallen-v2-p4d-hardneg-rev1-camera1p5m/prompts/PF_P4D_HN_SIT_G012_V01.txt,5040bb99caf0255f5be79dafd67dc8a269728f3da5f559ba04b95a1a7a8e324c,5040bb99caf0255f5be79dafd67dc8a269728f3da5f559ba04b95a1a7a8e324c,/home/yanbo/下载/batches/batch-person-fallen-v2-p4d-hardneg-fullregen-r2-camera1p5m/final/PF_P4D_HN_SIT_G012_V01.png,3685f5dfc8b54219dbf1269d1f019eaa983a49a5dd2072f0d1c8b96d43ab3d7d,3685f5dfc8b54219dbf1269d1f019eaa983a49a5dd2072f0d1c8b96d43ab3d7d,FAST_CLOSE_EXPECTED_AND_ACTUAL,REUSABLE_P4D_CLEAN_FAST_CLOSE,P4D_FAST_CLOSE_PROVENANCE_MECHANICAL_LINEAGE_PASS,V3_FLOOR_SITTING_NEGATIVE,PASS_EXPLICIT_NEGATIVE_CUE,negative,PROMPT_DERIVED_SYNTHETIC_GT,FROZEN_GENERATION_PROMPT_AND_PLANNED_ROLE,false,hard_negative,true,
P4D_PLAN::PF_P4D_HN_SIT_G012_V02,P4D_FROZEN_PLAN_440,PF_P4D_HN_SIT_G012_V02,,PF_P4D_HN_SIT_G012,NEW_SCREEN,V3_SCREEN,hard_negative,negative,floor_sitting,/home/yanbo/下载/batches/batch_person-fallen-v2-p4d-hardneg-rev1-camera1p5m/prompts/PF_P4D_HN_SIT_G012_V02.txt,c06e1e39298861a28b131de2f70da4fc504682e0854fc6ca64ef1683602148f9,c06e1e39298861a28b131de2f70da4fc504682e0854fc6ca64ef1683602148f9,/home/yanbo/下载/batches/batch-person-fallen-v2-p4d-hardneg-fullregen-r2-camera1p5m/final/PF_P4D_HN_SIT_G012_V02.png,d36f68ed65b6f126bef0cbe7fb3831fa5a94d5703ffef8803270ea748fb4741c,d36f68ed65b6f126bef0cbe7fb3831fa5a94d5703ffef8803270ea748fb4741c,FAST_CLOSE_EXPECTED_AND_ACTUAL,REUSABLE_P4D_CLEAN_FAST_CLOSE,P4D_FAST_CLOSE_PROVENANCE_MECHANICAL_LINEAGE_PASS,V3_FLOOR_SITTING_NEGATIVE,PASS_EXPLICIT_NEGATIVE_CUE,negative,PROMPT_DERIVED_SYNTHETIC_GT,FROZEN_GENERATION_PROMPT_AND_PLANNED_ROLE,false,hard_negative,true,
P4D_PLAN::PF_P4D_HN_SIT_G012_V03,P4D_FROZEN_PLAN_440,PF_P4D_HN_SIT_G012_V03,,PF_P4D_HN_SIT_G012,NEW_SCREEN,V3_SCREEN,hard_negative,negative,floor_sitting,/home/yanbo/下载/batches/batch_person-fallen-v2-p4d-hardneg-rev1-camera1p5m/prompts/PF_P4D_HN_SIT_G012_V03.txt,6343e81f7838c2422474d5e7f12d43ce182472211f2ca08769048e2669bb70d3,6343e81f7838c2422474d5e7f12d43ce182472211f2ca08769048e2669bb70d3,/home/yanbo/下载/batches/batch-person-fallen-v2-p4d-hardneg-fullregen-r2-camera1p5m/final/PF_P4D_HN_SIT_G012_V03.png,3887eb30c1f540e06c9fc328d113c8011eb5a16793af80fa1d469ec35801b424,3887eb30c1f540e06c9fc328d113c8011eb5a16793af80fa1d469ec35801b424,FAST_CLOSE_EXPECTED_AND_ACTUAL,REUSABLE_P4D_CLEAN_FAST_CLOSE,P4D_FAST_CLOSE_PROVENANCE_MECHANICAL_LINEAGE_PASS,V3_FLOOR_SITTING_NEGATIVE,PASS_EXPLICIT_NEGATIVE_CUE,negative,PROMPT_DERIVED_SYNTHETIC_GT,FROZEN_GENERATION_PROMPT_AND_PLANNED_ROLE,false,hard_negative,true,
P4D_PLAN::PF_P4D_HN_SIT_G012_V04,P4D_FROZEN_PLAN_440,PF_P4D_HN_SIT_G012_V04,,PF_P4D_HN_SIT_G012,NEW_SCREEN,V3_SCREEN,hard_negative,negative,floor_sitting,/home/yanbo/下载/batches/batch_person-fallen-v2-p4d-hardneg-rev1-camera1p5m/prompts/PF_P4D_HN_SIT_G012_V04.txt,a05023e48ebc3d6cb9396eee6447573e4fbb42a67841076e333e8706ddb0df95,a05023e48ebc3d6cb9396eee6447573e4fbb42a67841076e333e8706ddb0df95,/home/yanbo/下载/batches/batch-person-fallen-v2-p4d-hardneg-fullregen-r2-camera1p5m/final/PF_P4D_HN_SIT_G012_V04.png,675549b77a00269d6c6c32df777510565d028b992f33bad8ef6807bbf745a2ad,675549b77a00269d6c6c32df777510565d028b992f33bad8ef6807bbf745a2ad,FAST_CLOSE_EXPECTED_AND_ACTUAL,REUSABLE_P4D_CLEAN_FAST_CLOSE,P4D_FAST_CLOSE_PROVENANCE_MECHANICAL_LINEAGE_PASS,V3_FLOOR_SITTING_NEGATIVE,PASS_EXPLICIT_NEGATIVE_CUE,negative,PROMPT_DERIVED_SYNTHETIC_GT,FROZEN_GENERATION_PROMPT_AND_PLANNED_ROLE,false,hard_negative,true,
P4D_PLAN::PF_P4D_HN_SIT_G012_V05,P4D_FROZEN_PLAN_440,PF_P4D_HN_SIT_G012_V05,,PF_P4D_HN_SIT_G012,NEW_SCREEN,V3_SCREEN,hard_negative,negative,floor_sitting,/home/yanbo/下载/batches/batch_person-fallen-v2-p4d-hardneg-rev1-camera1p5m/prompts/PF_P4D_HN_SIT_G012_V05.txt,22a52cd5ada96259ad6e11be50e797a2afd3077a388c299bd379a4060262567d,22a52cd5ada96259ad6e11be50e797a2afd3077a388c299bd379a4060262567d,/home/yanbo/下载/batches/batch-person-fallen-v2-p4d-hardneg-fullregen-r2-camera1p5m/final/PF_P4D_HN_SIT_G012_V05.png,22c0179dc083fe659bc1cc1c2405d1e44313804660941b2b01b73f29d3fa2f4f,22c0179dc083fe659bc1cc1c2405d1e44313804660941b2b01b73f29d3fa2f4f,FAST_CLOSE_EXPECTED_AND_ACTUAL,REUSABLE_P4D_CLEAN_FAST_CLOSE,P4D_FAST_CLOSE_PROVENANCE_MECHANICAL_LINEAGE_PASS,V3_FLOOR_SITTING_NEGATIVE,PASS_EXPLICIT_NEGATIVE_CUE,negative,PROMPT_DERIVED_SYNTHETIC_GT,FROZEN_GENERATION_PROMPT_AND_PLANNED_ROLE,false,hard_negative,true,
P4D_PLAN::PF_P4D_HN_KNEEL_G001_V01,P4D_FROZEN_PLAN_440,PF_P4D_HN_KNEEL_G001_V01,,PF_P4D_HN_KNEEL_G001,NEW_DESIGN,V3_DEV,hard_negative,negative,kneeling_half_kneeling,/home/yanbo/下载/batches/batch_person-fallen-v2-p4d-hardneg-rev1-camera1p5m/prompts/PF_P4D_HN_KNEEL_G001_V01.txt,a9b5f8ba9f821707ad323afec1f22e3395702a28dd63e03d9ec2e8cd792f3020,a9b5f8ba9f821707ad323afec1f22e3395702a28dd63e03d9ec2e8cd792f3020,/home/yanbo/下载/batches/batch-person-fallen-v2-p4d-hardneg-fullregen-r2-camera1p5m/final/PF_P4D_HN_KNEEL_G001_V01.png,76a5e657caba73684ea2571cf403efc1922a1ea0a6aee84f6116cc5a02b2d046,76a5e657caba73684ea2571cf403efc1922a1ea0a6aee84f6116cc5a02b2d046,FAST_CLOSE_EXPECTED_AND_ACTUAL,REUSABLE_P4D_CLEAN_FAST_CLOSE,P4D_FAST_CLOSE_PROVENANCE_MECHANICAL_LINEAGE_PASS,V3_KNEELING_HALF_KNEELING_NEGATIVE,PASS_EXPLICIT_NEGATIVE_CUE,negative,PROMPT_DERIVED_SYNTHETIC_GT,FROZEN_GENERATION_PROMPT_AND_PLANNED_ROLE,false,hard_negative,true,
P4D_PLAN::PF_P4D_HN_KNEEL_G001_V02,P4D_FROZEN_PLAN_440,PF_P4D_HN_KNEEL_G001_V02,,PF_P4D_HN_KNEEL_G001,NEW_DESIGN,V3_DEV,hard_negative,negative,kneeling_half_kneeling,/home/yanbo/下载/batches/batch_person-fallen-v2-p4d-hardneg-rev1-camera1p5m/prompts/PF_P4D_HN_KNEEL_G001_V02.txt,c615f9b191616d6bf14343f6c70ac4cf4ad96f4e3797bcd1dba2a22d1537d7a5,c615f9b191616d6bf14343f6c70ac4cf4ad96f4e3797bcd1dba2a22d1537d7a5,/home/yanbo/下载/batches/batch-person-fallen-v2-p4d-hardneg-fullregen-r2-camera1p5m/final/PF_P4D_HN_KNEEL_G001_V02.png,38c3a9f6b0845df3485b2c702a472214d3be34ca9920ff9c9c57de0f4471fa9d,38c3a9f6b0845df3485b2c702a472214d3be34ca9920ff9c9c57de0f4471fa9d,FAST_CLOSE_EXPECTED_AND_ACTUAL,REUSABLE_P4D_CLEAN_FAST_CLOSE,P4D_FAST_CLOSE_PROVENANCE_MECHANICAL_LINEAGE_PASS,V3_KNEELING_HALF_KNEELING_NEGATIVE,PASS_EXPLICIT_NEGATIVE_CUE,negative,PROMPT_DERIVED_SYNTHETIC_GT,FROZEN_GENERATION_PROMPT_AND_PLANNED_ROLE,false,hard_negative,true,
P4D_PLAN::PF_P4D_HN_KNEEL_G001_V03,P4D_FROZEN_PLAN_440,PF_P4D_HN_KNEEL_G001_V03,,PF_P4D_HN_KNEEL_G001,NEW_DESIGN,V3_DEV,hard_negative,negative,kneeling_half_kneeling,/home/yanbo/下载/batches/batch_person-fallen-v2-p4d-hardneg-rev1-camera1p5m/prompts/PF_P4D_HN_KNEEL_G001_V03.txt,33ec5aae7c653b7ed915e95c01e23ed2e1ce91883d4b5d3465fb534645c09d7e,33ec5aae7c653b7ed915e95c01e23ed2e1ce91883d4b5d3465fb534645c09d7e,/home/yanbo/下载/batches/batch-person-fallen-v2-p4d-hardneg-fullregen-r2-camera1p5m/final/PF_P4D_HN_KNEEL_G001_V03.png,11401cc4cf1c5de04c39b236eb4e881ccfeb1c13c6ddc46c18f90d8982f10c69,11401cc4cf1c5de04c39b236eb4e881ccfeb1c13c6ddc46c18f90d8982f10c69,FAST_CLOSE_EXPECTED_AND_ACTUAL,REUSABLE_P4D_CLEAN_FAST_CLOSE,P4D_FAST_CLOSE_PROVENANCE_MECHANICAL_LINEAGE_PASS,V3_KNEELING_HALF_KNEELING_NEGATIVE,PASS_EXPLICIT_NEGATIVE_CUE,negative,PROMPT_DERIVED_SYNTHETIC_GT,FROZEN_GENERATION_PROMPT_AND_PLANNED_ROLE,false,hard_negative,true,
P4D_PLAN::PF_P4D_HN_KNEEL_G001_V04,P4D_FROZEN_PLAN_440,PF_P4D_HN_KNEEL_G001_V04,,PF_P4D_HN_KNEEL_G001,NEW_DESIGN,V3_DEV,hard_negative,negative,kneeling_half_kneeling,/home/yanbo/下载/batches/batch_person-fallen-v2-p4d-hardneg-rev1-camera1p5m/prompts/PF_P4D_HN_KNEEL_G001_V04.txt,7b465b185e32b0c02609d7f6b4c393e88b21a95c8cc6b3e7a2a683157e915206,7b465b185e32b0c02609d7f6b4c393e88b21a95c8cc6b3e7a2a683157e915206,/home/yanbo/下载/batches/batch-person-fallen-v2-p4d-hardneg-fullregen-r2-camera1p5m/final/PF_P4D_HN_KNEEL_G001_V04.png,2c093d94b424768d249311d77f5db08f08dfa75652fe27d593876b6969861e0b,2c093d94b424768d249311d77f5db08f08dfa75652fe27d593876b6969861e0b,FAST_CLOSE_EXPECTED_AND_ACTUAL,REUSABLE_P4D_CLEAN_FAST_CLOSE,P4D_FAST_CLOSE_PROVENANCE_MECHANICAL_LINEAGE_PASS,V3_KNEELING_HALF_KNEELING_NEGATIVE,PASS_EXPLICIT_NEGATIVE_CUE,negative,PROMPT_DERIVED_SYNTHETIC_GT,FROZEN_GENERATION_PROMPT_AND_PLANNED_ROLE,false,hard_negative,true,
P4D_PLAN::PF_P4D_HN_KNEEL_G001_V05,P4D_FROZEN_PLAN_440,PF_P4D_HN_KNEEL_G001_V05,,PF_P4D_HN_KNEEL_G001,NEW_DESIGN,V3_DEV,hard_negative,negative,kneeling_half_kneeling,/home/yanbo/下载/batches/batch_person-fallen-v2-p4d-hardneg-rev1-camera1p5m/prompts/PF_P4D_HN_KNEEL_G001_V05.txt,6691030603de7d4c10c6e6d87a7fb9ce4819daf83236c332f15b59fcfa8346aa,6691030603de7d4c10c6e6d87a7fb9ce4819daf83236c332f15b59fcfa8346aa,/home/yanbo/下载/batches/batch-person-fallen-v2-p4d-hardneg-fullregen-r2-camera1p5m/final/PF_P4D_HN_KNEEL_G001_V05.png,09a9ddb251ef17d648fe89ad2696147b574fcb96b0eb2f5481f6405f7b048fbc,09a9ddb251ef17d648fe89ad2696147b574fcb96b0eb2f5481f6405f7b048fbc,FAST_CLOSE_EXPECTED_AND_ACTUAL,REUSABLE_P4D_CLEAN_FAST_CLOSE,P4D_FAST_CLOSE_PROVENANCE_MECHANICAL_LINEAGE_PASS,V3_KNEELING_HALF_KNEELING_NEGATIVE,PASS_EXPLICIT_NEGATIVE_CUE,negative,PROMPT_DERIVED_SYNTHETIC_GT,FROZEN_GENERATION_PROMPT_AND_PLANNED_ROLE,false,hard_negative,true,
P4D_PLAN::PF_P4D_HN_KNEEL_G002_V01,P4D_FROZEN_PLAN_440,PF_P4D_HN_KNEEL_G002_V01,,PF_P4D_HN_KNEEL_G002,NEW_DESIGN,V3_DEV,hard_negative,negative,kneeling_half_kneeling,/home/yanbo/下载/batches/batch_person-fallen-v2-p4d-hardneg-rev1-camera1p5m/prompts/PF_P4D_HN_KNEEL_G002_V01.txt,b6a431dc689f51d75f18a80a1016fd149b96a4d3cbda424331fd1410366268c5,b6a431dc689f51d75f18a80a1016fd149b96a4d3cbda424331fd1410366268c5,/home/yanbo/下载/batches/batch-person-fallen-v2-p4d-hardneg-fullregen-r2-camera1p5m/final/PF_P4D_HN_KNEEL_G002_V01.png,210d11829d57d9b074e2e7658ca4d12c79c80dc238f86b535aaa2af504977037,210d11829d57d9b074e2e7658ca4d12c79c80dc238f86b535aaa2af504977037,FAST_CLOSE_EXPECTED_AND_ACTUAL,REUSABLE_P4D_CLEAN_FAST_CLOSE,P4D_FAST_CLOSE_PROVENANCE_MECHANICAL_LINEAGE_PASS,V3_KNEELING_HALF_KNEELING_NEGATIVE,PASS_EXPLICIT_NEGATIVE_CUE,negative,PROMPT_DERIVED_SYNTHETIC_GT,FROZEN_GENERATION_PROMPT_AND_PLANNED_ROLE,false,hard_negative,true,
P4D_PLAN::PF_P4D_HN_KNEEL_G002_V02,P4D_FROZEN_PLAN_440,PF_P4D_HN_KNEEL_G002_V02,,PF_P4D_HN_KNEEL_G002,NEW_DESIGN,V3_DEV,hard_negative,negative,kneeling_half_kneeling,/home/yanbo/下载/batches/batch_person-fallen-v2-p4d-hardneg-rev1-camera1p5m/prompts/PF_P4D_HN_KNEEL_G002_V02.txt,1f9fd7d04acf927ff93ec3f77c6ef3ccbaba1d8fefb96da9416afea0de4ca291,1f9fd7d04acf927ff93ec3f77c6ef3ccbaba1d8fefb96da9416afea0de4ca291,/home/yanbo/下载/batches/batch-person-fallen-v2-p4d-hardneg-fullregen-r2-camera1p5m/final/PF_P4D_HN_KNEEL_G002_V02.png,ef8955ef0328d3adfc4bea1135e9f3dbe606427db8b1e81eb6b4913f7a5f0594,ef8955ef0328d3adfc4bea1135e9f3dbe606427db8b1e81eb6b4913f7a5f0594,FAST_CLOSE_EXPECTED_AND_ACTUAL,REUSABLE_P4D_CLEAN_FAST_CLOSE,P4D_FAST_CLOSE_PROVENANCE_MECHANICAL_LINEAGE_PASS,V3_KNEELING_HALF_KNEELING_NEGATIVE,PASS_EXPLICIT_NEGATIVE_CUE,negative,PROMPT_DERIVED_SYNTHETIC_GT,FROZEN_GENERATION_PROMPT_AND_PLANNED_ROLE,false,hard_negative,true,
P4D_PLAN::PF_P4D_HN_KNEEL_G002_V03,P4D_FROZEN_PLAN_440,PF_P4D_HN_KNEEL_G002_V03,,PF_P4D_HN_KNEEL_G002,NEW_DESIGN,V3_DEV,hard_negative,negative,kneeling_half_kneeling,/home/yanbo/下载/batches/batch_person-fallen-v2-p4d-hardneg-rev1-camera1p5m/prompts/PF_P4D_HN_KNEEL_G002_V03.txt,937cf5fa9812738b1aacf54fdbef34f14c4ff5d8027f8ee5ca988f67fd86f5dc,937cf5fa9812738b1aacf54fdbef34f14c4ff5d8027f8ee5ca988f67fd86f5dc,/home/yanbo/下载/batches/batch-person-fallen-v2-p4d-hardneg-fullregen-r2-camera1p5m/final/PF_P4D_HN_KNEEL_G002_V03.png,05d5828e5fd335d045e84bddda1fa9df3525a3e4b18bf0a166628d8d69e60416,05d5828e5fd335d045e84bddda1fa9df3525a3e4b18bf0a166628d8d69e60416,FAST_CLOSE_EXPECTED_AND_ACTUAL,REUSABLE_P4D_CLEAN_FAST_CLOSE,P4D_FAST_CLOSE_PROVENANCE_MECHANICAL_LINEAGE_PASS,V3_KNEELING_HALF_KNEELING_NEGATIVE,PASS_EXPLICIT_NEGATIVE_CUE,negative,PROMPT_DERIVED_SYNTHETIC_GT,FROZEN_GENERATION_PROMPT_AND_PLANNED_ROLE,false,hard_negative,true,
P4D_PLAN::PF_P4D_HN_KNEEL_G002_V04,P4D_FROZEN_PLAN_440,PF_P4D_HN_KNEEL_G002_V04,,PF_P4D_HN_KNEEL_G002,NEW_DESIGN,V3_DEV,hard_negative,negative,kneeling_half_kneeling,/home/yanbo/下载/batches/batch_person-fallen-v2-p4d-hardneg-rev1-camera1p5m/prompts/PF_P4D_HN_KNEEL_G002_V04.txt,29dc2bd06f70ab1d34b97c93246c1572f5a85c72db64853ae9ef84a16acf89b6,29dc2bd06f70ab1d34b97c93246c1572f5a85c72db64853ae9ef84a16acf89b6,/home/yanbo/下载/batches/batch-person-fallen-v2-p4d-hardneg-fullregen-r2-camera1p5m/final/PF_P4D_HN_KNEEL_G002_V04.png,c0c28bfcdc9e805ec2d27576f4091f66641607befffe949122b7676b10e58d8c,c0c28bfcdc9e805ec2d27576f4091f66641607befffe949122b7676b10e58d8c,FAST_CLOSE_EXPECTED_AND_ACTUAL,REUSABLE_P4D_CLEAN_FAST_CLOSE,P4D_FAST_CLOSE_PROVENANCE_MECHANICAL_LINEAGE_PASS,V3_KNEELING_HALF_KNEELING_NEGATIVE,PASS_EXPLICIT_NEGATIVE_CUE,negative,PROMPT_DERIVED_SYNTHETIC_GT,FROZEN_GENERATION_PROMPT_AND_PLANNED_ROLE,false,hard_negative,true,
P4D_PLAN::PF_P4D_HN_KNEEL_G002_V05,P4D_FROZEN_PLAN_440,PF_P4D_HN_KNEEL_G002_V05,,PF_P4D_HN_KNEEL_G002,NEW_DESIGN,V3_DEV,hard_negative,negative,kneeling_half_kneeling,/home/yanbo/下载/batches/batch_person-fallen-v2-p4d-hardneg-rev1-camera1p5m/prompts/PF_P4D_HN_KNEEL_G002_V05.txt,61f7950c34013bef347ee1d5c45bb881af843c1341f5dc21fddd213798d6ea22,61f7950c34013bef347ee1d5c45bb881af843c1341f5dc21fddd213798d6ea22,/home/yanbo/下载/batches/batch-person-fallen-v2-p4d-hardneg-fullregen-r2-camera1p5m/final/PF_P4D_HN_KNEEL_G002_V05.png,431ae4716b826e9bd246c175f818bf8aa2399eaae160e19af3ddb290e4eccf7b,431ae4716b826e9bd246c175f818bf8aa2399eaae160e19af3ddb290e4eccf7b,FAST_CLOSE_EXPECTED_AND_ACTUAL,REUSABLE_P4D_CLEAN_FAST_CLOSE,P4D_FAST_CLOSE_PROVENANCE_MECHANICAL_LINEAGE_PASS,V3_KNEELING_HALF_KNEELING_NEGATIVE,PASS_EXPLICIT_NEGATIVE_CUE,negative,PROMPT_DERIVED_SYNTHETIC_GT,FROZEN_GENERATION_PROMPT_AND_PLANNED_ROLE,false,hard_negative,true,
P4D_PLAN::PF_P4D_HN_KNEEL_G003_V01,P4D_FROZEN_PLAN_440,PF_P4D_HN_KNEEL_G003_V01,,PF_P4D_HN_KNEEL_G003,NEW_DESIGN,V3_DEV,hard_negative,negative,kneeling_half_kneeling,/home/yanbo/下载/batches/batch_person-fallen-v2-p4d-hardneg-rev1-camera1p5m/prompts/PF_P4D_HN_KNEEL_G003_V01.txt,70a16a921cfc9a3ae144231d2c5cc6e5a02b96172a6ebce90f17a6f21f265bc6,70a16a921cfc9a3ae144231d2c5cc6e5a02b96172a6ebce90f17a6f21f265bc6,/home/yanbo/下载/batches/batch-person-fallen-v2-p4d-hardneg-fullregen-r2-camera1p5m/final/PF_P4D_HN_KNEEL_G003_V01.png,434d5848e70bbbed778534bb63110feeb1e5186dc2180474e5eab05a8fbd8529,434d5848e70bbbed778534bb63110feeb1e5186dc2180474e5eab05a8fbd8529,FAST_CLOSE_EXPECTED_AND_ACTUAL,REUSABLE_P4D_CLEAN_FAST_CLOSE,P4D_FAST_CLOSE_PROVENANCE_MECHANICAL_LINEAGE_PASS,V3_KNEELING_HALF_KNEELING_NEGATIVE,PASS_EXPLICIT_NEGATIVE_CUE,negative,PROMPT_DERIVED_SYNTHETIC_GT,FROZEN_GENERATION_PROMPT_AND_PLANNED_ROLE,false,hard_negative,true,
P4D_PLAN::PF_P4D_HN_KNEEL_G003_V02,P4D_FROZEN_PLAN_440,PF_P4D_HN_KNEEL_G003_V02,,PF_P4D_HN_KNEEL_G003,NEW_DESIGN,V3_DEV,hard_negative,negative,kneeling_half_kneeling,/home/yanbo/下载/batches/batch_person-fallen-v2-p4d-hardneg-rev1-camera1p5m/prompts/PF_P4D_HN_KNEEL_G003_V02.txt,e516b5a7b158a1edede6c32e92b875deaea2264337648f389dcce52fb4b7a1c4,e516b5a7b158a1edede6c32e92b875deaea2264337648f389dcce52fb4b7a1c4,/home/yanbo/下载/batches/batch-person-fallen-v2-p4d-hardneg-fullregen-r2-camera1p5m/final/PF_P4D_HN_KNEEL_G003_V02.png,051b250c48295bab5687db7056d8071785b76b677750cccb4ae5716d5f94385a,051b250c48295bab5687db7056d8071785b76b677750cccb4ae5716d5f94385a,FAST_CLOSE_EXPECTED_AND_ACTUAL,REUSABLE_P4D_CLEAN_FAST_CLOSE,P4D_FAST_CLOSE_PROVENANCE_MECHANICAL_LINEAGE_PASS,V3_KNEELING_HALF_KNEELING_NEGATIVE,PASS_EXPLICIT_NEGATIVE_CUE,negative,PROMPT_DERIVED_SYNTHETIC_GT,FROZEN_GENERATION_PROMPT_AND_PLANNED_ROLE,false,hard_negative,true,
P4D_PLAN::PF_P4D_HN_KNEEL_G003_V03,P4D_FROZEN_PLAN_440,PF_P4D_HN_KNEEL_G003_V03,,PF_P4D_HN_KNEEL_G003,NEW_DESIGN,V3_DEV,hard_negative,negative,kneeling_half_kneeling,/home/yanbo/下载/batches/batch_person-fallen-v2-p4d-hardneg-rev1-camera1p5m/prompts/PF_P4D_HN_KNEEL_G003_V03.txt,b29eb05a9ff0e891aa43c646f4d5a2f44749016b543d6f98be0048955519dbef,b29eb05a9ff0e891aa43c646f4d5a2f44749016b543d6f98be0048955519dbef,/home/yanbo/下载/batches/batch-person-fallen-v2-p4d-hardneg-fullregen-r2-camera1p5m/final/PF_P4D_HN_KNEEL_G003_V03.png,1bf2338dfaa839012b1fda55442b25f1f23ee8b9aa4c9491a4a5473e1e3a9b95,1bf2338dfaa839012b1fda55442b25f1f23ee8b9aa4c9491a4a5473e1e3a9b95,FAST_CLOSE_EXPECTED_AND_ACTUAL,REUSABLE_P4D_CLEAN_FAST_CLOSE,P4D_FAST_CLOSE_PROVENANCE_MECHANICAL_LINEAGE_PASS,V3_KNEELING_HALF_KNEELING_NEGATIVE,PASS_EXPLICIT_NEGATIVE_CUE,negative,PROMPT_DERIVED_SYNTHETIC_GT,FROZEN_GENERATION_PROMPT_AND_PLANNED_ROLE,false,hard_negative,true,
P4D_PLAN::PF_P4D_HN_KNEEL_G003_V04,P4D_FROZEN_PLAN_440,PF_P4D_HN_KNEEL_G003_V04,,PF_P4D_HN_KNEEL_G003,NEW_DESIGN,V3_DEV,hard_negative,negative,kneeling_half_kneeling,/home/yanbo/下载/batches/batch_person-fallen-v2-p4d-hardneg-rev1-camera1p5m/prompts/PF_P4D_HN_KNEEL_G003_V04.txt,2699f66b92bf02255ecc9931072639054fbc3ec2a3fb9e3b417e88f5b2452ee1,2699f66b92bf02255ecc9931072639054fbc3ec2a3fb9e3b417e88f5b2452ee1,/home/yanbo/下载/batches/batch-person-fallen-v2-p4d-hardneg-fullregen-r2-camera1p5m/final/PF_P4D_HN_KNEEL_G003_V04.png,bc632cd9c7871519b71468c14b351601a6f24fe33a09a3c28504ffa3f91f1a40,bc632cd9c7871519b71468c14b351601a6f24fe33a09a3c28504ffa3f91f1a40,FAST_CLOSE_EXPECTED_AND_ACTUAL,REUSABLE_P4D_CLEAN_FAST_CLOSE,P4D_FAST_CLOSE_PROVENANCE_MECHANICAL_LINEAGE_PASS,V3_KNEELING_HALF_KNEELING_NEGATIVE,PASS_EXPLICIT_NEGATIVE_CUE,negative,PROMPT_DERIVED_SYNTHETIC_GT,FROZEN_GENERATION_PROMPT_AND_PLANNED_ROLE,false,hard_negative,true,
P4D_PLAN::PF_P4D_HN_KNEEL_G003_V05,P4D_FROZEN_PLAN_440,PF_P4D_HN_KNEEL_G003_V05,,PF_P4D_HN_KNEEL_G003,NEW_DESIGN,V3_DEV,hard_negative,negative,kneeling_half_kneeling,/home/yanbo/下载/batches/batch_person-fallen-v2-p4d-hardneg-rev1-camera1p5m/prompts/PF_P4D_HN_KNEEL_G003_V05.txt,ea9b5c1f9ebf555066f0e4c173d9194609548a652b7795b35b266673edff3c5a,ea9b5c1f9ebf555066f0e4c173d9194609548a652b7795b35b266673edff3c5a,/home/yanbo/下载/batches/batch-person-fallen-v2-p4d-hardneg-fullregen-r2-camera1p5m/final/PF_P4D_HN_KNEEL_G003_V05.png,115b25ba45d6751f14c7d5c12bcc0b6698649aa7254d1c7911295a05c21f2ed1,115b25ba45d6751f14c7d5c12bcc0b6698649aa7254d1c7911295a05c21f2ed1,FAST_CLOSE_EXPECTED_AND_ACTUAL,REUSABLE_P4D_CLEAN_FAST_CLOSE,P4D_FAST_CLOSE_PROVENANCE_MECHANICAL_LINEAGE_PASS,V3_KNEELING_HALF_KNEELING_NEGATIVE,PASS_EXPLICIT_NEGATIVE_CUE,negative,PROMPT_DERIVED_SYNTHETIC_GT,FROZEN_GENERATION_PROMPT_AND_PLANNED_ROLE,false,hard_negative,true,
P4D_PLAN::PF_P4D_HN_KNEEL_G004_V01,P4D_FROZEN_PLAN_440,PF_P4D_HN_KNEEL_G004_V01,,PF_P4D_HN_KNEEL_G004,NEW_DESIGN,V3_DEV,hard_negative,negative,kneeling_half_kneeling,/home/yanbo/下载/batches/batch_person-fallen-v2-p4d-hardneg-rev1-camera1p5m/prompts/PF_P4D_HN_KNEEL_G004_V01.txt,fa1d4cc3ae26893b6f3c89a270a8c26fa12ddade6c0c2e4d6d3769ed35d9bbf8,fa1d4cc3ae26893b6f3c89a270a8c26fa12ddade6c0c2e4d6d3769ed35d9bbf8,/home/yanbo/下载/batches/batch-person-fallen-v2-p4d-hardneg-fullregen-r2-camera1p5m/final/PF_P4D_HN_KNEEL_G004_V01.png,da2c71e8ed8df8420bd94c8aeaec0312c4051f4616550b0b852da846eaefbf0d,da2c71e8ed8df8420bd94c8aeaec0312c4051f4616550b0b852da846eaefbf0d,FAST_CLOSE_EXPECTED_AND_ACTUAL,REUSABLE_P4D_CLEAN_FAST_CLOSE,P4D_FAST_CLOSE_PROVENANCE_MECHANICAL_LINEAGE_PASS,V3_KNEELING_HALF_KNEELING_NEGATIVE,PASS_EXPLICIT_NEGATIVE_CUE,negative,PROMPT_DERIVED_SYNTHETIC_GT,FROZEN_GENERATION_PROMPT_AND_PLANNED_ROLE,false,hard_negative,true,
P4D_PLAN::PF_P4D_HN_KNEEL_G004_V02,P4D_FROZEN_PLAN_440,PF_P4D_HN_KNEEL_G004_V02,,PF_P4D_HN_KNEEL_G004,NEW_DESIGN,V3_DEV,hard_negative,negative,kneeling_half_kneeling,/home/yanbo/下载/batches/batch_person-fallen-v2-p4d-hardneg-rev1-camera1p5m/prompts/PF_P4D_HN_KNEEL_G004_V02.txt,72d30eabd5e51d9e14cd14e623facbdbf114f331e1e5291302faadd4e6dcbfca,72d30eabd5e51d9e14cd14e623facbdbf114f331e1e5291302faadd4e6dcbfca,/home/yanbo/下载/batches/batch-person-fallen-v2-p4d-hardneg-fullregen-r2-camera1p5m/final/PF_P4D_HN_KNEEL_G004_V02.png,b337d4329c2c3ade6d50e3726248b05639743410269c6ec6a3ad0983f43e3f19,b337d4329c2c3ade6d50e3726248b05639743410269c6ec6a3ad0983f43e3f19,FAST_CLOSE_EXPECTED_AND_ACTUAL,REUSABLE_P4D_CLEAN_FAST_CLOSE,P4D_FAST_CLOSE_PROVENANCE_MECHANICAL_LINEAGE_PASS,V3_KNEELING_HALF_KNEELING_NEGATIVE,PASS_EXPLICIT_NEGATIVE_CUE,negative,PROMPT_DERIVED_SYNTHETIC_GT,FROZEN_GENERATION_PROMPT_AND_PLANNED_ROLE,false,hard_negative,true,
P4D_PLAN::PF_P4D_HN_KNEEL_G004_V03,P4D_FROZEN_PLAN_440,PF_P4D_HN_KNEEL_G004_V03,,PF_P4D_HN_KNEEL_G004,NEW_DESIGN,V3_DEV,hard_negative,negative,kneeling_half_kneeling,/home/yanbo/下载/batches/batch_person-fallen-v2-p4d-hardneg-rev1-camera1p5m/prompts/PF_P4D_HN_KNEEL_G004_V03.txt,0097d915aec7548ff289d5b3372df0c4707f8c82c57a58b34e632c5c55873286,0097d915aec7548ff289d5b3372df0c4707f8c82c57a58b34e632c5c55873286,/home/yanbo/下载/batches/batch-person-fallen-v2-p4d-hardneg-fullregen-r2-camera1p5m/final/PF_P4D_HN_KNEEL_G004_V03.png,a6a262123a3536700ad754c224e0174c763217e6efdf5df22b724afce86ce538,a6a262123a3536700ad754c224e0174c763217e6efdf5df22b724afce86ce538,FAST_CLOSE_EXPECTED_AND_ACTUAL,REUSABLE_P4D_CLEAN_FAST_CLOSE,P4D_FAST_CLOSE_PROVENANCE_MECHANICAL_LINEAGE_PASS,V3_KNEELING_HALF_KNEELING_NEGATIVE,PASS_EXPLICIT_NEGATIVE_CUE,negative,PROMPT_DERIVED_SYNTHETIC_GT,FROZEN_GENERATION_PROMPT_AND_PLANNED_ROLE,false,hard_negative,true,
P4D_PLAN::PF_P4D_HN_KNEEL_G004_V04,P4D_FROZEN_PLAN_440,PF_P4D_HN_KNEEL_G004_V04,,PF_P4D_HN_KNEEL_G004,NEW_DESIGN,V3_DEV,hard_negative,negative,kneeling_half_kneeling,/home/yanbo/下载/batches/batch_person-fallen-v2-p4d-hardneg-rev1-camera1p5m/prompts/PF_P4D_HN_KNEEL_G004_V04.txt,433fac92e1f2e3c770d3f9c4d7ca1344ebf42885f707ce9d9bb00f8f7fdb42e5,433fac92e1f2e3c770d3f9c4d7ca1344ebf42885f707ce9d9bb00f8f7fdb42e5,/home/yanbo/下载/batches/batch-person-fallen-v2-p4d-hardneg-fullregen-r2-camera1p5m/final/PF_P4D_HN_KNEEL_G004_V04.png,4a8924bb2d4d3a38fcf0753e606be24998e7ecffc883b2b4a32df62c0b3edd66,4a8924bb2d4d3a38fcf0753e606be24998e7ecffc883b2b4a32df62c0b3edd66,FAST_CLOSE_EXPECTED_AND_ACTUAL,REUSABLE_P4D_CLEAN_FAST_CLOSE,P4D_FAST_CLOSE_PROVENANCE_MECHANICAL_LINEAGE_PASS,V3_KNEELING_HALF_KNEELING_NEGATIVE,PASS_EXPLICIT_NEGATIVE_CUE,negative,PROMPT_DERIVED_SYNTHETIC_GT,FROZEN_GENERATION_PROMPT_AND_PLANNED_ROLE,false,hard_negative,true,
P4D_PLAN::PF_P4D_HN_KNEEL_G004_V05,P4D_FROZEN_PLAN_440,PF_P4D_HN_KNEEL_G004_V05,,PF_P4D_HN_KNEEL_G004,NEW_DESIGN,V3_DEV,hard_negative,negative,kneeling_half_kneeling,/home/yanbo/下载/batches/batch_person-fallen-v2-p4d-hardneg-rev1-camera1p5m/prompts/PF_P4D_HN_KNEEL_G004_V05.txt,2da7b164a3ee1d1e9c4aa9cd600827f6b3b6e144a7fa70dda50f3b3868be7145,2da7b164a3ee1d1e9c4aa9cd600827f6b3b6e144a7fa70dda50f3b3868be7145,/home/yanbo/下载/batches/batch-person-fallen-v2-p4d-hardneg-fullregen-r2-camera1p5m/final/PF_P4D_HN_KNEEL_G004_V05.png,352272dd4b3fef4caccc8b08037f5c433e07ffe26906fd7f9d39e05aa39b2cae,352272dd4b3fef4caccc8b08037f5c433e07ffe26906fd7f9d39e05aa39b2cae,FAST_CLOSE_EXPECTED_AND_ACTUAL,REUSABLE_P4D_CLEAN_FAST_CLOSE,P4D_FAST_CLOSE_PROVENANCE_MECHANICAL_LINEAGE_PASS,V3_KNEELING_HALF_KNEELING_NEGATIVE,PASS_EXPLICIT_NEGATIVE_CUE,negative,PROMPT_DERIVED_SYNTHETIC_GT,FROZEN_GENERATION_PROMPT_AND_PLANNED_ROLE,false,hard_negative,true,
P4D_PLAN::PF_P4D_HN_KNEEL_G005_V01,P4D_FROZEN_PLAN_440,PF_P4D_HN_KNEEL_G005_V01,,PF_P4D_HN_KNEEL_G005,NEW_DESIGN,V3_DEV,hard_negative,negative,kneeling_half_kneeling,/home/yanbo/下载/batches/batch_person-fallen-v2-p4d-hardneg-rev1-camera1p5m/prompts/PF_P4D_HN_KNEEL_G005_V01.txt,96e0dee931aa8c22cc7680a750a98b6ca67484f2c3996b119b96457c8a8682d8,96e0dee931aa8c22cc7680a750a98b6ca67484f2c3996b119b96457c8a8682d8,/home/yanbo/下载/batches/batch-person-fallen-v2-p4d-hardneg-fullregen-r2-camera1p5m/final/PF_P4D_HN_KNEEL_G005_V01.png,57a4adcf35c5fee20a71f1427d5a77b39330ea5b6d0eb8e1d937372db6e5b5ba,57a4adcf35c5fee20a71f1427d5a77b39330ea5b6d0eb8e1d937372db6e5b5ba,FAST_CLOSE_EXPECTED_AND_ACTUAL,REUSABLE_P4D_CLEAN_FAST_CLOSE,P4D_FAST_CLOSE_PROVENANCE_MECHANICAL_LINEAGE_PASS,V3_KNEELING_HALF_KNEELING_NEGATIVE,PASS_EXPLICIT_NEGATIVE_CUE,negative,PROMPT_DERIVED_SYNTHETIC_GT,FROZEN_GENERATION_PROMPT_AND_PLANNED_ROLE,false,hard_negative,true,
P4D_PLAN::PF_P4D_HN_KNEEL_G005_V02,P4D_FROZEN_PLAN_440,PF_P4D_HN_KNEEL_G005_V02,,PF_P4D_HN_KNEEL_G005,NEW_DESIGN,V3_DEV,hard_negative,negative,kneeling_half_kneeling,/home/yanbo/下载/batches/batch_person-fallen-v2-p4d-hardneg-rev1-camera1p5m/prompts/PF_P4D_HN_KNEEL_G005_V02.txt,7b332b812d9b80d2322f25e68d9691a479d632e98d0ead4aad103855d6c4ab94,7b332b812d9b80d2322f25e68d9691a479d632e98d0ead4aad103855d6c4ab94,/home/yanbo/下载/batches/batch-person-fallen-v2-p4d-hardneg-fullregen-r2-camera1p5m/final/PF_P4D_HN_KNEEL_G005_V02.png,2e5e98c869fec5d4ccba6f9e6a695eaefdbbd8edaab4d49ea6acee2663458fd4,2e5e98c869fec5d4ccba6f9e6a695eaefdbbd8edaab4d49ea6acee2663458fd4,FAST_CLOSE_EXPECTED_AND_ACTUAL,REUSABLE_P4D_CLEAN_FAST_CLOSE,P4D_FAST_CLOSE_PROVENANCE_MECHANICAL_LINEAGE_PASS,V3_KNEELING_HALF_KNEELING_NEGATIVE,PASS_EXPLICIT_NEGATIVE_CUE,negative,PROMPT_DERIVED_SYNTHETIC_GT,FROZEN_GENERATION_PROMPT_AND_PLANNED_ROLE,false,hard_negative,true,
P4D_PLAN::PF_P4D_HN_KNEEL_G005_V03,P4D_FROZEN_PLAN_440,PF_P4D_HN_KNEEL_G005_V03,,PF_P4D_HN_KNEEL_G005,NEW_DESIGN,V3_DEV,hard_negative,negative,kneeling_half_kneeling,/home/yanbo/下载/batches/batch_person-fallen-v2-p4d-hardneg-rev1-camera1p5m/prompts/PF_P4D_HN_KNEEL_G005_V03.txt,02a8c9e8f069f91af9d715417be3131d6161a6ebe3d541e56ccf530e2edb5aa3,02a8c9e8f069f91af9d715417be3131d6161a6ebe3d541e56ccf530e2edb5aa3,/home/yanbo/下载/batches/batch-person-fallen-v2-p4d-hardneg-fullregen-r2-camera1p5m/final/PF_P4D_HN_KNEEL_G005_V03.png,a8464076cdfdc6dfca5595285c533e72188d77071682fd3cb5537269a46ab7cd,a8464076cdfdc6dfca5595285c533e72188d77071682fd3cb5537269a46ab7cd,FAST_CLOSE_EXPECTED_AND_ACTUAL,REUSABLE_P4D_CLEAN_FAST_CLOSE,P4D_FAST_CLOSE_PROVENANCE_MECHANICAL_LINEAGE_PASS,V3_KNEELING_HALF_KNEELING_NEGATIVE,PASS_EXPLICIT_NEGATIVE_CUE,negative,PROMPT_DERIVED_SYNTHETIC_GT,FROZEN_GENERATION_PROMPT_AND_PLANNED_ROLE,false,hard_negative,true,
P4D_PLAN::PF_P4D_HN_KNEEL_G005_V04,P4D_FROZEN_PLAN_440,PF_P4D_HN_KNEEL_G005_V04,,PF_P4D_HN_KNEEL_G005,NEW_DESIGN,V3_DEV,hard_negative,negative,kneeling_half_kneeling,/home/yanbo/下载/batches/batch_person-fallen-v2-p4d-hardneg-rev1-camera1p5m/prompts/PF_P4D_HN_KNEEL_G005_V04.txt,5526b5db85b632708c91315a5183025945dd067baec42c0eb94d988c86a00514,5526b5db85b632708c91315a5183025945dd067baec42c0eb94d988c86a00514,/home/yanbo/下载/batches/batch-person-fallen-v2-p4d-hardneg-fullregen-r2-camera1p5m/final/PF_P4D_HN_KNEEL_G005_V04.png,092cf64765050fa9d9bf9ab7ce7c62639765bab22784ab6514e7ea9f4880b9ff,092cf64765050fa9d9bf9ab7ce7c62639765bab22784ab6514e7ea9f4880b9ff,FAST_CLOSE_EXPECTED_AND_ACTUAL,REUSABLE_P4D_CLEAN_FAST_CLOSE,P4D_FAST_CLOSE_PROVENANCE_MECHANICAL_LINEAGE_PASS,V3_KNEELING_HALF_KNEELING_NEGATIVE,PASS_EXPLICIT_NEGATIVE_CUE,negative,PROMPT_DERIVED_SYNTHETIC_GT,FROZEN_GENERATION_PROMPT_AND_PLANNED_ROLE,false,hard_negative,true,
P4D_PLAN::PF_P4D_HN_KNEEL_G005_V05,P4D_FROZEN_PLAN_440,PF_P4D_HN_KNEEL_G005_V05,,PF_P4D_HN_KNEEL_G005,NEW_DESIGN,V3_DEV,hard_negative,negative,kneeling_half_kneeling,/home/yanbo/下载/batches/batch_person-fallen-v2-p4d-hardneg-rev1-camera1p5m/prompts/PF_P4D_HN_KNEEL_G005_V05.txt,4bb7e1389d22ad14eb3da708f7cc31258d8c5a51d236418c352f093f1760675d,4bb7e1389d22ad14eb3da708f7cc31258d8c5a51d236418c352f093f1760675d,/home/yanbo/下载/batches/batch-person-fallen-v2-p4d-hardneg-fullregen-r2-camera1p5m/final/PF_P4D_HN_KNEEL_G005_V05.png,c3ab9af0f085ec1147384df4f179ac708bc7204ee162b109e945b9676a57418f,c3ab9af0f085ec1147384df4f179ac708bc7204ee162b109e945b9676a57418f,FAST_CLOSE_EXPECTED_AND_ACTUAL,REUSABLE_P4D_CLEAN_FAST_CLOSE,P4D_FAST_CLOSE_PROVENANCE_MECHANICAL_LINEAGE_PASS,V3_KNEELING_HALF_KNEELING_NEGATIVE,PASS_EXPLICIT_NEGATIVE_CUE,negative,PROMPT_DERIVED_SYNTHETIC_GT,FROZEN_GENERATION_PROMPT_AND_PLANNED_ROLE,false,hard_negative,true,
P4D_PLAN::PF_P4D_HN_KNEEL_G006_V01,P4D_FROZEN_PLAN_440,PF_P4D_HN_KNEEL_G006_V01,,PF_P4D_HN_KNEEL_G006,NEW_DESIGN,V3_DEV,hard_negative,negative,kneeling_half_kneeling,/home/yanbo/下载/batches/batch_person-fallen-v2-p4d-hardneg-rev1-camera1p5m/prompts/PF_P4D_HN_KNEEL_G006_V01.txt,c247b3cd56b753fd193c476036bd587820aa51686d1aef9ca459fc16f69a10bd,c247b3cd56b753fd193c476036bd587820aa51686d1aef9ca459fc16f69a10bd,/home/yanbo/下载/batches/batch-person-fallen-v2-p4d-hardneg-fullregen-r2-camera1p5m/final/PF_P4D_HN_KNEEL_G006_V01.png,ec0067c181440dbafe5953d3140dd10f9bd3026c812ffe94aaca8ffd09ef3d58,ec0067c181440dbafe5953d3140dd10f9bd3026c812ffe94aaca8ffd09ef3d58,FAST_CLOSE_EXPECTED_AND_ACTUAL,REUSABLE_P4D_CLEAN_FAST_CLOSE,P4D_FAST_CLOSE_PROVENANCE_MECHANICAL_LINEAGE_PASS,V3_KNEELING_HALF_KNEELING_NEGATIVE,PASS_EXPLICIT_NEGATIVE_CUE,negative,PROMPT_DERIVED_SYNTHETIC_GT,FROZEN_GENERATION_PROMPT_AND_PLANNED_ROLE,false,hard_negative,true,
P4D_PLAN::PF_P4D_HN_KNEEL_G006_V02,P4D_FROZEN_PLAN_440,PF_P4D_HN_KNEEL_G006_V02,,PF_P4D_HN_KNEEL_G006,NEW_DESIGN,V3_DEV,hard_negative,negative,kneeling_half_kneeling,/home/yanbo/下载/batches/batch_person-fallen-v2-p4d-hardneg-rev1-camera1p5m/prompts/PF_P4D_HN_KNEEL_G006_V02.txt,63ad4fe4403603b4923494220099dc1d3cb080981aab287b275d97e52cf2ff14,63ad4fe4403603b4923494220099dc1d3cb080981aab287b275d97e52cf2ff14,/home/yanbo/下载/batches/batch-person-fallen-v2-p4d-hardneg-fullregen-r2-camera1p5m/final/PF_P4D_HN_KNEEL_G006_V02.png,3046fb43590078dd4c1d9f51ee85bea5e8af821a61248cccac9b3aabfa3ab81e,3046fb43590078dd4c1d9f51ee85bea5e8af821a61248cccac9b3aabfa3ab81e,FAST_CLOSE_EXPECTED_AND_ACTUAL,REUSABLE_P4D_CLEAN_FAST_CLOSE,P4D_FAST_CLOSE_PROVENANCE_MECHANICAL_LINEAGE_PASS,V3_KNEELING_HALF_KNEELING_NEGATIVE,PASS_EXPLICIT_NEGATIVE_CUE,negative,PROMPT_DERIVED_SYNTHETIC_GT,FROZEN_GENERATION_PROMPT_AND_PLANNED_ROLE,false,hard_negative,true,
P4D_PLAN::PF_P4D_HN_KNEEL_G006_V03,P4D_FROZEN_PLAN_440,PF_P4D_HN_KNEEL_G006_V03,,PF_P4D_HN_KNEEL_G006,NEW_DESIGN,V3_DEV,hard_negative,negative,kneeling_half_kneeling,/home/yanbo/下载/batches/batch_person-fallen-v2-p4d-hardneg-rev1-camera1p5m/prompts/PF_P4D_HN_KNEEL_G006_V03.txt,b280e5fc694cc24852999ff823add92fa90707c2c9cb3ac09f748f70adcc8ae8,b280e5fc694cc24852999ff823add92fa90707c2c9cb3ac09f748f70adcc8ae8,/home/yanbo/下载/batches/batch-person-fallen-v2-p4d-hardneg-fullregen-r2-camera1p5m/final/PF_P4D_HN_KNEEL_G006_V03.png,b44aacd2710e04264b8be5a8046fb77b2e29d4c41155d14c7d902e9b9f26b734,b44aacd2710e04264b8be5a8046fb77b2e29d4c41155d14c7d902e9b9f26b734,FAST_CLOSE_EXPECTED_AND_ACTUAL,REUSABLE_P4D_CLEAN_FAST_CLOSE,P4D_FAST_CLOSE_PROVENANCE_MECHANICAL_LINEAGE_PASS,V3_KNEELING_HALF_KNEELING_NEGATIVE,PASS_EXPLICIT_NEGATIVE_CUE,negative,PROMPT_DERIVED_SYNTHETIC_GT,FROZEN_GENERATION_PROMPT_AND_PLANNED_ROLE,false,hard_negative,true,
P4D_PLAN::PF_P4D_HN_KNEEL_G006_V04,P4D_FROZEN_PLAN_440,PF_P4D_HN_KNEEL_G006_V04,,PF_P4D_HN_KNEEL_G006,NEW_DESIGN,V3_DEV,hard_negative,negative,kneeling_half_kneeling,/home/yanbo/下载/batches/batch_person-fallen-v2-p4d-hardneg-rev1-camera1p5m/prompts/PF_P4D_HN_KNEEL_G006_V04.txt,a816d854d43e166d48b16042c8e4a0a793dcbf7b4aa2ec85953cc53b07040c2f,a816d854d43e166d48b16042c8e4a0a793dcbf7b4aa2ec85953cc53b07040c2f,/home/yanbo/下载/batches/batch-person-fallen-v2-p4d-hardneg-fullregen-r2-camera1p5m/final/PF_P4D_HN_KNEEL_G006_V04.png,6efac3deebf25a7c6e1edb7ebfa72146ed12077e750f9a4aa16dd4a41b590a2c,6efac3deebf25a7c6e1edb7ebfa72146ed12077e750f9a4aa16dd4a41b590a2c,FAST_CLOSE_EXPECTED_AND_ACTUAL,REUSABLE_P4D_CLEAN_FAST_CLOSE,P4D_FAST_CLOSE_PROVENANCE_MECHANICAL_LINEAGE_PASS,V3_KNEELING_HALF_KNEELING_NEGATIVE,PASS_EXPLICIT_NEGATIVE_CUE,negative,PROMPT_DERIVED_SYNTHETIC_GT,FROZEN_GENERATION_PROMPT_AND_PLANNED_ROLE,false,hard_negative,true,
P4D_PLAN::PF_P4D_HN_KNEEL_G006_V05,P4D_FROZEN_PLAN_440,PF_P4D_HN_KNEEL_G006_V05,,PF_P4D_HN_KNEEL_G006,NEW_DESIGN,V3_DEV,hard_negative,negative,kneeling_half_kneeling,/home/yanbo/下载/batches/batch_person-fallen-v2-p4d-hardneg-rev1-camera1p5m/prompts/PF_P4D_HN_KNEEL_G006_V05.txt,16e54dd0ae91a689930d3c2fdce97b18705206b358f91fd97bd4228c1e990ab7,16e54dd0ae91a689930d3c2fdce97b18705206b358f91fd97bd4228c1e990ab7,/home/yanbo/下载/batches/batch-person-fallen-v2-p4d-hardneg-fullregen-r2-camera1p5m/final/PF_P4D_HN_KNEEL_G006_V05.png,21cbdfc71ebb5ddcf980c8af479ca1be17e6b8d81e3b412aabf55ac5c5520d6e,21cbdfc71ebb5ddcf980c8af479ca1be17e6b8d81e3b412aabf55ac5c5520d6e,FAST_CLOSE_EXPECTED_AND_ACTUAL,REUSABLE_P4D_CLEAN_FAST_CLOSE,P4D_FAST_CLOSE_PROVENANCE_MECHANICAL_LINEAGE_PASS,V3_KNEELING_HALF_KNEELING_NEGATIVE,PASS_EXPLICIT_NEGATIVE_CUE,negative,PROMPT_DERIVED_SYNTHETIC_GT,FROZEN_GENERATION_PROMPT_AND_PLANNED_ROLE,false,hard_negative,true,
P4D_PLAN::PF_P4D_HN_KNEEL_G007_V01,P4D_FROZEN_PLAN_440,PF_P4D_HN_KNEEL_G007_V01,,PF_P4D_HN_KNEEL_G007,NEW_DESIGN,V3_DEV,hard_negative,negative,kneeling_half_kneeling,/home/yanbo/下载/batches/batch_person-fallen-v2-p4d-hardneg-rev1-camera1p5m/prompts/PF_P4D_HN_KNEEL_G007_V01.txt,6593e0482a4d12b7a8ee9efdd36380539bb6fff738e64fe0787e0c131e3ec8ba,6593e0482a4d12b7a8ee9efdd36380539bb6fff738e64fe0787e0c131e3ec8ba,/home/yanbo/下载/batches/batch-person-fallen-v2-p4d-hardneg-fullregen-r2-camera1p5m/final/PF_P4D_HN_KNEEL_G007_V01.png,be2144a896c3a6f77dc5b9fb06b7f0a211e5aec86fbb3173116fabb512c17263,be2144a896c3a6f77dc5b9fb06b7f0a211e5aec86fbb3173116fabb512c17263,FAST_CLOSE_EXPECTED_AND_ACTUAL,REUSABLE_P4D_CLEAN_FAST_CLOSE,P4D_FAST_CLOSE_PROVENANCE_MECHANICAL_LINEAGE_PASS,V3_KNEELING_HALF_KNEELING_NEGATIVE,PASS_EXPLICIT_NEGATIVE_CUE,negative,PROMPT_DERIVED_SYNTHETIC_GT,FROZEN_GENERATION_PROMPT_AND_PLANNED_ROLE,false,hard_negative,true,
P4D_PLAN::PF_P4D_HN_KNEEL_G007_V02,P4D_FROZEN_PLAN_440,PF_P4D_HN_KNEEL_G007_V02,,PF_P4D_HN_KNEEL_G007,NEW_DESIGN,V3_DEV,hard_negative,negative,kneeling_half_kneeling,/home/yanbo/下载/batches/batch_person-fallen-v2-p4d-hardneg-rev1-camera1p5m/prompts/PF_P4D_HN_KNEEL_G007_V02.txt,4e8f4639c9b47b8dcea074104df130ba57ca812033558bb6ed405ac12ece292d,4e8f4639c9b47b8dcea074104df130ba57ca812033558bb6ed405ac12ece292d,/home/yanbo/下载/batches/batch-person-fallen-v2-p4d-hardneg-fullregen-r2-camera1p5m/final/PF_P4D_HN_KNEEL_G007_V02.png,487479c3e26b1caa9ab49fb2ea6feddf34e9c10fdca9bd4bcade13947a7c86f7,487479c3e26b1caa9ab49fb2ea6feddf34e9c10fdca9bd4bcade13947a7c86f7,FAST_CLOSE_EXPECTED_AND_ACTUAL,REUSABLE_P4D_CLEAN_FAST_CLOSE,P4D_FAST_CLOSE_PROVENANCE_MECHANICAL_LINEAGE_PASS,V3_KNEELING_HALF_KNEELING_NEGATIVE,PASS_EXPLICIT_NEGATIVE_CUE,negative,PROMPT_DERIVED_SYNTHETIC_GT,FROZEN_GENERATION_PROMPT_AND_PLANNED_ROLE,false,hard_negative,true,
P4D_PLAN::PF_P4D_HN_KNEEL_G007_V03,P4D_FROZEN_PLAN_440,PF_P4D_HN_KNEEL_G007_V03,,PF_P4D_HN_KNEEL_G007,NEW_DESIGN,V3_DEV,hard_negative,negative,kneeling_half_kneeling,/home/yanbo/下载/batches/batch_person-fallen-v2-p4d-hardneg-rev1-camera1p5m/prompts/PF_P4D_HN_KNEEL_G007_V03.txt,ae3ce62d233e6ba70efae47bc1448f2f11572c6e35735c66ddbea49537b0c183,ae3ce62d233e6ba70efae47bc1448f2f11572c6e35735c66ddbea49537b0c183,/home/yanbo/下载/batches/batch-person-fallen-v2-p4d-hardneg-fullregen-r2-camera1p5m/final/PF_P4D_HN_KNEEL_G007_V03.png,7ab5c38ad749015a73899582af27466dc800ae278af8b5d30573348a69d539ed,7ab5c38ad749015a73899582af27466dc800ae278af8b5d30573348a69d539ed,FAST_CLOSE_EXPECTED_AND_ACTUAL,REUSABLE_P4D_CLEAN_FAST_CLOSE,P4D_FAST_CLOSE_PROVENANCE_MECHANICAL_LINEAGE_PASS,V3_KNEELING_HALF_KNEELING_NEGATIVE,PASS_EXPLICIT_NEGATIVE_CUE,negative,PROMPT_DERIVED_SYNTHETIC_GT,FROZEN_GENERATION_PROMPT_AND_PLANNED_ROLE,false,hard_negative,true,
P4D_PLAN::PF_P4D_HN_KNEEL_G007_V04,P4D_FROZEN_PLAN_440,PF_P4D_HN_KNEEL_G007_V04,,PF_P4D_HN_KNEEL_G007,NEW_DESIGN,V3_DEV,hard_negative,negative,kneeling_half_kneeling,/home/yanbo/下载/batches/batch_person-fallen-v2-p4d-hardneg-rev1-camera1p5m/prompts/PF_P4D_HN_KNEEL_G007_V04.txt,06a6f0c67694f59a2de5828bd422fd1e97e8c6c04b4b1361a5fc51667ecf0ab5,06a6f0c67694f59a2de5828bd422fd1e97e8c6c04b4b1361a5fc51667ecf0ab5,/home/yanbo/下载/batches/batch-person-fallen-v2-p4d-hardneg-fullregen-r2-camera1p5m/final/PF_P4D_HN_KNEEL_G007_V04.png,b04dc22a6651d55af655dd4e125319b7e8e1a6716944980f15dd0305555849e6,b04dc22a6651d55af655dd4e125319b7e8e1a6716944980f15dd0305555849e6,FAST_CLOSE_EXPECTED_AND_ACTUAL,REUSABLE_P4D_CLEAN_FAST_CLOSE,P4D_FAST_CLOSE_PROVENANCE_MECHANICAL_LINEAGE_PASS,V3_KNEELING_HALF_KNEELING_NEGATIVE,PASS_EXPLICIT_NEGATIVE_CUE,negative,PROMPT_DERIVED_SYNTHETIC_GT,FROZEN_GENERATION_PROMPT_AND_PLANNED_ROLE,false,hard_negative,true,
P4D_PLAN::PF_P4D_HN_KNEEL_G007_V05,P4D_FROZEN_PLAN_440,PF_P4D_HN_KNEEL_G007_V05,,PF_P4D_HN_KNEEL_G007,NEW_DESIGN,V3_DEV,hard_negative,negative,kneeling_half_kneeling,/home/yanbo/下载/batches/batch_person-fallen-v2-p4d-hardneg-rev1-camera1p5m/prompts/PF_P4D_HN_KNEEL_G007_V05.txt,15a10ca352173c2ed3728e34a6d1ce05544bac55987c808ef6518a8a5ccca864,15a10ca352173c2ed3728e34a6d1ce05544bac55987c808ef6518a8a5ccca864,/home/yanbo/下载/batches/batch-person-fallen-v2-p4d-hardneg-fullregen-r2-camera1p5m/final/PF_P4D_HN_KNEEL_G007_V05.png,e0e83fe5910aed2fc9629efe298175e69c19a39d1b21b1bda737172588bae74e,e0e83fe5910aed2fc9629efe298175e69c19a39d1b21b1bda737172588bae74e,FAST_CLOSE_EXPECTED_AND_ACTUAL,REUSABLE_P4D_CLEAN_FAST_CLOSE,P4D_FAST_CLOSE_PROVENANCE_MECHANICAL_LINEAGE_PASS,V3_KNEELING_HALF_KNEELING_NEGATIVE,PASS_EXPLICIT_NEGATIVE_CUE,negative,PROMPT_DERIVED_SYNTHETIC_GT,FROZEN_GENERATION_PROMPT_AND_PLANNED_ROLE,false,hard_negative,true,
P4D_PLAN::PF_P4D_HN_KNEEL_G008_V01,P4D_FROZEN_PLAN_440,PF_P4D_HN_KNEEL_G008_V01,,PF_P4D_HN_KNEEL_G008,NEW_SCREEN,V3_SCREEN,hard_negative,negative,kneeling_half_kneeling,/home/yanbo/下载/batches/batch_person-fallen-v2-p4d-hardneg-rev1-camera1p5m/prompts/PF_P4D_HN_KNEEL_G008_V01.txt,43b1d72d24355d5ed3a74237db30fcbadf4f19f9322f944e971e5f96f0c8122a,43b1d72d24355d5ed3a74237db30fcbadf4f19f9322f944e971e5f96f0c8122a,/home/yanbo/下载/batches/batch-person-fallen-v2-p4d-hardneg-fullregen-r2-camera1p5m/final/PF_P4D_HN_KNEEL_G008_V01.png,56bc79407280b2e31c49ac6ea2d58c5af3460a64bf494a816284140b54a6bdda,56bc79407280b2e31c49ac6ea2d58c5af3460a64bf494a816284140b54a6bdda,FAST_CLOSE_EXPECTED_AND_ACTUAL,REUSABLE_P4D_CLEAN_FAST_CLOSE,P4D_FAST_CLOSE_PROVENANCE_MECHANICAL_LINEAGE_PASS,V3_KNEELING_HALF_KNEELING_NEGATIVE,PASS_EXPLICIT_NEGATIVE_CUE,negative,PROMPT_DERIVED_SYNTHETIC_GT,FROZEN_GENERATION_PROMPT_AND_PLANNED_ROLE,false,hard_negative,true,
P4D_PLAN::PF_P4D_HN_KNEEL_G008_V02,P4D_FROZEN_PLAN_440,PF_P4D_HN_KNEEL_G008_V02,,PF_P4D_HN_KNEEL_G008,NEW_SCREEN,V3_SCREEN,hard_negative,negative,kneeling_half_kneeling,/home/yanbo/下载/batches/batch_person-fallen-v2-p4d-hardneg-rev1-camera1p5m/prompts/PF_P4D_HN_KNEEL_G008_V02.txt,5339a3a468b17360cc2b24b3172fb29e0289eee6d2c22d9900132f879b56f934,5339a3a468b17360cc2b24b3172fb29e0289eee6d2c22d9900132f879b56f934,/home/yanbo/下载/batches/batch-person-fallen-v2-p4d-hardneg-fullregen-r2-camera1p5m/final/PF_P4D_HN_KNEEL_G008_V02.png,7627a29a4f7225bca531e3049010d5190305f24918fc7c1250a4c8ac16292f10,7627a29a4f7225bca531e3049010d5190305f24918fc7c1250a4c8ac16292f10,FAST_CLOSE_EXPECTED_AND_ACTUAL,REUSABLE_P4D_CLEAN_FAST_CLOSE,P4D_FAST_CLOSE_PROVENANCE_MECHANICAL_LINEAGE_PASS,V3_KNEELING_HALF_KNEELING_NEGATIVE,PASS_EXPLICIT_NEGATIVE_CUE,negative,PROMPT_DERIVED_SYNTHETIC_GT,FROZEN_GENERATION_PROMPT_AND_PLANNED_ROLE,false,hard_negative,true,
P4D_PLAN::PF_P4D_HN_KNEEL_G008_V03,P4D_FROZEN_PLAN_440,PF_P4D_HN_KNEEL_G008_V03,,PF_P4D_HN_KNEEL_G008,NEW_SCREEN,V3_SCREEN,hard_negative,negative,kneeling_half_kneeling,/home/yanbo/下载/batches/batch_person-fallen-v2-p4d-hardneg-rev1-camera1p5m/prompts/PF_P4D_HN_KNEEL_G008_V03.txt,3f03476809c8104d4c0eac19bb45924e985f92d6e062dec6a1139158d42030df,3f03476809c8104d4c0eac19bb45924e985f92d6e062dec6a1139158d42030df,/home/yanbo/下载/batches/batch-person-fallen-v2-p4d-hardneg-fullregen-r2-camera1p5m/final/PF_P4D_HN_KNEEL_G008_V03.png,bd272252ee09698e901c38993d4016f3dff41014d58fe0106e75d58191991339,bd272252ee09698e901c38993d4016f3dff41014d58fe0106e75d58191991339,FAST_CLOSE_EXPECTED_AND_ACTUAL,REUSABLE_P4D_CLEAN_FAST_CLOSE,P4D_FAST_CLOSE_PROVENANCE_MECHANICAL_LINEAGE_PASS,V3_KNEELING_HALF_KNEELING_NEGATIVE,PASS_EXPLICIT_NEGATIVE_CUE,negative,PROMPT_DERIVED_SYNTHETIC_GT,FROZEN_GENERATION_PROMPT_AND_PLANNED_ROLE,false,hard_negative,true,
P4D_PLAN::PF_P4D_HN_KNEEL_G008_V04,P4D_FROZEN_PLAN_440,PF_P4D_HN_KNEEL_G008_V04,,PF_P4D_HN_KNEEL_G008,NEW_SCREEN,V3_SCREEN,hard_negative,negative,kneeling_half_kneeling,/home/yanbo/下载/batches/batch_person-fallen-v2-p4d-hardneg-rev1-camera1p5m/prompts/PF_P4D_HN_KNEEL_G008_V04.txt,78d114c278f03a9932333c2b7c58e1036860fb893bf83f1ceafedd9886e04692,78d114c278f03a9932333c2b7c58e1036860fb893bf83f1ceafedd9886e04692,/home/yanbo/下载/batches/batch-person-fallen-v2-p4d-hardneg-fullregen-r2-camera1p5m/final/PF_P4D_HN_KNEEL_G008_V04.png,39ff8fff5340afa480d5758b2fda3fbe0b3b1d5c18d58b0813ddb7b94a44ab7b,39ff8fff5340afa480d5758b2fda3fbe0b3b1d5c18d58b0813ddb7b94a44ab7b,FAST_CLOSE_EXPECTED_AND_ACTUAL,REUSABLE_P4D_CLEAN_FAST_CLOSE,P4D_FAST_CLOSE_PROVENANCE_MECHANICAL_LINEAGE_PASS,V3_KNEELING_HALF_KNEELING_NEGATIVE,PASS_EXPLICIT_NEGATIVE_CUE,negative,PROMPT_DERIVED_SYNTHETIC_GT,FROZEN_GENERATION_PROMPT_AND_PLANNED_ROLE,false,hard_negative,true,
P4D_PLAN::PF_P4D_HN_KNEEL_G008_V05,P4D_FROZEN_PLAN_440,PF_P4D_HN_KNEEL_G008_V05,,PF_P4D_HN_KNEEL_G008,NEW_SCREEN,V3_SCREEN,hard_negative,negative,kneeling_half_kneeling,/home/yanbo/下载/batches/batch_person-fallen-v2-p4d-hardneg-rev1-camera1p5m/prompts/PF_P4D_HN_KNEEL_G008_V05.txt,1e96915a0857f55fc4092b16d581167cae7513e1c3ff4c45cc75245b5a1cc6f2,1e96915a0857f55fc4092b16d581167cae7513e1c3ff4c45cc75245b5a1cc6f2,/home/yanbo/下载/batches/batch-person-fallen-v2-p4d-hardneg-fullregen-r2-camera1p5m/final/PF_P4D_HN_KNEEL_G008_V05.png,1c66e4146019746cfc21b3de759aae6b7eee9550e5e23634b656eadaba8a0140,1c66e4146019746cfc21b3de759aae6b7eee9550e5e23634b656eadaba8a0140,FAST_CLOSE_EXPECTED_AND_ACTUAL,REUSABLE_P4D_CLEAN_FAST_CLOSE,P4D_FAST_CLOSE_PROVENANCE_MECHANICAL_LINEAGE_PASS,V3_KNEELING_HALF_KNEELING_NEGATIVE,PASS_EXPLICIT_NEGATIVE_CUE,negative,PROMPT_DERIVED_SYNTHETIC_GT,FROZEN_GENERATION_PROMPT_AND_PLANNED_ROLE,false,hard_negative,true,
P4D_PLAN::PF_P4D_HN_KNEEL_G009_V01,P4D_FROZEN_PLAN_440,PF_P4D_HN_KNEEL_G009_V01,,PF_P4D_HN_KNEEL_G009,NEW_SCREEN,V3_SCREEN,hard_negative,negative,kneeling_half_kneeling,/home/yanbo/下载/batches/batch_person-fallen-v2-p4d-hardneg-rev1-camera1p5m/prompts/PF_P4D_HN_KNEEL_G009_V01.txt,71d53dfc79863eed363963b498452ef630b0178ddd1d7a647ce0c4baee467e3c,71d53dfc79863eed363963b498452ef630b0178ddd1d7a647ce0c4baee467e3c,/home/yanbo/下载/batches/batch-person-fallen-v2-p4d-hardneg-fullregen-r2-camera1p5m/final/PF_P4D_HN_KNEEL_G009_V01.png,b024c2e324504db9c3e0ee27a2677a5647be0e3ea895279b490de49904bda5df,b024c2e324504db9c3e0ee27a2677a5647be0e3ea895279b490de49904bda5df,FAST_CLOSE_EXPECTED_AND_ACTUAL,REUSABLE_P4D_CLEAN_FAST_CLOSE,P4D_FAST_CLOSE_PROVENANCE_MECHANICAL_LINEAGE_PASS,V3_KNEELING_HALF_KNEELING_NEGATIVE,PASS_EXPLICIT_NEGATIVE_CUE,negative,PROMPT_DERIVED_SYNTHETIC_GT,FROZEN_GENERATION_PROMPT_AND_PLANNED_ROLE,false,hard_negative,true,
P4D_PLAN::PF_P4D_HN_KNEEL_G009_V02,P4D_FROZEN_PLAN_440,PF_P4D_HN_KNEEL_G009_V02,,PF_P4D_HN_KNEEL_G009,NEW_SCREEN,V3_SCREEN,hard_negative,negative,kneeling_half_kneeling,/home/yanbo/下载/batches/batch_person-fallen-v2-p4d-hardneg-rev1-camera1p5m/prompts/PF_P4D_HN_KNEEL_G009_V02.txt,8eb7af8e448e7423ea949cb694c760f9fd08a71056e8f4b601ecfa4c4a769713,8eb7af8e448e7423ea949cb694c760f9fd08a71056e8f4b601ecfa4c4a769713,/home/yanbo/下载/batches/batch-person-fallen-v2-p4d-hardneg-fullregen-r2-camera1p5m/final/PF_P4D_HN_KNEEL_G009_V02.png,3e4cd1c8194c514353ea7dc63756f4fa1b0300093436b7e1d8c530977c9b27e6,3e4cd1c8194c514353ea7dc63756f4fa1b0300093436b7e1d8c530977c9b27e6,FAST_CLOSE_EXPECTED_AND_ACTUAL,REUSABLE_P4D_CLEAN_FAST_CLOSE,P4D_FAST_CLOSE_PROVENANCE_MECHANICAL_LINEAGE_PASS,V3_KNEELING_HALF_KNEELING_NEGATIVE,PASS_EXPLICIT_NEGATIVE_CUE,negative,PROMPT_DERIVED_SYNTHETIC_GT,FROZEN_GENERATION_PROMPT_AND_PLANNED_ROLE,false,hard_negative,true,
P4D_PLAN::PF_P4D_HN_KNEEL_G009_V03,P4D_FROZEN_PLAN_440,PF_P4D_HN_KNEEL_G009_V03,,PF_P4D_HN_KNEEL_G009,NEW_SCREEN,V3_SCREEN,hard_negative,negative,kneeling_half_kneeling,/home/yanbo/下载/batches/batch_person-fallen-v2-p4d-hardneg-rev1-camera1p5m/prompts/PF_P4D_HN_KNEEL_G009_V03.txt,78cce9e13abc2d03678713e9ae759060109a536483a15b536ba87275cdb01ec6,78cce9e13abc2d03678713e9ae759060109a536483a15b536ba87275cdb01ec6,/home/yanbo/net_vlm_person_fallen_v2_optimization/08_p4d_new_hard_negative_dev_revision/02_generation/gr3_fullregen/06_execution/quota_campaign_window_01_authorized_20260830_05/08_final/PF_P4D_HN_KNEEL_G009_V03.png,217fe977333506f063cf4574d441a9644bb71c85fcba8a38bc9f836c5d7c826c,217fe977333506f063cf4574d441a9644bb71c85fcba8a38bc9f836c5d7c826c,FAST_CLOSE_EXPECTED_AND_ACTUAL,REUSABLE_P4D_CLEAN_FAST_CLOSE,P4D_FAST_CLOSE_PROVENANCE_MECHANICAL_LINEAGE_PASS,V3_KNEELING_HALF_KNEELING_NEGATIVE,PASS_EXPLICIT_NEGATIVE_CUE,negative,PROMPT_DERIVED_SYNTHETIC_GT,FROZEN_GENERATION_PROMPT_AND_PLANNED_ROLE,false,hard_negative,true,
P4D_PLAN::PF_P4D_HN_KNEEL_G009_V04,P4D_FROZEN_PLAN_440,PF_P4D_HN_KNEEL_G009_V04,,PF_P4D_HN_KNEEL_G009,NEW_SCREEN,V3_SCREEN,hard_negative,negative,kneeling_half_kneeling,/home/yanbo/下载/batches/batch_person-fallen-v2-p4d-hardneg-rev1-camera1p5m/prompts/PF_P4D_HN_KNEEL_G009_V04.txt,fd5443a2ba97e937e92851e540ee0a31af679659d7ce5da54a92be8685bd6cf1,fd5443a2ba97e937e92851e540ee0a31af679659d7ce5da54a92be8685bd6cf1,/home/yanbo/net_vlm_person_fallen_v2_optimization/08_p4d_new_hard_negative_dev_revision/02_generation/gr3_fullregen/06_execution/quota_campaign_window_01_authorized_20260830_05/08_final/PF_P4D_HN_KNEEL_G009_V04.png,9f3c79cd42d307dab91e5030e46e3509044abf996fec3917652b9824407c2ca7,9f3c79cd42d307dab91e5030e46e3509044abf996fec3917652b9824407c2ca7,FAST_CLOSE_EXPECTED_AND_ACTUAL,REUSABLE_P4D_CLEAN_FAST_CLOSE,P4D_FAST_CLOSE_PROVENANCE_MECHANICAL_LINEAGE_PASS,V3_KNEELING_HALF_KNEELING_NEGATIVE,PASS_EXPLICIT_NEGATIVE_CUE,negative,PROMPT_DERIVED_SYNTHETIC_GT,FROZEN_GENERATION_PROMPT_AND_PLANNED_ROLE,false,hard_negative,true,
P4D_PLAN::PF_P4D_HN_KNEEL_G009_V05,P4D_FROZEN_PLAN_440,PF_P4D_HN_KNEEL_G009_V05,,PF_P4D_HN_KNEEL_G009,NEW_SCREEN,V3_SCREEN,hard_negative,negative,kneeling_half_kneeling,/home/yanbo/下载/batches/batch_person-fallen-v2-p4d-hardneg-rev1-camera1p5m/prompts/PF_P4D_HN_KNEEL_G009_V05.txt,92dadc3dba5615cb68ffd9ad23e510f3ee5b1eac62f2e68b08a7376ec08f5aa9,92dadc3dba5615cb68ffd9ad23e510f3ee5b1eac62f2e68b08a7376ec08f5aa9,/home/yanbo/net_vlm_person_fallen_v2_optimization/08_p4d_new_hard_negative_dev_revision/02_generation/gr3_fullregen/06_execution/quota_campaign_window_01_authorized_20260830_05/08_final/PF_P4D_HN_KNEEL_G009_V05.png,2d75e4de53d2edad686a5d004c88a08ddc8807b275d0ea9a99a27ff825bc361d,2d75e4de53d2edad686a5d004c88a08ddc8807b275d0ea9a99a27ff825bc361d,FAST_CLOSE_EXPECTED_AND_ACTUAL,REUSABLE_P4D_CLEAN_FAST_CLOSE,P4D_FAST_CLOSE_PROVENANCE_MECHANICAL_LINEAGE_PASS,V3_KNEELING_HALF_KNEELING_NEGATIVE,PASS_EXPLICIT_NEGATIVE_CUE,negative,PROMPT_DERIVED_SYNTHETIC_GT,FROZEN_GENERATION_PROMPT_AND_PLANNED_ROLE,false,hard_negative,true,
P4D_PLAN::PF_P4D_HN_KNEEL_G010_V01,P4D_FROZEN_PLAN_440,PF_P4D_HN_KNEEL_G010_V01,,PF_P4D_HN_KNEEL_G010,NEW_SCREEN,EXCLUDE_NOT_REUSABLE,hard_negative,negative,kneeling_half_kneeling,/home/yanbo/下载/batches/batch_person-fallen-v2-p4d-hardneg-rev1-camera1p5m/prompts/PF_P4D_HN_KNEEL_G010_V01.txt,1f9881298b80681025401884d8ed7afb4deb0e987eac970da732e3e4589a10e3,1f9881298b80681025401884d8ed7afb4deb0e987eac970da732e3e4589a10e3,,,,NOT_APPLICABLE_NO_FORMAL_IMAGE,UNEXECUTED_OR_NOT_REUSABLE,SAFE_OUTSTANDING_NOT_CLEAN_ASSET,V3_KNEELING_HALF_KNEELING_NEGATIVE,PASS_EXPLICIT_NEGATIVE_CUE,negative,PROMPT_DERIVED_SYNTHETIC_GT,FROZEN_GENERATION_PROMPT_AND_PLANNED_ROLE,false,hard_negative,false,NO_VERIFIED_REUSABLE_CLEAN_ASSET
P4D_PLAN::PF_P4D_HN_KNEEL_G010_V02,P4D_FROZEN_PLAN_440,PF_P4D_HN_KNEEL_G010_V02,,PF_P4D_HN_KNEEL_G010,NEW_SCREEN,EXCLUDE_NOT_REUSABLE,hard_negative,negative,kneeling_half_kneeling,/home/yanbo/下载/batches/batch_person-fallen-v2-p4d-hardneg-rev1-camera1p5m/prompts/PF_P4D_HN_KNEEL_G010_V02.txt,5c13174c2222bd8e9c75d5a9f0a77dd36134009ada174ca8698ab0aaa00e3e76,5c13174c2222bd8e9c75d5a9f0a77dd36134009ada174ca8698ab0aaa00e3e76,,,,NOT_APPLICABLE_NO_FORMAL_IMAGE,UNEXECUTED_OR_NOT_REUSABLE,SAFE_OUTSTANDING_NOT_CLEAN_ASSET,V3_KNEELING_HALF_KNEELING_NEGATIVE,PASS_EXPLICIT_NEGATIVE_CUE,negative,PROMPT_DERIVED_SYNTHETIC_GT,FROZEN_GENERATION_PROMPT_AND_PLANNED_ROLE,false,hard_negative,false,NO_VERIFIED_REUSABLE_CLEAN_ASSET
P4D_PLAN::PF_P4D_HN_KNEEL_G010_V03,P4D_FROZEN_PLAN_440,PF_P4D_HN_KNEEL_G010_V03,,PF_P4D_HN_KNEEL_G010,NEW_SCREEN,EXCLUDE_NOT_REUSABLE,hard_negative,negative,kneeling_half_kneeling,/home/yanbo/下载/batches/batch_person-fallen-v2-p4d-hardneg-rev1-camera1p5m/prompts/PF_P4D_HN_KNEEL_G010_V03.txt,7169a9109d88441390e765ad5fc846f772abaa5a2d0464d5deefc70891b7aa82,7169a9109d88441390e765ad5fc846f772abaa5a2d0464d5deefc70891b7aa82,,,,NOT_APPLICABLE_NO_FORMAL_IMAGE,UNEXECUTED_OR_NOT_REUSABLE,SAFE_OUTSTANDING_NOT_CLEAN_ASSET,V3_KNEELING_HALF_KNEELING_NEGATIVE,PASS_EXPLICIT_NEGATIVE_CUE,negative,PROMPT_DERIVED_SYNTHETIC_GT,FROZEN_GENERATION_PROMPT_AND_PLANNED_ROLE,false,hard_negative,false,NO_VERIFIED_REUSABLE_CLEAN_ASSET
P4D_PLAN::PF_P4D_HN_KNEEL_G010_V04,P4D_FROZEN_PLAN_440,PF_P4D_HN_KNEEL_G010_V04,,PF_P4D_HN_KNEEL_G010,NEW_SCREEN,EXCLUDE_NOT_REUSABLE,hard_negative,negative,kneeling_half_kneeling,/home/yanbo/下载/batches/batch_person-fallen-v2-p4d-hardneg-rev1-camera1p5m/prompts/PF_P4D_HN_KNEEL_G010_V04.txt,5847e1f6db5cd06baec6a1bad43fb7d0a3c4979f33935d3d3e45be902d36ce99,5847e1f6db5cd06baec6a1bad43fb7d0a3c4979f33935d3d3e45be902d36ce99,,,,NOT_APPLICABLE_NO_FORMAL_IMAGE,UNEXECUTED_OR_NOT_REUSABLE,SAFE_OUTSTANDING_NOT_CLEAN_ASSET,V3_KNEELING_HALF_KNEELING_NEGATIVE,PASS_EXPLICIT_NEGATIVE_CUE,negative,PROMPT_DERIVED_SYNTHETIC_GT,FROZEN_GENERATION_PROMPT_AND_PLANNED_ROLE,false,hard_negative,false,NO_VERIFIED_REUSABLE_CLEAN_ASSET
P4D_PLAN::PF_P4D_HN_KNEEL_G010_V05,P4D_FROZEN_PLAN_440,PF_P4D_HN_KNEEL_G010_V05,,PF_P4D_HN_KNEEL_G010,NEW_SCREEN,EXCLUDE_NOT_REUSABLE,hard_negative,negative,kneeling_half_kneeling,/home/yanbo/下载/batches/batch_person-fallen-v2-p4d-hardneg-rev1-camera1p5m/prompts/PF_P4D_HN_KNEEL_G010_V05.txt,94f97f74fd0f2ee31fb16e8b346f42e8eb059d1fdac0772f67ec00f4d7275503,94f97f74fd0f2ee31fb16e8b346f42e8eb059d1fdac0772f67ec00f4d7275503,,,,NOT_APPLICABLE_NO_FORMAL_IMAGE,UNEXECUTED_OR_NOT_REUSABLE,SAFE_OUTSTANDING_NOT_CLEAN_ASSET,V3_KNEELING_HALF_KNEELING_NEGATIVE,PASS_EXPLICIT_NEGATIVE_CUE,negative,PROMPT_DERIVED_SYNTHETIC_GT,FROZEN_GENERATION_PROMPT_AND_PLANNED_ROLE,false,hard_negative,false,NO_VERIFIED_REUSABLE_CLEAN_ASSET
P4D_PLAN::PF_P4D_HN_KNEEL_G011_V01,P4D_FROZEN_PLAN_440,PF_P4D_HN_KNEEL_G011_V01,,PF_P4D_HN_KNEEL_G011,NEW_SCREEN,EXCLUDE_NOT_REUSABLE,hard_negative,negative,kneeling_half_kneeling,/home/yanbo/下载/batches/batch_person-fallen-v2-p4d-hardneg-rev1-camera1p5m/prompts/PF_P4D_HN_KNEEL_G011_V01.txt,911858dae237c49c802d70a4c8a9fa63af3ede0570769abf54a5c16625b8c8be,911858dae237c49c802d70a4c8a9fa63af3ede0570769abf54a5c16625b8c8be,,,,NOT_APPLICABLE_NO_FORMAL_IMAGE,UNEXECUTED_OR_NOT_REUSABLE,SAFE_OUTSTANDING_NOT_CLEAN_ASSET,V3_KNEELING_HALF_KNEELING_NEGATIVE,PASS_EXPLICIT_NEGATIVE_CUE,negative,PROMPT_DERIVED_SYNTHETIC_GT,FROZEN_GENERATION_PROMPT_AND_PLANNED_ROLE,false,hard_negative,false,NO_VERIFIED_REUSABLE_CLEAN_ASSET
P4D_PLAN::PF_P4D_HN_KNEEL_G011_V02,P4D_FROZEN_PLAN_440,PF_P4D_HN_KNEEL_G011_V02,,PF_P4D_HN_KNEEL_G011,NEW_SCREEN,EXCLUDE_NOT_REUSABLE,hard_negative,negative,kneeling_half_kneeling,/home/yanbo/下载/batches/batch_person-fallen-v2-p4d-hardneg-rev1-camera1p5m/prompts/PF_P4D_HN_KNEEL_G011_V02.txt,79f3ef741a06b95c2152663ea499e76a8e166daeeda5d2df4f6a31eff9fec0c0,79f3ef741a06b95c2152663ea499e76a8e166daeeda5d2df4f6a31eff9fec0c0,,,,NOT_APPLICABLE_NO_FORMAL_IMAGE,UNEXECUTED_OR_NOT_REUSABLE,SAFE_OUTSTANDING_NOT_CLEAN_ASSET,V3_KNEELING_HALF_KNEELING_NEGATIVE,PASS_EXPLICIT_NEGATIVE_CUE,negative,PROMPT_DERIVED_SYNTHETIC_GT,FROZEN_GENERATION_PROMPT_AND_PLANNED_ROLE,false,hard_negative,false,NO_VERIFIED_REUSABLE_CLEAN_ASSET
P4D_PLAN::PF_P4D_HN_KNEEL_G011_V03,P4D_FROZEN_PLAN_440,PF_P4D_HN_KNEEL_G011_V03,,PF_P4D_HN_KNEEL_G011,NEW_SCREEN,EXCLUDE_NOT_REUSABLE,hard_negative,negative,kneeling_half_kneeling,/home/yanbo/下载/batches/batch_person-fallen-v2-p4d-hardneg-rev1-camera1p5m/prompts/PF_P4D_HN_KNEEL_G011_V03.txt,faa38bf5bae6744d1140ba1d583268d7570e3174c86d4a5b98ac76722104a936,faa38bf5bae6744d1140ba1d583268d7570e3174c86d4a5b98ac76722104a936,,,,NOT_APPLICABLE_NO_FORMAL_IMAGE,UNEXECUTED_OR_NOT_REUSABLE,SAFE_OUTSTANDING_NOT_CLEAN_ASSET,V3_KNEELING_HALF_KNEELING_NEGATIVE,PASS_EXPLICIT_NEGATIVE_CUE,negative,PROMPT_DERIVED_SYNTHETIC_GT,FROZEN_GENERATION_PROMPT_AND_PLANNED_ROLE,false,hard_negative,false,NO_VERIFIED_REUSABLE_CLEAN_ASSET
P4D_PLAN::PF_P4D_HN_KNEEL_G011_V04,P4D_FROZEN_PLAN_440,PF_P4D_HN_KNEEL_G011_V04,,PF_P4D_HN_KNEEL_G011,NEW_SCREEN,EXCLUDE_NOT_REUSABLE,hard_negative,negative,kneeling_half_kneeling,/home/yanbo/下载/batches/batch_person-fallen-v2-p4d-hardneg-rev1-camera1p5m/prompts/PF_P4D_HN_KNEEL_G011_V04.txt,9b35aeea94cf4b6e151a15ff58e88b3c19982aad598bd385442195c074095acd,9b35aeea94cf4b6e151a15ff58e88b3c19982aad598bd385442195c074095acd,,,,NOT_APPLICABLE_NO_FORMAL_IMAGE,UNEXECUTED_OR_NOT_REUSABLE,SAFE_OUTSTANDING_NOT_CLEAN_ASSET,V3_KNEELING_HALF_KNEELING_NEGATIVE,PASS_EXPLICIT_NEGATIVE_CUE,negative,PROMPT_DERIVED_SYNTHETIC_GT,FROZEN_GENERATION_PROMPT_AND_PLANNED_ROLE,false,hard_negative,false,NO_VERIFIED_REUSABLE_CLEAN_ASSET
P4D_PLAN::PF_P4D_HN_KNEEL_G011_V05,P4D_FROZEN_PLAN_440,PF_P4D_HN_KNEEL_G011_V05,,PF_P4D_HN_KNEEL_G011,NEW_SCREEN,EXCLUDE_NOT_REUSABLE,hard_negative,negative,kneeling_half_kneeling,/home/yanbo/下载/batches/batch_person-fallen-v2-p4d-hardneg-rev1-camera1p5m/prompts/PF_P4D_HN_KNEEL_G011_V05.txt,ad0aa682ec6f3fa050891f3640b3e513aaeec30ad2fa13179f43d46222e60315,ad0aa682ec6f3fa050891f3640b3e513aaeec30ad2fa13179f43d46222e60315,,,,NOT_APPLICABLE_NO_FORMAL_IMAGE,UNEXECUTED_OR_NOT_REUSABLE,SAFE_OUTSTANDING_NOT_CLEAN_ASSET,V3_KNEELING_HALF_KNEELING_NEGATIVE,PASS_EXPLICIT_NEGATIVE_CUE,negative,PROMPT_DERIVED_SYNTHETIC_GT,FROZEN_GENERATION_PROMPT_AND_PLANNED_ROLE,false,hard_negative,false,NO_VERIFIED_REUSABLE_CLEAN_ASSET
P4D_PLAN::PF_P4D_HN_KNEEL_G012_V01,P4D_FROZEN_PLAN_440,PF_P4D_HN_KNEEL_G012_V01,,PF_P4D_HN_KNEEL_G012,NEW_SCREEN,EXCLUDE_NOT_REUSABLE,hard_negative,negative,kneeling_half_kneeling,/home/yanbo/下载/batches/batch_person-fallen-v2-p4d-hardneg-rev1-camera1p5m/prompts/PF_P4D_HN_KNEEL_G012_V01.txt,4d9cf6d05158049d6de1cfe616e2f7db520c8eb88f9677ae7bca3725a585492c,4d9cf6d05158049d6de1cfe616e2f7db520c8eb88f9677ae7bca3725a585492c,,,,NOT_APPLICABLE_NO_FORMAL_IMAGE,UNEXECUTED_OR_NOT_REUSABLE,SAFE_OUTSTANDING_NOT_CLEAN_ASSET,V3_KNEELING_HALF_KNEELING_NEGATIVE,PASS_EXPLICIT_NEGATIVE_CUE,negative,PROMPT_DERIVED_SYNTHETIC_GT,FROZEN_GENERATION_PROMPT_AND_PLANNED_ROLE,false,hard_negative,false,NO_VERIFIED_REUSABLE_CLEAN_ASSET
P4D_PLAN::PF_P4D_HN_KNEEL_G012_V02,P4D_FROZEN_PLAN_440,PF_P4D_HN_KNEEL_G012_V02,,PF_P4D_HN_KNEEL_G012,NEW_SCREEN,EXCLUDE_NOT_REUSABLE,hard_negative,negative,kneeling_half_kneeling,/home/yanbo/下载/batches/batch_person-fallen-v2-p4d-hardneg-rev1-camera1p5m/prompts/PF_P4D_HN_KNEEL_G012_V02.txt,860a8bb85f248894f91982a88db6d2cd31d3de4c99cd22ff5462a81f437bf788,860a8bb85f248894f91982a88db6d2cd31d3de4c99cd22ff5462a81f437bf788,,,,NOT_APPLICABLE_NO_FORMAL_IMAGE,UNEXECUTED_OR_NOT_REUSABLE,SAFE_OUTSTANDING_NOT_CLEAN_ASSET,V3_KNEELING_HALF_KNEELING_NEGATIVE,PASS_EXPLICIT_NEGATIVE_CUE,negative,PROMPT_DERIVED_SYNTHETIC_GT,FROZEN_GENERATION_PROMPT_AND_PLANNED_ROLE,false,hard_negative,false,NO_VERIFIED_REUSABLE_CLEAN_ASSET
P4D_PLAN::PF_P4D_HN_KNEEL_G012_V03,P4D_FROZEN_PLAN_440,PF_P4D_HN_KNEEL_G012_V03,,PF_P4D_HN_KNEEL_G012,NEW_SCREEN,EXCLUDE_NOT_REUSABLE,hard_negative,negative,kneeling_half_kneeling,/home/yanbo/下载/batches/batch_person-fallen-v2-p4d-hardneg-rev1-camera1p5m/prompts/PF_P4D_HN_KNEEL_G012_V03.txt,cec08bd6cc8e7d6979a45ad1d39f16e62dfe091ce14fd5c532c59ab32dcbf0f0,cec08bd6cc8e7d6979a45ad1d39f16e62dfe091ce14fd5c532c59ab32dcbf0f0,,,,NOT_APPLICABLE_NO_FORMAL_IMAGE,UNEXECUTED_OR_NOT_REUSABLE,SAFE_OUTSTANDING_NOT_CLEAN_ASSET,V3_KNEELING_HALF_KNEELING_NEGATIVE,PASS_EXPLICIT_NEGATIVE_CUE,negative,PROMPT_DERIVED_SYNTHETIC_GT,FROZEN_GENERATION_PROMPT_AND_PLANNED_ROLE,false,hard_negative,false,NO_VERIFIED_REUSABLE_CLEAN_ASSET
P4D_PLAN::PF_P4D_HN_KNEEL_G012_V04,P4D_FROZEN_PLAN_440,PF_P4D_HN_KNEEL_G012_V04,,PF_P4D_HN_KNEEL_G012,NEW_SCREEN,EXCLUDE_NOT_REUSABLE,hard_negative,negative,kneeling_half_kneeling,/home/yanbo/下载/batches/batch_person-fallen-v2-p4d-hardneg-rev1-camera1p5m/prompts/PF_P4D_HN_KNEEL_G012_V04.txt,bcca240cfce5ca73045dc09c572d11606f1a50d5912e52a24559531a9b2235ea,bcca240cfce5ca73045dc09c572d11606f1a50d5912e52a24559531a9b2235ea,,,,NOT_APPLICABLE_NO_FORMAL_IMAGE,UNEXECUTED_OR_NOT_REUSABLE,SAFE_OUTSTANDING_NOT_CLEAN_ASSET,V3_KNEELING_HALF_KNEELING_NEGATIVE,PASS_EXPLICIT_NEGATIVE_CUE,negative,PROMPT_DERIVED_SYNTHETIC_GT,FROZEN_GENERATION_PROMPT_AND_PLANNED_ROLE,false,hard_negative,false,NO_VERIFIED_REUSABLE_CLEAN_ASSET
P4D_PLAN::PF_P4D_HN_KNEEL_G012_V05,P4D_FROZEN_PLAN_440,PF_P4D_HN_KNEEL_G012_V05,,PF_P4D_HN_KNEEL_G012,NEW_SCREEN,EXCLUDE_NOT_REUSABLE,hard_negative,negative,kneeling_half_kneeling,/home/yanbo/下载/batches/batch_person-fallen-v2-p4d-hardneg-rev1-camera1p5m/prompts/PF_P4D_HN_KNEEL_G012_V05.txt,f554422350578d729c6c272151c24c6d6ea14016d8e05c4a6a3c496fa2efabc7,f554422350578d729c6c272151c24c6d6ea14016d8e05c4a6a3c496fa2efabc7,,,,NOT_APPLICABLE_NO_FORMAL_IMAGE,UNEXECUTED_OR_NOT_REUSABLE,SAFE_OUTSTANDING_NOT_CLEAN_ASSET,V3_KNEELING_HALF_KNEELING_NEGATIVE,PASS_EXPLICIT_NEGATIVE_CUE,negative,PROMPT_DERIVED_SYNTHETIC_GT,FROZEN_GENERATION_PROMPT_AND_PLANNED_ROLE,false,hard_negative,false,NO_VERIFIED_REUSABLE_CLEAN_ASSET
P4D_PLAN::PF_P4D_HN_PLANK_G001_V01,P4D_FROZEN_PLAN_440,PF_P4D_HN_PLANK_G001_V01,,PF_P4D_HN_PLANK_G001,NEW_DESIGN,V3_DEV,hard_negative,negative,pushup_plank,/home/yanbo/下载/batches/batch_person-fallen-v2-p4d-hardneg-rev1-camera1p5m/prompts/PF_P4D_HN_PLANK_G001_V01.txt,c1b99f15e49d3016f5c8a71988ad1c3da9f6417251c318d90ef9fef007ca56f1,c1b99f15e49d3016f5c8a71988ad1c3da9f6417251c318d90ef9fef007ca56f1,/home/yanbo/net_vlm_person_fallen_v2_optimization/08_p4d_new_hard_negative_dev_revision/02_generation/gr3_fullregen/06_execution/quota_campaign_window_05_gr3q8_authorized_20260831_01/08_final/PF_P4D_HN_PLANK_G001_V01.png,c49e3007348dd7326beea6397cdfa5509126897f098bb342f41d5c3d76c3fc54,c49e3007348dd7326beea6397cdfa5509126897f098bb342f41d5c3d76c3fc54,FAST_CLOSE_EXPECTED_AND_ACTUAL,REUSABLE_P4D_CLEAN_FAST_CLOSE,P4D_FAST_CLOSE_PROVENANCE_MECHANICAL_LINEAGE_PASS,V3_PUSHUP_PLANK_POSITIVE,PASS_EXPLICIT_POSTURE_CUE,positive,PROMPT_DERIVED_SYNTHETIC_GT,FROZEN_GENERATION_PROMPT_AND_PLANNED_ROLE,false,positive,true,
P4D_PLAN::PF_P4D_HN_PLANK_G001_V02,P4D_FROZEN_PLAN_440,PF_P4D_HN_PLANK_G001_V02,,PF_P4D_HN_PLANK_G001,NEW_DESIGN,V3_DEV,hard_negative,negative,pushup_plank,/home/yanbo/下载/batches/batch_person-fallen-v2-p4d-hardneg-rev1-camera1p5m/prompts/PF_P4D_HN_PLANK_G001_V02.txt,ffbcd194ac473bfae2611e454a7bca65abe63c6952fe607f46d523af7550dc62,ffbcd194ac473bfae2611e454a7bca65abe63c6952fe607f46d523af7550dc62,/home/yanbo/net_vlm_person_fallen_v2_optimization/08_p4d_new_hard_negative_dev_revision/02_generation/gr3_fullregen/06_execution/quota_campaign_window_05_gr3q8_authorized_20260831_01/08_final/PF_P4D_HN_PLANK_G001_V02.png,fbbe6812ee451da36a7e2888b4f087294c47f1452a01a86103ac7d83cc929687,fbbe6812ee451da36a7e2888b4f087294c47f1452a01a86103ac7d83cc929687,FAST_CLOSE_EXPECTED_AND_ACTUAL,REUSABLE_P4D_CLEAN_FAST_CLOSE,P4D_FAST_CLOSE_PROVENANCE_MECHANICAL_LINEAGE_PASS,V3_PUSHUP_PLANK_POSITIVE,PASS_EXPLICIT_POSTURE_CUE,positive,PROMPT_DERIVED_SYNTHETIC_GT,FROZEN_GENERATION_PROMPT_AND_PLANNED_ROLE,false,positive,true,
P4D_PLAN::PF_P4D_HN_PLANK_G001_V03,P4D_FROZEN_PLAN_440,PF_P4D_HN_PLANK_G001_V03,,PF_P4D_HN_PLANK_G001,NEW_DESIGN,V3_DEV,hard_negative,negative,pushup_plank,/home/yanbo/下载/batches/batch_person-fallen-v2-p4d-hardneg-rev1-camera1p5m/prompts/PF_P4D_HN_PLANK_G001_V03.txt,d8a6aed713c6967977bf252d0b5906d82d69fbbe0f7f2260f502364528955ac6,d8a6aed713c6967977bf252d0b5906d82d69fbbe0f7f2260f502364528955ac6,/home/yanbo/net_vlm_person_fallen_v2_optimization/08_p4d_new_hard_negative_dev_revision/02_generation/gr3_fullregen/06_execution/quota_campaign_window_05_gr3q8_authorized_20260831_01/08_final/PF_P4D_HN_PLANK_G001_V03.png,65227c961c7abefc246d7d51df8197adbaf07aa5ab7fb00cdb6cfef42be3df1f,65227c961c7abefc246d7d51df8197adbaf07aa5ab7fb00cdb6cfef42be3df1f,FAST_CLOSE_EXPECTED_AND_ACTUAL,REUSABLE_P4D_CLEAN_FAST_CLOSE,P4D_FAST_CLOSE_PROVENANCE_MECHANICAL_LINEAGE_PASS,V3_PUSHUP_PLANK_POSITIVE,PASS_EXPLICIT_POSTURE_CUE,positive,PROMPT_DERIVED_SYNTHETIC_GT,FROZEN_GENERATION_PROMPT_AND_PLANNED_ROLE,false,positive,true,
P4D_PLAN::PF_P4D_HN_PLANK_G001_V04,P4D_FROZEN_PLAN_440,PF_P4D_HN_PLANK_G001_V04,,PF_P4D_HN_PLANK_G001,NEW_DESIGN,V3_DEV,hard_negative,negative,pushup_plank,/home/yanbo/下载/batches/batch_person-fallen-v2-p4d-hardneg-rev1-camera1p5m/prompts/PF_P4D_HN_PLANK_G001_V04.txt,4c3162008a65f2a0076b1babad74fb79c874505b3a09055a549b3389353dd4dd,4c3162008a65f2a0076b1babad74fb79c874505b3a09055a549b3389353dd4dd,/home/yanbo/net_vlm_person_fallen_v2_optimization/08_p4d_new_hard_negative_dev_revision/02_generation/gr3_fullregen/06_execution/quota_campaign_window_05_gr3q8_authorized_20260831_01/08_final/PF_P4D_HN_PLANK_G001_V04.png,118131f19e97e8a7a551b281ca1e368089aaf19d29bbfb7ed5d8d79836449787,118131f19e97e8a7a551b281ca1e368089aaf19d29bbfb7ed5d8d79836449787,FAST_CLOSE_EXPECTED_AND_ACTUAL,REUSABLE_P4D_CLEAN_FAST_CLOSE,P4D_FAST_CLOSE_PROVENANCE_MECHANICAL_LINEAGE_PASS,V3_PUSHUP_PLANK_POSITIVE,PASS_EXPLICIT_POSTURE_CUE,positive,PROMPT_DERIVED_SYNTHETIC_GT,FROZEN_GENERATION_PROMPT_AND_PLANNED_ROLE,false,positive,true,
P4D_PLAN::PF_P4D_HN_PLANK_G001_V05,P4D_FROZEN_PLAN_440,PF_P4D_HN_PLANK_G001_V05,,PF_P4D_HN_PLANK_G001,NEW_DESIGN,V3_DEV,hard_negative,negative,pushup_plank,/home/yanbo/下载/batches/batch_person-fallen-v2-p4d-hardneg-rev1-camera1p5m/prompts/PF_P4D_HN_PLANK_G001_V05.txt,a643942db3b7909052f1cd82645ae2429d155f35668ab90301830120ce009522,a643942db3b7909052f1cd82645ae2429d155f35668ab90301830120ce009522,/home/yanbo/net_vlm_person_fallen_v2_optimization/08_p4d_new_hard_negative_dev_revision/02_generation/gr3_fullregen/06_execution/quota_campaign_window_05_gr3q8_authorized_20260831_01/08_final/PF_P4D_HN_PLANK_G001_V05.png,9d221bd1fce883e333db6c7037a7d5bbad8cb2e43a49dda8cf9320f3e648424f,9d221bd1fce883e333db6c7037a7d5bbad8cb2e43a49dda8cf9320f3e648424f,FAST_CLOSE_EXPECTED_AND_ACTUAL,REUSABLE_P4D_CLEAN_FAST_CLOSE,P4D_FAST_CLOSE_PROVENANCE_MECHANICAL_LINEAGE_PASS,V3_PUSHUP_PLANK_POSITIVE,PASS_EXPLICIT_POSTURE_CUE,positive,PROMPT_DERIVED_SYNTHETIC_GT,FROZEN_GENERATION_PROMPT_AND_PLANNED_ROLE,false,positive,true,
P4D_PLAN::PF_P4D_HN_PLANK_G002_V01,P4D_FROZEN_PLAN_440,PF_P4D_HN_PLANK_G002_V01,,PF_P4D_HN_PLANK_G002,NEW_DESIGN,V3_DEV,hard_negative,negative,pushup_plank,/home/yanbo/下载/batches/batch_person-fallen-v2-p4d-hardneg-rev1-camera1p5m/prompts/PF_P4D_HN_PLANK_G002_V01.txt,f7f674ecf09427f77b37259e492c210b13d432cdc643dc616eba9d7b6afac00a,f7f674ecf09427f77b37259e492c210b13d432cdc643dc616eba9d7b6afac00a,/home/yanbo/net_vlm_person_fallen_v2_optimization/08_p4d_new_hard_negative_dev_revision/02_generation/gr3_fullregen/06_execution/quota_campaign_window_07_gr3q10_authorized_20260901_01/08_final/PF_P4D_HN_PLANK_G002_V01.png,c46eb85bdfe5fc6b55172b34e2df98c4f90ed892804651c2319cd32c9d2c65aa,c46eb85bdfe5fc6b55172b34e2df98c4f90ed892804651c2319cd32c9d2c65aa,FAST_CLOSE_EXPECTED_AND_ACTUAL,REUSABLE_P4D_CLEAN_FAST_CLOSE,P4D_FAST_CLOSE_PROVENANCE_MECHANICAL_LINEAGE_PASS,V3_PUSHUP_PLANK_POSITIVE,PASS_EXPLICIT_POSTURE_CUE,positive,PROMPT_DERIVED_SYNTHETIC_GT,FROZEN_GENERATION_PROMPT_AND_PLANNED_ROLE,false,positive,true,
P4D_PLAN::PF_P4D_HN_PLANK_G002_V02,P4D_FROZEN_PLAN_440,PF_P4D_HN_PLANK_G002_V02,,PF_P4D_HN_PLANK_G002,NEW_DESIGN,EXCLUDE_NOT_REUSABLE,hard_negative,negative,pushup_plank,/home/yanbo/下载/batches/batch_person-fallen-v2-p4d-hardneg-rev1-camera1p5m/prompts/PF_P4D_HN_PLANK_G002_V02.txt,f343e3e22e22a13c2781f69c86856dd62003ce19e5317446eb0c753e97f52d23,f343e3e22e22a13c2781f69c86856dd62003ce19e5317446eb0c753e97f52d23,,,,NOT_APPLICABLE_NO_FORMAL_IMAGE,FAILED_CONFIRMED,Q10_HTTP429_USAGE_LIMIT_REACHED,V3_PUSHUP_PLANK_POSITIVE,PASS_EXPLICIT_POSTURE_CUE,positive,PROMPT_DERIVED_SYNTHETIC_GT,FROZEN_GENERATION_PROMPT_AND_PLANNED_ROLE,false,positive,false,FAILED_CONFIRMED_EXCLUDED_AND_NOT_RESENT
P4D_PLAN::PF_P4D_HN_PLANK_G002_V03,P4D_FROZEN_PLAN_440,PF_P4D_HN_PLANK_G002_V03,,PF_P4D_HN_PLANK_G002,NEW_DESIGN,EXCLUDE_NOT_REUSABLE,hard_negative,negative,pushup_plank,/home/yanbo/下载/batches/batch_person-fallen-v2-p4d-hardneg-rev1-camera1p5m/prompts/PF_P4D_HN_PLANK_G002_V03.txt,1f31ec4ad6e7a25f1da25a1c9962d55af8764df3fe76eafe668eebd446d24d5a,1f31ec4ad6e7a25f1da25a1c9962d55af8764df3fe76eafe668eebd446d24d5a,,,,NOT_APPLICABLE_NO_FORMAL_IMAGE,NOT_STARTED,Q10_TERMINAL_NOT_STARTED,V3_PUSHUP_PLANK_POSITIVE,PASS_EXPLICIT_POSTURE_CUE,positive,PROMPT_DERIVED_SYNTHETIC_GT,FROZEN_GENERATION_PROMPT_AND_PLANNED_ROLE,false,positive,false,NOT_STARTED_EXCLUDED_AND_NOT_RESENT
P4D_PLAN::PF_P4D_HN_PLANK_G002_V04,P4D_FROZEN_PLAN_440,PF_P4D_HN_PLANK_G002_V04,,PF_P4D_HN_PLANK_G002,NEW_DESIGN,EXCLUDE_NOT_REUSABLE,hard_negative,negative,pushup_plank,/home/yanbo/下载/batches/batch_person-fallen-v2-p4d-hardneg-rev1-camera1p5m/prompts/PF_P4D_HN_PLANK_G002_V04.txt,41d222f68116df68402415a97706482211a5f7eb446085537a7da03776ad636a,41d222f68116df68402415a97706482211a5f7eb446085537a7da03776ad636a,,,,NOT_APPLICABLE_NO_FORMAL_IMAGE,NOT_STARTED,Q10_TERMINAL_NOT_STARTED,V3_PUSHUP_PLANK_POSITIVE,PASS_EXPLICIT_POSTURE_CUE,positive,PROMPT_DERIVED_SYNTHETIC_GT,FROZEN_GENERATION_PROMPT_AND_PLANNED_ROLE,false,positive,false,NOT_STARTED_EXCLUDED_AND_NOT_RESENT
P4D_PLAN::PF_P4D_HN_PLANK_G002_V05,P4D_FROZEN_PLAN_440,PF_P4D_HN_PLANK_G002_V05,,PF_P4D_HN_PLANK_G002,NEW_DESIGN,EXCLUDE_NOT_REUSABLE,hard_negative,negative,pushup_plank,/home/yanbo/下载/batches/batch_person-fallen-v2-p4d-hardneg-rev1-camera1p5m/prompts/PF_P4D_HN_PLANK_G002_V05.txt,d49a6cce8bb409a43608688daabfb0ac5dae883c842f253afe7dfb37de695522,d49a6cce8bb409a43608688daabfb0ac5dae883c842f253afe7dfb37de695522,,,,NOT_APPLICABLE_NO_FORMAL_IMAGE,NOT_STARTED,Q10_TERMINAL_NOT_STARTED,V3_PUSHUP_PLANK_POSITIVE,PASS_EXPLICIT_POSTURE_CUE,positive,PROMPT_DERIVED_SYNTHETIC_GT,FROZEN_GENERATION_PROMPT_AND_PLANNED_ROLE,false,positive,false,NOT_STARTED_EXCLUDED_AND_NOT_RESENT
P4D_PLAN::PF_P4D_HN_PLANK_G003_V01,P4D_FROZEN_PLAN_440,PF_P4D_HN_PLANK_G003_V01,,PF_P4D_HN_PLANK_G003,NEW_DESIGN,EXCLUDE_NOT_REUSABLE,hard_negative,negative,pushup_plank,/home/yanbo/下载/batches/batch_person-fallen-v2-p4d-hardneg-rev1-camera1p5m/prompts/PF_P4D_HN_PLANK_G003_V01.txt,50b618a88faa6128b1f3ef61c85362e2c2667bcb7ffae2413fae8273611956d8,50b618a88faa6128b1f3ef61c85362e2c2667bcb7ffae2413fae8273611956d8,,,,NOT_APPLICABLE_NO_FORMAL_IMAGE,UNEXECUTED_OR_NOT_REUSABLE,SAFE_OUTSTANDING_NOT_CLEAN_ASSET,V3_PUSHUP_PLANK_POSITIVE,PASS_EXPLICIT_POSTURE_CUE,positive,PROMPT_DERIVED_SYNTHETIC_GT,FROZEN_GENERATION_PROMPT_AND_PLANNED_ROLE,false,positive,false,NO_VERIFIED_REUSABLE_CLEAN_ASSET
P4D_PLAN::PF_P4D_HN_PLANK_G003_V02,P4D_FROZEN_PLAN_440,PF_P4D_HN_PLANK_G003_V02,,PF_P4D_HN_PLANK_G003,NEW_DESIGN,EXCLUDE_NOT_REUSABLE,hard_negative,negative,pushup_plank,/home/yanbo/下载/batches/batch_person-fallen-v2-p4d-hardneg-rev1-camera1p5m/prompts/PF_P4D_HN_PLANK_G003_V02.txt,14e221bf392a2f2e68a921b22b166243e799ae27c0e6ca56630caca7bec74086,14e221bf392a2f2e68a921b22b166243e799ae27c0e6ca56630caca7bec74086,,,,NOT_APPLICABLE_NO_FORMAL_IMAGE,UNEXECUTED_OR_NOT_REUSABLE,SAFE_OUTSTANDING_NOT_CLEAN_ASSET,V3_PUSHUP_PLANK_POSITIVE,PASS_EXPLICIT_POSTURE_CUE,positive,PROMPT_DERIVED_SYNTHETIC_GT,FROZEN_GENERATION_PROMPT_AND_PLANNED_ROLE,false,positive,false,NO_VERIFIED_REUSABLE_CLEAN_ASSET
P4D_PLAN::PF_P4D_HN_PLANK_G003_V03,P4D_FROZEN_PLAN_440,PF_P4D_HN_PLANK_G003_V03,,PF_P4D_HN_PLANK_G003,NEW_DESIGN,EXCLUDE_NOT_REUSABLE,hard_negative,negative,pushup_plank,/home/yanbo/下载/batches/batch_person-fallen-v2-p4d-hardneg-rev1-camera1p5m/prompts/PF_P4D_HN_PLANK_G003_V03.txt,9d2db0211c18946b8906a3f71dc9b7e91d23bfdcd364c8c1e89a935f118b0fe5,9d2db0211c18946b8906a3f71dc9b7e91d23bfdcd364c8c1e89a935f118b0fe5,,,,NOT_APPLICABLE_NO_FORMAL_IMAGE,UNEXECUTED_OR_NOT_REUSABLE,SAFE_OUTSTANDING_NOT_CLEAN_ASSET,V3_PUSHUP_PLANK_POSITIVE,PASS_EXPLICIT_POSTURE_CUE,positive,PROMPT_DERIVED_SYNTHETIC_GT,FROZEN_GENERATION_PROMPT_AND_PLANNED_ROLE,false,positive,false,NO_VERIFIED_REUSABLE_CLEAN_ASSET
P4D_PLAN::PF_P4D_HN_PLANK_G003_V04,P4D_FROZEN_PLAN_440,PF_P4D_HN_PLANK_G003_V04,,PF_P4D_HN_PLANK_G003,NEW_DESIGN,EXCLUDE_NOT_REUSABLE,hard_negative,negative,pushup_plank,/home/yanbo/下载/batches/batch_person-fallen-v2-p4d-hardneg-rev1-camera1p5m/prompts/PF_P4D_HN_PLANK_G003_V04.txt,cbd574adc9139cbcc3e909fc6be42d9a33a7b5bf296dc9964ac8bf0e9a9fbb0e,cbd574adc9139cbcc3e909fc6be42d9a33a7b5bf296dc9964ac8bf0e9a9fbb0e,,,,NOT_APPLICABLE_NO_FORMAL_IMAGE,UNEXECUTED_OR_NOT_REUSABLE,SAFE_OUTSTANDING_NOT_CLEAN_ASSET,V3_PUSHUP_PLANK_POSITIVE,PASS_EXPLICIT_POSTURE_CUE,positive,PROMPT_DERIVED_SYNTHETIC_GT,FROZEN_GENERATION_PROMPT_AND_PLANNED_ROLE,false,positive,false,NO_VERIFIED_REUSABLE_CLEAN_ASSET
P4D_PLAN::PF_P4D_HN_PLANK_G003_V05,P4D_FROZEN_PLAN_440,PF_P4D_HN_PLANK_G003_V05,,PF_P4D_HN_PLANK_G003,NEW_DESIGN,EXCLUDE_NOT_REUSABLE,hard_negative,negative,pushup_plank,/home/yanbo/下载/batches/batch_person-fallen-v2-p4d-hardneg-rev1-camera1p5m/prompts/PF_P4D_HN_PLANK_G003_V05.txt,c1542788f8c3879b0ff1f9e79a01f3fcdf6bcf831a6ffd827b930b0ff228842f,c1542788f8c3879b0ff1f9e79a01f3fcdf6bcf831a6ffd827b930b0ff228842f,,,,NOT_APPLICABLE_NO_FORMAL_IMAGE,UNEXECUTED_OR_NOT_REUSABLE,SAFE_OUTSTANDING_NOT_CLEAN_ASSET,V3_PUSHUP_PLANK_POSITIVE,PASS_EXPLICIT_POSTURE_CUE,positive,PROMPT_DERIVED_SYNTHETIC_GT,FROZEN_GENERATION_PROMPT_AND_PLANNED_ROLE,false,positive,false,NO_VERIFIED_REUSABLE_CLEAN_ASSET
P4D_PLAN::PF_P4D_HN_PLANK_G004_V01,P4D_FROZEN_PLAN_440,PF_P4D_HN_PLANK_G004_V01,,PF_P4D_HN_PLANK_G004,NEW_DESIGN,EXCLUDE_NOT_REUSABLE,hard_negative,negative,pushup_plank,/home/yanbo/下载/batches/batch_person-fallen-v2-p4d-hardneg-rev1-camera1p5m/prompts/PF_P4D_HN_PLANK_G004_V01.txt,8c7abe61a925e2c7d7ef949eb3c2cfb583231fc755a420ba13b20c4011229fdb,8c7abe61a925e2c7d7ef949eb3c2cfb583231fc755a420ba13b20c4011229fdb,,,,NOT_APPLICABLE_NO_FORMAL_IMAGE,UNEXECUTED_OR_NOT_REUSABLE,SAFE_OUTSTANDING_NOT_CLEAN_ASSET,V3_PUSHUP_PLANK_POSITIVE,PASS_EXPLICIT_POSTURE_CUE,positive,PROMPT_DERIVED_SYNTHETIC_GT,FROZEN_GENERATION_PROMPT_AND_PLANNED_ROLE,false,positive,false,NO_VERIFIED_REUSABLE_CLEAN_ASSET
P4D_PLAN::PF_P4D_HN_PLANK_G004_V02,P4D_FROZEN_PLAN_440,PF_P4D_HN_PLANK_G004_V02,,PF_P4D_HN_PLANK_G004,NEW_DESIGN,EXCLUDE_NOT_REUSABLE,hard_negative,negative,pushup_plank,/home/yanbo/下载/batches/batch_person-fallen-v2-p4d-hardneg-rev1-camera1p5m/prompts/PF_P4D_HN_PLANK_G004_V02.txt,e1273c24b8ec9a74900c654cef8f228bf9af2ceea8141b95eaf3504ad1b01918,e1273c24b8ec9a74900c654cef8f228bf9af2ceea8141b95eaf3504ad1b01918,,,,NOT_APPLICABLE_NO_FORMAL_IMAGE,UNEXECUTED_OR_NOT_REUSABLE,SAFE_OUTSTANDING_NOT_CLEAN_ASSET,V3_PUSHUP_PLANK_POSITIVE,PASS_EXPLICIT_POSTURE_CUE,positive,PROMPT_DERIVED_SYNTHETIC_GT,FROZEN_GENERATION_PROMPT_AND_PLANNED_ROLE,false,positive,false,NO_VERIFIED_REUSABLE_CLEAN_ASSET
P4D_PLAN::PF_P4D_HN_PLANK_G004_V03,P4D_FROZEN_PLAN_440,PF_P4D_HN_PLANK_G004_V03,,PF_P4D_HN_PLANK_G004,NEW_DESIGN,EXCLUDE_NOT_REUSABLE,hard_negative,negative,pushup_plank,/home/yanbo/下载/batches/batch_person-fallen-v2-p4d-hardneg-rev1-camera1p5m/prompts/PF_P4D_HN_PLANK_G004_V03.txt,820aeff47df61b10dda9e6ce69a51284a05e7fc3ba6e1598a381057d28ad3440,820aeff47df61b10dda9e6ce69a51284a05e7fc3ba6e1598a381057d28ad3440,,,,NOT_APPLICABLE_NO_FORMAL_IMAGE,UNEXECUTED_OR_NOT_REUSABLE,SAFE_OUTSTANDING_NOT_CLEAN_ASSET,V3_PUSHUP_PLANK_POSITIVE,PASS_EXPLICIT_POSTURE_CUE,positive,PROMPT_DERIVED_SYNTHETIC_GT,FROZEN_GENERATION_PROMPT_AND_PLANNED_ROLE,false,positive,false,NO_VERIFIED_REUSABLE_CLEAN_ASSET
P4D_PLAN::PF_P4D_HN_PLANK_G004_V04,P4D_FROZEN_PLAN_440,PF_P4D_HN_PLANK_G004_V04,,PF_P4D_HN_PLANK_G004,NEW_DESIGN,EXCLUDE_NOT_REUSABLE,hard_negative,negative,pushup_plank,/home/yanbo/下载/batches/batch_person-fallen-v2-p4d-hardneg-rev1-camera1p5m/prompts/PF_P4D_HN_PLANK_G004_V04.txt,9061ba7be4361b354d312a023fcbcf4919b8a31e2107260a0990e600aaa3d6d3,9061ba7be4361b354d312a023fcbcf4919b8a31e2107260a0990e600aaa3d6d3,,,,NOT_APPLICABLE_NO_FORMAL_IMAGE,UNEXECUTED_OR_NOT_REUSABLE,SAFE_OUTSTANDING_NOT_CLEAN_ASSET,V3_PUSHUP_PLANK_POSITIVE,PASS_EXPLICIT_POSTURE_CUE,positive,PROMPT_DERIVED_SYNTHETIC_GT,FROZEN_GENERATION_PROMPT_AND_PLANNED_ROLE,false,positive,false,NO_VERIFIED_REUSABLE_CLEAN_ASSET
P4D_PLAN::PF_P4D_HN_PLANK_G004_V05,P4D_FROZEN_PLAN_440,PF_P4D_HN_PLANK_G004_V05,,PF_P4D_HN_PLANK_G004,NEW_DESIGN,EXCLUDE_NOT_REUSABLE,hard_negative,negative,pushup_plank,/home/yanbo/下载/batches/batch_person-fallen-v2-p4d-hardneg-rev1-camera1p5m/prompts/PF_P4D_HN_PLANK_G004_V05.txt,6febb35706197d9df1f55c0cb696e6f05a3a4a0d959076d7db3a2afa9216bb40,6febb35706197d9df1f55c0cb696e6f05a3a4a0d959076d7db3a2afa9216bb40,,,,NOT_APPLICABLE_NO_FORMAL_IMAGE,UNEXECUTED_OR_NOT_REUSABLE,SAFE_OUTSTANDING_NOT_CLEAN_ASSET,V3_PUSHUP_PLANK_POSITIVE,PASS_EXPLICIT_POSTURE_CUE,positive,PROMPT_DERIVED_SYNTHETIC_GT,FROZEN_GENERATION_PROMPT_AND_PLANNED_ROLE,false,positive,false,NO_VERIFIED_REUSABLE_CLEAN_ASSET
P4D_PLAN::PF_P4D_HN_PLANK_G005_V01,P4D_FROZEN_PLAN_440,PF_P4D_HN_PLANK_G005_V01,,PF_P4D_HN_PLANK_G005,NEW_DESIGN,EXCLUDE_NOT_REUSABLE,hard_negative,negative,pushup_plank,/home/yanbo/下载/batches/batch_person-fallen-v2-p4d-hardneg-rev1-camera1p5m/prompts/PF_P4D_HN_PLANK_G005_V01.txt,e8087add798a0c0a7aae3d85ef62f16c2cbf6eb44b531b949643d24494fe8f6b,e8087add798a0c0a7aae3d85ef62f16c2cbf6eb44b531b949643d24494fe8f6b,,,,NOT_APPLICABLE_NO_FORMAL_IMAGE,UNEXECUTED_OR_NOT_REUSABLE,SAFE_OUTSTANDING_NOT_CLEAN_ASSET,V3_PUSHUP_PLANK_POSITIVE,PASS_EXPLICIT_POSTURE_CUE,positive,PROMPT_DERIVED_SYNTHETIC_GT,FROZEN_GENERATION_PROMPT_AND_PLANNED_ROLE,false,positive,false,NO_VERIFIED_REUSABLE_CLEAN_ASSET
P4D_PLAN::PF_P4D_HN_PLANK_G005_V02,P4D_FROZEN_PLAN_440,PF_P4D_HN_PLANK_G005_V02,,PF_P4D_HN_PLANK_G005,NEW_DESIGN,EXCLUDE_NOT_REUSABLE,hard_negative,negative,pushup_plank,/home/yanbo/下载/batches/batch_person-fallen-v2-p4d-hardneg-rev1-camera1p5m/prompts/PF_P4D_HN_PLANK_G005_V02.txt,16f2a003e523b20db54096bdc9d9d5101978e09154a06eab64960aa015a927a4,16f2a003e523b20db54096bdc9d9d5101978e09154a06eab64960aa015a927a4,,,,NOT_APPLICABLE_NO_FORMAL_IMAGE,UNEXECUTED_OR_NOT_REUSABLE,SAFE_OUTSTANDING_NOT_CLEAN_ASSET,V3_PUSHUP_PLANK_POSITIVE,PASS_EXPLICIT_POSTURE_CUE,positive,PROMPT_DERIVED_SYNTHETIC_GT,FROZEN_GENERATION_PROMPT_AND_PLANNED_ROLE,false,positive,false,NO_VERIFIED_REUSABLE_CLEAN_ASSET
P4D_PLAN::PF_P4D_HN_PLANK_G005_V03,P4D_FROZEN_PLAN_440,PF_P4D_HN_PLANK_G005_V03,,PF_P4D_HN_PLANK_G005,NEW_DESIGN,EXCLUDE_NOT_REUSABLE,hard_negative,negative,pushup_plank,/home/yanbo/下载/batches/batch_person-fallen-v2-p4d-hardneg-rev1-camera1p5m/prompts/PF_P4D_HN_PLANK_G005_V03.txt,307e0a0c1147d582f1bf2e8dde23743c983b31ec32916ae34c55cf32a8d4a48d,307e0a0c1147d582f1bf2e8dde23743c983b31ec32916ae34c55cf32a8d4a48d,,,,NOT_APPLICABLE_NO_FORMAL_IMAGE,UNEXECUTED_OR_NOT_REUSABLE,SAFE_OUTSTANDING_NOT_CLEAN_ASSET,V3_PUSHUP_PLANK_POSITIVE,PASS_EXPLICIT_POSTURE_CUE,positive,PROMPT_DERIVED_SYNTHETIC_GT,FROZEN_GENERATION_PROMPT_AND_PLANNED_ROLE,false,positive,false,NO_VERIFIED_REUSABLE_CLEAN_ASSET
P4D_PLAN::PF_P4D_HN_PLANK_G005_V04,P4D_FROZEN_PLAN_440,PF_P4D_HN_PLANK_G005_V04,,PF_P4D_HN_PLANK_G005,NEW_DESIGN,EXCLUDE_NOT_REUSABLE,hard_negative,negative,pushup_plank,/home/yanbo/下载/batches/batch_person-fallen-v2-p4d-hardneg-rev1-camera1p5m/prompts/PF_P4D_HN_PLANK_G005_V04.txt,a34c95b09851f96f686a8c90aeb38da4f12f67d30e962bb293e76d1dc4cebea7,a34c95b09851f96f686a8c90aeb38da4f12f67d30e962bb293e76d1dc4cebea7,,,,NOT_APPLICABLE_NO_FORMAL_IMAGE,UNEXECUTED_OR_NOT_REUSABLE,SAFE_OUTSTANDING_NOT_CLEAN_ASSET,V3_PUSHUP_PLANK_POSITIVE,PASS_EXPLICIT_POSTURE_CUE,positive,PROMPT_DERIVED_SYNTHETIC_GT,FROZEN_GENERATION_PROMPT_AND_PLANNED_ROLE,false,positive,false,NO_VERIFIED_REUSABLE_CLEAN_ASSET
P4D_PLAN::PF_P4D_HN_PLANK_G005_V05,P4D_FROZEN_PLAN_440,PF_P4D_HN_PLANK_G005_V05,,PF_P4D_HN_PLANK_G005,NEW_DESIGN,EXCLUDE_NOT_REUSABLE,hard_negative,negative,pushup_plank,/home/yanbo/下载/batches/batch_person-fallen-v2-p4d-hardneg-rev1-camera1p5m/prompts/PF_P4D_HN_PLANK_G005_V05.txt,7a4b6ab76a92fafef9bf9962a11a0ffb25b2dd57114d9bba8253271bfcc7ee09,7a4b6ab76a92fafef9bf9962a11a0ffb25b2dd57114d9bba8253271bfcc7ee09,,,,NOT_APPLICABLE_NO_FORMAL_IMAGE,UNEXECUTED_OR_NOT_REUSABLE,SAFE_OUTSTANDING_NOT_CLEAN_ASSET,V3_PUSHUP_PLANK_POSITIVE,PASS_EXPLICIT_POSTURE_CUE,positive,PROMPT_DERIVED_SYNTHETIC_GT,FROZEN_GENERATION_PROMPT_AND_PLANNED_ROLE,false,positive,false,NO_VERIFIED_REUSABLE_CLEAN_ASSET
P4D_PLAN::PF_P4D_HN_PLANK_G006_V01,P4D_FROZEN_PLAN_440,PF_P4D_HN_PLANK_G006_V01,,PF_P4D_HN_PLANK_G006,NEW_DESIGN,EXCLUDE_NOT_REUSABLE,hard_negative,negative,pushup_plank,/home/yanbo/下载/batches/batch_person-fallen-v2-p4d-hardneg-rev1-camera1p5m/prompts/PF_P4D_HN_PLANK_G006_V01.txt,7c4fb839638f351797942e5393da69bf5c049092baca17fdfd690c5809cb454f,7c4fb839638f351797942e5393da69bf5c049092baca17fdfd690c5809cb454f,,,,NOT_APPLICABLE_NO_FORMAL_IMAGE,UNEXECUTED_OR_NOT_REUSABLE,SAFE_OUTSTANDING_NOT_CLEAN_ASSET,V3_PUSHUP_PLANK_POSITIVE,PASS_EXPLICIT_POSTURE_CUE,positive,PROMPT_DERIVED_SYNTHETIC_GT,FROZEN_GENERATION_PROMPT_AND_PLANNED_ROLE,false,positive,false,NO_VERIFIED_REUSABLE_CLEAN_ASSET
P4D_PLAN::PF_P4D_HN_PLANK_G006_V02,P4D_FROZEN_PLAN_440,PF_P4D_HN_PLANK_G006_V02,,PF_P4D_HN_PLANK_G006,NEW_DESIGN,EXCLUDE_NOT_REUSABLE,hard_negative,negative,pushup_plank,/home/yanbo/下载/batches/batch_person-fallen-v2-p4d-hardneg-rev1-camera1p5m/prompts/PF_P4D_HN_PLANK_G006_V02.txt,facba8e77b8b73e3aa1378913ed9f06b46e5de3aaa971465553ff54da358722b,facba8e77b8b73e3aa1378913ed9f06b46e5de3aaa971465553ff54da358722b,,,,NOT_APPLICABLE_NO_FORMAL_IMAGE,UNEXECUTED_OR_NOT_REUSABLE,SAFE_OUTSTANDING_NOT_CLEAN_ASSET,V3_PUSHUP_PLANK_POSITIVE,PASS_EXPLICIT_POSTURE_CUE,positive,PROMPT_DERIVED_SYNTHETIC_GT,FROZEN_GENERATION_PROMPT_AND_PLANNED_ROLE,false,positive,false,NO_VERIFIED_REUSABLE_CLEAN_ASSET
P4D_PLAN::PF_P4D_HN_PLANK_G006_V03,P4D_FROZEN_PLAN_440,PF_P4D_HN_PLANK_G006_V03,,PF_P4D_HN_PLANK_G006,NEW_DESIGN,EXCLUDE_NOT_REUSABLE,hard_negative,negative,pushup_plank,/home/yanbo/下载/batches/batch_person-fallen-v2-p4d-hardneg-rev1-camera1p5m/prompts/PF_P4D_HN_PLANK_G006_V03.txt,e7ef44f70f4ffaab08a70c4c7ff3c93941193e8f506727c22be291c118884aa8,e7ef44f70f4ffaab08a70c4c7ff3c93941193e8f506727c22be291c118884aa8,,,,NOT_APPLICABLE_NO_FORMAL_IMAGE,UNEXECUTED_OR_NOT_REUSABLE,SAFE_OUTSTANDING_NOT_CLEAN_ASSET,V3_PUSHUP_PLANK_POSITIVE,PASS_EXPLICIT_POSTURE_CUE,positive,PROMPT_DERIVED_SYNTHETIC_GT,FROZEN_GENERATION_PROMPT_AND_PLANNED_ROLE,false,positive,false,NO_VERIFIED_REUSABLE_CLEAN_ASSET
P4D_PLAN::PF_P4D_HN_PLANK_G006_V04,P4D_FROZEN_PLAN_440,PF_P4D_HN_PLANK_G006_V04,,PF_P4D_HN_PLANK_G006,NEW_DESIGN,EXCLUDE_NOT_REUSABLE,hard_negative,negative,pushup_plank,/home/yanbo/下载/batches/batch_person-fallen-v2-p4d-hardneg-rev1-camera1p5m/prompts/PF_P4D_HN_PLANK_G006_V04.txt,803d92727a8458952c3370aba905099bf0c44249609bf44f195dd75bb9e0010d,803d92727a8458952c3370aba905099bf0c44249609bf44f195dd75bb9e0010d,,,,NOT_APPLICABLE_NO_FORMAL_IMAGE,UNEXECUTED_OR_NOT_REUSABLE,SAFE_OUTSTANDING_NOT_CLEAN_ASSET,V3_PUSHUP_PLANK_POSITIVE,PASS_EXPLICIT_POSTURE_CUE,positive,PROMPT_DERIVED_SYNTHETIC_GT,FROZEN_GENERATION_PROMPT_AND_PLANNED_ROLE,false,positive,false,NO_VERIFIED_REUSABLE_CLEAN_ASSET
P4D_PLAN::PF_P4D_HN_PLANK_G006_V05,P4D_FROZEN_PLAN_440,PF_P4D_HN_PLANK_G006_V05,,PF_P4D_HN_PLANK_G006,NEW_DESIGN,EXCLUDE_NOT_REUSABLE,hard_negative,negative,pushup_plank,/home/yanbo/下载/batches/batch_person-fallen-v2-p4d-hardneg-rev1-camera1p5m/prompts/PF_P4D_HN_PLANK_G006_V05.txt,67229ac9e19a5d3b46c2799c6215276ed1c9bd1468b0dd2c8377f4e6491f8667,67229ac9e19a5d3b46c2799c6215276ed1c9bd1468b0dd2c8377f4e6491f8667,,,,NOT_APPLICABLE_NO_FORMAL_IMAGE,UNEXECUTED_OR_NOT_REUSABLE,SAFE_OUTSTANDING_NOT_CLEAN_ASSET,V3_PUSHUP_PLANK_POSITIVE,PASS_EXPLICIT_POSTURE_CUE,positive,PROMPT_DERIVED_SYNTHETIC_GT,FROZEN_GENERATION_PROMPT_AND_PLANNED_ROLE,false,positive,false,NO_VERIFIED_REUSABLE_CLEAN_ASSET
P4D_PLAN::PF_P4D_HN_PLANK_G007_V01,P4D_FROZEN_PLAN_440,PF_P4D_HN_PLANK_G007_V01,,PF_P4D_HN_PLANK_G007,NEW_SCREEN,AUXILIARY_DIAGNOSTIC_ONLY,hard_negative,negative,pushup_plank,/home/yanbo/下载/batches/batch_person-fallen-v2-p4d-hardneg-rev1-camera1p5m/prompts/PF_P4D_HN_PLANK_G007_V01.txt,718d139f6c635e6d2d8319d391d8723300154c45495315d44c9f2a5381f6eed9,718d139f6c635e6d2d8319d391d8723300154c45495315d44c9f2a5381f6eed9,,,,NOT_APPLICABLE_NO_FORMAL_IMAGE,Q9_BINDING_BLOCKED,Q9_POSTRUN_CONFIG_BINDING_MISMATCH,V3_PUSHUP_PLANK_POSITIVE,PASS_EXPLICIT_POSTURE_CUE,positive,PROMPT_DERIVED_SYNTHETIC_GT,FROZEN_GENERATION_PROMPT_AND_PLANNED_ROLE,false,positive,false,Q9_BINDING_BLOCKED_NOT_FORMAL_V3_MAIN_METRICS
P4D_PLAN::PF_P4D_HN_PLANK_G007_V02,P4D_FROZEN_PLAN_440,PF_P4D_HN_PLANK_G007_V02,,PF_P4D_HN_PLANK_G007,NEW_SCREEN,AUXILIARY_DIAGNOSTIC_ONLY,hard_negative,negative,pushup_plank,/home/yanbo/下载/batches/batch_person-fallen-v2-p4d-hardneg-rev1-camera1p5m/prompts/PF_P4D_HN_PLANK_G007_V02.txt,47d2bf85a91653f9430262c56d1032bd266610e8e6888731b7b44cd2935b16d5,47d2bf85a91653f9430262c56d1032bd266610e8e6888731b7b44cd2935b16d5,,,,NOT_APPLICABLE_NO_FORMAL_IMAGE,Q9_BINDING_BLOCKED,Q9_POSTRUN_CONFIG_BINDING_MISMATCH,V3_PUSHUP_PLANK_POSITIVE,PASS_EXPLICIT_POSTURE_CUE,positive,PROMPT_DERIVED_SYNTHETIC_GT,FROZEN_GENERATION_PROMPT_AND_PLANNED_ROLE,false,positive,false,Q9_BINDING_BLOCKED_NOT_FORMAL_V3_MAIN_METRICS
P4D_PLAN::PF_P4D_HN_PLANK_G007_V03,P4D_FROZEN_PLAN_440,PF_P4D_HN_PLANK_G007_V03,,PF_P4D_HN_PLANK_G007,NEW_SCREEN,AUXILIARY_DIAGNOSTIC_ONLY,hard_negative,negative,pushup_plank,/home/yanbo/下载/batches/batch_person-fallen-v2-p4d-hardneg-rev1-camera1p5m/prompts/PF_P4D_HN_PLANK_G007_V03.txt,a84af12932c92f52f18e3c06a82185ce34ebe6ec64e6b1a01226a77c0174de91,a84af12932c92f52f18e3c06a82185ce34ebe6ec64e6b1a01226a77c0174de91,,,,NOT_APPLICABLE_NO_FORMAL_IMAGE,Q9_BINDING_BLOCKED,Q9_POSTRUN_CONFIG_BINDING_MISMATCH,V3_PUSHUP_PLANK_POSITIVE,PASS_EXPLICIT_POSTURE_CUE,positive,PROMPT_DERIVED_SYNTHETIC_GT,FROZEN_GENERATION_PROMPT_AND_PLANNED_ROLE,false,positive,false,Q9_BINDING_BLOCKED_NOT_FORMAL_V3_MAIN_METRICS
P4D_PLAN::PF_P4D_HN_PLANK_G007_V04,P4D_FROZEN_PLAN_440,PF_P4D_HN_PLANK_G007_V04,,PF_P4D_HN_PLANK_G007,NEW_SCREEN,AUXILIARY_DIAGNOSTIC_ONLY,hard_negative,negative,pushup_plank,/home/yanbo/下载/batches/batch_person-fallen-v2-p4d-hardneg-rev1-camera1p5m/prompts/PF_P4D_HN_PLANK_G007_V04.txt,1217653970661f0dca650ca1f08b943089aa8b46dcde6e6a25548ed3621cf8de,1217653970661f0dca650ca1f08b943089aa8b46dcde6e6a25548ed3621cf8de,,,,NOT_APPLICABLE_NO_FORMAL_IMAGE,Q9_BINDING_BLOCKED,Q9_POSTRUN_CONFIG_BINDING_MISMATCH,V3_PUSHUP_PLANK_POSITIVE,PASS_EXPLICIT_POSTURE_CUE,positive,PROMPT_DERIVED_SYNTHETIC_GT,FROZEN_GENERATION_PROMPT_AND_PLANNED_ROLE,false,positive,false,Q9_BINDING_BLOCKED_NOT_FORMAL_V3_MAIN_METRICS
P4D_PLAN::PF_P4D_HN_PLANK_G007_V05,P4D_FROZEN_PLAN_440,PF_P4D_HN_PLANK_G007_V05,,PF_P4D_HN_PLANK_G007,NEW_SCREEN,AUXILIARY_DIAGNOSTIC_ONLY,hard_negative,negative,pushup_plank,/home/yanbo/下载/batches/batch_person-fallen-v2-p4d-hardneg-rev1-camera1p5m/prompts/PF_P4D_HN_PLANK_G007_V05.txt,7cf9016193a1876ef79d70320e869d62002176a56d1692ae86ee0a56ab770656,7cf9016193a1876ef79d70320e869d62002176a56d1692ae86ee0a56ab770656,,,,NOT_APPLICABLE_NO_FORMAL_IMAGE,Q9_BINDING_BLOCKED,Q9_POSTRUN_CONFIG_BINDING_MISMATCH,V3_PUSHUP_PLANK_POSITIVE,PASS_EXPLICIT_POSTURE_CUE,positive,PROMPT_DERIVED_SYNTHETIC_GT,FROZEN_GENERATION_PROMPT_AND_PLANNED_ROLE,false,positive,false,Q9_BINDING_BLOCKED_NOT_FORMAL_V3_MAIN_METRICS
P4D_PLAN::PF_P4D_HN_PLANK_G008_V01,P4D_FROZEN_PLAN_440,PF_P4D_HN_PLANK_G008_V01,,PF_P4D_HN_PLANK_G008,NEW_SCREEN,EXCLUDE_NOT_REUSABLE,hard_negative,negative,pushup_plank,/home/yanbo/下载/batches/batch_person-fallen-v2-p4d-hardneg-rev1-camera1p5m/prompts/PF_P4D_HN_PLANK_G008_V01.txt,4919b03ca4f81b77e72471ae63f784e5d7971931eba1e3db6afbdff2c31a303a,4919b03ca4f81b77e72471ae63f784e5d7971931eba1e3db6afbdff2c31a303a,,,,NOT_APPLICABLE_NO_FORMAL_IMAGE,UNEXECUTED_OR_NOT_REUSABLE,SAFE_OUTSTANDING_NOT_CLEAN_ASSET,V3_PUSHUP_PLANK_POSITIVE,PASS_EXPLICIT_POSTURE_CUE,positive,PROMPT_DERIVED_SYNTHETIC_GT,FROZEN_GENERATION_PROMPT_AND_PLANNED_ROLE,false,positive,false,NO_VERIFIED_REUSABLE_CLEAN_ASSET
P4D_PLAN::PF_P4D_HN_PLANK_G008_V02,P4D_FROZEN_PLAN_440,PF_P4D_HN_PLANK_G008_V02,,PF_P4D_HN_PLANK_G008,NEW_SCREEN,EXCLUDE_NOT_REUSABLE,hard_negative,negative,pushup_plank,/home/yanbo/下载/batches/batch_person-fallen-v2-p4d-hardneg-rev1-camera1p5m/prompts/PF_P4D_HN_PLANK_G008_V02.txt,84a25b10df67b12ce763fb84755379954fa545daaec1809f76061dc44c72ea21,84a25b10df67b12ce763fb84755379954fa545daaec1809f76061dc44c72ea21,,,,NOT_APPLICABLE_NO_FORMAL_IMAGE,UNEXECUTED_OR_NOT_REUSABLE,SAFE_OUTSTANDING_NOT_CLEAN_ASSET,V3_PUSHUP_PLANK_POSITIVE,PASS_EXPLICIT_POSTURE_CUE,positive,PROMPT_DERIVED_SYNTHETIC_GT,FROZEN_GENERATION_PROMPT_AND_PLANNED_ROLE,false,positive,false,NO_VERIFIED_REUSABLE_CLEAN_ASSET
P4D_PLAN::PF_P4D_HN_PLANK_G008_V03,P4D_FROZEN_PLAN_440,PF_P4D_HN_PLANK_G008_V03,,PF_P4D_HN_PLANK_G008,NEW_SCREEN,EXCLUDE_NOT_REUSABLE,hard_negative,negative,pushup_plank,/home/yanbo/下载/batches/batch_person-fallen-v2-p4d-hardneg-rev1-camera1p5m/prompts/PF_P4D_HN_PLANK_G008_V03.txt,bf6312ac62afcb1cad53d0acd88a53bbfd4b3700600d2f609a48ec39bb04d961,bf6312ac62afcb1cad53d0acd88a53bbfd4b3700600d2f609a48ec39bb04d961,,,,NOT_APPLICABLE_NO_FORMAL_IMAGE,UNEXECUTED_OR_NOT_REUSABLE,SAFE_OUTSTANDING_NOT_CLEAN_ASSET,V3_PUSHUP_PLANK_POSITIVE,PASS_EXPLICIT_POSTURE_CUE,positive,PROMPT_DERIVED_SYNTHETIC_GT,FROZEN_GENERATION_PROMPT_AND_PLANNED_ROLE,false,positive,false,NO_VERIFIED_REUSABLE_CLEAN_ASSET
P4D_PLAN::PF_P4D_HN_PLANK_G008_V04,P4D_FROZEN_PLAN_440,PF_P4D_HN_PLANK_G008_V04,,PF_P4D_HN_PLANK_G008,NEW_SCREEN,EXCLUDE_NOT_REUSABLE,hard_negative,negative,pushup_plank,/home/yanbo/下载/batches/batch_person-fallen-v2-p4d-hardneg-rev1-camera1p5m/prompts/PF_P4D_HN_PLANK_G008_V04.txt,8fd51d829dc03c7bf31a1cfa3bcab5a1cc255586191b4335230317192eea3707,8fd51d829dc03c7bf31a1cfa3bcab5a1cc255586191b4335230317192eea3707,,,,NOT_APPLICABLE_NO_FORMAL_IMAGE,UNEXECUTED_OR_NOT_REUSABLE,SAFE_OUTSTANDING_NOT_CLEAN_ASSET,V3_PUSHUP_PLANK_POSITIVE,PASS_EXPLICIT_POSTURE_CUE,positive,PROMPT_DERIVED_SYNTHETIC_GT,FROZEN_GENERATION_PROMPT_AND_PLANNED_ROLE,false,positive,false,NO_VERIFIED_REUSABLE_CLEAN_ASSET
P4D_PLAN::PF_P4D_HN_PLANK_G008_V05,P4D_FROZEN_PLAN_440,PF_P4D_HN_PLANK_G008_V05,,PF_P4D_HN_PLANK_G008,NEW_SCREEN,EXCLUDE_NOT_REUSABLE,hard_negative,negative,pushup_plank,/home/yanbo/下载/batches/batch_person-fallen-v2-p4d-hardneg-rev1-camera1p5m/prompts/PF_P4D_HN_PLANK_G008_V05.txt,7578184387fdc27070ecf1cd36aa846f2ce8bacefd971beedb5d4c5bcbb14824,7578184387fdc27070ecf1cd36aa846f2ce8bacefd971beedb5d4c5bcbb14824,,,,NOT_APPLICABLE_NO_FORMAL_IMAGE,UNEXECUTED_OR_NOT_REUSABLE,SAFE_OUTSTANDING_NOT_CLEAN_ASSET,V3_PUSHUP_PLANK_POSITIVE,PASS_EXPLICIT_POSTURE_CUE,positive,PROMPT_DERIVED_SYNTHETIC_GT,FROZEN_GENERATION_PROMPT_AND_PLANNED_ROLE,false,positive,false,NO_VERIFIED_REUSABLE_CLEAN_ASSET
P4D_PLAN::PF_P4D_HN_PLANK_G009_V01,P4D_FROZEN_PLAN_440,PF_P4D_HN_PLANK_G009_V01,,PF_P4D_HN_PLANK_G009,NEW_SCREEN,EXCLUDE_NOT_REUSABLE,hard_negative,negative,pushup_plank,/home/yanbo/下载/batches/batch_person-fallen-v2-p4d-hardneg-rev1-camera1p5m/prompts/PF_P4D_HN_PLANK_G009_V01.txt,44de3ab3f400eff9497ca7abd5f388fbf9a850f0209d9f5379a03e5ee63c0639,44de3ab3f400eff9497ca7abd5f388fbf9a850f0209d9f5379a03e5ee63c0639,,,,NOT_APPLICABLE_NO_FORMAL_IMAGE,UNEXECUTED_OR_NOT_REUSABLE,SAFE_OUTSTANDING_NOT_CLEAN_ASSET,V3_PUSHUP_PLANK_POSITIVE,PASS_EXPLICIT_POSTURE_CUE,positive,PROMPT_DERIVED_SYNTHETIC_GT,FROZEN_GENERATION_PROMPT_AND_PLANNED_ROLE,false,positive,false,NO_VERIFIED_REUSABLE_CLEAN_ASSET
P4D_PLAN::PF_P4D_HN_PLANK_G009_V02,P4D_FROZEN_PLAN_440,PF_P4D_HN_PLANK_G009_V02,,PF_P4D_HN_PLANK_G009,NEW_SCREEN,EXCLUDE_NOT_REUSABLE,hard_negative,negative,pushup_plank,/home/yanbo/下载/batches/batch_person-fallen-v2-p4d-hardneg-rev1-camera1p5m/prompts/PF_P4D_HN_PLANK_G009_V02.txt,ded417927ef487b1b0fe74132f88de0ee1ea87c3b837d182014cf4fc19ed3768,ded417927ef487b1b0fe74132f88de0ee1ea87c3b837d182014cf4fc19ed3768,,,,NOT_APPLICABLE_NO_FORMAL_IMAGE,UNEXECUTED_OR_NOT_REUSABLE,SAFE_OUTSTANDING_NOT_CLEAN_ASSET,V3_PUSHUP_PLANK_POSITIVE,PASS_EXPLICIT_POSTURE_CUE,positive,PROMPT_DERIVED_SYNTHETIC_GT,FROZEN_GENERATION_PROMPT_AND_PLANNED_ROLE,false,positive,false,NO_VERIFIED_REUSABLE_CLEAN_ASSET
P4D_PLAN::PF_P4D_HN_PLANK_G009_V03,P4D_FROZEN_PLAN_440,PF_P4D_HN_PLANK_G009_V03,,PF_P4D_HN_PLANK_G009,NEW_SCREEN,EXCLUDE_NOT_REUSABLE,hard_negative,negative,pushup_plank,/home/yanbo/下载/batches/batch_person-fallen-v2-p4d-hardneg-rev1-camera1p5m/prompts/PF_P4D_HN_PLANK_G009_V03.txt,44a0f7a491c659b21568e39d2d832b7fb69507f0038fd3bad1d6c797e7b84f70,44a0f7a491c659b21568e39d2d832b7fb69507f0038fd3bad1d6c797e7b84f70,,,,NOT_APPLICABLE_NO_FORMAL_IMAGE,UNEXECUTED_OR_NOT_REUSABLE,SAFE_OUTSTANDING_NOT_CLEAN_ASSET,V3_PUSHUP_PLANK_POSITIVE,PASS_EXPLICIT_POSTURE_CUE,positive,PROMPT_DERIVED_SYNTHETIC_GT,FROZEN_GENERATION_PROMPT_AND_PLANNED_ROLE,false,positive,false,NO_VERIFIED_REUSABLE_CLEAN_ASSET
P4D_PLAN::PF_P4D_HN_PLANK_G009_V04,P4D_FROZEN_PLAN_440,PF_P4D_HN_PLANK_G009_V04,,PF_P4D_HN_PLANK_G009,NEW_SCREEN,EXCLUDE_NOT_REUSABLE,hard_negative,negative,pushup_plank,/home/yanbo/下载/batches/batch_person-fallen-v2-p4d-hardneg-rev1-camera1p5m/prompts/PF_P4D_HN_PLANK_G009_V04.txt,5963e1b02004e87d6436437a2cb0539d7a6427cc265d463a56fd8103ebdaff9f,5963e1b02004e87d6436437a2cb0539d7a6427cc265d463a56fd8103ebdaff9f,,,,NOT_APPLICABLE_NO_FORMAL_IMAGE,UNEXECUTED_OR_NOT_REUSABLE,SAFE_OUTSTANDING_NOT_CLEAN_ASSET,V3_PUSHUP_PLANK_POSITIVE,PASS_EXPLICIT_POSTURE_CUE,positive,PROMPT_DERIVED_SYNTHETIC_GT,FROZEN_GENERATION_PROMPT_AND_PLANNED_ROLE,false,positive,false,NO_VERIFIED_REUSABLE_CLEAN_ASSET
P4D_PLAN::PF_P4D_HN_PLANK_G009_V05,P4D_FROZEN_PLAN_440,PF_P4D_HN_PLANK_G009_V05,,PF_P4D_HN_PLANK_G009,NEW_SCREEN,EXCLUDE_NOT_REUSABLE,hard_negative,negative,pushup_plank,/home/yanbo/下载/batches/batch_person-fallen-v2-p4d-hardneg-rev1-camera1p5m/prompts/PF_P4D_HN_PLANK_G009_V05.txt,3a46de60db447dc3b4dc48775b963730724b8810397c43eae330708b1bd49dc2,3a46de60db447dc3b4dc48775b963730724b8810397c43eae330708b1bd49dc2,,,,NOT_APPLICABLE_NO_FORMAL_IMAGE,UNEXECUTED_OR_NOT_REUSABLE,SAFE_OUTSTANDING_NOT_CLEAN_ASSET,V3_PUSHUP_PLANK_POSITIVE,PASS_EXPLICIT_POSTURE_CUE,positive,PROMPT_DERIVED_SYNTHETIC_GT,FROZEN_GENERATION_PROMPT_AND_PLANNED_ROLE,false,positive,false,NO_VERIFIED_REUSABLE_CLEAN_ASSET
P4D_PLAN::PF_P4D_HN_PLANK_G010_V01,P4D_FROZEN_PLAN_440,PF_P4D_HN_PLANK_G010_V01,,PF_P4D_HN_PLANK_G010,NEW_SCREEN,EXCLUDE_NOT_REUSABLE,hard_negative,negative,pushup_plank,/home/yanbo/下载/batches/batch_person-fallen-v2-p4d-hardneg-rev1-camera1p5m/prompts/PF_P4D_HN_PLANK_G010_V01.txt,f82849417b223042143c6c56c59af0dea93f5d9256fc33647ea35bc2378b83ee,f82849417b223042143c6c56c59af0dea93f5d9256fc33647ea35bc2378b83ee,,,,NOT_APPLICABLE_NO_FORMAL_IMAGE,UNEXECUTED_OR_NOT_REUSABLE,SAFE_OUTSTANDING_NOT_CLEAN_ASSET,V3_PUSHUP_PLANK_POSITIVE,PASS_EXPLICIT_POSTURE_CUE,positive,PROMPT_DERIVED_SYNTHETIC_GT,FROZEN_GENERATION_PROMPT_AND_PLANNED_ROLE,false,positive,false,NO_VERIFIED_REUSABLE_CLEAN_ASSET
P4D_PLAN::PF_P4D_HN_PLANK_G010_V02,P4D_FROZEN_PLAN_440,PF_P4D_HN_PLANK_G010_V02,,PF_P4D_HN_PLANK_G010,NEW_SCREEN,EXCLUDE_NOT_REUSABLE,hard_negative,negative,pushup_plank,/home/yanbo/下载/batches/batch_person-fallen-v2-p4d-hardneg-rev1-camera1p5m/prompts/PF_P4D_HN_PLANK_G010_V02.txt,6980d6fb55736afcefbbe31ee0db36a1540de79ec66b992d47c88b5f9e21792b,6980d6fb55736afcefbbe31ee0db36a1540de79ec66b992d47c88b5f9e21792b,,,,NOT_APPLICABLE_NO_FORMAL_IMAGE,UNEXECUTED_OR_NOT_REUSABLE,SAFE_OUTSTANDING_NOT_CLEAN_ASSET,V3_PUSHUP_PLANK_POSITIVE,PASS_EXPLICIT_POSTURE_CUE,positive,PROMPT_DERIVED_SYNTHETIC_GT,FROZEN_GENERATION_PROMPT_AND_PLANNED_ROLE,false,positive,false,NO_VERIFIED_REUSABLE_CLEAN_ASSET
P4D_PLAN::PF_P4D_HN_PLANK_G010_V03,P4D_FROZEN_PLAN_440,PF_P4D_HN_PLANK_G010_V03,,PF_P4D_HN_PLANK_G010,NEW_SCREEN,EXCLUDE_NOT_REUSABLE,hard_negative,negative,pushup_plank,/home/yanbo/下载/batches/batch_person-fallen-v2-p4d-hardneg-rev1-camera1p5m/prompts/PF_P4D_HN_PLANK_G010_V03.txt,00ba18ca6e9516f527619d14ec24ed717efc9cf9ab43f517aa5b260705d56f43,00ba18ca6e9516f527619d14ec24ed717efc9cf9ab43f517aa5b260705d56f43,,,,NOT_APPLICABLE_NO_FORMAL_IMAGE,UNEXECUTED_OR_NOT_REUSABLE,SAFE_OUTSTANDING_NOT_CLEAN_ASSET,V3_PUSHUP_PLANK_POSITIVE,PASS_EXPLICIT_POSTURE_CUE,positive,PROMPT_DERIVED_SYNTHETIC_GT,FROZEN_GENERATION_PROMPT_AND_PLANNED_ROLE,false,positive,false,NO_VERIFIED_REUSABLE_CLEAN_ASSET
P4D_PLAN::PF_P4D_HN_PLANK_G010_V04,P4D_FROZEN_PLAN_440,PF_P4D_HN_PLANK_G010_V04,,PF_P4D_HN_PLANK_G010,NEW_SCREEN,EXCLUDE_NOT_REUSABLE,hard_negative,negative,pushup_plank,/home/yanbo/下载/batches/batch_person-fallen-v2-p4d-hardneg-rev1-camera1p5m/prompts/PF_P4D_HN_PLANK_G010_V04.txt,3e86ea3ed000f70b1efc4db7d4939c7dca7e2454854602c30dd830ca07f1706b,3e86ea3ed000f70b1efc4db7d4939c7dca7e2454854602c30dd830ca07f1706b,,,,NOT_APPLICABLE_NO_FORMAL_IMAGE,UNEXECUTED_OR_NOT_REUSABLE,SAFE_OUTSTANDING_NOT_CLEAN_ASSET,V3_PUSHUP_PLANK_POSITIVE,PASS_EXPLICIT_POSTURE_CUE,positive,PROMPT_DERIVED_SYNTHETIC_GT,FROZEN_GENERATION_PROMPT_AND_PLANNED_ROLE,false,positive,false,NO_VERIFIED_REUSABLE_CLEAN_ASSET
P4D_PLAN::PF_P4D_HN_PLANK_G010_V05,P4D_FROZEN_PLAN_440,PF_P4D_HN_PLANK_G010_V05,,PF_P4D_HN_PLANK_G010,NEW_SCREEN,EXCLUDE_NOT_REUSABLE,hard_negative,negative,pushup_plank,/home/yanbo/下载/batches/batch_person-fallen-v2-p4d-hardneg-rev1-camera1p5m/prompts/PF_P4D_HN_PLANK_G010_V05.txt,f18b0c7446a66395a8e95e69483179afe86819b4a96f9c4e7c9200bdb624335d,f18b0c7446a66395a8e95e69483179afe86819b4a96f9c4e7c9200bdb624335d,,,,NOT_APPLICABLE_NO_FORMAL_IMAGE,UNEXECUTED_OR_NOT_REUSABLE,SAFE_OUTSTANDING_NOT_CLEAN_ASSET,V3_PUSHUP_PLANK_POSITIVE,PASS_EXPLICIT_POSTURE_CUE,positive,PROMPT_DERIVED_SYNTHETIC_GT,FROZEN_GENERATION_PROMPT_AND_PLANNED_ROLE,false,positive,false,NO_VERIFIED_REUSABLE_CLEAN_ASSET
P4D_PLAN::PF_P4D_HN_CRAWL_G001_V01,P4D_FROZEN_PLAN_440,PF_P4D_HN_CRAWL_G001_V01,,PF_P4D_HN_CRAWL_G001,NEW_DESIGN,V3_DEV,hard_negative,negative,crawling_quadruped_support,/home/yanbo/下载/batches/batch_person-fallen-v2-p4d-hardneg-rev1-camera1p5m/prompts/PF_P4D_HN_CRAWL_G001_V01.txt,bb0d52d8a6f26fae7f91da9dc73915fb076e5e494596b3719991c4cc0d4d3443,bb0d52d8a6f26fae7f91da9dc73915fb076e5e494596b3719991c4cc0d4d3443,/home/yanbo/net_vlm_person_fallen_v2_optimization/08_p4d_new_hard_negative_dev_revision/02_generation/gr3_fullregen/06_execution/quota_campaign_window_03_gr3q6_authorized_20260831_01/08_final/PF_P4D_HN_CRAWL_G001_V01.png,80e28147640d5f74a7e7153f4499eecfb9cfd7b2eb8ec84020bf2d7a0a4378cf,80e28147640d5f74a7e7153f4499eecfb9cfd7b2eb8ec84020bf2d7a0a4378cf,FAST_CLOSE_EXPECTED_AND_ACTUAL,REUSABLE_P4D_CLEAN_FAST_CLOSE,P4D_FAST_CLOSE_PROVENANCE_MECHANICAL_LINEAGE_PASS,V3_CRAWLING_QUADRUPED_SUPPORT_POSITIVE,PASS_EXPLICIT_POSTURE_CUE,positive,PROMPT_DERIVED_SYNTHETIC_GT,FROZEN_GENERATION_PROMPT_AND_PLANNED_ROLE,false,positive,true,
P4D_PLAN::PF_P4D_HN_CRAWL_G001_V02,P4D_FROZEN_PLAN_440,PF_P4D_HN_CRAWL_G001_V02,,PF_P4D_HN_CRAWL_G001,NEW_DESIGN,V3_DEV,hard_negative,negative,crawling_quadruped_support,/home/yanbo/下载/batches/batch_person-fallen-v2-p4d-hardneg-rev1-camera1p5m/prompts/PF_P4D_HN_CRAWL_G001_V02.txt,5be792664689e024dcce47b47291a8b7aa0302daf35f208cac094252a5800801,5be792664689e024dcce47b47291a8b7aa0302daf35f208cac094252a5800801,/home/yanbo/net_vlm_person_fallen_v2_optimization/08_p4d_new_hard_negative_dev_revision/02_generation/gr3_fullregen/06_execution/quota_campaign_window_03_gr3q6_authorized_20260831_01/08_final/PF_P4D_HN_CRAWL_G001_V02.png,5661260a55519adc816148913cd24fac2889c065de658695dc08b4da8eccaed4,5661260a55519adc816148913cd24fac2889c065de658695dc08b4da8eccaed4,FAST_CLOSE_EXPECTED_AND_ACTUAL,REUSABLE_P4D_CLEAN_FAST_CLOSE,P4D_FAST_CLOSE_PROVENANCE_MECHANICAL_LINEAGE_PASS,V3_CRAWLING_QUADRUPED_SUPPORT_POSITIVE,PASS_EXPLICIT_POSTURE_CUE,positive,PROMPT_DERIVED_SYNTHETIC_GT,FROZEN_GENERATION_PROMPT_AND_PLANNED_ROLE,false,positive,true,
P4D_PLAN::PF_P4D_HN_CRAWL_G001_V03,P4D_FROZEN_PLAN_440,PF_P4D_HN_CRAWL_G001_V03,,PF_P4D_HN_CRAWL_G001,NEW_DESIGN,V3_DEV,hard_negative,negative,crawling_quadruped_support,/home/yanbo/下载/batches/batch_person-fallen-v2-p4d-hardneg-rev1-camera1p5m/prompts/PF_P4D_HN_CRAWL_G001_V03.txt,e7408e64dea8d2d3aec4aa3eac205f97d6b4cb37358005cbdf9ccfd3f0220412,e7408e64dea8d2d3aec4aa3eac205f97d6b4cb37358005cbdf9ccfd3f0220412,/home/yanbo/net_vlm_person_fallen_v2_optimization/08_p4d_new_hard_negative_dev_revision/02_generation/gr3_fullregen/06_execution/quota_campaign_window_03_gr3q6_authorized_20260831_01/08_final/PF_P4D_HN_CRAWL_G001_V03.png,1ccde1893ba0237a869e195b024105de08360cece001ea75b3697d07725060f2,1ccde1893ba0237a869e195b024105de08360cece001ea75b3697d07725060f2,FAST_CLOSE_EXPECTED_AND_ACTUAL,REUSABLE_P4D_CLEAN_FAST_CLOSE,P4D_FAST_CLOSE_PROVENANCE_MECHANICAL_LINEAGE_PASS,V3_CRAWLING_QUADRUPED_SUPPORT_POSITIVE,PASS_EXPLICIT_POSTURE_CUE,positive,PROMPT_DERIVED_SYNTHETIC_GT,FROZEN_GENERATION_PROMPT_AND_PLANNED_ROLE,false,positive,true,
P4D_PLAN::PF_P4D_HN_CRAWL_G001_V04,P4D_FROZEN_PLAN_440,PF_P4D_HN_CRAWL_G001_V04,,PF_P4D_HN_CRAWL_G001,NEW_DESIGN,V3_DEV,hard_negative,negative,crawling_quadruped_support,/home/yanbo/下载/batches/batch_person-fallen-v2-p4d-hardneg-rev1-camera1p5m/prompts/PF_P4D_HN_CRAWL_G001_V04.txt,121c275690f7c0c89f4f47696fa997df19bae2b9f90f2dfefeda6bdb6ee199ec,121c275690f7c0c89f4f47696fa997df19bae2b9f90f2dfefeda6bdb6ee199ec,/home/yanbo/net_vlm_person_fallen_v2_optimization/08_p4d_new_hard_negative_dev_revision/02_generation/gr3_fullregen/06_execution/quota_campaign_window_03_gr3q6_authorized_20260831_01/08_final/PF_P4D_HN_CRAWL_G001_V04.png,df65b6a524e17d001e525451fffff96880101e8172d9966b9a45cdc68ace4a4a,df65b6a524e17d001e525451fffff96880101e8172d9966b9a45cdc68ace4a4a,FAST_CLOSE_EXPECTED_AND_ACTUAL,REUSABLE_P4D_CLEAN_FAST_CLOSE,P4D_FAST_CLOSE_PROVENANCE_MECHANICAL_LINEAGE_PASS,V3_CRAWLING_QUADRUPED_SUPPORT_POSITIVE,PASS_EXPLICIT_POSTURE_CUE,positive,PROMPT_DERIVED_SYNTHETIC_GT,FROZEN_GENERATION_PROMPT_AND_PLANNED_ROLE,false,positive,true,
P4D_PLAN::PF_P4D_HN_CRAWL_G001_V05,P4D_FROZEN_PLAN_440,PF_P4D_HN_CRAWL_G001_V05,,PF_P4D_HN_CRAWL_G001,NEW_DESIGN,V3_DEV,hard_negative,negative,crawling_quadruped_support,/home/yanbo/下载/batches/batch_person-fallen-v2-p4d-hardneg-rev1-camera1p5m/prompts/PF_P4D_HN_CRAWL_G001_V05.txt,39eacf4ab32d748b487a9529e006e16564aaa395bf8e8a53e3fe214ccdc8eed6,39eacf4ab32d748b487a9529e006e16564aaa395bf8e8a53e3fe214ccdc8eed6,/home/yanbo/net_vlm_person_fallen_v2_optimization/08_p4d_new_hard_negative_dev_revision/02_generation/gr3_fullregen/06_execution/quota_campaign_window_03_gr3q6_authorized_20260831_01/08_final/PF_P4D_HN_CRAWL_G001_V05.png,0675267dd08ba89d9482c066bfeef2e1b914045d2b897f6081099b5864ef4e0a,0675267dd08ba89d9482c066bfeef2e1b914045d2b897f6081099b5864ef4e0a,FAST_CLOSE_EXPECTED_AND_ACTUAL,REUSABLE_P4D_CLEAN_FAST_CLOSE,P4D_FAST_CLOSE_PROVENANCE_MECHANICAL_LINEAGE_PASS,V3_CRAWLING_QUADRUPED_SUPPORT_POSITIVE,PASS_EXPLICIT_POSTURE_CUE,positive,PROMPT_DERIVED_SYNTHETIC_GT,FROZEN_GENERATION_PROMPT_AND_PLANNED_ROLE,false,positive,true,
P4D_PLAN::PF_P4D_HN_CRAWL_G002_V01,P4D_FROZEN_PLAN_440,PF_P4D_HN_CRAWL_G002_V01,,PF_P4D_HN_CRAWL_G002,NEW_DESIGN,EXCLUDE_NOT_REUSABLE,hard_negative,negative,crawling_quadruped_support,/home/yanbo/下载/batches/batch_person-fallen-v2-p4d-hardneg-rev1-camera1p5m/prompts/PF_P4D_HN_CRAWL_G002_V01.txt,787706f1a00e1c64d6e386684c93559641ff0befe5748dd284b26f8e7defe6ba,787706f1a00e1c64d6e386684c93559641ff0befe5748dd284b26f8e7defe6ba,,,,NOT_APPLICABLE_NO_FORMAL_IMAGE,NOT_STARTED,Q10_TERMINAL_NOT_STARTED,V3_CRAWLING_QUADRUPED_SUPPORT_POSITIVE,PASS_EXPLICIT_POSTURE_CUE,positive,PROMPT_DERIVED_SYNTHETIC_GT,FROZEN_GENERATION_PROMPT_AND_PLANNED_ROLE,false,positive,false,NOT_STARTED_EXCLUDED_AND_NOT_RESENT
P4D_PLAN::PF_P4D_HN_CRAWL_G002_V02,P4D_FROZEN_PLAN_440,PF_P4D_HN_CRAWL_G002_V02,,PF_P4D_HN_CRAWL_G002,NEW_DESIGN,EXCLUDE_NOT_REUSABLE,hard_negative,negative,crawling_quadruped_support,/home/yanbo/下载/batches/batch_person-fallen-v2-p4d-hardneg-rev1-camera1p5m/prompts/PF_P4D_HN_CRAWL_G002_V02.txt,6c15d6b73f10e31723608b45aefd7b1407610f825217920c7faaceb821a79862,6c15d6b73f10e31723608b45aefd7b1407610f825217920c7faaceb821a79862,,,,NOT_APPLICABLE_NO_FORMAL_IMAGE,NOT_STARTED,Q10_TERMINAL_NOT_STARTED,V3_CRAWLING_QUADRUPED_SUPPORT_POSITIVE,PASS_EXPLICIT_POSTURE_CUE,positive,PROMPT_DERIVED_SYNTHETIC_GT,FROZEN_GENERATION_PROMPT_AND_PLANNED_ROLE,false,positive,false,NOT_STARTED_EXCLUDED_AND_NOT_RESENT
P4D_PLAN::PF_P4D_HN_CRAWL_G002_V03,P4D_FROZEN_PLAN_440,PF_P4D_HN_CRAWL_G002_V03,,PF_P4D_HN_CRAWL_G002,NEW_DESIGN,EXCLUDE_NOT_REUSABLE,hard_negative,negative,crawling_quadruped_support,/home/yanbo/下载/batches/batch_person-fallen-v2-p4d-hardneg-rev1-camera1p5m/prompts/PF_P4D_HN_CRAWL_G002_V03.txt,2aa6478e9e4258e6cfd8e48b6f152394fe87f5b4adbbac33db1800cfe177e42d,2aa6478e9e4258e6cfd8e48b6f152394fe87f5b4adbbac33db1800cfe177e42d,,,,NOT_APPLICABLE_NO_FORMAL_IMAGE,NOT_STARTED,Q10_TERMINAL_NOT_STARTED,V3_CRAWLING_QUADRUPED_SUPPORT_POSITIVE,PASS_EXPLICIT_POSTURE_CUE,positive,PROMPT_DERIVED_SYNTHETIC_GT,FROZEN_GENERATION_PROMPT_AND_PLANNED_ROLE,false,positive,false,NOT_STARTED_EXCLUDED_AND_NOT_RESENT
P4D_PLAN::PF_P4D_HN_CRAWL_G002_V04,P4D_FROZEN_PLAN_440,PF_P4D_HN_CRAWL_G002_V04,,PF_P4D_HN_CRAWL_G002,NEW_DESIGN,EXCLUDE_NOT_REUSABLE,hard_negative,negative,crawling_quadruped_support,/home/yanbo/下载/batches/batch_person-fallen-v2-p4d-hardneg-rev1-camera1p5m/prompts/PF_P4D_HN_CRAWL_G002_V04.txt,7a8e1469ebfec6885c4431d345811878b1414d19aaeb86a84790cb0f0aa41c40,7a8e1469ebfec6885c4431d345811878b1414d19aaeb86a84790cb0f0aa41c40,,,,NOT_APPLICABLE_NO_FORMAL_IMAGE,NOT_STARTED,Q10_TERMINAL_NOT_STARTED,V3_CRAWLING_QUADRUPED_SUPPORT_POSITIVE,PASS_EXPLICIT_POSTURE_CUE,positive,PROMPT_DERIVED_SYNTHETIC_GT,FROZEN_GENERATION_PROMPT_AND_PLANNED_ROLE,false,positive,false,NOT_STARTED_EXCLUDED_AND_NOT_RESENT
P4D_PLAN::PF_P4D_HN_CRAWL_G002_V05,P4D_FROZEN_PLAN_440,PF_P4D_HN_CRAWL_G002_V05,,PF_P4D_HN_CRAWL_G002,NEW_DESIGN,EXCLUDE_NOT_REUSABLE,hard_negative,negative,crawling_quadruped_support,/home/yanbo/下载/batches/batch_person-fallen-v2-p4d-hardneg-rev1-camera1p5m/prompts/PF_P4D_HN_CRAWL_G002_V05.txt,f9f0ce0e53eba3e430599b79db4c957a3a5fb64c93bdc4420e8b6397a0e0fe1a,f9f0ce0e53eba3e430599b79db4c957a3a5fb64c93bdc4420e8b6397a0e0fe1a,,,,NOT_APPLICABLE_NO_FORMAL_IMAGE,NOT_STARTED,Q10_TERMINAL_NOT_STARTED,V3_CRAWLING_QUADRUPED_SUPPORT_POSITIVE,PASS_EXPLICIT_POSTURE_CUE,positive,PROMPT_DERIVED_SYNTHETIC_GT,FROZEN_GENERATION_PROMPT_AND_PLANNED_ROLE,false,positive,false,NOT_STARTED_EXCLUDED_AND_NOT_RESENT
P4D_PLAN::PF_P4D_HN_CRAWL_G003_V01,P4D_FROZEN_PLAN_440,PF_P4D_HN_CRAWL_G003_V01,,PF_P4D_HN_CRAWL_G003,NEW_DESIGN,EXCLUDE_NOT_REUSABLE,hard_negative,negative,crawling_quadruped_support,/home/yanbo/下载/batches/batch_person-fallen-v2-p4d-hardneg-rev1-camera1p5m/prompts/PF_P4D_HN_CRAWL_G003_V01.txt,534289f077db01bb523c9990e2e0dadbecdea0fd0f0e456d8638f6ca656655f9,534289f077db01bb523c9990e2e0dadbecdea0fd0f0e456d8638f6ca656655f9,,,,NOT_APPLICABLE_NO_FORMAL_IMAGE,UNEXECUTED_OR_NOT_REUSABLE,SAFE_OUTSTANDING_NOT_CLEAN_ASSET,V3_CRAWLING_QUADRUPED_SUPPORT_POSITIVE,PASS_EXPLICIT_POSTURE_CUE,positive,PROMPT_DERIVED_SYNTHETIC_GT,FROZEN_GENERATION_PROMPT_AND_PLANNED_ROLE,false,positive,false,NO_VERIFIED_REUSABLE_CLEAN_ASSET
P4D_PLAN::PF_P4D_HN_CRAWL_G003_V02,P4D_FROZEN_PLAN_440,PF_P4D_HN_CRAWL_G003_V02,,PF_P4D_HN_CRAWL_G003,NEW_DESIGN,EXCLUDE_NOT_REUSABLE,hard_negative,negative,crawling_quadruped_support,/home/yanbo/下载/batches/batch_person-fallen-v2-p4d-hardneg-rev1-camera1p5m/prompts/PF_P4D_HN_CRAWL_G003_V02.txt,e4c7fa7585a12d94a0c1d9ee41e57aef3661ccfb44944ddcb7a384df44b7ff92,e4c7fa7585a12d94a0c1d9ee41e57aef3661ccfb44944ddcb7a384df44b7ff92,,,,NOT_APPLICABLE_NO_FORMAL_IMAGE,UNEXECUTED_OR_NOT_REUSABLE,SAFE_OUTSTANDING_NOT_CLEAN_ASSET,V3_CRAWLING_QUADRUPED_SUPPORT_POSITIVE,PASS_EXPLICIT_POSTURE_CUE,positive,PROMPT_DERIVED_SYNTHETIC_GT,FROZEN_GENERATION_PROMPT_AND_PLANNED_ROLE,false,positive,false,NO_VERIFIED_REUSABLE_CLEAN_ASSET
P4D_PLAN::PF_P4D_HN_CRAWL_G003_V03,P4D_FROZEN_PLAN_440,PF_P4D_HN_CRAWL_G003_V03,,PF_P4D_HN_CRAWL_G003,NEW_DESIGN,EXCLUDE_NOT_REUSABLE,hard_negative,negative,crawling_quadruped_support,/home/yanbo/下载/batches/batch_person-fallen-v2-p4d-hardneg-rev1-camera1p5m/prompts/PF_P4D_HN_CRAWL_G003_V03.txt,457daf6d7b1f1b349e1c4406cfdb50bfde19a22312e1f72173b34114e98b9b00,457daf6d7b1f1b349e1c4406cfdb50bfde19a22312e1f72173b34114e98b9b00,,,,NOT_APPLICABLE_NO_FORMAL_IMAGE,UNEXECUTED_OR_NOT_REUSABLE,SAFE_OUTSTANDING_NOT_CLEAN_ASSET,V3_CRAWLING_QUADRUPED_SUPPORT_POSITIVE,PASS_EXPLICIT_POSTURE_CUE,positive,PROMPT_DERIVED_SYNTHETIC_GT,FROZEN_GENERATION_PROMPT_AND_PLANNED_ROLE,false,positive,false,NO_VERIFIED_REUSABLE_CLEAN_ASSET
P4D_PLAN::PF_P4D_HN_CRAWL_G003_V04,P4D_FROZEN_PLAN_440,PF_P4D_HN_CRAWL_G003_V04,,PF_P4D_HN_CRAWL_G003,NEW_DESIGN,EXCLUDE_NOT_REUSABLE,hard_negative,negative,crawling_quadruped_support,/home/yanbo/下载/batches/batch_person-fallen-v2-p4d-hardneg-rev1-camera1p5m/prompts/PF_P4D_HN_CRAWL_G003_V04.txt,d2245bda5dfcfdf5ddf526b4182c4f667955c765483edb7afe3781416a775abb,d2245bda5dfcfdf5ddf526b4182c4f667955c765483edb7afe3781416a775abb,,,,NOT_APPLICABLE_NO_FORMAL_IMAGE,UNEXECUTED_OR_NOT_REUSABLE,SAFE_OUTSTANDING_NOT_CLEAN_ASSET,V3_CRAWLING_QUADRUPED_SUPPORT_POSITIVE,PASS_EXPLICIT_POSTURE_CUE,positive,PROMPT_DERIVED_SYNTHETIC_GT,FROZEN_GENERATION_PROMPT_AND_PLANNED_ROLE,false,positive,false,NO_VERIFIED_REUSABLE_CLEAN_ASSET
P4D_PLAN::PF_P4D_HN_CRAWL_G003_V05,P4D_FROZEN_PLAN_440,PF_P4D_HN_CRAWL_G003_V05,,PF_P4D_HN_CRAWL_G003,NEW_DESIGN,EXCLUDE_NOT_REUSABLE,hard_negative,negative,crawling_quadruped_support,/home/yanbo/下载/batches/batch_person-fallen-v2-p4d-hardneg-rev1-camera1p5m/prompts/PF_P4D_HN_CRAWL_G003_V05.txt,933ae4b84866a14dd67b9699cb25b90e2597f2ec220f1c48fa17eb9147ac0cf0,933ae4b84866a14dd67b9699cb25b90e2597f2ec220f1c48fa17eb9147ac0cf0,,,,NOT_APPLICABLE_NO_FORMAL_IMAGE,UNEXECUTED_OR_NOT_REUSABLE,SAFE_OUTSTANDING_NOT_CLEAN_ASSET,V3_CRAWLING_QUADRUPED_SUPPORT_POSITIVE,PASS_EXPLICIT_POSTURE_CUE,positive,PROMPT_DERIVED_SYNTHETIC_GT,FROZEN_GENERATION_PROMPT_AND_PLANNED_ROLE,false,positive,false,NO_VERIFIED_REUSABLE_CLEAN_ASSET
P4D_PLAN::PF_P4D_HN_CRAWL_G004_V01,P4D_FROZEN_PLAN_440,PF_P4D_HN_CRAWL_G004_V01,,PF_P4D_HN_CRAWL_G004,NEW_DESIGN,EXCLUDE_NOT_REUSABLE,hard_negative,negative,crawling_quadruped_support,/home/yanbo/下载/batches/batch_person-fallen-v2-p4d-hardneg-rev1-camera1p5m/prompts/PF_P4D_HN_CRAWL_G004_V01.txt,d9db4df512df581250b5245f17ccb9aa7c6cdfe48441d621ee0e993a2b3b236b,d9db4df512df581250b5245f17ccb9aa7c6cdfe48441d621ee0e993a2b3b236b,,,,NOT_APPLICABLE_NO_FORMAL_IMAGE,UNEXECUTED_OR_NOT_REUSABLE,SAFE_OUTSTANDING_NOT_CLEAN_ASSET,V3_CRAWLING_QUADRUPED_SUPPORT_POSITIVE,PASS_EXPLICIT_POSTURE_CUE,positive,PROMPT_DERIVED_SYNTHETIC_GT,FROZEN_GENERATION_PROMPT_AND_PLANNED_ROLE,false,positive,false,NO_VERIFIED_REUSABLE_CLEAN_ASSET
P4D_PLAN::PF_P4D_HN_CRAWL_G004_V02,P4D_FROZEN_PLAN_440,PF_P4D_HN_CRAWL_G004_V02,,PF_P4D_HN_CRAWL_G004,NEW_DESIGN,EXCLUDE_NOT_REUSABLE,hard_negative,negative,crawling_quadruped_support,/home/yanbo/下载/batches/batch_person-fallen-v2-p4d-hardneg-rev1-camera1p5m/prompts/PF_P4D_HN_CRAWL_G004_V02.txt,f25e6d258effc588815c4ddab831af627aed7cd62c71ca5e3cf7847a061cdc1a,f25e6d258effc588815c4ddab831af627aed7cd62c71ca5e3cf7847a061cdc1a,,,,NOT_APPLICABLE_NO_FORMAL_IMAGE,UNEXECUTED_OR_NOT_REUSABLE,SAFE_OUTSTANDING_NOT_CLEAN_ASSET,V3_CRAWLING_QUADRUPED_SUPPORT_POSITIVE,PASS_EXPLICIT_POSTURE_CUE,positive,PROMPT_DERIVED_SYNTHETIC_GT,FROZEN_GENERATION_PROMPT_AND_PLANNED_ROLE,false,positive,false,NO_VERIFIED_REUSABLE_CLEAN_ASSET
P4D_PLAN::PF_P4D_HN_CRAWL_G004_V03,P4D_FROZEN_PLAN_440,PF_P4D_HN_CRAWL_G004_V03,,PF_P4D_HN_CRAWL_G004,NEW_DESIGN,EXCLUDE_NOT_REUSABLE,hard_negative,negative,crawling_quadruped_support,/home/yanbo/下载/batches/batch_person-fallen-v2-p4d-hardneg-rev1-camera1p5m/prompts/PF_P4D_HN_CRAWL_G004_V03.txt,23958f6929335c577348331d79ad724c72282b7d97f078463fbcca3786920877,23958f6929335c577348331d79ad724c72282b7d97f078463fbcca3786920877,,,,NOT_APPLICABLE_NO_FORMAL_IMAGE,UNEXECUTED_OR_NOT_REUSABLE,SAFE_OUTSTANDING_NOT_CLEAN_ASSET,V3_CRAWLING_QUADRUPED_SUPPORT_POSITIVE,PASS_EXPLICIT_POSTURE_CUE,positive,PROMPT_DERIVED_SYNTHETIC_GT,FROZEN_GENERATION_PROMPT_AND_PLANNED_ROLE,false,positive,false,NO_VERIFIED_REUSABLE_CLEAN_ASSET
P4D_PLAN::PF_P4D_HN_CRAWL_G004_V04,P4D_FROZEN_PLAN_440,PF_P4D_HN_CRAWL_G004_V04,,PF_P4D_HN_CRAWL_G004,NEW_DESIGN,EXCLUDE_NOT_REUSABLE,hard_negative,negative,crawling_quadruped_support,/home/yanbo/下载/batches/batch_person-fallen-v2-p4d-hardneg-rev1-camera1p5m/prompts/PF_P4D_HN_CRAWL_G004_V04.txt,795d463c4cbe4a8b0d82311b30542a0891c9721f2f2425ed7af1da789db1160e,795d463c4cbe4a8b0d82311b30542a0891c9721f2f2425ed7af1da789db1160e,,,,NOT_APPLICABLE_NO_FORMAL_IMAGE,UNEXECUTED_OR_NOT_REUSABLE,SAFE_OUTSTANDING_NOT_CLEAN_ASSET,V3_CRAWLING_QUADRUPED_SUPPORT_POSITIVE,PASS_EXPLICIT_POSTURE_CUE,positive,PROMPT_DERIVED_SYNTHETIC_GT,FROZEN_GENERATION_PROMPT_AND_PLANNED_ROLE,false,positive,false,NO_VERIFIED_REUSABLE_CLEAN_ASSET
P4D_PLAN::PF_P4D_HN_CRAWL_G004_V05,P4D_FROZEN_PLAN_440,PF_P4D_HN_CRAWL_G004_V05,,PF_P4D_HN_CRAWL_G004,NEW_DESIGN,EXCLUDE_NOT_REUSABLE,hard_negative,negative,crawling_quadruped_support,/home/yanbo/下载/batches/batch_person-fallen-v2-p4d-hardneg-rev1-camera1p5m/prompts/PF_P4D_HN_CRAWL_G004_V05.txt,e28b2c3752375742724f7c9a5237f26d3a1016b794b5c49d5988079fc1582ad4,e28b2c3752375742724f7c9a5237f26d3a1016b794b5c49d5988079fc1582ad4,,,,NOT_APPLICABLE_NO_FORMAL_IMAGE,UNEXECUTED_OR_NOT_REUSABLE,SAFE_OUTSTANDING_NOT_CLEAN_ASSET,V3_CRAWLING_QUADRUPED_SUPPORT_POSITIVE,PASS_EXPLICIT_POSTURE_CUE,positive,PROMPT_DERIVED_SYNTHETIC_GT,FROZEN_GENERATION_PROMPT_AND_PLANNED_ROLE,false,positive,false,NO_VERIFIED_REUSABLE_CLEAN_ASSET
P4D_PLAN::PF_P4D_HN_CRAWL_G005_V01,P4D_FROZEN_PLAN_440,PF_P4D_HN_CRAWL_G005_V01,,PF_P4D_HN_CRAWL_G005,NEW_DESIGN,EXCLUDE_NOT_REUSABLE,hard_negative,negative,crawling_quadruped_support,/home/yanbo/下载/batches/batch_person-fallen-v2-p4d-hardneg-rev1-camera1p5m/prompts/PF_P4D_HN_CRAWL_G005_V01.txt,53fdee98b89e5e43e566974070d1882b72450c84853739aca0b5363770f49727,53fdee98b89e5e43e566974070d1882b72450c84853739aca0b5363770f49727,,,,NOT_APPLICABLE_NO_FORMAL_IMAGE,UNEXECUTED_OR_NOT_REUSABLE,SAFE_OUTSTANDING_NOT_CLEAN_ASSET,V3_CRAWLING_QUADRUPED_SUPPORT_POSITIVE,PASS_EXPLICIT_POSTURE_CUE,positive,PROMPT_DERIVED_SYNTHETIC_GT,FROZEN_GENERATION_PROMPT_AND_PLANNED_ROLE,false,positive,false,NO_VERIFIED_REUSABLE_CLEAN_ASSET
P4D_PLAN::PF_P4D_HN_CRAWL_G005_V02,P4D_FROZEN_PLAN_440,PF_P4D_HN_CRAWL_G005_V02,,PF_P4D_HN_CRAWL_G005,NEW_DESIGN,EXCLUDE_NOT_REUSABLE,hard_negative,negative,crawling_quadruped_support,/home/yanbo/下载/batches/batch_person-fallen-v2-p4d-hardneg-rev1-camera1p5m/prompts/PF_P4D_HN_CRAWL_G005_V02.txt,95a5834b7fe9760ff74a3e4436a457b8603aa8a921a8e03bfc9262f084b41d67,95a5834b7fe9760ff74a3e4436a457b8603aa8a921a8e03bfc9262f084b41d67,,,,NOT_APPLICABLE_NO_FORMAL_IMAGE,UNEXECUTED_OR_NOT_REUSABLE,SAFE_OUTSTANDING_NOT_CLEAN_ASSET,V3_CRAWLING_QUADRUPED_SUPPORT_POSITIVE,PASS_EXPLICIT_POSTURE_CUE,positive,PROMPT_DERIVED_SYNTHETIC_GT,FROZEN_GENERATION_PROMPT_AND_PLANNED_ROLE,false,positive,false,NO_VERIFIED_REUSABLE_CLEAN_ASSET
P4D_PLAN::PF_P4D_HN_CRAWL_G005_V03,P4D_FROZEN_PLAN_440,PF_P4D_HN_CRAWL_G005_V03,,PF_P4D_HN_CRAWL_G005,NEW_DESIGN,EXCLUDE_NOT_REUSABLE,hard_negative,negative,crawling_quadruped_support,/home/yanbo/下载/batches/batch_person-fallen-v2-p4d-hardneg-rev1-camera1p5m/prompts/PF_P4D_HN_CRAWL_G005_V03.txt,b2d9b0143f569376a7f1c22e71c2358e42fe11a2f4e51c84e01e2a5dc8962957,b2d9b0143f569376a7f1c22e71c2358e42fe11a2f4e51c84e01e2a5dc8962957,,,,NOT_APPLICABLE_NO_FORMAL_IMAGE,UNEXECUTED_OR_NOT_REUSABLE,SAFE_OUTSTANDING_NOT_CLEAN_ASSET,V3_CRAWLING_QUADRUPED_SUPPORT_POSITIVE,PASS_EXPLICIT_POSTURE_CUE,positive,PROMPT_DERIVED_SYNTHETIC_GT,FROZEN_GENERATION_PROMPT_AND_PLANNED_ROLE,false,positive,false,NO_VERIFIED_REUSABLE_CLEAN_ASSET
P4D_PLAN::PF_P4D_HN_CRAWL_G005_V04,P4D_FROZEN_PLAN_440,PF_P4D_HN_CRAWL_G005_V04,,PF_P4D_HN_CRAWL_G005,NEW_DESIGN,EXCLUDE_NOT_REUSABLE,hard_negative,negative,crawling_quadruped_support,/home/yanbo/下载/batches/batch_person-fallen-v2-p4d-hardneg-rev1-camera1p5m/prompts/PF_P4D_HN_CRAWL_G005_V04.txt,5c988ca6fd2364e79e87175f24bcd54052c4379b8a20457dff31da40190fb658,5c988ca6fd2364e79e87175f24bcd54052c4379b8a20457dff31da40190fb658,,,,NOT_APPLICABLE_NO_FORMAL_IMAGE,UNEXECUTED_OR_NOT_REUSABLE,SAFE_OUTSTANDING_NOT_CLEAN_ASSET,V3_CRAWLING_QUADRUPED_SUPPORT_POSITIVE,PASS_EXPLICIT_POSTURE_CUE,positive,PROMPT_DERIVED_SYNTHETIC_GT,FROZEN_GENERATION_PROMPT_AND_PLANNED_ROLE,false,positive,false,NO_VERIFIED_REUSABLE_CLEAN_ASSET
P4D_PLAN::PF_P4D_HN_CRAWL_G005_V05,P4D_FROZEN_PLAN_440,PF_P4D_HN_CRAWL_G005_V05,,PF_P4D_HN_CRAWL_G005,NEW_DESIGN,EXCLUDE_NOT_REUSABLE,hard_negative,negative,crawling_quadruped_support,/home/yanbo/下载/batches/batch_person-fallen-v2-p4d-hardneg-rev1-camera1p5m/prompts/PF_P4D_HN_CRAWL_G005_V05.txt,b90a1c585129051fe8bc35aa4542f590249e7855eb6601b82e5086aff1e4ba2e,b90a1c585129051fe8bc35aa4542f590249e7855eb6601b82e5086aff1e4ba2e,,,,NOT_APPLICABLE_NO_FORMAL_IMAGE,UNEXECUTED_OR_NOT_REUSABLE,SAFE_OUTSTANDING_NOT_CLEAN_ASSET,V3_CRAWLING_QUADRUPED_SUPPORT_POSITIVE,PASS_EXPLICIT_POSTURE_CUE,positive,PROMPT_DERIVED_SYNTHETIC_GT,FROZEN_GENERATION_PROMPT_AND_PLANNED_ROLE,false,positive,false,NO_VERIFIED_REUSABLE_CLEAN_ASSET
P4D_PLAN::PF_P4D_HN_CRAWL_G006_V01,P4D_FROZEN_PLAN_440,PF_P4D_HN_CRAWL_G006_V01,,PF_P4D_HN_CRAWL_G006,NEW_SCREEN,AUXILIARY_DIAGNOSTIC_ONLY,hard_negative,negative,crawling_quadruped_support,/home/yanbo/下载/batches/batch_person-fallen-v2-p4d-hardneg-rev1-camera1p5m/prompts/PF_P4D_HN_CRAWL_G006_V01.txt,cc9fad8cdff58a52929d820c6c49c958eb2d838a6cb742b5077e5a920fe0499c,cc9fad8cdff58a52929d820c6c49c958eb2d838a6cb742b5077e5a920fe0499c,,,,NOT_APPLICABLE_NO_FORMAL_IMAGE,Q9_BINDING_BLOCKED,Q9_POSTRUN_CONFIG_BINDING_MISMATCH,V3_CRAWLING_QUADRUPED_SUPPORT_POSITIVE,PASS_EXPLICIT_POSTURE_CUE,positive,PROMPT_DERIVED_SYNTHETIC_GT,FROZEN_GENERATION_PROMPT_AND_PLANNED_ROLE,false,positive,false,Q9_BINDING_BLOCKED_NOT_FORMAL_V3_MAIN_METRICS
P4D_PLAN::PF_P4D_HN_CRAWL_G006_V02,P4D_FROZEN_PLAN_440,PF_P4D_HN_CRAWL_G006_V02,,PF_P4D_HN_CRAWL_G006,NEW_SCREEN,AUXILIARY_DIAGNOSTIC_ONLY,hard_negative,negative,crawling_quadruped_support,/home/yanbo/下载/batches/batch_person-fallen-v2-p4d-hardneg-rev1-camera1p5m/prompts/PF_P4D_HN_CRAWL_G006_V02.txt,80fa6a8acf524256f667f8154cea08ac8d1c33c54e27e9eb8df672786fff8303,80fa6a8acf524256f667f8154cea08ac8d1c33c54e27e9eb8df672786fff8303,,,,NOT_APPLICABLE_NO_FORMAL_IMAGE,Q9_BINDING_BLOCKED,Q9_POSTRUN_CONFIG_BINDING_MISMATCH,V3_CRAWLING_QUADRUPED_SUPPORT_POSITIVE,PASS_EXPLICIT_POSTURE_CUE,positive,PROMPT_DERIVED_SYNTHETIC_GT,FROZEN_GENERATION_PROMPT_AND_PLANNED_ROLE,false,positive,false,Q9_BINDING_BLOCKED_NOT_FORMAL_V3_MAIN_METRICS
P4D_PLAN::PF_P4D_HN_CRAWL_G006_V03,P4D_FROZEN_PLAN_440,PF_P4D_HN_CRAWL_G006_V03,,PF_P4D_HN_CRAWL_G006,NEW_SCREEN,AUXILIARY_DIAGNOSTIC_ONLY,hard_negative,negative,crawling_quadruped_support,/home/yanbo/下载/batches/batch_person-fallen-v2-p4d-hardneg-rev1-camera1p5m/prompts/PF_P4D_HN_CRAWL_G006_V03.txt,1773309acc37c9dbe282104c8b87624c6dcc60c02df3fde767d49d49e58d73bd,1773309acc37c9dbe282104c8b87624c6dcc60c02df3fde767d49d49e58d73bd,,,,NOT_APPLICABLE_NO_FORMAL_IMAGE,Q9_BINDING_BLOCKED,Q9_POSTRUN_CONFIG_BINDING_MISMATCH,V3_CRAWLING_QUADRUPED_SUPPORT_POSITIVE,PASS_EXPLICIT_POSTURE_CUE,positive,PROMPT_DERIVED_SYNTHETIC_GT,FROZEN_GENERATION_PROMPT_AND_PLANNED_ROLE,false,positive,false,Q9_BINDING_BLOCKED_NOT_FORMAL_V3_MAIN_METRICS
P4D_PLAN::PF_P4D_HN_CRAWL_G006_V04,P4D_FROZEN_PLAN_440,PF_P4D_HN_CRAWL_G006_V04,,PF_P4D_HN_CRAWL_G006,NEW_SCREEN,AUXILIARY_DIAGNOSTIC_ONLY,hard_negative,negative,crawling_quadruped_support,/home/yanbo/下载/batches/batch_person-fallen-v2-p4d-hardneg-rev1-camera1p5m/prompts/PF_P4D_HN_CRAWL_G006_V04.txt,615aedb2d60357e135ece4d5ad2f023835115a0f1917cf9f5a3bb982588cf0ce,615aedb2d60357e135ece4d5ad2f023835115a0f1917cf9f5a3bb982588cf0ce,,,,NOT_APPLICABLE_NO_FORMAL_IMAGE,Q9_BINDING_BLOCKED,Q9_POSTRUN_CONFIG_BINDING_MISMATCH,V3_CRAWLING_QUADRUPED_SUPPORT_POSITIVE,PASS_EXPLICIT_POSTURE_CUE,positive,PROMPT_DERIVED_SYNTHETIC_GT,FROZEN_GENERATION_PROMPT_AND_PLANNED_ROLE,false,positive,false,Q9_BINDING_BLOCKED_NOT_FORMAL_V3_MAIN_METRICS
P4D_PLAN::PF_P4D_HN_CRAWL_G006_V05,P4D_FROZEN_PLAN_440,PF_P4D_HN_CRAWL_G006_V05,,PF_P4D_HN_CRAWL_G006,NEW_SCREEN,AUXILIARY_DIAGNOSTIC_ONLY,hard_negative,negative,crawling_quadruped_support,/home/yanbo/下载/batches/batch_person-fallen-v2-p4d-hardneg-rev1-camera1p5m/prompts/PF_P4D_HN_CRAWL_G006_V05.txt,879e639eb0d089945adbbaff30dce467111b11cbca8c87a5c947abc36e2468c8,879e639eb0d089945adbbaff30dce467111b11cbca8c87a5c947abc36e2468c8,,,,NOT_APPLICABLE_NO_FORMAL_IMAGE,Q9_BINDING_BLOCKED,Q9_POSTRUN_CONFIG_BINDING_MISMATCH,V3_CRAWLING_QUADRUPED_SUPPORT_POSITIVE,PASS_EXPLICIT_POSTURE_CUE,positive,PROMPT_DERIVED_SYNTHETIC_GT,FROZEN_GENERATION_PROMPT_AND_PLANNED_ROLE,false,positive,false,Q9_BINDING_BLOCKED_NOT_FORMAL_V3_MAIN_METRICS
P4D_PLAN::PF_P4D_HN_CRAWL_G007_V01,P4D_FROZEN_PLAN_440,PF_P4D_HN_CRAWL_G007_V01,,PF_P4D_HN_CRAWL_G007,NEW_SCREEN,EXCLUDE_NOT_REUSABLE,hard_negative,negative,crawling_quadruped_support,/home/yanbo/下载/batches/batch_person-fallen-v2-p4d-hardneg-rev1-camera1p5m/prompts/PF_P4D_HN_CRAWL_G007_V01.txt,b1f0299ba99fdee2e3c2bbfc64b1a394153d5b067b8378d87abe54ae69c9fbcd,b1f0299ba99fdee2e3c2bbfc64b1a394153d5b067b8378d87abe54ae69c9fbcd,,,,NOT_APPLICABLE_NO_FORMAL_IMAGE,UNEXECUTED_OR_NOT_REUSABLE,SAFE_OUTSTANDING_NOT_CLEAN_ASSET,V3_CRAWLING_QUADRUPED_SUPPORT_POSITIVE,PASS_EXPLICIT_POSTURE_CUE,positive,PROMPT_DERIVED_SYNTHETIC_GT,FROZEN_GENERATION_PROMPT_AND_PLANNED_ROLE,false,positive,false,NO_VERIFIED_REUSABLE_CLEAN_ASSET
P4D_PLAN::PF_P4D_HN_CRAWL_G007_V02,P4D_FROZEN_PLAN_440,PF_P4D_HN_CRAWL_G007_V02,,PF_P4D_HN_CRAWL_G007,NEW_SCREEN,EXCLUDE_NOT_REUSABLE,hard_negative,negative,crawling_quadruped_support,/home/yanbo/下载/batches/batch_person-fallen-v2-p4d-hardneg-rev1-camera1p5m/prompts/PF_P4D_HN_CRAWL_G007_V02.txt,43518f74bf8a7e28d9ddb079a79685de21464ab6a6554ecd6cc56bc15f11522c,43518f74bf8a7e28d9ddb079a79685de21464ab6a6554ecd6cc56bc15f11522c,,,,NOT_APPLICABLE_NO_FORMAL_IMAGE,UNEXECUTED_OR_NOT_REUSABLE,SAFE_OUTSTANDING_NOT_CLEAN_ASSET,V3_CRAWLING_QUADRUPED_SUPPORT_POSITIVE,PASS_EXPLICIT_POSTURE_CUE,positive,PROMPT_DERIVED_SYNTHETIC_GT,FROZEN_GENERATION_PROMPT_AND_PLANNED_ROLE,false,positive,false,NO_VERIFIED_REUSABLE_CLEAN_ASSET
P4D_PLAN::PF_P4D_HN_CRAWL_G007_V03,P4D_FROZEN_PLAN_440,PF_P4D_HN_CRAWL_G007_V03,,PF_P4D_HN_CRAWL_G007,NEW_SCREEN,EXCLUDE_NOT_REUSABLE,hard_negative,negative,crawling_quadruped_support,/home/yanbo/下载/batches/batch_person-fallen-v2-p4d-hardneg-rev1-camera1p5m/prompts/PF_P4D_HN_CRAWL_G007_V03.txt,f90c8feb0cb4a85d60ed5d5038e0ad1eb5325a4469a1ca1b8aeadb2da897aaef,f90c8feb0cb4a85d60ed5d5038e0ad1eb5325a4469a1ca1b8aeadb2da897aaef,,,,NOT_APPLICABLE_NO_FORMAL_IMAGE,UNEXECUTED_OR_NOT_REUSABLE,SAFE_OUTSTANDING_NOT_CLEAN_ASSET,V3_CRAWLING_QUADRUPED_SUPPORT_POSITIVE,PASS_EXPLICIT_POSTURE_CUE,positive,PROMPT_DERIVED_SYNTHETIC_GT,FROZEN_GENERATION_PROMPT_AND_PLANNED_ROLE,false,positive,false,NO_VERIFIED_REUSABLE_CLEAN_ASSET
P4D_PLAN::PF_P4D_HN_CRAWL_G007_V04,P4D_FROZEN_PLAN_440,PF_P4D_HN_CRAWL_G007_V04,,PF_P4D_HN_CRAWL_G007,NEW_SCREEN,EXCLUDE_NOT_REUSABLE,hard_negative,negative,crawling_quadruped_support,/home/yanbo/下载/batches/batch_person-fallen-v2-p4d-hardneg-rev1-camera1p5m/prompts/PF_P4D_HN_CRAWL_G007_V04.txt,c25cfdcd02fd65fa6179bf2d55464ee5a677e4ac2d7972a1749fc7b40677a1bf,c25cfdcd02fd65fa6179bf2d55464ee5a677e4ac2d7972a1749fc7b40677a1bf,,,,NOT_APPLICABLE_NO_FORMAL_IMAGE,UNEXECUTED_OR_NOT_REUSABLE,SAFE_OUTSTANDING_NOT_CLEAN_ASSET,V3_CRAWLING_QUADRUPED_SUPPORT_POSITIVE,PASS_EXPLICIT_POSTURE_CUE,positive,PROMPT_DERIVED_SYNTHETIC_GT,FROZEN_GENERATION_PROMPT_AND_PLANNED_ROLE,false,positive,false,NO_VERIFIED_REUSABLE_CLEAN_ASSET
P4D_PLAN::PF_P4D_HN_CRAWL_G007_V05,P4D_FROZEN_PLAN_440,PF_P4D_HN_CRAWL_G007_V05,,PF_P4D_HN_CRAWL_G007,NEW_SCREEN,EXCLUDE_NOT_REUSABLE,hard_negative,negative,crawling_quadruped_support,/home/yanbo/下载/batches/batch_person-fallen-v2-p4d-hardneg-rev1-camera1p5m/prompts/PF_P4D_HN_CRAWL_G007_V05.txt,4871562dedc776835ced55817f3b233aeb05b5d637e000cfe9b8a140759871a8,4871562dedc776835ced55817f3b233aeb05b5d637e000cfe9b8a140759871a8,,,,NOT_APPLICABLE_NO_FORMAL_IMAGE,UNEXECUTED_OR_NOT_REUSABLE,SAFE_OUTSTANDING_NOT_CLEAN_ASSET,V3_CRAWLING_QUADRUPED_SUPPORT_POSITIVE,PASS_EXPLICIT_POSTURE_CUE,positive,PROMPT_DERIVED_SYNTHETIC_GT,FROZEN_GENERATION_PROMPT_AND_PLANNED_ROLE,false,positive,false,NO_VERIFIED_REUSABLE_CLEAN_ASSET
P4D_PLAN::PF_P4D_HN_CRAWL_G008_V01,P4D_FROZEN_PLAN_440,PF_P4D_HN_CRAWL_G008_V01,,PF_P4D_HN_CRAWL_G008,NEW_SCREEN,EXCLUDE_NOT_REUSABLE,hard_negative,negative,crawling_quadruped_support,/home/yanbo/下载/batches/batch_person-fallen-v2-p4d-hardneg-rev1-camera1p5m/prompts/PF_P4D_HN_CRAWL_G008_V01.txt,5e7ff475e1377454c54fc31ba63e2072cceb4c3520863b1a0cb3f497cc05f221,5e7ff475e1377454c54fc31ba63e2072cceb4c3520863b1a0cb3f497cc05f221,,,,NOT_APPLICABLE_NO_FORMAL_IMAGE,UNEXECUTED_OR_NOT_REUSABLE,SAFE_OUTSTANDING_NOT_CLEAN_ASSET,V3_CRAWLING_QUADRUPED_SUPPORT_POSITIVE,PASS_EXPLICIT_POSTURE_CUE,positive,PROMPT_DERIVED_SYNTHETIC_GT,FROZEN_GENERATION_PROMPT_AND_PLANNED_ROLE,false,positive,false,NO_VERIFIED_REUSABLE_CLEAN_ASSET
P4D_PLAN::PF_P4D_HN_CRAWL_G008_V02,P4D_FROZEN_PLAN_440,PF_P4D_HN_CRAWL_G008_V02,,PF_P4D_HN_CRAWL_G008,NEW_SCREEN,EXCLUDE_NOT_REUSABLE,hard_negative,negative,crawling_quadruped_support,/home/yanbo/下载/batches/batch_person-fallen-v2-p4d-hardneg-rev1-camera1p5m/prompts/PF_P4D_HN_CRAWL_G008_V02.txt,dc98cbfdf80055e5e70281b97a1966553bf80f3c4de7d1ce0cf905632dc436f6,dc98cbfdf80055e5e70281b97a1966553bf80f3c4de7d1ce0cf905632dc436f6,,,,NOT_APPLICABLE_NO_FORMAL_IMAGE,UNEXECUTED_OR_NOT_REUSABLE,SAFE_OUTSTANDING_NOT_CLEAN_ASSET,V3_CRAWLING_QUADRUPED_SUPPORT_POSITIVE,PASS_EXPLICIT_POSTURE_CUE,positive,PROMPT_DERIVED_SYNTHETIC_GT,FROZEN_GENERATION_PROMPT_AND_PLANNED_ROLE,false,positive,false,NO_VERIFIED_REUSABLE_CLEAN_ASSET
P4D_PLAN::PF_P4D_HN_CRAWL_G008_V03,P4D_FROZEN_PLAN_440,PF_P4D_HN_CRAWL_G008_V03,,PF_P4D_HN_CRAWL_G008,NEW_SCREEN,EXCLUDE_NOT_REUSABLE,hard_negative,negative,crawling_quadruped_support,/home/yanbo/下载/batches/batch_person-fallen-v2-p4d-hardneg-rev1-camera1p5m/prompts/PF_P4D_HN_CRAWL_G008_V03.txt,70ea202bbc3e6e58c66831b9b045ebc2b38b47e87352ba579805811dbd72a415,70ea202bbc3e6e58c66831b9b045ebc2b38b47e87352ba579805811dbd72a415,,,,NOT_APPLICABLE_NO_FORMAL_IMAGE,UNEXECUTED_OR_NOT_REUSABLE,SAFE_OUTSTANDING_NOT_CLEAN_ASSET,V3_CRAWLING_QUADRUPED_SUPPORT_POSITIVE,PASS_EXPLICIT_POSTURE_CUE,positive,PROMPT_DERIVED_SYNTHETIC_GT,FROZEN_GENERATION_PROMPT_AND_PLANNED_ROLE,false,positive,false,NO_VERIFIED_REUSABLE_CLEAN_ASSET
P4D_PLAN::PF_P4D_HN_CRAWL_G008_V04,P4D_FROZEN_PLAN_440,PF_P4D_HN_CRAWL_G008_V04,,PF_P4D_HN_CRAWL_G008,NEW_SCREEN,EXCLUDE_NOT_REUSABLE,hard_negative,negative,crawling_quadruped_support,/home/yanbo/下载/batches/batch_person-fallen-v2-p4d-hardneg-rev1-camera1p5m/prompts/PF_P4D_HN_CRAWL_G008_V04.txt,5123c46213b0f50714889a026b5a0b2eea8e39ec998210b5d818d0fa46683065,5123c46213b0f50714889a026b5a0b2eea8e39ec998210b5d818d0fa46683065,,,,NOT_APPLICABLE_NO_FORMAL_IMAGE,UNEXECUTED_OR_NOT_REUSABLE,SAFE_OUTSTANDING_NOT_CLEAN_ASSET,V3_CRAWLING_QUADRUPED_SUPPORT_POSITIVE,PASS_EXPLICIT_POSTURE_CUE,positive,PROMPT_DERIVED_SYNTHETIC_GT,FROZEN_GENERATION_PROMPT_AND_PLANNED_ROLE,false,positive,false,NO_VERIFIED_REUSABLE_CLEAN_ASSET
P4D_PLAN::PF_P4D_HN_CRAWL_G008_V05,P4D_FROZEN_PLAN_440,PF_P4D_HN_CRAWL_G008_V05,,PF_P4D_HN_CRAWL_G008,NEW_SCREEN,EXCLUDE_NOT_REUSABLE,hard_negative,negative,crawling_quadruped_support,/home/yanbo/下载/batches/batch_person-fallen-v2-p4d-hardneg-rev1-camera1p5m/prompts/PF_P4D_HN_CRAWL_G008_V05.txt,74d41f5325cc79e2a8ba7ebd6bc617769fefc543c3ba7ec9e1cdf3a4a71167b0,74d41f5325cc79e2a8ba7ebd6bc617769fefc543c3ba7ec9e1cdf3a4a71167b0,,,,NOT_APPLICABLE_NO_FORMAL_IMAGE,UNEXECUTED_OR_NOT_REUSABLE,SAFE_OUTSTANDING_NOT_CLEAN_ASSET,V3_CRAWLING_QUADRUPED_SUPPORT_POSITIVE,PASS_EXPLICIT_POSTURE_CUE,positive,PROMPT_DERIVED_SYNTHETIC_GT,FROZEN_GENERATION_PROMPT_AND_PLANNED_ROLE,false,positive,false,NO_VERIFIED_REUSABLE_CLEAN_ASSET
P4D_PLAN::PF_P4D_HN_MAINT_G001_V01,P4D_FROZEN_PLAN_440,PF_P4D_HN_MAINT_G001_V01,,PF_P4D_HN_MAINT_G001,NEW_DESIGN,AUXILIARY_DIAGNOSTIC_ONLY,hard_negative,negative,ground_maintenance,/home/yanbo/下载/batches/batch_person-fallen-v2-p4d-hardneg-rev1-camera1p5m/prompts/PF_P4D_HN_MAINT_G001_V01.txt,91adbfc1fbf881770550f71f4fc4c1e85068fb12146726ccfcda464c648195e9,91adbfc1fbf881770550f71f4fc4c1e85068fb12146726ccfcda464c648195e9,,,,NOT_APPLICABLE_NO_FORMAL_IMAGE,Q9_BINDING_BLOCKED,Q9_POSTRUN_CONFIG_BINDING_MISMATCH,V3_GROUND_MAINTENANCE_NEGATIVE,PASS_EXPLICIT_NEGATIVE_CUE,negative,PROMPT_DERIVED_SYNTHETIC_GT,FROZEN_GENERATION_PROMPT_AND_PLANNED_ROLE,false,hard_negative,false,Q9_BINDING_BLOCKED_NOT_FORMAL_V3_MAIN_METRICS
P4D_PLAN::PF_P4D_HN_MAINT_G001_V02,P4D_FROZEN_PLAN_440,PF_P4D_HN_MAINT_G001_V02,,PF_P4D_HN_MAINT_G001,NEW_DESIGN,AUXILIARY_DIAGNOSTIC_ONLY,hard_negative,negative,ground_maintenance,/home/yanbo/下载/batches/batch_person-fallen-v2-p4d-hardneg-rev1-camera1p5m/prompts/PF_P4D_HN_MAINT_G001_V02.txt,8962ddfc06082f6910cd970cd592b20d3f0447d5329a238f4663c7ddfe0b4481,8962ddfc06082f6910cd970cd592b20d3f0447d5329a238f4663c7ddfe0b4481,,,,NOT_APPLICABLE_NO_FORMAL_IMAGE,Q9_BINDING_BLOCKED,Q9_POSTRUN_CONFIG_BINDING_MISMATCH,V3_GROUND_MAINTENANCE_NEGATIVE,PASS_EXPLICIT_NEGATIVE_CUE,negative,PROMPT_DERIVED_SYNTHETIC_GT,FROZEN_GENERATION_PROMPT_AND_PLANNED_ROLE,false,hard_negative,false,Q9_BINDING_BLOCKED_NOT_FORMAL_V3_MAIN_METRICS
P4D_PLAN::PF_P4D_HN_MAINT_G001_V03,P4D_FROZEN_PLAN_440,PF_P4D_HN_MAINT_G001_V03,,PF_P4D_HN_MAINT_G001,NEW_DESIGN,AUXILIARY_DIAGNOSTIC_ONLY,hard_negative,negative,ground_maintenance,/home/yanbo/下载/batches/batch_person-fallen-v2-p4d-hardneg-rev1-camera1p5m/prompts/PF_P4D_HN_MAINT_G001_V03.txt,bc3a4312924474ecd6968f415b1863e2327d1748bafa51b377df80dbffc3b158,bc3a4312924474ecd6968f415b1863e2327d1748bafa51b377df80dbffc3b158,,,,NOT_APPLICABLE_NO_FORMAL_IMAGE,Q9_BINDING_BLOCKED,Q9_POSTRUN_CONFIG_BINDING_MISMATCH,V3_GROUND_MAINTENANCE_NEGATIVE,PASS_EXPLICIT_NEGATIVE_CUE,negative,PROMPT_DERIVED_SYNTHETIC_GT,FROZEN_GENERATION_PROMPT_AND_PLANNED_ROLE,false,hard_negative,false,Q9_BINDING_BLOCKED_NOT_FORMAL_V3_MAIN_METRICS
P4D_PLAN::PF_P4D_HN_MAINT_G001_V04,P4D_FROZEN_PLAN_440,PF_P4D_HN_MAINT_G001_V04,,PF_P4D_HN_MAINT_G001,NEW_DESIGN,AUXILIARY_DIAGNOSTIC_ONLY,hard_negative,negative,ground_maintenance,/home/yanbo/下载/batches/batch_person-fallen-v2-p4d-hardneg-rev1-camera1p5m/prompts/PF_P4D_HN_MAINT_G001_V04.txt,cfbb6676ab526dd38ef91d572bb85f82b9a17292e8fa19a12749fe914c6dab55,cfbb6676ab526dd38ef91d572bb85f82b9a17292e8fa19a12749fe914c6dab55,,,,NOT_APPLICABLE_NO_FORMAL_IMAGE,Q9_BINDING_BLOCKED,Q9_POSTRUN_CONFIG_BINDING_MISMATCH,V3_GROUND_MAINTENANCE_NEGATIVE,PASS_EXPLICIT_NEGATIVE_CUE,negative,PROMPT_DERIVED_SYNTHETIC_GT,FROZEN_GENERATION_PROMPT_AND_PLANNED_ROLE,false,hard_negative,false,Q9_BINDING_BLOCKED_NOT_FORMAL_V3_MAIN_METRICS
P4D_PLAN::PF_P4D_HN_MAINT_G001_V05,P4D_FROZEN_PLAN_440,PF_P4D_HN_MAINT_G001_V05,,PF_P4D_HN_MAINT_G001,NEW_DESIGN,AUXILIARY_DIAGNOSTIC_ONLY,hard_negative,negative,ground_maintenance,/home/yanbo/下载/batches/batch_person-fallen-v2-p4d-hardneg-rev1-camera1p5m/prompts/PF_P4D_HN_MAINT_G001_V05.txt,5b16499394514f87d56cdd1de17391ea48f1716cb2f1941d4730e51d60977ef4,5b16499394514f87d56cdd1de17391ea48f1716cb2f1941d4730e51d60977ef4,,,,NOT_APPLICABLE_NO_FORMAL_IMAGE,Q9_BINDING_BLOCKED,Q9_POSTRUN_CONFIG_BINDING_MISMATCH,V3_GROUND_MAINTENANCE_NEGATIVE,PASS_EXPLICIT_NEGATIVE_CUE,negative,PROMPT_DERIVED_SYNTHETIC_GT,FROZEN_GENERATION_PROMPT_AND_PLANNED_ROLE,false,hard_negative,false,Q9_BINDING_BLOCKED_NOT_FORMAL_V3_MAIN_METRICS
P4D_PLAN::PF_P4D_HN_MAINT_G002_V01,P4D_FROZEN_PLAN_440,PF_P4D_HN_MAINT_G002_V01,,PF_P4D_HN_MAINT_G002,NEW_DESIGN,V3_DEV,hard_negative,negative,ground_maintenance,/home/yanbo/下载/batches/batch_person-fallen-v2-p4d-hardneg-rev1-camera1p5m/prompts/PF_P4D_HN_MAINT_G002_V01.txt,fda9654ed4a695a3b3d23a9ad023cb098f4ef9e653637069b3e039c24fd44d2a,fda9654ed4a695a3b3d23a9ad023cb098f4ef9e653637069b3e039c24fd44d2a,/home/yanbo/net_vlm_person_fallen_v2_optimization/08_p4d_new_hard_negative_dev_revision/02_generation/gr3_fullregen/06_execution/quota_campaign_window_07_gr3q10_authorized_20260901_01/08_final/PF_P4D_HN_MAINT_G002_V01.png,dfc2f92acc2172dbd0b24b6d6cc69d894fbb483c34dde182d44e61c403e15678,dfc2f92acc2172dbd0b24b6d6cc69d894fbb483c34dde182d44e61c403e15678,FAST_CLOSE_EXPECTED_AND_ACTUAL,REUSABLE_P4D_CLEAN_FAST_CLOSE,P4D_FAST_CLOSE_PROVENANCE_MECHANICAL_LINEAGE_PASS,V3_GROUND_MAINTENANCE_NEGATIVE,PASS_EXPLICIT_NEGATIVE_CUE,negative,PROMPT_DERIVED_SYNTHETIC_GT,FROZEN_GENERATION_PROMPT_AND_PLANNED_ROLE,false,hard_negative,true,
P4D_PLAN::PF_P4D_HN_MAINT_G002_V02,P4D_FROZEN_PLAN_440,PF_P4D_HN_MAINT_G002_V02,,PF_P4D_HN_MAINT_G002,NEW_DESIGN,V3_DEV,hard_negative,negative,ground_maintenance,/home/yanbo/下载/batches/batch_person-fallen-v2-p4d-hardneg-rev1-camera1p5m/prompts/PF_P4D_HN_MAINT_G002_V02.txt,0c2f7ba91cfc9348ab6dd47ddb4092815bba9ca820d09b57ce03bb6ce69d8588,0c2f7ba91cfc9348ab6dd47ddb4092815bba9ca820d09b57ce03bb6ce69d8588,/home/yanbo/net_vlm_person_fallen_v2_optimization/08_p4d_new_hard_negative_dev_revision/02_generation/gr3_fullregen/06_execution/quota_campaign_window_07_gr3q10_authorized_20260901_01/08_final/PF_P4D_HN_MAINT_G002_V02.png,08511bbc5ba1673bf1ad56497872080e7da1d20dffee469e4f44021a97388e35,08511bbc5ba1673bf1ad56497872080e7da1d20dffee469e4f44021a97388e35,FAST_CLOSE_EXPECTED_AND_ACTUAL,REUSABLE_P4D_CLEAN_FAST_CLOSE,P4D_FAST_CLOSE_PROVENANCE_MECHANICAL_LINEAGE_PASS,V3_GROUND_MAINTENANCE_NEGATIVE,PASS_EXPLICIT_NEGATIVE_CUE,negative,PROMPT_DERIVED_SYNTHETIC_GT,FROZEN_GENERATION_PROMPT_AND_PLANNED_ROLE,false,hard_negative,true,
P4D_PLAN::PF_P4D_HN_MAINT_G002_V03,P4D_FROZEN_PLAN_440,PF_P4D_HN_MAINT_G002_V03,,PF_P4D_HN_MAINT_G002,NEW_DESIGN,V3_DEV,hard_negative,negative,ground_maintenance,/home/yanbo/下载/batches/batch_person-fallen-v2-p4d-hardneg-rev1-camera1p5m/prompts/PF_P4D_HN_MAINT_G002_V03.txt,b3fea8be48fc6389aa5415abce9b8a4b13cf9860a3f1a0f2a90e96d2e502a50f,b3fea8be48fc6389aa5415abce9b8a4b13cf9860a3f1a0f2a90e96d2e502a50f,/home/yanbo/net_vlm_person_fallen_v2_optimization/08_p4d_new_hard_negative_dev_revision/02_generation/gr3_fullregen/06_execution/quota_campaign_window_07_gr3q10_authorized_20260901_01/08_final/PF_P4D_HN_MAINT_G002_V03.png,1145eb0ad1714941dbb6a018e8322ea40e8ff6cf43365c9d3365e6bb8d1dfb87,1145eb0ad1714941dbb6a018e8322ea40e8ff6cf43365c9d3365e6bb8d1dfb87,FAST_CLOSE_EXPECTED_AND_ACTUAL,REUSABLE_P4D_CLEAN_FAST_CLOSE,P4D_FAST_CLOSE_PROVENANCE_MECHANICAL_LINEAGE_PASS,V3_GROUND_MAINTENANCE_NEGATIVE,PASS_EXPLICIT_NEGATIVE_CUE,negative,PROMPT_DERIVED_SYNTHETIC_GT,FROZEN_GENERATION_PROMPT_AND_PLANNED_ROLE,false,hard_negative,true,
P4D_PLAN::PF_P4D_HN_MAINT_G002_V04,P4D_FROZEN_PLAN_440,PF_P4D_HN_MAINT_G002_V04,,PF_P4D_HN_MAINT_G002,NEW_DESIGN,V3_DEV,hard_negative,negative,ground_maintenance,/home/yanbo/下载/batches/batch_person-fallen-v2-p4d-hardneg-rev1-camera1p5m/prompts/PF_P4D_HN_MAINT_G002_V04.txt,22b2cff421b19f6e2f6c10fbada4dea5e1b6979e5b289ce47326fb47895b2087,22b2cff421b19f6e2f6c10fbada4dea5e1b6979e5b289ce47326fb47895b2087,/home/yanbo/net_vlm_person_fallen_v2_optimization/08_p4d_new_hard_negative_dev_revision/02_generation/gr3_fullregen/06_execution/quota_campaign_window_07_gr3q10_authorized_20260901_01/08_final/PF_P4D_HN_MAINT_G002_V04.png,4aa4cf12aab73222da8460691afc237653b99f12174f0f16cc74393a7cf8a4fe,4aa4cf12aab73222da8460691afc237653b99f12174f0f16cc74393a7cf8a4fe,FAST_CLOSE_EXPECTED_AND_ACTUAL,REUSABLE_P4D_CLEAN_FAST_CLOSE,P4D_FAST_CLOSE_PROVENANCE_MECHANICAL_LINEAGE_PASS,V3_GROUND_MAINTENANCE_NEGATIVE,PASS_EXPLICIT_NEGATIVE_CUE,negative,PROMPT_DERIVED_SYNTHETIC_GT,FROZEN_GENERATION_PROMPT_AND_PLANNED_ROLE,false,hard_negative,true,
P4D_PLAN::PF_P4D_HN_MAINT_G002_V05,P4D_FROZEN_PLAN_440,PF_P4D_HN_MAINT_G002_V05,,PF_P4D_HN_MAINT_G002,NEW_DESIGN,V3_DEV,hard_negative,negative,ground_maintenance,/home/yanbo/下载/batches/batch_person-fallen-v2-p4d-hardneg-rev1-camera1p5m/prompts/PF_P4D_HN_MAINT_G002_V05.txt,7e94ca0930077334e5977e00b82dcd457cf58553bff426d74e8e55d130afa438,7e94ca0930077334e5977e00b82dcd457cf58553bff426d74e8e55d130afa438,/home/yanbo/net_vlm_person_fallen_v2_optimization/08_p4d_new_hard_negative_dev_revision/02_generation/gr3_fullregen/06_execution/quota_campaign_window_07_gr3q10_authorized_20260901_01/08_final/PF_P4D_HN_MAINT_G002_V05.png,de2f4da24c5c9085bcef4ec43aaf19f2d2ecf24e86ac817edbe3384672fb51dd,de2f4da24c5c9085bcef4ec43aaf19f2d2ecf24e86ac817edbe3384672fb51dd,FAST_CLOSE_EXPECTED_AND_ACTUAL,REUSABLE_P4D_CLEAN_FAST_CLOSE,P4D_FAST_CLOSE_PROVENANCE_MECHANICAL_LINEAGE_PASS,V3_GROUND_MAINTENANCE_NEGATIVE,PASS_EXPLICIT_NEGATIVE_CUE,negative,PROMPT_DERIVED_SYNTHETIC_GT,FROZEN_GENERATION_PROMPT_AND_PLANNED_ROLE,false,hard_negative,true,
P4D_PLAN::PF_P4D_HN_MAINT_G003_V01,P4D_FROZEN_PLAN_440,PF_P4D_HN_MAINT_G003_V01,,PF_P4D_HN_MAINT_G003,NEW_DESIGN,EXCLUDE_NOT_REUSABLE,hard_negative,negative,ground_maintenance,/home/yanbo/下载/batches/batch_person-fallen-v2-p4d-hardneg-rev1-camera1p5m/prompts/PF_P4D_HN_MAINT_G003_V01.txt,e69353de5b53f2b10edea2f5bef5486c469077d986c90ee9ff04ca67d3a6660d,e69353de5b53f2b10edea2f5bef5486c469077d986c90ee9ff04ca67d3a6660d,,,,NOT_APPLICABLE_NO_FORMAL_IMAGE,UNEXECUTED_OR_NOT_REUSABLE,SAFE_OUTSTANDING_NOT_CLEAN_ASSET,V3_GROUND_MAINTENANCE_NEGATIVE,PASS_EXPLICIT_NEGATIVE_CUE,negative,PROMPT_DERIVED_SYNTHETIC_GT,FROZEN_GENERATION_PROMPT_AND_PLANNED_ROLE,false,hard_negative,false,NO_VERIFIED_REUSABLE_CLEAN_ASSET
P4D_PLAN::PF_P4D_HN_MAINT_G003_V02,P4D_FROZEN_PLAN_440,PF_P4D_HN_MAINT_G003_V02,,PF_P4D_HN_MAINT_G003,NEW_DESIGN,EXCLUDE_NOT_REUSABLE,hard_negative,negative,ground_maintenance,/home/yanbo/下载/batches/batch_person-fallen-v2-p4d-hardneg-rev1-camera1p5m/prompts/PF_P4D_HN_MAINT_G003_V02.txt,a2c63230cdc3dbcdc2c408a13cf9cde00a5e0952c94d6bcb9c89966efc9c9480,a2c63230cdc3dbcdc2c408a13cf9cde00a5e0952c94d6bcb9c89966efc9c9480,,,,NOT_APPLICABLE_NO_FORMAL_IMAGE,UNEXECUTED_OR_NOT_REUSABLE,SAFE_OUTSTANDING_NOT_CLEAN_ASSET,V3_GROUND_MAINTENANCE_NEGATIVE,PASS_EXPLICIT_NEGATIVE_CUE,negative,PROMPT_DERIVED_SYNTHETIC_GT,FROZEN_GENERATION_PROMPT_AND_PLANNED_ROLE,false,hard_negative,false,NO_VERIFIED_REUSABLE_CLEAN_ASSET
P4D_PLAN::PF_P4D_HN_MAINT_G003_V03,P4D_FROZEN_PLAN_440,PF_P4D_HN_MAINT_G003_V03,,PF_P4D_HN_MAINT_G003,NEW_DESIGN,EXCLUDE_NOT_REUSABLE,hard_negative,negative,ground_maintenance,/home/yanbo/下载/batches/batch_person-fallen-v2-p4d-hardneg-rev1-camera1p5m/prompts/PF_P4D_HN_MAINT_G003_V03.txt,626870e7b640d3f03ca3fec38faa7531f807e6acba76033588e3e5ba53b76c5b,626870e7b640d3f03ca3fec38faa7531f807e6acba76033588e3e5ba53b76c5b,,,,NOT_APPLICABLE_NO_FORMAL_IMAGE,UNEXECUTED_OR_NOT_REUSABLE,SAFE_OUTSTANDING_NOT_CLEAN_ASSET,V3_GROUND_MAINTENANCE_NEGATIVE,PASS_EXPLICIT_NEGATIVE_CUE,negative,PROMPT_DERIVED_SYNTHETIC_GT,FROZEN_GENERATION_PROMPT_AND_PLANNED_ROLE,false,hard_negative,false,NO_VERIFIED_REUSABLE_CLEAN_ASSET
P4D_PLAN::PF_P4D_HN_MAINT_G003_V04,P4D_FROZEN_PLAN_440,PF_P4D_HN_MAINT_G003_V04,,PF_P4D_HN_MAINT_G003,NEW_DESIGN,EXCLUDE_NOT_REUSABLE,hard_negative,negative,ground_maintenance,/home/yanbo/下载/batches/batch_person-fallen-v2-p4d-hardneg-rev1-camera1p5m/prompts/PF_P4D_HN_MAINT_G003_V04.txt,dae01d615e7c3b2b89607eb23b1fff49a42708aa62a3af28897d2eb76bd92048,dae01d615e7c3b2b89607eb23b1fff49a42708aa62a3af28897d2eb76bd92048,,,,NOT_APPLICABLE_NO_FORMAL_IMAGE,UNEXECUTED_OR_NOT_REUSABLE,SAFE_OUTSTANDING_NOT_CLEAN_ASSET,V3_GROUND_MAINTENANCE_NEGATIVE,PASS_EXPLICIT_NEGATIVE_CUE,negative,PROMPT_DERIVED_SYNTHETIC_GT,FROZEN_GENERATION_PROMPT_AND_PLANNED_ROLE,false,hard_negative,false,NO_VERIFIED_REUSABLE_CLEAN_ASSET
P4D_PLAN::PF_P4D_HN_MAINT_G003_V05,P4D_FROZEN_PLAN_440,PF_P4D_HN_MAINT_G003_V05,,PF_P4D_HN_MAINT_G003,NEW_DESIGN,EXCLUDE_NOT_REUSABLE,hard_negative,negative,ground_maintenance,/home/yanbo/下载/batches/batch_person-fallen-v2-p4d-hardneg-rev1-camera1p5m/prompts/PF_P4D_HN_MAINT_G003_V05.txt,bc53e9d46e03f6955c20294718a1e9b16ccb531df440ac9424ccb8f1a6998b9b,bc53e9d46e03f6955c20294718a1e9b16ccb531df440ac9424ccb8f1a6998b9b,,,,NOT_APPLICABLE_NO_FORMAL_IMAGE,UNEXECUTED_OR_NOT_REUSABLE,SAFE_OUTSTANDING_NOT_CLEAN_ASSET,V3_GROUND_MAINTENANCE_NEGATIVE,PASS_EXPLICIT_NEGATIVE_CUE,negative,PROMPT_DERIVED_SYNTHETIC_GT,FROZEN_GENERATION_PROMPT_AND_PLANNED_ROLE,false,hard_negative,false,NO_VERIFIED_REUSABLE_CLEAN_ASSET
P4D_PLAN::PF_P4D_HN_MAINT_G004_V01,P4D_FROZEN_PLAN_440,PF_P4D_HN_MAINT_G004_V01,,PF_P4D_HN_MAINT_G004,NEW_DESIGN,EXCLUDE_NOT_REUSABLE,hard_negative,negative,ground_maintenance,/home/yanbo/下载/batches/batch_person-fallen-v2-p4d-hardneg-rev1-camera1p5m/prompts/PF_P4D_HN_MAINT_G004_V01.txt,d7a9923d9ba2676708f17886680384b5161126b0feb93bf9b05b7070bd552243,d7a9923d9ba2676708f17886680384b5161126b0feb93bf9b05b7070bd552243,,,,NOT_APPLICABLE_NO_FORMAL_IMAGE,UNEXECUTED_OR_NOT_REUSABLE,SAFE_OUTSTANDING_NOT_CLEAN_ASSET,V3_GROUND_MAINTENANCE_NEGATIVE,PASS_EXPLICIT_NEGATIVE_CUE,negative,PROMPT_DERIVED_SYNTHETIC_GT,FROZEN_GENERATION_PROMPT_AND_PLANNED_ROLE,false,hard_negative,false,NO_VERIFIED_REUSABLE_CLEAN_ASSET
P4D_PLAN::PF_P4D_HN_MAINT_G004_V02,P4D_FROZEN_PLAN_440,PF_P4D_HN_MAINT_G004_V02,,PF_P4D_HN_MAINT_G004,NEW_DESIGN,EXCLUDE_NOT_REUSABLE,hard_negative,negative,ground_maintenance,/home/yanbo/下载/batches/batch_person-fallen-v2-p4d-hardneg-rev1-camera1p5m/prompts/PF_P4D_HN_MAINT_G004_V02.txt,e9904c5e01583308f04dbc0dc856046b6968439982a3f70e9360a1b5c3a79987,e9904c5e01583308f04dbc0dc856046b6968439982a3f70e9360a1b5c3a79987,,,,NOT_APPLICABLE_NO_FORMAL_IMAGE,UNEXECUTED_OR_NOT_REUSABLE,SAFE_OUTSTANDING_NOT_CLEAN_ASSET,V3_GROUND_MAINTENANCE_NEGATIVE,PASS_EXPLICIT_NEGATIVE_CUE,negative,PROMPT_DERIVED_SYNTHETIC_GT,FROZEN_GENERATION_PROMPT_AND_PLANNED_ROLE,false,hard_negative,false,NO_VERIFIED_REUSABLE_CLEAN_ASSET
P4D_PLAN::PF_P4D_HN_MAINT_G004_V03,P4D_FROZEN_PLAN_440,PF_P4D_HN_MAINT_G004_V03,,PF_P4D_HN_MAINT_G004,NEW_DESIGN,EXCLUDE_NOT_REUSABLE,hard_negative,negative,ground_maintenance,/home/yanbo/下载/batches/batch_person-fallen-v2-p4d-hardneg-rev1-camera1p5m/prompts/PF_P4D_HN_MAINT_G004_V03.txt,eea75a39bf6546302ed7db88050ad68b9045dd8597992bdcee75cb3fe1a8d929,eea75a39bf6546302ed7db88050ad68b9045dd8597992bdcee75cb3fe1a8d929,,,,NOT_APPLICABLE_NO_FORMAL_IMAGE,UNEXECUTED_OR_NOT_REUSABLE,SAFE_OUTSTANDING_NOT_CLEAN_ASSET,V3_GROUND_MAINTENANCE_NEGATIVE,PASS_EXPLICIT_NEGATIVE_CUE,negative,PROMPT_DERIVED_SYNTHETIC_GT,FROZEN_GENERATION_PROMPT_AND_PLANNED_ROLE,false,hard_negative,false,NO_VERIFIED_REUSABLE_CLEAN_ASSET
P4D_PLAN::PF_P4D_HN_MAINT_G004_V04,P4D_FROZEN_PLAN_440,PF_P4D_HN_MAINT_G004_V04,,PF_P4D_HN_MAINT_G004,NEW_DESIGN,EXCLUDE_NOT_REUSABLE,hard_negative,negative,ground_maintenance,/home/yanbo/下载/batches/batch_person-fallen-v2-p4d-hardneg-rev1-camera1p5m/prompts/PF_P4D_HN_MAINT_G004_V04.txt,3ea0c75102d36b2fabfb214f0a98a18ba6577ada96a5dd340cb6434f9a93e544,3ea0c75102d36b2fabfb214f0a98a18ba6577ada96a5dd340cb6434f9a93e544,,,,NOT_APPLICABLE_NO_FORMAL_IMAGE,UNEXECUTED_OR_NOT_REUSABLE,SAFE_OUTSTANDING_NOT_CLEAN_ASSET,V3_GROUND_MAINTENANCE_NEGATIVE,PASS_EXPLICIT_NEGATIVE_CUE,negative,PROMPT_DERIVED_SYNTHETIC_GT,FROZEN_GENERATION_PROMPT_AND_PLANNED_ROLE,false,hard_negative,false,NO_VERIFIED_REUSABLE_CLEAN_ASSET
P4D_PLAN::PF_P4D_HN_MAINT_G004_V05,P4D_FROZEN_PLAN_440,PF_P4D_HN_MAINT_G004_V05,,PF_P4D_HN_MAINT_G004,NEW_DESIGN,EXCLUDE_NOT_REUSABLE,hard_negative,negative,ground_maintenance,/home/yanbo/下载/batches/batch_person-fallen-v2-p4d-hardneg-rev1-camera1p5m/prompts/PF_P4D_HN_MAINT_G004_V05.txt,0fa29609718b1dbfda46a3bba91d33701ed6e5c174b8010446b5eb66be943ef4,0fa29609718b1dbfda46a3bba91d33701ed6e5c174b8010446b5eb66be943ef4,,,,NOT_APPLICABLE_NO_FORMAL_IMAGE,UNEXECUTED_OR_NOT_REUSABLE,SAFE_OUTSTANDING_NOT_CLEAN_ASSET,V3_GROUND_MAINTENANCE_NEGATIVE,PASS_EXPLICIT_NEGATIVE_CUE,negative,PROMPT_DERIVED_SYNTHETIC_GT,FROZEN_GENERATION_PROMPT_AND_PLANNED_ROLE,false,hard_negative,false,NO_VERIFIED_REUSABLE_CLEAN_ASSET
P4D_PLAN::PF_P4D_HN_MAINT_G005_V01,P4D_FROZEN_PLAN_440,PF_P4D_HN_MAINT_G005_V01,,PF_P4D_HN_MAINT_G005,NEW_DESIGN,EXCLUDE_NOT_REUSABLE,hard_negative,negative,ground_maintenance,/home/yanbo/下载/batches/batch_person-fallen-v2-p4d-hardneg-rev1-camera1p5m/prompts/PF_P4D_HN_MAINT_G005_V01.txt,5864830d8cbfacc1846d82845d62d811685a0c47cc2268635b17a2170446088e,5864830d8cbfacc1846d82845d62d811685a0c47cc2268635b17a2170446088e,,,,NOT_APPLICABLE_NO_FORMAL_IMAGE,UNEXECUTED_OR_NOT_REUSABLE,SAFE_OUTSTANDING_NOT_CLEAN_ASSET,V3_GROUND_MAINTENANCE_NEGATIVE,PASS_EXPLICIT_NEGATIVE_CUE,negative,PROMPT_DERIVED_SYNTHETIC_GT,FROZEN_GENERATION_PROMPT_AND_PLANNED_ROLE,false,hard_negative,false,NO_VERIFIED_REUSABLE_CLEAN_ASSET
P4D_PLAN::PF_P4D_HN_MAINT_G005_V02,P4D_FROZEN_PLAN_440,PF_P4D_HN_MAINT_G005_V02,,PF_P4D_HN_MAINT_G005,NEW_DESIGN,EXCLUDE_NOT_REUSABLE,hard_negative,negative,ground_maintenance,/home/yanbo/下载/batches/batch_person-fallen-v2-p4d-hardneg-rev1-camera1p5m/prompts/PF_P4D_HN_MAINT_G005_V02.txt,99cc029c1bff2a0997ce650addcde5843a164343e6550cdeb9a9f1b674fd32f1,99cc029c1bff2a0997ce650addcde5843a164343e6550cdeb9a9f1b674fd32f1,,,,NOT_APPLICABLE_NO_FORMAL_IMAGE,UNEXECUTED_OR_NOT_REUSABLE,SAFE_OUTSTANDING_NOT_CLEAN_ASSET,V3_GROUND_MAINTENANCE_NEGATIVE,PASS_EXPLICIT_NEGATIVE_CUE,negative,PROMPT_DERIVED_SYNTHETIC_GT,FROZEN_GENERATION_PROMPT_AND_PLANNED_ROLE,false,hard_negative,false,NO_VERIFIED_REUSABLE_CLEAN_ASSET
P4D_PLAN::PF_P4D_HN_MAINT_G005_V03,P4D_FROZEN_PLAN_440,PF_P4D_HN_MAINT_G005_V03,,PF_P4D_HN_MAINT_G005,NEW_DESIGN,EXCLUDE_NOT_REUSABLE,hard_negative,negative,ground_maintenance,/home/yanbo/下载/batches/batch_person-fallen-v2-p4d-hardneg-rev1-camera1p5m/prompts/PF_P4D_HN_MAINT_G005_V03.txt,10e99f36563edd5c75f5ac90dd04af905be1dbecb2294d2b91cd350998ca31d6,10e99f36563edd5c75f5ac90dd04af905be1dbecb2294d2b91cd350998ca31d6,,,,NOT_APPLICABLE_NO_FORMAL_IMAGE,UNEXECUTED_OR_NOT_REUSABLE,SAFE_OUTSTANDING_NOT_CLEAN_ASSET,V3_GROUND_MAINTENANCE_NEGATIVE,PASS_EXPLICIT_NEGATIVE_CUE,negative,PROMPT_DERIVED_SYNTHETIC_GT,FROZEN_GENERATION_PROMPT_AND_PLANNED_ROLE,false,hard_negative,false,NO_VERIFIED_REUSABLE_CLEAN_ASSET
P4D_PLAN::PF_P4D_HN_MAINT_G005_V04,P4D_FROZEN_PLAN_440,PF_P4D_HN_MAINT_G005_V04,,PF_P4D_HN_MAINT_G005,NEW_DESIGN,EXCLUDE_NOT_REUSABLE,hard_negative,negative,ground_maintenance,/home/yanbo/下载/batches/batch_person-fallen-v2-p4d-hardneg-rev1-camera1p5m/prompts/PF_P4D_HN_MAINT_G005_V04.txt,d4b23cd5f1f54f1cde4ac2e0c15e9b7e4c0a78e91e33f06b82c1c71d3581cda5,d4b23cd5f1f54f1cde4ac2e0c15e9b7e4c0a78e91e33f06b82c1c71d3581cda5,,,,NOT_APPLICABLE_NO_FORMAL_IMAGE,UNEXECUTED_OR_NOT_REUSABLE,SAFE_OUTSTANDING_NOT_CLEAN_ASSET,V3_GROUND_MAINTENANCE_NEGATIVE,PASS_EXPLICIT_NEGATIVE_CUE,negative,PROMPT_DERIVED_SYNTHETIC_GT,FROZEN_GENERATION_PROMPT_AND_PLANNED_ROLE,false,hard_negative,false,NO_VERIFIED_REUSABLE_CLEAN_ASSET
P4D_PLAN::PF_P4D_HN_MAINT_G005_V05,P4D_FROZEN_PLAN_440,PF_P4D_HN_MAINT_G005_V05,,PF_P4D_HN_MAINT_G005,NEW_DESIGN,EXCLUDE_NOT_REUSABLE,hard_negative,negative,ground_maintenance,/home/yanbo/下载/batches/batch_person-fallen-v2-p4d-hardneg-rev1-camera1p5m/prompts/PF_P4D_HN_MAINT_G005_V05.txt,11e6772e5d7ab8f3cf994130bff7605219e6dc4fc7ed031b019e966a6bd4bd4a,11e6772e5d7ab8f3cf994130bff7605219e6dc4fc7ed031b019e966a6bd4bd4a,,,,NOT_APPLICABLE_NO_FORMAL_IMAGE,UNEXECUTED_OR_NOT_REUSABLE,SAFE_OUTSTANDING_NOT_CLEAN_ASSET,V3_GROUND_MAINTENANCE_NEGATIVE,PASS_EXPLICIT_NEGATIVE_CUE,negative,PROMPT_DERIVED_SYNTHETIC_GT,FROZEN_GENERATION_PROMPT_AND_PLANNED_ROLE,false,hard_negative,false,NO_VERIFIED_REUSABLE_CLEAN_ASSET
P4D_PLAN::PF_P4D_HN_MAINT_G006_V01,P4D_FROZEN_PLAN_440,PF_P4D_HN_MAINT_G006_V01,,PF_P4D_HN_MAINT_G006,NEW_SCREEN,V3_SCREEN,hard_negative,negative,ground_maintenance,/home/yanbo/下载/batches/batch_person-fallen-v2-p4d-hardneg-rev1-camera1p5m/prompts/PF_P4D_HN_MAINT_G006_V01.txt,ef9fdb69acc4b16cdfd8d7e79a35eee5917e8f1fe87d81685f7f2eafde33c78d,ef9fdb69acc4b16cdfd8d7e79a35eee5917e8f1fe87d81685f7f2eafde33c78d,/home/yanbo/net_vlm_person_fallen_v2_optimization/08_p4d_new_hard_negative_dev_revision/02_generation/gr3_fullregen/06_execution/quota_campaign_window_03_gr3q6_authorized_20260831_01/08_final/PF_P4D_HN_MAINT_G006_V01.png,e3c695d7477ac6d23fdc3355705576187733d5cc318428d35dc6650438af829f,e3c695d7477ac6d23fdc3355705576187733d5cc318428d35dc6650438af829f,FAST_CLOSE_EXPECTED_AND_ACTUAL,REUSABLE_P4D_CLEAN_FAST_CLOSE,P4D_FAST_CLOSE_PROVENANCE_MECHANICAL_LINEAGE_PASS,V3_GROUND_MAINTENANCE_NEGATIVE,PASS_EXPLICIT_NEGATIVE_CUE,negative,PROMPT_DERIVED_SYNTHETIC_GT,FROZEN_GENERATION_PROMPT_AND_PLANNED_ROLE,false,hard_negative,true,
P4D_PLAN::PF_P4D_HN_MAINT_G006_V02,P4D_FROZEN_PLAN_440,PF_P4D_HN_MAINT_G006_V02,,PF_P4D_HN_MAINT_G006,NEW_SCREEN,EXCLUDE_NOT_REUSABLE,hard_negative,negative,ground_maintenance,/home/yanbo/下载/batches/batch_person-fallen-v2-p4d-hardneg-rev1-camera1p5m/prompts/PF_P4D_HN_MAINT_G006_V02.txt,59327699ee28bc1c884bce2d23513ba57fdb40eab6d3b0db3d18b9bd91285230,59327699ee28bc1c884bce2d23513ba57fdb40eab6d3b0db3d18b9bd91285230,,,,NOT_APPLICABLE_NO_FORMAL_IMAGE,COMPLETION_UNKNOWN_QUARANTINED,COMPLETION_UNKNOWN_FAIL_CLOSED,V3_GROUND_MAINTENANCE_NEGATIVE,PASS_EXPLICIT_NEGATIVE_CUE,negative,PROMPT_DERIVED_SYNTHETIC_GT,FROZEN_GENERATION_PROMPT_AND_PLANNED_ROLE,false,hard_negative,false,COMPLETION_UNKNOWN_EXCLUDED_AND_NOT_RESENT
P4D_PLAN::PF_P4D_HN_MAINT_G006_V03,P4D_FROZEN_PLAN_440,PF_P4D_HN_MAINT_G006_V03,,PF_P4D_HN_MAINT_G006,NEW_SCREEN,EXCLUDE_NOT_REUSABLE,hard_negative,negative,ground_maintenance,/home/yanbo/下载/batches/batch_person-fallen-v2-p4d-hardneg-rev1-camera1p5m/prompts/PF_P4D_HN_MAINT_G006_V03.txt,acacfabee4774bbfdc6b45bfa2d9effe4b347f5f01c248c705fbd1a81561daa0,acacfabee4774bbfdc6b45bfa2d9effe4b347f5f01c248c705fbd1a81561daa0,,,,NOT_APPLICABLE_NO_FORMAL_IMAGE,UNEXECUTED_OR_NOT_REUSABLE,SAFE_OUTSTANDING_NOT_CLEAN_ASSET,V3_GROUND_MAINTENANCE_NEGATIVE,PASS_EXPLICIT_NEGATIVE_CUE,negative,PROMPT_DERIVED_SYNTHETIC_GT,FROZEN_GENERATION_PROMPT_AND_PLANNED_ROLE,false,hard_negative,false,NO_VERIFIED_REUSABLE_CLEAN_ASSET
P4D_PLAN::PF_P4D_HN_MAINT_G006_V04,P4D_FROZEN_PLAN_440,PF_P4D_HN_MAINT_G006_V04,,PF_P4D_HN_MAINT_G006,NEW_SCREEN,EXCLUDE_NOT_REUSABLE,hard_negative,negative,ground_maintenance,/home/yanbo/下载/batches/batch_person-fallen-v2-p4d-hardneg-rev1-camera1p5m/prompts/PF_P4D_HN_MAINT_G006_V04.txt,7fe90d645c34508b937218f697dcef232c5d3931555d5ecf93f87c851e8f6e0d,7fe90d645c34508b937218f697dcef232c5d3931555d5ecf93f87c851e8f6e0d,,,,NOT_APPLICABLE_NO_FORMAL_IMAGE,UNEXECUTED_OR_NOT_REUSABLE,SAFE_OUTSTANDING_NOT_CLEAN_ASSET,V3_GROUND_MAINTENANCE_NEGATIVE,PASS_EXPLICIT_NEGATIVE_CUE,negative,PROMPT_DERIVED_SYNTHETIC_GT,FROZEN_GENERATION_PROMPT_AND_PLANNED_ROLE,false,hard_negative,false,NO_VERIFIED_REUSABLE_CLEAN_ASSET
P4D_PLAN::PF_P4D_HN_MAINT_G006_V05,P4D_FROZEN_PLAN_440,PF_P4D_HN_MAINT_G006_V05,,PF_P4D_HN_MAINT_G006,NEW_SCREEN,EXCLUDE_NOT_REUSABLE,hard_negative,negative,ground_maintenance,/home/yanbo/下载/batches/batch_person-fallen-v2-p4d-hardneg-rev1-camera1p5m/prompts/PF_P4D_HN_MAINT_G006_V05.txt,dd23c65aa2259ac655e216c1faf9283ea7818f57ef65e96fbc210fc10cd56393,dd23c65aa2259ac655e216c1faf9283ea7818f57ef65e96fbc210fc10cd56393,,,,NOT_APPLICABLE_NO_FORMAL_IMAGE,UNEXECUTED_OR_NOT_REUSABLE,SAFE_OUTSTANDING_NOT_CLEAN_ASSET,V3_GROUND_MAINTENANCE_NEGATIVE,PASS_EXPLICIT_NEGATIVE_CUE,negative,PROMPT_DERIVED_SYNTHETIC_GT,FROZEN_GENERATION_PROMPT_AND_PLANNED_ROLE,false,hard_negative,false,NO_VERIFIED_REUSABLE_CLEAN_ASSET
P4D_PLAN::PF_P4D_HN_MAINT_G007_V01,P4D_FROZEN_PLAN_440,PF_P4D_HN_MAINT_G007_V01,,PF_P4D_HN_MAINT_G007,NEW_SCREEN,EXCLUDE_NOT_REUSABLE,hard_negative,negative,ground_maintenance,/home/yanbo/下载/batches/batch_person-fallen-v2-p4d-hardneg-rev1-camera1p5m/prompts/PF_P4D_HN_MAINT_G007_V01.txt,949e2a5111367b855a1588dd893f50339acf25af31297ecbe4e652342dbe07b7,949e2a5111367b855a1588dd893f50339acf25af31297ecbe4e652342dbe07b7,,,,NOT_APPLICABLE_NO_FORMAL_IMAGE,UNEXECUTED_OR_NOT_REUSABLE,SAFE_OUTSTANDING_NOT_CLEAN_ASSET,V3_GROUND_MAINTENANCE_NEGATIVE,PASS_EXPLICIT_NEGATIVE_CUE,negative,PROMPT_DERIVED_SYNTHETIC_GT,FROZEN_GENERATION_PROMPT_AND_PLANNED_ROLE,false,hard_negative,false,NO_VERIFIED_REUSABLE_CLEAN_ASSET
P4D_PLAN::PF_P4D_HN_MAINT_G007_V02,P4D_FROZEN_PLAN_440,PF_P4D_HN_MAINT_G007_V02,,PF_P4D_HN_MAINT_G007,NEW_SCREEN,EXCLUDE_NOT_REUSABLE,hard_negative,negative,ground_maintenance,/home/yanbo/下载/batches/batch_person-fallen-v2-p4d-hardneg-rev1-camera1p5m/prompts/PF_P4D_HN_MAINT_G007_V02.txt,0547973f8732e7571dbb278712f83c916c9b689c363543f7842ebd94b3f0554a,0547973f8732e7571dbb278712f83c916c9b689c363543f7842ebd94b3f0554a,,,,NOT_APPLICABLE_NO_FORMAL_IMAGE,UNEXECUTED_OR_NOT_REUSABLE,SAFE_OUTSTANDING_NOT_CLEAN_ASSET,V3_GROUND_MAINTENANCE_NEGATIVE,PASS_EXPLICIT_NEGATIVE_CUE,negative,PROMPT_DERIVED_SYNTHETIC_GT,FROZEN_GENERATION_PROMPT_AND_PLANNED_ROLE,false,hard_negative,false,NO_VERIFIED_REUSABLE_CLEAN_ASSET
P4D_PLAN::PF_P4D_HN_MAINT_G007_V03,P4D_FROZEN_PLAN_440,PF_P4D_HN_MAINT_G007_V03,,PF_P4D_HN_MAINT_G007,NEW_SCREEN,EXCLUDE_NOT_REUSABLE,hard_negative,negative,ground_maintenance,/home/yanbo/下载/batches/batch_person-fallen-v2-p4d-hardneg-rev1-camera1p5m/prompts/PF_P4D_HN_MAINT_G007_V03.txt,0129696367475eab336cd807398c55f6e9049ea70c1dbc3fe88f00a8e1fcea50,0129696367475eab336cd807398c55f6e9049ea70c1dbc3fe88f00a8e1fcea50,,,,NOT_APPLICABLE_NO_FORMAL_IMAGE,UNEXECUTED_OR_NOT_REUSABLE,SAFE_OUTSTANDING_NOT_CLEAN_ASSET,V3_GROUND_MAINTENANCE_NEGATIVE,PASS_EXPLICIT_NEGATIVE_CUE,negative,PROMPT_DERIVED_SYNTHETIC_GT,FROZEN_GENERATION_PROMPT_AND_PLANNED_ROLE,false,hard_negative,false,NO_VERIFIED_REUSABLE_CLEAN_ASSET
P4D_PLAN::PF_P4D_HN_MAINT_G007_V04,P4D_FROZEN_PLAN_440,PF_P4D_HN_MAINT_G007_V04,,PF_P4D_HN_MAINT_G007,NEW_SCREEN,EXCLUDE_NOT_REUSABLE,hard_negative,negative,ground_maintenance,/home/yanbo/下载/batches/batch_person-fallen-v2-p4d-hardneg-rev1-camera1p5m/prompts/PF_P4D_HN_MAINT_G007_V04.txt,0d0d7f365085ac92d3acec2ee0e68b19c0465890ee253803308b172bfc3be025,0d0d7f365085ac92d3acec2ee0e68b19c0465890ee253803308b172bfc3be025,,,,NOT_APPLICABLE_NO_FORMAL_IMAGE,UNEXECUTED_OR_NOT_REUSABLE,SAFE_OUTSTANDING_NOT_CLEAN_ASSET,V3_GROUND_MAINTENANCE_NEGATIVE,PASS_EXPLICIT_NEGATIVE_CUE,negative,PROMPT_DERIVED_SYNTHETIC_GT,FROZEN_GENERATION_PROMPT_AND_PLANNED_ROLE,false,hard_negative,false,NO_VERIFIED_REUSABLE_CLEAN_ASSET
P4D_PLAN::PF_P4D_HN_MAINT_G007_V05,P4D_FROZEN_PLAN_440,PF_P4D_HN_MAINT_G007_V05,,PF_P4D_HN_MAINT_G007,NEW_SCREEN,EXCLUDE_NOT_REUSABLE,hard_negative,negative,ground_maintenance,/home/yanbo/下载/batches/batch_person-fallen-v2-p4d-hardneg-rev1-camera1p5m/prompts/PF_P4D_HN_MAINT_G007_V05.txt,2c171e436a05629013ce6762c5a2d3976b8a1c5662f196f2f4317160826a9528,2c171e436a05629013ce6762c5a2d3976b8a1c5662f196f2f4317160826a9528,,,,NOT_APPLICABLE_NO_FORMAL_IMAGE,UNEXECUTED_OR_NOT_REUSABLE,SAFE_OUTSTANDING_NOT_CLEAN_ASSET,V3_GROUND_MAINTENANCE_NEGATIVE,PASS_EXPLICIT_NEGATIVE_CUE,negative,PROMPT_DERIVED_SYNTHETIC_GT,FROZEN_GENERATION_PROMPT_AND_PLANNED_ROLE,false,hard_negative,false,NO_VERIFIED_REUSABLE_CLEAN_ASSET
P4D_PLAN::PF_P4D_HN_MAINT_G008_V01,P4D_FROZEN_PLAN_440,PF_P4D_HN_MAINT_G008_V01,,PF_P4D_HN_MAINT_G008,NEW_SCREEN,EXCLUDE_NOT_REUSABLE,hard_negative,negative,ground_maintenance,/home/yanbo/下载/batches/batch_person-fallen-v2-p4d-hardneg-rev1-camera1p5m/prompts/PF_P4D_HN_MAINT_G008_V01.txt,9659cfe7093d9f8722a7416f5885be7c3e53dc60099eecd625bb8878d9bd4e72,9659cfe7093d9f8722a7416f5885be7c3e53dc60099eecd625bb8878d9bd4e72,,,,NOT_APPLICABLE_NO_FORMAL_IMAGE,UNEXECUTED_OR_NOT_REUSABLE,SAFE_OUTSTANDING_NOT_CLEAN_ASSET,V3_GROUND_MAINTENANCE_NEGATIVE,PASS_EXPLICIT_NEGATIVE_CUE,negative,PROMPT_DERIVED_SYNTHETIC_GT,FROZEN_GENERATION_PROMPT_AND_PLANNED_ROLE,false,hard_negative,false,NO_VERIFIED_REUSABLE_CLEAN_ASSET
P4D_PLAN::PF_P4D_HN_MAINT_G008_V02,P4D_FROZEN_PLAN_440,PF_P4D_HN_MAINT_G008_V02,,PF_P4D_HN_MAINT_G008,NEW_SCREEN,EXCLUDE_NOT_REUSABLE,hard_negative,negative,ground_maintenance,/home/yanbo/下载/batches/batch_person-fallen-v2-p4d-hardneg-rev1-camera1p5m/prompts/PF_P4D_HN_MAINT_G008_V02.txt,b17b6e85596e9fe8124d4fec0ddd97acf3b902b76b54dc6a36e403c58c26411b,b17b6e85596e9fe8124d4fec0ddd97acf3b902b76b54dc6a36e403c58c26411b,,,,NOT_APPLICABLE_NO_FORMAL_IMAGE,UNEXECUTED_OR_NOT_REUSABLE,SAFE_OUTSTANDING_NOT_CLEAN_ASSET,V3_GROUND_MAINTENANCE_NEGATIVE,PASS_EXPLICIT_NEGATIVE_CUE,negative,PROMPT_DERIVED_SYNTHETIC_GT,FROZEN_GENERATION_PROMPT_AND_PLANNED_ROLE,false,hard_negative,false,NO_VERIFIED_REUSABLE_CLEAN_ASSET
P4D_PLAN::PF_P4D_HN_MAINT_G008_V03,P4D_FROZEN_PLAN_440,PF_P4D_HN_MAINT_G008_V03,,PF_P4D_HN_MAINT_G008,NEW_SCREEN,EXCLUDE_NOT_REUSABLE,hard_negative,negative,ground_maintenance,/home/yanbo/下载/batches/batch_person-fallen-v2-p4d-hardneg-rev1-camera1p5m/prompts/PF_P4D_HN_MAINT_G008_V03.txt,c7b6ccb5a5f712f867c94e6ed917785a151c2f838fb6c3966c4276fa692bc1ed,c7b6ccb5a5f712f867c94e6ed917785a151c2f838fb6c3966c4276fa692bc1ed,,,,NOT_APPLICABLE_NO_FORMAL_IMAGE,UNEXECUTED_OR_NOT_REUSABLE,SAFE_OUTSTANDING_NOT_CLEAN_ASSET,V3_GROUND_MAINTENANCE_NEGATIVE,PASS_EXPLICIT_NEGATIVE_CUE,negative,PROMPT_DERIVED_SYNTHETIC_GT,FROZEN_GENERATION_PROMPT_AND_PLANNED_ROLE,false,hard_negative,false,NO_VERIFIED_REUSABLE_CLEAN_ASSET
P4D_PLAN::PF_P4D_HN_MAINT_G008_V04,P4D_FROZEN_PLAN_440,PF_P4D_HN_MAINT_G008_V04,,PF_P4D_HN_MAINT_G008,NEW_SCREEN,EXCLUDE_NOT_REUSABLE,hard_negative,negative,ground_maintenance,/home/yanbo/下载/batches/batch_person-fallen-v2-p4d-hardneg-rev1-camera1p5m/prompts/PF_P4D_HN_MAINT_G008_V04.txt,8d990e69837907859c9a36d412a63b618fc08b23c18a2f519f7fd3c198f95e99,8d990e69837907859c9a36d412a63b618fc08b23c18a2f519f7fd3c198f95e99,,,,NOT_APPLICABLE_NO_FORMAL_IMAGE,UNEXECUTED_OR_NOT_REUSABLE,SAFE_OUTSTANDING_NOT_CLEAN_ASSET,V3_GROUND_MAINTENANCE_NEGATIVE,PASS_EXPLICIT_NEGATIVE_CUE,negative,PROMPT_DERIVED_SYNTHETIC_GT,FROZEN_GENERATION_PROMPT_AND_PLANNED_ROLE,false,hard_negative,false,NO_VERIFIED_REUSABLE_CLEAN_ASSET
P4D_PLAN::PF_P4D_HN_MAINT_G008_V05,P4D_FROZEN_PLAN_440,PF_P4D_HN_MAINT_G008_V05,,PF_P4D_HN_MAINT_G008,NEW_SCREEN,EXCLUDE_NOT_REUSABLE,hard_negative,negative,ground_maintenance,/home/yanbo/下载/batches/batch_person-fallen-v2-p4d-hardneg-rev1-camera1p5m/prompts/PF_P4D_HN_MAINT_G008_V05.txt,997cd35fa7a4ac71854d46895a169a4c937683ae9a3791342bc9c1381f5ac939,997cd35fa7a4ac71854d46895a169a4c937683ae9a3791342bc9c1381f5ac939,,,,NOT_APPLICABLE_NO_FORMAL_IMAGE,UNEXECUTED_OR_NOT_REUSABLE,SAFE_OUTSTANDING_NOT_CLEAN_ASSET,V3_GROUND_MAINTENANCE_NEGATIVE,PASS_EXPLICIT_NEGATIVE_CUE,negative,PROMPT_DERIVED_SYNTHETIC_GT,FROZEN_GENERATION_PROMPT_AND_PLANNED_ROLE,false,hard_negative,false,NO_VERIFIED_REUSABLE_CLEAN_ASSET
P4D_PLAN::PF_P4D_HN_SQUAT_G001_V01,P4D_FROZEN_PLAN_440,PF_P4D_HN_SQUAT_G001_V01,,PF_P4D_HN_SQUAT_G001,NEW_DESIGN,AUXILIARY_DIAGNOSTIC_ONLY,hard_negative,negative,squat_crouch_deep_bend,/home/yanbo/下载/batches/batch_person-fallen-v2-p4d-hardneg-rev1-camera1p5m/prompts/PF_P4D_HN_SQUAT_G001_V01.txt,0cea90fd637d9e221c4404843ef68e88d03b812cc1ff169cea7d4986a600c307,0cea90fd637d9e221c4404843ef68e88d03b812cc1ff169cea7d4986a600c307,,,,NOT_APPLICABLE_NO_FORMAL_IMAGE,Q9_BINDING_BLOCKED,Q9_POSTRUN_CONFIG_BINDING_MISMATCH,V3_SQUAT_CROUCH_DEEP_BEND_NEGATIVE,PASS_EXPLICIT_NEGATIVE_CUE,negative,PROMPT_DERIVED_SYNTHETIC_GT,FROZEN_GENERATION_PROMPT_AND_PLANNED_ROLE,false,hard_negative,false,Q9_BINDING_BLOCKED_NOT_FORMAL_V3_MAIN_METRICS
P4D_PLAN::PF_P4D_HN_SQUAT_G001_V02,P4D_FROZEN_PLAN_440,PF_P4D_HN_SQUAT_G001_V02,,PF_P4D_HN_SQUAT_G001,NEW_DESIGN,AUXILIARY_DIAGNOSTIC_ONLY,hard_negative,negative,squat_crouch_deep_bend,/home/yanbo/下载/batches/batch_person-fallen-v2-p4d-hardneg-rev1-camera1p5m/prompts/PF_P4D_HN_SQUAT_G001_V02.txt,8d73091df53a60b0ef6eb5509f081c7d3e4a013863abdb6034d48d3c00f85930,8d73091df53a60b0ef6eb5509f081c7d3e4a013863abdb6034d48d3c00f85930,,,,NOT_APPLICABLE_NO_FORMAL_IMAGE,Q9_BINDING_BLOCKED,Q9_POSTRUN_CONFIG_BINDING_MISMATCH,V3_SQUAT_CROUCH_DEEP_BEND_NEGATIVE,PASS_EXPLICIT_NEGATIVE_CUE,negative,PROMPT_DERIVED_SYNTHETIC_GT,FROZEN_GENERATION_PROMPT_AND_PLANNED_ROLE,false,hard_negative,false,Q9_BINDING_BLOCKED_NOT_FORMAL_V3_MAIN_METRICS
P4D_PLAN::PF_P4D_HN_SQUAT_G001_V03,P4D_FROZEN_PLAN_440,PF_P4D_HN_SQUAT_G001_V03,,PF_P4D_HN_SQUAT_G001,NEW_DESIGN,AUXILIARY_DIAGNOSTIC_ONLY,hard_negative,negative,squat_crouch_deep_bend,/home/yanbo/下载/batches/batch_person-fallen-v2-p4d-hardneg-rev1-camera1p5m/prompts/PF_P4D_HN_SQUAT_G001_V03.txt,581306e060545085af807cb5dd93d34ec6201c3e8e5ffdffd7149dc4f7f02f10,581306e060545085af807cb5dd93d34ec6201c3e8e5ffdffd7149dc4f7f02f10,,,,NOT_APPLICABLE_NO_FORMAL_IMAGE,Q9_BINDING_BLOCKED,Q9_POSTRUN_CONFIG_BINDING_MISMATCH,V3_SQUAT_CROUCH_DEEP_BEND_NEGATIVE,PASS_EXPLICIT_NEGATIVE_CUE,negative,PROMPT_DERIVED_SYNTHETIC_GT,FROZEN_GENERATION_PROMPT_AND_PLANNED_ROLE,false,hard_negative,false,Q9_BINDING_BLOCKED_NOT_FORMAL_V3_MAIN_METRICS
P4D_PLAN::PF_P4D_HN_SQUAT_G001_V04,P4D_FROZEN_PLAN_440,PF_P4D_HN_SQUAT_G001_V04,,PF_P4D_HN_SQUAT_G001,NEW_DESIGN,AUXILIARY_DIAGNOSTIC_ONLY,hard_negative,negative,squat_crouch_deep_bend,/home/yanbo/下载/batches/batch_person-fallen-v2-p4d-hardneg-rev1-camera1p5m/prompts/PF_P4D_HN_SQUAT_G001_V04.txt,f8ac2b5c1e9ae8c43ed8bec7216983fa7b595cfe5c513e7f0f0784db521a6172,f8ac2b5c1e9ae8c43ed8bec7216983fa7b595cfe5c513e7f0f0784db521a6172,,,,NOT_APPLICABLE_NO_FORMAL_IMAGE,Q9_BINDING_BLOCKED,Q9_POSTRUN_CONFIG_BINDING_MISMATCH,V3_SQUAT_CROUCH_DEEP_BEND_NEGATIVE,PASS_EXPLICIT_NEGATIVE_CUE,negative,PROMPT_DERIVED_SYNTHETIC_GT,FROZEN_GENERATION_PROMPT_AND_PLANNED_ROLE,false,hard_negative,false,Q9_BINDING_BLOCKED_NOT_FORMAL_V3_MAIN_METRICS
P4D_PLAN::PF_P4D_HN_SQUAT_G001_V05,P4D_FROZEN_PLAN_440,PF_P4D_HN_SQUAT_G001_V05,,PF_P4D_HN_SQUAT_G001,NEW_DESIGN,AUXILIARY_DIAGNOSTIC_ONLY,hard_negative,negative,squat_crouch_deep_bend,/home/yanbo/下载/batches/batch_person-fallen-v2-p4d-hardneg-rev1-camera1p5m/prompts/PF_P4D_HN_SQUAT_G001_V05.txt,6da46b4efea4b435cdba7c4cdd53af927bd14d1ddda8fe7c825e05895c8861aa,6da46b4efea4b435cdba7c4cdd53af927bd14d1ddda8fe7c825e05895c8861aa,,,,NOT_APPLICABLE_NO_FORMAL_IMAGE,Q9_BINDING_BLOCKED,Q9_POSTRUN_CONFIG_BINDING_MISMATCH,V3_SQUAT_CROUCH_DEEP_BEND_NEGATIVE,PASS_EXPLICIT_NEGATIVE_CUE,negative,PROMPT_DERIVED_SYNTHETIC_GT,FROZEN_GENERATION_PROMPT_AND_PLANNED_ROLE,false,hard_negative,false,Q9_BINDING_BLOCKED_NOT_FORMAL_V3_MAIN_METRICS
P4D_PLAN::PF_P4D_HN_SQUAT_G002_V01,P4D_FROZEN_PLAN_440,PF_P4D_HN_SQUAT_G002_V01,,PF_P4D_HN_SQUAT_G002,NEW_DESIGN,EXCLUDE_NOT_REUSABLE,hard_negative,negative,squat_crouch_deep_bend,/home/yanbo/下载/batches/batch_person-fallen-v2-p4d-hardneg-rev1-camera1p5m/prompts/PF_P4D_HN_SQUAT_G002_V01.txt,71a699fab968dbbb8922241137c7b64559dd6ea662796d2283387f223348f0c3,71a699fab968dbbb8922241137c7b64559dd6ea662796d2283387f223348f0c3,,,,NOT_APPLICABLE_NO_FORMAL_IMAGE,UNEXECUTED_OR_NOT_REUSABLE,SAFE_OUTSTANDING_NOT_CLEAN_ASSET,V3_SQUAT_CROUCH_DEEP_BEND_NEGATIVE,PASS_EXPLICIT_NEGATIVE_CUE,negative,PROMPT_DERIVED_SYNTHETIC_GT,FROZEN_GENERATION_PROMPT_AND_PLANNED_ROLE,false,hard_negative,false,NO_VERIFIED_REUSABLE_CLEAN_ASSET
P4D_PLAN::PF_P4D_HN_SQUAT_G002_V02,P4D_FROZEN_PLAN_440,PF_P4D_HN_SQUAT_G002_V02,,PF_P4D_HN_SQUAT_G002,NEW_DESIGN,EXCLUDE_NOT_REUSABLE,hard_negative,negative,squat_crouch_deep_bend,/home/yanbo/下载/batches/batch_person-fallen-v2-p4d-hardneg-rev1-camera1p5m/prompts/PF_P4D_HN_SQUAT_G002_V02.txt,d516831a5da123cedfe3c8d4c66a07fe8cb60257aa7edd3ed6544f63d0661074,d516831a5da123cedfe3c8d4c66a07fe8cb60257aa7edd3ed6544f63d0661074,,,,NOT_APPLICABLE_NO_FORMAL_IMAGE,UNEXECUTED_OR_NOT_REUSABLE,SAFE_OUTSTANDING_NOT_CLEAN_ASSET,V3_SQUAT_CROUCH_DEEP_BEND_NEGATIVE,PASS_EXPLICIT_NEGATIVE_CUE,negative,PROMPT_DERIVED_SYNTHETIC_GT,FROZEN_GENERATION_PROMPT_AND_PLANNED_ROLE,false,hard_negative,false,NO_VERIFIED_REUSABLE_CLEAN_ASSET
P4D_PLAN::PF_P4D_HN_SQUAT_G002_V03,P4D_FROZEN_PLAN_440,PF_P4D_HN_SQUAT_G002_V03,,PF_P4D_HN_SQUAT_G002,NEW_DESIGN,EXCLUDE_NOT_REUSABLE,hard_negative,negative,squat_crouch_deep_bend,/home/yanbo/下载/batches/batch_person-fallen-v2-p4d-hardneg-rev1-camera1p5m/prompts/PF_P4D_HN_SQUAT_G002_V03.txt,08422b75b268f523051b0dbf1e775cd5a8c5f56684eb09bfc5e56e076e28ab79,08422b75b268f523051b0dbf1e775cd5a8c5f56684eb09bfc5e56e076e28ab79,,,,NOT_APPLICABLE_NO_FORMAL_IMAGE,UNEXECUTED_OR_NOT_REUSABLE,SAFE_OUTSTANDING_NOT_CLEAN_ASSET,V3_SQUAT_CROUCH_DEEP_BEND_NEGATIVE,PASS_EXPLICIT_NEGATIVE_CUE,negative,PROMPT_DERIVED_SYNTHETIC_GT,FROZEN_GENERATION_PROMPT_AND_PLANNED_ROLE,false,hard_negative,false,NO_VERIFIED_REUSABLE_CLEAN_ASSET
P4D_PLAN::PF_P4D_HN_SQUAT_G002_V04,P4D_FROZEN_PLAN_440,PF_P4D_HN_SQUAT_G002_V04,,PF_P4D_HN_SQUAT_G002,NEW_DESIGN,EXCLUDE_NOT_REUSABLE,hard_negative,negative,squat_crouch_deep_bend,/home/yanbo/下载/batches/batch_person-fallen-v2-p4d-hardneg-rev1-camera1p5m/prompts/PF_P4D_HN_SQUAT_G002_V04.txt,6cb9472a025621c728768b5b6965fe8c290c01b65e90158fbf5bf2656867b6aa,6cb9472a025621c728768b5b6965fe8c290c01b65e90158fbf5bf2656867b6aa,,,,NOT_APPLICABLE_NO_FORMAL_IMAGE,UNEXECUTED_OR_NOT_REUSABLE,SAFE_OUTSTANDING_NOT_CLEAN_ASSET,V3_SQUAT_CROUCH_DEEP_BEND_NEGATIVE,PASS_EXPLICIT_NEGATIVE_CUE,negative,PROMPT_DERIVED_SYNTHETIC_GT,FROZEN_GENERATION_PROMPT_AND_PLANNED_ROLE,false,hard_negative,false,NO_VERIFIED_REUSABLE_CLEAN_ASSET
P4D_PLAN::PF_P4D_HN_SQUAT_G002_V05,P4D_FROZEN_PLAN_440,PF_P4D_HN_SQUAT_G002_V05,,PF_P4D_HN_SQUAT_G002,NEW_DESIGN,EXCLUDE_NOT_REUSABLE,hard_negative,negative,squat_crouch_deep_bend,/home/yanbo/下载/batches/batch_person-fallen-v2-p4d-hardneg-rev1-camera1p5m/prompts/PF_P4D_HN_SQUAT_G002_V05.txt,534a90b0a8fc2ee645deb41957690587695fe229c74261d6b78fcd7607f7b8b5,534a90b0a8fc2ee645deb41957690587695fe229c74261d6b78fcd7607f7b8b5,,,,NOT_APPLICABLE_NO_FORMAL_IMAGE,UNEXECUTED_OR_NOT_REUSABLE,SAFE_OUTSTANDING_NOT_CLEAN_ASSET,V3_SQUAT_CROUCH_DEEP_BEND_NEGATIVE,PASS_EXPLICIT_NEGATIVE_CUE,negative,PROMPT_DERIVED_SYNTHETIC_GT,FROZEN_GENERATION_PROMPT_AND_PLANNED_ROLE,false,hard_negative,false,NO_VERIFIED_REUSABLE_CLEAN_ASSET
P4D_PLAN::PF_P4D_HN_SQUAT_G003_V01,P4D_FROZEN_PLAN_440,PF_P4D_HN_SQUAT_G003_V01,,PF_P4D_HN_SQUAT_G003,NEW_DESIGN,EXCLUDE_NOT_REUSABLE,hard_negative,negative,squat_crouch_deep_bend,/home/yanbo/下载/batches/batch_person-fallen-v2-p4d-hardneg-rev1-camera1p5m/prompts/PF_P4D_HN_SQUAT_G003_V01.txt,203e45b8858d23b907afec9a97f9abfc1ed8d72e7e26f0a20d08d3106da3e2d6,203e45b8858d23b907afec9a97f9abfc1ed8d72e7e26f0a20d08d3106da3e2d6,,,,NOT_APPLICABLE_NO_FORMAL_IMAGE,UNEXECUTED_OR_NOT_REUSABLE,SAFE_OUTSTANDING_NOT_CLEAN_ASSET,V3_SQUAT_CROUCH_DEEP_BEND_NEGATIVE,PASS_EXPLICIT_NEGATIVE_CUE,negative,PROMPT_DERIVED_SYNTHETIC_GT,FROZEN_GENERATION_PROMPT_AND_PLANNED_ROLE,false,hard_negative,false,NO_VERIFIED_REUSABLE_CLEAN_ASSET
P4D_PLAN::PF_P4D_HN_SQUAT_G003_V02,P4D_FROZEN_PLAN_440,PF_P4D_HN_SQUAT_G003_V02,,PF_P4D_HN_SQUAT_G003,NEW_DESIGN,EXCLUDE_NOT_REUSABLE,hard_negative,negative,squat_crouch_deep_bend,/home/yanbo/下载/batches/batch_person-fallen-v2-p4d-hardneg-rev1-camera1p5m/prompts/PF_P4D_HN_SQUAT_G003_V02.txt,d69970e083633a0650e1c683afeb2f431fe24f8fc77e770dc8e2129c0ccfb03e,d69970e083633a0650e1c683afeb2f431fe24f8fc77e770dc8e2129c0ccfb03e,,,,NOT_APPLICABLE_NO_FORMAL_IMAGE,UNEXECUTED_OR_NOT_REUSABLE,SAFE_OUTSTANDING_NOT_CLEAN_ASSET,V3_SQUAT_CROUCH_DEEP_BEND_NEGATIVE,PASS_EXPLICIT_NEGATIVE_CUE,negative,PROMPT_DERIVED_SYNTHETIC_GT,FROZEN_GENERATION_PROMPT_AND_PLANNED_ROLE,false,hard_negative,false,NO_VERIFIED_REUSABLE_CLEAN_ASSET
P4D_PLAN::PF_P4D_HN_SQUAT_G003_V03,P4D_FROZEN_PLAN_440,PF_P4D_HN_SQUAT_G003_V03,,PF_P4D_HN_SQUAT_G003,NEW_DESIGN,EXCLUDE_NOT_REUSABLE,hard_negative,negative,squat_crouch_deep_bend,/home/yanbo/下载/batches/batch_person-fallen-v2-p4d-hardneg-rev1-camera1p5m/prompts/PF_P4D_HN_SQUAT_G003_V03.txt,e5318dcea8934adf98fd668c75435c85dff3ef6235d7fd42ccd54be92ae20996,e5318dcea8934adf98fd668c75435c85dff3ef6235d7fd42ccd54be92ae20996,,,,NOT_APPLICABLE_NO_FORMAL_IMAGE,UNEXECUTED_OR_NOT_REUSABLE,SAFE_OUTSTANDING_NOT_CLEAN_ASSET,V3_SQUAT_CROUCH_DEEP_BEND_NEGATIVE,PASS_EXPLICIT_NEGATIVE_CUE,negative,PROMPT_DERIVED_SYNTHETIC_GT,FROZEN_GENERATION_PROMPT_AND_PLANNED_ROLE,false,hard_negative,false,NO_VERIFIED_REUSABLE_CLEAN_ASSET
P4D_PLAN::PF_P4D_HN_SQUAT_G003_V04,P4D_FROZEN_PLAN_440,PF_P4D_HN_SQUAT_G003_V04,,PF_P4D_HN_SQUAT_G003,NEW_DESIGN,EXCLUDE_NOT_REUSABLE,hard_negative,negative,squat_crouch_deep_bend,/home/yanbo/下载/batches/batch_person-fallen-v2-p4d-hardneg-rev1-camera1p5m/prompts/PF_P4D_HN_SQUAT_G003_V04.txt,d57939d708d98c83733ec22fdd91d3c28fbe301add73437ce638edc927efeb1b,d57939d708d98c83733ec22fdd91d3c28fbe301add73437ce638edc927efeb1b,,,,NOT_APPLICABLE_NO_FORMAL_IMAGE,UNEXECUTED_OR_NOT_REUSABLE,SAFE_OUTSTANDING_NOT_CLEAN_ASSET,V3_SQUAT_CROUCH_DEEP_BEND_NEGATIVE,PASS_EXPLICIT_NEGATIVE_CUE,negative,PROMPT_DERIVED_SYNTHETIC_GT,FROZEN_GENERATION_PROMPT_AND_PLANNED_ROLE,false,hard_negative,false,NO_VERIFIED_REUSABLE_CLEAN_ASSET
P4D_PLAN::PF_P4D_HN_SQUAT_G003_V05,P4D_FROZEN_PLAN_440,PF_P4D_HN_SQUAT_G003_V05,,PF_P4D_HN_SQUAT_G003,NEW_DESIGN,EXCLUDE_NOT_REUSABLE,hard_negative,negative,squat_crouch_deep_bend,/home/yanbo/下载/batches/batch_person-fallen-v2-p4d-hardneg-rev1-camera1p5m/prompts/PF_P4D_HN_SQUAT_G003_V05.txt,b941b3c45dce892df8c9c983e904a649359230691853b9d7f0beee63c1e2a022,b941b3c45dce892df8c9c983e904a649359230691853b9d7f0beee63c1e2a022,,,,NOT_APPLICABLE_NO_FORMAL_IMAGE,UNEXECUTED_OR_NOT_REUSABLE,SAFE_OUTSTANDING_NOT_CLEAN_ASSET,V3_SQUAT_CROUCH_DEEP_BEND_NEGATIVE,PASS_EXPLICIT_NEGATIVE_CUE,negative,PROMPT_DERIVED_SYNTHETIC_GT,FROZEN_GENERATION_PROMPT_AND_PLANNED_ROLE,false,hard_negative,false,NO_VERIFIED_REUSABLE_CLEAN_ASSET
P4D_PLAN::PF_P4D_HN_SQUAT_G004_V01,P4D_FROZEN_PLAN_440,PF_P4D_HN_SQUAT_G004_V01,,PF_P4D_HN_SQUAT_G004,NEW_DESIGN,EXCLUDE_NOT_REUSABLE,hard_negative,negative,squat_crouch_deep_bend,/home/yanbo/下载/batches/batch_person-fallen-v2-p4d-hardneg-rev1-camera1p5m/prompts/PF_P4D_HN_SQUAT_G004_V01.txt,34db29ebc9b68cbde49fcf18db9de00d2fa2cf03c270d16e2c992114b5cb9241,34db29ebc9b68cbde49fcf18db9de00d2fa2cf03c270d16e2c992114b5cb9241,,,,NOT_APPLICABLE_NO_FORMAL_IMAGE,UNEXECUTED_OR_NOT_REUSABLE,SAFE_OUTSTANDING_NOT_CLEAN_ASSET,V3_SQUAT_CROUCH_DEEP_BEND_NEGATIVE,PASS_EXPLICIT_NEGATIVE_CUE,negative,PROMPT_DERIVED_SYNTHETIC_GT,FROZEN_GENERATION_PROMPT_AND_PLANNED_ROLE,false,hard_negative,false,NO_VERIFIED_REUSABLE_CLEAN_ASSET
P4D_PLAN::PF_P4D_HN_SQUAT_G004_V02,P4D_FROZEN_PLAN_440,PF_P4D_HN_SQUAT_G004_V02,,PF_P4D_HN_SQUAT_G004,NEW_DESIGN,EXCLUDE_NOT_REUSABLE,hard_negative,negative,squat_crouch_deep_bend,/home/yanbo/下载/batches/batch_person-fallen-v2-p4d-hardneg-rev1-camera1p5m/prompts/PF_P4D_HN_SQUAT_G004_V02.txt,38c05dc555b2203e7f4fb35e3ba8cff5cbcedf55eccdd5b42cf812179db39fec,38c05dc555b2203e7f4fb35e3ba8cff5cbcedf55eccdd5b42cf812179db39fec,,,,NOT_APPLICABLE_NO_FORMAL_IMAGE,UNEXECUTED_OR_NOT_REUSABLE,SAFE_OUTSTANDING_NOT_CLEAN_ASSET,V3_SQUAT_CROUCH_DEEP_BEND_NEGATIVE,PASS_EXPLICIT_NEGATIVE_CUE,negative,PROMPT_DERIVED_SYNTHETIC_GT,FROZEN_GENERATION_PROMPT_AND_PLANNED_ROLE,false,hard_negative,false,NO_VERIFIED_REUSABLE_CLEAN_ASSET
P4D_PLAN::PF_P4D_HN_SQUAT_G004_V03,P4D_FROZEN_PLAN_440,PF_P4D_HN_SQUAT_G004_V03,,PF_P4D_HN_SQUAT_G004,NEW_DESIGN,EXCLUDE_NOT_REUSABLE,hard_negative,negative,squat_crouch_deep_bend,/home/yanbo/下载/batches/batch_person-fallen-v2-p4d-hardneg-rev1-camera1p5m/prompts/PF_P4D_HN_SQUAT_G004_V03.txt,c00d569e13441d645c87e9af3fdac2d85cd1e99d943f41acada4b261052c7fac,c00d569e13441d645c87e9af3fdac2d85cd1e99d943f41acada4b261052c7fac,,,,NOT_APPLICABLE_NO_FORMAL_IMAGE,UNEXECUTED_OR_NOT_REUSABLE,SAFE_OUTSTANDING_NOT_CLEAN_ASSET,V3_SQUAT_CROUCH_DEEP_BEND_NEGATIVE,PASS_EXPLICIT_NEGATIVE_CUE,negative,PROMPT_DERIVED_SYNTHETIC_GT,FROZEN_GENERATION_PROMPT_AND_PLANNED_ROLE,false,hard_negative,false,NO_VERIFIED_REUSABLE_CLEAN_ASSET
P4D_PLAN::PF_P4D_HN_SQUAT_G004_V04,P4D_FROZEN_PLAN_440,PF_P4D_HN_SQUAT_G004_V04,,PF_P4D_HN_SQUAT_G004,NEW_DESIGN,EXCLUDE_NOT_REUSABLE,hard_negative,negative,squat_crouch_deep_bend,/home/yanbo/下载/batches/batch_person-fallen-v2-p4d-hardneg-rev1-camera1p5m/prompts/PF_P4D_HN_SQUAT_G004_V04.txt,799d9059fccfdb2351803bce79ef754196ed2376d4b02eb79b4412c62d18ae58,799d9059fccfdb2351803bce79ef754196ed2376d4b02eb79b4412c62d18ae58,,,,NOT_APPLICABLE_NO_FORMAL_IMAGE,UNEXECUTED_OR_NOT_REUSABLE,SAFE_OUTSTANDING_NOT_CLEAN_ASSET,V3_SQUAT_CROUCH_DEEP_BEND_NEGATIVE,PASS_EXPLICIT_NEGATIVE_CUE,negative,PROMPT_DERIVED_SYNTHETIC_GT,FROZEN_GENERATION_PROMPT_AND_PLANNED_ROLE,false,hard_negative,false,NO_VERIFIED_REUSABLE_CLEAN_ASSET
P4D_PLAN::PF_P4D_HN_SQUAT_G004_V05,P4D_FROZEN_PLAN_440,PF_P4D_HN_SQUAT_G004_V05,,PF_P4D_HN_SQUAT_G004,NEW_DESIGN,EXCLUDE_NOT_REUSABLE,hard_negative,negative,squat_crouch_deep_bend,/home/yanbo/下载/batches/batch_person-fallen-v2-p4d-hardneg-rev1-camera1p5m/prompts/PF_P4D_HN_SQUAT_G004_V05.txt,0dea4aa9e6f4d6747b9ee7f29667f21e394ff4500d351dde8706f75edbcf7758,0dea4aa9e6f4d6747b9ee7f29667f21e394ff4500d351dde8706f75edbcf7758,,,,NOT_APPLICABLE_NO_FORMAL_IMAGE,UNEXECUTED_OR_NOT_REUSABLE,SAFE_OUTSTANDING_NOT_CLEAN_ASSET,V3_SQUAT_CROUCH_DEEP_BEND_NEGATIVE,PASS_EXPLICIT_NEGATIVE_CUE,negative,PROMPT_DERIVED_SYNTHETIC_GT,FROZEN_GENERATION_PROMPT_AND_PLANNED_ROLE,false,hard_negative,false,NO_VERIFIED_REUSABLE_CLEAN_ASSET
P4D_PLAN::PF_P4D_HN_SQUAT_G005_V01,P4D_FROZEN_PLAN_440,PF_P4D_HN_SQUAT_G005_V01,,PF_P4D_HN_SQUAT_G005,NEW_SCREEN,EXCLUDE_NOT_REUSABLE,hard_negative,negative,squat_crouch_deep_bend,/home/yanbo/下载/batches/batch_person-fallen-v2-p4d-hardneg-rev1-camera1p5m/prompts/PF_P4D_HN_SQUAT_G005_V01.txt,944d8a716a05a73213538949ed588e7f8464348016c9e2e1cb314a7b86a58c49,944d8a716a05a73213538949ed588e7f8464348016c9e2e1cb314a7b86a58c49,,,,NOT_APPLICABLE_NO_FORMAL_IMAGE,NOT_STARTED,Q10_TERMINAL_NOT_STARTED,V3_SQUAT_CROUCH_DEEP_BEND_NEGATIVE,PASS_EXPLICIT_NEGATIVE_CUE,negative,PROMPT_DERIVED_SYNTHETIC_GT,FROZEN_GENERATION_PROMPT_AND_PLANNED_ROLE,false,hard_negative,false,NOT_STARTED_EXCLUDED_AND_NOT_RESENT
P4D_PLAN::PF_P4D_HN_SQUAT_G005_V02,P4D_FROZEN_PLAN_440,PF_P4D_HN_SQUAT_G005_V02,,PF_P4D_HN_SQUAT_G005,NEW_SCREEN,EXCLUDE_NOT_REUSABLE,hard_negative,negative,squat_crouch_deep_bend,/home/yanbo/下载/batches/batch_person-fallen-v2-p4d-hardneg-rev1-camera1p5m/prompts/PF_P4D_HN_SQUAT_G005_V02.txt,923123e6ff967d5daff83bccaa6b62397b54d79f09c53dc53414653d422ce619,923123e6ff967d5daff83bccaa6b62397b54d79f09c53dc53414653d422ce619,,,,NOT_APPLICABLE_NO_FORMAL_IMAGE,NOT_STARTED,Q10_TERMINAL_NOT_STARTED,V3_SQUAT_CROUCH_DEEP_BEND_NEGATIVE,PASS_EXPLICIT_NEGATIVE_CUE,negative,PROMPT_DERIVED_SYNTHETIC_GT,FROZEN_GENERATION_PROMPT_AND_PLANNED_ROLE,false,hard_negative,false,NOT_STARTED_EXCLUDED_AND_NOT_RESENT
P4D_PLAN::PF_P4D_HN_SQUAT_G005_V03,P4D_FROZEN_PLAN_440,PF_P4D_HN_SQUAT_G005_V03,,PF_P4D_HN_SQUAT_G005,NEW_SCREEN,EXCLUDE_NOT_REUSABLE,hard_negative,negative,squat_crouch_deep_bend,/home/yanbo/下载/batches/batch_person-fallen-v2-p4d-hardneg-rev1-camera1p5m/prompts/PF_P4D_HN_SQUAT_G005_V03.txt,9731022ae8fcd2e2405be711ae73b7c277503341565bf12b696ecc382d45ce42,9731022ae8fcd2e2405be711ae73b7c277503341565bf12b696ecc382d45ce42,,,,NOT_APPLICABLE_NO_FORMAL_IMAGE,NOT_STARTED,Q10_TERMINAL_NOT_STARTED,V3_SQUAT_CROUCH_DEEP_BEND_NEGATIVE,PASS_EXPLICIT_NEGATIVE_CUE,negative,PROMPT_DERIVED_SYNTHETIC_GT,FROZEN_GENERATION_PROMPT_AND_PLANNED_ROLE,false,hard_negative,false,NOT_STARTED_EXCLUDED_AND_NOT_RESENT
P4D_PLAN::PF_P4D_HN_SQUAT_G005_V04,P4D_FROZEN_PLAN_440,PF_P4D_HN_SQUAT_G005_V04,,PF_P4D_HN_SQUAT_G005,NEW_SCREEN,EXCLUDE_NOT_REUSABLE,hard_negative,negative,squat_crouch_deep_bend,/home/yanbo/下载/batches/batch_person-fallen-v2-p4d-hardneg-rev1-camera1p5m/prompts/PF_P4D_HN_SQUAT_G005_V04.txt,48174254ff23d84127ded140c75668a14e2d87923d326155a3368b21da9b0f45,48174254ff23d84127ded140c75668a14e2d87923d326155a3368b21da9b0f45,,,,NOT_APPLICABLE_NO_FORMAL_IMAGE,NOT_STARTED,Q10_TERMINAL_NOT_STARTED,V3_SQUAT_CROUCH_DEEP_BEND_NEGATIVE,PASS_EXPLICIT_NEGATIVE_CUE,negative,PROMPT_DERIVED_SYNTHETIC_GT,FROZEN_GENERATION_PROMPT_AND_PLANNED_ROLE,false,hard_negative,false,NOT_STARTED_EXCLUDED_AND_NOT_RESENT
P4D_PLAN::PF_P4D_HN_SQUAT_G005_V05,P4D_FROZEN_PLAN_440,PF_P4D_HN_SQUAT_G005_V05,,PF_P4D_HN_SQUAT_G005,NEW_SCREEN,EXCLUDE_NOT_REUSABLE,hard_negative,negative,squat_crouch_deep_bend,/home/yanbo/下载/batches/batch_person-fallen-v2-p4d-hardneg-rev1-camera1p5m/prompts/PF_P4D_HN_SQUAT_G005_V05.txt,13928c1ca8b83d94a3534043377aaf5ff0961272eb2bfc4c4952589eed5b3fa4,13928c1ca8b83d94a3534043377aaf5ff0961272eb2bfc4c4952589eed5b3fa4,,,,NOT_APPLICABLE_NO_FORMAL_IMAGE,NOT_STARTED,Q10_TERMINAL_NOT_STARTED,V3_SQUAT_CROUCH_DEEP_BEND_NEGATIVE,PASS_EXPLICIT_NEGATIVE_CUE,negative,PROMPT_DERIVED_SYNTHETIC_GT,FROZEN_GENERATION_PROMPT_AND_PLANNED_ROLE,false,hard_negative,false,NOT_STARTED_EXCLUDED_AND_NOT_RESENT
P4D_PLAN::PF_P4D_HN_SQUAT_G006_V01,P4D_FROZEN_PLAN_440,PF_P4D_HN_SQUAT_G006_V01,,PF_P4D_HN_SQUAT_G006,NEW_SCREEN,V3_SCREEN,hard_negative,negative,squat_crouch_deep_bend,/home/yanbo/下载/batches/batch_person-fallen-v2-p4d-hardneg-rev1-camera1p5m/prompts/PF_P4D_HN_SQUAT_G006_V01.txt,a2ed968bc2effc60c86c4f32d6f46cfac1b56bc6bbb2084dee4b4000b6edea25,a2ed968bc2effc60c86c4f32d6f46cfac1b56bc6bbb2084dee4b4000b6edea25,/home/yanbo/net_vlm_person_fallen_v2_optimization/08_p4d_new_hard_negative_dev_revision/02_generation/gr3_fullregen/06_execution/quota_campaign_window_04_gr3q7_authorized_20260831_01/08_final/PF_P4D_HN_SQUAT_G006_V01.png,4ebfe3368ea901fce3b9df9d97ca6e7f8aea94fe378105a2b91e0c51bfe34844,4ebfe3368ea901fce3b9df9d97ca6e7f8aea94fe378105a2b91e0c51bfe34844,FAST_CLOSE_EXPECTED_AND_ACTUAL,REUSABLE_P4D_CLEAN_FAST_CLOSE,P4D_FAST_CLOSE_PROVENANCE_MECHANICAL_LINEAGE_PASS,V3_SQUAT_CROUCH_DEEP_BEND_NEGATIVE,PASS_EXPLICIT_NEGATIVE_CUE,negative,PROMPT_DERIVED_SYNTHETIC_GT,FROZEN_GENERATION_PROMPT_AND_PLANNED_ROLE,false,hard_negative,true,
P4D_PLAN::PF_P4D_HN_SQUAT_G006_V02,P4D_FROZEN_PLAN_440,PF_P4D_HN_SQUAT_G006_V02,,PF_P4D_HN_SQUAT_G006,NEW_SCREEN,V3_SCREEN,hard_negative,negative,squat_crouch_deep_bend,/home/yanbo/下载/batches/batch_person-fallen-v2-p4d-hardneg-rev1-camera1p5m/prompts/PF_P4D_HN_SQUAT_G006_V02.txt,348bc3b79c2383a87bce713946088c5416c383be8b6857481e5c7622f3c451a2,348bc3b79c2383a87bce713946088c5416c383be8b6857481e5c7622f3c451a2,/home/yanbo/net_vlm_person_fallen_v2_optimization/08_p4d_new_hard_negative_dev_revision/02_generation/gr3_fullregen/06_execution/quota_campaign_window_04_gr3q7_authorized_20260831_01/08_final/PF_P4D_HN_SQUAT_G006_V02.png,8fea406b8d47b179de27d7211774a16acb7029bdb9da469b466cc54b4f9afdd7,8fea406b8d47b179de27d7211774a16acb7029bdb9da469b466cc54b4f9afdd7,FAST_CLOSE_EXPECTED_AND_ACTUAL,REUSABLE_P4D_CLEAN_FAST_CLOSE,P4D_FAST_CLOSE_PROVENANCE_MECHANICAL_LINEAGE_PASS,V3_SQUAT_CROUCH_DEEP_BEND_NEGATIVE,PASS_EXPLICIT_NEGATIVE_CUE,negative,PROMPT_DERIVED_SYNTHETIC_GT,FROZEN_GENERATION_PROMPT_AND_PLANNED_ROLE,false,hard_negative,true,
P4D_PLAN::PF_P4D_HN_SQUAT_G006_V03,P4D_FROZEN_PLAN_440,PF_P4D_HN_SQUAT_G006_V03,,PF_P4D_HN_SQUAT_G006,NEW_SCREEN,V3_SCREEN,hard_negative,negative,squat_crouch_deep_bend,/home/yanbo/下载/batches/batch_person-fallen-v2-p4d-hardneg-rev1-camera1p5m/prompts/PF_P4D_HN_SQUAT_G006_V03.txt,36082ac7cb7ba476b0ccf6358616044619f45f2b1ec469076752dd104cbf2e35,36082ac7cb7ba476b0ccf6358616044619f45f2b1ec469076752dd104cbf2e35,/home/yanbo/net_vlm_person_fallen_v2_optimization/08_p4d_new_hard_negative_dev_revision/02_generation/gr3_fullregen/06_execution/quota_campaign_window_04_gr3q7_authorized_20260831_01/08_final/PF_P4D_HN_SQUAT_G006_V03.png,9f2e8a7815f4829fa88c4a14905343c8f698d020582a194d899d3bdd0bb7c922,9f2e8a7815f4829fa88c4a14905343c8f698d020582a194d899d3bdd0bb7c922,FAST_CLOSE_EXPECTED_AND_ACTUAL,REUSABLE_P4D_CLEAN_FAST_CLOSE,P4D_FAST_CLOSE_PROVENANCE_MECHANICAL_LINEAGE_PASS,V3_SQUAT_CROUCH_DEEP_BEND_NEGATIVE,PASS_EXPLICIT_NEGATIVE_CUE,negative,PROMPT_DERIVED_SYNTHETIC_GT,FROZEN_GENERATION_PROMPT_AND_PLANNED_ROLE,false,hard_negative,true,
P4D_PLAN::PF_P4D_HN_SQUAT_G006_V04,P4D_FROZEN_PLAN_440,PF_P4D_HN_SQUAT_G006_V04,,PF_P4D_HN_SQUAT_G006,NEW_SCREEN,V3_SCREEN,hard_negative,negative,squat_crouch_deep_bend,/home/yanbo/下载/batches/batch_person-fallen-v2-p4d-hardneg-rev1-camera1p5m/prompts/PF_P4D_HN_SQUAT_G006_V04.txt,51166e09fbe0ba5b105e354d9b69842f2f8d3251c304f5bb0d1a60050e7ff3dd,51166e09fbe0ba5b105e354d9b69842f2f8d3251c304f5bb0d1a60050e7ff3dd,/home/yanbo/net_vlm_person_fallen_v2_optimization/08_p4d_new_hard_negative_dev_revision/02_generation/gr3_fullregen/06_execution/quota_campaign_window_04_gr3q7_authorized_20260831_01/08_final/PF_P4D_HN_SQUAT_G006_V04.png,16abb64f9c6d14df3615793a8e3c963b99d6ff7030b11f69f70674178ca09619,16abb64f9c6d14df3615793a8e3c963b99d6ff7030b11f69f70674178ca09619,FAST_CLOSE_EXPECTED_AND_ACTUAL,REUSABLE_P4D_CLEAN_FAST_CLOSE,P4D_FAST_CLOSE_PROVENANCE_MECHANICAL_LINEAGE_PASS,V3_SQUAT_CROUCH_DEEP_BEND_NEGATIVE,PASS_EXPLICIT_NEGATIVE_CUE,negative,PROMPT_DERIVED_SYNTHETIC_GT,FROZEN_GENERATION_PROMPT_AND_PLANNED_ROLE,false,hard_negative,true,
P4D_PLAN::PF_P4D_HN_SQUAT_G006_V05,P4D_FROZEN_PLAN_440,PF_P4D_HN_SQUAT_G006_V05,,PF_P4D_HN_SQUAT_G006,NEW_SCREEN,V3_SCREEN,hard_negative,negative,squat_crouch_deep_bend,/home/yanbo/下载/batches/batch_person-fallen-v2-p4d-hardneg-rev1-camera1p5m/prompts/PF_P4D_HN_SQUAT_G006_V05.txt,df1c9978b59506bbb5ce3000a19dbfcb0537f1b4e9a5f636e9b876225ba8e01e,df1c9978b59506bbb5ce3000a19dbfcb0537f1b4e9a5f636e9b876225ba8e01e,/home/yanbo/net_vlm_person_fallen_v2_optimization/08_p4d_new_hard_negative_dev_revision/02_generation/gr3_fullregen/06_execution/quota_campaign_window_04_gr3q7_authorized_20260831_01/08_final/PF_P4D_HN_SQUAT_G006_V05.png,be82a50da7b39a0577a009ef61a133393fd33d1c938f71d009e6b63ed0349906,be82a50da7b39a0577a009ef61a133393fd33d1c938f71d009e6b63ed0349906,FAST_CLOSE_EXPECTED_AND_ACTUAL,REUSABLE_P4D_CLEAN_FAST_CLOSE,P4D_FAST_CLOSE_PROVENANCE_MECHANICAL_LINEAGE_PASS,V3_SQUAT_CROUCH_DEEP_BEND_NEGATIVE,PASS_EXPLICIT_NEGATIVE_CUE,negative,PROMPT_DERIVED_SYNTHETIC_GT,FROZEN_GENERATION_PROMPT_AND_PLANNED_ROLE,false,hard_negative,true,
P4D_PLAN::PF_P4D_HN_MIX_G001_V01,P4D_FROZEN_PLAN_440,PF_P4D_HN_MIX_G001_V01,,PF_P4D_HN_MIX_G001,NEW_DESIGN,EXCLUDE_NOT_REUSABLE,hard_negative,negative,mixed_hard_negative,/home/yanbo/下载/batches/batch_person-fallen-v2-p4d-hardneg-rev1-camera1p5m/prompts/PF_P4D_HN_MIX_G001_V01.txt,fe7cc2c6d34dd087e52b8f3fad5aa159ec5753e9b3054f00c6044471a8f2e744,fe7cc2c6d34dd087e52b8f3fad5aa159ec5753e9b3054f00c6044471a8f2e744,,,,NOT_APPLICABLE_NO_FORMAL_IMAGE,UNEXECUTED_OR_NOT_REUSABLE,SAFE_OUTSTANDING_NOT_CLEAN_ASSET,V3_MIXED_PROMPT_EXPLICIT_NEGATIVE_CONTEXT,PASS_MIXED_EXPLICIT_NEGATIVE,negative,PROMPT_DERIVED_SYNTHETIC_GT,FROZEN_GENERATION_PROMPT_AND_PLANNED_ROLE,false,hard_negative,false,NO_VERIFIED_REUSABLE_CLEAN_ASSET
P4D_PLAN::PF_P4D_HN_MIX_G001_V02,P4D_FROZEN_PLAN_440,PF_P4D_HN_MIX_G001_V02,,PF_P4D_HN_MIX_G001,NEW_DESIGN,EXCLUDE_NOT_REUSABLE,hard_negative,negative,mixed_hard_negative,/home/yanbo/下载/batches/batch_person-fallen-v2-p4d-hardneg-rev1-camera1p5m/prompts/PF_P4D_HN_MIX_G001_V02.txt,be4d646fe48b9fe9242b33a3d3164bd4dcd703640d0529b020e938c0fc353d26,be4d646fe48b9fe9242b33a3d3164bd4dcd703640d0529b020e938c0fc353d26,,,,NOT_APPLICABLE_NO_FORMAL_IMAGE,UNEXECUTED_OR_NOT_REUSABLE,SAFE_OUTSTANDING_NOT_CLEAN_ASSET,V3_MIXED_PROMPT_EXPLICIT_NEGATIVE_CONTEXT,PASS_MIXED_EXPLICIT_NEGATIVE,negative,PROMPT_DERIVED_SYNTHETIC_GT,FROZEN_GENERATION_PROMPT_AND_PLANNED_ROLE,false,hard_negative,false,NO_VERIFIED_REUSABLE_CLEAN_ASSET
P4D_PLAN::PF_P4D_HN_MIX_G001_V03,P4D_FROZEN_PLAN_440,PF_P4D_HN_MIX_G001_V03,,PF_P4D_HN_MIX_G001,NEW_DESIGN,EXCLUDE_NOT_REUSABLE,hard_negative,negative,mixed_hard_negative,/home/yanbo/下载/batches/batch_person-fallen-v2-p4d-hardneg-rev1-camera1p5m/prompts/PF_P4D_HN_MIX_G001_V03.txt,e475e725e6be70e72cba942a19f1e6e72dd2b6e6d2def08d73d9a5579b216920,e475e725e6be70e72cba942a19f1e6e72dd2b6e6d2def08d73d9a5579b216920,,,,NOT_APPLICABLE_NO_FORMAL_IMAGE,UNEXECUTED_OR_NOT_REUSABLE,SAFE_OUTSTANDING_NOT_CLEAN_ASSET,V3_MIXED_PROMPT_EXPLICIT_NEGATIVE_CONTEXT,PASS_MIXED_EXPLICIT_NEGATIVE,negative,PROMPT_DERIVED_SYNTHETIC_GT,FROZEN_GENERATION_PROMPT_AND_PLANNED_ROLE,false,hard_negative,false,NO_VERIFIED_REUSABLE_CLEAN_ASSET
P4D_PLAN::PF_P4D_HN_MIX_G001_V04,P4D_FROZEN_PLAN_440,PF_P4D_HN_MIX_G001_V04,,PF_P4D_HN_MIX_G001,NEW_DESIGN,EXCLUDE_NOT_REUSABLE,hard_negative,negative,mixed_hard_negative,/home/yanbo/下载/batches/batch_person-fallen-v2-p4d-hardneg-rev1-camera1p5m/prompts/PF_P4D_HN_MIX_G001_V04.txt,0b23881d17f70795709c5937cf0251821a7c0ffcaa726a662e020ae2f6b99605,0b23881d17f70795709c5937cf0251821a7c0ffcaa726a662e020ae2f6b99605,,,,NOT_APPLICABLE_NO_FORMAL_IMAGE,UNEXECUTED_OR_NOT_REUSABLE,SAFE_OUTSTANDING_NOT_CLEAN_ASSET,V3_MIXED_PROMPT_EXPLICIT_NEGATIVE_CONTEXT,PASS_MIXED_EXPLICIT_NEGATIVE,negative,PROMPT_DERIVED_SYNTHETIC_GT,FROZEN_GENERATION_PROMPT_AND_PLANNED_ROLE,false,hard_negative,false,NO_VERIFIED_REUSABLE_CLEAN_ASSET
P4D_PLAN::PF_P4D_HN_MIX_G001_V05,P4D_FROZEN_PLAN_440,PF_P4D_HN_MIX_G001_V05,,PF_P4D_HN_MIX_G001,NEW_DESIGN,EXCLUDE_NOT_REUSABLE,hard_negative,negative,mixed_hard_negative,/home/yanbo/下载/batches/batch_person-fallen-v2-p4d-hardneg-rev1-camera1p5m/prompts/PF_P4D_HN_MIX_G001_V05.txt,e8a8ffc9aff8a9718dd2e76f39302aa6ba7768dadb8f915be14ed934aba0a4c3,e8a8ffc9aff8a9718dd2e76f39302aa6ba7768dadb8f915be14ed934aba0a4c3,,,,NOT_APPLICABLE_NO_FORMAL_IMAGE,UNEXECUTED_OR_NOT_REUSABLE,SAFE_OUTSTANDING_NOT_CLEAN_ASSET,V3_MIXED_PROMPT_EXPLICIT_NEGATIVE_CONTEXT,PASS_MIXED_EXPLICIT_NEGATIVE,negative,PROMPT_DERIVED_SYNTHETIC_GT,FROZEN_GENERATION_PROMPT_AND_PLANNED_ROLE,false,hard_negative,false,NO_VERIFIED_REUSABLE_CLEAN_ASSET
P4D_PLAN::PF_P4D_HN_MIX_G002_V01,P4D_FROZEN_PLAN_440,PF_P4D_HN_MIX_G002_V01,,PF_P4D_HN_MIX_G002,NEW_DESIGN,EXCLUDE_NOT_REUSABLE,hard_negative,negative,mixed_hard_negative,/home/yanbo/下载/batches/batch_person-fallen-v2-p4d-hardneg-rev1-camera1p5m/prompts/PF_P4D_HN_MIX_G002_V01.txt,2b3b78b945bd7ab80104756566cabc63607c0eff03e591e0b2879e0597c53c64,2b3b78b945bd7ab80104756566cabc63607c0eff03e591e0b2879e0597c53c64,,,,NOT_APPLICABLE_NO_FORMAL_IMAGE,UNEXECUTED_OR_NOT_REUSABLE,SAFE_OUTSTANDING_NOT_CLEAN_ASSET,V3_MIXED_PROMPT_EXPLICIT_NEGATIVE_CONTEXT,PASS_MIXED_EXPLICIT_NEGATIVE,negative,PROMPT_DERIVED_SYNTHETIC_GT,FROZEN_GENERATION_PROMPT_AND_PLANNED_ROLE,false,hard_negative,false,NO_VERIFIED_REUSABLE_CLEAN_ASSET
P4D_PLAN::PF_P4D_HN_MIX_G002_V02,P4D_FROZEN_PLAN_440,PF_P4D_HN_MIX_G002_V02,,PF_P4D_HN_MIX_G002,NEW_DESIGN,EXCLUDE_NOT_REUSABLE,hard_negative,negative,mixed_hard_negative,/home/yanbo/下载/batches/batch_person-fallen-v2-p4d-hardneg-rev1-camera1p5m/prompts/PF_P4D_HN_MIX_G002_V02.txt,3dc73f68b4e1df12232e963b9fcf8272c51264af7f0d2544aae43024516123ca,3dc73f68b4e1df12232e963b9fcf8272c51264af7f0d2544aae43024516123ca,,,,NOT_APPLICABLE_NO_FORMAL_IMAGE,UNEXECUTED_OR_NOT_REUSABLE,SAFE_OUTSTANDING_NOT_CLEAN_ASSET,V3_MIXED_PROMPT_EXPLICIT_NEGATIVE_CONTEXT,PASS_MIXED_EXPLICIT_NEGATIVE,negative,PROMPT_DERIVED_SYNTHETIC_GT,FROZEN_GENERATION_PROMPT_AND_PLANNED_ROLE,false,hard_negative,false,NO_VERIFIED_REUSABLE_CLEAN_ASSET
P4D_PLAN::PF_P4D_HN_MIX_G002_V03,P4D_FROZEN_PLAN_440,PF_P4D_HN_MIX_G002_V03,,PF_P4D_HN_MIX_G002,NEW_DESIGN,EXCLUDE_NOT_REUSABLE,hard_negative,negative,mixed_hard_negative,/home/yanbo/下载/batches/batch_person-fallen-v2-p4d-hardneg-rev1-camera1p5m/prompts/PF_P4D_HN_MIX_G002_V03.txt,5753a3697d381df879158962d2a5bb9475a43e643d14412d633a5a9d5a06a679,5753a3697d381df879158962d2a5bb9475a43e643d14412d633a5a9d5a06a679,,,,NOT_APPLICABLE_NO_FORMAL_IMAGE,UNEXECUTED_OR_NOT_REUSABLE,SAFE_OUTSTANDING_NOT_CLEAN_ASSET,V3_MIXED_PROMPT_EXPLICIT_NEGATIVE_CONTEXT,PASS_MIXED_EXPLICIT_NEGATIVE,negative,PROMPT_DERIVED_SYNTHETIC_GT,FROZEN_GENERATION_PROMPT_AND_PLANNED_ROLE,false,hard_negative,false,NO_VERIFIED_REUSABLE_CLEAN_ASSET
P4D_PLAN::PF_P4D_HN_MIX_G002_V04,P4D_FROZEN_PLAN_440,PF_P4D_HN_MIX_G002_V04,,PF_P4D_HN_MIX_G002,NEW_DESIGN,EXCLUDE_NOT_REUSABLE,hard_negative,negative,mixed_hard_negative,/home/yanbo/下载/batches/batch_person-fallen-v2-p4d-hardneg-rev1-camera1p5m/prompts/PF_P4D_HN_MIX_G002_V04.txt,335b4af4ef00db36f49f1874f4fe022c90f9e01596c54cab0064af29b53b5be1,335b4af4ef00db36f49f1874f4fe022c90f9e01596c54cab0064af29b53b5be1,,,,NOT_APPLICABLE_NO_FORMAL_IMAGE,UNEXECUTED_OR_NOT_REUSABLE,SAFE_OUTSTANDING_NOT_CLEAN_ASSET,V3_MIXED_PROMPT_EXPLICIT_NEGATIVE_CONTEXT,PASS_MIXED_EXPLICIT_NEGATIVE,negative,PROMPT_DERIVED_SYNTHETIC_GT,FROZEN_GENERATION_PROMPT_AND_PLANNED_ROLE,false,hard_negative,false,NO_VERIFIED_REUSABLE_CLEAN_ASSET
P4D_PLAN::PF_P4D_HN_MIX_G002_V05,P4D_FROZEN_PLAN_440,PF_P4D_HN_MIX_G002_V05,,PF_P4D_HN_MIX_G002,NEW_DESIGN,EXCLUDE_NOT_REUSABLE,hard_negative,negative,mixed_hard_negative,/home/yanbo/下载/batches/batch_person-fallen-v2-p4d-hardneg-rev1-camera1p5m/prompts/PF_P4D_HN_MIX_G002_V05.txt,387c6da2cd3b1d8678579a4905f54777b2dc1adfb28e82eb6a51d315627598e5,387c6da2cd3b1d8678579a4905f54777b2dc1adfb28e82eb6a51d315627598e5,,,,NOT_APPLICABLE_NO_FORMAL_IMAGE,UNEXECUTED_OR_NOT_REUSABLE,SAFE_OUTSTANDING_NOT_CLEAN_ASSET,V3_MIXED_PROMPT_EXPLICIT_NEGATIVE_CONTEXT,PASS_MIXED_EXPLICIT_NEGATIVE,negative,PROMPT_DERIVED_SYNTHETIC_GT,FROZEN_GENERATION_PROMPT_AND_PLANNED_ROLE,false,hard_negative,false,NO_VERIFIED_REUSABLE_CLEAN_ASSET
P4D_PLAN::PF_P4D_HN_MIX_G003_V01,P4D_FROZEN_PLAN_440,PF_P4D_HN_MIX_G003_V01,,PF_P4D_HN_MIX_G003,NEW_SCREEN,V3_SCREEN,hard_negative,negative,mixed_hard_negative,/home/yanbo/下载/batches/batch_person-fallen-v2-p4d-hardneg-rev1-camera1p5m/prompts/PF_P4D_HN_MIX_G003_V01.txt,49e11bb9201912221b692c599796bcc5c39fa42631f5e5ba6572ecf6c4e2ea89,49e11bb9201912221b692c599796bcc5c39fa42631f5e5ba6572ecf6c4e2ea89,/home/yanbo/net_vlm_person_fallen_v2_optimization/08_p4d_new_hard_negative_dev_revision/02_generation/gr3_fullregen/06_execution/quota_campaign_window_05_gr3q8_authorized_20260831_01/08_final/PF_P4D_HN_MIX_G003_V01.png,bf382895a2f7b29162c6b32fbde747c1071625c5053789b4360f469942e1d234,bf382895a2f7b29162c6b32fbde747c1071625c5053789b4360f469942e1d234,FAST_CLOSE_EXPECTED_AND_ACTUAL,REUSABLE_P4D_CLEAN_FAST_CLOSE,P4D_FAST_CLOSE_PROVENANCE_MECHANICAL_LINEAGE_PASS,V3_MIXED_PROMPT_EXPLICIT_NEGATIVE_CONTEXT,PASS_MIXED_EXPLICIT_NEGATIVE,negative,PROMPT_DERIVED_SYNTHETIC_GT,FROZEN_GENERATION_PROMPT_AND_PLANNED_ROLE,false,hard_negative,true,
P4D_PLAN::PF_P4D_HN_MIX_G003_V02,P4D_FROZEN_PLAN_440,PF_P4D_HN_MIX_G003_V02,,PF_P4D_HN_MIX_G003,NEW_SCREEN,V3_SCREEN,hard_negative,negative,mixed_hard_negative,/home/yanbo/下载/batches/batch_person-fallen-v2-p4d-hardneg-rev1-camera1p5m/prompts/PF_P4D_HN_MIX_G003_V02.txt,99310ef8c1ceca3ae54b97b256727e0c463f0c5bd58314b46e674851fe22a544,99310ef8c1ceca3ae54b97b256727e0c463f0c5bd58314b46e674851fe22a544,/home/yanbo/net_vlm_person_fallen_v2_optimization/08_p4d_new_hard_negative_dev_revision/02_generation/gr3_fullregen/06_execution/quota_campaign_window_05_gr3q8_authorized_20260831_01/08_final/PF_P4D_HN_MIX_G003_V02.png,bfdd5e06500f9a54dee1443f8ee51c40db46695c54ad94c54e237330bc1929fa,bfdd5e06500f9a54dee1443f8ee51c40db46695c54ad94c54e237330bc1929fa,FAST_CLOSE_EXPECTED_AND_ACTUAL,REUSABLE_P4D_CLEAN_FAST_CLOSE,P4D_FAST_CLOSE_PROVENANCE_MECHANICAL_LINEAGE_PASS,V3_MIXED_PROMPT_EXPLICIT_NEGATIVE_CONTEXT,PASS_MIXED_EXPLICIT_NEGATIVE,negative,PROMPT_DERIVED_SYNTHETIC_GT,FROZEN_GENERATION_PROMPT_AND_PLANNED_ROLE,false,hard_negative,true,
P4D_PLAN::PF_P4D_HN_MIX_G003_V03,P4D_FROZEN_PLAN_440,PF_P4D_HN_MIX_G003_V03,,PF_P4D_HN_MIX_G003,NEW_SCREEN,V3_SCREEN,hard_negative,negative,mixed_hard_negative,/home/yanbo/下载/batches/batch_person-fallen-v2-p4d-hardneg-rev1-camera1p5m/prompts/PF_P4D_HN_MIX_G003_V03.txt,15606e25cedaeb1d1c364e9cc30d7fd68106b8eaca9308c6eebcf24401840062,15606e25cedaeb1d1c364e9cc30d7fd68106b8eaca9308c6eebcf24401840062,/home/yanbo/net_vlm_person_fallen_v2_optimization/08_p4d_new_hard_negative_dev_revision/02_generation/gr3_fullregen/06_execution/quota_campaign_window_05_gr3q8_authorized_20260831_01/08_final/PF_P4D_HN_MIX_G003_V03.png,de1ce3010d3bc086c0309de6621809c70a175b49a67c18b30894fbb0165c1bc5,de1ce3010d3bc086c0309de6621809c70a175b49a67c18b30894fbb0165c1bc5,FAST_CLOSE_EXPECTED_AND_ACTUAL,REUSABLE_P4D_CLEAN_FAST_CLOSE,P4D_FAST_CLOSE_PROVENANCE_MECHANICAL_LINEAGE_PASS,V3_MIXED_PROMPT_EXPLICIT_NEGATIVE_CONTEXT,PASS_MIXED_EXPLICIT_NEGATIVE,negative,PROMPT_DERIVED_SYNTHETIC_GT,FROZEN_GENERATION_PROMPT_AND_PLANNED_ROLE,false,hard_negative,true,
P4D_PLAN::PF_P4D_HN_MIX_G003_V04,P4D_FROZEN_PLAN_440,PF_P4D_HN_MIX_G003_V04,,PF_P4D_HN_MIX_G003,NEW_SCREEN,V3_SCREEN,hard_negative,negative,mixed_hard_negative,/home/yanbo/下载/batches/batch_person-fallen-v2-p4d-hardneg-rev1-camera1p5m/prompts/PF_P4D_HN_MIX_G003_V04.txt,481fbf877dc576abad2c7d3d30b66f4b9d0d55a3ca6f038fa100a23cf756373f,481fbf877dc576abad2c7d3d30b66f4b9d0d55a3ca6f038fa100a23cf756373f,/home/yanbo/net_vlm_person_fallen_v2_optimization/08_p4d_new_hard_negative_dev_revision/02_generation/gr3_fullregen/06_execution/quota_campaign_window_05_gr3q8_authorized_20260831_01/08_final/PF_P4D_HN_MIX_G003_V04.png,17eaf46440682d6ca3e41a449e33a4d7c3e463f3a963ce0758753425af643b13,17eaf46440682d6ca3e41a449e33a4d7c3e463f3a963ce0758753425af643b13,FAST_CLOSE_EXPECTED_AND_ACTUAL,REUSABLE_P4D_CLEAN_FAST_CLOSE,P4D_FAST_CLOSE_PROVENANCE_MECHANICAL_LINEAGE_PASS,V3_MIXED_PROMPT_EXPLICIT_NEGATIVE_CONTEXT,PASS_MIXED_EXPLICIT_NEGATIVE,negative,PROMPT_DERIVED_SYNTHETIC_GT,FROZEN_GENERATION_PROMPT_AND_PLANNED_ROLE,false,hard_negative,true,
P4D_PLAN::PF_P4D_HN_MIX_G003_V05,P4D_FROZEN_PLAN_440,PF_P4D_HN_MIX_G003_V05,,PF_P4D_HN_MIX_G003,NEW_SCREEN,V3_SCREEN,hard_negative,negative,mixed_hard_negative,/home/yanbo/下载/batches/batch_person-fallen-v2-p4d-hardneg-rev1-camera1p5m/prompts/PF_P4D_HN_MIX_G003_V05.txt,ae0035761ecade2534a18d8bb24cc510fb08756f2a0ba60cfdc203be6aa4269b,ae0035761ecade2534a18d8bb24cc510fb08756f2a0ba60cfdc203be6aa4269b,/home/yanbo/net_vlm_person_fallen_v2_optimization/08_p4d_new_hard_negative_dev_revision/02_generation/gr3_fullregen/06_execution/quota_campaign_window_05_gr3q8_authorized_20260831_01/08_final/PF_P4D_HN_MIX_G003_V05.png,da444bdf191fde922674c5921d71193faee7832d1313d3af2e1e4fecfab5221d,da444bdf191fde922674c5921d71193faee7832d1313d3af2e1e4fecfab5221d,FAST_CLOSE_EXPECTED_AND_ACTUAL,REUSABLE_P4D_CLEAN_FAST_CLOSE,P4D_FAST_CLOSE_PROVENANCE_MECHANICAL_LINEAGE_PASS,V3_MIXED_PROMPT_EXPLICIT_NEGATIVE_CONTEXT,PASS_MIXED_EXPLICIT_NEGATIVE,negative,PROMPT_DERIVED_SYNTHETIC_GT,FROZEN_GENERATION_PROMPT_AND_PLANNED_ROLE,false,hard_negative,true,
P4D_PLAN::PF_P4D_HN_MIX_G004_V01,P4D_FROZEN_PLAN_440,PF_P4D_HN_MIX_G004_V01,,PF_P4D_HN_MIX_G004,NEW_SCREEN,AUXILIARY_DIAGNOSTIC_ONLY,hard_negative,negative,mixed_hard_negative,/home/yanbo/下载/batches/batch_person-fallen-v2-p4d-hardneg-rev1-camera1p5m/prompts/PF_P4D_HN_MIX_G004_V01.txt,84bd49f98d6da3b3d4656e47296e81b97026e4e2146735de24dc4285a09ca7f3,84bd49f98d6da3b3d4656e47296e81b97026e4e2146735de24dc4285a09ca7f3,,,,NOT_APPLICABLE_NO_FORMAL_IMAGE,Q9_BINDING_BLOCKED,Q9_POSTRUN_CONFIG_BINDING_MISMATCH,V3_MIXED_PROMPT_EXPLICIT_NEGATIVE_CONTEXT,PASS_MIXED_EXPLICIT_NEGATIVE,negative,PROMPT_DERIVED_SYNTHETIC_GT,FROZEN_GENERATION_PROMPT_AND_PLANNED_ROLE,false,hard_negative,false,Q9_BINDING_BLOCKED_NOT_FORMAL_V3_MAIN_METRICS
P4D_PLAN::PF_P4D_HN_MIX_G004_V02,P4D_FROZEN_PLAN_440,PF_P4D_HN_MIX_G004_V02,,PF_P4D_HN_MIX_G004,NEW_SCREEN,AUXILIARY_DIAGNOSTIC_ONLY,hard_negative,negative,mixed_hard_negative,/home/yanbo/下载/batches/batch_person-fallen-v2-p4d-hardneg-rev1-camera1p5m/prompts/PF_P4D_HN_MIX_G004_V02.txt,5796b2c3728a6b9561a68398d2305ec166839dc83694012cc36aa08735e17a2f,5796b2c3728a6b9561a68398d2305ec166839dc83694012cc36aa08735e17a2f,,,,NOT_APPLICABLE_NO_FORMAL_IMAGE,Q9_BINDING_BLOCKED,Q9_POSTRUN_CONFIG_BINDING_MISMATCH,V3_MIXED_PROMPT_EXPLICIT_NEGATIVE_CONTEXT,PASS_MIXED_EXPLICIT_NEGATIVE,negative,PROMPT_DERIVED_SYNTHETIC_GT,FROZEN_GENERATION_PROMPT_AND_PLANNED_ROLE,false,hard_negative,false,Q9_BINDING_BLOCKED_NOT_FORMAL_V3_MAIN_METRICS
P4D_PLAN::PF_P4D_HN_MIX_G004_V03,P4D_FROZEN_PLAN_440,PF_P4D_HN_MIX_G004_V03,,PF_P4D_HN_MIX_G004,NEW_SCREEN,AUXILIARY_DIAGNOSTIC_ONLY,hard_negative,negative,mixed_hard_negative,/home/yanbo/下载/batches/batch_person-fallen-v2-p4d-hardneg-rev1-camera1p5m/prompts/PF_P4D_HN_MIX_G004_V03.txt,b6ed7c2bb59f0e9cb7b5e1fc4cbb1af8ab87c03b8e06d8584392a682072c15e7,b6ed7c2bb59f0e9cb7b5e1fc4cbb1af8ab87c03b8e06d8584392a682072c15e7,,,,NOT_APPLICABLE_NO_FORMAL_IMAGE,Q9_BINDING_BLOCKED,Q9_POSTRUN_CONFIG_BINDING_MISMATCH,V3_MIXED_PROMPT_EXPLICIT_NEGATIVE_CONTEXT,PASS_MIXED_EXPLICIT_NEGATIVE,negative,PROMPT_DERIVED_SYNTHETIC_GT,FROZEN_GENERATION_PROMPT_AND_PLANNED_ROLE,false,hard_negative,false,Q9_BINDING_BLOCKED_NOT_FORMAL_V3_MAIN_METRICS
P4D_PLAN::PF_P4D_HN_MIX_G004_V04,P4D_FROZEN_PLAN_440,PF_P4D_HN_MIX_G004_V04,,PF_P4D_HN_MIX_G004,NEW_SCREEN,AUXILIARY_DIAGNOSTIC_ONLY,hard_negative,negative,mixed_hard_negative,/home/yanbo/下载/batches/batch_person-fallen-v2-p4d-hardneg-rev1-camera1p5m/prompts/PF_P4D_HN_MIX_G004_V04.txt,e04a248009ab3e6e8a898ef746a9fd6967091fe2ee8a8f8f098562946f858b63,e04a248009ab3e6e8a898ef746a9fd6967091fe2ee8a8f8f098562946f858b63,,,,NOT_APPLICABLE_NO_FORMAL_IMAGE,Q9_BINDING_BLOCKED,Q9_POSTRUN_CONFIG_BINDING_MISMATCH,V3_MIXED_PROMPT_EXPLICIT_NEGATIVE_CONTEXT,PASS_MIXED_EXPLICIT_NEGATIVE,negative,PROMPT_DERIVED_SYNTHETIC_GT,FROZEN_GENERATION_PROMPT_AND_PLANNED_ROLE,false,hard_negative,false,Q9_BINDING_BLOCKED_NOT_FORMAL_V3_MAIN_METRICS
P4D_PLAN::PF_P4D_HN_MIX_G004_V05,P4D_FROZEN_PLAN_440,PF_P4D_HN_MIX_G004_V05,,PF_P4D_HN_MIX_G004,NEW_SCREEN,AUXILIARY_DIAGNOSTIC_ONLY,hard_negative,negative,mixed_hard_negative,/home/yanbo/下载/batches/batch_person-fallen-v2-p4d-hardneg-rev1-camera1p5m/prompts/PF_P4D_HN_MIX_G004_V05.txt,4a481471271948cf9177ba3d20dfd0feabf6f0462e02dbf347f461c1bd398aff,4a481471271948cf9177ba3d20dfd0feabf6f0462e02dbf347f461c1bd398aff,,,,NOT_APPLICABLE_NO_FORMAL_IMAGE,Q9_BINDING_BLOCKED,Q9_POSTRUN_CONFIG_BINDING_MISMATCH,V3_MIXED_PROMPT_EXPLICIT_NEGATIVE_CONTEXT,PASS_MIXED_EXPLICIT_NEGATIVE,negative,PROMPT_DERIVED_SYNTHETIC_GT,FROZEN_GENERATION_PROMPT_AND_PLANNED_ROLE,false,hard_negative,false,Q9_BINDING_BLOCKED_NOT_FORMAL_V3_MAIN_METRICS
P4D_PLAN::PF_P4D_POS_SUPINE_G001_V01,P4D_FROZEN_PLAN_440,PF_P4D_POS_SUPINE_G001_V01,,PF_P4D_POS_SUPINE_G001,NEW_DESIGN,V3_DEV,positive,positive,supine_ground_lying,/home/yanbo/下载/batches/batch_person-fallen-v2-p4d-hardneg-rev1-camera1p5m/prompts/PF_P4D_POS_SUPINE_G001_V01.txt,80c184f9a3d90728487441566d8fea91ecaae77e585eb5227343e30306e7da7f,80c184f9a3d90728487441566d8fea91ecaae77e585eb5227343e30306e7da7f,/home/yanbo/net_vlm_person_fallen_v2_optimization/08_p4d_new_hard_negative_dev_revision/02_generation/gr3_fullregen/06_execution/quota_campaign_window_05_gr3q8_authorized_20260831_01/08_final/PF_P4D_POS_SUPINE_G001_V01.png,e3e039b8e2130df68ff57dea9ba8cb49ac5a1f1ab7ac8cc6327d084589b26b90,e3e039b8e2130df68ff57dea9ba8cb49ac5a1f1ab7ac8cc6327d084589b26b90,FAST_CLOSE_EXPECTED_AND_ACTUAL,REUSABLE_P4D_CLEAN_FAST_CLOSE,P4D_FAST_CLOSE_PROVENANCE_MECHANICAL_LINEAGE_PASS,V3_SUPINE_GROUND_LYING_POSITIVE,PASS_EXPLICIT_POSTURE_CUE,positive,PROMPT_DERIVED_SYNTHETIC_GT,FROZEN_GENERATION_PROMPT_AND_PLANNED_ROLE,false,positive,true,
P4D_PLAN::PF_P4D_POS_SUPINE_G001_V02,P4D_FROZEN_PLAN_440,PF_P4D_POS_SUPINE_G001_V02,,PF_P4D_POS_SUPINE_G001,NEW_DESIGN,V3_DEV,positive,positive,supine_ground_lying,/home/yanbo/下载/batches/batch_person-fallen-v2-p4d-hardneg-rev1-camera1p5m/prompts/PF_P4D_POS_SUPINE_G001_V02.txt,e5dbf5a3b3a07d073c312ad43195f928aee033cb70f655118bf9727507e4b9d9,e5dbf5a3b3a07d073c312ad43195f928aee033cb70f655118bf9727507e4b9d9,/home/yanbo/net_vlm_person_fallen_v2_optimization/08_p4d_new_hard_negative_dev_revision/02_generation/gr3_fullregen/06_execution/quota_campaign_window_05_gr3q8_authorized_20260831_01/08_final/PF_P4D_POS_SUPINE_G001_V02.png,9eb06de9fbfb73dd717675234cca81ed2374265640fae06a3a4b2ddda116d403,9eb06de9fbfb73dd717675234cca81ed2374265640fae06a3a4b2ddda116d403,FAST_CLOSE_EXPECTED_AND_ACTUAL,REUSABLE_P4D_CLEAN_FAST_CLOSE,P4D_FAST_CLOSE_PROVENANCE_MECHANICAL_LINEAGE_PASS,V3_SUPINE_GROUND_LYING_POSITIVE,PASS_EXPLICIT_POSTURE_CUE,positive,PROMPT_DERIVED_SYNTHETIC_GT,FROZEN_GENERATION_PROMPT_AND_PLANNED_ROLE,false,positive,true,
P4D_PLAN::PF_P4D_POS_SUPINE_G001_V03,P4D_FROZEN_PLAN_440,PF_P4D_POS_SUPINE_G001_V03,,PF_P4D_POS_SUPINE_G001,NEW_DESIGN,V3_DEV,positive,positive,supine_ground_lying,/home/yanbo/下载/batches/batch_person-fallen-v2-p4d-hardneg-rev1-camera1p5m/prompts/PF_P4D_POS_SUPINE_G001_V03.txt,63325762bee694281780c8909d89cf25c05e5d2a33fd282127cb6ac79732f6d9,63325762bee694281780c8909d89cf25c05e5d2a33fd282127cb6ac79732f6d9,/home/yanbo/net_vlm_person_fallen_v2_optimization/08_p4d_new_hard_negative_dev_revision/02_generation/gr3_fullregen/06_execution/quota_campaign_window_05_gr3q8_authorized_20260831_01/08_final/PF_P4D_POS_SUPINE_G001_V03.png,03d8aaca8ea998c335dbe9a16a82425467785c2ae2c7663d0f420cb784d72515,03d8aaca8ea998c335dbe9a16a82425467785c2ae2c7663d0f420cb784d72515,FAST_CLOSE_EXPECTED_AND_ACTUAL,REUSABLE_P4D_CLEAN_FAST_CLOSE,P4D_FAST_CLOSE_PROVENANCE_MECHANICAL_LINEAGE_PASS,V3_SUPINE_GROUND_LYING_POSITIVE,PASS_EXPLICIT_POSTURE_CUE,positive,PROMPT_DERIVED_SYNTHETIC_GT,FROZEN_GENERATION_PROMPT_AND_PLANNED_ROLE,false,positive,true,
P4D_PLAN::PF_P4D_POS_SUPINE_G001_V04,P4D_FROZEN_PLAN_440,PF_P4D_POS_SUPINE_G001_V04,,PF_P4D_POS_SUPINE_G001,NEW_DESIGN,V3_DEV,positive,positive,supine_ground_lying,/home/yanbo/下载/batches/batch_person-fallen-v2-p4d-hardneg-rev1-camera1p5m/prompts/PF_P4D_POS_SUPINE_G001_V04.txt,dd7ea143104aebe67054609f9141324bba2e4e42af9b91a538169c011a9fc8ed,dd7ea143104aebe67054609f9141324bba2e4e42af9b91a538169c011a9fc8ed,/home/yanbo/net_vlm_person_fallen_v2_optimization/08_p4d_new_hard_negative_dev_revision/02_generation/gr3_fullregen/06_execution/quota_campaign_window_05_gr3q8_authorized_20260831_01/08_final/PF_P4D_POS_SUPINE_G001_V04.png,5b0bd30173956a0bffc6529e8e80248139cd2e98db8d58c47d2c635bea96997d,5b0bd30173956a0bffc6529e8e80248139cd2e98db8d58c47d2c635bea96997d,FAST_CLOSE_EXPECTED_AND_ACTUAL,REUSABLE_P4D_CLEAN_FAST_CLOSE,P4D_FAST_CLOSE_PROVENANCE_MECHANICAL_LINEAGE_PASS,V3_SUPINE_GROUND_LYING_POSITIVE,PASS_EXPLICIT_POSTURE_CUE,positive,PROMPT_DERIVED_SYNTHETIC_GT,FROZEN_GENERATION_PROMPT_AND_PLANNED_ROLE,false,positive,true,
P4D_PLAN::PF_P4D_POS_SUPINE_G001_V05,P4D_FROZEN_PLAN_440,PF_P4D_POS_SUPINE_G001_V05,,PF_P4D_POS_SUPINE_G001,NEW_DESIGN,V3_DEV,positive,positive,supine_ground_lying,/home/yanbo/下载/batches/batch_person-fallen-v2-p4d-hardneg-rev1-camera1p5m/prompts/PF_P4D_POS_SUPINE_G001_V05.txt,3c1c684d63321e001fadbf7f56b88f3a6479a5267fbb86e591090010be4b8cf4,3c1c684d63321e001fadbf7f56b88f3a6479a5267fbb86e591090010be4b8cf4,/home/yanbo/net_vlm_person_fallen_v2_optimization/08_p4d_new_hard_negative_dev_revision/02_generation/gr3_fullregen/06_execution/quota_campaign_window_05_gr3q8_authorized_20260831_01/08_final/PF_P4D_POS_SUPINE_G001_V05.png,9273361ba7cea7d5d4a23ccc85d8a3f4b5bdbf992c337a8cb562a5d31b6dc290,9273361ba7cea7d5d4a23ccc85d8a3f4b5bdbf992c337a8cb562a5d31b6dc290,FAST_CLOSE_EXPECTED_AND_ACTUAL,REUSABLE_P4D_CLEAN_FAST_CLOSE,P4D_FAST_CLOSE_PROVENANCE_MECHANICAL_LINEAGE_PASS,V3_SUPINE_GROUND_LYING_POSITIVE,PASS_EXPLICIT_POSTURE_CUE,positive,PROMPT_DERIVED_SYNTHETIC_GT,FROZEN_GENERATION_PROMPT_AND_PLANNED_ROLE,false,positive,true,
P4D_PLAN::PF_P4D_POS_SUPINE_G002_V01,P4D_FROZEN_PLAN_440,PF_P4D_POS_SUPINE_G002_V01,,PF_P4D_POS_SUPINE_G002,NEW_DESIGN,EXCLUDE_NOT_REUSABLE,positive,positive,supine_ground_lying,/home/yanbo/下载/batches/batch_person-fallen-v2-p4d-hardneg-rev1-camera1p5m/prompts/PF_P4D_POS_SUPINE_G002_V01.txt,95b5c5c3c5b56b625b0c05af43082e7eaf279ee5a1db6a80278bea1e006e317f,95b5c5c3c5b56b625b0c05af43082e7eaf279ee5a1db6a80278bea1e006e317f,,,,NOT_APPLICABLE_NO_FORMAL_IMAGE,UNEXECUTED_OR_NOT_REUSABLE,SAFE_OUTSTANDING_NOT_CLEAN_ASSET,V3_SUPINE_GROUND_LYING_POSITIVE,PASS_EXPLICIT_POSTURE_CUE,positive,PROMPT_DERIVED_SYNTHETIC_GT,FROZEN_GENERATION_PROMPT_AND_PLANNED_ROLE,false,positive,false,NO_VERIFIED_REUSABLE_CLEAN_ASSET
P4D_PLAN::PF_P4D_POS_SUPINE_G002_V02,P4D_FROZEN_PLAN_440,PF_P4D_POS_SUPINE_G002_V02,,PF_P4D_POS_SUPINE_G002,NEW_DESIGN,EXCLUDE_NOT_REUSABLE,positive,positive,supine_ground_lying,/home/yanbo/下载/batches/batch_person-fallen-v2-p4d-hardneg-rev1-camera1p5m/prompts/PF_P4D_POS_SUPINE_G002_V02.txt,a214f683ab67f6409c4940ea767dc3f67a7822845df209c9514bc2c0932fc312,a214f683ab67f6409c4940ea767dc3f67a7822845df209c9514bc2c0932fc312,,,,NOT_APPLICABLE_NO_FORMAL_IMAGE,UNEXECUTED_OR_NOT_REUSABLE,SAFE_OUTSTANDING_NOT_CLEAN_ASSET,V3_SUPINE_GROUND_LYING_POSITIVE,PASS_EXPLICIT_POSTURE_CUE,positive,PROMPT_DERIVED_SYNTHETIC_GT,FROZEN_GENERATION_PROMPT_AND_PLANNED_ROLE,false,positive,false,NO_VERIFIED_REUSABLE_CLEAN_ASSET
P4D_PLAN::PF_P4D_POS_SUPINE_G002_V03,P4D_FROZEN_PLAN_440,PF_P4D_POS_SUPINE_G002_V03,,PF_P4D_POS_SUPINE_G002,NEW_DESIGN,EXCLUDE_NOT_REUSABLE,positive,positive,supine_ground_lying,/home/yanbo/下载/batches/batch_person-fallen-v2-p4d-hardneg-rev1-camera1p5m/prompts/PF_P4D_POS_SUPINE_G002_V03.txt,d25a769f110c5b6f089e5a14762c128edf9c0c7c84936055c863f2ab9f9d6da8,d25a769f110c5b6f089e5a14762c128edf9c0c7c84936055c863f2ab9f9d6da8,,,,NOT_APPLICABLE_NO_FORMAL_IMAGE,UNEXECUTED_OR_NOT_REUSABLE,SAFE_OUTSTANDING_NOT_CLEAN_ASSET,V3_SUPINE_GROUND_LYING_POSITIVE,PASS_EXPLICIT_POSTURE_CUE,positive,PROMPT_DERIVED_SYNTHETIC_GT,FROZEN_GENERATION_PROMPT_AND_PLANNED_ROLE,false,positive,false,NO_VERIFIED_REUSABLE_CLEAN_ASSET
P4D_PLAN::PF_P4D_POS_SUPINE_G002_V04,P4D_FROZEN_PLAN_440,PF_P4D_POS_SUPINE_G002_V04,,PF_P4D_POS_SUPINE_G002,NEW_DESIGN,EXCLUDE_NOT_REUSABLE,positive,positive,supine_ground_lying,/home/yanbo/下载/batches/batch_person-fallen-v2-p4d-hardneg-rev1-camera1p5m/prompts/PF_P4D_POS_SUPINE_G002_V04.txt,d40c5973b25ad014749e57c58f596a5cbf0df2836d59f16610023184cc7a1c6b,d40c5973b25ad014749e57c58f596a5cbf0df2836d59f16610023184cc7a1c6b,,,,NOT_APPLICABLE_NO_FORMAL_IMAGE,UNEXECUTED_OR_NOT_REUSABLE,SAFE_OUTSTANDING_NOT_CLEAN_ASSET,V3_SUPINE_GROUND_LYING_POSITIVE,PASS_EXPLICIT_POSTURE_CUE,positive,PROMPT_DERIVED_SYNTHETIC_GT,FROZEN_GENERATION_PROMPT_AND_PLANNED_ROLE,false,positive,false,NO_VERIFIED_REUSABLE_CLEAN_ASSET
P4D_PLAN::PF_P4D_POS_SUPINE_G002_V05,P4D_FROZEN_PLAN_440,PF_P4D_POS_SUPINE_G002_V05,,PF_P4D_POS_SUPINE_G002,NEW_DESIGN,EXCLUDE_NOT_REUSABLE,positive,positive,supine_ground_lying,/home/yanbo/下载/batches/batch_person-fallen-v2-p4d-hardneg-rev1-camera1p5m/prompts/PF_P4D_POS_SUPINE_G002_V05.txt,5057c99cdd66351925b3ec17b2b37b0a6eb4b2232dc5259aab93638056311466,5057c99cdd66351925b3ec17b2b37b0a6eb4b2232dc5259aab93638056311466,,,,NOT_APPLICABLE_NO_FORMAL_IMAGE,UNEXECUTED_OR_NOT_REUSABLE,SAFE_OUTSTANDING_NOT_CLEAN_ASSET,V3_SUPINE_GROUND_LYING_POSITIVE,PASS_EXPLICIT_POSTURE_CUE,positive,PROMPT_DERIVED_SYNTHETIC_GT,FROZEN_GENERATION_PROMPT_AND_PLANNED_ROLE,false,positive,false,NO_VERIFIED_REUSABLE_CLEAN_ASSET
P4D_PLAN::PF_P4D_POS_SUPINE_G003_V01,P4D_FROZEN_PLAN_440,PF_P4D_POS_SUPINE_G003_V01,,PF_P4D_POS_SUPINE_G003,NEW_DESIGN,EXCLUDE_NOT_REUSABLE,positive,positive,supine_ground_lying,/home/yanbo/下载/batches/batch_person-fallen-v2-p4d-hardneg-rev1-camera1p5m/prompts/PF_P4D_POS_SUPINE_G003_V01.txt,970c2819e56e22d0fc7f0e17b118f6a2a147aee06b6e7b46bbe215588e3361f6,970c2819e56e22d0fc7f0e17b118f6a2a147aee06b6e7b46bbe215588e3361f6,,,,NOT_APPLICABLE_NO_FORMAL_IMAGE,UNEXECUTED_OR_NOT_REUSABLE,SAFE_OUTSTANDING_NOT_CLEAN_ASSET,V3_SUPINE_GROUND_LYING_POSITIVE,PASS_EXPLICIT_POSTURE_CUE,positive,PROMPT_DERIVED_SYNTHETIC_GT,FROZEN_GENERATION_PROMPT_AND_PLANNED_ROLE,false,positive,false,NO_VERIFIED_REUSABLE_CLEAN_ASSET
P4D_PLAN::PF_P4D_POS_SUPINE_G003_V02,P4D_FROZEN_PLAN_440,PF_P4D_POS_SUPINE_G003_V02,,PF_P4D_POS_SUPINE_G003,NEW_DESIGN,EXCLUDE_NOT_REUSABLE,positive,positive,supine_ground_lying,/home/yanbo/下载/batches/batch_person-fallen-v2-p4d-hardneg-rev1-camera1p5m/prompts/PF_P4D_POS_SUPINE_G003_V02.txt,154bf33d213f892fceb1d700dbd21a38a843ca0eae4a8c696cb0ae1248c9aa1d,154bf33d213f892fceb1d700dbd21a38a843ca0eae4a8c696cb0ae1248c9aa1d,,,,NOT_APPLICABLE_NO_FORMAL_IMAGE,UNEXECUTED_OR_NOT_REUSABLE,SAFE_OUTSTANDING_NOT_CLEAN_ASSET,V3_SUPINE_GROUND_LYING_POSITIVE,PASS_EXPLICIT_POSTURE_CUE,positive,PROMPT_DERIVED_SYNTHETIC_GT,FROZEN_GENERATION_PROMPT_AND_PLANNED_ROLE,false,positive,false,NO_VERIFIED_REUSABLE_CLEAN_ASSET
P4D_PLAN::PF_P4D_POS_SUPINE_G003_V03,P4D_FROZEN_PLAN_440,PF_P4D_POS_SUPINE_G003_V03,,PF_P4D_POS_SUPINE_G003,NEW_DESIGN,EXCLUDE_NOT_REUSABLE,positive,positive,supine_ground_lying,/home/yanbo/下载/batches/batch_person-fallen-v2-p4d-hardneg-rev1-camera1p5m/prompts/PF_P4D_POS_SUPINE_G003_V03.txt,0d345a62d2691bdcd5977cd642e16916816c77f1523d01d2eb4fddad74e93bde,0d345a62d2691bdcd5977cd642e16916816c77f1523d01d2eb4fddad74e93bde,,,,NOT_APPLICABLE_NO_FORMAL_IMAGE,UNEXECUTED_OR_NOT_REUSABLE,SAFE_OUTSTANDING_NOT_CLEAN_ASSET,V3_SUPINE_GROUND_LYING_POSITIVE,PASS_EXPLICIT_POSTURE_CUE,positive,PROMPT_DERIVED_SYNTHETIC_GT,FROZEN_GENERATION_PROMPT_AND_PLANNED_ROLE,false,positive,false,NO_VERIFIED_REUSABLE_CLEAN_ASSET
P4D_PLAN::PF_P4D_POS_SUPINE_G003_V04,P4D_FROZEN_PLAN_440,PF_P4D_POS_SUPINE_G003_V04,,PF_P4D_POS_SUPINE_G003,NEW_DESIGN,EXCLUDE_NOT_REUSABLE,positive,positive,supine_ground_lying,/home/yanbo/下载/batches/batch_person-fallen-v2-p4d-hardneg-rev1-camera1p5m/prompts/PF_P4D_POS_SUPINE_G003_V04.txt,92ea4a1c3a882d943a398a58e50546cd32a9e056cb650ecd89b4bb42536aa00c,92ea4a1c3a882d943a398a58e50546cd32a9e056cb650ecd89b4bb42536aa00c,,,,NOT_APPLICABLE_NO_FORMAL_IMAGE,UNEXECUTED_OR_NOT_REUSABLE,SAFE_OUTSTANDING_NOT_CLEAN_ASSET,V3_SUPINE_GROUND_LYING_POSITIVE,PASS_EXPLICIT_POSTURE_CUE,positive,PROMPT_DERIVED_SYNTHETIC_GT,FROZEN_GENERATION_PROMPT_AND_PLANNED_ROLE,false,positive,false,NO_VERIFIED_REUSABLE_CLEAN_ASSET
P4D_PLAN::PF_P4D_POS_SUPINE_G003_V05,P4D_FROZEN_PLAN_440,PF_P4D_POS_SUPINE_G003_V05,,PF_P4D_POS_SUPINE_G003,NEW_DESIGN,EXCLUDE_NOT_REUSABLE,positive,positive,supine_ground_lying,/home/yanbo/下载/batches/batch_person-fallen-v2-p4d-hardneg-rev1-camera1p5m/prompts/PF_P4D_POS_SUPINE_G003_V05.txt,8870cbc9b80ef5673039e50f1096d4a84526f8cde322cc0a7fabbd817da85573,8870cbc9b80ef5673039e50f1096d4a84526f8cde322cc0a7fabbd817da85573,,,,NOT_APPLICABLE_NO_FORMAL_IMAGE,UNEXECUTED_OR_NOT_REUSABLE,SAFE_OUTSTANDING_NOT_CLEAN_ASSET,V3_SUPINE_GROUND_LYING_POSITIVE,PASS_EXPLICIT_POSTURE_CUE,positive,PROMPT_DERIVED_SYNTHETIC_GT,FROZEN_GENERATION_PROMPT_AND_PLANNED_ROLE,false,positive,false,NO_VERIFIED_REUSABLE_CLEAN_ASSET
P4D_PLAN::PF_P4D_POS_SUPINE_G004_V01,P4D_FROZEN_PLAN_440,PF_P4D_POS_SUPINE_G004_V01,,PF_P4D_POS_SUPINE_G004,NEW_SCREEN,V3_SCREEN,positive,positive,supine_ground_lying,/home/yanbo/下载/batches/batch_person-fallen-v2-p4d-hardneg-rev1-camera1p5m/prompts/PF_P4D_POS_SUPINE_G004_V01.txt,e3e5534f84134d8449aba874ed81b45328e90470ac282c85d8879207ec3e2cb7,e3e5534f84134d8449aba874ed81b45328e90470ac282c85d8879207ec3e2cb7,/home/yanbo/net_vlm_person_fallen_v2_optimization/08_p4d_new_hard_negative_dev_revision/02_generation/gr3_fullregen/06_execution/quota_campaign_window_01_authorized_20260830_05/08_final/PF_P4D_POS_SUPINE_G004_V01.png,8099807b5016585ee3ad05867beafcc3a6c1d9ac4bd836157d6d0909519859d2,8099807b5016585ee3ad05867beafcc3a6c1d9ac4bd836157d6d0909519859d2,FAST_CLOSE_EXPECTED_AND_ACTUAL,REUSABLE_P4D_CLEAN_FAST_CLOSE,P4D_FAST_CLOSE_PROVENANCE_MECHANICAL_LINEAGE_PASS,V3_SUPINE_GROUND_LYING_POSITIVE,PASS_EXPLICIT_POSTURE_CUE,positive,PROMPT_DERIVED_SYNTHETIC_GT,FROZEN_GENERATION_PROMPT_AND_PLANNED_ROLE,false,positive,true,
P4D_PLAN::PF_P4D_POS_SUPINE_G004_V02,P4D_FROZEN_PLAN_440,PF_P4D_POS_SUPINE_G004_V02,,PF_P4D_POS_SUPINE_G004,NEW_SCREEN,V3_SCREEN,positive,positive,supine_ground_lying,/home/yanbo/下载/batches/batch_person-fallen-v2-p4d-hardneg-rev1-camera1p5m/prompts/PF_P4D_POS_SUPINE_G004_V02.txt,29ebcc386897ecc3c0ef64d0be4489fc1a19bfb95ae3b69ec927ffdc3a29ab1a,29ebcc386897ecc3c0ef64d0be4489fc1a19bfb95ae3b69ec927ffdc3a29ab1a,/home/yanbo/net_vlm_person_fallen_v2_optimization/08_p4d_new_hard_negative_dev_revision/02_generation/gr3_fullregen/06_execution/quota_campaign_window_01_authorized_20260830_05/08_final/PF_P4D_POS_SUPINE_G004_V02.png,0f7980a5fa653d0df5e828a14192d525f287dcc1df92e8c9012444f249b11b12,0f7980a5fa653d0df5e828a14192d525f287dcc1df92e8c9012444f249b11b12,FAST_CLOSE_EXPECTED_AND_ACTUAL,REUSABLE_P4D_CLEAN_FAST_CLOSE,P4D_FAST_CLOSE_PROVENANCE_MECHANICAL_LINEAGE_PASS,V3_SUPINE_GROUND_LYING_POSITIVE,PASS_EXPLICIT_POSTURE_CUE,positive,PROMPT_DERIVED_SYNTHETIC_GT,FROZEN_GENERATION_PROMPT_AND_PLANNED_ROLE,false,positive,true,
P4D_PLAN::PF_P4D_POS_SUPINE_G004_V03,P4D_FROZEN_PLAN_440,PF_P4D_POS_SUPINE_G004_V03,,PF_P4D_POS_SUPINE_G004,NEW_SCREEN,V3_SCREEN,positive,positive,supine_ground_lying,/home/yanbo/下载/batches/batch_person-fallen-v2-p4d-hardneg-rev1-camera1p5m/prompts/PF_P4D_POS_SUPINE_G004_V03.txt,8bc3191dc90a571679947c49a3ab18f364d60a66c058797a8905469288e37006,8bc3191dc90a571679947c49a3ab18f364d60a66c058797a8905469288e37006,/home/yanbo/net_vlm_person_fallen_v2_optimization/08_p4d_new_hard_negative_dev_revision/02_generation/gr3_fullregen/06_execution/quota_campaign_window_01_authorized_20260830_05/08_final/PF_P4D_POS_SUPINE_G004_V03.png,8edee3b619ed808644e94e7b0c9d64b8b4e4c8ffddc812bf7411bbca57f819c8,8edee3b619ed808644e94e7b0c9d64b8b4e4c8ffddc812bf7411bbca57f819c8,FAST_CLOSE_EXPECTED_AND_ACTUAL,REUSABLE_P4D_CLEAN_FAST_CLOSE,P4D_FAST_CLOSE_PROVENANCE_MECHANICAL_LINEAGE_PASS,V3_SUPINE_GROUND_LYING_POSITIVE,PASS_EXPLICIT_POSTURE_CUE,positive,PROMPT_DERIVED_SYNTHETIC_GT,FROZEN_GENERATION_PROMPT_AND_PLANNED_ROLE,false,positive,true,
P4D_PLAN::PF_P4D_POS_SUPINE_G004_V04,P4D_FROZEN_PLAN_440,PF_P4D_POS_SUPINE_G004_V04,,PF_P4D_POS_SUPINE_G004,NEW_SCREEN,V3_SCREEN,positive,positive,supine_ground_lying,/home/yanbo/下载/batches/batch_person-fallen-v2-p4d-hardneg-rev1-camera1p5m/prompts/PF_P4D_POS_SUPINE_G004_V04.txt,6ea05ddcc2712ce2b97b548663ab55ca0bdda2094c9436cc9241f868a4f29538,6ea05ddcc2712ce2b97b548663ab55ca0bdda2094c9436cc9241f868a4f29538,/home/yanbo/net_vlm_person_fallen_v2_optimization/08_p4d_new_hard_negative_dev_revision/02_generation/gr3_fullregen/06_execution/quota_campaign_window_01_authorized_20260830_05/08_final/PF_P4D_POS_SUPINE_G004_V04.png,df951b32f24404546b4782d0b353325838abb1af907eb681b947ed31bfadd2c4,df951b32f24404546b4782d0b353325838abb1af907eb681b947ed31bfadd2c4,FAST_CLOSE_EXPECTED_AND_ACTUAL,REUSABLE_P4D_CLEAN_FAST_CLOSE,P4D_FAST_CLOSE_PROVENANCE_MECHANICAL_LINEAGE_PASS,V3_SUPINE_GROUND_LYING_POSITIVE,PASS_EXPLICIT_POSTURE_CUE,positive,PROMPT_DERIVED_SYNTHETIC_GT,FROZEN_GENERATION_PROMPT_AND_PLANNED_ROLE,false,positive,true,
P4D_PLAN::PF_P4D_POS_SUPINE_G004_V05,P4D_FROZEN_PLAN_440,PF_P4D_POS_SUPINE_G004_V05,,PF_P4D_POS_SUPINE_G004,NEW_SCREEN,V3_SCREEN,positive,positive,supine_ground_lying,/home/yanbo/下载/batches/batch_person-fallen-v2-p4d-hardneg-rev1-camera1p5m/prompts/PF_P4D_POS_SUPINE_G004_V05.txt,1a535f0ca6d79e6c733e45fdeeae0801bb4f09d25f2e56da3913ca75c025565b,1a535f0ca6d79e6c733e45fdeeae0801bb4f09d25f2e56da3913ca75c025565b,/home/yanbo/net_vlm_person_fallen_v2_optimization/08_p4d_new_hard_negative_dev_revision/02_generation/gr3_fullregen/06_execution/quota_campaign_window_01_authorized_20260830_05/08_final/PF_P4D_POS_SUPINE_G004_V05.png,2667430870aec5cac19459fb2c24b4fae06b248c8d37a74bb35dee008b6e33f0,2667430870aec5cac19459fb2c24b4fae06b248c8d37a74bb35dee008b6e33f0,FAST_CLOSE_EXPECTED_AND_ACTUAL,REUSABLE_P4D_CLEAN_FAST_CLOSE,P4D_FAST_CLOSE_PROVENANCE_MECHANICAL_LINEAGE_PASS,V3_SUPINE_GROUND_LYING_POSITIVE,PASS_EXPLICIT_POSTURE_CUE,positive,PROMPT_DERIVED_SYNTHETIC_GT,FROZEN_GENERATION_PROMPT_AND_PLANNED_ROLE,false,positive,true,
P4D_PLAN::PF_P4D_POS_PRONE_G001_V01,P4D_FROZEN_PLAN_440,PF_P4D_POS_PRONE_G001_V01,,PF_P4D_POS_PRONE_G001,NEW_DESIGN,V3_DEV,positive,positive,prone_ground_lying,/home/yanbo/下载/batches/batch_person-fallen-v2-p4d-hardneg-rev1-camera1p5m/prompts/PF_P4D_POS_PRONE_G001_V01.txt,a323736a5ed2a64780e438a3eebde0f1823ee89ef5a90f83b219b46430e17b5f,a323736a5ed2a64780e438a3eebde0f1823ee89ef5a90f83b219b46430e17b5f,/home/yanbo/net_vlm_person_fallen_v2_optimization/08_p4d_new_hard_negative_dev_revision/02_generation/gr3_fullregen/06_execution/quota_campaign_window_05_gr3q8_authorized_20260831_01/08_final/PF_P4D_POS_PRONE_G001_V01.png,44e5213eb3e5ed91efe3db9cea4669d392fafb8d616ba975abd18e7b6ff487b0,44e5213eb3e5ed91efe3db9cea4669d392fafb8d616ba975abd18e7b6ff487b0,FAST_CLOSE_EXPECTED_AND_ACTUAL,REUSABLE_P4D_CLEAN_FAST_CLOSE,P4D_FAST_CLOSE_PROVENANCE_MECHANICAL_LINEAGE_PASS,V3_PRONE_GROUND_LYING_POSITIVE,PASS_EXPLICIT_POSTURE_CUE,positive,PROMPT_DERIVED_SYNTHETIC_GT,FROZEN_GENERATION_PROMPT_AND_PLANNED_ROLE,false,positive,true,
P4D_PLAN::PF_P4D_POS_PRONE_G001_V02,P4D_FROZEN_PLAN_440,PF_P4D_POS_PRONE_G001_V02,,PF_P4D_POS_PRONE_G001,NEW_DESIGN,V3_DEV,positive,positive,prone_ground_lying,/home/yanbo/下载/batches/batch_person-fallen-v2-p4d-hardneg-rev1-camera1p5m/prompts/PF_P4D_POS_PRONE_G001_V02.txt,3cf49b6c5800a0f64c98aeb63e16402c934d576c2d0555a2009ec900bf32a443,3cf49b6c5800a0f64c98aeb63e16402c934d576c2d0555a2009ec900bf32a443,/home/yanbo/net_vlm_person_fallen_v2_optimization/08_p4d_new_hard_negative_dev_revision/02_generation/gr3_fullregen/06_execution/quota_campaign_window_05_gr3q8_authorized_20260831_01/08_final/PF_P4D_POS_PRONE_G001_V02.png,2b44eaabf8fff5f3df8035f7d2590bc9ab8dd5a71ff93ec0eae05b56b5459977,2b44eaabf8fff5f3df8035f7d2590bc9ab8dd5a71ff93ec0eae05b56b5459977,FAST_CLOSE_EXPECTED_AND_ACTUAL,REUSABLE_P4D_CLEAN_FAST_CLOSE,P4D_FAST_CLOSE_PROVENANCE_MECHANICAL_LINEAGE_PASS,V3_PRONE_GROUND_LYING_POSITIVE,PASS_EXPLICIT_POSTURE_CUE,positive,PROMPT_DERIVED_SYNTHETIC_GT,FROZEN_GENERATION_PROMPT_AND_PLANNED_ROLE,false,positive,true,
P4D_PLAN::PF_P4D_POS_PRONE_G001_V03,P4D_FROZEN_PLAN_440,PF_P4D_POS_PRONE_G001_V03,,PF_P4D_POS_PRONE_G001,NEW_DESIGN,V3_DEV,positive,positive,prone_ground_lying,/home/yanbo/下载/batches/batch_person-fallen-v2-p4d-hardneg-rev1-camera1p5m/prompts/PF_P4D_POS_PRONE_G001_V03.txt,94e8865284deea85d8368bdcb4fb87c37b5ccae7bb98749d9bc949355b7efe92,94e8865284deea85d8368bdcb4fb87c37b5ccae7bb98749d9bc949355b7efe92,/home/yanbo/net_vlm_person_fallen_v2_optimization/08_p4d_new_hard_negative_dev_revision/02_generation/gr3_fullregen/06_execution/quota_campaign_window_05_gr3q8_authorized_20260831_01/08_final/PF_P4D_POS_PRONE_G001_V03.png,4ff63469df9a231910a897a56257408881bf7deb8ffbc6a390ca0257ca988147,4ff63469df9a231910a897a56257408881bf7deb8ffbc6a390ca0257ca988147,FAST_CLOSE_EXPECTED_AND_ACTUAL,REUSABLE_P4D_CLEAN_FAST_CLOSE,P4D_FAST_CLOSE_PROVENANCE_MECHANICAL_LINEAGE_PASS,V3_PRONE_GROUND_LYING_POSITIVE,PASS_EXPLICIT_POSTURE_CUE,positive,PROMPT_DERIVED_SYNTHETIC_GT,FROZEN_GENERATION_PROMPT_AND_PLANNED_ROLE,false,positive,true,
P4D_PLAN::PF_P4D_POS_PRONE_G001_V04,P4D_FROZEN_PLAN_440,PF_P4D_POS_PRONE_G001_V04,,PF_P4D_POS_PRONE_G001,NEW_DESIGN,V3_DEV,positive,positive,prone_ground_lying,/home/yanbo/下载/batches/batch_person-fallen-v2-p4d-hardneg-rev1-camera1p5m/prompts/PF_P4D_POS_PRONE_G001_V04.txt,569f3ab96d127c1a77f213a4f6487594c5a5218b722fc13c4995058cc1aa458d,569f3ab96d127c1a77f213a4f6487594c5a5218b722fc13c4995058cc1aa458d,/home/yanbo/net_vlm_person_fallen_v2_optimization/08_p4d_new_hard_negative_dev_revision/02_generation/gr3_fullregen/06_execution/quota_campaign_window_05_gr3q8_authorized_20260831_01/08_final/PF_P4D_POS_PRONE_G001_V04.png,0f9a47785f5255a87ca5b63b577704d9da8d8d75966a94f6e7a2f57dd9912965,0f9a47785f5255a87ca5b63b577704d9da8d8d75966a94f6e7a2f57dd9912965,FAST_CLOSE_EXPECTED_AND_ACTUAL,REUSABLE_P4D_CLEAN_FAST_CLOSE,P4D_FAST_CLOSE_PROVENANCE_MECHANICAL_LINEAGE_PASS,V3_PRONE_GROUND_LYING_POSITIVE,PASS_EXPLICIT_POSTURE_CUE,positive,PROMPT_DERIVED_SYNTHETIC_GT,FROZEN_GENERATION_PROMPT_AND_PLANNED_ROLE,false,positive,true,
P4D_PLAN::PF_P4D_POS_PRONE_G001_V05,P4D_FROZEN_PLAN_440,PF_P4D_POS_PRONE_G001_V05,,PF_P4D_POS_PRONE_G001,NEW_DESIGN,V3_DEV,positive,positive,prone_ground_lying,/home/yanbo/下载/batches/batch_person-fallen-v2-p4d-hardneg-rev1-camera1p5m/prompts/PF_P4D_POS_PRONE_G001_V05.txt,6b3a19183abcddd3019246d3529aaff05c0c1394f948fa7cfb9395dff6ed777c,6b3a19183abcddd3019246d3529aaff05c0c1394f948fa7cfb9395dff6ed777c,/home/yanbo/net_vlm_person_fallen_v2_optimization/08_p4d_new_hard_negative_dev_revision/02_generation/gr3_fullregen/06_execution/quota_campaign_window_05_gr3q8_authorized_20260831_01/08_final/PF_P4D_POS_PRONE_G001_V05.png,88248d505e415a2aa8b8af9e980baf8e7eef22bb497d46d778c990e2b0942ad2,88248d505e415a2aa8b8af9e980baf8e7eef22bb497d46d778c990e2b0942ad2,FAST_CLOSE_EXPECTED_AND_ACTUAL,REUSABLE_P4D_CLEAN_FAST_CLOSE,P4D_FAST_CLOSE_PROVENANCE_MECHANICAL_LINEAGE_PASS,V3_PRONE_GROUND_LYING_POSITIVE,PASS_EXPLICIT_POSTURE_CUE,positive,PROMPT_DERIVED_SYNTHETIC_GT,FROZEN_GENERATION_PROMPT_AND_PLANNED_ROLE,false,positive,true,
P4D_PLAN::PF_P4D_POS_PRONE_G002_V01,P4D_FROZEN_PLAN_440,PF_P4D_POS_PRONE_G002_V01,,PF_P4D_POS_PRONE_G002,NEW_DESIGN,EXCLUDE_NOT_REUSABLE,positive,positive,prone_ground_lying,/home/yanbo/下载/batches/batch_person-fallen-v2-p4d-hardneg-rev1-camera1p5m/prompts/PF_P4D_POS_PRONE_G002_V01.txt,7124a53dd2c4fc736dad20da80e578ce4940c7f4e7858f7c6c75938050cf66f4,7124a53dd2c4fc736dad20da80e578ce4940c7f4e7858f7c6c75938050cf66f4,,,,NOT_APPLICABLE_NO_FORMAL_IMAGE,UNEXECUTED_OR_NOT_REUSABLE,SAFE_OUTSTANDING_NOT_CLEAN_ASSET,V3_PRONE_GROUND_LYING_POSITIVE,PASS_EXPLICIT_POSTURE_CUE,positive,PROMPT_DERIVED_SYNTHETIC_GT,FROZEN_GENERATION_PROMPT_AND_PLANNED_ROLE,false,positive,false,NO_VERIFIED_REUSABLE_CLEAN_ASSET
P4D_PLAN::PF_P4D_POS_PRONE_G002_V02,P4D_FROZEN_PLAN_440,PF_P4D_POS_PRONE_G002_V02,,PF_P4D_POS_PRONE_G002,NEW_DESIGN,EXCLUDE_NOT_REUSABLE,positive,positive,prone_ground_lying,/home/yanbo/下载/batches/batch_person-fallen-v2-p4d-hardneg-rev1-camera1p5m/prompts/PF_P4D_POS_PRONE_G002_V02.txt,a731a6816173f969b266ecdf03a116c38539bb115a384a1f5cda7a5c14bef1d2,a731a6816173f969b266ecdf03a116c38539bb115a384a1f5cda7a5c14bef1d2,,,,NOT_APPLICABLE_NO_FORMAL_IMAGE,UNEXECUTED_OR_NOT_REUSABLE,SAFE_OUTSTANDING_NOT_CLEAN_ASSET,V3_PRONE_GROUND_LYING_POSITIVE,PASS_EXPLICIT_POSTURE_CUE,positive,PROMPT_DERIVED_SYNTHETIC_GT,FROZEN_GENERATION_PROMPT_AND_PLANNED_ROLE,false,positive,false,NO_VERIFIED_REUSABLE_CLEAN_ASSET
P4D_PLAN::PF_P4D_POS_PRONE_G002_V03,P4D_FROZEN_PLAN_440,PF_P4D_POS_PRONE_G002_V03,,PF_P4D_POS_PRONE_G002,NEW_DESIGN,EXCLUDE_NOT_REUSABLE,positive,positive,prone_ground_lying,/home/yanbo/下载/batches/batch_person-fallen-v2-p4d-hardneg-rev1-camera1p5m/prompts/PF_P4D_POS_PRONE_G002_V03.txt,6d8331924f8cc67e7884ab8c854f7b846a88f55f6b215adf9d28ff07ae66cd22,6d8331924f8cc67e7884ab8c854f7b846a88f55f6b215adf9d28ff07ae66cd22,,,,NOT_APPLICABLE_NO_FORMAL_IMAGE,UNEXECUTED_OR_NOT_REUSABLE,SAFE_OUTSTANDING_NOT_CLEAN_ASSET,V3_PRONE_GROUND_LYING_POSITIVE,PASS_EXPLICIT_POSTURE_CUE,positive,PROMPT_DERIVED_SYNTHETIC_GT,FROZEN_GENERATION_PROMPT_AND_PLANNED_ROLE,false,positive,false,NO_VERIFIED_REUSABLE_CLEAN_ASSET
P4D_PLAN::PF_P4D_POS_PRONE_G002_V04,P4D_FROZEN_PLAN_440,PF_P4D_POS_PRONE_G002_V04,,PF_P4D_POS_PRONE_G002,NEW_DESIGN,EXCLUDE_NOT_REUSABLE,positive,positive,prone_ground_lying,/home/yanbo/下载/batches/batch_person-fallen-v2-p4d-hardneg-rev1-camera1p5m/prompts/PF_P4D_POS_PRONE_G002_V04.txt,948ed30edb00d74ac7bbaf34ce538832049c5fd81feb575cbdf1ee5b59fc3015,948ed30edb00d74ac7bbaf34ce538832049c5fd81feb575cbdf1ee5b59fc3015,,,,NOT_APPLICABLE_NO_FORMAL_IMAGE,UNEXECUTED_OR_NOT_REUSABLE,SAFE_OUTSTANDING_NOT_CLEAN_ASSET,V3_PRONE_GROUND_LYING_POSITIVE,PASS_EXPLICIT_POSTURE_CUE,positive,PROMPT_DERIVED_SYNTHETIC_GT,FROZEN_GENERATION_PROMPT_AND_PLANNED_ROLE,false,positive,false,NO_VERIFIED_REUSABLE_CLEAN_ASSET
P4D_PLAN::PF_P4D_POS_PRONE_G002_V05,P4D_FROZEN_PLAN_440,PF_P4D_POS_PRONE_G002_V05,,PF_P4D_POS_PRONE_G002,NEW_DESIGN,EXCLUDE_NOT_REUSABLE,positive,positive,prone_ground_lying,/home/yanbo/下载/batches/batch_person-fallen-v2-p4d-hardneg-rev1-camera1p5m/prompts/PF_P4D_POS_PRONE_G002_V05.txt,070895cdfab561dceba204e3e61e20a361e25b9470f03b422620af5760536fb6,070895cdfab561dceba204e3e61e20a361e25b9470f03b422620af5760536fb6,,,,NOT_APPLICABLE_NO_FORMAL_IMAGE,UNEXECUTED_OR_NOT_REUSABLE,SAFE_OUTSTANDING_NOT_CLEAN_ASSET,V3_PRONE_GROUND_LYING_POSITIVE,PASS_EXPLICIT_POSTURE_CUE,positive,PROMPT_DERIVED_SYNTHETIC_GT,FROZEN_GENERATION_PROMPT_AND_PLANNED_ROLE,false,positive,false,NO_VERIFIED_REUSABLE_CLEAN_ASSET
P4D_PLAN::PF_P4D_POS_PRONE_G003_V01,P4D_FROZEN_PLAN_440,PF_P4D_POS_PRONE_G003_V01,,PF_P4D_POS_PRONE_G003,NEW_DESIGN,EXCLUDE_NOT_REUSABLE,positive,positive,prone_ground_lying,/home/yanbo/下载/batches/batch_person-fallen-v2-p4d-hardneg-rev1-camera1p5m/prompts/PF_P4D_POS_PRONE_G003_V01.txt,85947636be80369b37f9d7ba8d91c7b6b8c23f79b9e335401f38aa6736475d15,85947636be80369b37f9d7ba8d91c7b6b8c23f79b9e335401f38aa6736475d15,,,,NOT_APPLICABLE_NO_FORMAL_IMAGE,UNEXECUTED_OR_NOT_REUSABLE,SAFE_OUTSTANDING_NOT_CLEAN_ASSET,V3_PRONE_GROUND_LYING_POSITIVE,PASS_EXPLICIT_POSTURE_CUE,positive,PROMPT_DERIVED_SYNTHETIC_GT,FROZEN_GENERATION_PROMPT_AND_PLANNED_ROLE,false,positive,false,NO_VERIFIED_REUSABLE_CLEAN_ASSET
P4D_PLAN::PF_P4D_POS_PRONE_G003_V02,P4D_FROZEN_PLAN_440,PF_P4D_POS_PRONE_G003_V02,,PF_P4D_POS_PRONE_G003,NEW_DESIGN,EXCLUDE_NOT_REUSABLE,positive,positive,prone_ground_lying,/home/yanbo/下载/batches/batch_person-fallen-v2-p4d-hardneg-rev1-camera1p5m/prompts/PF_P4D_POS_PRONE_G003_V02.txt,1626cc4c28f7cdd9c871bd81ebaa898e2c1646b9717bee26637f1fc6316faaea,1626cc4c28f7cdd9c871bd81ebaa898e2c1646b9717bee26637f1fc6316faaea,,,,NOT_APPLICABLE_NO_FORMAL_IMAGE,UNEXECUTED_OR_NOT_REUSABLE,SAFE_OUTSTANDING_NOT_CLEAN_ASSET,V3_PRONE_GROUND_LYING_POSITIVE,PASS_EXPLICIT_POSTURE_CUE,positive,PROMPT_DERIVED_SYNTHETIC_GT,FROZEN_GENERATION_PROMPT_AND_PLANNED_ROLE,false,positive,false,NO_VERIFIED_REUSABLE_CLEAN_ASSET
P4D_PLAN::PF_P4D_POS_PRONE_G003_V03,P4D_FROZEN_PLAN_440,PF_P4D_POS_PRONE_G003_V03,,PF_P4D_POS_PRONE_G003,NEW_DESIGN,EXCLUDE_NOT_REUSABLE,positive,positive,prone_ground_lying,/home/yanbo/下载/batches/batch_person-fallen-v2-p4d-hardneg-rev1-camera1p5m/prompts/PF_P4D_POS_PRONE_G003_V03.txt,46f26ba9da1307c1c3769ffefbb84f1819fac1d876aad2461488edeeb082e874,46f26ba9da1307c1c3769ffefbb84f1819fac1d876aad2461488edeeb082e874,,,,NOT_APPLICABLE_NO_FORMAL_IMAGE,UNEXECUTED_OR_NOT_REUSABLE,SAFE_OUTSTANDING_NOT_CLEAN_ASSET,V3_PRONE_GROUND_LYING_POSITIVE,PASS_EXPLICIT_POSTURE_CUE,positive,PROMPT_DERIVED_SYNTHETIC_GT,FROZEN_GENERATION_PROMPT_AND_PLANNED_ROLE,false,positive,false,NO_VERIFIED_REUSABLE_CLEAN_ASSET
P4D_PLAN::PF_P4D_POS_PRONE_G003_V04,P4D_FROZEN_PLAN_440,PF_P4D_POS_PRONE_G003_V04,,PF_P4D_POS_PRONE_G003,NEW_DESIGN,EXCLUDE_NOT_REUSABLE,positive,positive,prone_ground_lying,/home/yanbo/下载/batches/batch_person-fallen-v2-p4d-hardneg-rev1-camera1p5m/prompts/PF_P4D_POS_PRONE_G003_V04.txt,6e80f7de6bf8e98a168e006c5dc72b8bb185a276901597f7463fecf345873a98,6e80f7de6bf8e98a168e006c5dc72b8bb185a276901597f7463fecf345873a98,,,,NOT_APPLICABLE_NO_FORMAL_IMAGE,UNEXECUTED_OR_NOT_REUSABLE,SAFE_OUTSTANDING_NOT_CLEAN_ASSET,V3_PRONE_GROUND_LYING_POSITIVE,PASS_EXPLICIT_POSTURE_CUE,positive,PROMPT_DERIVED_SYNTHETIC_GT,FROZEN_GENERATION_PROMPT_AND_PLANNED_ROLE,false,positive,false,NO_VERIFIED_REUSABLE_CLEAN_ASSET
P4D_PLAN::PF_P4D_POS_PRONE_G003_V05,P4D_FROZEN_PLAN_440,PF_P4D_POS_PRONE_G003_V05,,PF_P4D_POS_PRONE_G003,NEW_DESIGN,EXCLUDE_NOT_REUSABLE,positive,positive,prone_ground_lying,/home/yanbo/下载/batches/batch_person-fallen-v2-p4d-hardneg-rev1-camera1p5m/prompts/PF_P4D_POS_PRONE_G003_V05.txt,2cb5b2e71c183bf0a2f394ff292310a815c88464f745daf697823d25c558b2b4,2cb5b2e71c183bf0a2f394ff292310a815c88464f745daf697823d25c558b2b4,,,,NOT_APPLICABLE_NO_FORMAL_IMAGE,UNEXECUTED_OR_NOT_REUSABLE,SAFE_OUTSTANDING_NOT_CLEAN_ASSET,V3_PRONE_GROUND_LYING_POSITIVE,PASS_EXPLICIT_POSTURE_CUE,positive,PROMPT_DERIVED_SYNTHETIC_GT,FROZEN_GENERATION_PROMPT_AND_PLANNED_ROLE,false,positive,false,NO_VERIFIED_REUSABLE_CLEAN_ASSET
P4D_PLAN::PF_P4D_POS_PRONE_G004_V01,P4D_FROZEN_PLAN_440,PF_P4D_POS_PRONE_G004_V01,,PF_P4D_POS_PRONE_G004,NEW_SCREEN,V3_SCREEN,positive,positive,prone_ground_lying,/home/yanbo/下载/batches/batch_person-fallen-v2-p4d-hardneg-rev1-camera1p5m/prompts/PF_P4D_POS_PRONE_G004_V01.txt,df5df68b3a4738c9129f28501baa992515db299cc651c23d6c58c809b401a933,df5df68b3a4738c9129f28501baa992515db299cc651c23d6c58c809b401a933,/home/yanbo/net_vlm_person_fallen_v2_optimization/08_p4d_new_hard_negative_dev_revision/02_generation/gr3_fullregen/06_execution/quota_campaign_window_01_authorized_20260830_05/08_final/PF_P4D_POS_PRONE_G004_V01.png,24f532ea6ac012a9bfd87ccbc6a6773f000fa4839f70b55a39674a7148425bba,24f532ea6ac012a9bfd87ccbc6a6773f000fa4839f70b55a39674a7148425bba,FAST_CLOSE_EXPECTED_AND_ACTUAL,REUSABLE_P4D_CLEAN_FAST_CLOSE,P4D_FAST_CLOSE_PROVENANCE_MECHANICAL_LINEAGE_PASS,V3_PRONE_GROUND_LYING_POSITIVE,PASS_EXPLICIT_POSTURE_CUE,positive,PROMPT_DERIVED_SYNTHETIC_GT,FROZEN_GENERATION_PROMPT_AND_PLANNED_ROLE,false,positive,true,
P4D_PLAN::PF_P4D_POS_PRONE_G004_V02,P4D_FROZEN_PLAN_440,PF_P4D_POS_PRONE_G004_V02,,PF_P4D_POS_PRONE_G004,NEW_SCREEN,V3_SCREEN,positive,positive,prone_ground_lying,/home/yanbo/下载/batches/batch_person-fallen-v2-p4d-hardneg-rev1-camera1p5m/prompts/PF_P4D_POS_PRONE_G004_V02.txt,f8393c7111f3c2cf1558a061c0520e7c8aa9731d611dcbf2efdf0b6994b33ae3,f8393c7111f3c2cf1558a061c0520e7c8aa9731d611dcbf2efdf0b6994b33ae3,/home/yanbo/net_vlm_person_fallen_v2_optimization/08_p4d_new_hard_negative_dev_revision/02_generation/gr3_fullregen/06_execution/quota_campaign_window_01_authorized_20260830_05/08_final/PF_P4D_POS_PRONE_G004_V02.png,318c1dd42378c7de8ef42c7981fe5e710e46535b93405f5c2352ade5c90b5f4f,318c1dd42378c7de8ef42c7981fe5e710e46535b93405f5c2352ade5c90b5f4f,FAST_CLOSE_EXPECTED_AND_ACTUAL,REUSABLE_P4D_CLEAN_FAST_CLOSE,P4D_FAST_CLOSE_PROVENANCE_MECHANICAL_LINEAGE_PASS,V3_PRONE_GROUND_LYING_POSITIVE,PASS_EXPLICIT_POSTURE_CUE,positive,PROMPT_DERIVED_SYNTHETIC_GT,FROZEN_GENERATION_PROMPT_AND_PLANNED_ROLE,false,positive,true,
P4D_PLAN::PF_P4D_POS_PRONE_G004_V03,P4D_FROZEN_PLAN_440,PF_P4D_POS_PRONE_G004_V03,,PF_P4D_POS_PRONE_G004,NEW_SCREEN,V3_SCREEN,positive,positive,prone_ground_lying,/home/yanbo/下载/batches/batch_person-fallen-v2-p4d-hardneg-rev1-camera1p5m/prompts/PF_P4D_POS_PRONE_G004_V03.txt,9f2c58b743dff172ae9aed9d266321383648765d6bc08df52144b7428d06b89a,9f2c58b743dff172ae9aed9d266321383648765d6bc08df52144b7428d06b89a,/home/yanbo/net_vlm_person_fallen_v2_optimization/08_p4d_new_hard_negative_dev_revision/02_generation/gr3_fullregen/06_execution/quota_campaign_window_01_authorized_20260830_05/08_final/PF_P4D_POS_PRONE_G004_V03.png,50cedbcdf8e36ea95ccb8312b25492a79738a4caa726231937549fd00c6a4d75,50cedbcdf8e36ea95ccb8312b25492a79738a4caa726231937549fd00c6a4d75,FAST_CLOSE_EXPECTED_AND_ACTUAL,REUSABLE_P4D_CLEAN_FAST_CLOSE,P4D_FAST_CLOSE_PROVENANCE_MECHANICAL_LINEAGE_PASS,V3_PRONE_GROUND_LYING_POSITIVE,PASS_EXPLICIT_POSTURE_CUE,positive,PROMPT_DERIVED_SYNTHETIC_GT,FROZEN_GENERATION_PROMPT_AND_PLANNED_ROLE,false,positive,true,
P4D_PLAN::PF_P4D_POS_PRONE_G004_V04,P4D_FROZEN_PLAN_440,PF_P4D_POS_PRONE_G004_V04,,PF_P4D_POS_PRONE_G004,NEW_SCREEN,V3_SCREEN,positive,positive,prone_ground_lying,/home/yanbo/下载/batches/batch_person-fallen-v2-p4d-hardneg-rev1-camera1p5m/prompts/PF_P4D_POS_PRONE_G004_V04.txt,3081b656c59473f0841a05070ba94e188eacbceeb2af2615e5c1716e1f93f2f6,3081b656c59473f0841a05070ba94e188eacbceeb2af2615e5c1716e1f93f2f6,/home/yanbo/net_vlm_person_fallen_v2_optimization/08_p4d_new_hard_negative_dev_revision/02_generation/gr3_fullregen/06_execution/quota_campaign_window_01_authorized_20260830_05/08_final/PF_P4D_POS_PRONE_G004_V04.png,4b3d7b219028eca6059d33dc1cb462db42ff8a0e202bda634ba3525a7a1b0383,4b3d7b219028eca6059d33dc1cb462db42ff8a0e202bda634ba3525a7a1b0383,FAST_CLOSE_EXPECTED_AND_ACTUAL,REUSABLE_P4D_CLEAN_FAST_CLOSE,P4D_FAST_CLOSE_PROVENANCE_MECHANICAL_LINEAGE_PASS,V3_PRONE_GROUND_LYING_POSITIVE,PASS_EXPLICIT_POSTURE_CUE,positive,PROMPT_DERIVED_SYNTHETIC_GT,FROZEN_GENERATION_PROMPT_AND_PLANNED_ROLE,false,positive,true,
P4D_PLAN::PF_P4D_POS_PRONE_G004_V05,P4D_FROZEN_PLAN_440,PF_P4D_POS_PRONE_G004_V05,,PF_P4D_POS_PRONE_G004,NEW_SCREEN,V3_SCREEN,positive,positive,prone_ground_lying,/home/yanbo/下载/batches/batch_person-fallen-v2-p4d-hardneg-rev1-camera1p5m/prompts/PF_P4D_POS_PRONE_G004_V05.txt,e758c048dc9f2332a2602d8f6b464ab39edd3666638332056353f860718b78c7,e758c048dc9f2332a2602d8f6b464ab39edd3666638332056353f860718b78c7,/home/yanbo/net_vlm_person_fallen_v2_optimization/08_p4d_new_hard_negative_dev_revision/02_generation/gr3_fullregen/06_execution/quota_campaign_window_01_authorized_20260830_05/08_final/PF_P4D_POS_PRONE_G004_V05.png,857478e79a9c14bbfcb631f824aec33c3ddc678aa02ab6acb018a808710d1a5e,857478e79a9c14bbfcb631f824aec33c3ddc678aa02ab6acb018a808710d1a5e,FAST_CLOSE_EXPECTED_AND_ACTUAL,REUSABLE_P4D_CLEAN_FAST_CLOSE,P4D_FAST_CLOSE_PROVENANCE_MECHANICAL_LINEAGE_PASS,V3_PRONE_GROUND_LYING_POSITIVE,PASS_EXPLICIT_POSTURE_CUE,positive,PROMPT_DERIVED_SYNTHETIC_GT,FROZEN_GENERATION_PROMPT_AND_PLANNED_ROLE,false,positive,true,
P4D_PLAN::PF_P4D_POS_SIDE_G001_V01,P4D_FROZEN_PLAN_440,PF_P4D_POS_SIDE_G001_V01,,PF_P4D_POS_SIDE_G001,NEW_DESIGN,V3_DEV,positive,positive,side_lying,/home/yanbo/下载/batches/batch_person-fallen-v2-p4d-hardneg-rev1-camera1p5m/prompts/PF_P4D_POS_SIDE_G001_V01.txt,29632d9981525ca484604d7ab984d434087cb7d2cbdb8f5fa78c0079c5b7e9e9,29632d9981525ca484604d7ab984d434087cb7d2cbdb8f5fa78c0079c5b7e9e9,/home/yanbo/net_vlm_person_fallen_v2_optimization/08_p4d_new_hard_negative_dev_revision/02_generation/gr3_fullregen/06_execution/quota_campaign_window_01_authorized_20260830_05/08_final/PF_P4D_POS_SIDE_G001_V01.png,364c38dabcb618fb649b5241411515ef9ef6184903462ded70fae014cdf05da5,364c38dabcb618fb649b5241411515ef9ef6184903462ded70fae014cdf05da5,FAST_CLOSE_EXPECTED_AND_ACTUAL,REUSABLE_P4D_CLEAN_FAST_CLOSE,P4D_FAST_CLOSE_PROVENANCE_MECHANICAL_LINEAGE_PASS,V3_SIDE_LYING_POSITIVE,PASS_EXPLICIT_POSTURE_CUE,positive,PROMPT_DERIVED_SYNTHETIC_GT,FROZEN_GENERATION_PROMPT_AND_PLANNED_ROLE,false,positive,true,
P4D_PLAN::PF_P4D_POS_SIDE_G001_V02,P4D_FROZEN_PLAN_440,PF_P4D_POS_SIDE_G001_V02,,PF_P4D_POS_SIDE_G001,NEW_DESIGN,V3_DEV,positive,positive,side_lying,/home/yanbo/下载/batches/batch_person-fallen-v2-p4d-hardneg-rev1-camera1p5m/prompts/PF_P4D_POS_SIDE_G001_V02.txt,f0dbc810a043c98768a333afadb8af9899244c67ceaaa5527ceafdfc7d0a402b,f0dbc810a043c98768a333afadb8af9899244c67ceaaa5527ceafdfc7d0a402b,/home/yanbo/net_vlm_person_fallen_v2_optimization/08_p4d_new_hard_negative_dev_revision/02_generation/gr3_fullregen/06_execution/quota_campaign_window_01_authorized_20260830_05/08_final/PF_P4D_POS_SIDE_G001_V02.png,d2b75a57f860260b487d5f15a945592ab80636aac0e15a7ab049acfe14fbefbc,d2b75a57f860260b487d5f15a945592ab80636aac0e15a7ab049acfe14fbefbc,FAST_CLOSE_EXPECTED_AND_ACTUAL,REUSABLE_P4D_CLEAN_FAST_CLOSE,P4D_FAST_CLOSE_PROVENANCE_MECHANICAL_LINEAGE_PASS,V3_SIDE_LYING_POSITIVE,PASS_EXPLICIT_POSTURE_CUE,positive,PROMPT_DERIVED_SYNTHETIC_GT,FROZEN_GENERATION_PROMPT_AND_PLANNED_ROLE,false,positive,true,
P4D_PLAN::PF_P4D_POS_SIDE_G001_V03,P4D_FROZEN_PLAN_440,PF_P4D_POS_SIDE_G001_V03,,PF_P4D_POS_SIDE_G001,NEW_DESIGN,V3_DEV,positive,positive,side_lying,/home/yanbo/下载/batches/batch_person-fallen-v2-p4d-hardneg-rev1-camera1p5m/prompts/PF_P4D_POS_SIDE_G001_V03.txt,66b2d97a988587554faa8a071e3636bb5eb5076871eb3bb5274970184e5112f8,66b2d97a988587554faa8a071e3636bb5eb5076871eb3bb5274970184e5112f8,/home/yanbo/net_vlm_person_fallen_v2_optimization/08_p4d_new_hard_negative_dev_revision/02_generation/gr3_fullregen/06_execution/quota_campaign_window_01_authorized_20260830_05/08_final/PF_P4D_POS_SIDE_G001_V03.png,d0fa1fb807894961e1b2f5bbec816990aef2fa91c2601adf4be1cac44d61b3a2,d0fa1fb807894961e1b2f5bbec816990aef2fa91c2601adf4be1cac44d61b3a2,FAST_CLOSE_EXPECTED_AND_ACTUAL,REUSABLE_P4D_CLEAN_FAST_CLOSE,P4D_FAST_CLOSE_PROVENANCE_MECHANICAL_LINEAGE_PASS,V3_SIDE_LYING_POSITIVE,PASS_EXPLICIT_POSTURE_CUE,positive,PROMPT_DERIVED_SYNTHETIC_GT,FROZEN_GENERATION_PROMPT_AND_PLANNED_ROLE,false,positive,true,
P4D_PLAN::PF_P4D_POS_SIDE_G001_V04,P4D_FROZEN_PLAN_440,PF_P4D_POS_SIDE_G001_V04,,PF_P4D_POS_SIDE_G001,NEW_DESIGN,V3_DEV,positive,positive,side_lying,/home/yanbo/下载/batches/batch_person-fallen-v2-p4d-hardneg-rev1-camera1p5m/prompts/PF_P4D_POS_SIDE_G001_V04.txt,9958c9fbaf7ffc2e0571d4a3c12a1cdef8b6ef5393665f67c442cae51226ca6c,9958c9fbaf7ffc2e0571d4a3c12a1cdef8b6ef5393665f67c442cae51226ca6c,/home/yanbo/net_vlm_person_fallen_v2_optimization/08_p4d_new_hard_negative_dev_revision/02_generation/gr3_fullregen/06_execution/quota_campaign_window_01_authorized_20260830_05/08_final/PF_P4D_POS_SIDE_G001_V04.png,996c125e7b5e83d1222b5b20bae00dec92d702263b8505ddd9ed2f3bffaff9c2,996c125e7b5e83d1222b5b20bae00dec92d702263b8505ddd9ed2f3bffaff9c2,FAST_CLOSE_EXPECTED_AND_ACTUAL,REUSABLE_P4D_CLEAN_FAST_CLOSE,P4D_FAST_CLOSE_PROVENANCE_MECHANICAL_LINEAGE_PASS,V3_SIDE_LYING_POSITIVE,PASS_EXPLICIT_POSTURE_CUE,positive,PROMPT_DERIVED_SYNTHETIC_GT,FROZEN_GENERATION_PROMPT_AND_PLANNED_ROLE,false,positive,true,
P4D_PLAN::PF_P4D_POS_SIDE_G001_V05,P4D_FROZEN_PLAN_440,PF_P4D_POS_SIDE_G001_V05,,PF_P4D_POS_SIDE_G001,NEW_DESIGN,V3_DEV,positive,positive,side_lying,/home/yanbo/下载/batches/batch_person-fallen-v2-p4d-hardneg-rev1-camera1p5m/prompts/PF_P4D_POS_SIDE_G001_V05.txt,6710ee6398b4afd3e3cb5a79fed932d9d8ee954eca2190730c7b14db4ef0a55b,6710ee6398b4afd3e3cb5a79fed932d9d8ee954eca2190730c7b14db4ef0a55b,/home/yanbo/net_vlm_person_fallen_v2_optimization/08_p4d_new_hard_negative_dev_revision/02_generation/gr3_fullregen/06_execution/quota_campaign_window_01_authorized_20260830_05/08_final/PF_P4D_POS_SIDE_G001_V05.png,244eaa9aa70cccf4e497f5d0e97b852361fa89c95cb2e219ef16e0a2565b5329,244eaa9aa70cccf4e497f5d0e97b852361fa89c95cb2e219ef16e0a2565b5329,FAST_CLOSE_EXPECTED_AND_ACTUAL,REUSABLE_P4D_CLEAN_FAST_CLOSE,P4D_FAST_CLOSE_PROVENANCE_MECHANICAL_LINEAGE_PASS,V3_SIDE_LYING_POSITIVE,PASS_EXPLICIT_POSTURE_CUE,positive,PROMPT_DERIVED_SYNTHETIC_GT,FROZEN_GENERATION_PROMPT_AND_PLANNED_ROLE,false,positive,true,
P4D_PLAN::PF_P4D_POS_SIDE_G002_V01,P4D_FROZEN_PLAN_440,PF_P4D_POS_SIDE_G002_V01,,PF_P4D_POS_SIDE_G002,NEW_DESIGN,EXCLUDE_NOT_REUSABLE,positive,positive,side_lying,/home/yanbo/下载/batches/batch_person-fallen-v2-p4d-hardneg-rev1-camera1p5m/prompts/PF_P4D_POS_SIDE_G002_V01.txt,624a0d1882a0f2d49353bea483d2374c7616e10780d9316789913e02ac19740e,624a0d1882a0f2d49353bea483d2374c7616e10780d9316789913e02ac19740e,,,,NOT_APPLICABLE_NO_FORMAL_IMAGE,UNEXECUTED_OR_NOT_REUSABLE,SAFE_OUTSTANDING_NOT_CLEAN_ASSET,V3_SIDE_LYING_POSITIVE,PASS_EXPLICIT_POSTURE_CUE,positive,PROMPT_DERIVED_SYNTHETIC_GT,FROZEN_GENERATION_PROMPT_AND_PLANNED_ROLE,false,positive,false,NO_VERIFIED_REUSABLE_CLEAN_ASSET
P4D_PLAN::PF_P4D_POS_SIDE_G002_V02,P4D_FROZEN_PLAN_440,PF_P4D_POS_SIDE_G002_V02,,PF_P4D_POS_SIDE_G002,NEW_DESIGN,EXCLUDE_NOT_REUSABLE,positive,positive,side_lying,/home/yanbo/下载/batches/batch_person-fallen-v2-p4d-hardneg-rev1-camera1p5m/prompts/PF_P4D_POS_SIDE_G002_V02.txt,713b80c433895f5a116b9f2bdee86a1489ccad6a2206fd94da90f4ed9f857632,713b80c433895f5a116b9f2bdee86a1489ccad6a2206fd94da90f4ed9f857632,,,,NOT_APPLICABLE_NO_FORMAL_IMAGE,UNEXECUTED_OR_NOT_REUSABLE,SAFE_OUTSTANDING_NOT_CLEAN_ASSET,V3_SIDE_LYING_POSITIVE,PASS_EXPLICIT_POSTURE_CUE,positive,PROMPT_DERIVED_SYNTHETIC_GT,FROZEN_GENERATION_PROMPT_AND_PLANNED_ROLE,false,positive,false,NO_VERIFIED_REUSABLE_CLEAN_ASSET
P4D_PLAN::PF_P4D_POS_SIDE_G002_V03,P4D_FROZEN_PLAN_440,PF_P4D_POS_SIDE_G002_V03,,PF_P4D_POS_SIDE_G002,NEW_DESIGN,EXCLUDE_NOT_REUSABLE,positive,positive,side_lying,/home/yanbo/下载/batches/batch_person-fallen-v2-p4d-hardneg-rev1-camera1p5m/prompts/PF_P4D_POS_SIDE_G002_V03.txt,552a98a26faf5c38797582d510c7fb3f06a609085a25ed4c4342e7bfd8e592ff,552a98a26faf5c38797582d510c7fb3f06a609085a25ed4c4342e7bfd8e592ff,,,,NOT_APPLICABLE_NO_FORMAL_IMAGE,UNEXECUTED_OR_NOT_REUSABLE,SAFE_OUTSTANDING_NOT_CLEAN_ASSET,V3_SIDE_LYING_POSITIVE,PASS_EXPLICIT_POSTURE_CUE,positive,PROMPT_DERIVED_SYNTHETIC_GT,FROZEN_GENERATION_PROMPT_AND_PLANNED_ROLE,false,positive,false,NO_VERIFIED_REUSABLE_CLEAN_ASSET
P4D_PLAN::PF_P4D_POS_SIDE_G002_V04,P4D_FROZEN_PLAN_440,PF_P4D_POS_SIDE_G002_V04,,PF_P4D_POS_SIDE_G002,NEW_DESIGN,EXCLUDE_NOT_REUSABLE,positive,positive,side_lying,/home/yanbo/下载/batches/batch_person-fallen-v2-p4d-hardneg-rev1-camera1p5m/prompts/PF_P4D_POS_SIDE_G002_V04.txt,c5f0b7d0f79bbbe6a21a4add048bd436be167c994b0227e267c5445f6db02d9d,c5f0b7d0f79bbbe6a21a4add048bd436be167c994b0227e267c5445f6db02d9d,,,,NOT_APPLICABLE_NO_FORMAL_IMAGE,UNEXECUTED_OR_NOT_REUSABLE,SAFE_OUTSTANDING_NOT_CLEAN_ASSET,V3_SIDE_LYING_POSITIVE,PASS_EXPLICIT_POSTURE_CUE,positive,PROMPT_DERIVED_SYNTHETIC_GT,FROZEN_GENERATION_PROMPT_AND_PLANNED_ROLE,false,positive,false,NO_VERIFIED_REUSABLE_CLEAN_ASSET
P4D_PLAN::PF_P4D_POS_SIDE_G002_V05,P4D_FROZEN_PLAN_440,PF_P4D_POS_SIDE_G002_V05,,PF_P4D_POS_SIDE_G002,NEW_DESIGN,EXCLUDE_NOT_REUSABLE,positive,positive,side_lying,/home/yanbo/下载/batches/batch_person-fallen-v2-p4d-hardneg-rev1-camera1p5m/prompts/PF_P4D_POS_SIDE_G002_V05.txt,26fce75dd85cd52fb64e859632a08ffac63d61ca65202b0db29c572f068a3985,26fce75dd85cd52fb64e859632a08ffac63d61ca65202b0db29c572f068a3985,,,,NOT_APPLICABLE_NO_FORMAL_IMAGE,UNEXECUTED_OR_NOT_REUSABLE,SAFE_OUTSTANDING_NOT_CLEAN_ASSET,V3_SIDE_LYING_POSITIVE,PASS_EXPLICIT_POSTURE_CUE,positive,PROMPT_DERIVED_SYNTHETIC_GT,FROZEN_GENERATION_PROMPT_AND_PLANNED_ROLE,false,positive,false,NO_VERIFIED_REUSABLE_CLEAN_ASSET
P4D_PLAN::PF_P4D_POS_SIDE_G003_V01,P4D_FROZEN_PLAN_440,PF_P4D_POS_SIDE_G003_V01,,PF_P4D_POS_SIDE_G003,NEW_SCREEN,V3_SCREEN,positive,positive,side_lying,/home/yanbo/下载/batches/batch_person-fallen-v2-p4d-hardneg-rev1-camera1p5m/prompts/PF_P4D_POS_SIDE_G003_V01.txt,c9ab85862d531831e6def11c829802710bd2c3ffcf89bedcaaabea79febb3678,c9ab85862d531831e6def11c829802710bd2c3ffcf89bedcaaabea79febb3678,/home/yanbo/net_vlm_person_fallen_v2_optimization/08_p4d_new_hard_negative_dev_revision/02_generation/gr3_fullregen/06_execution/quota_campaign_window_05_gr3q8_authorized_20260831_01/08_final/PF_P4D_POS_SIDE_G003_V01.png,d99dd647a02977daf3ca56fdfc1e844fe6ad83f37e4bd3da6a2725de26b4b16e,d99dd647a02977daf3ca56fdfc1e844fe6ad83f37e4bd3da6a2725de26b4b16e,FAST_CLOSE_EXPECTED_AND_ACTUAL,REUSABLE_P4D_CLEAN_FAST_CLOSE,P4D_FAST_CLOSE_PROVENANCE_MECHANICAL_LINEAGE_PASS,V3_SIDE_LYING_POSITIVE,PASS_EXPLICIT_POSTURE_CUE,positive,PROMPT_DERIVED_SYNTHETIC_GT,FROZEN_GENERATION_PROMPT_AND_PLANNED_ROLE,false,positive,true,
P4D_PLAN::PF_P4D_POS_SIDE_G003_V02,P4D_FROZEN_PLAN_440,PF_P4D_POS_SIDE_G003_V02,,PF_P4D_POS_SIDE_G003,NEW_SCREEN,V3_SCREEN,positive,positive,side_lying,/home/yanbo/下载/batches/batch_person-fallen-v2-p4d-hardneg-rev1-camera1p5m/prompts/PF_P4D_POS_SIDE_G003_V02.txt,f8ea788010145280d4e6e9e3a3cefbab31478e7c721aad1487873c5a16fb5af2,f8ea788010145280d4e6e9e3a3cefbab31478e7c721aad1487873c5a16fb5af2,/home/yanbo/net_vlm_person_fallen_v2_optimization/08_p4d_new_hard_negative_dev_revision/02_generation/gr3_fullregen/06_execution/quota_campaign_window_05_gr3q8_authorized_20260831_01/08_final/PF_P4D_POS_SIDE_G003_V02.png,c98160b85e355bd17527a734b0f95125dd7c6f2bde5f104899638e49ccc91931,c98160b85e355bd17527a734b0f95125dd7c6f2bde5f104899638e49ccc91931,FAST_CLOSE_EXPECTED_AND_ACTUAL,REUSABLE_P4D_CLEAN_FAST_CLOSE,P4D_FAST_CLOSE_PROVENANCE_MECHANICAL_LINEAGE_PASS,V3_SIDE_LYING_POSITIVE,PASS_EXPLICIT_POSTURE_CUE,positive,PROMPT_DERIVED_SYNTHETIC_GT,FROZEN_GENERATION_PROMPT_AND_PLANNED_ROLE,false,positive,true,
P4D_PLAN::PF_P4D_POS_SIDE_G003_V03,P4D_FROZEN_PLAN_440,PF_P4D_POS_SIDE_G003_V03,,PF_P4D_POS_SIDE_G003,NEW_SCREEN,V3_SCREEN,positive,positive,side_lying,/home/yanbo/下载/batches/batch_person-fallen-v2-p4d-hardneg-rev1-camera1p5m/prompts/PF_P4D_POS_SIDE_G003_V03.txt,07da71680a0a0d623c443ee6f087fb099d8c8ebae61c04c4f67f1aa3722ca4c3,07da71680a0a0d623c443ee6f087fb099d8c8ebae61c04c4f67f1aa3722ca4c3,/home/yanbo/net_vlm_person_fallen_v2_optimization/08_p4d_new_hard_negative_dev_revision/02_generation/gr3_fullregen/06_execution/quota_campaign_window_05_gr3q8_authorized_20260831_01/08_final/PF_P4D_POS_SIDE_G003_V03.png,b228466917caf64b9106156b9e1162d10411debf82dc59008c69e271bd5a4a2b,b228466917caf64b9106156b9e1162d10411debf82dc59008c69e271bd5a4a2b,FAST_CLOSE_EXPECTED_AND_ACTUAL,REUSABLE_P4D_CLEAN_FAST_CLOSE,P4D_FAST_CLOSE_PROVENANCE_MECHANICAL_LINEAGE_PASS,V3_SIDE_LYING_POSITIVE,PASS_EXPLICIT_POSTURE_CUE,positive,PROMPT_DERIVED_SYNTHETIC_GT,FROZEN_GENERATION_PROMPT_AND_PLANNED_ROLE,false,positive,true,
P4D_PLAN::PF_P4D_POS_SIDE_G003_V04,P4D_FROZEN_PLAN_440,PF_P4D_POS_SIDE_G003_V04,,PF_P4D_POS_SIDE_G003,NEW_SCREEN,V3_SCREEN,positive,positive,side_lying,/home/yanbo/下载/batches/batch_person-fallen-v2-p4d-hardneg-rev1-camera1p5m/prompts/PF_P4D_POS_SIDE_G003_V04.txt,831ae7c6dee13ca4f07f8ab1b389a13799caedb81e76feb54513e65ab567e577,831ae7c6dee13ca4f07f8ab1b389a13799caedb81e76feb54513e65ab567e577,/home/yanbo/net_vlm_person_fallen_v2_optimization/08_p4d_new_hard_negative_dev_revision/02_generation/gr3_fullregen/06_execution/quota_campaign_window_05_gr3q8_authorized_20260831_01/08_final/PF_P4D_POS_SIDE_G003_V04.png,ba6ce2540307e3ae783fed38d00f20e30343a23ce04f408a7b4766cc0f1d1f47,ba6ce2540307e3ae783fed38d00f20e30343a23ce04f408a7b4766cc0f1d1f47,FAST_CLOSE_EXPECTED_AND_ACTUAL,REUSABLE_P4D_CLEAN_FAST_CLOSE,P4D_FAST_CLOSE_PROVENANCE_MECHANICAL_LINEAGE_PASS,V3_SIDE_LYING_POSITIVE,PASS_EXPLICIT_POSTURE_CUE,positive,PROMPT_DERIVED_SYNTHETIC_GT,FROZEN_GENERATION_PROMPT_AND_PLANNED_ROLE,false,positive,true,
P4D_PLAN::PF_P4D_POS_SIDE_G003_V05,P4D_FROZEN_PLAN_440,PF_P4D_POS_SIDE_G003_V05,,PF_P4D_POS_SIDE_G003,NEW_SCREEN,V3_SCREEN,positive,positive,side_lying,/home/yanbo/下载/batches/batch_person-fallen-v2-p4d-hardneg-rev1-camera1p5m/prompts/PF_P4D_POS_SIDE_G003_V05.txt,3b602b0bfdfbfbb8c7beff07537d6b610f9597199ba57cce6a1c5a9e07d17b3c,3b602b0bfdfbfbb8c7beff07537d6b610f9597199ba57cce6a1c5a9e07d17b3c,/home/yanbo/net_vlm_person_fallen_v2_optimization/08_p4d_new_hard_negative_dev_revision/02_generation/gr3_fullregen/06_execution/quota_campaign_window_05_gr3q8_authorized_20260831_01/08_final/PF_P4D_POS_SIDE_G003_V05.png,9d801db9dd4c2f2265e0d00439872306181ae9632a02a4ec48a794ba0f8db9b4,9d801db9dd4c2f2265e0d00439872306181ae9632a02a4ec48a794ba0f8db9b4,FAST_CLOSE_EXPECTED_AND_ACTUAL,REUSABLE_P4D_CLEAN_FAST_CLOSE,P4D_FAST_CLOSE_PROVENANCE_MECHANICAL_LINEAGE_PASS,V3_SIDE_LYING_POSITIVE,PASS_EXPLICIT_POSTURE_CUE,positive,PROMPT_DERIVED_SYNTHETIC_GT,FROZEN_GENERATION_PROMPT_AND_PLANNED_ROLE,false,positive,true,
P4D_PLAN::PF_P4D_POS_SIDE_G004_V01,P4D_FROZEN_PLAN_440,PF_P4D_POS_SIDE_G004_V01,,PF_P4D_POS_SIDE_G004,NEW_SCREEN,EXCLUDE_NOT_REUSABLE,positive,positive,side_lying,/home/yanbo/下载/batches/batch_person-fallen-v2-p4d-hardneg-rev1-camera1p5m/prompts/PF_P4D_POS_SIDE_G004_V01.txt,5a6026ea2838c828251477a643121a7a091aa48e161f0849ab9e432f76574d5e,5a6026ea2838c828251477a643121a7a091aa48e161f0849ab9e432f76574d5e,,,,NOT_APPLICABLE_NO_FORMAL_IMAGE,UNEXECUTED_OR_NOT_REUSABLE,SAFE_OUTSTANDING_NOT_CLEAN_ASSET,V3_SIDE_LYING_POSITIVE,PASS_EXPLICIT_POSTURE_CUE,positive,PROMPT_DERIVED_SYNTHETIC_GT,FROZEN_GENERATION_PROMPT_AND_PLANNED_ROLE,false,positive,false,NO_VERIFIED_REUSABLE_CLEAN_ASSET
P4D_PLAN::PF_P4D_POS_SIDE_G004_V02,P4D_FROZEN_PLAN_440,PF_P4D_POS_SIDE_G004_V02,,PF_P4D_POS_SIDE_G004,NEW_SCREEN,EXCLUDE_NOT_REUSABLE,positive,positive,side_lying,/home/yanbo/下载/batches/batch_person-fallen-v2-p4d-hardneg-rev1-camera1p5m/prompts/PF_P4D_POS_SIDE_G004_V02.txt,4a9cf9f174320b61b786de921898ca77ded07ad01f7012dff021816051942ab7,4a9cf9f174320b61b786de921898ca77ded07ad01f7012dff021816051942ab7,,,,NOT_APPLICABLE_NO_FORMAL_IMAGE,UNEXECUTED_OR_NOT_REUSABLE,SAFE_OUTSTANDING_NOT_CLEAN_ASSET,V3_SIDE_LYING_POSITIVE,PASS_EXPLICIT_POSTURE_CUE,positive,PROMPT_DERIVED_SYNTHETIC_GT,FROZEN_GENERATION_PROMPT_AND_PLANNED_ROLE,false,positive,false,NO_VERIFIED_REUSABLE_CLEAN_ASSET
P4D_PLAN::PF_P4D_POS_SIDE_G004_V03,P4D_FROZEN_PLAN_440,PF_P4D_POS_SIDE_G004_V03,,PF_P4D_POS_SIDE_G004,NEW_SCREEN,EXCLUDE_NOT_REUSABLE,positive,positive,side_lying,/home/yanbo/下载/batches/batch_person-fallen-v2-p4d-hardneg-rev1-camera1p5m/prompts/PF_P4D_POS_SIDE_G004_V03.txt,37b24121ac4e9dd2a4864694e96d13f872b7253e85d3f78cc177075211f5e35d,37b24121ac4e9dd2a4864694e96d13f872b7253e85d3f78cc177075211f5e35d,,,,NOT_APPLICABLE_NO_FORMAL_IMAGE,UNEXECUTED_OR_NOT_REUSABLE,SAFE_OUTSTANDING_NOT_CLEAN_ASSET,V3_SIDE_LYING_POSITIVE,PASS_EXPLICIT_POSTURE_CUE,positive,PROMPT_DERIVED_SYNTHETIC_GT,FROZEN_GENERATION_PROMPT_AND_PLANNED_ROLE,false,positive,false,NO_VERIFIED_REUSABLE_CLEAN_ASSET
P4D_PLAN::PF_P4D_POS_SIDE_G004_V04,P4D_FROZEN_PLAN_440,PF_P4D_POS_SIDE_G004_V04,,PF_P4D_POS_SIDE_G004,NEW_SCREEN,EXCLUDE_NOT_REUSABLE,positive,positive,side_lying,/home/yanbo/下载/batches/batch_person-fallen-v2-p4d-hardneg-rev1-camera1p5m/prompts/PF_P4D_POS_SIDE_G004_V04.txt,76d99463ed1d5a693d457cbde09389c7d63e2dad10ac081ccbed8f9393d36c4f,76d99463ed1d5a693d457cbde09389c7d63e2dad10ac081ccbed8f9393d36c4f,,,,NOT_APPLICABLE_NO_FORMAL_IMAGE,UNEXECUTED_OR_NOT_REUSABLE,SAFE_OUTSTANDING_NOT_CLEAN_ASSET,V3_SIDE_LYING_POSITIVE,PASS_EXPLICIT_POSTURE_CUE,positive,PROMPT_DERIVED_SYNTHETIC_GT,FROZEN_GENERATION_PROMPT_AND_PLANNED_ROLE,false,positive,false,NO_VERIFIED_REUSABLE_CLEAN_ASSET
P4D_PLAN::PF_P4D_POS_SIDE_G004_V05,P4D_FROZEN_PLAN_440,PF_P4D_POS_SIDE_G004_V05,,PF_P4D_POS_SIDE_G004,NEW_SCREEN,EXCLUDE_NOT_REUSABLE,positive,positive,side_lying,/home/yanbo/下载/batches/batch_person-fallen-v2-p4d-hardneg-rev1-camera1p5m/prompts/PF_P4D_POS_SIDE_G004_V05.txt,abbcc3ec303732d1472227d3611ac0d4a066a3bd1d8e9d5fa207a22ecb6bc0df,abbcc3ec303732d1472227d3611ac0d4a066a3bd1d8e9d5fa207a22ecb6bc0df,,,,NOT_APPLICABLE_NO_FORMAL_IMAGE,UNEXECUTED_OR_NOT_REUSABLE,SAFE_OUTSTANDING_NOT_CLEAN_ASSET,V3_SIDE_LYING_POSITIVE,PASS_EXPLICIT_POSTURE_CUE,positive,PROMPT_DERIVED_SYNTHETIC_GT,FROZEN_GENERATION_PROMPT_AND_PLANNED_ROLE,false,positive,false,NO_VERIFIED_REUSABLE_CLEAN_ASSET
P4D_PLAN::PF_P4D_POS_CURLED_G001_V01,P4D_FROZEN_PLAN_440,PF_P4D_POS_CURLED_G001_V01,,PF_P4D_POS_CURLED_G001,NEW_DESIGN,AUXILIARY_DIAGNOSTIC_ONLY,positive,positive,curled_or_partially_occluded_lying,/home/yanbo/下载/batches/batch_person-fallen-v2-p4d-hardneg-rev1-camera1p5m/prompts/PF_P4D_POS_CURLED_G001_V01.txt,df57cc496458e22dbb92d0046b18ed3f7d44ccda68d73bf437c808bf44ea6e3c,df57cc496458e22dbb92d0046b18ed3f7d44ccda68d73bf437c808bf44ea6e3c,,,,NOT_APPLICABLE_NO_FORMAL_IMAGE,Q9_BINDING_BLOCKED,Q9_POSTRUN_CONFIG_BINDING_MISMATCH,V3_CURLED_OR_PARTIALLY_OCCLUDED_LYING_POSITIVE,PASS_EXPLICIT_POSTURE_CUE,positive,PROMPT_DERIVED_SYNTHETIC_GT,FROZEN_GENERATION_PROMPT_AND_PLANNED_ROLE,false,positive,false,Q9_BINDING_BLOCKED_NOT_FORMAL_V3_MAIN_METRICS
P4D_PLAN::PF_P4D_POS_CURLED_G001_V02,P4D_FROZEN_PLAN_440,PF_P4D_POS_CURLED_G001_V02,,PF_P4D_POS_CURLED_G001,NEW_DESIGN,AUXILIARY_DIAGNOSTIC_ONLY,positive,positive,curled_or_partially_occluded_lying,/home/yanbo/下载/batches/batch_person-fallen-v2-p4d-hardneg-rev1-camera1p5m/prompts/PF_P4D_POS_CURLED_G001_V02.txt,b9d174a3e620e1d755b53628db04687e66d3dc4b03ca8a28cfdc85eb126cee74,b9d174a3e620e1d755b53628db04687e66d3dc4b03ca8a28cfdc85eb126cee74,,,,NOT_APPLICABLE_NO_FORMAL_IMAGE,Q9_BINDING_BLOCKED,Q9_POSTRUN_CONFIG_BINDING_MISMATCH,V3_CURLED_OR_PARTIALLY_OCCLUDED_LYING_POSITIVE,PASS_EXPLICIT_POSTURE_CUE,positive,PROMPT_DERIVED_SYNTHETIC_GT,FROZEN_GENERATION_PROMPT_AND_PLANNED_ROLE,false,positive,false,Q9_BINDING_BLOCKED_NOT_FORMAL_V3_MAIN_METRICS
P4D_PLAN::PF_P4D_POS_CURLED_G001_V03,P4D_FROZEN_PLAN_440,PF_P4D_POS_CURLED_G001_V03,,PF_P4D_POS_CURLED_G001,NEW_DESIGN,AUXILIARY_DIAGNOSTIC_ONLY,positive,positive,curled_or_partially_occluded_lying,/home/yanbo/下载/batches/batch_person-fallen-v2-p4d-hardneg-rev1-camera1p5m/prompts/PF_P4D_POS_CURLED_G001_V03.txt,a66ff953b8b47ee35a023d99173bff9110fe489c05bf3bf5fc0b9e4700b2c78a,a66ff953b8b47ee35a023d99173bff9110fe489c05bf3bf5fc0b9e4700b2c78a,,,,NOT_APPLICABLE_NO_FORMAL_IMAGE,Q9_BINDING_BLOCKED,Q9_POSTRUN_CONFIG_BINDING_MISMATCH,V3_CURLED_OR_PARTIALLY_OCCLUDED_LYING_POSITIVE,PASS_EXPLICIT_POSTURE_CUE,positive,PROMPT_DERIVED_SYNTHETIC_GT,FROZEN_GENERATION_PROMPT_AND_PLANNED_ROLE,false,positive,false,Q9_BINDING_BLOCKED_NOT_FORMAL_V3_MAIN_METRICS
P4D_PLAN::PF_P4D_POS_CURLED_G001_V04,P4D_FROZEN_PLAN_440,PF_P4D_POS_CURLED_G001_V04,,PF_P4D_POS_CURLED_G001,NEW_DESIGN,AUXILIARY_DIAGNOSTIC_ONLY,positive,positive,curled_or_partially_occluded_lying,/home/yanbo/下载/batches/batch_person-fallen-v2-p4d-hardneg-rev1-camera1p5m/prompts/PF_P4D_POS_CURLED_G001_V04.txt,83cbc4b82519c0bba761e79a3af9c4c02bd5fcf49a5d740f77c420a79a8ebadc,83cbc4b82519c0bba761e79a3af9c4c02bd5fcf49a5d740f77c420a79a8ebadc,,,,NOT_APPLICABLE_NO_FORMAL_IMAGE,Q9_BINDING_BLOCKED,Q9_POSTRUN_CONFIG_BINDING_MISMATCH,V3_CURLED_OR_PARTIALLY_OCCLUDED_LYING_POSITIVE,PASS_EXPLICIT_POSTURE_CUE,positive,PROMPT_DERIVED_SYNTHETIC_GT,FROZEN_GENERATION_PROMPT_AND_PLANNED_ROLE,false,positive,false,Q9_BINDING_BLOCKED_NOT_FORMAL_V3_MAIN_METRICS
P4D_PLAN::PF_P4D_POS_CURLED_G001_V05,P4D_FROZEN_PLAN_440,PF_P4D_POS_CURLED_G001_V05,,PF_P4D_POS_CURLED_G001,NEW_DESIGN,AUXILIARY_DIAGNOSTIC_ONLY,positive,positive,curled_or_partially_occluded_lying,/home/yanbo/下载/batches/batch_person-fallen-v2-p4d-hardneg-rev1-camera1p5m/prompts/PF_P4D_POS_CURLED_G001_V05.txt,d24b15bf26ac339fccd26ec69b044db36721a174e7e2e0e9a8dac158b55566d8,d24b15bf26ac339fccd26ec69b044db36721a174e7e2e0e9a8dac158b55566d8,,,,NOT_APPLICABLE_NO_FORMAL_IMAGE,Q9_BINDING_BLOCKED,Q9_POSTRUN_CONFIG_BINDING_MISMATCH,V3_CURLED_OR_PARTIALLY_OCCLUDED_LYING_POSITIVE,PASS_EXPLICIT_POSTURE_CUE,positive,PROMPT_DERIVED_SYNTHETIC_GT,FROZEN_GENERATION_PROMPT_AND_PLANNED_ROLE,false,positive,false,Q9_BINDING_BLOCKED_NOT_FORMAL_V3_MAIN_METRICS
P4D_PLAN::PF_P4D_POS_CURLED_G002_V01,P4D_FROZEN_PLAN_440,PF_P4D_POS_CURLED_G002_V01,,PF_P4D_POS_CURLED_G002,NEW_DESIGN,EXCLUDE_NOT_REUSABLE,positive,positive,curled_or_partially_occluded_lying,/home/yanbo/下载/batches/batch_person-fallen-v2-p4d-hardneg-rev1-camera1p5m/prompts/PF_P4D_POS_CURLED_G002_V01.txt,229d13f5a2451d3489903ef479374b97186ae2edd9b858df11e5158101524518,229d13f5a2451d3489903ef479374b97186ae2edd9b858df11e5158101524518,,,,NOT_APPLICABLE_NO_FORMAL_IMAGE,UNEXECUTED_OR_NOT_REUSABLE,SAFE_OUTSTANDING_NOT_CLEAN_ASSET,V3_CURLED_OR_PARTIALLY_OCCLUDED_LYING_POSITIVE,PASS_EXPLICIT_POSTURE_CUE,positive,PROMPT_DERIVED_SYNTHETIC_GT,FROZEN_GENERATION_PROMPT_AND_PLANNED_ROLE,false,positive,false,NO_VERIFIED_REUSABLE_CLEAN_ASSET
P4D_PLAN::PF_P4D_POS_CURLED_G002_V02,P4D_FROZEN_PLAN_440,PF_P4D_POS_CURLED_G002_V02,,PF_P4D_POS_CURLED_G002,NEW_DESIGN,EXCLUDE_NOT_REUSABLE,positive,positive,curled_or_partially_occluded_lying,/home/yanbo/下载/batches/batch_person-fallen-v2-p4d-hardneg-rev1-camera1p5m/prompts/PF_P4D_POS_CURLED_G002_V02.txt,2ee246dff87e49c65435f0d0ad5f0e96bdf2a24fec43f4cd9726fd691fb5eeee,2ee246dff87e49c65435f0d0ad5f0e96bdf2a24fec43f4cd9726fd691fb5eeee,,,,NOT_APPLICABLE_NO_FORMAL_IMAGE,UNEXECUTED_OR_NOT_REUSABLE,SAFE_OUTSTANDING_NOT_CLEAN_ASSET,V3_CURLED_OR_PARTIALLY_OCCLUDED_LYING_POSITIVE,PASS_EXPLICIT_POSTURE_CUE,positive,PROMPT_DERIVED_SYNTHETIC_GT,FROZEN_GENERATION_PROMPT_AND_PLANNED_ROLE,false,positive,false,NO_VERIFIED_REUSABLE_CLEAN_ASSET
P4D_PLAN::PF_P4D_POS_CURLED_G002_V03,P4D_FROZEN_PLAN_440,PF_P4D_POS_CURLED_G002_V03,,PF_P4D_POS_CURLED_G002,NEW_DESIGN,EXCLUDE_NOT_REUSABLE,positive,positive,curled_or_partially_occluded_lying,/home/yanbo/下载/batches/batch_person-fallen-v2-p4d-hardneg-rev1-camera1p5m/prompts/PF_P4D_POS_CURLED_G002_V03.txt,44d311717f76c2536f159aa004a76700325828dd804804e1ef48a9dc64275214,44d311717f76c2536f159aa004a76700325828dd804804e1ef48a9dc64275214,,,,NOT_APPLICABLE_NO_FORMAL_IMAGE,UNEXECUTED_OR_NOT_REUSABLE,SAFE_OUTSTANDING_NOT_CLEAN_ASSET,V3_CURLED_OR_PARTIALLY_OCCLUDED_LYING_POSITIVE,PASS_EXPLICIT_POSTURE_CUE,positive,PROMPT_DERIVED_SYNTHETIC_GT,FROZEN_GENERATION_PROMPT_AND_PLANNED_ROLE,false,positive,false,NO_VERIFIED_REUSABLE_CLEAN_ASSET
P4D_PLAN::PF_P4D_POS_CURLED_G002_V04,P4D_FROZEN_PLAN_440,PF_P4D_POS_CURLED_G002_V04,,PF_P4D_POS_CURLED_G002,NEW_DESIGN,EXCLUDE_NOT_REUSABLE,positive,positive,curled_or_partially_occluded_lying,/home/yanbo/下载/batches/batch_person-fallen-v2-p4d-hardneg-rev1-camera1p5m/prompts/PF_P4D_POS_CURLED_G002_V04.txt,5c9e4de9c7b8efdd3357bca7d5fa05a7e82e36b185db4a1a53c1ac71dc0ba50c,5c9e4de9c7b8efdd3357bca7d5fa05a7e82e36b185db4a1a53c1ac71dc0ba50c,,,,NOT_APPLICABLE_NO_FORMAL_IMAGE,UNEXECUTED_OR_NOT_REUSABLE,SAFE_OUTSTANDING_NOT_CLEAN_ASSET,V3_CURLED_OR_PARTIALLY_OCCLUDED_LYING_POSITIVE,PASS_EXPLICIT_POSTURE_CUE,positive,PROMPT_DERIVED_SYNTHETIC_GT,FROZEN_GENERATION_PROMPT_AND_PLANNED_ROLE,false,positive,false,NO_VERIFIED_REUSABLE_CLEAN_ASSET
P4D_PLAN::PF_P4D_POS_CURLED_G002_V05,P4D_FROZEN_PLAN_440,PF_P4D_POS_CURLED_G002_V05,,PF_P4D_POS_CURLED_G002,NEW_DESIGN,EXCLUDE_NOT_REUSABLE,positive,positive,curled_or_partially_occluded_lying,/home/yanbo/下载/batches/batch_person-fallen-v2-p4d-hardneg-rev1-camera1p5m/prompts/PF_P4D_POS_CURLED_G002_V05.txt,4e5d06252ff565bd824d86c818da1a89d4fd605b9a231fb0c80f582b5893789a,4e5d06252ff565bd824d86c818da1a89d4fd605b9a231fb0c80f582b5893789a,,,,NOT_APPLICABLE_NO_FORMAL_IMAGE,UNEXECUTED_OR_NOT_REUSABLE,SAFE_OUTSTANDING_NOT_CLEAN_ASSET,V3_CURLED_OR_PARTIALLY_OCCLUDED_LYING_POSITIVE,PASS_EXPLICIT_POSTURE_CUE,positive,PROMPT_DERIVED_SYNTHETIC_GT,FROZEN_GENERATION_PROMPT_AND_PLANNED_ROLE,false,positive,false,NO_VERIFIED_REUSABLE_CLEAN_ASSET
P4D_PLAN::PF_P4D_POS_CURLED_G003_V01,P4D_FROZEN_PLAN_440,PF_P4D_POS_CURLED_G003_V01,,PF_P4D_POS_CURLED_G003,NEW_SCREEN,V3_SCREEN,positive,positive,curled_or_partially_occluded_lying,/home/yanbo/下载/batches/batch_person-fallen-v2-p4d-hardneg-rev1-camera1p5m/prompts/PF_P4D_POS_CURLED_G003_V01.txt,4059792f9b8c2018c04917cb7a8858a83e2366e05c7607ecd14c066bebc440ec,4059792f9b8c2018c04917cb7a8858a83e2366e05c7607ecd14c066bebc440ec,/home/yanbo/net_vlm_person_fallen_v2_optimization/08_p4d_new_hard_negative_dev_revision/02_generation/gr3_fullregen/06_execution/quota_campaign_window_01_authorized_20260830_05/08_final/PF_P4D_POS_CURLED_G003_V01.png,0ec8ab3eef2dee7d34110766dc459c6d3d7fbc48407a8ada7394e30c2408abfb,0ec8ab3eef2dee7d34110766dc459c6d3d7fbc48407a8ada7394e30c2408abfb,FAST_CLOSE_EXPECTED_AND_ACTUAL,REUSABLE_P4D_CLEAN_FAST_CLOSE,P4D_FAST_CLOSE_PROVENANCE_MECHANICAL_LINEAGE_PASS,V3_CURLED_OR_PARTIALLY_OCCLUDED_LYING_POSITIVE,PASS_EXPLICIT_POSTURE_CUE,positive,PROMPT_DERIVED_SYNTHETIC_GT,FROZEN_GENERATION_PROMPT_AND_PLANNED_ROLE,false,positive,true,
P4D_PLAN::PF_P4D_POS_CURLED_G003_V02,P4D_FROZEN_PLAN_440,PF_P4D_POS_CURLED_G003_V02,,PF_P4D_POS_CURLED_G003,NEW_SCREEN,V3_SCREEN,positive,positive,curled_or_partially_occluded_lying,/home/yanbo/下载/batches/batch_person-fallen-v2-p4d-hardneg-rev1-camera1p5m/prompts/PF_P4D_POS_CURLED_G003_V02.txt,a715ef0ab674eb76443665ffd19f7ba32797d3e43781d1f6857b97b780555410,a715ef0ab674eb76443665ffd19f7ba32797d3e43781d1f6857b97b780555410,/home/yanbo/net_vlm_person_fallen_v2_optimization/08_p4d_new_hard_negative_dev_revision/02_generation/gr3_fullregen/06_execution/quota_campaign_window_01_authorized_20260830_05/08_final/PF_P4D_POS_CURLED_G003_V02.png,857f76dd2f773aa40c1cfbe097c7df7948af8db7274d0394a1aa45e40967651c,857f76dd2f773aa40c1cfbe097c7df7948af8db7274d0394a1aa45e40967651c,FAST_CLOSE_EXPECTED_AND_ACTUAL,REUSABLE_P4D_CLEAN_FAST_CLOSE,P4D_FAST_CLOSE_PROVENANCE_MECHANICAL_LINEAGE_PASS,V3_CURLED_OR_PARTIALLY_OCCLUDED_LYING_POSITIVE,PASS_EXPLICIT_POSTURE_CUE,positive,PROMPT_DERIVED_SYNTHETIC_GT,FROZEN_GENERATION_PROMPT_AND_PLANNED_ROLE,false,positive,true,
P4D_PLAN::PF_P4D_POS_CURLED_G003_V03,P4D_FROZEN_PLAN_440,PF_P4D_POS_CURLED_G003_V03,,PF_P4D_POS_CURLED_G003,NEW_SCREEN,V3_SCREEN,positive,positive,curled_or_partially_occluded_lying,/home/yanbo/下载/batches/batch_person-fallen-v2-p4d-hardneg-rev1-camera1p5m/prompts/PF_P4D_POS_CURLED_G003_V03.txt,97868c61b8d65000969f4c8fc8fd04e52875839312cb8090b32ef34c60025f1a,97868c61b8d65000969f4c8fc8fd04e52875839312cb8090b32ef34c60025f1a,/home/yanbo/net_vlm_person_fallen_v2_optimization/08_p4d_new_hard_negative_dev_revision/02_generation/gr3_fullregen/06_execution/quota_campaign_window_02_policy_adapter_20260830_01/08_final/PF_P4D_POS_CURLED_G003_V03.png,ba6d65e33971be24526c565da46a9af23ca4e7ffb5acfe581345df47a73d82ce,ba6d65e33971be24526c565da46a9af23ca4e7ffb5acfe581345df47a73d82ce,FAST_CLOSE_CURRENT_REHASH_EXPECTED_FIELD_EMPTY,REUSABLE_P4D_CLEAN_FAST_CLOSE,P4D_FAST_CLOSE_PROVENANCE_MECHANICAL_LINEAGE_PASS,V3_CURLED_OR_PARTIALLY_OCCLUDED_LYING_POSITIVE,PASS_EXPLICIT_POSTURE_CUE,positive,PROMPT_DERIVED_SYNTHETIC_GT,FROZEN_GENERATION_PROMPT_AND_PLANNED_ROLE,false,positive,true,
P4D_PLAN::PF_P4D_POS_CURLED_G003_V04,P4D_FROZEN_PLAN_440,PF_P4D_POS_CURLED_G003_V04,,PF_P4D_POS_CURLED_G003,NEW_SCREEN,V3_SCREEN,positive,positive,curled_or_partially_occluded_lying,/home/yanbo/下载/batches/batch_person-fallen-v2-p4d-hardneg-rev1-camera1p5m/prompts/PF_P4D_POS_CURLED_G003_V04.txt,fc90252830d7b46476b5e51e3fdc7ad7c800cbf94ba244e06a72d3c0d26a95f8,fc90252830d7b46476b5e51e3fdc7ad7c800cbf94ba244e06a72d3c0d26a95f8,/home/yanbo/net_vlm_person_fallen_v2_optimization/08_p4d_new_hard_negative_dev_revision/02_generation/gr3_fullregen/06_execution/quota_campaign_window_02_policy_adapter_20260830_01/08_final/PF_P4D_POS_CURLED_G003_V04.png,061022f4fc20068e241079c06f07ecfc0b6f47f3d854fd6fc9e8dba458f8118b,061022f4fc20068e241079c06f07ecfc0b6f47f3d854fd6fc9e8dba458f8118b,FAST_CLOSE_CURRENT_REHASH_EXPECTED_FIELD_EMPTY,REUSABLE_P4D_CLEAN_FAST_CLOSE,P4D_FAST_CLOSE_PROVENANCE_MECHANICAL_LINEAGE_PASS,V3_CURLED_OR_PARTIALLY_OCCLUDED_LYING_POSITIVE,PASS_EXPLICIT_POSTURE_CUE,positive,PROMPT_DERIVED_SYNTHETIC_GT,FROZEN_GENERATION_PROMPT_AND_PLANNED_ROLE,false,positive,true,
P4D_PLAN::PF_P4D_POS_CURLED_G003_V05,P4D_FROZEN_PLAN_440,PF_P4D_POS_CURLED_G003_V05,,PF_P4D_POS_CURLED_G003,NEW_SCREEN,V3_SCREEN,positive,positive,curled_or_partially_occluded_lying,/home/yanbo/下载/batches/batch_person-fallen-v2-p4d-hardneg-rev1-camera1p5m/prompts/PF_P4D_POS_CURLED_G003_V05.txt,06ceedef963d7f78869c6fac8d58f37b3934d4d0824ffdd9fa65382473f81557,06ceedef963d7f78869c6fac8d58f37b3934d4d0824ffdd9fa65382473f81557,/home/yanbo/net_vlm_person_fallen_v2_optimization/08_p4d_new_hard_negative_dev_revision/02_generation/gr3_fullregen/06_execution/quota_campaign_window_02_policy_adapter_20260830_01/08_final/PF_P4D_POS_CURLED_G003_V05.png,cc7aa39aba0d92ccdd1caba5648e295b8398cde4675128d20b667c20d82d7ca0,cc7aa39aba0d92ccdd1caba5648e295b8398cde4675128d20b667c20d82d7ca0,FAST_CLOSE_CURRENT_REHASH_EXPECTED_FIELD_EMPTY,REUSABLE_P4D_CLEAN_FAST_CLOSE,P4D_FAST_CLOSE_PROVENANCE_MECHANICAL_LINEAGE_PASS,V3_CURLED_OR_PARTIALLY_OCCLUDED_LYING_POSITIVE,PASS_EXPLICIT_POSTURE_CUE,positive,PROMPT_DERIVED_SYNTHETIC_GT,FROZEN_GENERATION_PROMPT_AND_PLANNED_ROLE,false,positive,true,
P4D_PLAN::PF_P4D_POS_INTENTIONAL_G001_V01,P4D_FROZEN_PLAN_440,PF_P4D_POS_INTENTIONAL_G001_V01,,PF_P4D_POS_INTENTIONAL_G001,NEW_DESIGN,V3_DEV,positive,positive,intentional_ground_lying,/home/yanbo/下载/batches/batch_person-fallen-v2-p4d-hardneg-rev1-camera1p5m/prompts/PF_P4D_POS_INTENTIONAL_G001_V01.txt,79bae94cbcceb099671f403a8298cbb8d0548da56f822c968f818668fed15287,79bae94cbcceb099671f403a8298cbb8d0548da56f822c968f818668fed15287,/home/yanbo/net_vlm_person_fallen_v2_optimization/08_p4d_new_hard_negative_dev_revision/02_generation/gr3_fullregen/06_execution/quota_campaign_window_04_gr3q7_authorized_20260831_01/08_final/PF_P4D_POS_INTENTIONAL_G001_V01.png,8b0fbadb9fb89a02b640e21b4950e8c94228d301cbba11cd339683aa61983d93,8b0fbadb9fb89a02b640e21b4950e8c94228d301cbba11cd339683aa61983d93,FAST_CLOSE_EXPECTED_AND_ACTUAL,REUSABLE_P4D_CLEAN_FAST_CLOSE,P4D_FAST_CLOSE_PROVENANCE_MECHANICAL_LINEAGE_PASS,V3_INTENTIONAL_GROUND_LYING_POSITIVE,PASS_EXPLICIT_POSTURE_CUE,positive,PROMPT_DERIVED_SYNTHETIC_GT,FROZEN_GENERATION_PROMPT_AND_PLANNED_ROLE,false,positive,true,
P4D_PLAN::PF_P4D_POS_INTENTIONAL_G001_V02,P4D_FROZEN_PLAN_440,PF_P4D_POS_INTENTIONAL_G001_V02,,PF_P4D_POS_INTENTIONAL_G001,NEW_DESIGN,V3_DEV,positive,positive,intentional_ground_lying,/home/yanbo/下载/batches/batch_person-fallen-v2-p4d-hardneg-rev1-camera1p5m/prompts/PF_P4D_POS_INTENTIONAL_G001_V02.txt,864ea9f1cb8089993ab4641b8848d1b5be5efc59ee15f29abf7877422080f9a8,864ea9f1cb8089993ab4641b8848d1b5be5efc59ee15f29abf7877422080f9a8,/home/yanbo/net_vlm_person_fallen_v2_optimization/08_p4d_new_hard_negative_dev_revision/02_generation/gr3_fullregen/06_execution/quota_campaign_window_04_gr3q7_authorized_20260831_01/08_final/PF_P4D_POS_INTENTIONAL_G001_V02.png,355569d277ac77bd23ae3beefbbd9c594a0185759fe83215040449066d8976a3,355569d277ac77bd23ae3beefbbd9c594a0185759fe83215040449066d8976a3,FAST_CLOSE_EXPECTED_AND_ACTUAL,REUSABLE_P4D_CLEAN_FAST_CLOSE,P4D_FAST_CLOSE_PROVENANCE_MECHANICAL_LINEAGE_PASS,V3_INTENTIONAL_GROUND_LYING_POSITIVE,PASS_EXPLICIT_POSTURE_CUE,positive,PROMPT_DERIVED_SYNTHETIC_GT,FROZEN_GENERATION_PROMPT_AND_PLANNED_ROLE,false,positive,true,
P4D_PLAN::PF_P4D_POS_INTENTIONAL_G001_V03,P4D_FROZEN_PLAN_440,PF_P4D_POS_INTENTIONAL_G001_V03,,PF_P4D_POS_INTENTIONAL_G001,NEW_DESIGN,V3_DEV,positive,positive,intentional_ground_lying,/home/yanbo/下载/batches/batch_person-fallen-v2-p4d-hardneg-rev1-camera1p5m/prompts/PF_P4D_POS_INTENTIONAL_G001_V03.txt,d377ee592426a5c1dd159fbe9a13dbe0984e5fc11a2377be964c4f2f44bf55ea,d377ee592426a5c1dd159fbe9a13dbe0984e5fc11a2377be964c4f2f44bf55ea,/home/yanbo/net_vlm_person_fallen_v2_optimization/08_p4d_new_hard_negative_dev_revision/02_generation/gr3_fullregen/06_execution/quota_campaign_window_04_gr3q7_authorized_20260831_01/08_final/PF_P4D_POS_INTENTIONAL_G001_V03.png,03b6a8f53c3e8548d5fd1fce7dc1f10b9a72422206d3e9e6afe10c6ef4744328,03b6a8f53c3e8548d5fd1fce7dc1f10b9a72422206d3e9e6afe10c6ef4744328,FAST_CLOSE_EXPECTED_AND_ACTUAL,REUSABLE_P4D_CLEAN_FAST_CLOSE,P4D_FAST_CLOSE_PROVENANCE_MECHANICAL_LINEAGE_PASS,V3_INTENTIONAL_GROUND_LYING_POSITIVE,PASS_EXPLICIT_POSTURE_CUE,positive,PROMPT_DERIVED_SYNTHETIC_GT,FROZEN_GENERATION_PROMPT_AND_PLANNED_ROLE,false,positive,true,
P4D_PLAN::PF_P4D_POS_INTENTIONAL_G001_V04,P4D_FROZEN_PLAN_440,PF_P4D_POS_INTENTIONAL_G001_V04,,PF_P4D_POS_INTENTIONAL_G001,NEW_DESIGN,V3_DEV,positive,positive,intentional_ground_lying,/home/yanbo/下载/batches/batch_person-fallen-v2-p4d-hardneg-rev1-camera1p5m/prompts/PF_P4D_POS_INTENTIONAL_G001_V04.txt,9ff14a868077ff2671c410540498d54828ddf8d9911e9019d47039bc194e3fa3,9ff14a868077ff2671c410540498d54828ddf8d9911e9019d47039bc194e3fa3,/home/yanbo/net_vlm_person_fallen_v2_optimization/08_p4d_new_hard_negative_dev_revision/02_generation/gr3_fullregen/06_execution/quota_campaign_window_04_gr3q7_authorized_20260831_01/08_final/PF_P4D_POS_INTENTIONAL_G001_V04.png,f7f735b3cdd0b718dbbba676cea354cb59b8cb8c3b16b83b4f79cad456c8e951,f7f735b3cdd0b718dbbba676cea354cb59b8cb8c3b16b83b4f79cad456c8e951,FAST_CLOSE_EXPECTED_AND_ACTUAL,REUSABLE_P4D_CLEAN_FAST_CLOSE,P4D_FAST_CLOSE_PROVENANCE_MECHANICAL_LINEAGE_PASS,V3_INTENTIONAL_GROUND_LYING_POSITIVE,PASS_EXPLICIT_POSTURE_CUE,positive,PROMPT_DERIVED_SYNTHETIC_GT,FROZEN_GENERATION_PROMPT_AND_PLANNED_ROLE,false,positive,true,
P4D_PLAN::PF_P4D_POS_INTENTIONAL_G001_V05,P4D_FROZEN_PLAN_440,PF_P4D_POS_INTENTIONAL_G001_V05,,PF_P4D_POS_INTENTIONAL_G001,NEW_DESIGN,V3_DEV,positive,positive,intentional_ground_lying,/home/yanbo/下载/batches/batch_person-fallen-v2-p4d-hardneg-rev1-camera1p5m/prompts/PF_P4D_POS_INTENTIONAL_G001_V05.txt,0901e750c88448a5582f22c117828327c306c1bd7fda5480fc8131294c1692ef,0901e750c88448a5582f22c117828327c306c1bd7fda5480fc8131294c1692ef,/home/yanbo/net_vlm_person_fallen_v2_optimization/08_p4d_new_hard_negative_dev_revision/02_generation/gr3_fullregen/06_execution/quota_campaign_window_04_gr3q7_authorized_20260831_01/08_final/PF_P4D_POS_INTENTIONAL_G001_V05.png,86daf91a8f3bb8d154a1ec1a6585a9e52bbf096a9bbc45d68971fe8e23fb3993,86daf91a8f3bb8d154a1ec1a6585a9e52bbf096a9bbc45d68971fe8e23fb3993,FAST_CLOSE_EXPECTED_AND_ACTUAL,REUSABLE_P4D_CLEAN_FAST_CLOSE,P4D_FAST_CLOSE_PROVENANCE_MECHANICAL_LINEAGE_PASS,V3_INTENTIONAL_GROUND_LYING_POSITIVE,PASS_EXPLICIT_POSTURE_CUE,positive,PROMPT_DERIVED_SYNTHETIC_GT,FROZEN_GENERATION_PROMPT_AND_PLANNED_ROLE,false,positive,true,
P4D_PLAN::PF_P4D_POS_INTENTIONAL_G002_V01,P4D_FROZEN_PLAN_440,PF_P4D_POS_INTENTIONAL_G002_V01,,PF_P4D_POS_INTENTIONAL_G002,NEW_SCREEN,EXCLUDE_NOT_REUSABLE,positive,positive,intentional_ground_lying,/home/yanbo/下载/batches/batch_person-fallen-v2-p4d-hardneg-rev1-camera1p5m/prompts/PF_P4D_POS_INTENTIONAL_G002_V01.txt,589e85a7730bf4f7845264736a82c78e2d95c87bfd6b346304d46017b087863a,589e85a7730bf4f7845264736a82c78e2d95c87bfd6b346304d46017b087863a,,,,NOT_APPLICABLE_NO_FORMAL_IMAGE,NOT_STARTED,Q10_TERMINAL_NOT_STARTED,V3_INTENTIONAL_GROUND_LYING_POSITIVE,PASS_EXPLICIT_POSTURE_CUE,positive,PROMPT_DERIVED_SYNTHETIC_GT,FROZEN_GENERATION_PROMPT_AND_PLANNED_ROLE,false,positive,false,NOT_STARTED_EXCLUDED_AND_NOT_RESENT
P4D_PLAN::PF_P4D_POS_INTENTIONAL_G002_V02,P4D_FROZEN_PLAN_440,PF_P4D_POS_INTENTIONAL_G002_V02,,PF_P4D_POS_INTENTIONAL_G002,NEW_SCREEN,EXCLUDE_NOT_REUSABLE,positive,positive,intentional_ground_lying,/home/yanbo/下载/batches/batch_person-fallen-v2-p4d-hardneg-rev1-camera1p5m/prompts/PF_P4D_POS_INTENTIONAL_G002_V02.txt,1b80dc22be2910dbb29c10881e3215fcab144768764e975e653a45f8c80db349,1b80dc22be2910dbb29c10881e3215fcab144768764e975e653a45f8c80db349,,,,NOT_APPLICABLE_NO_FORMAL_IMAGE,NOT_STARTED,Q10_TERMINAL_NOT_STARTED,V3_INTENTIONAL_GROUND_LYING_POSITIVE,PASS_EXPLICIT_POSTURE_CUE,positive,PROMPT_DERIVED_SYNTHETIC_GT,FROZEN_GENERATION_PROMPT_AND_PLANNED_ROLE,false,positive,false,NOT_STARTED_EXCLUDED_AND_NOT_RESENT
P4D_PLAN::PF_P4D_POS_INTENTIONAL_G002_V03,P4D_FROZEN_PLAN_440,PF_P4D_POS_INTENTIONAL_G002_V03,,PF_P4D_POS_INTENTIONAL_G002,NEW_SCREEN,EXCLUDE_NOT_REUSABLE,positive,positive,intentional_ground_lying,/home/yanbo/下载/batches/batch_person-fallen-v2-p4d-hardneg-rev1-camera1p5m/prompts/PF_P4D_POS_INTENTIONAL_G002_V03.txt,627f8f2ccc0300859cf8e53b91f0b0cf2ada2348e28e17f1489f4f6fa4f8101f,627f8f2ccc0300859cf8e53b91f0b0cf2ada2348e28e17f1489f4f6fa4f8101f,,,,NOT_APPLICABLE_NO_FORMAL_IMAGE,NOT_STARTED,Q10_TERMINAL_NOT_STARTED,V3_INTENTIONAL_GROUND_LYING_POSITIVE,PASS_EXPLICIT_POSTURE_CUE,positive,PROMPT_DERIVED_SYNTHETIC_GT,FROZEN_GENERATION_PROMPT_AND_PLANNED_ROLE,false,positive,false,NOT_STARTED_EXCLUDED_AND_NOT_RESENT
P4D_PLAN::PF_P4D_POS_INTENTIONAL_G002_V04,P4D_FROZEN_PLAN_440,PF_P4D_POS_INTENTIONAL_G002_V04,,PF_P4D_POS_INTENTIONAL_G002,NEW_SCREEN,EXCLUDE_NOT_REUSABLE,positive,positive,intentional_ground_lying,/home/yanbo/下载/batches/batch_person-fallen-v2-p4d-hardneg-rev1-camera1p5m/prompts/PF_P4D_POS_INTENTIONAL_G002_V04.txt,1853453a106e0d729c5378c72313a10b906080244d0168bb646171b9f3edd9f4,1853453a106e0d729c5378c72313a10b906080244d0168bb646171b9f3edd9f4,,,,NOT_APPLICABLE_NO_FORMAL_IMAGE,NOT_STARTED,Q10_TERMINAL_NOT_STARTED,V3_INTENTIONAL_GROUND_LYING_POSITIVE,PASS_EXPLICIT_POSTURE_CUE,positive,PROMPT_DERIVED_SYNTHETIC_GT,FROZEN_GENERATION_PROMPT_AND_PLANNED_ROLE,false,positive,false,NOT_STARTED_EXCLUDED_AND_NOT_RESENT
P4D_PLAN::PF_P4D_POS_INTENTIONAL_G002_V05,P4D_FROZEN_PLAN_440,PF_P4D_POS_INTENTIONAL_G002_V05,,PF_P4D_POS_INTENTIONAL_G002,NEW_SCREEN,EXCLUDE_NOT_REUSABLE,positive,positive,intentional_ground_lying,/home/yanbo/下载/batches/batch_person-fallen-v2-p4d-hardneg-rev1-camera1p5m/prompts/PF_P4D_POS_INTENTIONAL_G002_V05.txt,926fd67ba247b7428ec777f915b26578675942c072dafd3076e664e2176ef419,926fd67ba247b7428ec777f915b26578675942c072dafd3076e664e2176ef419,,,,NOT_APPLICABLE_NO_FORMAL_IMAGE,NOT_STARTED,Q10_TERMINAL_NOT_STARTED,V3_INTENTIONAL_GROUND_LYING_POSITIVE,PASS_EXPLICIT_POSTURE_CUE,positive,PROMPT_DERIVED_SYNTHETIC_GT,FROZEN_GENERATION_PROMPT_AND_PLANNED_ROLE,false,positive,false,NOT_STARTED_EXCLUDED_AND_NOT_RESENT
P4D_PLAN::PF_P4D_POS_MULTI_G001_V01,P4D_FROZEN_PLAN_440,PF_P4D_POS_MULTI_G001_V01,,PF_P4D_POS_MULTI_G001,NEW_DESIGN,V3_DEV,positive,positive,multi_person_one_lying,/home/yanbo/下载/batches/batch_person-fallen-v2-p4d-hardneg-rev1-camera1p5m/prompts/PF_P4D_POS_MULTI_G001_V01.txt,7a876243579a35e3cd24d7fb0931169ee7da5a06ea1b2d71ea4ff8c2895d1abf,7a876243579a35e3cd24d7fb0931169ee7da5a06ea1b2d71ea4ff8c2895d1abf,/home/yanbo/net_vlm_person_fallen_v2_optimization/08_p4d_new_hard_negative_dev_revision/02_generation/gr3_fullregen/06_execution/quota_campaign_window_04_gr3q7_authorized_20260831_01/08_final/PF_P4D_POS_MULTI_G001_V01.png,766f41cdd735818a390ad3355e6ddfce65820ee32ddb96beafa9ae7d59c00c6b,766f41cdd735818a390ad3355e6ddfce65820ee32ddb96beafa9ae7d59c00c6b,FAST_CLOSE_EXPECTED_AND_ACTUAL,REUSABLE_P4D_CLEAN_FAST_CLOSE,P4D_FAST_CLOSE_PROVENANCE_MECHANICAL_LINEAGE_PASS,V3_MULTI_PERSON_ONE_LYING_POSITIVE,PASS_EXPLICIT_POSTURE_CUE,positive,PROMPT_DERIVED_SYNTHETIC_GT,FROZEN_GENERATION_PROMPT_AND_PLANNED_ROLE,false,positive,true,
P4D_PLAN::PF_P4D_POS_MULTI_G001_V02,P4D_FROZEN_PLAN_440,PF_P4D_POS_MULTI_G001_V02,,PF_P4D_POS_MULTI_G001,NEW_DESIGN,V3_DEV,positive,positive,multi_person_one_lying,/home/yanbo/下载/batches/batch_person-fallen-v2-p4d-hardneg-rev1-camera1p5m/prompts/PF_P4D_POS_MULTI_G001_V02.txt,a2a987455a4e4b991626982f7412f9df245abe12d930a084feaa7496cc2a4124,a2a987455a4e4b991626982f7412f9df245abe12d930a084feaa7496cc2a4124,/home/yanbo/net_vlm_person_fallen_v2_optimization/08_p4d_new_hard_negative_dev_revision/02_generation/gr3_fullregen/06_execution/quota_campaign_window_04_gr3q7_authorized_20260831_01/08_final/PF_P4D_POS_MULTI_G001_V02.png,4380b9ff73d2652e4bb460f83f45f4b69ad41dc87952826ec40dcb24f1615861,4380b9ff73d2652e4bb460f83f45f4b69ad41dc87952826ec40dcb24f1615861,FAST_CLOSE_EXPECTED_AND_ACTUAL,REUSABLE_P4D_CLEAN_FAST_CLOSE,P4D_FAST_CLOSE_PROVENANCE_MECHANICAL_LINEAGE_PASS,V3_MULTI_PERSON_ONE_LYING_POSITIVE,PASS_EXPLICIT_POSTURE_CUE,positive,PROMPT_DERIVED_SYNTHETIC_GT,FROZEN_GENERATION_PROMPT_AND_PLANNED_ROLE,false,positive,true,
P4D_PLAN::PF_P4D_POS_MULTI_G001_V03,P4D_FROZEN_PLAN_440,PF_P4D_POS_MULTI_G001_V03,,PF_P4D_POS_MULTI_G001,NEW_DESIGN,V3_DEV,positive,positive,multi_person_one_lying,/home/yanbo/下载/batches/batch_person-fallen-v2-p4d-hardneg-rev1-camera1p5m/prompts/PF_P4D_POS_MULTI_G001_V03.txt,485bccf85bbc8584a1c36cdc6bc58a0d330ca9b0b40d91d5b7919c5e06824507,485bccf85bbc8584a1c36cdc6bc58a0d330ca9b0b40d91d5b7919c5e06824507,/home/yanbo/net_vlm_person_fallen_v2_optimization/08_p4d_new_hard_negative_dev_revision/02_generation/gr3_fullregen/06_execution/quota_campaign_window_04_gr3q7_authorized_20260831_01/08_final/PF_P4D_POS_MULTI_G001_V03.png,078df807ba36c7014717f00fbe459dbb4e8a846d1e9ccad6ce2100fc646c6b35,078df807ba36c7014717f00fbe459dbb4e8a846d1e9ccad6ce2100fc646c6b35,FAST_CLOSE_EXPECTED_AND_ACTUAL,REUSABLE_P4D_CLEAN_FAST_CLOSE,P4D_FAST_CLOSE_PROVENANCE_MECHANICAL_LINEAGE_PASS,V3_MULTI_PERSON_ONE_LYING_POSITIVE,PASS_EXPLICIT_POSTURE_CUE,positive,PROMPT_DERIVED_SYNTHETIC_GT,FROZEN_GENERATION_PROMPT_AND_PLANNED_ROLE,false,positive,true,
P4D_PLAN::PF_P4D_POS_MULTI_G001_V04,P4D_FROZEN_PLAN_440,PF_P4D_POS_MULTI_G001_V04,,PF_P4D_POS_MULTI_G001,NEW_DESIGN,V3_DEV,positive,positive,multi_person_one_lying,/home/yanbo/下载/batches/batch_person-fallen-v2-p4d-hardneg-rev1-camera1p5m/prompts/PF_P4D_POS_MULTI_G001_V04.txt,2784920efdebadd3c60b94d804ac0b9be96f8239226c507ba9f837674484030c,2784920efdebadd3c60b94d804ac0b9be96f8239226c507ba9f837674484030c,/home/yanbo/net_vlm_person_fallen_v2_optimization/08_p4d_new_hard_negative_dev_revision/02_generation/gr3_fullregen/06_execution/quota_campaign_window_04_gr3q7_authorized_20260831_01/08_final/PF_P4D_POS_MULTI_G001_V04.png,8711cb681690b1e5df446b55e4f239e7b3ef53a24da029706a1d14213e7a144a,8711cb681690b1e5df446b55e4f239e7b3ef53a24da029706a1d14213e7a144a,FAST_CLOSE_EXPECTED_AND_ACTUAL,REUSABLE_P4D_CLEAN_FAST_CLOSE,P4D_FAST_CLOSE_PROVENANCE_MECHANICAL_LINEAGE_PASS,V3_MULTI_PERSON_ONE_LYING_POSITIVE,PASS_EXPLICIT_POSTURE_CUE,positive,PROMPT_DERIVED_SYNTHETIC_GT,FROZEN_GENERATION_PROMPT_AND_PLANNED_ROLE,false,positive,true,
P4D_PLAN::PF_P4D_POS_MULTI_G001_V05,P4D_FROZEN_PLAN_440,PF_P4D_POS_MULTI_G001_V05,,PF_P4D_POS_MULTI_G001,NEW_DESIGN,V3_DEV,positive,positive,multi_person_one_lying,/home/yanbo/下载/batches/batch_person-fallen-v2-p4d-hardneg-rev1-camera1p5m/prompts/PF_P4D_POS_MULTI_G001_V05.txt,3e4634fb365ca5323a098344aa43db65b9dac99bd588d0093a22a77491005fc2,3e4634fb365ca5323a098344aa43db65b9dac99bd588d0093a22a77491005fc2,/home/yanbo/net_vlm_person_fallen_v2_optimization/08_p4d_new_hard_negative_dev_revision/02_generation/gr3_fullregen/06_execution/quota_campaign_window_04_gr3q7_authorized_20260831_01/08_final/PF_P4D_POS_MULTI_G001_V05.png,b6b022ff11f89afc87a076e33db60e5a1f369df2037a81e2f9688747def1d67b,b6b022ff11f89afc87a076e33db60e5a1f369df2037a81e2f9688747def1d67b,FAST_CLOSE_EXPECTED_AND_ACTUAL,REUSABLE_P4D_CLEAN_FAST_CLOSE,P4D_FAST_CLOSE_PROVENANCE_MECHANICAL_LINEAGE_PASS,V3_MULTI_PERSON_ONE_LYING_POSITIVE,PASS_EXPLICIT_POSTURE_CUE,positive,PROMPT_DERIVED_SYNTHETIC_GT,FROZEN_GENERATION_PROMPT_AND_PLANNED_ROLE,false,positive,true,
P4D_PLAN::PF_P4D_POS_MULTI_G002_V01,P4D_FROZEN_PLAN_440,PF_P4D_POS_MULTI_G002_V01,,PF_P4D_POS_MULTI_G002,NEW_SCREEN,EXCLUDE_NOT_REUSABLE,positive,positive,multi_person_one_lying,/home/yanbo/下载/batches/batch_person-fallen-v2-p4d-hardneg-rev1-camera1p5m/prompts/PF_P4D_POS_MULTI_G002_V01.txt,4e485a6e3dcd022a3607165b33dfd4b00ae6976f798500d902e229cf06678ca3,4e485a6e3dcd022a3607165b33dfd4b00ae6976f798500d902e229cf06678ca3,,,,NOT_APPLICABLE_NO_FORMAL_IMAGE,UNEXECUTED_OR_NOT_REUSABLE,SAFE_OUTSTANDING_NOT_CLEAN_ASSET,V3_MULTI_PERSON_ONE_LYING_POSITIVE,PASS_EXPLICIT_POSTURE_CUE,positive,PROMPT_DERIVED_SYNTHETIC_GT,FROZEN_GENERATION_PROMPT_AND_PLANNED_ROLE,false,positive,false,NO_VERIFIED_REUSABLE_CLEAN_ASSET
P4D_PLAN::PF_P4D_POS_MULTI_G002_V02,P4D_FROZEN_PLAN_440,PF_P4D_POS_MULTI_G002_V02,,PF_P4D_POS_MULTI_G002,NEW_SCREEN,EXCLUDE_NOT_REUSABLE,positive,positive,multi_person_one_lying,/home/yanbo/下载/batches/batch_person-fallen-v2-p4d-hardneg-rev1-camera1p5m/prompts/PF_P4D_POS_MULTI_G002_V02.txt,9afb29f2c2e2f0df0a2e1af631241238c619c73a620e40f9da0671e0cc03a2f6,9afb29f2c2e2f0df0a2e1af631241238c619c73a620e40f9da0671e0cc03a2f6,,,,NOT_APPLICABLE_NO_FORMAL_IMAGE,UNEXECUTED_OR_NOT_REUSABLE,SAFE_OUTSTANDING_NOT_CLEAN_ASSET,V3_MULTI_PERSON_ONE_LYING_POSITIVE,PASS_EXPLICIT_POSTURE_CUE,positive,PROMPT_DERIVED_SYNTHETIC_GT,FROZEN_GENERATION_PROMPT_AND_PLANNED_ROLE,false,positive,false,NO_VERIFIED_REUSABLE_CLEAN_ASSET
P4D_PLAN::PF_P4D_POS_MULTI_G002_V03,P4D_FROZEN_PLAN_440,PF_P4D_POS_MULTI_G002_V03,,PF_P4D_POS_MULTI_G002,NEW_SCREEN,EXCLUDE_NOT_REUSABLE,positive,positive,multi_person_one_lying,/home/yanbo/下载/batches/batch_person-fallen-v2-p4d-hardneg-rev1-camera1p5m/prompts/PF_P4D_POS_MULTI_G002_V03.txt,bad0c59ff832b470e6cdce4d8d886157fe609d9160ccf6de0546cd0b7e2dc246,bad0c59ff832b470e6cdce4d8d886157fe609d9160ccf6de0546cd0b7e2dc246,,,,NOT_APPLICABLE_NO_FORMAL_IMAGE,UNEXECUTED_OR_NOT_REUSABLE,SAFE_OUTSTANDING_NOT_CLEAN_ASSET,V3_MULTI_PERSON_ONE_LYING_POSITIVE,PASS_EXPLICIT_POSTURE_CUE,positive,PROMPT_DERIVED_SYNTHETIC_GT,FROZEN_GENERATION_PROMPT_AND_PLANNED_ROLE,false,positive,false,NO_VERIFIED_REUSABLE_CLEAN_ASSET
P4D_PLAN::PF_P4D_POS_MULTI_G002_V04,P4D_FROZEN_PLAN_440,PF_P4D_POS_MULTI_G002_V04,,PF_P4D_POS_MULTI_G002,NEW_SCREEN,EXCLUDE_NOT_REUSABLE,positive,positive,multi_person_one_lying,/home/yanbo/下载/batches/batch_person-fallen-v2-p4d-hardneg-rev1-camera1p5m/prompts/PF_P4D_POS_MULTI_G002_V04.txt,24db4e8838b9bc667cefdb38d09771f14b69e7987ac0b43b4c3d6c5c721e6142,24db4e8838b9bc667cefdb38d09771f14b69e7987ac0b43b4c3d6c5c721e6142,,,,NOT_APPLICABLE_NO_FORMAL_IMAGE,UNEXECUTED_OR_NOT_REUSABLE,SAFE_OUTSTANDING_NOT_CLEAN_ASSET,V3_MULTI_PERSON_ONE_LYING_POSITIVE,PASS_EXPLICIT_POSTURE_CUE,positive,PROMPT_DERIVED_SYNTHETIC_GT,FROZEN_GENERATION_PROMPT_AND_PLANNED_ROLE,false,positive,false,NO_VERIFIED_REUSABLE_CLEAN_ASSET
P4D_PLAN::PF_P4D_POS_MULTI_G002_V05,P4D_FROZEN_PLAN_440,PF_P4D_POS_MULTI_G002_V05,,PF_P4D_POS_MULTI_G002,NEW_SCREEN,EXCLUDE_NOT_REUSABLE,positive,positive,multi_person_one_lying,/home/yanbo/下载/batches/batch_person-fallen-v2-p4d-hardneg-rev1-camera1p5m/prompts/PF_P4D_POS_MULTI_G002_V05.txt,77f5f177f6ff65adf8102964d287316eb90591dcc18d7f5ed620eecdfa36de96,77f5f177f6ff65adf8102964d287316eb90591dcc18d7f5ed620eecdfa36de96,,,,NOT_APPLICABLE_NO_FORMAL_IMAGE,UNEXECUTED_OR_NOT_REUSABLE,SAFE_OUTSTANDING_NOT_CLEAN_ASSET,V3_MULTI_PERSON_ONE_LYING_POSITIVE,PASS_EXPLICIT_POSTURE_CUE,positive,PROMPT_DERIVED_SYNTHETIC_GT,FROZEN_GENERATION_PROMPT_AND_PLANNED_ROLE,false,positive,false,NO_VERIFIED_REUSABLE_CLEAN_ASSET
P4D_PLAN::PF_P4D_POS_CORRIDOR_G001_V01,P4D_FROZEN_PLAN_440,PF_P4D_POS_CORRIDOR_G001_V01,,PF_P4D_POS_CORRIDOR_G001,NEW_SCREEN,V3_SCREEN,positive,positive,horizontal_corridor_ground_lying,/home/yanbo/下载/batches/batch_person-fallen-v2-p4d-hardneg-rev1-camera1p5m/prompts/PF_P4D_POS_CORRIDOR_G001_V01.txt,db0b94ef6860e20bbdbbb6574d3841cff9d65dbcc529159512de918221492364,db0b94ef6860e20bbdbbb6574d3841cff9d65dbcc529159512de918221492364,/home/yanbo/net_vlm_person_fallen_v2_optimization/08_p4d_new_hard_negative_dev_revision/02_generation/gr3_fullregen/06_execution/quota_campaign_window_04_gr3q7_authorized_20260831_01/08_final/PF_P4D_POS_CORRIDOR_G001_V01.png,d55c9ce33855c4099bca3a2375d111e1a4bf1bc957d0f7a1736316893534c511,d55c9ce33855c4099bca3a2375d111e1a4bf1bc957d0f7a1736316893534c511,FAST_CLOSE_EXPECTED_AND_ACTUAL,REUSABLE_P4D_CLEAN_FAST_CLOSE,P4D_FAST_CLOSE_PROVENANCE_MECHANICAL_LINEAGE_PASS,V3_HORIZONTAL_CORRIDOR_GROUND_LYING_POSITIVE,PASS_EXPLICIT_POSTURE_CUE,positive,PROMPT_DERIVED_SYNTHETIC_GT,FROZEN_GENERATION_PROMPT_AND_PLANNED_ROLE,false,positive,true,
P4D_PLAN::PF_P4D_POS_CORRIDOR_G001_V02,P4D_FROZEN_PLAN_440,PF_P4D_POS_CORRIDOR_G001_V02,,PF_P4D_POS_CORRIDOR_G001,NEW_SCREEN,V3_SCREEN,positive,positive,horizontal_corridor_ground_lying,/home/yanbo/下载/batches/batch_person-fallen-v2-p4d-hardneg-rev1-camera1p5m/prompts/PF_P4D_POS_CORRIDOR_G001_V02.txt,42cc5c784c9329e20fec1fa3b648f99a0dee4e5b36a6ff5b2657fe589213500b,42cc5c784c9329e20fec1fa3b648f99a0dee4e5b36a6ff5b2657fe589213500b,/home/yanbo/net_vlm_person_fallen_v2_optimization/08_p4d_new_hard_negative_dev_revision/02_generation/gr3_fullregen/06_execution/quota_campaign_window_04_gr3q7_authorized_20260831_01/08_final/PF_P4D_POS_CORRIDOR_G001_V02.png,cc79a90543ba6317b0163565415ba9b5d8d5373d3f70b8a432df9cdd8c7a9f99,cc79a90543ba6317b0163565415ba9b5d8d5373d3f70b8a432df9cdd8c7a9f99,FAST_CLOSE_EXPECTED_AND_ACTUAL,REUSABLE_P4D_CLEAN_FAST_CLOSE,P4D_FAST_CLOSE_PROVENANCE_MECHANICAL_LINEAGE_PASS,V3_HORIZONTAL_CORRIDOR_GROUND_LYING_POSITIVE,PASS_EXPLICIT_POSTURE_CUE,positive,PROMPT_DERIVED_SYNTHETIC_GT,FROZEN_GENERATION_PROMPT_AND_PLANNED_ROLE,false,positive,true,
P4D_PLAN::PF_P4D_POS_CORRIDOR_G001_V03,P4D_FROZEN_PLAN_440,PF_P4D_POS_CORRIDOR_G001_V03,,PF_P4D_POS_CORRIDOR_G001,NEW_SCREEN,V3_SCREEN,positive,positive,horizontal_corridor_ground_lying,/home/yanbo/下载/batches/batch_person-fallen-v2-p4d-hardneg-rev1-camera1p5m/prompts/PF_P4D_POS_CORRIDOR_G001_V03.txt,49916aa2402b4e17e9ad1ceecce48d1235f2de6d19f4e428ea493bcd92085e54,49916aa2402b4e17e9ad1ceecce48d1235f2de6d19f4e428ea493bcd92085e54,/home/yanbo/net_vlm_person_fallen_v2_optimization/08_p4d_new_hard_negative_dev_revision/02_generation/gr3_fullregen/06_execution/quota_campaign_window_04_gr3q7_authorized_20260831_01/08_final/PF_P4D_POS_CORRIDOR_G001_V03.png,7988d3f9d02e050d3371e98abba9b56c6941389eb3a215e29363839d552b8100,7988d3f9d02e050d3371e98abba9b56c6941389eb3a215e29363839d552b8100,FAST_CLOSE_EXPECTED_AND_ACTUAL,REUSABLE_P4D_CLEAN_FAST_CLOSE,P4D_FAST_CLOSE_PROVENANCE_MECHANICAL_LINEAGE_PASS,V3_HORIZONTAL_CORRIDOR_GROUND_LYING_POSITIVE,PASS_EXPLICIT_POSTURE_CUE,positive,PROMPT_DERIVED_SYNTHETIC_GT,FROZEN_GENERATION_PROMPT_AND_PLANNED_ROLE,false,positive,true,
P4D_PLAN::PF_P4D_POS_CORRIDOR_G001_V04,P4D_FROZEN_PLAN_440,PF_P4D_POS_CORRIDOR_G001_V04,,PF_P4D_POS_CORRIDOR_G001,NEW_SCREEN,V3_SCREEN,positive,positive,horizontal_corridor_ground_lying,/home/yanbo/下载/batches/batch_person-fallen-v2-p4d-hardneg-rev1-camera1p5m/prompts/PF_P4D_POS_CORRIDOR_G001_V04.txt,18734590a1d85bf0109692cc58f2ed6031305841f951113b1a12a3739f8768be,18734590a1d85bf0109692cc58f2ed6031305841f951113b1a12a3739f8768be,/home/yanbo/net_vlm_person_fallen_v2_optimization/08_p4d_new_hard_negative_dev_revision/02_generation/gr3_fullregen/06_execution/quota_campaign_window_04_gr3q7_authorized_20260831_01/08_final/PF_P4D_POS_CORRIDOR_G001_V04.png,c2112d70ecd7b3d2821810ce138aa30aee7eac30eaf3b67c2b3549eb9cffe1cb,c2112d70ecd7b3d2821810ce138aa30aee7eac30eaf3b67c2b3549eb9cffe1cb,FAST_CLOSE_EXPECTED_AND_ACTUAL,REUSABLE_P4D_CLEAN_FAST_CLOSE,P4D_FAST_CLOSE_PROVENANCE_MECHANICAL_LINEAGE_PASS,V3_HORIZONTAL_CORRIDOR_GROUND_LYING_POSITIVE,PASS_EXPLICIT_POSTURE_CUE,positive,PROMPT_DERIVED_SYNTHETIC_GT,FROZEN_GENERATION_PROMPT_AND_PLANNED_ROLE,false,positive,true,
P4D_PLAN::PF_P4D_POS_CORRIDOR_G001_V05,P4D_FROZEN_PLAN_440,PF_P4D_POS_CORRIDOR_G001_V05,,PF_P4D_POS_CORRIDOR_G001,NEW_SCREEN,V3_SCREEN,positive,positive,horizontal_corridor_ground_lying,/home/yanbo/下载/batches/batch_person-fallen-v2-p4d-hardneg-rev1-camera1p5m/prompts/PF_P4D_POS_CORRIDOR_G001_V05.txt,c8360449d4fcd9bbc9fd895b1001e5f0357852ae9cdb93394009409fd3d0eddf,c8360449d4fcd9bbc9fd895b1001e5f0357852ae9cdb93394009409fd3d0eddf,/home/yanbo/net_vlm_person_fallen_v2_optimization/08_p4d_new_hard_negative_dev_revision/02_generation/gr3_fullregen/06_execution/quota_campaign_window_04_gr3q7_authorized_20260831_01/08_final/PF_P4D_POS_CORRIDOR_G001_V05.png,d857787195c868fe7ab40d9256855f14407c0f29c2f1d55e3c2128f567a7cf71,d857787195c868fe7ab40d9256855f14407c0f29c2f1d55e3c2128f567a7cf71,FAST_CLOSE_EXPECTED_AND_ACTUAL,REUSABLE_P4D_CLEAN_FAST_CLOSE,P4D_FAST_CLOSE_PROVENANCE_MECHANICAL_LINEAGE_PASS,V3_HORIZONTAL_CORRIDOR_GROUND_LYING_POSITIVE,PASS_EXPLICIT_POSTURE_CUE,positive,PROMPT_DERIVED_SYNTHETIC_GT,FROZEN_GENERATION_PROMPT_AND_PLANNED_ROLE,false,positive,true,
P4D_PLAN::PF_P4D_NEG_STAND_G001_V01,P4D_FROZEN_PLAN_440,PF_P4D_NEG_STAND_G001_V01,,PF_P4D_NEG_STAND_G001,NEW_DESIGN,EXCLUDE_NOT_REUSABLE,ordinary_negative,negative,standing_walking,/home/yanbo/下载/batches/batch_person-fallen-v2-p4d-hardneg-rev1-camera1p5m/prompts/PF_P4D_NEG_STAND_G001_V01.txt,f3968c8194801184c16e332a6072b0a2e19a2225f1613208174f89f41360a41d,f3968c8194801184c16e332a6072b0a2e19a2225f1613208174f89f41360a41d,,,,NOT_APPLICABLE_NO_FORMAL_IMAGE,NOT_STARTED,Q10_TERMINAL_NOT_STARTED,V3_STANDING_WALKING_NEGATIVE,PASS_EXPLICIT_NEGATIVE_CUE,negative,PROMPT_DERIVED_SYNTHETIC_GT,FROZEN_GENERATION_PROMPT_AND_PLANNED_ROLE,false,ordinary_negative,false,NOT_STARTED_EXCLUDED_AND_NOT_RESENT
P4D_PLAN::PF_P4D_NEG_STAND_G001_V02,P4D_FROZEN_PLAN_440,PF_P4D_NEG_STAND_G001_V02,,PF_P4D_NEG_STAND_G001,NEW_DESIGN,EXCLUDE_NOT_REUSABLE,ordinary_negative,negative,standing_walking,/home/yanbo/下载/batches/batch_person-fallen-v2-p4d-hardneg-rev1-camera1p5m/prompts/PF_P4D_NEG_STAND_G001_V02.txt,d271280a02cf5693e81cea2a750dd96d158c557986b8ba16017e86519293d84c,d271280a02cf5693e81cea2a750dd96d158c557986b8ba16017e86519293d84c,,,,NOT_APPLICABLE_NO_FORMAL_IMAGE,NOT_STARTED,Q10_TERMINAL_NOT_STARTED,V3_STANDING_WALKING_NEGATIVE,PASS_EXPLICIT_NEGATIVE_CUE,negative,PROMPT_DERIVED_SYNTHETIC_GT,FROZEN_GENERATION_PROMPT_AND_PLANNED_ROLE,false,ordinary_negative,false,NOT_STARTED_EXCLUDED_AND_NOT_RESENT
P4D_PLAN::PF_P4D_NEG_STAND_G001_V03,P4D_FROZEN_PLAN_440,PF_P4D_NEG_STAND_G001_V03,,PF_P4D_NEG_STAND_G001,NEW_DESIGN,EXCLUDE_NOT_REUSABLE,ordinary_negative,negative,standing_walking,/home/yanbo/下载/batches/batch_person-fallen-v2-p4d-hardneg-rev1-camera1p5m/prompts/PF_P4D_NEG_STAND_G001_V03.txt,18c05c13a54001ec1a43ae2ebd42e057d1363441586bdaa2e2e1f15703c720be,18c05c13a54001ec1a43ae2ebd42e057d1363441586bdaa2e2e1f15703c720be,,,,NOT_APPLICABLE_NO_FORMAL_IMAGE,NOT_STARTED,Q10_TERMINAL_NOT_STARTED,V3_STANDING_WALKING_NEGATIVE,PASS_EXPLICIT_NEGATIVE_CUE,negative,PROMPT_DERIVED_SYNTHETIC_GT,FROZEN_GENERATION_PROMPT_AND_PLANNED_ROLE,false,ordinary_negative,false,NOT_STARTED_EXCLUDED_AND_NOT_RESENT
P4D_PLAN::PF_P4D_NEG_STAND_G001_V04,P4D_FROZEN_PLAN_440,PF_P4D_NEG_STAND_G001_V04,,PF_P4D_NEG_STAND_G001,NEW_DESIGN,EXCLUDE_NOT_REUSABLE,ordinary_negative,negative,standing_walking,/home/yanbo/下载/batches/batch_person-fallen-v2-p4d-hardneg-rev1-camera1p5m/prompts/PF_P4D_NEG_STAND_G001_V04.txt,85d682128d28f9d0d089008ab4ccbd7a11027bf8bc59febd44200ed868660b6a,85d682128d28f9d0d089008ab4ccbd7a11027bf8bc59febd44200ed868660b6a,,,,NOT_APPLICABLE_NO_FORMAL_IMAGE,NOT_STARTED,Q10_TERMINAL_NOT_STARTED,V3_STANDING_WALKING_NEGATIVE,PASS_EXPLICIT_NEGATIVE_CUE,negative,PROMPT_DERIVED_SYNTHETIC_GT,FROZEN_GENERATION_PROMPT_AND_PLANNED_ROLE,false,ordinary_negative,false,NOT_STARTED_EXCLUDED_AND_NOT_RESENT
P4D_PLAN::PF_P4D_NEG_STAND_G001_V05,P4D_FROZEN_PLAN_440,PF_P4D_NEG_STAND_G001_V05,,PF_P4D_NEG_STAND_G001,NEW_DESIGN,EXCLUDE_NOT_REUSABLE,ordinary_negative,negative,standing_walking,/home/yanbo/下载/batches/batch_person-fallen-v2-p4d-hardneg-rev1-camera1p5m/prompts/PF_P4D_NEG_STAND_G001_V05.txt,c64ec801d6a6d45e7aaebbe765e4ea2f7c084a4aa79b6cf7f849cded0fd0a2e6,c64ec801d6a6d45e7aaebbe765e4ea2f7c084a4aa79b6cf7f849cded0fd0a2e6,,,,NOT_APPLICABLE_NO_FORMAL_IMAGE,NOT_STARTED,Q10_TERMINAL_NOT_STARTED,V3_STANDING_WALKING_NEGATIVE,PASS_EXPLICIT_NEGATIVE_CUE,negative,PROMPT_DERIVED_SYNTHETIC_GT,FROZEN_GENERATION_PROMPT_AND_PLANNED_ROLE,false,ordinary_negative,false,NOT_STARTED_EXCLUDED_AND_NOT_RESENT
P4D_PLAN::PF_P4D_NEG_STAND_G002_V01,P4D_FROZEN_PLAN_440,PF_P4D_NEG_STAND_G002_V01,,PF_P4D_NEG_STAND_G002,NEW_DESIGN,EXCLUDE_NOT_REUSABLE,ordinary_negative,negative,standing_walking,/home/yanbo/下载/batches/batch_person-fallen-v2-p4d-hardneg-rev1-camera1p5m/prompts/PF_P4D_NEG_STAND_G002_V01.txt,6865c040801e2ed2f9be7bc234bdf1cf7ea194b653a2cfd77fcd53cb03d72d0f,6865c040801e2ed2f9be7bc234bdf1cf7ea194b653a2cfd77fcd53cb03d72d0f,,,,NOT_APPLICABLE_NO_FORMAL_IMAGE,UNEXECUTED_OR_NOT_REUSABLE,SAFE_OUTSTANDING_NOT_CLEAN_ASSET,V3_STANDING_WALKING_NEGATIVE,PASS_EXPLICIT_NEGATIVE_CUE,negative,PROMPT_DERIVED_SYNTHETIC_GT,FROZEN_GENERATION_PROMPT_AND_PLANNED_ROLE,false,ordinary_negative,false,NO_VERIFIED_REUSABLE_CLEAN_ASSET
P4D_PLAN::PF_P4D_NEG_STAND_G002_V02,P4D_FROZEN_PLAN_440,PF_P4D_NEG_STAND_G002_V02,,PF_P4D_NEG_STAND_G002,NEW_DESIGN,EXCLUDE_NOT_REUSABLE,ordinary_negative,negative,standing_walking,/home/yanbo/下载/batches/batch_person-fallen-v2-p4d-hardneg-rev1-camera1p5m/prompts/PF_P4D_NEG_STAND_G002_V02.txt,3fe5742df126ed2c2813f131bed24a7fd646ef697e1d0aec9a7a7d681071bbd4,3fe5742df126ed2c2813f131bed24a7fd646ef697e1d0aec9a7a7d681071bbd4,,,,NOT_APPLICABLE_NO_FORMAL_IMAGE,UNEXECUTED_OR_NOT_REUSABLE,SAFE_OUTSTANDING_NOT_CLEAN_ASSET,V3_STANDING_WALKING_NEGATIVE,PASS_EXPLICIT_NEGATIVE_CUE,negative,PROMPT_DERIVED_SYNTHETIC_GT,FROZEN_GENERATION_PROMPT_AND_PLANNED_ROLE,false,ordinary_negative,false,NO_VERIFIED_REUSABLE_CLEAN_ASSET
P4D_PLAN::PF_P4D_NEG_STAND_G002_V03,P4D_FROZEN_PLAN_440,PF_P4D_NEG_STAND_G002_V03,,PF_P4D_NEG_STAND_G002,NEW_DESIGN,EXCLUDE_NOT_REUSABLE,ordinary_negative,negative,standing_walking,/home/yanbo/下载/batches/batch_person-fallen-v2-p4d-hardneg-rev1-camera1p5m/prompts/PF_P4D_NEG_STAND_G002_V03.txt,83d1b0d898f6e76917acd617d6f7e0dee05198d697a7706e6d39059744e6ee6d,83d1b0d898f6e76917acd617d6f7e0dee05198d697a7706e6d39059744e6ee6d,,,,NOT_APPLICABLE_NO_FORMAL_IMAGE,UNEXECUTED_OR_NOT_REUSABLE,SAFE_OUTSTANDING_NOT_CLEAN_ASSET,V3_STANDING_WALKING_NEGATIVE,PASS_EXPLICIT_NEGATIVE_CUE,negative,PROMPT_DERIVED_SYNTHETIC_GT,FROZEN_GENERATION_PROMPT_AND_PLANNED_ROLE,false,ordinary_negative,false,NO_VERIFIED_REUSABLE_CLEAN_ASSET
P4D_PLAN::PF_P4D_NEG_STAND_G002_V04,P4D_FROZEN_PLAN_440,PF_P4D_NEG_STAND_G002_V04,,PF_P4D_NEG_STAND_G002,NEW_DESIGN,EXCLUDE_NOT_REUSABLE,ordinary_negative,negative,standing_walking,/home/yanbo/下载/batches/batch_person-fallen-v2-p4d-hardneg-rev1-camera1p5m/prompts/PF_P4D_NEG_STAND_G002_V04.txt,8fb0104d2f609bc24dcaecd0cbec615b3b55db8fb56fe8dcf1005b54f1c5ad7e,8fb0104d2f609bc24dcaecd0cbec615b3b55db8fb56fe8dcf1005b54f1c5ad7e,,,,NOT_APPLICABLE_NO_FORMAL_IMAGE,UNEXECUTED_OR_NOT_REUSABLE,SAFE_OUTSTANDING_NOT_CLEAN_ASSET,V3_STANDING_WALKING_NEGATIVE,PASS_EXPLICIT_NEGATIVE_CUE,negative,PROMPT_DERIVED_SYNTHETIC_GT,FROZEN_GENERATION_PROMPT_AND_PLANNED_ROLE,false,ordinary_negative,false,NO_VERIFIED_REUSABLE_CLEAN_ASSET
P4D_PLAN::PF_P4D_NEG_STAND_G002_V05,P4D_FROZEN_PLAN_440,PF_P4D_NEG_STAND_G002_V05,,PF_P4D_NEG_STAND_G002,NEW_DESIGN,EXCLUDE_NOT_REUSABLE,ordinary_negative,negative,standing_walking,/home/yanbo/下载/batches/batch_person-fallen-v2-p4d-hardneg-rev1-camera1p5m/prompts/PF_P4D_NEG_STAND_G002_V05.txt,4956bd74d1e49ac6e29f7081c9ccf447b5390f971e397df9f8ceb0ec688e28c4,4956bd74d1e49ac6e29f7081c9ccf447b5390f971e397df9f8ceb0ec688e28c4,,,,NOT_APPLICABLE_NO_FORMAL_IMAGE,UNEXECUTED_OR_NOT_REUSABLE,SAFE_OUTSTANDING_NOT_CLEAN_ASSET,V3_STANDING_WALKING_NEGATIVE,PASS_EXPLICIT_NEGATIVE_CUE,negative,PROMPT_DERIVED_SYNTHETIC_GT,FROZEN_GENERATION_PROMPT_AND_PLANNED_ROLE,false,ordinary_negative,false,NO_VERIFIED_REUSABLE_CLEAN_ASSET
P4D_PLAN::PF_P4D_NEG_STAND_G003_V01,P4D_FROZEN_PLAN_440,PF_P4D_NEG_STAND_G003_V01,,PF_P4D_NEG_STAND_G003,NEW_SCREEN,V3_SCREEN,ordinary_negative,negative,standing_walking,/home/yanbo/下载/batches/batch_person-fallen-v2-p4d-hardneg-rev1-camera1p5m/prompts/PF_P4D_NEG_STAND_G003_V01.txt,eb651d60c4797f3c1211717e77d0949c12f072298d620e2b5090c91af5567067,eb651d60c4797f3c1211717e77d0949c12f072298d620e2b5090c91af5567067,/home/yanbo/net_vlm_person_fallen_v2_optimization/08_p4d_new_hard_negative_dev_revision/02_generation/gr3_fullregen/06_execution/quota_campaign_window_01_authorized_20260830_05/08_final/PF_P4D_NEG_STAND_G003_V01.png,895ad7f662f1604e82a007429438cca8a824d36c33d5d54512b9583fa212f872,895ad7f662f1604e82a007429438cca8a824d36c33d5d54512b9583fa212f872,FAST_CLOSE_EXPECTED_AND_ACTUAL,REUSABLE_P4D_CLEAN_FAST_CLOSE,P4D_FAST_CLOSE_PROVENANCE_MECHANICAL_LINEAGE_PASS,V3_STANDING_WALKING_NEGATIVE,PASS_EXPLICIT_NEGATIVE_CUE,negative,PROMPT_DERIVED_SYNTHETIC_GT,FROZEN_GENERATION_PROMPT_AND_PLANNED_ROLE,false,ordinary_negative,true,
P4D_PLAN::PF_P4D_NEG_STAND_G003_V02,P4D_FROZEN_PLAN_440,PF_P4D_NEG_STAND_G003_V02,,PF_P4D_NEG_STAND_G003,NEW_SCREEN,V3_SCREEN,ordinary_negative,negative,standing_walking,/home/yanbo/下载/batches/batch_person-fallen-v2-p4d-hardneg-rev1-camera1p5m/prompts/PF_P4D_NEG_STAND_G003_V02.txt,3fe8e8dada359145a819d1f7d607b19921b1123939a266fe1815995953d3b8f0,3fe8e8dada359145a819d1f7d607b19921b1123939a266fe1815995953d3b8f0,/home/yanbo/net_vlm_person_fallen_v2_optimization/08_p4d_new_hard_negative_dev_revision/02_generation/gr3_fullregen/06_execution/quota_campaign_window_01_authorized_20260830_05/08_final/PF_P4D_NEG_STAND_G003_V02.png,b54a3504508a49e81ae9d0d9b35784acf97673496d0e93d09e8b35cbf8cf9937,b54a3504508a49e81ae9d0d9b35784acf97673496d0e93d09e8b35cbf8cf9937,FAST_CLOSE_EXPECTED_AND_ACTUAL,REUSABLE_P4D_CLEAN_FAST_CLOSE,P4D_FAST_CLOSE_PROVENANCE_MECHANICAL_LINEAGE_PASS,V3_STANDING_WALKING_NEGATIVE,PASS_EXPLICIT_NEGATIVE_CUE,negative,PROMPT_DERIVED_SYNTHETIC_GT,FROZEN_GENERATION_PROMPT_AND_PLANNED_ROLE,false,ordinary_negative,true,
P4D_PLAN::PF_P4D_NEG_STAND_G003_V03,P4D_FROZEN_PLAN_440,PF_P4D_NEG_STAND_G003_V03,,PF_P4D_NEG_STAND_G003,NEW_SCREEN,V3_SCREEN,ordinary_negative,negative,standing_walking,/home/yanbo/下载/batches/batch_person-fallen-v2-p4d-hardneg-rev1-camera1p5m/prompts/PF_P4D_NEG_STAND_G003_V03.txt,e2b2ef7fca5d1304d6b49eba059e2fe2421445848f1ccd96bd0f484c8d53b630,e2b2ef7fca5d1304d6b49eba059e2fe2421445848f1ccd96bd0f484c8d53b630,/home/yanbo/net_vlm_person_fallen_v2_optimization/08_p4d_new_hard_negative_dev_revision/02_generation/gr3_fullregen/06_execution/quota_campaign_window_01_authorized_20260830_05/08_final/PF_P4D_NEG_STAND_G003_V03.png,cae4fe15440e43003bab4423bf43209de42e40d1d306a8138857c6c2f8752c8f,cae4fe15440e43003bab4423bf43209de42e40d1d306a8138857c6c2f8752c8f,FAST_CLOSE_EXPECTED_AND_ACTUAL,REUSABLE_P4D_CLEAN_FAST_CLOSE,P4D_FAST_CLOSE_PROVENANCE_MECHANICAL_LINEAGE_PASS,V3_STANDING_WALKING_NEGATIVE,PASS_EXPLICIT_NEGATIVE_CUE,negative,PROMPT_DERIVED_SYNTHETIC_GT,FROZEN_GENERATION_PROMPT_AND_PLANNED_ROLE,false,ordinary_negative,true,
P4D_PLAN::PF_P4D_NEG_STAND_G003_V04,P4D_FROZEN_PLAN_440,PF_P4D_NEG_STAND_G003_V04,,PF_P4D_NEG_STAND_G003,NEW_SCREEN,V3_SCREEN,ordinary_negative,negative,standing_walking,/home/yanbo/下载/batches/batch_person-fallen-v2-p4d-hardneg-rev1-camera1p5m/prompts/PF_P4D_NEG_STAND_G003_V04.txt,ebd2fe3f586d6002e84e67518d1aa5dede5bc684966ab2fb8d921dffaa0f567b,ebd2fe3f586d6002e84e67518d1aa5dede5bc684966ab2fb8d921dffaa0f567b,/home/yanbo/net_vlm_person_fallen_v2_optimization/08_p4d_new_hard_negative_dev_revision/02_generation/gr3_fullregen/06_execution/quota_campaign_window_01_authorized_20260830_05/08_final/PF_P4D_NEG_STAND_G003_V04.png,73bbf09724dd17872b93fb98553ba7b8d61b01f70f3c4797cc8715b062d8f70d,73bbf09724dd17872b93fb98553ba7b8d61b01f70f3c4797cc8715b062d8f70d,FAST_CLOSE_EXPECTED_AND_ACTUAL,REUSABLE_P4D_CLEAN_FAST_CLOSE,P4D_FAST_CLOSE_PROVENANCE_MECHANICAL_LINEAGE_PASS,V3_STANDING_WALKING_NEGATIVE,PASS_EXPLICIT_NEGATIVE_CUE,negative,PROMPT_DERIVED_SYNTHETIC_GT,FROZEN_GENERATION_PROMPT_AND_PLANNED_ROLE,false,ordinary_negative,true,
P4D_PLAN::PF_P4D_NEG_STAND_G003_V05,P4D_FROZEN_PLAN_440,PF_P4D_NEG_STAND_G003_V05,,PF_P4D_NEG_STAND_G003,NEW_SCREEN,V3_SCREEN,ordinary_negative,negative,standing_walking,/home/yanbo/下载/batches/batch_person-fallen-v2-p4d-hardneg-rev1-camera1p5m/prompts/PF_P4D_NEG_STAND_G003_V05.txt,8cb7d6bee672433d6665c47a11d30c94441ecafe3d64b00bd9bdaa7077e86532,8cb7d6bee672433d6665c47a11d30c94441ecafe3d64b00bd9bdaa7077e86532,/home/yanbo/net_vlm_person_fallen_v2_optimization/08_p4d_new_hard_negative_dev_revision/02_generation/gr3_fullregen/06_execution/quota_campaign_window_01_authorized_20260830_05/08_final/PF_P4D_NEG_STAND_G003_V05.png,3d7fa4d17bb6ef2dc979a3cb49bfae426866742aad5d07abad972c09a09da04c,3d7fa4d17bb6ef2dc979a3cb49bfae426866742aad5d07abad972c09a09da04c,FAST_CLOSE_EXPECTED_AND_ACTUAL,REUSABLE_P4D_CLEAN_FAST_CLOSE,P4D_FAST_CLOSE_PROVENANCE_MECHANICAL_LINEAGE_PASS,V3_STANDING_WALKING_NEGATIVE,PASS_EXPLICIT_NEGATIVE_CUE,negative,PROMPT_DERIVED_SYNTHETIC_GT,FROZEN_GENERATION_PROMPT_AND_PLANNED_ROLE,false,ordinary_negative,true,
P4D_PLAN::PF_P4D_NEG_STAND_G004_V01,P4D_FROZEN_PLAN_440,PF_P4D_NEG_STAND_G004_V01,,PF_P4D_NEG_STAND_G004,NEW_SCREEN,EXCLUDE_NOT_REUSABLE,ordinary_negative,negative,standing_walking,/home/yanbo/下载/batches/batch_person-fallen-v2-p4d-hardneg-rev1-camera1p5m/prompts/PF_P4D_NEG_STAND_G004_V01.txt,1f88ba2d4d45970b103a96bca5ccd0439386a12d1ff4d12e5ac4f84f96f35b3d,1f88ba2d4d45970b103a96bca5ccd0439386a12d1ff4d12e5ac4f84f96f35b3d,,,,NOT_APPLICABLE_NO_FORMAL_IMAGE,UNEXECUTED_OR_NOT_REUSABLE,SAFE_OUTSTANDING_NOT_CLEAN_ASSET,V3_STANDING_WALKING_NEGATIVE,PASS_EXPLICIT_NEGATIVE_CUE,negative,PROMPT_DERIVED_SYNTHETIC_GT,FROZEN_GENERATION_PROMPT_AND_PLANNED_ROLE,false,ordinary_negative,false,NO_VERIFIED_REUSABLE_CLEAN_ASSET
P4D_PLAN::PF_P4D_NEG_STAND_G004_V02,P4D_FROZEN_PLAN_440,PF_P4D_NEG_STAND_G004_V02,,PF_P4D_NEG_STAND_G004,NEW_SCREEN,EXCLUDE_NOT_REUSABLE,ordinary_negative,negative,standing_walking,/home/yanbo/下载/batches/batch_person-fallen-v2-p4d-hardneg-rev1-camera1p5m/prompts/PF_P4D_NEG_STAND_G004_V02.txt,10c3b30bd251ff87a9a7bce00c40b0eed717b1525189a211251e227583368ee7,10c3b30bd251ff87a9a7bce00c40b0eed717b1525189a211251e227583368ee7,,,,NOT_APPLICABLE_NO_FORMAL_IMAGE,UNEXECUTED_OR_NOT_REUSABLE,SAFE_OUTSTANDING_NOT_CLEAN_ASSET,V3_STANDING_WALKING_NEGATIVE,PASS_EXPLICIT_NEGATIVE_CUE,negative,PROMPT_DERIVED_SYNTHETIC_GT,FROZEN_GENERATION_PROMPT_AND_PLANNED_ROLE,false,ordinary_negative,false,NO_VERIFIED_REUSABLE_CLEAN_ASSET
P4D_PLAN::PF_P4D_NEG_STAND_G004_V03,P4D_FROZEN_PLAN_440,PF_P4D_NEG_STAND_G004_V03,,PF_P4D_NEG_STAND_G004,NEW_SCREEN,EXCLUDE_NOT_REUSABLE,ordinary_negative,negative,standing_walking,/home/yanbo/下载/batches/batch_person-fallen-v2-p4d-hardneg-rev1-camera1p5m/prompts/PF_P4D_NEG_STAND_G004_V03.txt,abec781a46d9e89dd646dc3b83faa66899356174488238cef4906d4e0a581cf4,abec781a46d9e89dd646dc3b83faa66899356174488238cef4906d4e0a581cf4,,,,NOT_APPLICABLE_NO_FORMAL_IMAGE,UNEXECUTED_OR_NOT_REUSABLE,SAFE_OUTSTANDING_NOT_CLEAN_ASSET,V3_STANDING_WALKING_NEGATIVE,PASS_EXPLICIT_NEGATIVE_CUE,negative,PROMPT_DERIVED_SYNTHETIC_GT,FROZEN_GENERATION_PROMPT_AND_PLANNED_ROLE,false,ordinary_negative,false,NO_VERIFIED_REUSABLE_CLEAN_ASSET
P4D_PLAN::PF_P4D_NEG_STAND_G004_V04,P4D_FROZEN_PLAN_440,PF_P4D_NEG_STAND_G004_V04,,PF_P4D_NEG_STAND_G004,NEW_SCREEN,EXCLUDE_NOT_REUSABLE,ordinary_negative,negative,standing_walking,/home/yanbo/下载/batches/batch_person-fallen-v2-p4d-hardneg-rev1-camera1p5m/prompts/PF_P4D_NEG_STAND_G004_V04.txt,444b97377bf081791db1372fb84dd2800fab6a83d8ef71b0402956b2c0752f67,444b97377bf081791db1372fb84dd2800fab6a83d8ef71b0402956b2c0752f67,,,,NOT_APPLICABLE_NO_FORMAL_IMAGE,UNEXECUTED_OR_NOT_REUSABLE,SAFE_OUTSTANDING_NOT_CLEAN_ASSET,V3_STANDING_WALKING_NEGATIVE,PASS_EXPLICIT_NEGATIVE_CUE,negative,PROMPT_DERIVED_SYNTHETIC_GT,FROZEN_GENERATION_PROMPT_AND_PLANNED_ROLE,false,ordinary_negative,false,NO_VERIFIED_REUSABLE_CLEAN_ASSET
P4D_PLAN::PF_P4D_NEG_STAND_G004_V05,P4D_FROZEN_PLAN_440,PF_P4D_NEG_STAND_G004_V05,,PF_P4D_NEG_STAND_G004,NEW_SCREEN,EXCLUDE_NOT_REUSABLE,ordinary_negative,negative,standing_walking,/home/yanbo/下载/batches/batch_person-fallen-v2-p4d-hardneg-rev1-camera1p5m/prompts/PF_P4D_NEG_STAND_G004_V05.txt,66cf37ae7af7659aa43847d9a0450b9f6a0dcffe1833df6e058edaa2185dfe87,66cf37ae7af7659aa43847d9a0450b9f6a0dcffe1833df6e058edaa2185dfe87,,,,NOT_APPLICABLE_NO_FORMAL_IMAGE,UNEXECUTED_OR_NOT_REUSABLE,SAFE_OUTSTANDING_NOT_CLEAN_ASSET,V3_STANDING_WALKING_NEGATIVE,PASS_EXPLICIT_NEGATIVE_CUE,negative,PROMPT_DERIVED_SYNTHETIC_GT,FROZEN_GENERATION_PROMPT_AND_PLANNED_ROLE,false,ordinary_negative,false,NO_VERIFIED_REUSABLE_CLEAN_ASSET
P4D_PLAN::PF_P4D_NEG_CHAIR_G001_V01,P4D_FROZEN_PLAN_440,PF_P4D_NEG_CHAIR_G001_V01,,PF_P4D_NEG_CHAIR_G001,NEW_DESIGN,V3_DEV,ordinary_negative,negative,chair_seated_normal_work,/home/yanbo/下载/batches/batch_person-fallen-v2-p4d-hardneg-rev1-camera1p5m/prompts/PF_P4D_NEG_CHAIR_G001_V01.txt,5ad198ecbcea58599eeb71c7a5867047b8ad0696a6dc2c3eb102863f6384e97e,5ad198ecbcea58599eeb71c7a5867047b8ad0696a6dc2c3eb102863f6384e97e,/home/yanbo/net_vlm_person_fallen_v2_optimization/08_p4d_new_hard_negative_dev_revision/02_generation/gr3_fullregen/06_execution/quota_campaign_window_01_authorized_20260830_05/08_final/PF_P4D_NEG_CHAIR_G001_V01.png,e1cd8c750986633e2f5398348459d36f4c51e5204d79ef33953afea97861e02e,e1cd8c750986633e2f5398348459d36f4c51e5204d79ef33953afea97861e02e,FAST_CLOSE_EXPECTED_AND_ACTUAL,REUSABLE_P4D_CLEAN_FAST_CLOSE,P4D_FAST_CLOSE_PROVENANCE_MECHANICAL_LINEAGE_PASS,V3_CHAIR_SEATED_NORMAL_WORK_NEGATIVE,PASS_EXPLICIT_NEGATIVE_CUE,negative,PROMPT_DERIVED_SYNTHETIC_GT,FROZEN_GENERATION_PROMPT_AND_PLANNED_ROLE,false,ordinary_negative,true,
P4D_PLAN::PF_P4D_NEG_CHAIR_G001_V02,P4D_FROZEN_PLAN_440,PF_P4D_NEG_CHAIR_G001_V02,,PF_P4D_NEG_CHAIR_G001,NEW_DESIGN,V3_DEV,ordinary_negative,negative,chair_seated_normal_work,/home/yanbo/下载/batches/batch_person-fallen-v2-p4d-hardneg-rev1-camera1p5m/prompts/PF_P4D_NEG_CHAIR_G001_V02.txt,135593cc0df800f56701ecb294e46c561ec66f1b675088caa20cf79bf61aa234,135593cc0df800f56701ecb294e46c561ec66f1b675088caa20cf79bf61aa234,/home/yanbo/net_vlm_person_fallen_v2_optimization/08_p4d_new_hard_negative_dev_revision/02_generation/gr3_fullregen/06_execution/quota_campaign_window_01_authorized_20260830_05/08_final/PF_P4D_NEG_CHAIR_G001_V02.png,2d35dca7ea17ce4620079a39728dd948ad1ef03d1313618cded17aaa9abde28c,2d35dca7ea17ce4620079a39728dd948ad1ef03d1313618cded17aaa9abde28c,FAST_CLOSE_EXPECTED_AND_ACTUAL,REUSABLE_P4D_CLEAN_FAST_CLOSE,P4D_FAST_CLOSE_PROVENANCE_MECHANICAL_LINEAGE_PASS,V3_CHAIR_SEATED_NORMAL_WORK_NEGATIVE,PASS_EXPLICIT_NEGATIVE_CUE,negative,PROMPT_DERIVED_SYNTHETIC_GT,FROZEN_GENERATION_PROMPT_AND_PLANNED_ROLE,false,ordinary_negative,true,
P4D_PLAN::PF_P4D_NEG_CHAIR_G001_V03,P4D_FROZEN_PLAN_440,PF_P4D_NEG_CHAIR_G001_V03,,PF_P4D_NEG_CHAIR_G001,NEW_DESIGN,V3_DEV,ordinary_negative,negative,chair_seated_normal_work,/home/yanbo/下载/batches/batch_person-fallen-v2-p4d-hardneg-rev1-camera1p5m/prompts/PF_P4D_NEG_CHAIR_G001_V03.txt,38fb337d21e1438818ecd711fad2ba32783ab20161df99929806262bad8f06c9,38fb337d21e1438818ecd711fad2ba32783ab20161df99929806262bad8f06c9,/home/yanbo/net_vlm_person_fallen_v2_optimization/08_p4d_new_hard_negative_dev_revision/02_generation/gr3_fullregen/06_execution/quota_campaign_window_01_authorized_20260830_05/08_final/PF_P4D_NEG_CHAIR_G001_V03.png,a057becd859cd1d2c7f0e249f78668be378f9de6e44638811c4433753f3f2649,a057becd859cd1d2c7f0e249f78668be378f9de6e44638811c4433753f3f2649,FAST_CLOSE_EXPECTED_AND_ACTUAL,REUSABLE_P4D_CLEAN_FAST_CLOSE,P4D_FAST_CLOSE_PROVENANCE_MECHANICAL_LINEAGE_PASS,V3_CHAIR_SEATED_NORMAL_WORK_NEGATIVE,PASS_EXPLICIT_NEGATIVE_CUE,negative,PROMPT_DERIVED_SYNTHETIC_GT,FROZEN_GENERATION_PROMPT_AND_PLANNED_ROLE,false,ordinary_negative,true,
P4D_PLAN::PF_P4D_NEG_CHAIR_G001_V04,P4D_FROZEN_PLAN_440,PF_P4D_NEG_CHAIR_G001_V04,,PF_P4D_NEG_CHAIR_G001,NEW_DESIGN,V3_DEV,ordinary_negative,negative,chair_seated_normal_work,/home/yanbo/下载/batches/batch_person-fallen-v2-p4d-hardneg-rev1-camera1p5m/prompts/PF_P4D_NEG_CHAIR_G001_V04.txt,2c1e3069dcf69dcd742626d29f4e0bdccf7fd818d57249dfc739e75cf9f406c2,2c1e3069dcf69dcd742626d29f4e0bdccf7fd818d57249dfc739e75cf9f406c2,/home/yanbo/net_vlm_person_fallen_v2_optimization/08_p4d_new_hard_negative_dev_revision/02_generation/gr3_fullregen/06_execution/quota_campaign_window_01_authorized_20260830_05/08_final/PF_P4D_NEG_CHAIR_G001_V04.png,0113b0565996cebc830db470a133ba2b122eb6bfa88130ee68ba617d066be9d4,0113b0565996cebc830db470a133ba2b122eb6bfa88130ee68ba617d066be9d4,FAST_CLOSE_EXPECTED_AND_ACTUAL,REUSABLE_P4D_CLEAN_FAST_CLOSE,P4D_FAST_CLOSE_PROVENANCE_MECHANICAL_LINEAGE_PASS,V3_CHAIR_SEATED_NORMAL_WORK_NEGATIVE,PASS_EXPLICIT_NEGATIVE_CUE,negative,PROMPT_DERIVED_SYNTHETIC_GT,FROZEN_GENERATION_PROMPT_AND_PLANNED_ROLE,false,ordinary_negative,true,
P4D_PLAN::PF_P4D_NEG_CHAIR_G001_V05,P4D_FROZEN_PLAN_440,PF_P4D_NEG_CHAIR_G001_V05,,PF_P4D_NEG_CHAIR_G001,NEW_DESIGN,V3_DEV,ordinary_negative,negative,chair_seated_normal_work,/home/yanbo/下载/batches/batch_person-fallen-v2-p4d-hardneg-rev1-camera1p5m/prompts/PF_P4D_NEG_CHAIR_G001_V05.txt,22f040e9fd4a8015e7a3645040d747fbb085596704e6594fea320325fa26e6b7,22f040e9fd4a8015e7a3645040d747fbb085596704e6594fea320325fa26e6b7,/home/yanbo/net_vlm_person_fallen_v2_optimization/08_p4d_new_hard_negative_dev_revision/02_generation/gr3_fullregen/06_execution/quota_campaign_window_01_authorized_20260830_05/08_final/PF_P4D_NEG_CHAIR_G001_V05.png,721a0f5ac930b5d0d991cc4d6bb2f5ed36d4745661eeae086011abcd3f58013b,721a0f5ac930b5d0d991cc4d6bb2f5ed36d4745661eeae086011abcd3f58013b,FAST_CLOSE_EXPECTED_AND_ACTUAL,REUSABLE_P4D_CLEAN_FAST_CLOSE,P4D_FAST_CLOSE_PROVENANCE_MECHANICAL_LINEAGE_PASS,V3_CHAIR_SEATED_NORMAL_WORK_NEGATIVE,PASS_EXPLICIT_NEGATIVE_CUE,negative,PROMPT_DERIVED_SYNTHETIC_GT,FROZEN_GENERATION_PROMPT_AND_PLANNED_ROLE,false,ordinary_negative,true,
P4D_PLAN::PF_P4D_NEG_CHAIR_G002_V01,P4D_FROZEN_PLAN_440,PF_P4D_NEG_CHAIR_G002_V01,,PF_P4D_NEG_CHAIR_G002,NEW_DESIGN,V3_DEV,ordinary_negative,negative,chair_seated_normal_work,/home/yanbo/下载/batches/batch_person-fallen-v2-p4d-hardneg-rev1-camera1p5m/prompts/PF_P4D_NEG_CHAIR_G002_V01.txt,dd5d4fc5694cc1a741e0fd6611a249fc13b8662614fcbb0914cda0e446c30fb8,dd5d4fc5694cc1a741e0fd6611a249fc13b8662614fcbb0914cda0e446c30fb8,/home/yanbo/net_vlm_person_fallen_v2_optimization/08_p4d_new_hard_negative_dev_revision/02_generation/gr3_fullregen/06_execution/quota_campaign_window_02_policy_adapter_20260830_01/08_final/PF_P4D_NEG_CHAIR_G002_V01.png,acea414095fe7f68655f2f36be7baa67c19b612161bd24aef5e1815484517511,acea414095fe7f68655f2f36be7baa67c19b612161bd24aef5e1815484517511,FAST_CLOSE_CURRENT_REHASH_EXPECTED_FIELD_EMPTY,REUSABLE_P4D_CLEAN_FAST_CLOSE,P4D_FAST_CLOSE_PROVENANCE_MECHANICAL_LINEAGE_PASS,V3_CHAIR_SEATED_NORMAL_WORK_NEGATIVE,PASS_EXPLICIT_NEGATIVE_CUE,negative,PROMPT_DERIVED_SYNTHETIC_GT,FROZEN_GENERATION_PROMPT_AND_PLANNED_ROLE,false,ordinary_negative,true,
P4D_PLAN::PF_P4D_NEG_CHAIR_G002_V02,P4D_FROZEN_PLAN_440,PF_P4D_NEG_CHAIR_G002_V02,,PF_P4D_NEG_CHAIR_G002,NEW_DESIGN,V3_DEV,ordinary_negative,negative,chair_seated_normal_work,/home/yanbo/下载/batches/batch_person-fallen-v2-p4d-hardneg-rev1-camera1p5m/prompts/PF_P4D_NEG_CHAIR_G002_V02.txt,5cd2f9eab2574df0af33276e1d202ffda4cccf752b1a1c653a24b4d4e169b943,5cd2f9eab2574df0af33276e1d202ffda4cccf752b1a1c653a24b4d4e169b943,/home/yanbo/net_vlm_person_fallen_v2_optimization/08_p4d_new_hard_negative_dev_revision/02_generation/gr3_fullregen/06_execution/quota_campaign_window_02_policy_adapter_20260830_01/08_final/PF_P4D_NEG_CHAIR_G002_V02.png,a5f6f88a5c980eb047748fb00c5554b1a616e707293615131c95f9c4f4afc6c8,a5f6f88a5c980eb047748fb00c5554b1a616e707293615131c95f9c4f4afc6c8,FAST_CLOSE_CURRENT_REHASH_EXPECTED_FIELD_EMPTY,REUSABLE_P4D_CLEAN_FAST_CLOSE,P4D_FAST_CLOSE_PROVENANCE_MECHANICAL_LINEAGE_PASS,V3_CHAIR_SEATED_NORMAL_WORK_NEGATIVE,PASS_EXPLICIT_NEGATIVE_CUE,negative,PROMPT_DERIVED_SYNTHETIC_GT,FROZEN_GENERATION_PROMPT_AND_PLANNED_ROLE,false,ordinary_negative,true,
P4D_PLAN::PF_P4D_NEG_CHAIR_G002_V03,P4D_FROZEN_PLAN_440,PF_P4D_NEG_CHAIR_G002_V03,,PF_P4D_NEG_CHAIR_G002,NEW_DESIGN,V3_DEV,ordinary_negative,negative,chair_seated_normal_work,/home/yanbo/下载/batches/batch_person-fallen-v2-p4d-hardneg-rev1-camera1p5m/prompts/PF_P4D_NEG_CHAIR_G002_V03.txt,2feaaca8833a56aa90b4ef5828cce7244ee3cb1397b5057f25018c2519a5d199,2feaaca8833a56aa90b4ef5828cce7244ee3cb1397b5057f25018c2519a5d199,/home/yanbo/net_vlm_person_fallen_v2_optimization/08_p4d_new_hard_negative_dev_revision/02_generation/gr3_fullregen/06_execution/quota_campaign_window_02_policy_adapter_20260830_01/08_final/PF_P4D_NEG_CHAIR_G002_V03.png,02c8ff9cde3518c617ac15ab5b02c21552420e51bfb071afd35de209b8cee038,02c8ff9cde3518c617ac15ab5b02c21552420e51bfb071afd35de209b8cee038,FAST_CLOSE_CURRENT_REHASH_EXPECTED_FIELD_EMPTY,REUSABLE_P4D_CLEAN_FAST_CLOSE,P4D_FAST_CLOSE_PROVENANCE_MECHANICAL_LINEAGE_PASS,V3_CHAIR_SEATED_NORMAL_WORK_NEGATIVE,PASS_EXPLICIT_NEGATIVE_CUE,negative,PROMPT_DERIVED_SYNTHETIC_GT,FROZEN_GENERATION_PROMPT_AND_PLANNED_ROLE,false,ordinary_negative,true,
P4D_PLAN::PF_P4D_NEG_CHAIR_G002_V04,P4D_FROZEN_PLAN_440,PF_P4D_NEG_CHAIR_G002_V04,,PF_P4D_NEG_CHAIR_G002,NEW_DESIGN,V3_DEV,ordinary_negative,negative,chair_seated_normal_work,/home/yanbo/下载/batches/batch_person-fallen-v2-p4d-hardneg-rev1-camera1p5m/prompts/PF_P4D_NEG_CHAIR_G002_V04.txt,b042ab58480b5d0278ad709b142f58376e4f98ac5e7c36e52f912a0b96b2faec,b042ab58480b5d0278ad709b142f58376e4f98ac5e7c36e52f912a0b96b2faec,/home/yanbo/net_vlm_person_fallen_v2_optimization/08_p4d_new_hard_negative_dev_revision/02_generation/gr3_fullregen/06_execution/quota_campaign_window_02_policy_adapter_20260830_01/08_final/PF_P4D_NEG_CHAIR_G002_V04.png,6d0c7a604f84040ba6139f177ecbb1acd9e312d5214875b88be1d8cb2aa119d2,6d0c7a604f84040ba6139f177ecbb1acd9e312d5214875b88be1d8cb2aa119d2,FAST_CLOSE_CURRENT_REHASH_EXPECTED_FIELD_EMPTY,REUSABLE_P4D_CLEAN_FAST_CLOSE,P4D_FAST_CLOSE_PROVENANCE_MECHANICAL_LINEAGE_PASS,V3_CHAIR_SEATED_NORMAL_WORK_NEGATIVE,PASS_EXPLICIT_NEGATIVE_CUE,negative,PROMPT_DERIVED_SYNTHETIC_GT,FROZEN_GENERATION_PROMPT_AND_PLANNED_ROLE,false,ordinary_negative,true,
P4D_PLAN::PF_P4D_NEG_CHAIR_G002_V05,P4D_FROZEN_PLAN_440,PF_P4D_NEG_CHAIR_G002_V05,,PF_P4D_NEG_CHAIR_G002,NEW_DESIGN,V3_DEV,ordinary_negative,negative,chair_seated_normal_work,/home/yanbo/下载/batches/batch_person-fallen-v2-p4d-hardneg-rev1-camera1p5m/prompts/PF_P4D_NEG_CHAIR_G002_V05.txt,30b19c5d3bc5b5624b3dcd85c3be8514e69e204423585707650b2ccc14ed7038,30b19c5d3bc5b5624b3dcd85c3be8514e69e204423585707650b2ccc14ed7038,/home/yanbo/net_vlm_person_fallen_v2_optimization/08_p4d_new_hard_negative_dev_revision/02_generation/gr3_fullregen/06_execution/quota_campaign_window_02_policy_adapter_20260830_01/08_final/PF_P4D_NEG_CHAIR_G002_V05.png,80f9be381d67188e2bf8e4f43e8f931c1e3a8e3164cd533f3cb336bd51ce31b4,80f9be381d67188e2bf8e4f43e8f931c1e3a8e3164cd533f3cb336bd51ce31b4,FAST_CLOSE_CURRENT_REHASH_EXPECTED_FIELD_EMPTY,REUSABLE_P4D_CLEAN_FAST_CLOSE,P4D_FAST_CLOSE_PROVENANCE_MECHANICAL_LINEAGE_PASS,V3_CHAIR_SEATED_NORMAL_WORK_NEGATIVE,PASS_EXPLICIT_NEGATIVE_CUE,negative,PROMPT_DERIVED_SYNTHETIC_GT,FROZEN_GENERATION_PROMPT_AND_PLANNED_ROLE,false,ordinary_negative,true,
P4D_PLAN::PF_P4D_NEG_CHAIR_G003_V01,P4D_FROZEN_PLAN_440,PF_P4D_NEG_CHAIR_G003_V01,,PF_P4D_NEG_CHAIR_G003,NEW_DESIGN,V3_DEV,ordinary_negative,negative,chair_seated_normal_work,/home/yanbo/下载/batches/batch_person-fallen-v2-p4d-hardneg-rev1-camera1p5m/prompts/PF_P4D_NEG_CHAIR_G003_V01.txt,31bdebe5334a3d4caa990d2020225f4f3695743d45f395c03358ce647dc77b2b,31bdebe5334a3d4caa990d2020225f4f3695743d45f395c03358ce647dc77b2b,/home/yanbo/net_vlm_person_fallen_v2_optimization/08_p4d_new_hard_negative_dev_revision/02_generation/gr3_fullregen/06_execution/quota_campaign_window_02_policy_adapter_20260830_01/08_final/PF_P4D_NEG_CHAIR_G003_V01.png,b1ff824c20d282d9f18178d743a4627b3d266600380bd17bb152590af0a87b12,b1ff824c20d282d9f18178d743a4627b3d266600380bd17bb152590af0a87b12,FAST_CLOSE_CURRENT_REHASH_EXPECTED_FIELD_EMPTY,REUSABLE_P4D_CLEAN_FAST_CLOSE,P4D_FAST_CLOSE_PROVENANCE_MECHANICAL_LINEAGE_PASS,V3_CHAIR_SEATED_NORMAL_WORK_NEGATIVE,PASS_EXPLICIT_NEGATIVE_CUE,negative,PROMPT_DERIVED_SYNTHETIC_GT,FROZEN_GENERATION_PROMPT_AND_PLANNED_ROLE,false,ordinary_negative,true,
P4D_PLAN::PF_P4D_NEG_CHAIR_G003_V02,P4D_FROZEN_PLAN_440,PF_P4D_NEG_CHAIR_G003_V02,,PF_P4D_NEG_CHAIR_G003,NEW_DESIGN,V3_DEV,ordinary_negative,negative,chair_seated_normal_work,/home/yanbo/下载/batches/batch_person-fallen-v2-p4d-hardneg-rev1-camera1p5m/prompts/PF_P4D_NEG_CHAIR_G003_V02.txt,e488ee4242bdda546891431e890903721716f0216745a4a653c17566f55bdaba,e488ee4242bdda546891431e890903721716f0216745a4a653c17566f55bdaba,/home/yanbo/net_vlm_person_fallen_v2_optimization/08_p4d_new_hard_negative_dev_revision/02_generation/gr3_fullregen/06_execution/quota_campaign_window_02_policy_adapter_20260830_01/08_final/PF_P4D_NEG_CHAIR_G003_V02.png,de99e3d567f081b3a95073da94cab3d44d8a69a56dfa9595fd70b64ade24bc8e,de99e3d567f081b3a95073da94cab3d44d8a69a56dfa9595fd70b64ade24bc8e,FAST_CLOSE_CURRENT_REHASH_EXPECTED_FIELD_EMPTY,REUSABLE_P4D_CLEAN_FAST_CLOSE,P4D_FAST_CLOSE_PROVENANCE_MECHANICAL_LINEAGE_PASS,V3_CHAIR_SEATED_NORMAL_WORK_NEGATIVE,PASS_EXPLICIT_NEGATIVE_CUE,negative,PROMPT_DERIVED_SYNTHETIC_GT,FROZEN_GENERATION_PROMPT_AND_PLANNED_ROLE,false,ordinary_negative,true,
P4D_PLAN::PF_P4D_NEG_CHAIR_G003_V03,P4D_FROZEN_PLAN_440,PF_P4D_NEG_CHAIR_G003_V03,,PF_P4D_NEG_CHAIR_G003,NEW_DESIGN,V3_DEV,ordinary_negative,negative,chair_seated_normal_work,/home/yanbo/下载/batches/batch_person-fallen-v2-p4d-hardneg-rev1-camera1p5m/prompts/PF_P4D_NEG_CHAIR_G003_V03.txt,91ca753d8eba7867e03c10aad60cfa58b71925357a478ae87ab2d7e09100839a,91ca753d8eba7867e03c10aad60cfa58b71925357a478ae87ab2d7e09100839a,/home/yanbo/net_vlm_person_fallen_v2_optimization/08_p4d_new_hard_negative_dev_revision/02_generation/gr3_fullregen/06_execution/quota_campaign_window_03_gr3q6_authorized_20260831_01/08_final/PF_P4D_NEG_CHAIR_G003_V03.png,01165733ce7d8f14508a07f43e62cc962d9fb73bdf5d45c6d962972a0c4adf32,01165733ce7d8f14508a07f43e62cc962d9fb73bdf5d45c6d962972a0c4adf32,FAST_CLOSE_EXPECTED_AND_ACTUAL,REUSABLE_P4D_CLEAN_FAST_CLOSE,P4D_FAST_CLOSE_PROVENANCE_MECHANICAL_LINEAGE_PASS,V3_CHAIR_SEATED_NORMAL_WORK_NEGATIVE,PASS_EXPLICIT_NEGATIVE_CUE,negative,PROMPT_DERIVED_SYNTHETIC_GT,FROZEN_GENERATION_PROMPT_AND_PLANNED_ROLE,false,ordinary_negative,true,
P4D_PLAN::PF_P4D_NEG_CHAIR_G003_V04,P4D_FROZEN_PLAN_440,PF_P4D_NEG_CHAIR_G003_V04,,PF_P4D_NEG_CHAIR_G003,NEW_DESIGN,V3_DEV,ordinary_negative,negative,chair_seated_normal_work,/home/yanbo/下载/batches/batch_person-fallen-v2-p4d-hardneg-rev1-camera1p5m/prompts/PF_P4D_NEG_CHAIR_G003_V04.txt,e8c1b14906ebbcd8748c7dc2ce5c6f078d0e5a61dfc99d6d453fec7b1ecfd5c1,e8c1b14906ebbcd8748c7dc2ce5c6f078d0e5a61dfc99d6d453fec7b1ecfd5c1,/home/yanbo/net_vlm_person_fallen_v2_optimization/08_p4d_new_hard_negative_dev_revision/02_generation/gr3_fullregen/06_execution/quota_campaign_window_03_gr3q6_authorized_20260831_01/08_final/PF_P4D_NEG_CHAIR_G003_V04.png,273e7bf9304fbea39d9043c17f2d375f970655b319facf0092e4717df6deaf6f,273e7bf9304fbea39d9043c17f2d375f970655b319facf0092e4717df6deaf6f,FAST_CLOSE_EXPECTED_AND_ACTUAL,REUSABLE_P4D_CLEAN_FAST_CLOSE,P4D_FAST_CLOSE_PROVENANCE_MECHANICAL_LINEAGE_PASS,V3_CHAIR_SEATED_NORMAL_WORK_NEGATIVE,PASS_EXPLICIT_NEGATIVE_CUE,negative,PROMPT_DERIVED_SYNTHETIC_GT,FROZEN_GENERATION_PROMPT_AND_PLANNED_ROLE,false,ordinary_negative,true,
P4D_PLAN::PF_P4D_NEG_CHAIR_G003_V05,P4D_FROZEN_PLAN_440,PF_P4D_NEG_CHAIR_G003_V05,,PF_P4D_NEG_CHAIR_G003,NEW_DESIGN,V3_DEV,ordinary_negative,negative,chair_seated_normal_work,/home/yanbo/下载/batches/batch_person-fallen-v2-p4d-hardneg-rev1-camera1p5m/prompts/PF_P4D_NEG_CHAIR_G003_V05.txt,d408afb3dc10ded344d0271c6978893826b6795c5de31c77258c399e14380b9f,d408afb3dc10ded344d0271c6978893826b6795c5de31c77258c399e14380b9f,/home/yanbo/net_vlm_person_fallen_v2_optimization/08_p4d_new_hard_negative_dev_revision/02_generation/gr3_fullregen/06_execution/quota_campaign_window_03_gr3q6_authorized_20260831_01/08_final/PF_P4D_NEG_CHAIR_G003_V05.png,36639608c5c56f456838ee7e7f392c9993a4ebd324bbad30fc7d6e614ec7260c,36639608c5c56f456838ee7e7f392c9993a4ebd324bbad30fc7d6e614ec7260c,FAST_CLOSE_EXPECTED_AND_ACTUAL,REUSABLE_P4D_CLEAN_FAST_CLOSE,P4D_FAST_CLOSE_PROVENANCE_MECHANICAL_LINEAGE_PASS,V3_CHAIR_SEATED_NORMAL_WORK_NEGATIVE,PASS_EXPLICIT_NEGATIVE_CUE,negative,PROMPT_DERIVED_SYNTHETIC_GT,FROZEN_GENERATION_PROMPT_AND_PLANNED_ROLE,false,ordinary_negative,true,
P4D_PLAN::PF_P4D_NEG_CHAIR_G004_V01,P4D_FROZEN_PLAN_440,PF_P4D_NEG_CHAIR_G004_V01,,PF_P4D_NEG_CHAIR_G004,NEW_SCREEN,EXCLUDE_NOT_REUSABLE,ordinary_negative,negative,chair_seated_normal_work,/home/yanbo/下载/batches/batch_person-fallen-v2-p4d-hardneg-rev1-camera1p5m/prompts/PF_P4D_NEG_CHAIR_G004_V01.txt,3312740a8649a51f7f20f9cf1ce9f9c80ab7e520e0a564221a1a09d271557369,3312740a8649a51f7f20f9cf1ce9f9c80ab7e520e0a564221a1a09d271557369,,,,NOT_APPLICABLE_NO_FORMAL_IMAGE,UNEXECUTED_OR_NOT_REUSABLE,SAFE_OUTSTANDING_NOT_CLEAN_ASSET,V3_CHAIR_SEATED_NORMAL_WORK_NEGATIVE,PASS_EXPLICIT_NEGATIVE_CUE,negative,PROMPT_DERIVED_SYNTHETIC_GT,FROZEN_GENERATION_PROMPT_AND_PLANNED_ROLE,false,ordinary_negative,false,NO_VERIFIED_REUSABLE_CLEAN_ASSET
P4D_PLAN::PF_P4D_NEG_CHAIR_G004_V02,P4D_FROZEN_PLAN_440,PF_P4D_NEG_CHAIR_G004_V02,,PF_P4D_NEG_CHAIR_G004,NEW_SCREEN,EXCLUDE_NOT_REUSABLE,ordinary_negative,negative,chair_seated_normal_work,/home/yanbo/下载/batches/batch_person-fallen-v2-p4d-hardneg-rev1-camera1p5m/prompts/PF_P4D_NEG_CHAIR_G004_V02.txt,6636023e3793b04bd9a2a98cbf3f961749f4f1d8f4008dd195ca268dc694bd47,6636023e3793b04bd9a2a98cbf3f961749f4f1d8f4008dd195ca268dc694bd47,,,,NOT_APPLICABLE_NO_FORMAL_IMAGE,UNEXECUTED_OR_NOT_REUSABLE,SAFE_OUTSTANDING_NOT_CLEAN_ASSET,V3_CHAIR_SEATED_NORMAL_WORK_NEGATIVE,PASS_EXPLICIT_NEGATIVE_CUE,negative,PROMPT_DERIVED_SYNTHETIC_GT,FROZEN_GENERATION_PROMPT_AND_PLANNED_ROLE,false,ordinary_negative,false,NO_VERIFIED_REUSABLE_CLEAN_ASSET
P4D_PLAN::PF_P4D_NEG_CHAIR_G004_V03,P4D_FROZEN_PLAN_440,PF_P4D_NEG_CHAIR_G004_V03,,PF_P4D_NEG_CHAIR_G004,NEW_SCREEN,EXCLUDE_NOT_REUSABLE,ordinary_negative,negative,chair_seated_normal_work,/home/yanbo/下载/batches/batch_person-fallen-v2-p4d-hardneg-rev1-camera1p5m/prompts/PF_P4D_NEG_CHAIR_G004_V03.txt,7ec1f1901bc7b5cf8efaf499a20057c1559f4f3f5579e73068812af1550ae30a,7ec1f1901bc7b5cf8efaf499a20057c1559f4f3f5579e73068812af1550ae30a,,,,NOT_APPLICABLE_NO_FORMAL_IMAGE,UNEXECUTED_OR_NOT_REUSABLE,SAFE_OUTSTANDING_NOT_CLEAN_ASSET,V3_CHAIR_SEATED_NORMAL_WORK_NEGATIVE,PASS_EXPLICIT_NEGATIVE_CUE,negative,PROMPT_DERIVED_SYNTHETIC_GT,FROZEN_GENERATION_PROMPT_AND_PLANNED_ROLE,false,ordinary_negative,false,NO_VERIFIED_REUSABLE_CLEAN_ASSET
P4D_PLAN::PF_P4D_NEG_CHAIR_G004_V04,P4D_FROZEN_PLAN_440,PF_P4D_NEG_CHAIR_G004_V04,,PF_P4D_NEG_CHAIR_G004,NEW_SCREEN,EXCLUDE_NOT_REUSABLE,ordinary_negative,negative,chair_seated_normal_work,/home/yanbo/下载/batches/batch_person-fallen-v2-p4d-hardneg-rev1-camera1p5m/prompts/PF_P4D_NEG_CHAIR_G004_V04.txt,33e0be36e806ef3cf86661c345977b1bf56301c0f7dd16a7137eef68245304e9,33e0be36e806ef3cf86661c345977b1bf56301c0f7dd16a7137eef68245304e9,,,,NOT_APPLICABLE_NO_FORMAL_IMAGE,UNEXECUTED_OR_NOT_REUSABLE,SAFE_OUTSTANDING_NOT_CLEAN_ASSET,V3_CHAIR_SEATED_NORMAL_WORK_NEGATIVE,PASS_EXPLICIT_NEGATIVE_CUE,negative,PROMPT_DERIVED_SYNTHETIC_GT,FROZEN_GENERATION_PROMPT_AND_PLANNED_ROLE,false,ordinary_negative,false,NO_VERIFIED_REUSABLE_CLEAN_ASSET
P4D_PLAN::PF_P4D_NEG_CHAIR_G004_V05,P4D_FROZEN_PLAN_440,PF_P4D_NEG_CHAIR_G004_V05,,PF_P4D_NEG_CHAIR_G004,NEW_SCREEN,EXCLUDE_NOT_REUSABLE,ordinary_negative,negative,chair_seated_normal_work,/home/yanbo/下载/batches/batch_person-fallen-v2-p4d-hardneg-rev1-camera1p5m/prompts/PF_P4D_NEG_CHAIR_G004_V05.txt,ba6fcdd2c10fa1651ae7a70a60beb233c9347fdc49e6963dad7c476cbd8a9554,ba6fcdd2c10fa1651ae7a70a60beb233c9347fdc49e6963dad7c476cbd8a9554,,,,NOT_APPLICABLE_NO_FORMAL_IMAGE,UNEXECUTED_OR_NOT_REUSABLE,SAFE_OUTSTANDING_NOT_CLEAN_ASSET,V3_CHAIR_SEATED_NORMAL_WORK_NEGATIVE,PASS_EXPLICIT_NEGATIVE_CUE,negative,PROMPT_DERIVED_SYNTHETIC_GT,FROZEN_GENERATION_PROMPT_AND_PLANNED_ROLE,false,ordinary_negative,false,NO_VERIFIED_REUSABLE_CLEAN_ASSET
