image_filename,source_type,generation_model,generation_model_version,prompt_group,seed,generation_date,generation_batch,prompt_path,prompt_sha256,camera_height_approx_m,source_manifest
01_p01-supine-on-floor-01.png,ai_generated,gpt-image-2,gpt-image-2,person-fallen-v2-camera1p5m,unknown,2026-08-26T15:12:40.959199+08:00,batch_person-fallen-v2-camera1p5m,/home/yanbo/下载/batches/batch_person-fallen-v2-camera1p5m/prompts/01_p01-supine-on-floor-01.txt,9ee55e2d521004485d60ad1252498f0b142acc01a3c2d29b697b95c77eaa52ed,1.5,/home/yanbo/下载/batches/batch_person-fallen-v2-camera1p5m/manifest.json
02_p01-supine-on-floor-02.png,ai_generated,gpt-image-2,gpt-image-2,person-fallen-v2-camera1p5m,unknown,2026-08-26T15:12:40.959199+08:00,batch_person-fallen-v2-camera1p5m,/home/yanbo/下载/batches/batch_person-fallen-v2-camera1p5m/prompts/02_p01-supine-on-floor-02.txt,77213752e5a1bd810c1975f9003c10e5702b376079d86db78f150c74e87a7715,1.5,/home/yanbo/下载/batches/batch_person-fallen-v2-camera1p5m/manifest.json
03_p01-supine-on-floor-03.png,ai_generated,gpt-image-2,gpt-image-2,person-fallen-v2-camera1p5m,unknown,2026-08-26T15:12:40.959199+08:00,batch_person-fallen-v2-camera1p5m,/home/yanbo/下载/batches/batch_person-fallen-v2-camera1p5m/prompts/03_p01-supine-on-floor-03.txt,6e08ef08b743ce469bfbef5ac0d5c690e51f1177fd182995101a48d412a427a1,1.5,/home/yanbo/下载/batches/batch_person-fallen-v2-camera1p5m/manifest.json
04_p01-supine-on-floor-04.png,ai_generated,gpt-image-2,gpt-image-2,person-fallen-v2-camera1p5m,unknown,2026-08-26T15:12:40.959199+08:00,batch_person-fallen-v2-camera1p5m,/home/yanbo/下载/batches/batch_person-fallen-v2-camera1p5m/prompts/04_p01-supine-on-floor-04.txt,392a05921628a25e7272e4374262e3492429b1739c62ee684b25b8a0af4c8b62,1.5,/home/yanbo/下载/batches/batch_person-fallen-v2-camera1p5m/manifest.json
05_p01-supine-on-floor-05.png,ai_generated,gpt-image-2,gpt-image-2,person-fallen-v2-camera1p5m,unknown,2026-08-26T15:12:40.959199+08:00,batch_person-fallen-v2-camera1p5m,/home/yanbo/下载/batches/batch_person-fallen-v2-camera1p5m/prompts/05_p01-supine-on-floor-05.txt,076ed6a568456429111eead0a9705124adde2399da08c15008c43dd218621222,1.5,/home/yanbo/下载/batches/batch_person-fallen-v2-camera1p5m/manifest.json
06_p01-supine-on-floor-06.png,ai_generated,gpt-image-2,gpt-image-2,person-fallen-v2-camera1p5m,unknown,2026-08-26T15:12:40.959199+08:00,batch_person-fallen-v2-camera1p5m,/home/yanbo/下载/batches/batch_person-fallen-v2-camera1p5m/prompts/06_p01-supine-on-floor-06.txt,08d36f8bc87be7fb318e2e2c321dc0fcab58a710a352801988a93917ec342a28,1.5,/home/yanbo/下载/batches/batch_person-fallen-v2-camera1p5m/manifest.json
07_p01-supine-on-floor-07.png,ai_generated,gpt-image-2,gpt-image-2,person-fallen-v2-camera1p5m,unknown,2026-08-26T15:12:40.959199+08:00,batch_person-fallen-v2-camera1p5m,/home/yanbo/下载/batches/batch_person-fallen-v2-camera1p5m/prompts/07_p01-supine-on-floor-07.txt,baae53606ba3a56d02eb85c74b638ce39c008e5f36fadfe5fe01c2c70ae007bc,1.5,/home/yanbo/下载/batches/batch_person-fallen-v2-camera1p5m/manifest.json
08_p01-supine-on-floor-08.png,ai_generated,gpt-image-2,gpt-image-2,person-fallen-v2-camera1p5m,unknown,2026-08-26T15:12:40.959199+08:00,batch_person-fallen-v2-camera1p5m,/home/yanbo/下载/batches/batch_person-fallen-v2-camera1p5m/prompts/08_p01-supine-on-floor-08.txt,63696c83c3da0ca5e18fd147b8e81a0495ad147a4fdc251d7ec2a8a7bf700679,1.5,/home/yanbo/下载/batches/batch_person-fallen-v2-camera1p5m/manifest.json
09_p01-supine-on-floor-09.png,ai_generated,gpt-image-2,gpt-image-2,person-fallen-v2-camera1p5m,unknown,2026-08-26T15:12:40.959199+08:00,batch_person-fallen-v2-camera1p5m,/home/yanbo/下载/batches/batch_person-fallen-v2-camera1p5m/prompts/09_p01-supine-on-floor-09.txt,3b1503fb57ea0743aa0e2a5e774fb973dea3bc063760b015fccda254ea7636b4,1.5,/home/yanbo/下载/batches/batch_person-fallen-v2-camera1p5m/manifest.json
100_p10-partially-occluded-fallen-person-10.png,ai_generated,gpt-image-2,gpt-image-2,person-fallen-v2-camera1p5m,unknown,2026-08-26T15:12:40.959199+08:00,batch_person-fallen-v2-camera1p5m,/home/yanbo/下载/batches/batch_person-fallen-v2-camera1p5m/prompts/100_p10-partially-occluded-fallen-person-10.txt,0ccf8434581a3fb0d755e8f8b49eebfac38174b248d860eba30373c1d9345b8a,1.5,/home/yanbo/下载/batches/batch_person-fallen-v2-camera1p5m/manifest.json
101_p11-small-target-far-distance-01.png,ai_generated,gpt-image-2,gpt-image-2,person-fallen-v2-camera1p5m,unknown,2026-08-26T15:12:40.959199+08:00,batch_person-fallen-v2-camera1p5m,/home/yanbo/下载/batches/batch_person-fallen-v2-camera1p5m/prompts/101_p11-small-target-far-distance-01.txt,2cd74742d2d063d06078a4ef485554baec5a34da6935323a9405950623697a8f,1.5,/home/yanbo/下载/batches/batch_person-fallen-v2-camera1p5m/manifest.json
102_p11-small-target-far-distance-02.png,ai_generated,gpt-image-2,gpt-image-2,person-fallen-v2-camera1p5m,unknown,2026-08-26T15:12:40.959199+08:00,batch_person-fallen-v2-camera1p5m,/home/yanbo/下载/batches/batch_person-fallen-v2-camera1p5m/prompts/102_p11-small-target-far-distance-02.txt,f3f0c9d8be77a1e4035ca7fa5a9d739bb0b23eeddbb435b0fe336671fd6888f1,1.5,/home/yanbo/下载/batches/batch_person-fallen-v2-camera1p5m/manifest.json
103_p11-small-target-far-distance-03.png,ai_generated,gpt-image-2,gpt-image-2,person-fallen-v2-camera1p5m,unknown,2026-08-26T15:12:40.959199+08:00,batch_person-fallen-v2-camera1p5m,/home/yanbo/下载/batches/batch_person-fallen-v2-camera1p5m/prompts/103_p11-small-target-far-distance-03.txt,6b5e9dbf88072574ba6d308a802f99f724c42e71c1c6c6f7a60adc5a0805e3c7,1.5,/home/yanbo/下载/batches/batch_person-fallen-v2-camera1p5m/manifest.json
104_p11-small-target-far-distance-04.png,ai_generated,gpt-image-2,gpt-image-2,person-fallen-v2-camera1p5m,unknown,2026-08-26T15:12:40.959199+08:00,batch_person-fallen-v2-camera1p5m,/home/yanbo/下载/batches/batch_person-fallen-v2-camera1p5m/prompts/104_p11-small-target-far-distance-04.txt,254d9d465647b730c6989465d55a501b686d0d3e079062c596967d0019f0a66b,1.5,/home/yanbo/下载/batches/batch_person-fallen-v2-camera1p5m/manifest.json
105_p11-small-target-far-distance-05.png,ai_generated,gpt-image-2,gpt-image-2,person-fallen-v2-camera1p5m,unknown,2026-08-26T15:12:40.959199+08:00,batch_person-fallen-v2-camera1p5m,/home/yanbo/下载/batches/batch_person-fallen-v2-camera1p5m/prompts/105_p11-small-target-far-distance-05.txt,eee60688ab6edd9b7317a610edc7df77165815a18e37aca1ec5df17badd19ce4,1.5,/home/yanbo/下载/batches/batch_person-fallen-v2-camera1p5m/manifest.json
106_p11-small-target-far-distance-06.png,ai_generated,gpt-image-2,gpt-image-2,person-fallen-v2-camera1p5m,unknown,2026-08-26T15:12:40.959199+08:00,batch_person-fallen-v2-camera1p5m,/home/yanbo/下载/batches/batch_person-fallen-v2-camera1p5m/prompts/106_p11-small-target-far-distance-06.txt,e0183ed9a069dd27522df98612878ca2b095161c389965122cf5fdc85719f880,1.5,/home/yanbo/下载/batches/batch_person-fallen-v2-camera1p5m/manifest.json
107_p11-small-target-far-distance-07.png,ai_generated,gpt-image-2,gpt-image-2,person-fallen-v2-camera1p5m,unknown,2026-08-26T15:12:40.959199+08:00,batch_person-fallen-v2-camera1p5m,/home/yanbo/下载/batches/batch_person-fallen-v2-camera1p5m/prompts/107_p11-small-target-far-distance-07.txt,e24b1a008a531d51531d4c1eb867c41c3a3f7fcaf105cac7353f71d01c24faef,1.5,/home/yanbo/下载/batches/batch_person-fallen-v2-camera1p5m/manifest.json
108_p11-small-target-far-distance-08.png,ai_generated,gpt-image-2,gpt-image-2,person-fallen-v2-camera1p5m,unknown,2026-08-26T15:12:40.959199+08:00,batch_person-fallen-v2-camera1p5m,/home/yanbo/下载/batches/batch_person-fallen-v2-camera1p5m/prompts/108_p11-small-target-far-distance-08.txt,80731c99fa35c9a60237dac462d9ccd0e993f4646753830199ed2bcfc58756ea,1.5,/home/yanbo/下载/batches/batch_person-fallen-v2-camera1p5m/manifest.json
109_p11-small-target-far-distance-09.png,ai_generated,gpt-image-2,gpt-image-2,person-fallen-v2-camera1p5m,unknown,2026-08-26T15:12:40.959199+08:00,batch_person-fallen-v2-camera1p5m,/home/yanbo/下载/batches/batch_person-fallen-v2-camera1p5m/prompts/109_p11-small-target-far-distance-09.txt,c1fa9fe26a76b85b23951b1031523edf54d36a3ccd8cc65aeda0f975b8765fd7,1.5,/home/yanbo/下载/batches/batch_person-fallen-v2-camera1p5m/manifest.json
10_p01-supine-on-floor-10.png,ai_generated,gpt-image-2,gpt-image-2,person-fallen-v2-camera1p5m,unknown,2026-08-26T15:12:40.959199+08:00,batch_person-fallen-v2-camera1p5m,/home/yanbo/下载/batches/batch_person-fallen-v2-camera1p5m/prompts/10_p01-supine-on-floor-10.txt,458706b1fd3f5c96306767cb4ba2eb3ab5f5d4306c65417ea3e9b13e70058eab,1.5,/home/yanbo/下载/batches/batch_person-fallen-v2-camera1p5m/manifest.json
110_p11-small-target-far-distance-10.png,ai_generated,gpt-image-2,gpt-image-2,person-fallen-v2-camera1p5m,unknown,2026-08-26T15:12:40.959199+08:00,batch_person-fallen-v2-camera1p5m,/home/yanbo/下载/batches/batch_person-fallen-v2-camera1p5m/prompts/110_p11-small-target-far-distance-10.txt,d743344affdacf078acea7b04a9d7785363cb7afa378d1505d85d7b5f15a5c05,1.5,/home/yanbo/下载/batches/batch_person-fallen-v2-camera1p5m/manifest.json
111_p12-small-target-far-distance-01.png,ai_generated,gpt-image-2,gpt-image-2,person-fallen-v2-camera1p5m,unknown,2026-08-26T15:12:40.959199+08:00,batch_person-fallen-v2-camera1p5m,/home/yanbo/下载/batches/batch_person-fallen-v2-camera1p5m/prompts/111_p12-small-target-far-distance-01.txt,b7ba0f2bd396685c22da9536b0c3df1d3fa36829ca417b5a322f24be199300b0,1.5,/home/yanbo/下载/batches/batch_person-fallen-v2-camera1p5m/manifest.json
112_p12-small-target-far-distance-02.png,ai_generated,gpt-image-2,gpt-image-2,person-fallen-v2-camera1p5m,unknown,2026-08-26T15:12:40.959199+08:00,batch_person-fallen-v2-camera1p5m,/home/yanbo/下载/batches/batch_person-fallen-v2-camera1p5m/prompts/112_p12-small-target-far-distance-02.txt,9e892afca1da6a7508f340e76c380a6e6a84f6ad55880fd51e64442cdbfcc31a,1.5,/home/yanbo/下载/batches/batch_person-fallen-v2-camera1p5m/manifest.json
113_p12-small-target-far-distance-03.png,ai_generated,gpt-image-2,gpt-image-2,person-fallen-v2-camera1p5m,unknown,2026-08-26T15:12:40.959199+08:00,batch_person-fallen-v2-camera1p5m,/home/yanbo/下载/batches/batch_person-fallen-v2-camera1p5m/prompts/113_p12-small-target-far-distance-03.txt,69fcc9b31d4ac349b5594d7c95905133abe64326f4b35096e699be916a34d561,1.5,/home/yanbo/下载/batches/batch_person-fallen-v2-camera1p5m/manifest.json
114_p12-small-target-far-distance-04.png,ai_generated,gpt-image-2,gpt-image-2,person-fallen-v2-camera1p5m,unknown,2026-08-26T15:12:40.959199+08:00,batch_person-fallen-v2-camera1p5m,/home/yanbo/下载/batches/batch_person-fallen-v2-camera1p5m/prompts/114_p12-small-target-far-distance-04.txt,c3510cfe73214ad49045dee7b8d3dc9063daa3926c3e2953ae2bbd1b1b949d12,1.5,/home/yanbo/下载/batches/batch_person-fallen-v2-camera1p5m/manifest.json
115_p12-small-target-far-distance-05.png,ai_generated,gpt-image-2,gpt-image-2,person-fallen-v2-camera1p5m,unknown,2026-08-26T15:12:40.959199+08:00,batch_person-fallen-v2-camera1p5m,/home/yanbo/下载/batches/batch_person-fallen-v2-camera1p5m/prompts/115_p12-small-target-far-distance-05.txt,af53407dc94bcc51589f3abb8ca421a8b0b0da17767835aefb5b81d2f6913a4d,1.5,/home/yanbo/下载/batches/batch_person-fallen-v2-camera1p5m/manifest.json
116_p12-small-target-far-distance-06.png,ai_generated,gpt-image-2,gpt-image-2,person-fallen-v2-camera1p5m,unknown,2026-08-26T15:12:40.959199+08:00,batch_person-fallen-v2-camera1p5m,/home/yanbo/下载/batches/batch_person-fallen-v2-camera1p5m/prompts/116_p12-small-target-far-distance-06.txt,8c5f899a03582fce7fb6cddb7934d5a7fb4f2517518c5afd2576bf4c14514362,1.5,/home/yanbo/下载/batches/batch_person-fallen-v2-camera1p5m/manifest.json
117_p12-small-target-far-distance-07.png,ai_generated,gpt-image-2,gpt-image-2,person-fallen-v2-camera1p5m,unknown,2026-08-26T15:12:40.959199+08:00,batch_person-fallen-v2-camera1p5m,/home/yanbo/下载/batches/batch_person-fallen-v2-camera1p5m/prompts/117_p12-small-target-far-distance-07.txt,61fef7882f1c6ce71e35f2345812eb8be218889909279786918c7078ba2a8200,1.5,/home/yanbo/下载/batches/batch_person-fallen-v2-camera1p5m/manifest.json
118_p12-small-target-far-distance-08.png,ai_generated,gpt-image-2,gpt-image-2,person-fallen-v2-camera1p5m,unknown,2026-08-26T15:12:40.959199+08:00,batch_person-fallen-v2-camera1p5m,/home/yanbo/下载/batches/batch_person-fallen-v2-camera1p5m/prompts/118_p12-small-target-far-distance-08.txt,b717d016b7614d0c595587fcdcb52d15d946d5ba86c33e0af10c9fc1f28f3f9d,1.5,/home/yanbo/下载/batches/batch_person-fallen-v2-camera1p5m/manifest.json
119_p12-small-target-far-distance-09.png,ai_generated,gpt-image-2,gpt-image-2,person-fallen-v2-camera1p5m,unknown,2026-08-26T15:12:40.959199+08:00,batch_person-fallen-v2-camera1p5m,/home/yanbo/下载/batches/batch_person-fallen-v2-camera1p5m/prompts/119_p12-small-target-far-distance-09.txt,da855b80d6721a817999228e289fc9e42db8b07611d5a777b4ea338cc8ec1be0,1.5,/home/yanbo/下载/batches/batch_person-fallen-v2-camera1p5m/manifest.json
11_p02-supine-on-floor-01.png,ai_generated,gpt-image-2,gpt-image-2,person-fallen-v2-camera1p5m,unknown,2026-08-26T15:12:40.959199+08:00,batch_person-fallen-v2-camera1p5m,/home/yanbo/下载/batches/batch_person-fallen-v2-camera1p5m/prompts/11_p02-supine-on-floor-01.txt,88d99aa46f5c0629fb646fbe1cab63417167e3682794869c0b7687706d7161de,1.5,/home/yanbo/下载/batches/batch_person-fallen-v2-camera1p5m/manifest.json
120_p12-small-target-far-distance-10.png,ai_generated,gpt-image-2,gpt-image-2,person-fallen-v2-camera1p5m,unknown,2026-08-26T15:12:40.959199+08:00,batch_person-fallen-v2-camera1p5m,/home/yanbo/下载/batches/batch_person-fallen-v2-camera1p5m/prompts/120_p12-small-target-far-distance-10.txt,aa5f979e3bb4f504d13ca2bcdb063947187a894e6bb68c2d5b0d3cc155b6db5e,1.5,/home/yanbo/下载/batches/batch_person-fallen-v2-camera1p5m/manifest.json
121_p13-multi-person-scene-with-one-lying-person-01.png,ai_generated,gpt-image-2,gpt-image-2,person-fallen-v2-camera1p5m,unknown,2026-08-26T15:12:40.959199+08:00,batch_person-fallen-v2-camera1p5m,/home/yanbo/下载/batches/batch_person-fallen-v2-camera1p5m/prompts/121_p13-multi-person-scene-with-one-lying-person-01.txt,dbe33de25c829d604901e15098dc4514e89ded64b022bee78dcd4b2a35d621ef,1.5,/home/yanbo/下载/batches/batch_person-fallen-v2-camera1p5m/manifest.json
122_p13-multi-person-scene-with-one-lying-person-02.png,ai_generated,gpt-image-2,gpt-image-2,person-fallen-v2-camera1p5m,unknown,2026-08-26T15:12:40.959199+08:00,batch_person-fallen-v2-camera1p5m,/home/yanbo/下载/batches/batch_person-fallen-v2-camera1p5m/prompts/122_p13-multi-person-scene-with-one-lying-person-02.txt,3cc46c9722ecf5c12f8d63c390a238df6eb5ec2bb4331a0dad456ad7f49e58c7,1.5,/home/yanbo/下载/batches/batch_person-fallen-v2-camera1p5m/manifest.json
123_p13-multi-person-scene-with-one-lying-person-03.png,ai_generated,gpt-image-2,gpt-image-2,person-fallen-v2-camera1p5m,unknown,2026-08-26T15:12:40.959199+08:00,batch_person-fallen-v2-camera1p5m,/home/yanbo/下载/batches/batch_person-fallen-v2-camera1p5m/prompts/123_p13-multi-person-scene-with-one-lying-person-03.txt,c8bc3645724f9d735e2a46a5ba82126e06c717b90c6245ec5c2bce8841298fc0,1.5,/home/yanbo/下载/batches/batch_person-fallen-v2-camera1p5m/manifest.json
124_p13-multi-person-scene-with-one-lying-person-04.png,ai_generated,gpt-image-2,gpt-image-2,person-fallen-v2-camera1p5m,unknown,2026-08-26T15:12:40.959199+08:00,batch_person-fallen-v2-camera1p5m,/home/yanbo/下载/batches/batch_person-fallen-v2-camera1p5m/prompts/124_p13-multi-person-scene-with-one-lying-person-04.txt,2f7db5db6030b02af0730673cb19ad2eb58554848a5e69b65aa171bbc20736be,1.5,/home/yanbo/下载/batches/batch_person-fallen-v2-camera1p5m/manifest.json
125_p13-multi-person-scene-with-one-lying-person-05.png,ai_generated,gpt-image-2,gpt-image-2,person-fallen-v2-camera1p5m,unknown,2026-08-26T15:12:40.959199+08:00,batch_person-fallen-v2-camera1p5m,/home/yanbo/下载/batches/batch_person-fallen-v2-camera1p5m/prompts/125_p13-multi-person-scene-with-one-lying-person-05.txt,67a5c71ceffd819be19339fa7820ce00a05113cd67cafe1cb0f989b01b2cd233,1.5,/home/yanbo/下载/batches/batch_person-fallen-v2-camera1p5m/manifest.json
126_p13-multi-person-scene-with-one-lying-person-06.png,ai_generated,gpt-image-2,gpt-image-2,person-fallen-v2-camera1p5m,unknown,2026-08-26T15:12:40.959199+08:00,batch_person-fallen-v2-camera1p5m,/home/yanbo/下载/batches/batch_person-fallen-v2-camera1p5m/prompts/126_p13-multi-person-scene-with-one-lying-person-06.txt,84db1119ccd45bc07d9fc399fe92c61f0d888eac01902a95f05fb2de2d6b7aa3,1.5,/home/yanbo/下载/batches/batch_person-fallen-v2-camera1p5m/manifest.json
127_p13-multi-person-scene-with-one-lying-person-07.png,ai_generated,gpt-image-2,gpt-image-2,person-fallen-v2-camera1p5m,unknown,2026-08-26T15:12:40.959199+08:00,batch_person-fallen-v2-camera1p5m,/home/yanbo/下载/batches/batch_person-fallen-v2-camera1p5m/prompts/127_p13-multi-person-scene-with-one-lying-person-07.txt,466f798136c5088a7cbc110b5b0af05e14cc533f9f16a7dde652c70270777f27,1.5,/home/yanbo/下载/batches/batch_person-fallen-v2-camera1p5m/manifest.json
128_p13-multi-person-scene-with-one-lying-person-08.png,ai_generated,gpt-image-2,gpt-image-2,person-fallen-v2-camera1p5m,unknown,2026-08-26T15:12:40.959199+08:00,batch_person-fallen-v2-camera1p5m,/home/yanbo/下载/batches/batch_person-fallen-v2-camera1p5m/prompts/128_p13-multi-person-scene-with-one-lying-person-08.txt,c573850707e52f921d913fde6b1e09f6ff8c4746efff9f629280aca62ae4b719,1.5,/home/yanbo/下载/batches/batch_person-fallen-v2-camera1p5m/manifest.json
129_p13-multi-person-scene-with-one-lying-person-09.png,ai_generated,gpt-image-2,gpt-image-2,person-fallen-v2-camera1p5m,unknown,2026-08-26T15:12:40.959199+08:00,batch_person-fallen-v2-camera1p5m,/home/yanbo/下载/batches/batch_person-fallen-v2-camera1p5m/prompts/129_p13-multi-person-scene-with-one-lying-person-09.txt,230450a149a86aa005f2222283f47fb1779c4c68aa4dcc9c11c0a8f92b4c3464,1.5,/home/yanbo/下载/batches/batch_person-fallen-v2-camera1p5m/manifest.json
12_p02-supine-on-floor-02.png,ai_generated,gpt-image-2,gpt-image-2,person-fallen-v2-camera1p5m,unknown,2026-08-26T15:12:40.959199+08:00,batch_person-fallen-v2-camera1p5m,/home/yanbo/下载/batches/batch_person-fallen-v2-camera1p5m/prompts/12_p02-supine-on-floor-02.txt,6d29651752b91d08f1c1dfed9bd3e3aaa6148c1cdc2f5e33904c68fb42dc4a78,1.5,/home/yanbo/下载/batches/batch_person-fallen-v2-camera1p5m/manifest.json
130_p13-multi-person-scene-with-one-lying-person-10.png,ai_generated,gpt-image-2,gpt-image-2,person-fallen-v2-camera1p5m,unknown,2026-08-26T15:12:40.959199+08:00,batch_person-fallen-v2-camera1p5m,/home/yanbo/下载/batches/batch_person-fallen-v2-camera1p5m/prompts/130_p13-multi-person-scene-with-one-lying-person-10.txt,ae288d3450029392ac7dbbd0a9b4ee6ba27ea356fc465fd1dc4f27186c887aa2,1.5,/home/yanbo/下载/batches/batch_person-fallen-v2-camera1p5m/manifest.json
131_p14-multi-person-scene-with-one-lying-person-01.png,ai_generated,gpt-image-2,gpt-image-2,person-fallen-v2-camera1p5m,unknown,2026-08-26T15:12:40.959199+08:00,batch_person-fallen-v2-camera1p5m,/home/yanbo/下载/batches/batch_person-fallen-v2-camera1p5m/prompts/131_p14-multi-person-scene-with-one-lying-person-01.txt,7f5326b4f934ac771fe80872c1fb5ce8813ca9de20b78b274a41b6a40d8167b2,1.5,/home/yanbo/下载/batches/batch_person-fallen-v2-camera1p5m/manifest.json
132_p14-multi-person-scene-with-one-lying-person-02.png,ai_generated,gpt-image-2,gpt-image-2,person-fallen-v2-camera1p5m,unknown,2026-08-26T15:12:40.959199+08:00,batch_person-fallen-v2-camera1p5m,/home/yanbo/下载/batches/batch_person-fallen-v2-camera1p5m/prompts/132_p14-multi-person-scene-with-one-lying-person-02.txt,1081469916668b540fded87964c6cbd8a5a62f1b364c503bfa8bcba92e84142a,1.5,/home/yanbo/下载/batches/batch_person-fallen-v2-camera1p5m/manifest.json
133_p14-multi-person-scene-with-one-lying-person-03.png,ai_generated,gpt-image-2,gpt-image-2,person-fallen-v2-camera1p5m,unknown,2026-08-26T15:12:40.959199+08:00,batch_person-fallen-v2-camera1p5m,/home/yanbo/下载/batches/batch_person-fallen-v2-camera1p5m/prompts/133_p14-multi-person-scene-with-one-lying-person-03.txt,d93ad19d35fb0e63b90517382122401d2c6bd608e726fffb02021ebb85ecafc7,1.5,/home/yanbo/下载/batches/batch_person-fallen-v2-camera1p5m/manifest.json
134_p14-multi-person-scene-with-one-lying-person-04.png,ai_generated,gpt-image-2,gpt-image-2,person-fallen-v2-camera1p5m,unknown,2026-08-26T15:12:40.959199+08:00,batch_person-fallen-v2-camera1p5m,/home/yanbo/下载/batches/batch_person-fallen-v2-camera1p5m/prompts/134_p14-multi-person-scene-with-one-lying-person-04.txt,2327c9bd83d520136540b3854985335d4b2580589ea36574d62411f15bf6f16c,1.5,/home/yanbo/下载/batches/batch_person-fallen-v2-camera1p5m/manifest.json
135_p14-multi-person-scene-with-one-lying-person-05.png,ai_generated,gpt-image-2,gpt-image-2,person-fallen-v2-camera1p5m,unknown,2026-08-26T15:12:40.959199+08:00,batch_person-fallen-v2-camera1p5m,/home/yanbo/下载/batches/batch_person-fallen-v2-camera1p5m/prompts/135_p14-multi-person-scene-with-one-lying-person-05.txt,69c53404f8dcf61916fb5847fc70554019e057ba480c7ea615854ed42a4d23ea,1.5,/home/yanbo/下载/batches/batch_person-fallen-v2-camera1p5m/manifest.json
136_p14-multi-person-scene-with-one-lying-person-06.png,ai_generated,gpt-image-2,gpt-image-2,person-fallen-v2-camera1p5m,unknown,2026-08-26T15:12:40.959199+08:00,batch_person-fallen-v2-camera1p5m,/home/yanbo/下载/batches/batch_person-fallen-v2-camera1p5m/prompts/136_p14-multi-person-scene-with-one-lying-person-06.txt,29ca5851a88421d30506535346ca1118eb152c6bd10b40224838dfaee2839c31,1.5,/home/yanbo/下载/batches/batch_person-fallen-v2-camera1p5m/manifest.json
137_p14-multi-person-scene-with-one-lying-person-07.png,ai_generated,gpt-image-2,gpt-image-2,person-fallen-v2-camera1p5m,unknown,2026-08-26T15:12:40.959199+08:00,batch_person-fallen-v2-camera1p5m,/home/yanbo/下载/batches/batch_person-fallen-v2-camera1p5m/prompts/137_p14-multi-person-scene-with-one-lying-person-07.txt,7618c60d9824a193126410643cddfad93c6dca53a2bffd219cd206d65d4bb47d,1.5,/home/yanbo/下载/batches/batch_person-fallen-v2-camera1p5m/manifest.json
138_p14-multi-person-scene-with-one-lying-person-08.png,ai_generated,gpt-image-2,gpt-image-2,person-fallen-v2-camera1p5m,unknown,2026-08-26T15:12:40.959199+08:00,batch_person-fallen-v2-camera1p5m,/home/yanbo/下载/batches/batch_person-fallen-v2-camera1p5m/prompts/138_p14-multi-person-scene-with-one-lying-person-08.txt,fc5ee4f0df4dd16cb85705dac31adfb04f912e5b9f60abb8c87fc0c78ac1846d,1.5,/home/yanbo/下载/batches/batch_person-fallen-v2-camera1p5m/manifest.json
139_p14-multi-person-scene-with-one-lying-person-09.png,ai_generated,gpt-image-2,gpt-image-2,person-fallen-v2-camera1p5m,unknown,2026-08-26T15:12:40.959199+08:00,batch_person-fallen-v2-camera1p5m,/home/yanbo/下载/batches/batch_person-fallen-v2-camera1p5m/prompts/139_p14-multi-person-scene-with-one-lying-person-09.txt,5fd596261d57b005bb3853fae5485c5615f0e964674dff3b50dc416a9cab5ba9,1.5,/home/yanbo/下载/batches/batch_person-fallen-v2-camera1p5m/manifest.json
13_p02-supine-on-floor-03.png,ai_generated,gpt-image-2,gpt-image-2,person-fallen-v2-camera1p5m,unknown,2026-08-26T15:12:40.959199+08:00,batch_person-fallen-v2-camera1p5m,/home/yanbo/下载/batches/batch_person-fallen-v2-camera1p5m/prompts/13_p02-supine-on-floor-03.txt,77ebc2b66e870e8314082079789df7ca6cde84323537c9a7c16a33c7bc79af44,1.5,/home/yanbo/下载/batches/batch_person-fallen-v2-camera1p5m/manifest.json
140_p14-multi-person-scene-with-one-lying-person-10.png,ai_generated,gpt-image-2,gpt-image-2,person-fallen-v2-camera1p5m,unknown,2026-08-26T15:12:40.959199+08:00,batch_person-fallen-v2-camera1p5m,/home/yanbo/下载/batches/batch_person-fallen-v2-camera1p5m/prompts/140_p14-multi-person-scene-with-one-lying-person-10.txt,5e1b8ba28d2dda4ee37c0e761bb4bad83bad3140ebd3b7f13cd381fd43298cd2,1.5,/home/yanbo/下载/batches/batch_person-fallen-v2-camera1p5m/manifest.json
141_p15-low-light-shadow-mild-blur-01.png,ai_generated,gpt-image-2,gpt-image-2,person-fallen-v2-camera1p5m,unknown,2026-08-26T15:12:40.959199+08:00,batch_person-fallen-v2-camera1p5m,/home/yanbo/下载/batches/batch_person-fallen-v2-camera1p5m/prompts/141_p15-low-light-shadow-mild-blur-01.txt,b3563a5c0532e79f78956fffdcad3a85eb5a6ffb9dd9f72579e71dcaa5086e4c,1.5,/home/yanbo/下载/batches/batch_person-fallen-v2-camera1p5m/manifest.json
142_p15-low-light-shadow-mild-blur-02.png,ai_generated,gpt-image-2,gpt-image-2,person-fallen-v2-camera1p5m,unknown,2026-08-26T15:12:40.959199+08:00,batch_person-fallen-v2-camera1p5m,/home/yanbo/下载/batches/batch_person-fallen-v2-camera1p5m/prompts/142_p15-low-light-shadow-mild-blur-02.txt,a5d66ffe860bc0aec9fc697222ae9fd18d8e0bf943b353d3d6d0e74c96de43b4,1.5,/home/yanbo/下载/batches/batch_person-fallen-v2-camera1p5m/manifest.json
143_p15-low-light-shadow-mild-blur-03.png,ai_generated,gpt-image-2,gpt-image-2,person-fallen-v2-camera1p5m,unknown,2026-08-26T15:12:40.959199+08:00,batch_person-fallen-v2-camera1p5m,/home/yanbo/下载/batches/batch_person-fallen-v2-camera1p5m/prompts/143_p15-low-light-shadow-mild-blur-03.txt,a00ff076631c4ac25bdb571cffebb827936a3498111f92d3970ec85fd9796b7f,1.5,/home/yanbo/下载/batches/batch_person-fallen-v2-camera1p5m/manifest.json
144_p15-low-light-shadow-mild-blur-04.png,ai_generated,gpt-image-2,gpt-image-2,person-fallen-v2-camera1p5m,unknown,2026-08-26T15:12:40.959199+08:00,batch_person-fallen-v2-camera1p5m,/home/yanbo/下载/batches/batch_person-fallen-v2-camera1p5m/prompts/144_p15-low-light-shadow-mild-blur-04.txt,3d633e379afc763d5d7d66168188b0c26827888335f2a42d725a92431bc52d68,1.5,/home/yanbo/下载/batches/batch_person-fallen-v2-camera1p5m/manifest.json
145_p15-low-light-shadow-mild-blur-05.png,ai_generated,gpt-image-2,gpt-image-2,person-fallen-v2-camera1p5m,unknown,2026-08-26T15:12:40.959199+08:00,batch_person-fallen-v2-camera1p5m,/home/yanbo/下载/batches/batch_person-fallen-v2-camera1p5m/prompts/145_p15-low-light-shadow-mild-blur-05.txt,12a673ae2804b05745c8e07884f98f51ad4818325996b397760da55e0403c149,1.5,/home/yanbo/下载/batches/batch_person-fallen-v2-camera1p5m/manifest.json
146_p15-low-light-shadow-mild-blur-06.png,ai_generated,gpt-image-2,gpt-image-2,person-fallen-v2-camera1p5m,unknown,2026-08-26T15:12:40.959199+08:00,batch_person-fallen-v2-camera1p5m,/home/yanbo/下载/batches/batch_person-fallen-v2-camera1p5m/prompts/146_p15-low-light-shadow-mild-blur-06.txt,458137fc41cd94d8a4e7946e6b236bca6ccc0b5ffe41706345ce46aa903fa3c5,1.5,/home/yanbo/下载/batches/batch_person-fallen-v2-camera1p5m/manifest.json
147_p15-low-light-shadow-mild-blur-07.png,ai_generated,gpt-image-2,gpt-image-2,person-fallen-v2-camera1p5m,unknown,2026-08-26T15:12:40.959199+08:00,batch_person-fallen-v2-camera1p5m,/home/yanbo/下载/batches/batch_person-fallen-v2-camera1p5m/prompts/147_p15-low-light-shadow-mild-blur-07.txt,4ee964a2073efc8098bb61e262ebd67d7e4eb78f6c601f09894b6ee0f2507581,1.5,/home/yanbo/下载/batches/batch_person-fallen-v2-camera1p5m/manifest.json
148_p15-low-light-shadow-mild-blur-08.png,ai_generated,gpt-image-2,gpt-image-2,person-fallen-v2-camera1p5m,unknown,2026-08-26T15:12:40.959199+08:00,batch_person-fallen-v2-camera1p5m,/home/yanbo/下载/batches/batch_person-fallen-v2-camera1p5m/prompts/148_p15-low-light-shadow-mild-blur-08.txt,dcef0f9ae3d10b5486b018e51419921a67dc33182bf852f7debb544d524917aa,1.5,/home/yanbo/下载/batches/batch_person-fallen-v2-camera1p5m/manifest.json
149_p15-low-light-shadow-mild-blur-09.png,ai_generated,gpt-image-2,gpt-image-2,person-fallen-v2-camera1p5m,unknown,2026-08-26T15:12:40.959199+08:00,batch_person-fallen-v2-camera1p5m,/home/yanbo/下载/batches/batch_person-fallen-v2-camera1p5m/prompts/149_p15-low-light-shadow-mild-blur-09.txt,5e80fc0c1779b776420446bb0f6ca322240b3ab13a9ba454a7ff4df54407622d,1.5,/home/yanbo/下载/batches/batch_person-fallen-v2-camera1p5m/manifest.json
14_p02-supine-on-floor-04.png,ai_generated,gpt-image-2,gpt-image-2,person-fallen-v2-camera1p5m,unknown,2026-08-26T15:12:40.959199+08:00,batch_person-fallen-v2-camera1p5m,/home/yanbo/下载/batches/batch_person-fallen-v2-camera1p5m/prompts/14_p02-supine-on-floor-04.txt,b9fdd59f226b4a2aeec26650ace9c08dd72f9d1631ca14cc2b299feae24ff449,1.5,/home/yanbo/下载/batches/batch_person-fallen-v2-camera1p5m/manifest.json
150_p15-low-light-shadow-mild-blur-10.png,ai_generated,gpt-image-2,gpt-image-2,person-fallen-v2-camera1p5m,unknown,2026-08-26T15:12:40.959199+08:00,batch_person-fallen-v2-camera1p5m,/home/yanbo/下载/batches/batch_person-fallen-v2-camera1p5m/prompts/150_p15-low-light-shadow-mild-blur-10.txt,778bc149f4570a5583f0dfcff84540ee204e346f1d5675939c55161aaec92e7e,1.5,/home/yanbo/下载/batches/batch_person-fallen-v2-camera1p5m/manifest.json
151_p16-low-light-shadow-mild-blur-01.png,ai_generated,gpt-image-2,gpt-image-2,person-fallen-v2-camera1p5m,unknown,2026-08-26T15:12:40.959199+08:00,batch_person-fallen-v2-camera1p5m,/home/yanbo/下载/batches/batch_person-fallen-v2-camera1p5m/prompts/151_p16-low-light-shadow-mild-blur-01.txt,da888a2d5fef6b3f86ce1cffc9642a84f148c7f9b5df1a9ad63cf06ae9bb1aed,1.5,/home/yanbo/下载/batches/batch_person-fallen-v2-camera1p5m/manifest.json
152_p16-low-light-shadow-mild-blur-02.png,ai_generated,gpt-image-2,gpt-image-2,person-fallen-v2-camera1p5m,unknown,2026-08-26T15:12:40.959199+08:00,batch_person-fallen-v2-camera1p5m,/home/yanbo/下载/batches/batch_person-fallen-v2-camera1p5m/prompts/152_p16-low-light-shadow-mild-blur-02.txt,f9988c3d9f3055e9da71f592929bfe2ce02ad6288b1aa99a0cdf443934d11c06,1.5,/home/yanbo/下载/batches/batch_person-fallen-v2-camera1p5m/manifest.json
153_p16-low-light-shadow-mild-blur-03.png,ai_generated,gpt-image-2,gpt-image-2,person-fallen-v2-camera1p5m,unknown,2026-08-26T15:12:40.959199+08:00,batch_person-fallen-v2-camera1p5m,/home/yanbo/下载/batches/batch_person-fallen-v2-camera1p5m/prompts/153_p16-low-light-shadow-mild-blur-03.txt,5b4f0654093ffd88abe79451f698d298f7cf2bd9604400b2d37fa43b974d45e4,1.5,/home/yanbo/下载/batches/batch_person-fallen-v2-camera1p5m/manifest.json
154_p16-low-light-shadow-mild-blur-04.png,ai_generated,gpt-image-2,gpt-image-2,person-fallen-v2-camera1p5m,unknown,2026-08-26T15:12:40.959199+08:00,batch_person-fallen-v2-camera1p5m,/home/yanbo/下载/batches/batch_person-fallen-v2-camera1p5m/prompts/154_p16-low-light-shadow-mild-blur-04.txt,8db4e44cee3c5e9e9595a252260f9214db650b8ed6f595d77dc37331b8ce82b5,1.5,/home/yanbo/下载/batches/batch_person-fallen-v2-camera1p5m/manifest.json
155_p16-low-light-shadow-mild-blur-05.png,ai_generated,gpt-image-2,gpt-image-2,person-fallen-v2-camera1p5m,unknown,2026-08-26T15:12:40.959199+08:00,batch_person-fallen-v2-camera1p5m,/home/yanbo/下载/batches/batch_person-fallen-v2-camera1p5m/prompts/155_p16-low-light-shadow-mild-blur-05.txt,f2d436ac3db26b5bfd18ea5d80ed3432275825e8b0a69c599740af2aa3057471,1.5,/home/yanbo/下载/batches/batch_person-fallen-v2-camera1p5m/manifest.json
156_p16-low-light-shadow-mild-blur-06.png,ai_generated,gpt-image-2,gpt-image-2,person-fallen-v2-camera1p5m,unknown,2026-08-26T15:12:40.959199+08:00,batch_person-fallen-v2-camera1p5m,/home/yanbo/下载/batches/batch_person-fallen-v2-camera1p5m/prompts/156_p16-low-light-shadow-mild-blur-06.txt,83ee545b295668e4164c3949c0e9be9d20a21e5286ad5b65e44d939de9834226,1.5,/home/yanbo/下载/batches/batch_person-fallen-v2-camera1p5m/manifest.json
157_p16-low-light-shadow-mild-blur-07.png,ai_generated,gpt-image-2,gpt-image-2,person-fallen-v2-camera1p5m,unknown,2026-08-26T15:12:40.959199+08:00,batch_person-fallen-v2-camera1p5m,/home/yanbo/下载/batches/batch_person-fallen-v2-camera1p5m/prompts/157_p16-low-light-shadow-mild-blur-07.txt,0cc28b027cb8a8207acd112391c64ee6ce54f9ef654a2d6d7dff633069b63720,1.5,/home/yanbo/下载/batches/batch_person-fallen-v2-camera1p5m/manifest.json
158_p16-low-light-shadow-mild-blur-08.png,ai_generated,gpt-image-2,gpt-image-2,person-fallen-v2-camera1p5m,unknown,2026-08-26T15:12:40.959199+08:00,batch_person-fallen-v2-camera1p5m,/home/yanbo/下载/batches/batch_person-fallen-v2-camera1p5m/prompts/158_p16-low-light-shadow-mild-blur-08.txt,537c76fe82a90a75b8153e6cd78b69f981cea18b5e780d1a15b1b49f137cbbda,1.5,/home/yanbo/下载/batches/batch_person-fallen-v2-camera1p5m/manifest.json
159_p16-low-light-shadow-mild-blur-09.png,ai_generated,gpt-image-2,gpt-image-2,person-fallen-v2-camera1p5m,unknown,2026-08-26T15:12:40.959199+08:00,batch_person-fallen-v2-camera1p5m,/home/yanbo/下载/batches/batch_person-fallen-v2-camera1p5m/prompts/159_p16-low-light-shadow-mild-blur-09.txt,6e222a574741584dfdfdb9f43799df8af814a8ad61b7ac89ff4aa14a5da6bdd7,1.5,/home/yanbo/下载/batches/batch_person-fallen-v2-camera1p5m/manifest.json
15_p02-supine-on-floor-05.png,ai_generated,gpt-image-2,gpt-image-2,person-fallen-v2-camera1p5m,unknown,2026-08-26T15:12:40.959199+08:00,batch_person-fallen-v2-camera1p5m,/home/yanbo/下载/batches/batch_person-fallen-v2-camera1p5m/prompts/15_p02-supine-on-floor-05.txt,3c50197da42b392244b7880e9cf09f96ce56fb97307200c9de15e3f7904386dc,1.5,/home/yanbo/下载/batches/batch_person-fallen-v2-camera1p5m/manifest.json
160_p16-low-light-shadow-mild-blur-10.png,ai_generated,gpt-image-2,gpt-image-2,person-fallen-v2-camera1p5m,unknown,2026-08-26T15:12:40.959199+08:00,batch_person-fallen-v2-camera1p5m,/home/yanbo/下载/batches/batch_person-fallen-v2-camera1p5m/prompts/160_p16-low-light-shadow-mild-blur-10.txt,279726c2b9dfc3a1dad94857fecacf2738c041df700469c5fd62a7add6b312be,1.5,/home/yanbo/下载/batches/batch_person-fallen-v2-camera1p5m/manifest.json
161_p17-abnormal-support-surface-01.png,ai_generated,gpt-image-2,gpt-image-2,person-fallen-v2-camera1p5m,unknown,2026-08-26T15:12:40.959199+08:00,batch_person-fallen-v2-camera1p5m,/home/yanbo/下载/batches/batch_person-fallen-v2-camera1p5m/prompts/161_p17-abnormal-support-surface-01.txt,deac2fd7938cc8050223ba506e3f6d02f1d59d00000f50597db50d930100490a,1.5,/home/yanbo/下载/batches/batch_person-fallen-v2-camera1p5m/manifest.json
162_p17-abnormal-support-surface-02.png,ai_generated,gpt-image-2,gpt-image-2,person-fallen-v2-camera1p5m,unknown,2026-08-26T15:12:40.959199+08:00,batch_person-fallen-v2-camera1p5m,/home/yanbo/下载/batches/batch_person-fallen-v2-camera1p5m/prompts/162_p17-abnormal-support-surface-02.txt,df840313f6ecca0eca6b8be39e544d63fdd27a9bdeabf3c22b654c6933755604,1.5,/home/yanbo/下载/batches/batch_person-fallen-v2-camera1p5m/manifest.json
163_p17-abnormal-support-surface-03.png,ai_generated,gpt-image-2,gpt-image-2,person-fallen-v2-camera1p5m,unknown,2026-08-26T15:12:40.959199+08:00,batch_person-fallen-v2-camera1p5m,/home/yanbo/下载/batches/batch_person-fallen-v2-camera1p5m/prompts/163_p17-abnormal-support-surface-03.txt,ac1dd1d3f31bfd123bab30ae78299abbad4c51b83d16b79d40d31b34ca3eb185,1.5,/home/yanbo/下载/batches/batch_person-fallen-v2-camera1p5m/manifest.json
164_p17-abnormal-support-surface-04.png,ai_generated,gpt-image-2,gpt-image-2,person-fallen-v2-camera1p5m,unknown,2026-08-26T15:12:40.959199+08:00,batch_person-fallen-v2-camera1p5m,/home/yanbo/下载/batches/batch_person-fallen-v2-camera1p5m/prompts/164_p17-abnormal-support-surface-04.txt,49a201615ce8d03a971988db8cbdf07fedce35e60441b9ec41a59dd8a330332f,1.5,/home/yanbo/下载/batches/batch_person-fallen-v2-camera1p5m/manifest.json
165_p17-abnormal-support-surface-05.png,ai_generated,gpt-image-2,gpt-image-2,person-fallen-v2-camera1p5m,unknown,2026-08-26T15:12:40.959199+08:00,batch_person-fallen-v2-camera1p5m,/home/yanbo/下载/batches/batch_person-fallen-v2-camera1p5m/prompts/165_p17-abnormal-support-surface-05.txt,ba57f8912239e8f2e1573f7abd56211599d26d6733edf6b1ac29d8a1605855a0,1.5,/home/yanbo/下载/batches/batch_person-fallen-v2-camera1p5m/manifest.json
166_p17-abnormal-support-surface-06.png,ai_generated,gpt-image-2,gpt-image-2,person-fallen-v2-camera1p5m,unknown,2026-08-26T15:12:40.959199+08:00,batch_person-fallen-v2-camera1p5m,/home/yanbo/下载/batches/batch_person-fallen-v2-camera1p5m/prompts/166_p17-abnormal-support-surface-06.txt,7809652e4581d7ac355b1bdc509953e224f5195be0b2adeade746c8fc6c840a3,1.5,/home/yanbo/下载/batches/batch_person-fallen-v2-camera1p5m/manifest.json
167_p17-abnormal-support-surface-07.png,ai_generated,gpt-image-2,gpt-image-2,person-fallen-v2-camera1p5m,unknown,2026-08-26T15:12:40.959199+08:00,batch_person-fallen-v2-camera1p5m,/home/yanbo/下载/batches/batch_person-fallen-v2-camera1p5m/prompts/167_p17-abnormal-support-surface-07.txt,9e824ca1eddf79d0cd0a11e60ffa1824da5ff5a9d25051137d0aef4724d0ca14,1.5,/home/yanbo/下载/batches/batch_person-fallen-v2-camera1p5m/manifest.json
168_p17-abnormal-support-surface-08.png,ai_generated,gpt-image-2,gpt-image-2,person-fallen-v2-camera1p5m,unknown,2026-08-26T15:12:40.959199+08:00,batch_person-fallen-v2-camera1p5m,/home/yanbo/下载/batches/batch_person-fallen-v2-camera1p5m/prompts/168_p17-abnormal-support-surface-08.txt,545bc87e53a2c67dc52485d1046b55ea5893cfb6de3f6c5bee49a4c635948cd7,1.5,/home/yanbo/下载/batches/batch_person-fallen-v2-camera1p5m/manifest.json
169_p17-abnormal-support-surface-09.png,ai_generated,gpt-image-2,gpt-image-2,person-fallen-v2-camera1p5m,unknown,2026-08-26T15:12:40.959199+08:00,batch_person-fallen-v2-camera1p5m,/home/yanbo/下载/batches/batch_person-fallen-v2-camera1p5m/prompts/169_p17-abnormal-support-surface-09.txt,b62cbf19cb208d196fe685933608361be056282b9872e10796952763e4443e58,1.5,/home/yanbo/下载/batches/batch_person-fallen-v2-camera1p5m/manifest.json
16_p02-supine-on-floor-06.png,ai_generated,gpt-image-2,gpt-image-2,person-fallen-v2-camera1p5m,unknown,2026-08-26T15:12:40.959199+08:00,batch_person-fallen-v2-camera1p5m,/home/yanbo/下载/batches/batch_person-fallen-v2-camera1p5m/prompts/16_p02-supine-on-floor-06.txt,9b91a0f2a54f9b5a7d6a5ec689fea0f01d7620f0f8a5da7521bd2d7944dbe72d,1.5,/home/yanbo/下载/batches/batch_person-fallen-v2-camera1p5m/manifest.json
170_p17-abnormal-support-surface-10.png,ai_generated,gpt-image-2,gpt-image-2,person-fallen-v2-camera1p5m,unknown,2026-08-26T15:12:40.959199+08:00,batch_person-fallen-v2-camera1p5m,/home/yanbo/下载/batches/batch_person-fallen-v2-camera1p5m/prompts/170_p17-abnormal-support-surface-10.txt,bc407fb95968eb7f2238593da39fd87f184bf1e992b0a41398df9fe25104d12c,1.5,/home/yanbo/下载/batches/batch_person-fallen-v2-camera1p5m/manifest.json
171_p18-abnormal-support-surface-01.png,ai_generated,gpt-image-2,gpt-image-2,person-fallen-v2-camera1p5m,unknown,2026-08-26T15:12:40.959199+08:00,batch_person-fallen-v2-camera1p5m,/home/yanbo/下载/batches/batch_person-fallen-v2-camera1p5m/prompts/171_p18-abnormal-support-surface-01.txt,028ec4deef8c28a8a54c6c557db01518cbab1e4388fe045d8b3d2ece14f9300a,1.5,/home/yanbo/下载/batches/batch_person-fallen-v2-camera1p5m/manifest.json
172_p18-abnormal-support-surface-02.png,ai_generated,gpt-image-2,gpt-image-2,person-fallen-v2-camera1p5m,unknown,2026-08-26T15:12:40.959199+08:00,batch_person-fallen-v2-camera1p5m,/home/yanbo/下载/batches/batch_person-fallen-v2-camera1p5m/prompts/172_p18-abnormal-support-surface-02.txt,59f73fb87cced5ee832ab0542de0ccb0ea3d26e1e8234ccf0c07b812973b1bc0,1.5,/home/yanbo/下载/batches/batch_person-fallen-v2-camera1p5m/manifest.json
173_p18-abnormal-support-surface-03.png,ai_generated,gpt-image-2,gpt-image-2,person-fallen-v2-camera1p5m,unknown,2026-08-26T15:12:40.959199+08:00,batch_person-fallen-v2-camera1p5m,/home/yanbo/下载/batches/batch_person-fallen-v2-camera1p5m/prompts/173_p18-abnormal-support-surface-03.txt,21b9c0b1ac46372c6091cd56dc9d2284bee43c3a9ce3e25bbd7547237253f6ed,1.5,/home/yanbo/下载/batches/batch_person-fallen-v2-camera1p5m/manifest.json
174_p18-abnormal-support-surface-04.png,ai_generated,gpt-image-2,gpt-image-2,person-fallen-v2-camera1p5m,unknown,2026-08-26T15:12:40.959199+08:00,batch_person-fallen-v2-camera1p5m,/home/yanbo/下载/batches/batch_person-fallen-v2-camera1p5m/prompts/174_p18-abnormal-support-surface-04.txt,de492375730963865d1a9d879e0a29c74e2b72802a954fec4eb174de82874d81,1.5,/home/yanbo/下载/batches/batch_person-fallen-v2-camera1p5m/manifest.json
175_p18-abnormal-support-surface-05.png,ai_generated,gpt-image-2,gpt-image-2,person-fallen-v2-camera1p5m,unknown,2026-08-26T15:12:40.959199+08:00,batch_person-fallen-v2-camera1p5m,/home/yanbo/下载/batches/batch_person-fallen-v2-camera1p5m/prompts/175_p18-abnormal-support-surface-05.txt,af0b754783d65954fb508d0995a0b5bebb718554e203d0e09620f22fcf4f4509,1.5,/home/yanbo/下载/batches/batch_person-fallen-v2-camera1p5m/manifest.json
176_p18-abnormal-support-surface-06.png,ai_generated,gpt-image-2,gpt-image-2,person-fallen-v2-camera1p5m,unknown,2026-08-26T15:12:40.959199+08:00,batch_person-fallen-v2-camera1p5m,/home/yanbo/下载/batches/batch_person-fallen-v2-camera1p5m/prompts/176_p18-abnormal-support-surface-06.txt,cc0f985a00a64a66750f079ca449f85d3357f092802c32aa891bee4e765caf53,1.5,/home/yanbo/下载/batches/batch_person-fallen-v2-camera1p5m/manifest.json
177_p18-abnormal-support-surface-07.png,ai_generated,gpt-image-2,gpt-image-2,person-fallen-v2-camera1p5m,unknown,2026-08-26T15:12:40.959199+08:00,batch_person-fallen-v2-camera1p5m,/home/yanbo/下载/batches/batch_person-fallen-v2-camera1p5m/prompts/177_p18-abnormal-support-surface-07.txt,30bccf8473f9a856e8ecede8380dee57551f522081919a1822eaca10ab1bb126,1.5,/home/yanbo/下载/batches/batch_person-fallen-v2-camera1p5m/manifest.json
178_p18-abnormal-support-surface-08.png,ai_generated,gpt-image-2,gpt-image-2,person-fallen-v2-camera1p5m,unknown,2026-08-26T15:12:40.959199+08:00,batch_person-fallen-v2-camera1p5m,/home/yanbo/下载/batches/batch_person-fallen-v2-camera1p5m/prompts/178_p18-abnormal-support-surface-08.txt,a3638fcc14bfcabec47230ee23cee4d07d9a50cbb91f5106b310cce7f6930972,1.5,/home/yanbo/下载/batches/batch_person-fallen-v2-camera1p5m/manifest.json
179_p18-abnormal-support-surface-09.png,ai_generated,gpt-image-2,gpt-image-2,person-fallen-v2-camera1p5m,unknown,2026-08-26T15:12:40.959199+08:00,batch_person-fallen-v2-camera1p5m,/home/yanbo/下载/batches/batch_person-fallen-v2-camera1p5m/prompts/179_p18-abnormal-support-surface-09.txt,82619804dde7ad57d17530cff8b46c1cb0c169402e996a19dd1ce6465581745f,1.5,/home/yanbo/下载/batches/batch_person-fallen-v2-camera1p5m/manifest.json
17_p02-supine-on-floor-07.png,ai_generated,gpt-image-2,gpt-image-2,person-fallen-v2-camera1p5m,unknown,2026-08-26T15:12:40.959199+08:00,batch_person-fallen-v2-camera1p5m,/home/yanbo/下载/batches/batch_person-fallen-v2-camera1p5m/prompts/17_p02-supine-on-floor-07.txt,a2a50097a852cdcf6e00e1a3084d4062fd590f9554ea1f733d380faa64292e75,1.5,/home/yanbo/下载/batches/batch_person-fallen-v2-camera1p5m/manifest.json
180_p18-abnormal-support-surface-10.png,ai_generated,gpt-image-2,gpt-image-2,person-fallen-v2-camera1p5m,unknown,2026-08-26T15:12:40.959199+08:00,batch_person-fallen-v2-camera1p5m,/home/yanbo/下载/batches/batch_person-fallen-v2-camera1p5m/prompts/180_p18-abnormal-support-surface-10.txt,9c30f207cf061130fdd5b577ae0dcc1e71cd67f7a5f759334e0b2d5c15046faf,1.5,/home/yanbo/下载/batches/batch_person-fallen-v2-camera1p5m/manifest.json
181_p19-active-voluntary-lying-on-ground-01.png,ai_generated,gpt-image-2,gpt-image-2,person-fallen-v2-camera1p5m,unknown,2026-08-26T15:12:40.959199+08:00,batch_person-fallen-v2-camera1p5m,/home/yanbo/下载/batches/batch_person-fallen-v2-camera1p5m/prompts/181_p19-active-voluntary-lying-on-ground-01.txt,c73cad47586a04577e0b57447ee899e02fb5cfa372eb4ada1c0bb63563132a51,1.5,/home/yanbo/下载/batches/batch_person-fallen-v2-camera1p5m/manifest.json
182_p19-active-voluntary-lying-on-ground-02.png,ai_generated,gpt-image-2,gpt-image-2,person-fallen-v2-camera1p5m,unknown,2026-08-26T15:12:40.959199+08:00,batch_person-fallen-v2-camera1p5m,/home/yanbo/下载/batches/batch_person-fallen-v2-camera1p5m/prompts/182_p19-active-voluntary-lying-on-ground-02.txt,2d9cf033d158dce0eeba2c7ebea2d630c55d7357b9d455cc9a37614a6e8aa6d9,1.5,/home/yanbo/下载/batches/batch_person-fallen-v2-camera1p5m/manifest.json
183_p19-active-voluntary-lying-on-ground-03.png,ai_generated,gpt-image-2,gpt-image-2,person-fallen-v2-camera1p5m,unknown,2026-08-26T15:12:40.959199+08:00,batch_person-fallen-v2-camera1p5m,/home/yanbo/下载/batches/batch_person-fallen-v2-camera1p5m/prompts/183_p19-active-voluntary-lying-on-ground-03.txt,3bac79178261da90ac4c30338792ccd6584e56140a28f2a046873a22bbc8fe0a,1.5,/home/yanbo/下载/batches/batch_person-fallen-v2-camera1p5m/manifest.json
184_p19-active-voluntary-lying-on-ground-04.png,ai_generated,gpt-image-2,gpt-image-2,person-fallen-v2-camera1p5m,unknown,2026-08-26T15:12:40.959199+08:00,batch_person-fallen-v2-camera1p5m,/home/yanbo/下载/batches/batch_person-fallen-v2-camera1p5m/prompts/184_p19-active-voluntary-lying-on-ground-04.txt,05b867878e8bc79c9b99d9c3551c5faff891f558b3d758728ad95db28fee4255,1.5,/home/yanbo/下载/batches/batch_person-fallen-v2-camera1p5m/manifest.json
185_p19-active-voluntary-lying-on-ground-05.png,ai_generated,gpt-image-2,gpt-image-2,person-fallen-v2-camera1p5m,unknown,2026-08-26T15:12:40.959199+08:00,batch_person-fallen-v2-camera1p5m,/home/yanbo/下载/batches/batch_person-fallen-v2-camera1p5m/prompts/185_p19-active-voluntary-lying-on-ground-05.txt,23a149e52a6860e8aac14ff2070c2fcb7605909e32c1a33c9dc01e840419983b,1.5,/home/yanbo/下载/batches/batch_person-fallen-v2-camera1p5m/manifest.json
186_p19-active-voluntary-lying-on-ground-06.png,ai_generated,gpt-image-2,gpt-image-2,person-fallen-v2-camera1p5m,unknown,2026-08-26T15:12:40.959199+08:00,batch_person-fallen-v2-camera1p5m,/home/yanbo/下载/batches/batch_person-fallen-v2-camera1p5m/prompts/186_p19-active-voluntary-lying-on-ground-06.txt,7379e3c5097167fd5176ff69bfc6186b0fcf793167e54d010c52d19fade1d78b,1.5,/home/yanbo/下载/batches/batch_person-fallen-v2-camera1p5m/manifest.json
187_p19-active-voluntary-lying-on-ground-07.png,ai_generated,gpt-image-2,gpt-image-2,person-fallen-v2-camera1p5m,unknown,2026-08-26T15:12:40.959199+08:00,batch_person-fallen-v2-camera1p5m,/home/yanbo/下载/batches/batch_person-fallen-v2-camera1p5m/prompts/187_p19-active-voluntary-lying-on-ground-07.txt,0cb1196da1c7df46299c2cbb1defeb011685190c4c65aac8c65d2398845565b5,1.5,/home/yanbo/下载/batches/batch_person-fallen-v2-camera1p5m/manifest.json
188_p19-active-voluntary-lying-on-ground-08.png,ai_generated,gpt-image-2,gpt-image-2,person-fallen-v2-camera1p5m,unknown,2026-08-26T15:12:40.959199+08:00,batch_person-fallen-v2-camera1p5m,/home/yanbo/下载/batches/batch_person-fallen-v2-camera1p5m/prompts/188_p19-active-voluntary-lying-on-ground-08.txt,f42c794cde1e7058dafb0367ff9b53f3d7c0ee2cff08c0ff469db552ef5d77e8,1.5,/home/yanbo/下载/batches/batch_person-fallen-v2-camera1p5m/manifest.json
189_p19-active-voluntary-lying-on-ground-09.png,ai_generated,gpt-image-2,gpt-image-2,person-fallen-v2-camera1p5m,unknown,2026-08-26T15:12:40.959199+08:00,batch_person-fallen-v2-camera1p5m,/home/yanbo/下载/batches/batch_person-fallen-v2-camera1p5m/prompts/189_p19-active-voluntary-lying-on-ground-09.txt,195c3f46a12ca915752337d4a825b49ca7fd777e0669ab3c74e6c47ae530bb3b,1.5,/home/yanbo/下载/batches/batch_person-fallen-v2-camera1p5m/manifest.json
18_p02-supine-on-floor-08.png,ai_generated,gpt-image-2,gpt-image-2,person-fallen-v2-camera1p5m,unknown,2026-08-26T15:12:40.959199+08:00,batch_person-fallen-v2-camera1p5m,/home/yanbo/下载/batches/batch_person-fallen-v2-camera1p5m/prompts/18_p02-supine-on-floor-08.txt,d18160fe70307286374c35e5be267c3a2ca58cfad8db78b50b7ff805fbba68a0,1.5,/home/yanbo/下载/batches/batch_person-fallen-v2-camera1p5m/manifest.json
190_p19-active-voluntary-lying-on-ground-10.png,ai_generated,gpt-image-2,gpt-image-2,person-fallen-v2-camera1p5m,unknown,2026-08-26T15:12:40.959199+08:00,batch_person-fallen-v2-camera1p5m,/home/yanbo/下载/batches/batch_person-fallen-v2-camera1p5m/prompts/190_p19-active-voluntary-lying-on-ground-10.txt,55168cc59c7ed9818fc8db4396ddfcb3544c4b60230539a2500bea9277b1ed30,1.5,/home/yanbo/下载/batches/batch_person-fallen-v2-camera1p5m/manifest.json
191_p20-static-lying-on-ground-01.png,ai_generated,gpt-image-2,gpt-image-2,person-fallen-v2-camera1p5m,unknown,2026-08-26T15:12:40.959199+08:00,batch_person-fallen-v2-camera1p5m,/home/yanbo/下载/batches/batch_person-fallen-v2-camera1p5m/prompts/191_p20-static-lying-on-ground-01.txt,081ac5d75ea906167ec5b7f2d6a93e2441d14f2b6e5aeea486e6d380bf30d9d2,1.5,/home/yanbo/下载/batches/batch_person-fallen-v2-camera1p5m/manifest.json
192_p20-static-lying-on-ground-02.png,ai_generated,gpt-image-2,gpt-image-2,person-fallen-v2-camera1p5m,unknown,2026-08-26T15:12:40.959199+08:00,batch_person-fallen-v2-camera1p5m,/home/yanbo/下载/batches/batch_person-fallen-v2-camera1p5m/prompts/192_p20-static-lying-on-ground-02.txt,198ceeed4c52c68e2ad858b02ed9c638b94b167bb063575b920cadcaf935094b,1.5,/home/yanbo/下载/batches/batch_person-fallen-v2-camera1p5m/manifest.json
193_p20-static-lying-on-ground-03.png,ai_generated,gpt-image-2,gpt-image-2,person-fallen-v2-camera1p5m,unknown,2026-08-26T15:12:40.959199+08:00,batch_person-fallen-v2-camera1p5m,/home/yanbo/下载/batches/batch_person-fallen-v2-camera1p5m/prompts/193_p20-static-lying-on-ground-03.txt,4f21719aa8f1498469255113fe018831857a2539fc13b40046f31f3f18a2126d,1.5,/home/yanbo/下载/batches/batch_person-fallen-v2-camera1p5m/manifest.json
194_p20-static-lying-on-ground-04.png,ai_generated,gpt-image-2,gpt-image-2,person-fallen-v2-camera1p5m,unknown,2026-08-26T15:12:40.959199+08:00,batch_person-fallen-v2-camera1p5m,/home/yanbo/下载/batches/batch_person-fallen-v2-camera1p5m/prompts/194_p20-static-lying-on-ground-04.txt,13b7fe4ee208c8c17744fde360fdb437e6f3748da650b9e5cec827419b6bf9f7,1.5,/home/yanbo/下载/batches/batch_person-fallen-v2-camera1p5m/manifest.json
195_p20-static-lying-on-ground-05.png,ai_generated,gpt-image-2,gpt-image-2,person-fallen-v2-camera1p5m,unknown,2026-08-26T15:12:40.959199+08:00,batch_person-fallen-v2-camera1p5m,/home/yanbo/下载/batches/batch_person-fallen-v2-camera1p5m/prompts/195_p20-static-lying-on-ground-05.txt,7926c9cf121ea7b5812315da85a00e1b779c0e789eb7bb32f0c732decf532881,1.5,/home/yanbo/下载/batches/batch_person-fallen-v2-camera1p5m/manifest.json
196_p20-static-lying-on-ground-06.png,ai_generated,gpt-image-2,gpt-image-2,person-fallen-v2-camera1p5m,unknown,2026-08-26T15:12:40.959199+08:00,batch_person-fallen-v2-camera1p5m,/home/yanbo/下载/batches/batch_person-fallen-v2-camera1p5m/prompts/196_p20-static-lying-on-ground-06.txt,67d5f1be4942e2335674609bf203b9d3f020dc7b186094d2f489fba9b7c091d2,1.5,/home/yanbo/下载/batches/batch_person-fallen-v2-camera1p5m/manifest.json
197_p20-static-lying-on-ground-07.png,ai_generated,gpt-image-2,gpt-image-2,person-fallen-v2-camera1p5m,unknown,2026-08-26T15:12:40.959199+08:00,batch_person-fallen-v2-camera1p5m,/home/yanbo/下载/batches/batch_person-fallen-v2-camera1p5m/prompts/197_p20-static-lying-on-ground-07.txt,566f1f928b35d3b1de31923296fa82382ece096d2f88fd01412714e3dc33bdc8,1.5,/home/yanbo/下载/batches/batch_person-fallen-v2-camera1p5m/manifest.json
198_p20-static-lying-on-ground-08.png,ai_generated,gpt-image-2,gpt-image-2,person-fallen-v2-camera1p5m,unknown,2026-08-26T15:12:40.959199+08:00,batch_person-fallen-v2-camera1p5m,/home/yanbo/下载/batches/batch_person-fallen-v2-camera1p5m/prompts/198_p20-static-lying-on-ground-08.txt,af96112125d36103650e402de450c6cc995f0ffddb05b91cae38e375fe847ad2,1.5,/home/yanbo/下载/batches/batch_person-fallen-v2-camera1p5m/manifest.json
199_p20-static-lying-on-ground-09.png,ai_generated,gpt-image-2,gpt-image-2,person-fallen-v2-camera1p5m,unknown,2026-08-26T15:12:40.959199+08:00,batch_person-fallen-v2-camera1p5m,/home/yanbo/下载/batches/batch_person-fallen-v2-camera1p5m/prompts/199_p20-static-lying-on-ground-09.txt,27021dcc7951cd5600004735dc15a220ee29ab33dcc0f1637c322817b8118b4c,1.5,/home/yanbo/下载/batches/batch_person-fallen-v2-camera1p5m/manifest.json
19_p02-supine-on-floor-09.png,ai_generated,gpt-image-2,gpt-image-2,person-fallen-v2-camera1p5m,unknown,2026-08-26T15:12:40.959199+08:00,batch_person-fallen-v2-camera1p5m,/home/yanbo/下载/batches/batch_person-fallen-v2-camera1p5m/prompts/19_p02-supine-on-floor-09.txt,2772b5e3066d18683e5d9cae492c98039c431bd11e84d9b651019eeb585c5726,1.5,/home/yanbo/下载/batches/batch_person-fallen-v2-camera1p5m/manifest.json
200_p20-static-lying-on-ground-10.png,ai_generated,gpt-image-2,gpt-image-2,person-fallen-v2-camera1p5m,unknown,2026-08-26T15:12:40.959199+08:00,batch_person-fallen-v2-camera1p5m,/home/yanbo/下载/batches/batch_person-fallen-v2-camera1p5m/prompts/200_p20-static-lying-on-ground-10.txt,560e79ef6d4046c266943ac1648d66cf368b6fb2c1f72b2465d2745399ba200d,1.5,/home/yanbo/下载/batches/batch_person-fallen-v2-camera1p5m/manifest.json
201_n01-normal-standing-01.png,ai_generated,gpt-image-2,gpt-image-2,person-fallen-v2-camera1p5m,unknown,2026-08-26T15:12:40.959199+08:00,batch_person-fallen-v2-camera1p5m,/home/yanbo/下载/batches/batch_person-fallen-v2-camera1p5m/prompts/201_n01-normal-standing-01.txt,42d5884345726c7e9955de38ba0452da92b7843de26821c899c4707706f39dcf,1.5,/home/yanbo/下载/batches/batch_person-fallen-v2-camera1p5m/manifest.json
202_n01-normal-standing-02.png,ai_generated,gpt-image-2,gpt-image-2,person-fallen-v2-camera1p5m,unknown,2026-08-26T15:12:40.959199+08:00,batch_person-fallen-v2-camera1p5m,/home/yanbo/下载/batches/batch_person-fallen-v2-camera1p5m/prompts/202_n01-normal-standing-02.txt,d247d2a67720aa92c6985d146a716900a3477bb3751935305acaf7d249b8d9ef,1.5,/home/yanbo/下载/batches/batch_person-fallen-v2-camera1p5m/manifest.json
203_n01-normal-standing-03.png,ai_generated,gpt-image-2,gpt-image-2,person-fallen-v2-camera1p5m,unknown,2026-08-26T15:12:40.959199+08:00,batch_person-fallen-v2-camera1p5m,/home/yanbo/下载/batches/batch_person-fallen-v2-camera1p5m/prompts/203_n01-normal-standing-03.txt,d93f97b8ce1097f9cb9904a9f7c1065d719ba29cd4b5094e01c09ca1c49de6e3,1.5,/home/yanbo/下载/batches/batch_person-fallen-v2-camera1p5m/manifest.json
204_n01-normal-standing-04.png,ai_generated,gpt-image-2,gpt-image-2,person-fallen-v2-camera1p5m,unknown,2026-08-26T15:12:40.959199+08:00,batch_person-fallen-v2-camera1p5m,/home/yanbo/下载/batches/batch_person-fallen-v2-camera1p5m/prompts/204_n01-normal-standing-04.txt,0f06d92c248ceb07d8aaffbbe8640d93afbff1d57a01abb939df00d23b55acb9,1.5,/home/yanbo/下载/batches/batch_person-fallen-v2-camera1p5m/manifest.json
205_n01-normal-standing-05.png,ai_generated,gpt-image-2,gpt-image-2,person-fallen-v2-camera1p5m,unknown,2026-08-26T15:12:40.959199+08:00,batch_person-fallen-v2-camera1p5m,/home/yanbo/下载/batches/batch_person-fallen-v2-camera1p5m/prompts/205_n01-normal-standing-05.txt,c66eefdee09952cbd9f6fef362c90f9a5db173683da810e0fb998921c3c2209c,1.5,/home/yanbo/下载/batches/batch_person-fallen-v2-camera1p5m/manifest.json
206_n01-normal-standing-06.png,ai_generated,gpt-image-2,gpt-image-2,person-fallen-v2-camera1p5m,unknown,2026-08-26T15:12:40.959199+08:00,batch_person-fallen-v2-camera1p5m,/home/yanbo/下载/batches/batch_person-fallen-v2-camera1p5m/prompts/206_n01-normal-standing-06.txt,30f0594061ef6b7df6bf3a636af98eb16925eb713a2fcc782f9361cbe6f07880,1.5,/home/yanbo/下载/batches/batch_person-fallen-v2-camera1p5m/manifest.json
207_n01-normal-standing-07.png,ai_generated,gpt-image-2,gpt-image-2,person-fallen-v2-camera1p5m,unknown,2026-08-26T15:12:40.959199+08:00,batch_person-fallen-v2-camera1p5m,/home/yanbo/下载/batches/batch_person-fallen-v2-camera1p5m/prompts/207_n01-normal-standing-07.txt,15686e6f9320e1cdf69ae064d15a320e73fe6813563a5bbb3c93245d96a8aab0,1.5,/home/yanbo/下载/batches/batch_person-fallen-v2-camera1p5m/manifest.json
208_n01-normal-standing-08.png,ai_generated,gpt-image-2,gpt-image-2,person-fallen-v2-camera1p5m,unknown,2026-08-26T15:12:40.959199+08:00,batch_person-fallen-v2-camera1p5m,/home/yanbo/下载/batches/batch_person-fallen-v2-camera1p5m/prompts/208_n01-normal-standing-08.txt,13716c0bc6e1c291788d2403417fe96bc160c57a2ac0a851c2cd07e525584bd2,1.5,/home/yanbo/下载/batches/batch_person-fallen-v2-camera1p5m/manifest.json
209_n01-normal-standing-09.png,ai_generated,gpt-image-2,gpt-image-2,person-fallen-v2-camera1p5m,unknown,2026-08-26T15:12:40.959199+08:00,batch_person-fallen-v2-camera1p5m,/home/yanbo/下载/batches/batch_person-fallen-v2-camera1p5m/prompts/209_n01-normal-standing-09.txt,a06295a7d59e4052c8613705b37c9be437b7368837a9aebf5920044f8d827ef4,1.5,/home/yanbo/下载/batches/batch_person-fallen-v2-camera1p5m/manifest.json
20_p02-supine-on-floor-10.png,ai_generated,gpt-image-2,gpt-image-2,person-fallen-v2-camera1p5m,unknown,2026-08-26T15:12:40.959199+08:00,batch_person-fallen-v2-camera1p5m,/home/yanbo/下载/batches/batch_person-fallen-v2-camera1p5m/prompts/20_p02-supine-on-floor-10.txt,4cc06bbf5a37a9b4585d739af0822ccb9dd3453a628dac74d6934c8d5f86b47f,1.5,/home/yanbo/下载/batches/batch_person-fallen-v2-camera1p5m/manifest.json
210_n01-normal-standing-10.png,ai_generated,gpt-image-2,gpt-image-2,person-fallen-v2-camera1p5m,unknown,2026-08-26T15:12:40.959199+08:00,batch_person-fallen-v2-camera1p5m,/home/yanbo/下载/batches/batch_person-fallen-v2-camera1p5m/prompts/210_n01-normal-standing-10.txt,c098893ce8c9e9fa7da89b67186f7944b61aeb5be3466c5a1fcc7298b014dd73,1.5,/home/yanbo/下载/batches/batch_person-fallen-v2-camera1p5m/manifest.json
211_n02-normal-walking-01.png,ai_generated,gpt-image-2,gpt-image-2,person-fallen-v2-camera1p5m,unknown,2026-08-26T15:12:40.959199+08:00,batch_person-fallen-v2-camera1p5m,/home/yanbo/下载/batches/batch_person-fallen-v2-camera1p5m/prompts/211_n02-normal-walking-01.txt,989e64b917cbe5846b077fccd3bdd3c7d946dca5b557a01eb0ae543b970c8b3e,1.5,/home/yanbo/下载/batches/batch_person-fallen-v2-camera1p5m/manifest.json
212_n02-normal-walking-02.png,ai_generated,gpt-image-2,gpt-image-2,person-fallen-v2-camera1p5m,unknown,2026-08-26T15:12:40.959199+08:00,batch_person-fallen-v2-camera1p5m,/home/yanbo/下载/batches/batch_person-fallen-v2-camera1p5m/prompts/212_n02-normal-walking-02.txt,ffb7fe2d5fa284c2f2380dc0c8a3dd6df20828209f8c73ba322f84401db23251,1.5,/home/yanbo/下载/batches/batch_person-fallen-v2-camera1p5m/manifest.json
213_n02-normal-walking-03.png,ai_generated,gpt-image-2,gpt-image-2,person-fallen-v2-camera1p5m,unknown,2026-08-26T15:12:40.959199+08:00,batch_person-fallen-v2-camera1p5m,/home/yanbo/下载/batches/batch_person-fallen-v2-camera1p5m/prompts/213_n02-normal-walking-03.txt,b7f2a4a9c5b7dd393ba1ac04ecd3edb63c06b354dd8549c40e6ca19756465310,1.5,/home/yanbo/下载/batches/batch_person-fallen-v2-camera1p5m/manifest.json
214_n02-normal-walking-04.png,ai_generated,gpt-image-2,gpt-image-2,person-fallen-v2-camera1p5m,unknown,2026-08-26T15:12:40.959199+08:00,batch_person-fallen-v2-camera1p5m,/home/yanbo/下载/batches/batch_person-fallen-v2-camera1p5m/prompts/214_n02-normal-walking-04.txt,e3c80f5aca6a04aaad93f824e0fa5602a76074af98f28cd02893291d82eeb37e,1.5,/home/yanbo/下载/batches/batch_person-fallen-v2-camera1p5m/manifest.json
215_n02-normal-walking-05.png,ai_generated,gpt-image-2,gpt-image-2,person-fallen-v2-camera1p5m,unknown,2026-08-26T15:12:40.959199+08:00,batch_person-fallen-v2-camera1p5m,/home/yanbo/下载/batches/batch_person-fallen-v2-camera1p5m/prompts/215_n02-normal-walking-05.txt,e6ef6256070941b5726220e6bca493058bc5c1fee09a6cfb2a1f8ea2469b60d1,1.5,/home/yanbo/下载/batches/batch_person-fallen-v2-camera1p5m/manifest.json
216_n02-normal-walking-06.png,ai_generated,gpt-image-2,gpt-image-2,person-fallen-v2-camera1p5m,unknown,2026-08-26T15:12:40.959199+08:00,batch_person-fallen-v2-camera1p5m,/home/yanbo/下载/batches/batch_person-fallen-v2-camera1p5m/prompts/216_n02-normal-walking-06.txt,78c5308a8e2001f3198d4c4434fde9ef42480e6096f12cf83c43dc5002844bc4,1.5,/home/yanbo/下载/batches/batch_person-fallen-v2-camera1p5m/manifest.json
217_n02-normal-walking-07.png,ai_generated,gpt-image-2,gpt-image-2,person-fallen-v2-camera1p5m,unknown,2026-08-26T15:12:40.959199+08:00,batch_person-fallen-v2-camera1p5m,/home/yanbo/下载/batches/batch_person-fallen-v2-camera1p5m/prompts/217_n02-normal-walking-07.txt,91e3406f29c9347dbd19294e2287a53b9774c89076430bec860968a3271a736e,1.5,/home/yanbo/下载/batches/batch_person-fallen-v2-camera1p5m/manifest.json
218_n02-normal-walking-08.png,ai_generated,gpt-image-2,gpt-image-2,person-fallen-v2-camera1p5m,unknown,2026-08-26T15:12:40.959199+08:00,batch_person-fallen-v2-camera1p5m,/home/yanbo/下载/batches/batch_person-fallen-v2-camera1p5m/prompts/218_n02-normal-walking-08.txt,d2aa757cc49447e0deb9e70ed031635e41830ea121655549b8d0ecf1aaba5ed4,1.5,/home/yanbo/下载/batches/batch_person-fallen-v2-camera1p5m/manifest.json
219_n02-normal-walking-09.png,ai_generated,gpt-image-2,gpt-image-2,person-fallen-v2-camera1p5m,unknown,2026-08-26T15:12:40.959199+08:00,batch_person-fallen-v2-camera1p5m,/home/yanbo/下载/batches/batch_person-fallen-v2-camera1p5m/prompts/219_n02-normal-walking-09.txt,fad9196b15b839626f760871a9e6d4cb762e7bd0635ee38b361c3cdd9abc5efe,1.5,/home/yanbo/下载/batches/batch_person-fallen-v2-camera1p5m/manifest.json
21_p03-prone-on-floor-01.png,ai_generated,gpt-image-2,gpt-image-2,person-fallen-v2-camera1p5m,unknown,2026-08-26T15:12:40.959199+08:00,batch_person-fallen-v2-camera1p5m,/home/yanbo/下载/batches/batch_person-fallen-v2-camera1p5m/prompts/21_p03-prone-on-floor-01.txt,6a930f25e9052b7138e3d818d094cfc97049267377a7586c4e199432b20ea58b,1.5,/home/yanbo/下载/batches/batch_person-fallen-v2-camera1p5m/manifest.json
220_n02-normal-walking-10.png,ai_generated,gpt-image-2,gpt-image-2,person-fallen-v2-camera1p5m,unknown,2026-08-26T15:12:40.959199+08:00,batch_person-fallen-v2-camera1p5m,/home/yanbo/下载/batches/batch_person-fallen-v2-camera1p5m/prompts/220_n02-normal-walking-10.txt,e8d2e3b85067d1fc3fabfb25b54392dd607c5d5e8c2eb4bed317b410c614a36d,1.5,/home/yanbo/下载/batches/batch_person-fallen-v2-camera1p5m/manifest.json
221_n03-normal-seated-on-chair-stool-01.png,ai_generated,gpt-image-2,gpt-image-2,person-fallen-v2-camera1p5m,unknown,2026-08-26T15:12:40.959199+08:00,batch_person-fallen-v2-camera1p5m,/home/yanbo/下载/batches/batch_person-fallen-v2-camera1p5m/prompts/221_n03-normal-seated-on-chair-stool-01.txt,8c455f71a80cf12fd0de5d596b1c70e40e694d5e554a66cd1dead875225374e7,1.5,/home/yanbo/下载/batches/batch_person-fallen-v2-camera1p5m/manifest.json
222_n03-normal-seated-on-chair-stool-02.png,ai_generated,gpt-image-2,gpt-image-2,person-fallen-v2-camera1p5m,unknown,2026-08-26T15:12:40.959199+08:00,batch_person-fallen-v2-camera1p5m,/home/yanbo/下载/batches/batch_person-fallen-v2-camera1p5m/prompts/222_n03-normal-seated-on-chair-stool-02.txt,ba375bd3958e8d4bf4d0929d12c4f91185f6a183af61a7bf1477cddaa0b26050,1.5,/home/yanbo/下载/batches/batch_person-fallen-v2-camera1p5m/manifest.json
223_n03-normal-seated-on-chair-stool-03.png,ai_generated,gpt-image-2,gpt-image-2,person-fallen-v2-camera1p5m,unknown,2026-08-26T15:12:40.959199+08:00,batch_person-fallen-v2-camera1p5m,/home/yanbo/下载/batches/batch_person-fallen-v2-camera1p5m/prompts/223_n03-normal-seated-on-chair-stool-03.txt,71d6de4c06e6a13739ec9b970f538e0cd7ddd2e374901484c075913de9b7d773,1.5,/home/yanbo/下载/batches/batch_person-fallen-v2-camera1p5m/manifest.json
224_n03-normal-seated-on-chair-stool-04.png,ai_generated,gpt-image-2,gpt-image-2,person-fallen-v2-camera1p5m,unknown,2026-08-26T15:12:40.959199+08:00,batch_person-fallen-v2-camera1p5m,/home/yanbo/下载/batches/batch_person-fallen-v2-camera1p5m/prompts/224_n03-normal-seated-on-chair-stool-04.txt,496de8c67df398458f21041c2e30820e49d74fbe6920d4599a0355862a8ba397,1.5,/home/yanbo/下载/batches/batch_person-fallen-v2-camera1p5m/manifest.json
225_n03-normal-seated-on-chair-stool-05.png,ai_generated,gpt-image-2,gpt-image-2,person-fallen-v2-camera1p5m,unknown,2026-08-26T15:12:40.959199+08:00,batch_person-fallen-v2-camera1p5m,/home/yanbo/下载/batches/batch_person-fallen-v2-camera1p5m/prompts/225_n03-normal-seated-on-chair-stool-05.txt,d055bccd317785ad330af8df1015bd87f501a8b3f097192cabeff69c684138c2,1.5,/home/yanbo/下载/batches/batch_person-fallen-v2-camera1p5m/manifest.json
226_n03-normal-seated-on-chair-stool-06.png,ai_generated,gpt-image-2,gpt-image-2,person-fallen-v2-camera1p5m,unknown,2026-08-26T15:12:40.959199+08:00,batch_person-fallen-v2-camera1p5m,/home/yanbo/下载/batches/batch_person-fallen-v2-camera1p5m/prompts/226_n03-normal-seated-on-chair-stool-06.txt,337669f29f73bfd7d06ff7ae77c4f74c69118636769718f8b4f214d3c3a24f8d,1.5,/home/yanbo/下载/batches/batch_person-fallen-v2-camera1p5m/manifest.json
227_n03-normal-seated-on-chair-stool-07.png,ai_generated,gpt-image-2,gpt-image-2,person-fallen-v2-camera1p5m,unknown,2026-08-26T15:12:40.959199+08:00,batch_person-fallen-v2-camera1p5m,/home/yanbo/下载/batches/batch_person-fallen-v2-camera1p5m/prompts/227_n03-normal-seated-on-chair-stool-07.txt,91c9cc1b98329b3209cfc932428fbaf2b5117481e11e53a6517387a9eee708c6,1.5,/home/yanbo/下载/batches/batch_person-fallen-v2-camera1p5m/manifest.json
228_n03-normal-seated-on-chair-stool-08.png,ai_generated,gpt-image-2,gpt-image-2,person-fallen-v2-camera1p5m,unknown,2026-08-26T15:12:40.959199+08:00,batch_person-fallen-v2-camera1p5m,/home/yanbo/下载/batches/batch_person-fallen-v2-camera1p5m/prompts/228_n03-normal-seated-on-chair-stool-08.txt,379d88d3ec8b72c9e47a528251b05e4985554bdf9136f53774915c45b6264c97,1.5,/home/yanbo/下载/batches/batch_person-fallen-v2-camera1p5m/manifest.json
229_n03-normal-seated-on-chair-stool-09.png,ai_generated,gpt-image-2,gpt-image-2,person-fallen-v2-camera1p5m,unknown,2026-08-26T15:12:40.959199+08:00,batch_person-fallen-v2-camera1p5m,/home/yanbo/下载/batches/batch_person-fallen-v2-camera1p5m/prompts/229_n03-normal-seated-on-chair-stool-09.txt,c0c5fa86fff65cbcc51d1fe3887efad5efc686190837c246fce0dfccb1fa2692,1.5,/home/yanbo/下载/batches/batch_person-fallen-v2-camera1p5m/manifest.json
22_p03-prone-on-floor-02.png,ai_generated,gpt-image-2,gpt-image-2,person-fallen-v2-camera1p5m,unknown,2026-08-26T15:12:40.959199+08:00,batch_person-fallen-v2-camera1p5m,/home/yanbo/下载/batches/batch_person-fallen-v2-camera1p5m/prompts/22_p03-prone-on-floor-02.txt,7098ca4f50f689b2580a8069b264bcfba3914acc2561e1b9c8e153b79051fa11,1.5,/home/yanbo/下载/batches/batch_person-fallen-v2-camera1p5m/manifest.json
230_n03-normal-seated-on-chair-stool-10.png,ai_generated,gpt-image-2,gpt-image-2,person-fallen-v2-camera1p5m,unknown,2026-08-26T15:12:40.959199+08:00,batch_person-fallen-v2-camera1p5m,/home/yanbo/下载/batches/batch_person-fallen-v2-camera1p5m/prompts/230_n03-normal-seated-on-chair-stool-10.txt,35a1abdd1fbe6a19ae5d4fc5d051447f0b9b6334d3e4b573ddf4f33021ba397d,1.5,/home/yanbo/下载/batches/batch_person-fallen-v2-camera1p5m/manifest.json
231_n04-normal-seated-on-chair-stool-01.png,ai_generated,gpt-image-2,gpt-image-2,person-fallen-v2-camera1p5m,unknown,2026-08-26T15:12:40.959199+08:00,batch_person-fallen-v2-camera1p5m,/home/yanbo/下载/batches/batch_person-fallen-v2-camera1p5m/prompts/231_n04-normal-seated-on-chair-stool-01.txt,0d3523ce9a9920ac2464de05fe4b0f61f52b2524ba08b23ae38d34eb2f982350,1.5,/home/yanbo/下载/batches/batch_person-fallen-v2-camera1p5m/manifest.json
232_n04-normal-seated-on-chair-stool-02.png,ai_generated,gpt-image-2,gpt-image-2,person-fallen-v2-camera1p5m,unknown,2026-08-26T15:12:40.959199+08:00,batch_person-fallen-v2-camera1p5m,/home/yanbo/下载/batches/batch_person-fallen-v2-camera1p5m/prompts/232_n04-normal-seated-on-chair-stool-02.txt,205d7bf38f6c97a6cd156c872d718d410a87357a858491d03bb1c572776c2de0,1.5,/home/yanbo/下载/batches/batch_person-fallen-v2-camera1p5m/manifest.json
233_n04-normal-seated-on-chair-stool-03.png,ai_generated,gpt-image-2,gpt-image-2,person-fallen-v2-camera1p5m,unknown,2026-08-26T15:12:40.959199+08:00,batch_person-fallen-v2-camera1p5m,/home/yanbo/下载/batches/batch_person-fallen-v2-camera1p5m/prompts/233_n04-normal-seated-on-chair-stool-03.txt,b6d0bf027cdae738f5487705bedb0eba268f423672c3e0e77385b528eedc141a,1.5,/home/yanbo/下载/batches/batch_person-fallen-v2-camera1p5m/manifest.json
234_n04-normal-seated-on-chair-stool-04.png,ai_generated,gpt-image-2,gpt-image-2,person-fallen-v2-camera1p5m,unknown,2026-08-26T15:12:40.959199+08:00,batch_person-fallen-v2-camera1p5m,/home/yanbo/下载/batches/batch_person-fallen-v2-camera1p5m/prompts/234_n04-normal-seated-on-chair-stool-04.txt,ec44b8e1b7eedd8b615b28ab1abccd25a2b18841437b363a400c70cf9de12694,1.5,/home/yanbo/下载/batches/batch_person-fallen-v2-camera1p5m/manifest.json
235_n04-normal-seated-on-chair-stool-05.png,ai_generated,gpt-image-2,gpt-image-2,person-fallen-v2-camera1p5m,unknown,2026-08-26T15:12:40.959199+08:00,batch_person-fallen-v2-camera1p5m,/home/yanbo/下载/batches/batch_person-fallen-v2-camera1p5m/prompts/235_n04-normal-seated-on-chair-stool-05.txt,26d5c9f3c3f1aadbf6c0b903f0d2142c024f53b3a1387790d876ab37b27f3d39,1.5,/home/yanbo/下载/batches/batch_person-fallen-v2-camera1p5m/manifest.json
236_n04-normal-seated-on-chair-stool-06.png,ai_generated,gpt-image-2,gpt-image-2,person-fallen-v2-camera1p5m,unknown,2026-08-26T15:12:40.959199+08:00,batch_person-fallen-v2-camera1p5m,/home/yanbo/下载/batches/batch_person-fallen-v2-camera1p5m/prompts/236_n04-normal-seated-on-chair-stool-06.txt,fecf18af77223af1200e22119678a3c17964bd77e1aa90f0fda78beb04fb19e0,1.5,/home/yanbo/下载/batches/batch_person-fallen-v2-camera1p5m/manifest.json
237_n04-normal-seated-on-chair-stool-07.png,ai_generated,gpt-image-2,gpt-image-2,person-fallen-v2-camera1p5m,unknown,2026-08-26T15:12:40.959199+08:00,batch_person-fallen-v2-camera1p5m,/home/yanbo/下载/batches/batch_person-fallen-v2-camera1p5m/prompts/237_n04-normal-seated-on-chair-stool-07.txt,74ef9ec0fc3498a456b190520549b31c3a3f230a462501da75bf47ba07c6af66,1.5,/home/yanbo/下载/batches/batch_person-fallen-v2-camera1p5m/manifest.json
238_n04-normal-seated-on-chair-stool-08.png,ai_generated,gpt-image-2,gpt-image-2,person-fallen-v2-camera1p5m,unknown,2026-08-26T15:12:40.959199+08:00,batch_person-fallen-v2-camera1p5m,/home/yanbo/下载/batches/batch_person-fallen-v2-camera1p5m/prompts/238_n04-normal-seated-on-chair-stool-08.txt,3f726dd26e560c04b41c152d0921586feb8dc5a3b3d46a03d909844f68335795,1.5,/home/yanbo/下载/batches/batch_person-fallen-v2-camera1p5m/manifest.json
239_n04-normal-seated-on-chair-stool-09.png,ai_generated,gpt-image-2,gpt-image-2,person-fallen-v2-camera1p5m,unknown,2026-08-26T15:12:40.959199+08:00,batch_person-fallen-v2-camera1p5m,/home/yanbo/下载/batches/batch_person-fallen-v2-camera1p5m/prompts/239_n04-normal-seated-on-chair-stool-09.txt,93c1bd64d47cdf676c8b16717f7858078ad6f0f67c39e59a7416074aa9522218,1.5,/home/yanbo/下载/batches/batch_person-fallen-v2-camera1p5m/manifest.json
23_p03-prone-on-floor-03.png,ai_generated,gpt-image-2,gpt-image-2,person-fallen-v2-camera1p5m,unknown,2026-08-26T15:12:40.959199+08:00,batch_person-fallen-v2-camera1p5m,/home/yanbo/下载/batches/batch_person-fallen-v2-camera1p5m/prompts/23_p03-prone-on-floor-03.txt,bd4f337f850716d078e3d01b294614bc3c6c2e7eb5545614afd186284287f0ae,1.5,/home/yanbo/下载/batches/batch_person-fallen-v2-camera1p5m/manifest.json
240_n04-normal-seated-on-chair-stool-10.png,ai_generated,gpt-image-2,gpt-image-2,person-fallen-v2-camera1p5m,unknown,2026-08-26T15:12:40.959199+08:00,batch_person-fallen-v2-camera1p5m,/home/yanbo/下载/batches/batch_person-fallen-v2-camera1p5m/prompts/240_n04-normal-seated-on-chair-stool-10.txt,a2ba46f0708c6396845714a59eb9882ff75f19a1975fb0fcdf9bc7e1b370da2c,1.5,/home/yanbo/下载/batches/batch_person-fallen-v2-camera1p5m/manifest.json
241_n05-normal-work-activity-01.png,ai_generated,gpt-image-2,gpt-image-2,person-fallen-v2-camera1p5m,unknown,2026-08-26T15:12:40.959199+08:00,batch_person-fallen-v2-camera1p5m,/home/yanbo/下载/batches/batch_person-fallen-v2-camera1p5m/prompts/241_n05-normal-work-activity-01.txt,782371f9eea254a38a0d228ecde98f7ea797e0b116bd57f484a3169e474e61bb,1.5,/home/yanbo/下载/batches/batch_person-fallen-v2-camera1p5m/manifest.json
242_n05-normal-work-activity-02.png,ai_generated,gpt-image-2,gpt-image-2,person-fallen-v2-camera1p5m,unknown,2026-08-26T15:12:40.959199+08:00,batch_person-fallen-v2-camera1p5m,/home/yanbo/下载/batches/batch_person-fallen-v2-camera1p5m/prompts/242_n05-normal-work-activity-02.txt,1223027963dcec91453c066909d231a5d67c08c114be67664889d5ea9236b930,1.5,/home/yanbo/下载/batches/batch_person-fallen-v2-camera1p5m/manifest.json
243_n05-normal-work-activity-03.png,ai_generated,gpt-image-2,gpt-image-2,person-fallen-v2-camera1p5m,unknown,2026-08-26T15:12:40.959199+08:00,batch_person-fallen-v2-camera1p5m,/home/yanbo/下载/batches/batch_person-fallen-v2-camera1p5m/prompts/243_n05-normal-work-activity-03.txt,6a1a516d461bd819171c83d08a23d405a34775e6ad84a2857c6af77994c29f5f,1.5,/home/yanbo/下载/batches/batch_person-fallen-v2-camera1p5m/manifest.json
244_n05-normal-work-activity-04.png,ai_generated,gpt-image-2,gpt-image-2,person-fallen-v2-camera1p5m,unknown,2026-08-26T15:12:40.959199+08:00,batch_person-fallen-v2-camera1p5m,/home/yanbo/下载/batches/batch_person-fallen-v2-camera1p5m/prompts/244_n05-normal-work-activity-04.txt,9de6fd3ae9405d1ee1ff9118ef262164cf6c3bc5da0229a2da7eed0aa51ea73f,1.5,/home/yanbo/下载/batches/batch_person-fallen-v2-camera1p5m/manifest.json
245_n05-normal-work-activity-05.png,ai_generated,gpt-image-2,gpt-image-2,person-fallen-v2-camera1p5m,unknown,2026-08-26T15:12:40.959199+08:00,batch_person-fallen-v2-camera1p5m,/home/yanbo/下载/batches/batch_person-fallen-v2-camera1p5m/prompts/245_n05-normal-work-activity-05.txt,3fee008435ef3dcfc1e9c7d112df238236544f398f613cd5b6ead6e2e19b68b2,1.5,/home/yanbo/下载/batches/batch_person-fallen-v2-camera1p5m/manifest.json
246_n05-normal-work-activity-06.png,ai_generated,gpt-image-2,gpt-image-2,person-fallen-v2-camera1p5m,unknown,2026-08-26T15:12:40.959199+08:00,batch_person-fallen-v2-camera1p5m,/home/yanbo/下载/batches/batch_person-fallen-v2-camera1p5m/prompts/246_n05-normal-work-activity-06.txt,a54736a0dde05951050b1c2a99201e9980838c6e667a81dd4dfbb87da5c06e89,1.5,/home/yanbo/下载/batches/batch_person-fallen-v2-camera1p5m/manifest.json
247_n05-normal-work-activity-07.png,ai_generated,gpt-image-2,gpt-image-2,person-fallen-v2-camera1p5m,unknown,2026-08-26T15:12:40.959199+08:00,batch_person-fallen-v2-camera1p5m,/home/yanbo/下载/batches/batch_person-fallen-v2-camera1p5m/prompts/247_n05-normal-work-activity-07.txt,3ce535893460574adf113df893e15e4b8462888cb05d689cbeb1a18e2ebd44c2,1.5,/home/yanbo/下载/batches/batch_person-fallen-v2-camera1p5m/manifest.json
248_n05-normal-work-activity-08.png,ai_generated,gpt-image-2,gpt-image-2,person-fallen-v2-camera1p5m,unknown,2026-08-26T15:12:40.959199+08:00,batch_person-fallen-v2-camera1p5m,/home/yanbo/下载/batches/batch_person-fallen-v2-camera1p5m/prompts/248_n05-normal-work-activity-08.txt,f02f7b36429c642e04f92c7e1d49542a858052a2f1e37d66d9f80f2d82610fca,1.5,/home/yanbo/下载/batches/batch_person-fallen-v2-camera1p5m/manifest.json
249_n05-normal-work-activity-09.png,ai_generated,gpt-image-2,gpt-image-2,person-fallen-v2-camera1p5m,unknown,2026-08-26T15:12:40.959199+08:00,batch_person-fallen-v2-camera1p5m,/home/yanbo/下载/batches/batch_person-fallen-v2-camera1p5m/prompts/249_n05-normal-work-activity-09.txt,867299d9e31078fae5d85a41e150e9654fb86cda45c15c82ec00b1f7968f9d40,1.5,/home/yanbo/下载/batches/batch_person-fallen-v2-camera1p5m/manifest.json
24_p03-prone-on-floor-04.png,ai_generated,gpt-image-2,gpt-image-2,person-fallen-v2-camera1p5m,unknown,2026-08-26T15:12:40.959199+08:00,batch_person-fallen-v2-camera1p5m,/home/yanbo/下载/batches/batch_person-fallen-v2-camera1p5m/prompts/24_p03-prone-on-floor-04.txt,3afeb315e26aa99f8b576fbaa0b83144c2e824be6a7fe87f3ae78400587328bd,1.5,/home/yanbo/下载/batches/batch_person-fallen-v2-camera1p5m/manifest.json
250_n05-normal-work-activity-10.png,ai_generated,gpt-image-2,gpt-image-2,person-fallen-v2-camera1p5m,unknown,2026-08-26T15:12:40.959199+08:00,batch_person-fallen-v2-camera1p5m,/home/yanbo/下载/batches/batch_person-fallen-v2-camera1p5m/prompts/250_n05-normal-work-activity-10.txt,4fbc8172496307bb83482d9f0d6e299c2f5c4d252104cb347f1a3830ecd8240d,1.5,/home/yanbo/下载/batches/batch_person-fallen-v2-camera1p5m/manifest.json
251_n06-normal-work-activity-01.png,ai_generated,gpt-image-2,gpt-image-2,person-fallen-v2-camera1p5m,unknown,2026-08-26T15:12:40.959199+08:00,batch_person-fallen-v2-camera1p5m,/home/yanbo/下载/batches/batch_person-fallen-v2-camera1p5m/prompts/251_n06-normal-work-activity-01.txt,680160337e9b5ea4846a15bd06a871986544eb2ed0ed413d3d59332e6e167e56,1.5,/home/yanbo/下载/batches/batch_person-fallen-v2-camera1p5m/manifest.json
252_n06-normal-work-activity-02.png,ai_generated,gpt-image-2,gpt-image-2,person-fallen-v2-camera1p5m,unknown,2026-08-26T15:12:40.959199+08:00,batch_person-fallen-v2-camera1p5m,/home/yanbo/下载/batches/batch_person-fallen-v2-camera1p5m/prompts/252_n06-normal-work-activity-02.txt,f4222a559b12ec4899d9bf04bffbb33e8c6098837bc0b294305d75ae27c7671f,1.5,/home/yanbo/下载/batches/batch_person-fallen-v2-camera1p5m/manifest.json
253_n06-normal-work-activity-03.png,ai_generated,gpt-image-2,gpt-image-2,person-fallen-v2-camera1p5m,unknown,2026-08-26T15:12:40.959199+08:00,batch_person-fallen-v2-camera1p5m,/home/yanbo/下载/batches/batch_person-fallen-v2-camera1p5m/prompts/253_n06-normal-work-activity-03.txt,8b1b35f6935aa3ad48cea5d793475adcb8e5d90cc14f4231979bb17b773bbb14,1.5,/home/yanbo/下载/batches/batch_person-fallen-v2-camera1p5m/manifest.json
254_n06-normal-work-activity-04.png,ai_generated,gpt-image-2,gpt-image-2,person-fallen-v2-camera1p5m,unknown,2026-08-26T15:12:40.959199+08:00,batch_person-fallen-v2-camera1p5m,/home/yanbo/下载/batches/batch_person-fallen-v2-camera1p5m/prompts/254_n06-normal-work-activity-04.txt,f6a5ecac419f4dd53bb11f6c86cc1325003b8c5631ab85ddb50b199636eaccef,1.5,/home/yanbo/下载/batches/batch_person-fallen-v2-camera1p5m/manifest.json
255_n06-normal-work-activity-05.png,ai_generated,gpt-image-2,gpt-image-2,person-fallen-v2-camera1p5m,unknown,2026-08-26T15:12:40.959199+08:00,batch_person-fallen-v2-camera1p5m,/home/yanbo/下载/batches/batch_person-fallen-v2-camera1p5m/prompts/255_n06-normal-work-activity-05.txt,362a1b1cf2b5e1ff3c8f9487e1b8039620b9c4d00040c6d7dc70b8b08ac7341c,1.5,/home/yanbo/下载/batches/batch_person-fallen-v2-camera1p5m/manifest.json
256_n06-normal-work-activity-06.png,ai_generated,gpt-image-2,gpt-image-2,person-fallen-v2-camera1p5m,unknown,2026-08-26T15:12:40.959199+08:00,batch_person-fallen-v2-camera1p5m,/home/yanbo/下载/batches/batch_person-fallen-v2-camera1p5m/prompts/256_n06-normal-work-activity-06.txt,8010f47a0904bfab81c0b718ba1606ee2d6e1133353157f70373539324174c1a,1.5,/home/yanbo/下载/batches/batch_person-fallen-v2-camera1p5m/manifest.json
257_n06-normal-work-activity-07.png,ai_generated,gpt-image-2,gpt-image-2,person-fallen-v2-camera1p5m,unknown,2026-08-26T15:12:40.959199+08:00,batch_person-fallen-v2-camera1p5m,/home/yanbo/下载/batches/batch_person-fallen-v2-camera1p5m/prompts/257_n06-normal-work-activity-07.txt,8907fdd343a606ea49d4607b6bcd837adfbc8a371bdf307cb46ae601b8f47df9,1.5,/home/yanbo/下载/batches/batch_person-fallen-v2-camera1p5m/manifest.json
258_n06-normal-work-activity-08.png,ai_generated,gpt-image-2,gpt-image-2,person-fallen-v2-camera1p5m,unknown,2026-08-26T15:12:40.959199+08:00,batch_person-fallen-v2-camera1p5m,/home/yanbo/下载/batches/batch_person-fallen-v2-camera1p5m/prompts/258_n06-normal-work-activity-08.txt,7a6f6ddf308b86d9381ef796b10b3d48859af8597ab24a5daba24a7c5eee522a,1.5,/home/yanbo/下载/batches/batch_person-fallen-v2-camera1p5m/manifest.json
259_n06-normal-work-activity-09.png,ai_generated,gpt-image-2,gpt-image-2,person-fallen-v2-camera1p5m,unknown,2026-08-26T15:12:40.959199+08:00,batch_person-fallen-v2-camera1p5m,/home/yanbo/下载/batches/batch_person-fallen-v2-camera1p5m/prompts/259_n06-normal-work-activity-09.txt,06ef84b9c1cf963f0881add0ff2d0f0651e9ec32c3a56253bcaac8ac4e7f783f,1.5,/home/yanbo/下载/batches/batch_person-fallen-v2-camera1p5m/manifest.json
25_p03-prone-on-floor-05.png,ai_generated,gpt-image-2,gpt-image-2,person-fallen-v2-camera1p5m,unknown,2026-08-26T15:12:40.959199+08:00,batch_person-fallen-v2-camera1p5m,/home/yanbo/下载/batches/batch_person-fallen-v2-camera1p5m/prompts/25_p03-prone-on-floor-05.txt,557a00e8f0ae115d40b3d827ced6a042d16cf552b325a5c183d5cd5be3b784db,1.5,/home/yanbo/下载/batches/batch_person-fallen-v2-camera1p5m/manifest.json
260_n06-normal-work-activity-10.png,ai_generated,gpt-image-2,gpt-image-2,person-fallen-v2-camera1p5m,unknown,2026-08-26T15:12:40.959199+08:00,batch_person-fallen-v2-camera1p5m,/home/yanbo/下载/batches/batch_person-fallen-v2-camera1p5m/prompts/260_n06-normal-work-activity-10.txt,bf794cd406cb8fd33dbec1fb073e83c6c9b552f9279c76f0f7bb7137a61d7f56,1.5,/home/yanbo/下载/batches/batch_person-fallen-v2-camera1p5m/manifest.json
261_n07-mild-bending-01.png,ai_generated,gpt-image-2,gpt-image-2,person-fallen-v2-camera1p5m,unknown,2026-08-26T15:12:40.959199+08:00,batch_person-fallen-v2-camera1p5m,/home/yanbo/下载/batches/batch_person-fallen-v2-camera1p5m/prompts/261_n07-mild-bending-01.txt,a666c24e7c1f2b5b4a852fa2255b28a0c72aaeb7a33d2ba61bf2aa40e8196811,1.5,/home/yanbo/下载/batches/batch_person-fallen-v2-camera1p5m/manifest.json
262_n07-mild-bending-02.png,ai_generated,gpt-image-2,gpt-image-2,person-fallen-v2-camera1p5m,unknown,2026-08-26T15:12:40.959199+08:00,batch_person-fallen-v2-camera1p5m,/home/yanbo/下载/batches/batch_person-fallen-v2-camera1p5m/prompts/262_n07-mild-bending-02.txt,c5de92c81141418b0ad512df79cc6f8de1166eb3f5c42ac72426b0ae24870ddd,1.5,/home/yanbo/下载/batches/batch_person-fallen-v2-camera1p5m/manifest.json
263_n07-mild-bending-03.png,ai_generated,gpt-image-2,gpt-image-2,person-fallen-v2-camera1p5m,unknown,2026-08-26T15:12:40.959199+08:00,batch_person-fallen-v2-camera1p5m,/home/yanbo/下载/batches/batch_person-fallen-v2-camera1p5m/prompts/263_n07-mild-bending-03.txt,6b473c1d7017988403a35f0feba976833db96c0e8e837d03d440374f9bdd79ef,1.5,/home/yanbo/下载/batches/batch_person-fallen-v2-camera1p5m/manifest.json
264_n07-mild-bending-04.png,ai_generated,gpt-image-2,gpt-image-2,person-fallen-v2-camera1p5m,unknown,2026-08-26T15:12:40.959199+08:00,batch_person-fallen-v2-camera1p5m,/home/yanbo/下载/batches/batch_person-fallen-v2-camera1p5m/prompts/264_n07-mild-bending-04.txt,b06c578599d3de04962851e930b1adccb39c82676c4f1cea75a4bfd4782e90b9,1.5,/home/yanbo/下载/batches/batch_person-fallen-v2-camera1p5m/manifest.json
265_n07-mild-bending-05.png,ai_generated,gpt-image-2,gpt-image-2,person-fallen-v2-camera1p5m,unknown,2026-08-26T15:12:40.959199+08:00,batch_person-fallen-v2-camera1p5m,/home/yanbo/下载/batches/batch_person-fallen-v2-camera1p5m/prompts/265_n07-mild-bending-05.txt,85e7a9bac80ad1785e0319a13b1be026a2996917815c15ff99ff318baf704f86,1.5,/home/yanbo/下载/batches/batch_person-fallen-v2-camera1p5m/manifest.json
266_n07-mild-bending-06.png,ai_generated,gpt-image-2,gpt-image-2,person-fallen-v2-camera1p5m,unknown,2026-08-26T15:12:40.959199+08:00,batch_person-fallen-v2-camera1p5m,/home/yanbo/下载/batches/batch_person-fallen-v2-camera1p5m/prompts/266_n07-mild-bending-06.txt,b9cffe2f522a051db999eb1fc27d2d37df53d806db2255ca5ab19c302a5f76ee,1.5,/home/yanbo/下载/batches/batch_person-fallen-v2-camera1p5m/manifest.json
267_n07-mild-bending-07.png,ai_generated,gpt-image-2,gpt-image-2,person-fallen-v2-camera1p5m,unknown,2026-08-26T15:12:40.959199+08:00,batch_person-fallen-v2-camera1p5m,/home/yanbo/下载/batches/batch_person-fallen-v2-camera1p5m/prompts/267_n07-mild-bending-07.txt,26dea217b78a54c6e054ba2267cdf76878744424fd2172066ce44eab3185574f,1.5,/home/yanbo/下载/batches/batch_person-fallen-v2-camera1p5m/manifest.json
268_n07-mild-bending-08.png,ai_generated,gpt-image-2,gpt-image-2,person-fallen-v2-camera1p5m,unknown,2026-08-26T15:12:40.959199+08:00,batch_person-fallen-v2-camera1p5m,/home/yanbo/下载/batches/batch_person-fallen-v2-camera1p5m/prompts/268_n07-mild-bending-08.txt,24968abee1bb82f75c5b1056a7bc0c665781c713e791da68bc88a38672ac94c1,1.5,/home/yanbo/下载/batches/batch_person-fallen-v2-camera1p5m/manifest.json
269_n07-mild-bending-09.png,ai_generated,gpt-image-2,gpt-image-2,person-fallen-v2-camera1p5m,unknown,2026-08-26T15:12:40.959199+08:00,batch_person-fallen-v2-camera1p5m,/home/yanbo/下载/batches/batch_person-fallen-v2-camera1p5m/prompts/269_n07-mild-bending-09.txt,5a147058021caa145e3f240de34c679ff2a960d57cccfe6f1ab584515514b934,1.5,/home/yanbo/下载/batches/batch_person-fallen-v2-camera1p5m/manifest.json
26_p03-prone-on-floor-06.png,ai_generated,gpt-image-2,gpt-image-2,person-fallen-v2-camera1p5m,unknown,2026-08-26T15:12:40.959199+08:00,batch_person-fallen-v2-camera1p5m,/home/yanbo/下载/batches/batch_person-fallen-v2-camera1p5m/prompts/26_p03-prone-on-floor-06.txt,82a6ef69bd5a46a4d18e618910e3c00131ddef244963a362bf5e980eb0811490,1.5,/home/yanbo/下载/batches/batch_person-fallen-v2-camera1p5m/manifest.json
270_n07-mild-bending-10.png,ai_generated,gpt-image-2,gpt-image-2,person-fallen-v2-camera1p5m,unknown,2026-08-26T15:12:40.959199+08:00,batch_person-fallen-v2-camera1p5m,/home/yanbo/下载/batches/batch_person-fallen-v2-camera1p5m/prompts/270_n07-mild-bending-10.txt,d49063311f909ccdab6ea139fbf0e7cd97a6ab8d689eb7e1c6c173ce5bfb5661,1.5,/home/yanbo/下载/batches/batch_person-fallen-v2-camera1p5m/manifest.json
271_n08-multi-person-normal-activity-01.png,ai_generated,gpt-image-2,gpt-image-2,person-fallen-v2-camera1p5m,unknown,2026-08-26T15:12:40.959199+08:00,batch_person-fallen-v2-camera1p5m,/home/yanbo/下载/batches/batch_person-fallen-v2-camera1p5m/prompts/271_n08-multi-person-normal-activity-01.txt,14b5c38e78aee1c2c9da1dc9bbf1b938350cf6cef52fe4fb6ef4c2ce9061a9d7,1.5,/home/yanbo/下载/batches/batch_person-fallen-v2-camera1p5m/manifest.json
272_n08-multi-person-normal-activity-02.png,ai_generated,gpt-image-2,gpt-image-2,person-fallen-v2-camera1p5m,unknown,2026-08-26T15:12:40.959199+08:00,batch_person-fallen-v2-camera1p5m,/home/yanbo/下载/batches/batch_person-fallen-v2-camera1p5m/prompts/272_n08-multi-person-normal-activity-02.txt,23b0a5d130b17a6ed56a236d2fac4a2b3c65691bad5833e877a83fbfb539d264,1.5,/home/yanbo/下载/batches/batch_person-fallen-v2-camera1p5m/manifest.json
273_n08-multi-person-normal-activity-03.png,ai_generated,gpt-image-2,gpt-image-2,person-fallen-v2-camera1p5m,unknown,2026-08-26T15:12:40.959199+08:00,batch_person-fallen-v2-camera1p5m,/home/yanbo/下载/batches/batch_person-fallen-v2-camera1p5m/prompts/273_n08-multi-person-normal-activity-03.txt,38f50a0a3c23e0d73713e928d4de16ef10afe344fb1c1c73e824f93590738fb8,1.5,/home/yanbo/下载/batches/batch_person-fallen-v2-camera1p5m/manifest.json
274_n08-multi-person-normal-activity-04.png,ai_generated,gpt-image-2,gpt-image-2,person-fallen-v2-camera1p5m,unknown,2026-08-26T15:12:40.959199+08:00,batch_person-fallen-v2-camera1p5m,/home/yanbo/下载/batches/batch_person-fallen-v2-camera1p5m/prompts/274_n08-multi-person-normal-activity-04.txt,eb9c51eb5475ac556debeb788bb2d9334f81d080e556256de792750785669861,1.5,/home/yanbo/下载/batches/batch_person-fallen-v2-camera1p5m/manifest.json
275_n08-multi-person-normal-activity-05.png,ai_generated,gpt-image-2,gpt-image-2,person-fallen-v2-camera1p5m,unknown,2026-08-26T15:12:40.959199+08:00,batch_person-fallen-v2-camera1p5m,/home/yanbo/下载/batches/batch_person-fallen-v2-camera1p5m/prompts/275_n08-multi-person-normal-activity-05.txt,968e6c1cc13578e425cb9fefec440590e81dac60279bf64f65ef735e219744e2,1.5,/home/yanbo/下载/batches/batch_person-fallen-v2-camera1p5m/manifest.json
276_n08-multi-person-normal-activity-06.png,ai_generated,gpt-image-2,gpt-image-2,person-fallen-v2-camera1p5m,unknown,2026-08-26T15:12:40.959199+08:00,batch_person-fallen-v2-camera1p5m,/home/yanbo/下载/batches/batch_person-fallen-v2-camera1p5m/prompts/276_n08-multi-person-normal-activity-06.txt,c0dcf1bb80d13d7f7254b6656613471ffe3a4d3481cb27c49517e9b5e567c92d,1.5,/home/yanbo/下载/batches/batch_person-fallen-v2-camera1p5m/manifest.json
277_n08-multi-person-normal-activity-07.png,ai_generated,gpt-image-2,gpt-image-2,person-fallen-v2-camera1p5m,unknown,2026-08-26T15:12:40.959199+08:00,batch_person-fallen-v2-camera1p5m,/home/yanbo/下载/batches/batch_person-fallen-v2-camera1p5m/prompts/277_n08-multi-person-normal-activity-07.txt,c47f65f75e00bbdc0b4a26215c097470a70abd2a79292cfd055196b42aec0894,1.5,/home/yanbo/下载/batches/batch_person-fallen-v2-camera1p5m/manifest.json
278_n08-multi-person-normal-activity-08.png,ai_generated,gpt-image-2,gpt-image-2,person-fallen-v2-camera1p5m,unknown,2026-08-26T15:12:40.959199+08:00,batch_person-fallen-v2-camera1p5m,/home/yanbo/下载/batches/batch_person-fallen-v2-camera1p5m/prompts/278_n08-multi-person-normal-activity-08.txt,9a20481a3375043c9ef0dfb7dc9ebd2c023b082c87898815ba3fe42ea377ea43,1.5,/home/yanbo/下载/batches/batch_person-fallen-v2-camera1p5m/manifest.json
279_n08-multi-person-normal-activity-09.png,ai_generated,gpt-image-2,gpt-image-2,person-fallen-v2-camera1p5m,unknown,2026-08-26T15:12:40.959199+08:00,batch_person-fallen-v2-camera1p5m,/home/yanbo/下载/batches/batch_person-fallen-v2-camera1p5m/prompts/279_n08-multi-person-normal-activity-09.txt,dac8aeb0f77df227eee8db5debfef99d7a0f3f0174d7c0b7803d967c30351deb,1.5,/home/yanbo/下载/batches/batch_person-fallen-v2-camera1p5m/manifest.json
27_p03-prone-on-floor-07.png,ai_generated,gpt-image-2,gpt-image-2,person-fallen-v2-camera1p5m,unknown,2026-08-26T15:12:40.959199+08:00,batch_person-fallen-v2-camera1p5m,/home/yanbo/下载/batches/batch_person-fallen-v2-camera1p5m/prompts/27_p03-prone-on-floor-07.txt,069a1407727b7bc0060238dd162129e5bf90c906ac59cb49ff3a525e9f0924c4,1.5,/home/yanbo/下载/batches/batch_person-fallen-v2-camera1p5m/manifest.json
280_n08-multi-person-normal-activity-10.png,ai_generated,gpt-image-2,gpt-image-2,person-fallen-v2-camera1p5m,unknown,2026-08-26T15:12:40.959199+08:00,batch_person-fallen-v2-camera1p5m,/home/yanbo/下载/batches/batch_person-fallen-v2-camera1p5m/prompts/280_n08-multi-person-normal-activity-10.txt,904db8303ab4098488da0a91d918b6802216bc9576772f5bd366c091d32b7265,1.5,/home/yanbo/下载/batches/batch_person-fallen-v2-camera1p5m/manifest.json
281_n09-empty-ordinary-environment-01.png,ai_generated,gpt-image-2,gpt-image-2,person-fallen-v2-camera1p5m,unknown,2026-08-26T15:12:40.959199+08:00,batch_person-fallen-v2-camera1p5m,/home/yanbo/下载/batches/batch_person-fallen-v2-camera1p5m/prompts/281_n09-empty-ordinary-environment-01.txt,e21d7e3ececcb82b44d78cb4cec13bb6e78ede27d87b028d4d3dba9b153b510b,1.5,/home/yanbo/下载/batches/batch_person-fallen-v2-camera1p5m/manifest.json
282_n09-empty-ordinary-environment-02.png,ai_generated,gpt-image-2,gpt-image-2,person-fallen-v2-camera1p5m,unknown,2026-08-26T15:12:40.959199+08:00,batch_person-fallen-v2-camera1p5m,/home/yanbo/下载/batches/batch_person-fallen-v2-camera1p5m/prompts/282_n09-empty-ordinary-environment-02.txt,7d6ecfdde27b49b97ce2e5216f98c061babd8103c1b18fac117ab1ae804be668,1.5,/home/yanbo/下载/batches/batch_person-fallen-v2-camera1p5m/manifest.json
283_n09-empty-ordinary-environment-03.png,ai_generated,gpt-image-2,gpt-image-2,person-fallen-v2-camera1p5m,unknown,2026-08-26T15:12:40.959199+08:00,batch_person-fallen-v2-camera1p5m,/home/yanbo/下载/batches/batch_person-fallen-v2-camera1p5m/prompts/283_n09-empty-ordinary-environment-03.txt,2ec82aea56cf1417739c1c969518ce69290904e8b2e49987cfdeb761e68b4514,1.5,/home/yanbo/下载/batches/batch_person-fallen-v2-camera1p5m/manifest.json
284_n09-empty-ordinary-environment-04.png,ai_generated,gpt-image-2,gpt-image-2,person-fallen-v2-camera1p5m,unknown,2026-08-26T15:12:40.959199+08:00,batch_person-fallen-v2-camera1p5m,/home/yanbo/下载/batches/batch_person-fallen-v2-camera1p5m/prompts/284_n09-empty-ordinary-environment-04.txt,53a7646748fd2035555cbeb1b5b8fdbb62835feb1544c55b78e2bdcf6cd21ad6,1.5,/home/yanbo/下载/batches/batch_person-fallen-v2-camera1p5m/manifest.json
285_n09-empty-ordinary-environment-05.png,ai_generated,gpt-image-2,gpt-image-2,person-fallen-v2-camera1p5m,unknown,2026-08-26T15:12:40.959199+08:00,batch_person-fallen-v2-camera1p5m,/home/yanbo/下载/batches/batch_person-fallen-v2-camera1p5m/prompts/285_n09-empty-ordinary-environment-05.txt,fc6806e0db0e7bf71fcbef9a9db439dcf5167d6b8d97016ed02dfee59b3cbe51,1.5,/home/yanbo/下载/batches/batch_person-fallen-v2-camera1p5m/manifest.json
286_n09-empty-ordinary-environment-06.png,ai_generated,gpt-image-2,gpt-image-2,person-fallen-v2-camera1p5m,unknown,2026-08-26T15:12:40.959199+08:00,batch_person-fallen-v2-camera1p5m,/home/yanbo/下载/batches/batch_person-fallen-v2-camera1p5m/prompts/286_n09-empty-ordinary-environment-06.txt,6bbfed5df2d00c97332dfc709de35433845da95ea380345d9e4bd6787d35d682,1.5,/home/yanbo/下载/batches/batch_person-fallen-v2-camera1p5m/manifest.json
287_n09-empty-ordinary-environment-07.png,ai_generated,gpt-image-2,gpt-image-2,person-fallen-v2-camera1p5m,unknown,2026-08-26T15:12:40.959199+08:00,batch_person-fallen-v2-camera1p5m,/home/yanbo/下载/batches/batch_person-fallen-v2-camera1p5m/prompts/287_n09-empty-ordinary-environment-07.txt,73ab703f41a816b8b6840019471336dcfd342579bfa03c1859da98a4c9f2dfba,1.5,/home/yanbo/下载/batches/batch_person-fallen-v2-camera1p5m/manifest.json
288_n09-empty-ordinary-environment-08.png,ai_generated,gpt-image-2,gpt-image-2,person-fallen-v2-camera1p5m,unknown,2026-08-26T15:12:40.959199+08:00,batch_person-fallen-v2-camera1p5m,/home/yanbo/下载/batches/batch_person-fallen-v2-camera1p5m/prompts/288_n09-empty-ordinary-environment-08.txt,071ec8689953f20c358b837a5501cec6bec212dc0be30e77a40734a5e94b8df2,1.5,/home/yanbo/下载/batches/batch_person-fallen-v2-camera1p5m/manifest.json
289_n09-empty-ordinary-environment-09.png,ai_generated,gpt-image-2,gpt-image-2,person-fallen-v2-camera1p5m,unknown,2026-08-26T15:12:40.959199+08:00,batch_person-fallen-v2-camera1p5m,/home/yanbo/下载/batches/batch_person-fallen-v2-camera1p5m/prompts/289_n09-empty-ordinary-environment-09.txt,e176cdfbabba8263fa5ca6bd23e6f52361c5385538adc96472814cb130251546,1.5,/home/yanbo/下载/batches/batch_person-fallen-v2-camera1p5m/manifest.json
28_p03-prone-on-floor-08.png,ai_generated,gpt-image-2,gpt-image-2,person-fallen-v2-camera1p5m,unknown,2026-08-26T15:12:40.959199+08:00,batch_person-fallen-v2-camera1p5m,/home/yanbo/下载/batches/batch_person-fallen-v2-camera1p5m/prompts/28_p03-prone-on-floor-08.txt,e2d1b1813fad5dc55c2c485d2f96316c75d3840bb8c9880f318c0803c45e6066,1.5,/home/yanbo/下载/batches/batch_person-fallen-v2-camera1p5m/manifest.json
290_n09-empty-ordinary-environment-10.png,ai_generated,gpt-image-2,gpt-image-2,person-fallen-v2-camera1p5m,unknown,2026-08-26T15:12:40.959199+08:00,batch_person-fallen-v2-camera1p5m,/home/yanbo/下载/batches/batch_person-fallen-v2-camera1p5m/prompts/290_n09-empty-ordinary-environment-10.txt,f480ee9cc6250d8ad33840c31172750e2c618ddecb94b96f698edc1a171f1f59,1.5,/home/yanbo/下载/batches/batch_person-fallen-v2-camera1p5m/manifest.json
291_n10-empty-ordinary-environment-01.png,ai_generated,gpt-image-2,gpt-image-2,person-fallen-v2-camera1p5m,unknown,2026-08-26T15:12:40.959199+08:00,batch_person-fallen-v2-camera1p5m,/home/yanbo/下载/batches/batch_person-fallen-v2-camera1p5m/prompts/291_n10-empty-ordinary-environment-01.txt,e7d1624f93cfaa72da23dcb4684b219860375aa834f17273921af9e5498d596c,1.5,/home/yanbo/下载/batches/batch_person-fallen-v2-camera1p5m/manifest.json
292_n10-empty-ordinary-environment-02.png,ai_generated,gpt-image-2,gpt-image-2,person-fallen-v2-camera1p5m,unknown,2026-08-26T15:12:40.959199+08:00,batch_person-fallen-v2-camera1p5m,/home/yanbo/下载/batches/batch_person-fallen-v2-camera1p5m/prompts/292_n10-empty-ordinary-environment-02.txt,dfcebe9d9fcb7b23b89ea2d6222ce97bd6c508e7d3a9245d8c6d1244ed392b19,1.5,/home/yanbo/下载/batches/batch_person-fallen-v2-camera1p5m/manifest.json
293_n10-empty-ordinary-environment-03.png,ai_generated,gpt-image-2,gpt-image-2,person-fallen-v2-camera1p5m,unknown,2026-08-26T15:12:40.959199+08:00,batch_person-fallen-v2-camera1p5m,/home/yanbo/下载/batches/batch_person-fallen-v2-camera1p5m/prompts/293_n10-empty-ordinary-environment-03.txt,e20597d9fde8e5d957407cc7074b7a54ca543298b9f575e424e825c5442db087,1.5,/home/yanbo/下载/batches/batch_person-fallen-v2-camera1p5m/manifest.json
294_n10-empty-ordinary-environment-04.png,ai_generated,gpt-image-2,gpt-image-2,person-fallen-v2-camera1p5m,unknown,2026-08-26T15:12:40.959199+08:00,batch_person-fallen-v2-camera1p5m,/home/yanbo/下载/batches/batch_person-fallen-v2-camera1p5m/prompts/294_n10-empty-ordinary-environment-04.txt,a0fccf295410ae9c823eb1babcf69901993e17076b073a261278a32632a6dfa3,1.5,/home/yanbo/下载/batches/batch_person-fallen-v2-camera1p5m/manifest.json
295_n10-empty-ordinary-environment-05.png,ai_generated,gpt-image-2,gpt-image-2,person-fallen-v2-camera1p5m,unknown,2026-08-26T15:12:40.959199+08:00,batch_person-fallen-v2-camera1p5m,/home/yanbo/下载/batches/batch_person-fallen-v2-camera1p5m/prompts/295_n10-empty-ordinary-environment-05.txt,0e7dbac157ba9810dbefbc8d9bf0982a57c2111a94fb8dbda7bece2b54cd4aa8,1.5,/home/yanbo/下载/batches/batch_person-fallen-v2-camera1p5m/manifest.json
296_n10-empty-ordinary-environment-06.png,ai_generated,gpt-image-2,gpt-image-2,person-fallen-v2-camera1p5m,unknown,2026-08-26T15:12:40.959199+08:00,batch_person-fallen-v2-camera1p5m,/home/yanbo/下载/batches/batch_person-fallen-v2-camera1p5m/prompts/296_n10-empty-ordinary-environment-06.txt,4c51ef950d520b5ce84ce490c0d4ef52a141a3ca3ad1a5e39cef1c3d969aefb1,1.5,/home/yanbo/下载/batches/batch_person-fallen-v2-camera1p5m/manifest.json
297_n10-empty-ordinary-environment-07.png,ai_generated,gpt-image-2,gpt-image-2,person-fallen-v2-camera1p5m,unknown,2026-08-26T15:12:40.959199+08:00,batch_person-fallen-v2-camera1p5m,/home/yanbo/下载/batches/batch_person-fallen-v2-camera1p5m/prompts/297_n10-empty-ordinary-environment-07.txt,79ffda9b0c48d7e0f95d505d949ce38c2852d7fdf3eb0716cdb082c70be63a75,1.5,/home/yanbo/下载/batches/batch_person-fallen-v2-camera1p5m/manifest.json
298_n10-empty-ordinary-environment-08.png,ai_generated,gpt-image-2,gpt-image-2,person-fallen-v2-camera1p5m,unknown,2026-08-26T15:12:40.959199+08:00,batch_person-fallen-v2-camera1p5m,/home/yanbo/下载/batches/batch_person-fallen-v2-camera1p5m/prompts/298_n10-empty-ordinary-environment-08.txt,18bb228b79a30f4fcf7f8ddb01c82c59a950d92c01e1599c97bfbbe2f02b7de1,1.5,/home/yanbo/下载/batches/batch_person-fallen-v2-camera1p5m/manifest.json
299_n10-empty-ordinary-environment-09.png,ai_generated,gpt-image-2,gpt-image-2,person-fallen-v2-camera1p5m,unknown,2026-08-26T15:12:40.959199+08:00,batch_person-fallen-v2-camera1p5m,/home/yanbo/下载/batches/batch_person-fallen-v2-camera1p5m/prompts/299_n10-empty-ordinary-environment-09.txt,68b245412b04a5e444d7c8fd16a5f02e603ceffb173827725e921a45de9150b8,1.5,/home/yanbo/下载/batches/batch_person-fallen-v2-camera1p5m/manifest.json
29_p03-prone-on-floor-09.png,ai_generated,gpt-image-2,gpt-image-2,person-fallen-v2-camera1p5m,unknown,2026-08-26T15:12:40.959199+08:00,batch_person-fallen-v2-camera1p5m,/home/yanbo/下载/batches/batch_person-fallen-v2-camera1p5m/prompts/29_p03-prone-on-floor-09.txt,65061ebf715ad83d65699016b726f9ad39453bf616c01e6732f16a48f1d7ed34,1.5,/home/yanbo/下载/batches/batch_person-fallen-v2-camera1p5m/manifest.json
300_n10-empty-ordinary-environment-10.png,ai_generated,gpt-image-2,gpt-image-2,person-fallen-v2-camera1p5m,unknown,2026-08-26T15:12:40.959199+08:00,batch_person-fallen-v2-camera1p5m,/home/yanbo/下载/batches/batch_person-fallen-v2-camera1p5m/prompts/300_n10-empty-ordinary-environment-10.txt,dc6c6a698ece776d0953235397c917212bdd1a00f6691de91235ee82add55f0d,1.5,/home/yanbo/下载/batches/batch_person-fallen-v2-camera1p5m/manifest.json
301_h01-sitting-on-floor-01.png,ai_generated,gpt-image-2,gpt-image-2,person-fallen-v2-camera1p5m,unknown,2026-08-26T15:12:40.959199+08:00,batch_person-fallen-v2-camera1p5m,/home/yanbo/下载/batches/batch_person-fallen-v2-camera1p5m/prompts/301_h01-sitting-on-floor-01.txt,f53d4fbdabfb953bc5195743b9e6574c2f4d6fdb694315bbbd7449214be8c1cc,1.5,/home/yanbo/下载/batches/batch_person-fallen-v2-camera1p5m/manifest.json
302_h01-sitting-on-floor-02.png,ai_generated,gpt-image-2,gpt-image-2,person-fallen-v2-camera1p5m,unknown,2026-08-26T15:12:40.959199+08:00,batch_person-fallen-v2-camera1p5m,/home/yanbo/下载/batches/batch_person-fallen-v2-camera1p5m/prompts/302_h01-sitting-on-floor-02.txt,d092704b65052298cb8d9fb121787c417c27f514b5512e01cbd41e5abf228376,1.5,/home/yanbo/下载/batches/batch_person-fallen-v2-camera1p5m/manifest.json
303_h01-sitting-on-floor-03.png,ai_generated,gpt-image-2,gpt-image-2,person-fallen-v2-camera1p5m,unknown,2026-08-26T15:12:40.959199+08:00,batch_person-fallen-v2-camera1p5m,/home/yanbo/下载/batches/batch_person-fallen-v2-camera1p5m/prompts/303_h01-sitting-on-floor-03.txt,56a3649349223f241a23ad81e505012bf809ee2f6d1ca4bfb3c3b31efe70cd77,1.5,/home/yanbo/下载/batches/batch_person-fallen-v2-camera1p5m/manifest.json
304_h01-sitting-on-floor-04.png,ai_generated,gpt-image-2,gpt-image-2,person-fallen-v2-camera1p5m,unknown,2026-08-26T15:12:40.959199+08:00,batch_person-fallen-v2-camera1p5m,/home/yanbo/下载/batches/batch_person-fallen-v2-camera1p5m/prompts/304_h01-sitting-on-floor-04.txt,baa5ce4b1091059d4ce970693dc4c8fd40b936402795060f55e1f8b527a8cf84,1.5,/home/yanbo/下载/batches/batch_person-fallen-v2-camera1p5m/manifest.json
305_h01-sitting-on-floor-05.png,ai_generated,gpt-image-2,gpt-image-2,person-fallen-v2-camera1p5m,unknown,2026-08-26T15:12:40.959199+08:00,batch_person-fallen-v2-camera1p5m,/home/yanbo/下载/batches/batch_person-fallen-v2-camera1p5m/prompts/305_h01-sitting-on-floor-05.txt,6d534c9bb889259c656de1c622386ff46f4410bc76f0142d2337d5fe8b909781,1.5,/home/yanbo/下载/batches/batch_person-fallen-v2-camera1p5m/manifest.json
306_h01-sitting-on-floor-06.png,ai_generated,gpt-image-2,gpt-image-2,person-fallen-v2-camera1p5m,unknown,2026-08-26T15:12:40.959199+08:00,batch_person-fallen-v2-camera1p5m,/home/yanbo/下载/batches/batch_person-fallen-v2-camera1p5m/prompts/306_h01-sitting-on-floor-06.txt,9b453d26978f6600000458aa4b5b78454da80bf15d9773289eed341a9b799717,1.5,/home/yanbo/下载/batches/batch_person-fallen-v2-camera1p5m/manifest.json
307_h01-sitting-on-floor-07.png,ai_generated,gpt-image-2,gpt-image-2,person-fallen-v2-camera1p5m,unknown,2026-08-26T15:12:40.959199+08:00,batch_person-fallen-v2-camera1p5m,/home/yanbo/下载/batches/batch_person-fallen-v2-camera1p5m/prompts/307_h01-sitting-on-floor-07.txt,a93a0c7e45ef6c5999f3afc9ed9386e14367a27e41f3cbc1326d2fdc51ad96bb,1.5,/home/yanbo/下载/batches/batch_person-fallen-v2-camera1p5m/manifest.json
308_h01-sitting-on-floor-08.png,ai_generated,gpt-image-2,gpt-image-2,person-fallen-v2-camera1p5m,unknown,2026-08-26T15:12:40.959199+08:00,batch_person-fallen-v2-camera1p5m,/home/yanbo/下载/batches/batch_person-fallen-v2-camera1p5m/prompts/308_h01-sitting-on-floor-08.txt,98119d22c1c103dcd3efc0dc9c6602fd1747ca21018ed75a78ed727284791374,1.5,/home/yanbo/下载/batches/batch_person-fallen-v2-camera1p5m/manifest.json
309_h01-sitting-on-floor-09.png,ai_generated,gpt-image-2,gpt-image-2,person-fallen-v2-camera1p5m,unknown,2026-08-26T15:12:40.959199+08:00,batch_person-fallen-v2-camera1p5m,/home/yanbo/下载/batches/batch_person-fallen-v2-camera1p5m/prompts/309_h01-sitting-on-floor-09.txt,0761a3f3c3b52a37237e6cd50240dc9f0e83a9456413dc19a9a9d1a60e3ea312,1.5,/home/yanbo/下载/batches/batch_person-fallen-v2-camera1p5m/manifest.json
30_p03-prone-on-floor-10.png,ai_generated,gpt-image-2,gpt-image-2,person-fallen-v2-camera1p5m,unknown,2026-08-26T15:12:40.959199+08:00,batch_person-fallen-v2-camera1p5m,/home/yanbo/下载/batches/batch_person-fallen-v2-camera1p5m/prompts/30_p03-prone-on-floor-10.txt,74be16d00249bc2b5a34f514c3142a2587e5ca7bba8732256c341956ed880cec,1.5,/home/yanbo/下载/batches/batch_person-fallen-v2-camera1p5m/manifest.json
310_h01-sitting-on-floor-10.png,ai_generated,gpt-image-2,gpt-image-2,person-fallen-v2-camera1p5m,unknown,2026-08-26T15:12:40.959199+08:00,batch_person-fallen-v2-camera1p5m,/home/yanbo/下载/batches/batch_person-fallen-v2-camera1p5m/prompts/310_h01-sitting-on-floor-10.txt,c91e8bb07b3571e932084867336acfb0091000b4992e1a9e7f3c6fe3f570b65f,1.5,/home/yanbo/下载/batches/batch_person-fallen-v2-camera1p5m/manifest.json
311_h02-sitting-on-floor-01.png,ai_generated,gpt-image-2,gpt-image-2,person-fallen-v2-camera1p5m,unknown,2026-08-26T15:12:40.959199+08:00,batch_person-fallen-v2-camera1p5m,/home/yanbo/下载/batches/batch_person-fallen-v2-camera1p5m/prompts/311_h02-sitting-on-floor-01.txt,3fa1db199a0cddb648594d401a005be8a99dfe91b47fa37c3efd9f78209be731,1.5,/home/yanbo/下载/batches/batch_person-fallen-v2-camera1p5m/manifest.json
312_h02-sitting-on-floor-02.png,ai_generated,gpt-image-2,gpt-image-2,person-fallen-v2-camera1p5m,unknown,2026-08-26T15:12:40.959199+08:00,batch_person-fallen-v2-camera1p5m,/home/yanbo/下载/batches/batch_person-fallen-v2-camera1p5m/prompts/312_h02-sitting-on-floor-02.txt,575380327386f8c68f43795656cf0daf5135ba021f87557614c233643bca0b4e,1.5,/home/yanbo/下载/batches/batch_person-fallen-v2-camera1p5m/manifest.json
313_h02-sitting-on-floor-03.png,ai_generated,gpt-image-2,gpt-image-2,person-fallen-v2-camera1p5m,unknown,2026-08-26T15:12:40.959199+08:00,batch_person-fallen-v2-camera1p5m,/home/yanbo/下载/batches/batch_person-fallen-v2-camera1p5m/prompts/313_h02-sitting-on-floor-03.txt,f0da130144c6c9c7badf5f352bc1dd4e3da6c4fd28e95d964ec07dc93902e243,1.5,/home/yanbo/下载/batches/batch_person-fallen-v2-camera1p5m/manifest.json
314_h02-sitting-on-floor-04.png,ai_generated,gpt-image-2,gpt-image-2,person-fallen-v2-camera1p5m,unknown,2026-08-26T15:12:40.959199+08:00,batch_person-fallen-v2-camera1p5m,/home/yanbo/下载/batches/batch_person-fallen-v2-camera1p5m/prompts/314_h02-sitting-on-floor-04.txt,8abc900812d578212771f4ab28156759515d8f997a508afff0145181fb9183e5,1.5,/home/yanbo/下载/batches/batch_person-fallen-v2-camera1p5m/manifest.json
315_h02-sitting-on-floor-05.png,ai_generated,gpt-image-2,gpt-image-2,person-fallen-v2-camera1p5m,unknown,2026-08-26T15:12:40.959199+08:00,batch_person-fallen-v2-camera1p5m,/home/yanbo/下载/batches/batch_person-fallen-v2-camera1p5m/prompts/315_h02-sitting-on-floor-05.txt,20f1333108a4115c078abb21cda428697ace7af53fa89944a05dbff99490622e,1.5,/home/yanbo/下载/batches/batch_person-fallen-v2-camera1p5m/manifest.json
316_h02-sitting-on-floor-06.png,ai_generated,gpt-image-2,gpt-image-2,person-fallen-v2-camera1p5m,unknown,2026-08-26T15:12:40.959199+08:00,batch_person-fallen-v2-camera1p5m,/home/yanbo/下载/batches/batch_person-fallen-v2-camera1p5m/prompts/316_h02-sitting-on-floor-06.txt,999d3022bd85941bfeb8febed5d2c9943c294edc28d36488e28ae02e342a9fd7,1.5,/home/yanbo/下载/batches/batch_person-fallen-v2-camera1p5m/manifest.json
317_h02-sitting-on-floor-07.png,ai_generated,gpt-image-2,gpt-image-2,person-fallen-v2-camera1p5m,unknown,2026-08-26T15:12:40.959199+08:00,batch_person-fallen-v2-camera1p5m,/home/yanbo/下载/batches/batch_person-fallen-v2-camera1p5m/prompts/317_h02-sitting-on-floor-07.txt,a7906e74ebd43c252e0e46e59d4383cdac9b349a74d8649e61d003a316e4c4d7,1.5,/home/yanbo/下载/batches/batch_person-fallen-v2-camera1p5m/manifest.json
318_h02-sitting-on-floor-08.png,ai_generated,gpt-image-2,gpt-image-2,person-fallen-v2-camera1p5m,unknown,2026-08-26T15:12:40.959199+08:00,batch_person-fallen-v2-camera1p5m,/home/yanbo/下载/batches/batch_person-fallen-v2-camera1p5m/prompts/318_h02-sitting-on-floor-08.txt,76546032bb15e85f574daed5acf7d413364fba659eea78dae6af992179c3f6eb,1.5,/home/yanbo/下载/batches/batch_person-fallen-v2-camera1p5m/manifest.json
319_h02-sitting-on-floor-09.png,ai_generated,gpt-image-2,gpt-image-2,person-fallen-v2-camera1p5m,unknown,2026-08-26T15:12:40.959199+08:00,batch_person-fallen-v2-camera1p5m,/home/yanbo/下载/batches/batch_person-fallen-v2-camera1p5m/prompts/319_h02-sitting-on-floor-09.txt,4ed8d3f6c162d61ff48d37d5a665a36e1b62686a8de94356db89985598c60767,1.5,/home/yanbo/下载/batches/batch_person-fallen-v2-camera1p5m/manifest.json
31_p04-prone-on-floor-01.png,ai_generated,gpt-image-2,gpt-image-2,person-fallen-v2-camera1p5m,unknown,2026-08-26T15:12:40.959199+08:00,batch_person-fallen-v2-camera1p5m,/home/yanbo/下载/batches/batch_person-fallen-v2-camera1p5m/prompts/31_p04-prone-on-floor-01.txt,950f1d629a056472236b0d35434bd68e21126c2bebf348640f486ac25f231ec4,1.5,/home/yanbo/下载/batches/batch_person-fallen-v2-camera1p5m/manifest.json
320_h02-sitting-on-floor-10.png,ai_generated,gpt-image-2,gpt-image-2,person-fallen-v2-camera1p5m,unknown,2026-08-26T15:12:40.959199+08:00,batch_person-fallen-v2-camera1p5m,/home/yanbo/下载/batches/batch_person-fallen-v2-camera1p5m/prompts/320_h02-sitting-on-floor-10.txt,2bab1122f652dd8d905e2d9b73147137f864190ad442f4f0c4e01862dc1397c4,1.5,/home/yanbo/下载/batches/batch_person-fallen-v2-camera1p5m/manifest.json
321_h03-kneeling-01.png,ai_generated,gpt-image-2,gpt-image-2,person-fallen-v2-camera1p5m,unknown,2026-08-26T15:12:40.959199+08:00,batch_person-fallen-v2-camera1p5m,/home/yanbo/下载/batches/batch_person-fallen-v2-camera1p5m/prompts/321_h03-kneeling-01.txt,287e1318dbc2df9c1d1eaf8d9f26f8c9efa184db5f28d9cfe4c2abe4579a2d95,1.5,/home/yanbo/下载/batches/batch_person-fallen-v2-camera1p5m/manifest.json
322_h03-kneeling-02.png,ai_generated,gpt-image-2,gpt-image-2,person-fallen-v2-camera1p5m,unknown,2026-08-26T15:12:40.959199+08:00,batch_person-fallen-v2-camera1p5m,/home/yanbo/下载/batches/batch_person-fallen-v2-camera1p5m/prompts/322_h03-kneeling-02.txt,6e2e09708761eeabc367bc17c93399074c434c07b7e37ca18e9820beee5876d4,1.5,/home/yanbo/下载/batches/batch_person-fallen-v2-camera1p5m/manifest.json
323_h03-kneeling-03.png,ai_generated,gpt-image-2,gpt-image-2,person-fallen-v2-camera1p5m,unknown,2026-08-26T15:12:40.959199+08:00,batch_person-fallen-v2-camera1p5m,/home/yanbo/下载/batches/batch_person-fallen-v2-camera1p5m/prompts/323_h03-kneeling-03.txt,accb6adba45eb647efce749ede67c500deb9c20f6ba900936c98233e518872c3,1.5,/home/yanbo/下载/batches/batch_person-fallen-v2-camera1p5m/manifest.json
324_h03-kneeling-04.png,ai_generated,gpt-image-2,gpt-image-2,person-fallen-v2-camera1p5m,unknown,2026-08-26T15:12:40.959199+08:00,batch_person-fallen-v2-camera1p5m,/home/yanbo/下载/batches/batch_person-fallen-v2-camera1p5m/prompts/324_h03-kneeling-04.txt,3df1cfcb6d576152ae9ee6e4a27801ba3d483c16eb6af289f230ad60357d8989,1.5,/home/yanbo/下载/batches/batch_person-fallen-v2-camera1p5m/manifest.json
325_h03-kneeling-05.png,ai_generated,gpt-image-2,gpt-image-2,person-fallen-v2-camera1p5m,unknown,2026-08-26T15:12:40.959199+08:00,batch_person-fallen-v2-camera1p5m,/home/yanbo/下载/batches/batch_person-fallen-v2-camera1p5m/prompts/325_h03-kneeling-05.txt,793712fdfa7c788f6d87350184fd3fc1d186177b82a7ba5c5b57e436a9a21712,1.5,/home/yanbo/下载/batches/batch_person-fallen-v2-camera1p5m/manifest.json
326_h03-kneeling-06.png,ai_generated,gpt-image-2,gpt-image-2,person-fallen-v2-camera1p5m,unknown,2026-08-26T15:12:40.959199+08:00,batch_person-fallen-v2-camera1p5m,/home/yanbo/下载/batches/batch_person-fallen-v2-camera1p5m/prompts/326_h03-kneeling-06.txt,2b23dd940e59c88519a5a62f54e8259798f97a670db1e904bc23d4717ad71ced,1.5,/home/yanbo/下载/batches/batch_person-fallen-v2-camera1p5m/manifest.json
327_h03-kneeling-07.png,ai_generated,gpt-image-2,gpt-image-2,person-fallen-v2-camera1p5m,unknown,2026-08-26T15:12:40.959199+08:00,batch_person-fallen-v2-camera1p5m,/home/yanbo/下载/batches/batch_person-fallen-v2-camera1p5m/prompts/327_h03-kneeling-07.txt,cc1b073b349f5b1d3616b1164b54560a6fba71b852c8d2fb13105ecf7e40072e,1.5,/home/yanbo/下载/batches/batch_person-fallen-v2-camera1p5m/manifest.json
328_h03-kneeling-08.png,ai_generated,gpt-image-2,gpt-image-2,person-fallen-v2-camera1p5m,unknown,2026-08-26T15:12:40.959199+08:00,batch_person-fallen-v2-camera1p5m,/home/yanbo/下载/batches/batch_person-fallen-v2-camera1p5m/prompts/328_h03-kneeling-08.txt,806becb9c172747082f1f07b6478198134890c20e13713a0bcfa4224daa126dd,1.5,/home/yanbo/下载/batches/batch_person-fallen-v2-camera1p5m/manifest.json
329_h03-kneeling-09.png,ai_generated,gpt-image-2,gpt-image-2,person-fallen-v2-camera1p5m,unknown,2026-08-26T15:12:40.959199+08:00,batch_person-fallen-v2-camera1p5m,/home/yanbo/下载/batches/batch_person-fallen-v2-camera1p5m/prompts/329_h03-kneeling-09.txt,4243398db25a1004933ee6a695885a73a649a7a2d715c66284dce9205242505a,1.5,/home/yanbo/下载/batches/batch_person-fallen-v2-camera1p5m/manifest.json
32_p04-prone-on-floor-02.png,ai_generated,gpt-image-2,gpt-image-2,person-fallen-v2-camera1p5m,unknown,2026-08-26T15:12:40.959199+08:00,batch_person-fallen-v2-camera1p5m,/home/yanbo/下载/batches/batch_person-fallen-v2-camera1p5m/prompts/32_p04-prone-on-floor-02.txt,2aaef391fe27b2308d1be1f26aa54f6a81330ffe2c0dce41ce0c7207ab7798bd,1.5,/home/yanbo/下载/batches/batch_person-fallen-v2-camera1p5m/manifest.json
330_h03-kneeling-10.png,ai_generated,gpt-image-2,gpt-image-2,person-fallen-v2-camera1p5m,unknown,2026-08-26T15:12:40.959199+08:00,batch_person-fallen-v2-camera1p5m,/home/yanbo/下载/batches/batch_person-fallen-v2-camera1p5m/prompts/330_h03-kneeling-10.txt,7cb28bf425e2a39a895e25c0a0e63827ccc2900517d4578b11a14db5a4985637,1.5,/home/yanbo/下载/batches/batch_person-fallen-v2-camera1p5m/manifest.json
331_h04-kneeling-01.png,ai_generated,gpt-image-2,gpt-image-2,person-fallen-v2-camera1p5m,unknown,2026-08-26T15:12:40.959199+08:00,batch_person-fallen-v2-camera1p5m,/home/yanbo/下载/batches/batch_person-fallen-v2-camera1p5m/prompts/331_h04-kneeling-01.txt,8e1234a7980bb91280847aedb6238f35ce8f7b81881dd010c2f61e12de67bbc6,1.5,/home/yanbo/下载/batches/batch_person-fallen-v2-camera1p5m/manifest.json
332_h04-kneeling-02.png,ai_generated,gpt-image-2,gpt-image-2,person-fallen-v2-camera1p5m,unknown,2026-08-26T15:12:40.959199+08:00,batch_person-fallen-v2-camera1p5m,/home/yanbo/下载/batches/batch_person-fallen-v2-camera1p5m/prompts/332_h04-kneeling-02.txt,e0c360468709d2a3363d27c9b795b4e48545c3c65a4536a755691310903e2a27,1.5,/home/yanbo/下载/batches/batch_person-fallen-v2-camera1p5m/manifest.json
333_h04-kneeling-03.png,ai_generated,gpt-image-2,gpt-image-2,person-fallen-v2-camera1p5m,unknown,2026-08-26T15:12:40.959199+08:00,batch_person-fallen-v2-camera1p5m,/home/yanbo/下载/batches/batch_person-fallen-v2-camera1p5m/prompts/333_h04-kneeling-03.txt,a3a653703053dcf448c3757e74054d7d806824d6b56e8f02ca9687a4e8513d54,1.5,/home/yanbo/下载/batches/batch_person-fallen-v2-camera1p5m/manifest.json
334_h04-kneeling-04.png,ai_generated,gpt-image-2,gpt-image-2,person-fallen-v2-camera1p5m,unknown,2026-08-26T15:12:40.959199+08:00,batch_person-fallen-v2-camera1p5m,/home/yanbo/下载/batches/batch_person-fallen-v2-camera1p5m/prompts/334_h04-kneeling-04.txt,c0e4a64aeb8dfb38c8363c2a7c82eb8b37ff174d413e0c0ef35b1a9e48ed506e,1.5,/home/yanbo/下载/batches/batch_person-fallen-v2-camera1p5m/manifest.json
335_h04-kneeling-05.png,ai_generated,gpt-image-2,gpt-image-2,person-fallen-v2-camera1p5m,unknown,2026-08-26T15:12:40.959199+08:00,batch_person-fallen-v2-camera1p5m,/home/yanbo/下载/batches/batch_person-fallen-v2-camera1p5m/prompts/335_h04-kneeling-05.txt,711677022c120a7a62961a775cdbffdc0c026bd606fbba85be94cf8a1da69bbc,1.5,/home/yanbo/下载/batches/batch_person-fallen-v2-camera1p5m/manifest.json
336_h04-kneeling-06.png,ai_generated,gpt-image-2,gpt-image-2,person-fallen-v2-camera1p5m,unknown,2026-08-26T15:12:40.959199+08:00,batch_person-fallen-v2-camera1p5m,/home/yanbo/下载/batches/batch_person-fallen-v2-camera1p5m/prompts/336_h04-kneeling-06.txt,3708351b04cc4832562fa59e526a26f0a3ce2730912686cf351b35b58080c8d5,1.5,/home/yanbo/下载/batches/batch_person-fallen-v2-camera1p5m/manifest.json
337_h04-kneeling-07.png,ai_generated,gpt-image-2,gpt-image-2,person-fallen-v2-camera1p5m,unknown,2026-08-26T15:12:40.959199+08:00,batch_person-fallen-v2-camera1p5m,/home/yanbo/下载/batches/batch_person-fallen-v2-camera1p5m/prompts/337_h04-kneeling-07.txt,9c9894c4ac4771945ddd7bb15a28406a57a32ec0da3d884fa200f3ed3d11b6aa,1.5,/home/yanbo/下载/batches/batch_person-fallen-v2-camera1p5m/manifest.json
338_h04-kneeling-08.png,ai_generated,gpt-image-2,gpt-image-2,person-fallen-v2-camera1p5m,unknown,2026-08-26T15:12:40.959199+08:00,batch_person-fallen-v2-camera1p5m,/home/yanbo/下载/batches/batch_person-fallen-v2-camera1p5m/prompts/338_h04-kneeling-08.txt,fe07bad4a4b8cb1abde8c518487bfa8b1990f7784721139789ff3c74967adf20,1.5,/home/yanbo/下载/batches/batch_person-fallen-v2-camera1p5m/manifest.json
339_h04-kneeling-09.png,ai_generated,gpt-image-2,gpt-image-2,person-fallen-v2-camera1p5m,unknown,2026-08-26T15:12:40.959199+08:00,batch_person-fallen-v2-camera1p5m,/home/yanbo/下载/batches/batch_person-fallen-v2-camera1p5m/prompts/339_h04-kneeling-09.txt,0fb6dc398135b6911f61b29164903a8857d426ff960edd33c1305431e4902f79,1.5,/home/yanbo/下载/batches/batch_person-fallen-v2-camera1p5m/manifest.json
33_p04-prone-on-floor-03.png,ai_generated,gpt-image-2,gpt-image-2,person-fallen-v2-camera1p5m,unknown,2026-08-26T15:12:40.959199+08:00,batch_person-fallen-v2-camera1p5m,/home/yanbo/下载/batches/batch_person-fallen-v2-camera1p5m/prompts/33_p04-prone-on-floor-03.txt,c7a5305992113d2580fa39e9462462449d554b4161173155175691e968539b5c,1.5,/home/yanbo/下载/batches/batch_person-fallen-v2-camera1p5m/manifest.json
340_h04-kneeling-10.png,ai_generated,gpt-image-2,gpt-image-2,person-fallen-v2-camera1p5m,unknown,2026-08-26T15:12:40.959199+08:00,batch_person-fallen-v2-camera1p5m,/home/yanbo/下载/batches/batch_person-fallen-v2-camera1p5m/prompts/340_h04-kneeling-10.txt,9572f7475c77e24d0734b4c7a72f1da14095047c44ebb951644bae7fde3fddc7,1.5,/home/yanbo/下载/batches/batch_person-fallen-v2-camera1p5m/manifest.json
341_h05-squatting-01.png,ai_generated,gpt-image-2,gpt-image-2,person-fallen-v2-camera1p5m,unknown,2026-08-26T15:12:40.959199+08:00,batch_person-fallen-v2-camera1p5m,/home/yanbo/下载/batches/batch_person-fallen-v2-camera1p5m/prompts/341_h05-squatting-01.txt,a160bfefae096ce905ddd1e7a44cfb4ac9bc462713a8c253610297ddb7699198,1.5,/home/yanbo/下载/batches/batch_person-fallen-v2-camera1p5m/manifest.json
342_h05-squatting-02.png,ai_generated,gpt-image-2,gpt-image-2,person-fallen-v2-camera1p5m,unknown,2026-08-26T15:12:40.959199+08:00,batch_person-fallen-v2-camera1p5m,/home/yanbo/下载/batches/batch_person-fallen-v2-camera1p5m/prompts/342_h05-squatting-02.txt,4a5bc7f42f414024f6f9f52656f5008165e52cafb5103286b1caba3964a358c5,1.5,/home/yanbo/下载/batches/batch_person-fallen-v2-camera1p5m/manifest.json
343_h05-squatting-03.png,ai_generated,gpt-image-2,gpt-image-2,person-fallen-v2-camera1p5m,unknown,2026-08-26T15:12:40.959199+08:00,batch_person-fallen-v2-camera1p5m,/home/yanbo/下载/batches/batch_person-fallen-v2-camera1p5m/prompts/343_h05-squatting-03.txt,f627d0f41ba75bef9b94cf7dff37419dad77360510314932c428e32781454231,1.5,/home/yanbo/下载/batches/batch_person-fallen-v2-camera1p5m/manifest.json
344_h05-squatting-04.png,ai_generated,gpt-image-2,gpt-image-2,person-fallen-v2-camera1p5m,unknown,2026-08-26T15:12:40.959199+08:00,batch_person-fallen-v2-camera1p5m,/home/yanbo/下载/batches/batch_person-fallen-v2-camera1p5m/prompts/344_h05-squatting-04.txt,a15057aec08450d178e99c49a11bdb47826d820606942934dcd77857ac3d18b9,1.5,/home/yanbo/下载/batches/batch_person-fallen-v2-camera1p5m/manifest.json
345_h05-squatting-05.png,ai_generated,gpt-image-2,gpt-image-2,person-fallen-v2-camera1p5m,unknown,2026-08-26T15:12:40.959199+08:00,batch_person-fallen-v2-camera1p5m,/home/yanbo/下载/batches/batch_person-fallen-v2-camera1p5m/prompts/345_h05-squatting-05.txt,63a3dcb49360dcb069cbd054770d7e9de21649cf95c05b958a0adc7db335195f,1.5,/home/yanbo/下载/batches/batch_person-fallen-v2-camera1p5m/manifest.json
346_h05-squatting-06.png,ai_generated,gpt-image-2,gpt-image-2,person-fallen-v2-camera1p5m,unknown,2026-08-26T15:12:40.959199+08:00,batch_person-fallen-v2-camera1p5m,/home/yanbo/下载/batches/batch_person-fallen-v2-camera1p5m/prompts/346_h05-squatting-06.txt,a7fb2128e9224e583bc17850510252f35544dcdea6dde313f9d9259330366965,1.5,/home/yanbo/下载/batches/batch_person-fallen-v2-camera1p5m/manifest.json
347_h05-squatting-07.png,ai_generated,gpt-image-2,gpt-image-2,person-fallen-v2-camera1p5m,unknown,2026-08-26T15:12:40.959199+08:00,batch_person-fallen-v2-camera1p5m,/home/yanbo/下载/batches/batch_person-fallen-v2-camera1p5m/prompts/347_h05-squatting-07.txt,0b8291ab3015fc96ccc423a54d8002b8387424f2a751d9e043e7698c31590691,1.5,/home/yanbo/下载/batches/batch_person-fallen-v2-camera1p5m/manifest.json
348_h05-squatting-08.png,ai_generated,gpt-image-2,gpt-image-2,person-fallen-v2-camera1p5m,unknown,2026-08-26T15:12:40.959199+08:00,batch_person-fallen-v2-camera1p5m,/home/yanbo/下载/batches/batch_person-fallen-v2-camera1p5m/prompts/348_h05-squatting-08.txt,890b8f7df8dd8e57f59e00db614af970e2f3675d0c560720a3a65a4988b9bb65,1.5,/home/yanbo/下载/batches/batch_person-fallen-v2-camera1p5m/manifest.json
349_h05-squatting-09.png,ai_generated,gpt-image-2,gpt-image-2,person-fallen-v2-camera1p5m,unknown,2026-08-26T15:12:40.959199+08:00,batch_person-fallen-v2-camera1p5m,/home/yanbo/下载/batches/batch_person-fallen-v2-camera1p5m/prompts/349_h05-squatting-09.txt,45d9c48bdce8e7ae5d446daf0b19e4edf10dd1868c260877c154227373002356,1.5,/home/yanbo/下载/batches/batch_person-fallen-v2-camera1p5m/manifest.json
34_p04-prone-on-floor-04.png,ai_generated,gpt-image-2,gpt-image-2,person-fallen-v2-camera1p5m,unknown,2026-08-26T15:12:40.959199+08:00,batch_person-fallen-v2-camera1p5m,/home/yanbo/下载/batches/batch_person-fallen-v2-camera1p5m/prompts/34_p04-prone-on-floor-04.txt,5ce96ab1c3060a71109107a91097903ab27aedde57ced155118b176f670ff3fe,1.5,/home/yanbo/下载/batches/batch_person-fallen-v2-camera1p5m/manifest.json
350_h05-squatting-10.png,ai_generated,gpt-image-2,gpt-image-2,person-fallen-v2-camera1p5m,unknown,2026-08-26T15:12:40.959199+08:00,batch_person-fallen-v2-camera1p5m,/home/yanbo/下载/batches/batch_person-fallen-v2-camera1p5m/prompts/350_h05-squatting-10.txt,86bedf8e40dccbe7c8933e9a656cc0a1bf6a59cf5e4d707f107272a63b3fd5b5,1.5,/home/yanbo/下载/batches/batch_person-fallen-v2-camera1p5m/manifest.json
351_h06-squatting-01.png,ai_generated,gpt-image-2,gpt-image-2,person-fallen-v2-camera1p5m,unknown,2026-08-26T15:12:40.959199+08:00,batch_person-fallen-v2-camera1p5m,/home/yanbo/下载/batches/batch_person-fallen-v2-camera1p5m/prompts/351_h06-squatting-01.txt,23db2d1645962681e46306a4ae559505bc0fc6fa9c6ff57589e0ec33b3d07266,1.5,/home/yanbo/下载/batches/batch_person-fallen-v2-camera1p5m/manifest.json
352_h06-squatting-02.png,ai_generated,gpt-image-2,gpt-image-2,person-fallen-v2-camera1p5m,unknown,2026-08-26T15:12:40.959199+08:00,batch_person-fallen-v2-camera1p5m,/home/yanbo/下载/batches/batch_person-fallen-v2-camera1p5m/prompts/352_h06-squatting-02.txt,c57a30a0fb2ca2b1163d1e6a60cd72fb2a85b3242d0982efbf751a20a4cf92ca,1.5,/home/yanbo/下载/batches/batch_person-fallen-v2-camera1p5m/manifest.json
353_h06-squatting-03.png,ai_generated,gpt-image-2,gpt-image-2,person-fallen-v2-camera1p5m,unknown,2026-08-26T15:12:40.959199+08:00,batch_person-fallen-v2-camera1p5m,/home/yanbo/下载/batches/batch_person-fallen-v2-camera1p5m/prompts/353_h06-squatting-03.txt,5bcf1912883125b024b8fd8bc25c93d9c4680cbb75036d14e83f71f3171e5649,1.5,/home/yanbo/下载/batches/batch_person-fallen-v2-camera1p5m/manifest.json
354_h06-squatting-04.png,ai_generated,gpt-image-2,gpt-image-2,person-fallen-v2-camera1p5m,unknown,2026-08-26T15:12:40.959199+08:00,batch_person-fallen-v2-camera1p5m,/home/yanbo/下载/batches/batch_person-fallen-v2-camera1p5m/prompts/354_h06-squatting-04.txt,6e508cb35413e775b52899868b8e31349c4561043d12cdb640d621710c038d92,1.5,/home/yanbo/下载/batches/batch_person-fallen-v2-camera1p5m/manifest.json
355_h06-squatting-05.png,ai_generated,gpt-image-2,gpt-image-2,person-fallen-v2-camera1p5m,unknown,2026-08-26T15:12:40.959199+08:00,batch_person-fallen-v2-camera1p5m,/home/yanbo/下载/batches/batch_person-fallen-v2-camera1p5m/prompts/355_h06-squatting-05.txt,123666a050a14436cf1bb30fb45d90691d042ad5949a8d4dffc13b0afab7530c,1.5,/home/yanbo/下载/batches/batch_person-fallen-v2-camera1p5m/manifest.json
356_h06-squatting-06.png,ai_generated,gpt-image-2,gpt-image-2,person-fallen-v2-camera1p5m,unknown,2026-08-26T15:12:40.959199+08:00,batch_person-fallen-v2-camera1p5m,/home/yanbo/下载/batches/batch_person-fallen-v2-camera1p5m/prompts/356_h06-squatting-06.txt,853ab819a4e5921f2bdc87f0bf88fcd213453f45b7cfc24a40cca648f040cfca,1.5,/home/yanbo/下载/batches/batch_person-fallen-v2-camera1p5m/manifest.json
357_h06-squatting-07.png,ai_generated,gpt-image-2,gpt-image-2,person-fallen-v2-camera1p5m,unknown,2026-08-26T15:12:40.959199+08:00,batch_person-fallen-v2-camera1p5m,/home/yanbo/下载/batches/batch_person-fallen-v2-camera1p5m/prompts/357_h06-squatting-07.txt,233cadf80ed9539d2cdde103fe60ea65f5e9a441bdf4f84254e2d05b683e9af0,1.5,/home/yanbo/下载/batches/batch_person-fallen-v2-camera1p5m/manifest.json
358_h06-squatting-08.png,ai_generated,gpt-image-2,gpt-image-2,person-fallen-v2-camera1p5m,unknown,2026-08-26T15:12:40.959199+08:00,batch_person-fallen-v2-camera1p5m,/home/yanbo/下载/batches/batch_person-fallen-v2-camera1p5m/prompts/358_h06-squatting-08.txt,4e1d4762507f2d66594df898ea197ce10f9d87e83d3a4908dede216c3ba6ce28,1.5,/home/yanbo/下载/batches/batch_person-fallen-v2-camera1p5m/manifest.json
359_h06-squatting-09.png,ai_generated,gpt-image-2,gpt-image-2,person-fallen-v2-camera1p5m,unknown,2026-08-26T15:12:40.959199+08:00,batch_person-fallen-v2-camera1p5m,/home/yanbo/下载/batches/batch_person-fallen-v2-camera1p5m/prompts/359_h06-squatting-09.txt,f265dd890fdebe877fd129f8baff509306d86f7e7d7bf7ded937dceaae9bb77c,1.5,/home/yanbo/下载/batches/batch_person-fallen-v2-camera1p5m/manifest.json
35_p04-prone-on-floor-05.png,ai_generated,gpt-image-2,gpt-image-2,person-fallen-v2-camera1p5m,unknown,2026-08-26T15:12:40.959199+08:00,batch_person-fallen-v2-camera1p5m,/home/yanbo/下载/batches/batch_person-fallen-v2-camera1p5m/prompts/35_p04-prone-on-floor-05.txt,7152b2e67858a8882654a0d64fedb4aa98430647020530baaea3529d85bf2e94,1.5,/home/yanbo/下载/batches/batch_person-fallen-v2-camera1p5m/manifest.json
360_h06-squatting-10.png,ai_generated,gpt-image-2,gpt-image-2,person-fallen-v2-camera1p5m,unknown,2026-08-26T15:12:40.959199+08:00,batch_person-fallen-v2-camera1p5m,/home/yanbo/下载/batches/batch_person-fallen-v2-camera1p5m/prompts/360_h06-squatting-10.txt,7b3d07f5e60244013d8faf0010bf94363f81f19ee5419023f3b4997c787a94f4,1.5,/home/yanbo/下载/batches/batch_person-fallen-v2-camera1p5m/manifest.json
361_h07-deep-bending-picking-up-items-01.png,ai_generated,gpt-image-2,gpt-image-2,person-fallen-v2-camera1p5m,unknown,2026-08-26T15:12:40.959199+08:00,batch_person-fallen-v2-camera1p5m,/home/yanbo/下载/batches/batch_person-fallen-v2-camera1p5m/prompts/361_h07-deep-bending-picking-up-items-01.txt,02b785b418f6aa534593aa078ca881a06925d40affad754368da56c3441c1ea5,1.5,/home/yanbo/下载/batches/batch_person-fallen-v2-camera1p5m/manifest.json
362_h07-deep-bending-picking-up-items-02.png,ai_generated,gpt-image-2,gpt-image-2,person-fallen-v2-camera1p5m,unknown,2026-08-26T15:12:40.959199+08:00,batch_person-fallen-v2-camera1p5m,/home/yanbo/下载/batches/batch_person-fallen-v2-camera1p5m/prompts/362_h07-deep-bending-picking-up-items-02.txt,81293f188ffdbc5a4cb544b649221f8b0e9f4b65d6b3f2d380fcc99cd933b71d,1.5,/home/yanbo/下载/batches/batch_person-fallen-v2-camera1p5m/manifest.json
363_h07-deep-bending-picking-up-items-03.png,ai_generated,gpt-image-2,gpt-image-2,person-fallen-v2-camera1p5m,unknown,2026-08-26T15:12:40.959199+08:00,batch_person-fallen-v2-camera1p5m,/home/yanbo/下载/batches/batch_person-fallen-v2-camera1p5m/prompts/363_h07-deep-bending-picking-up-items-03.txt,d7f5dde6295ccb7c1fbe96d17f2f97613ffdef087193c5755752e97576269c66,1.5,/home/yanbo/下载/batches/batch_person-fallen-v2-camera1p5m/manifest.json
364_h07-deep-bending-picking-up-items-04.png,ai_generated,gpt-image-2,gpt-image-2,person-fallen-v2-camera1p5m,unknown,2026-08-26T15:12:40.959199+08:00,batch_person-fallen-v2-camera1p5m,/home/yanbo/下载/batches/batch_person-fallen-v2-camera1p5m/prompts/364_h07-deep-bending-picking-up-items-04.txt,caf8b0e631821dc772abdce17ededf8ef29fb00a1999f66988b2e24f38c733ea,1.5,/home/yanbo/下载/batches/batch_person-fallen-v2-camera1p5m/manifest.json
365_h07-deep-bending-picking-up-items-05.png,ai_generated,gpt-image-2,gpt-image-2,person-fallen-v2-camera1p5m,unknown,2026-08-26T15:12:40.959199+08:00,batch_person-fallen-v2-camera1p5m,/home/yanbo/下载/batches/batch_person-fallen-v2-camera1p5m/prompts/365_h07-deep-bending-picking-up-items-05.txt,bda538ba2d52f7c6c41cba5bd53de880fbd5de7c62f33277ac3edcd21e83d117,1.5,/home/yanbo/下载/batches/batch_person-fallen-v2-camera1p5m/manifest.json
366_h07-deep-bending-picking-up-items-06.png,ai_generated,gpt-image-2,gpt-image-2,person-fallen-v2-camera1p5m,unknown,2026-08-26T15:12:40.959199+08:00,batch_person-fallen-v2-camera1p5m,/home/yanbo/下载/batches/batch_person-fallen-v2-camera1p5m/prompts/366_h07-deep-bending-picking-up-items-06.txt,685167b8be4dca9e6d969b2a65664e71d8cc89d7b6118104bdebd3a6d7da74f0,1.5,/home/yanbo/下载/batches/batch_person-fallen-v2-camera1p5m/manifest.json
367_h07-deep-bending-picking-up-items-07.png,ai_generated,gpt-image-2,gpt-image-2,person-fallen-v2-camera1p5m,unknown,2026-08-26T15:12:40.959199+08:00,batch_person-fallen-v2-camera1p5m,/home/yanbo/下载/batches/batch_person-fallen-v2-camera1p5m/prompts/367_h07-deep-bending-picking-up-items-07.txt,c2dffdc9ec0789ef7719fd7043f6792b54b79aa21b62211c4801347adcf90a17,1.5,/home/yanbo/下载/batches/batch_person-fallen-v2-camera1p5m/manifest.json
368_h07-deep-bending-picking-up-items-08.png,ai_generated,gpt-image-2,gpt-image-2,person-fallen-v2-camera1p5m,unknown,2026-08-26T15:12:40.959199+08:00,batch_person-fallen-v2-camera1p5m,/home/yanbo/下载/batches/batch_person-fallen-v2-camera1p5m/prompts/368_h07-deep-bending-picking-up-items-08.txt,cf8a1cf6a5c5a7eef53f106d027074557715c6ad76ef8b282442c3d108e71b1a,1.5,/home/yanbo/下载/batches/batch_person-fallen-v2-camera1p5m/manifest.json
369_h07-deep-bending-picking-up-items-09.png,ai_generated,gpt-image-2,gpt-image-2,person-fallen-v2-camera1p5m,unknown,2026-08-26T15:12:40.959199+08:00,batch_person-fallen-v2-camera1p5m,/home/yanbo/下载/batches/batch_person-fallen-v2-camera1p5m/prompts/369_h07-deep-bending-picking-up-items-09.txt,d71c35c23065826842d2db8144dbbd5265a538fda2927b5e2f6304eb89b88a71,1.5,/home/yanbo/下载/batches/batch_person-fallen-v2-camera1p5m/manifest.json
36_p04-prone-on-floor-06.png,ai_generated,gpt-image-2,gpt-image-2,person-fallen-v2-camera1p5m,unknown,2026-08-26T15:12:40.959199+08:00,batch_person-fallen-v2-camera1p5m,/home/yanbo/下载/batches/batch_person-fallen-v2-camera1p5m/prompts/36_p04-prone-on-floor-06.txt,af132f6d307e566129c52107750b060bff368a3d263be65975555fc7ea7405b5,1.5,/home/yanbo/下载/batches/batch_person-fallen-v2-camera1p5m/manifest.json
370_h07-deep-bending-picking-up-items-10.png,ai_generated,gpt-image-2,gpt-image-2,person-fallen-v2-camera1p5m,unknown,2026-08-26T15:12:40.959199+08:00,batch_person-fallen-v2-camera1p5m,/home/yanbo/下载/batches/batch_person-fallen-v2-camera1p5m/prompts/370_h07-deep-bending-picking-up-items-10.txt,8298ea821022b3b869a8b1f3e1a5df26bf98e3c871ecd73ba71e1b923f0d4f19,1.5,/home/yanbo/下载/batches/batch_person-fallen-v2-camera1p5m/manifest.json
371_h08-deep-bending-picking-up-items-01.png,ai_generated,gpt-image-2,gpt-image-2,person-fallen-v2-camera1p5m,unknown,2026-08-26T15:12:40.959199+08:00,batch_person-fallen-v2-camera1p5m,/home/yanbo/下载/batches/batch_person-fallen-v2-camera1p5m/prompts/371_h08-deep-bending-picking-up-items-01.txt,943fa5163cb3cc9e24041d8a54f010602770fff66884cde00b5a355b3625a55f,1.5,/home/yanbo/下载/batches/batch_person-fallen-v2-camera1p5m/manifest.json
372_h08-deep-bending-picking-up-items-02.png,ai_generated,gpt-image-2,gpt-image-2,person-fallen-v2-camera1p5m,unknown,2026-08-26T15:12:40.959199+08:00,batch_person-fallen-v2-camera1p5m,/home/yanbo/下载/batches/batch_person-fallen-v2-camera1p5m/prompts/372_h08-deep-bending-picking-up-items-02.txt,6996d2bf76524263de1287b8ade176a29a85b4cd47992a8bf238074ebd2564f8,1.5,/home/yanbo/下载/batches/batch_person-fallen-v2-camera1p5m/manifest.json
373_h08-deep-bending-picking-up-items-03.png,ai_generated,gpt-image-2,gpt-image-2,person-fallen-v2-camera1p5m,unknown,2026-08-26T15:12:40.959199+08:00,batch_person-fallen-v2-camera1p5m,/home/yanbo/下载/batches/batch_person-fallen-v2-camera1p5m/prompts/373_h08-deep-bending-picking-up-items-03.txt,7654fdd3916854bcbbd441c8bb49f21507c7b37d0d36530896768a55822d417e,1.5,/home/yanbo/下载/batches/batch_person-fallen-v2-camera1p5m/manifest.json
374_h08-deep-bending-picking-up-items-04.png,ai_generated,gpt-image-2,gpt-image-2,person-fallen-v2-camera1p5m,unknown,2026-08-26T15:12:40.959199+08:00,batch_person-fallen-v2-camera1p5m,/home/yanbo/下载/batches/batch_person-fallen-v2-camera1p5m/prompts/374_h08-deep-bending-picking-up-items-04.txt,bb004b003cf6ef11372c0c303bbb694086011ca9b5de457679b71a2e33e7dd9c,1.5,/home/yanbo/下载/batches/batch_person-fallen-v2-camera1p5m/manifest.json
375_h08-deep-bending-picking-up-items-05.png,ai_generated,gpt-image-2,gpt-image-2,person-fallen-v2-camera1p5m,unknown,2026-08-26T15:12:40.959199+08:00,batch_person-fallen-v2-camera1p5m,/home/yanbo/下载/batches/batch_person-fallen-v2-camera1p5m/prompts/375_h08-deep-bending-picking-up-items-05.txt,5ab390d0255beffaaa6b0b8a366861b800d513c4dfb1e11400114231a15d9be0,1.5,/home/yanbo/下载/batches/batch_person-fallen-v2-camera1p5m/manifest.json
376_h08-deep-bending-picking-up-items-06.png,ai_generated,gpt-image-2,gpt-image-2,person-fallen-v2-camera1p5m,unknown,2026-08-26T15:12:40.959199+08:00,batch_person-fallen-v2-camera1p5m,/home/yanbo/下载/batches/batch_person-fallen-v2-camera1p5m/prompts/376_h08-deep-bending-picking-up-items-06.txt,36aa7c1c9a8a3db84173918ba4765d4fdc9f5871f1668de869d62bba8191e12b,1.5,/home/yanbo/下载/batches/batch_person-fallen-v2-camera1p5m/manifest.json
377_h08-deep-bending-picking-up-items-07.png,ai_generated,gpt-image-2,gpt-image-2,person-fallen-v2-camera1p5m,unknown,2026-08-26T15:12:40.959199+08:00,batch_person-fallen-v2-camera1p5m,/home/yanbo/下载/batches/batch_person-fallen-v2-camera1p5m/prompts/377_h08-deep-bending-picking-up-items-07.txt,a95bf52d26e502188a3dcbfc7e036548f5872dd023392e7fc737b24b04329bbd,1.5,/home/yanbo/下载/batches/batch_person-fallen-v2-camera1p5m/manifest.json
378_h08-deep-bending-picking-up-items-08.png,ai_generated,gpt-image-2,gpt-image-2,person-fallen-v2-camera1p5m,unknown,2026-08-26T15:12:40.959199+08:00,batch_person-fallen-v2-camera1p5m,/home/yanbo/下载/batches/batch_person-fallen-v2-camera1p5m/prompts/378_h08-deep-bending-picking-up-items-08.txt,ec257219ecb7438a7c67b986acf09a640ceaf52a3309d4ead2863c56f47efd6c,1.5,/home/yanbo/下载/batches/batch_person-fallen-v2-camera1p5m/manifest.json
379_h08-deep-bending-picking-up-items-09.png,ai_generated,gpt-image-2,gpt-image-2,person-fallen-v2-camera1p5m,unknown,2026-08-26T15:12:40.959199+08:00,batch_person-fallen-v2-camera1p5m,/home/yanbo/下载/batches/batch_person-fallen-v2-camera1p5m/prompts/379_h08-deep-bending-picking-up-items-09.txt,c752d14eb899fc6e93d173e1c027f76e3d6964f641141f9b9257a808f7cbfb87,1.5,/home/yanbo/下载/batches/batch_person-fallen-v2-camera1p5m/manifest.json
37_p04-prone-on-floor-07.png,ai_generated,gpt-image-2,gpt-image-2,person-fallen-v2-camera1p5m,unknown,2026-08-26T15:12:40.959199+08:00,batch_person-fallen-v2-camera1p5m,/home/yanbo/下载/batches/batch_person-fallen-v2-camera1p5m/prompts/37_p04-prone-on-floor-07.txt,160bb93c4a702e2b5a12142f026a391e10ed594d0f6c925026768eae46cb5c2f,1.5,/home/yanbo/下载/batches/batch_person-fallen-v2-camera1p5m/manifest.json
380_h08-deep-bending-picking-up-items-10.png,ai_generated,gpt-image-2,gpt-image-2,person-fallen-v2-camera1p5m,unknown,2026-08-26T15:12:40.959199+08:00,batch_person-fallen-v2-camera1p5m,/home/yanbo/下载/batches/batch_person-fallen-v2-camera1p5m/prompts/380_h08-deep-bending-picking-up-items-10.txt,c015616cebccd10b6ef8dbf322b8c4eceebea757e882de8d525bf7645d6389f2,1.5,/home/yanbo/下载/batches/batch_person-fallen-v2-camera1p5m/manifest.json
381_h09-exercise-push-up-plank-01.png,ai_generated,gpt-image-2,gpt-image-2,person-fallen-v2-camera1p5m,unknown,2026-08-26T15:12:40.959199+08:00,batch_person-fallen-v2-camera1p5m,/home/yanbo/下载/batches/batch_person-fallen-v2-camera1p5m/prompts/381_h09-exercise-push-up-plank-01.txt,0f1ddbf0beaf681e80f91b777242b7e4c0050307904d5b9bf3536f2d52b27894,1.5,/home/yanbo/下载/batches/batch_person-fallen-v2-camera1p5m/manifest.json
382_h09-exercise-push-up-plank-02.png,ai_generated,gpt-image-2,gpt-image-2,person-fallen-v2-camera1p5m,unknown,2026-08-26T15:12:40.959199+08:00,batch_person-fallen-v2-camera1p5m,/home/yanbo/下载/batches/batch_person-fallen-v2-camera1p5m/prompts/382_h09-exercise-push-up-plank-02.txt,c86fa1fdb82dd704b21b1353d9a2227f23eb9d6d26ce2959730767e7f202f407,1.5,/home/yanbo/下载/batches/batch_person-fallen-v2-camera1p5m/manifest.json
383_h09-exercise-push-up-plank-03.png,ai_generated,gpt-image-2,gpt-image-2,person-fallen-v2-camera1p5m,unknown,2026-08-26T15:12:40.959199+08:00,batch_person-fallen-v2-camera1p5m,/home/yanbo/下载/batches/batch_person-fallen-v2-camera1p5m/prompts/383_h09-exercise-push-up-plank-03.txt,9f9be64cd48fc16a1981e0d9734bf2ba3bcd7acdc45e0ecdbe74c9ff90e1d853,1.5,/home/yanbo/下载/batches/batch_person-fallen-v2-camera1p5m/manifest.json
384_h09-exercise-push-up-plank-04.png,ai_generated,gpt-image-2,gpt-image-2,person-fallen-v2-camera1p5m,unknown,2026-08-26T15:12:40.959199+08:00,batch_person-fallen-v2-camera1p5m,/home/yanbo/下载/batches/batch_person-fallen-v2-camera1p5m/prompts/384_h09-exercise-push-up-plank-04.txt,d6c36c1d390f50bdee28ddf1f7cd0bc06e05cc7549a7a7aae5b5539e2bdac7e9,1.5,/home/yanbo/下载/batches/batch_person-fallen-v2-camera1p5m/manifest.json
385_h09-exercise-push-up-plank-05.png,ai_generated,gpt-image-2,gpt-image-2,person-fallen-v2-camera1p5m,unknown,2026-08-26T15:12:40.959199+08:00,batch_person-fallen-v2-camera1p5m,/home/yanbo/下载/batches/batch_person-fallen-v2-camera1p5m/prompts/385_h09-exercise-push-up-plank-05.txt,a54d4790290ebda8c55fb25f7a4b6b8895c477c8afbe2516c6c34bfe0589c204,1.5,/home/yanbo/下载/batches/batch_person-fallen-v2-camera1p5m/manifest.json
386_h09-exercise-push-up-plank-06.png,ai_generated,gpt-image-2,gpt-image-2,person-fallen-v2-camera1p5m,unknown,2026-08-26T15:12:40.959199+08:00,batch_person-fallen-v2-camera1p5m,/home/yanbo/下载/batches/batch_person-fallen-v2-camera1p5m/prompts/386_h09-exercise-push-up-plank-06.txt,f74a227fb194eac44cf938b6ff201973b63df69eff2be8485d9173b185c15e28,1.5,/home/yanbo/下载/batches/batch_person-fallen-v2-camera1p5m/manifest.json
387_h09-exercise-push-up-plank-07.png,ai_generated,gpt-image-2,gpt-image-2,person-fallen-v2-camera1p5m,unknown,2026-08-26T15:12:40.959199+08:00,batch_person-fallen-v2-camera1p5m,/home/yanbo/下载/batches/batch_person-fallen-v2-camera1p5m/prompts/387_h09-exercise-push-up-plank-07.txt,d081bf2bd52772463d0d55a581e9f9a0d5176a0effcb6702796de5411257c673,1.5,/home/yanbo/下载/batches/batch_person-fallen-v2-camera1p5m/manifest.json
388_h09-exercise-push-up-plank-08.png,ai_generated,gpt-image-2,gpt-image-2,person-fallen-v2-camera1p5m,unknown,2026-08-26T15:12:40.959199+08:00,batch_person-fallen-v2-camera1p5m,/home/yanbo/下载/batches/batch_person-fallen-v2-camera1p5m/prompts/388_h09-exercise-push-up-plank-08.txt,311c54a5d2c6b6aa1a72662a1f1462070ce8d070bb9f848b2554889fca4c2004,1.5,/home/yanbo/下载/batches/batch_person-fallen-v2-camera1p5m/manifest.json
389_h09-exercise-push-up-plank-09.png,ai_generated,gpt-image-2,gpt-image-2,person-fallen-v2-camera1p5m,unknown,2026-08-26T15:12:40.959199+08:00,batch_person-fallen-v2-camera1p5m,/home/yanbo/下载/batches/batch_person-fallen-v2-camera1p5m/prompts/389_h09-exercise-push-up-plank-09.txt,76c5ba9b8e9072e93b6370cb136e72f758527927643b2ae21d276102a483f93e,1.5,/home/yanbo/下载/batches/batch_person-fallen-v2-camera1p5m/manifest.json
38_p04-prone-on-floor-08.png,ai_generated,gpt-image-2,gpt-image-2,person-fallen-v2-camera1p5m,unknown,2026-08-26T15:12:40.959199+08:00,batch_person-fallen-v2-camera1p5m,/home/yanbo/下载/batches/batch_person-fallen-v2-camera1p5m/prompts/38_p04-prone-on-floor-08.txt,a40a2544faea9a72fd9ee8c7ba343f42eee8217960015b8bac14afd632f4189d,1.5,/home/yanbo/下载/batches/batch_person-fallen-v2-camera1p5m/manifest.json
390_h09-exercise-push-up-plank-10.png,ai_generated,gpt-image-2,gpt-image-2,person-fallen-v2-camera1p5m,unknown,2026-08-26T15:12:40.959199+08:00,batch_person-fallen-v2-camera1p5m,/home/yanbo/下载/batches/batch_person-fallen-v2-camera1p5m/prompts/390_h09-exercise-push-up-plank-10.txt,d96d875c0c9aaf2455b133be02d9c124f1e9e7aab823b607c79a3686528eb888,1.5,/home/yanbo/下载/batches/batch_person-fallen-v2-camera1p5m/manifest.json
391_h10-exercise-push-up-plank-01.png,ai_generated,gpt-image-2,gpt-image-2,person-fallen-v2-camera1p5m,unknown,2026-08-26T15:12:40.959199+08:00,batch_person-fallen-v2-camera1p5m,/home/yanbo/下载/batches/batch_person-fallen-v2-camera1p5m/prompts/391_h10-exercise-push-up-plank-01.txt,da60287b09faab12fc72b364b0ad689a1d10b82e192555dffcdfa0c577baad9b,1.5,/home/yanbo/下载/batches/batch_person-fallen-v2-camera1p5m/manifest.json
392_h10-exercise-push-up-plank-02.png,ai_generated,gpt-image-2,gpt-image-2,person-fallen-v2-camera1p5m,unknown,2026-08-26T15:12:40.959199+08:00,batch_person-fallen-v2-camera1p5m,/home/yanbo/下载/batches/batch_person-fallen-v2-camera1p5m/prompts/392_h10-exercise-push-up-plank-02.txt,0161e36bb002ee2e3b0ab65e1a0112d9bafda66565ab26efe7f5d04acacba68e,1.5,/home/yanbo/下载/batches/batch_person-fallen-v2-camera1p5m/manifest.json
393_h10-exercise-push-up-plank-03.png,ai_generated,gpt-image-2,gpt-image-2,person-fallen-v2-camera1p5m,unknown,2026-08-26T15:12:40.959199+08:00,batch_person-fallen-v2-camera1p5m,/home/yanbo/下载/batches/batch_person-fallen-v2-camera1p5m/prompts/393_h10-exercise-push-up-plank-03.txt,8fe6d21affe1ce9c0de7f971937f14bf0fbc25f585baa71b8aa8c3f3a94af1ca,1.5,/home/yanbo/下载/batches/batch_person-fallen-v2-camera1p5m/manifest.json
394_h10-exercise-push-up-plank-04.png,ai_generated,gpt-image-2,gpt-image-2,person-fallen-v2-camera1p5m,unknown,2026-08-26T15:12:40.959199+08:00,batch_person-fallen-v2-camera1p5m,/home/yanbo/下载/batches/batch_person-fallen-v2-camera1p5m/prompts/394_h10-exercise-push-up-plank-04.txt,dc5a0ce28dc0f9055a039009a51f10f37b0b7dc897022dc04f92a5dc50307432,1.5,/home/yanbo/下载/batches/batch_person-fallen-v2-camera1p5m/manifest.json
395_h10-exercise-push-up-plank-05.png,ai_generated,gpt-image-2,gpt-image-2,person-fallen-v2-camera1p5m,unknown,2026-08-26T15:12:40.959199+08:00,batch_person-fallen-v2-camera1p5m,/home/yanbo/下载/batches/batch_person-fallen-v2-camera1p5m/prompts/395_h10-exercise-push-up-plank-05.txt,2b13b1cadf00d4d8e5ddb77501a759e855db2aedda0409d130a8b4d5120fd49e,1.5,/home/yanbo/下载/batches/batch_person-fallen-v2-camera1p5m/manifest.json
396_h10-exercise-push-up-plank-06.png,ai_generated,gpt-image-2,gpt-image-2,person-fallen-v2-camera1p5m,unknown,2026-08-26T15:12:40.959199+08:00,batch_person-fallen-v2-camera1p5m,/home/yanbo/下载/batches/batch_person-fallen-v2-camera1p5m/prompts/396_h10-exercise-push-up-plank-06.txt,f61e687deed0a2cb7239d07f47047efb06963f4afb4ccf2ee485c5f0028225e7,1.5,/home/yanbo/下载/batches/batch_person-fallen-v2-camera1p5m/manifest.json
397_h10-exercise-push-up-plank-07.png,ai_generated,gpt-image-2,gpt-image-2,person-fallen-v2-camera1p5m,unknown,2026-08-26T15:12:40.959199+08:00,batch_person-fallen-v2-camera1p5m,/home/yanbo/下载/batches/batch_person-fallen-v2-camera1p5m/prompts/397_h10-exercise-push-up-plank-07.txt,84ed65c6638f686e33c31df7ba2f2d2b28481df1b12f485079ce3ea498b0a611,1.5,/home/yanbo/下载/batches/batch_person-fallen-v2-camera1p5m/manifest.json
398_h10-exercise-push-up-plank-08.png,ai_generated,gpt-image-2,gpt-image-2,person-fallen-v2-camera1p5m,unknown,2026-08-26T15:12:40.959199+08:00,batch_person-fallen-v2-camera1p5m,/home/yanbo/下载/batches/batch_person-fallen-v2-camera1p5m/prompts/398_h10-exercise-push-up-plank-08.txt,834d330dcfda3e867e1201daef58c4d6635eeb7e46002c31758e0e0c32cd4ccd,1.5,/home/yanbo/下载/batches/batch_person-fallen-v2-camera1p5m/manifest.json
399_h10-exercise-push-up-plank-09.png,ai_generated,gpt-image-2,gpt-image-2,person-fallen-v2-camera1p5m,unknown,2026-08-26T15:12:40.959199+08:00,batch_person-fallen-v2-camera1p5m,/home/yanbo/下载/batches/batch_person-fallen-v2-camera1p5m/prompts/399_h10-exercise-push-up-plank-09.txt,ac91709ba05b3d4e20a0d1abd240e4fdf3467038a767f11c2d2f40b9627071e6,1.5,/home/yanbo/下载/batches/batch_person-fallen-v2-camera1p5m/manifest.json
39_p04-prone-on-floor-09.png,ai_generated,gpt-image-2,gpt-image-2,person-fallen-v2-camera1p5m,unknown,2026-08-26T15:12:40.959199+08:00,batch_person-fallen-v2-camera1p5m,/home/yanbo/下载/batches/batch_person-fallen-v2-camera1p5m/prompts/39_p04-prone-on-floor-09.txt,68cfa36c43752d3b3011c509c2f9901ac313c872928a6d00bfd65b144f7800dc,1.5,/home/yanbo/下载/batches/batch_person-fallen-v2-camera1p5m/manifest.json
400_h10-exercise-push-up-plank-10.png,ai_generated,gpt-image-2,gpt-image-2,person-fallen-v2-camera1p5m,unknown,2026-08-26T15:12:40.959199+08:00,batch_person-fallen-v2-camera1p5m,/home/yanbo/下载/batches/batch_person-fallen-v2-camera1p5m/prompts/400_h10-exercise-push-up-plank-10.txt,facdf56e7c8d243a6e1c904edf7e9871f350c18a80d409daf82e0cd773e0eaf8,1.5,/home/yanbo/下载/batches/batch_person-fallen-v2-camera1p5m/manifest.json
401_h11-crawling-under-equipment-inspection-01.png,ai_generated,gpt-image-2,gpt-image-2,person-fallen-v2-camera1p5m,unknown,2026-08-26T15:12:40.959199+08:00,batch_person-fallen-v2-camera1p5m,/home/yanbo/下载/batches/batch_person-fallen-v2-camera1p5m/prompts/401_h11-crawling-under-equipment-inspection-01.txt,01c69fa30012ac88bef2bbac8a141eec7c6a58e09faa4b0527c75606f1ada1d0,1.5,/home/yanbo/下载/batches/batch_person-fallen-v2-camera1p5m/manifest.json
402_h11-crawling-under-equipment-inspection-02.png,ai_generated,gpt-image-2,gpt-image-2,person-fallen-v2-camera1p5m,unknown,2026-08-26T15:12:40.959199+08:00,batch_person-fallen-v2-camera1p5m,/home/yanbo/下载/batches/batch_person-fallen-v2-camera1p5m/prompts/402_h11-crawling-under-equipment-inspection-02.txt,e0b07205ea1f6009e66770dbc6c3aa4fa7a531fb3ec421112e9e15454f7ad6c2,1.5,/home/yanbo/下载/batches/batch_person-fallen-v2-camera1p5m/manifest.json
403_h11-crawling-under-equipment-inspection-03.png,ai_generated,gpt-image-2,gpt-image-2,person-fallen-v2-camera1p5m,unknown,2026-08-26T15:12:40.959199+08:00,batch_person-fallen-v2-camera1p5m,/home/yanbo/下载/batches/batch_person-fallen-v2-camera1p5m/prompts/403_h11-crawling-under-equipment-inspection-03.txt,b1fafb083963c734b134b9c4caf8998879627aa88ad4556804ef54833ced2db9,1.5,/home/yanbo/下载/batches/batch_person-fallen-v2-camera1p5m/manifest.json
404_h11-crawling-under-equipment-inspection-04.png,ai_generated,gpt-image-2,gpt-image-2,person-fallen-v2-camera1p5m,unknown,2026-08-26T15:12:40.959199+08:00,batch_person-fallen-v2-camera1p5m,/home/yanbo/下载/batches/batch_person-fallen-v2-camera1p5m/prompts/404_h11-crawling-under-equipment-inspection-04.txt,7ce66fcf4ed39552bbdf3e89dd69569cefe85b85681b4572b3f78f5acadc1a1c,1.5,/home/yanbo/下载/batches/batch_person-fallen-v2-camera1p5m/manifest.json
405_h11-crawling-under-equipment-inspection-05.png,ai_generated,gpt-image-2,gpt-image-2,person-fallen-v2-camera1p5m,unknown,2026-08-26T15:12:40.959199+08:00,batch_person-fallen-v2-camera1p5m,/home/yanbo/下载/batches/batch_person-fallen-v2-camera1p5m/prompts/405_h11-crawling-under-equipment-inspection-05.txt,62a0e005657e4e7bea5c1fb16cea3cb757b3f78d54d5d45393bfe5fb9145238d,1.5,/home/yanbo/下载/batches/batch_person-fallen-v2-camera1p5m/manifest.json
406_h11-crawling-under-equipment-inspection-06.png,ai_generated,gpt-image-2,gpt-image-2,person-fallen-v2-camera1p5m,unknown,2026-08-26T15:12:40.959199+08:00,batch_person-fallen-v2-camera1p5m,/home/yanbo/下载/batches/batch_person-fallen-v2-camera1p5m/prompts/406_h11-crawling-under-equipment-inspection-06.txt,5b693f904976510b3bea225afb771d87dd363250fa76c1d3fa3277f826f9a0d1,1.5,/home/yanbo/下载/batches/batch_person-fallen-v2-camera1p5m/manifest.json
407_h11-crawling-under-equipment-inspection-07.png,ai_generated,gpt-image-2,gpt-image-2,person-fallen-v2-camera1p5m,unknown,2026-08-26T15:12:40.959199+08:00,batch_person-fallen-v2-camera1p5m,/home/yanbo/下载/batches/batch_person-fallen-v2-camera1p5m/prompts/407_h11-crawling-under-equipment-inspection-07.txt,de64c532dc5357ec8d5aa8f656a39a0bee1e321a018f74741156caea28f0e7c4,1.5,/home/yanbo/下载/batches/batch_person-fallen-v2-camera1p5m/manifest.json
408_h11-crawling-under-equipment-inspection-08.png,ai_generated,gpt-image-2,gpt-image-2,person-fallen-v2-camera1p5m,unknown,2026-08-26T15:12:40.959199+08:00,batch_person-fallen-v2-camera1p5m,/home/yanbo/下载/batches/batch_person-fallen-v2-camera1p5m/prompts/408_h11-crawling-under-equipment-inspection-08.txt,5a99cfb68341455b4b211eebdc8279d3156f1a63cfc8ffa357e9bc08381d5c66,1.5,/home/yanbo/下载/batches/batch_person-fallen-v2-camera1p5m/manifest.json
409_h11-crawling-under-equipment-inspection-09.png,ai_generated,gpt-image-2,gpt-image-2,person-fallen-v2-camera1p5m,unknown,2026-08-26T15:12:40.959199+08:00,batch_person-fallen-v2-camera1p5m,/home/yanbo/下载/batches/batch_person-fallen-v2-camera1p5m/prompts/409_h11-crawling-under-equipment-inspection-09.txt,d61d6be36e572ffb30f76e1cf7c8cb710776f96f709efa59845e9e0f5c649b29,1.5,/home/yanbo/下载/batches/batch_person-fallen-v2-camera1p5m/manifest.json
40_p04-prone-on-floor-10.png,ai_generated,gpt-image-2,gpt-image-2,person-fallen-v2-camera1p5m,unknown,2026-08-26T15:12:40.959199+08:00,batch_person-fallen-v2-camera1p5m,/home/yanbo/下载/batches/batch_person-fallen-v2-camera1p5m/prompts/40_p04-prone-on-floor-10.txt,1688b00970d09e1847c654c758fab4926f2f6ce50f934c0257532aeb2b871790,1.5,/home/yanbo/下载/batches/batch_person-fallen-v2-camera1p5m/manifest.json
410_h11-crawling-under-equipment-inspection-10.png,ai_generated,gpt-image-2,gpt-image-2,person-fallen-v2-camera1p5m,unknown,2026-08-26T15:12:40.959199+08:00,batch_person-fallen-v2-camera1p5m,/home/yanbo/下载/batches/batch_person-fallen-v2-camera1p5m/prompts/410_h11-crawling-under-equipment-inspection-10.txt,d00f233384f26d3220f8c8379530544482a77d3200a47f44757225ca008ce5d7,1.5,/home/yanbo/下载/batches/batch_person-fallen-v2-camera1p5m/manifest.json
411_h12-crawling-under-equipment-inspection-01.png,ai_generated,gpt-image-2,gpt-image-2,person-fallen-v2-camera1p5m,unknown,2026-08-26T15:12:40.959199+08:00,batch_person-fallen-v2-camera1p5m,/home/yanbo/下载/batches/batch_person-fallen-v2-camera1p5m/prompts/411_h12-crawling-under-equipment-inspection-01.txt,5967344e69cf98685363b64a32364717ebe12564b86aebb839f660a025ad9290,1.5,/home/yanbo/下载/batches/batch_person-fallen-v2-camera1p5m/manifest.json
412_h12-crawling-under-equipment-inspection-02.png,ai_generated,gpt-image-2,gpt-image-2,person-fallen-v2-camera1p5m,unknown,2026-08-26T15:12:40.959199+08:00,batch_person-fallen-v2-camera1p5m,/home/yanbo/下载/batches/batch_person-fallen-v2-camera1p5m/prompts/412_h12-crawling-under-equipment-inspection-02.txt,7e5ea81e39ff56b4b7b9e132f2925befc95e14cab0566527a8ffecc1b6f6a4ae,1.5,/home/yanbo/下载/batches/batch_person-fallen-v2-camera1p5m/manifest.json
413_h12-crawling-under-equipment-inspection-03.png,ai_generated,gpt-image-2,gpt-image-2,person-fallen-v2-camera1p5m,unknown,2026-08-26T15:12:40.959199+08:00,batch_person-fallen-v2-camera1p5m,/home/yanbo/下载/batches/batch_person-fallen-v2-camera1p5m/prompts/413_h12-crawling-under-equipment-inspection-03.txt,7ac42e556e44a4db8d9bf8959ce92565569e5bde3b4f1937d545709753fdd425,1.5,/home/yanbo/下载/batches/batch_person-fallen-v2-camera1p5m/manifest.json
414_h12-crawling-under-equipment-inspection-04.png,ai_generated,gpt-image-2,gpt-image-2,person-fallen-v2-camera1p5m,unknown,2026-08-26T15:12:40.959199+08:00,batch_person-fallen-v2-camera1p5m,/home/yanbo/下载/batches/batch_person-fallen-v2-camera1p5m/prompts/414_h12-crawling-under-equipment-inspection-04.txt,e3bf592dccec6119a4793135c5c03b5fdd7f61b50b040c8e882137fb51da0aa6,1.5,/home/yanbo/下载/batches/batch_person-fallen-v2-camera1p5m/manifest.json
415_h12-crawling-under-equipment-inspection-05.png,ai_generated,gpt-image-2,gpt-image-2,person-fallen-v2-camera1p5m,unknown,2026-08-26T15:12:40.959199+08:00,batch_person-fallen-v2-camera1p5m,/home/yanbo/下载/batches/batch_person-fallen-v2-camera1p5m/prompts/415_h12-crawling-under-equipment-inspection-05.txt,d8d1e3fddd9a7fe171a384b05a3d1ed0afbab249a79600f91d8f288b7c0a8fe4,1.5,/home/yanbo/下载/batches/batch_person-fallen-v2-camera1p5m/manifest.json
416_h12-crawling-under-equipment-inspection-06.png,ai_generated,gpt-image-2,gpt-image-2,person-fallen-v2-camera1p5m,unknown,2026-08-26T15:12:40.959199+08:00,batch_person-fallen-v2-camera1p5m,/home/yanbo/下载/batches/batch_person-fallen-v2-camera1p5m/prompts/416_h12-crawling-under-equipment-inspection-06.txt,9730d3aaf7a806a8d5cd3c876411b3f0b36e4f777fd853d7ad4b10b6aa957072,1.5,/home/yanbo/下载/batches/batch_person-fallen-v2-camera1p5m/manifest.json
417_h12-crawling-under-equipment-inspection-07.png,ai_generated,gpt-image-2,gpt-image-2,person-fallen-v2-camera1p5m,unknown,2026-08-26T15:12:40.959199+08:00,batch_person-fallen-v2-camera1p5m,/home/yanbo/下载/batches/batch_person-fallen-v2-camera1p5m/prompts/417_h12-crawling-under-equipment-inspection-07.txt,5ab8f8659f5df5a3fe62cb119f8259855a144235f746742501649bc3d5d2a953,1.5,/home/yanbo/下载/batches/batch_person-fallen-v2-camera1p5m/manifest.json
418_h12-crawling-under-equipment-inspection-08.png,ai_generated,gpt-image-2,gpt-image-2,person-fallen-v2-camera1p5m,unknown,2026-08-26T15:12:40.959199+08:00,batch_person-fallen-v2-camera1p5m,/home/yanbo/下载/batches/batch_person-fallen-v2-camera1p5m/prompts/418_h12-crawling-under-equipment-inspection-08.txt,5f88218825dfb07e0d37a95a724b97e91a1679504a88072cf1b6be82dc7f14f4,1.5,/home/yanbo/下载/batches/batch_person-fallen-v2-camera1p5m/manifest.json
419_h12-crawling-under-equipment-inspection-09.png,ai_generated,gpt-image-2,gpt-image-2,person-fallen-v2-camera1p5m,unknown,2026-08-26T15:12:40.959199+08:00,batch_person-fallen-v2-camera1p5m,/home/yanbo/下载/batches/batch_person-fallen-v2-camera1p5m/prompts/419_h12-crawling-under-equipment-inspection-09.txt,30b578fc88fa8864d753e4bc9f44b5cb194cf4e6107cfc72db8db26db154c20b,1.5,/home/yanbo/下载/batches/batch_person-fallen-v2-camera1p5m/manifest.json
41_p05-side-lying-on-floor-01.png,ai_generated,gpt-image-2,gpt-image-2,person-fallen-v2-camera1p5m,unknown,2026-08-26T15:12:40.959199+08:00,batch_person-fallen-v2-camera1p5m,/home/yanbo/下载/batches/batch_person-fallen-v2-camera1p5m/prompts/41_p05-side-lying-on-floor-01.txt,a0bdce25515f3790fdf48386eeb35a9907f705f099b15ce202b2bbab2acd80a2,1.5,/home/yanbo/下载/batches/batch_person-fallen-v2-camera1p5m/manifest.json
420_h12-crawling-under-equipment-inspection-10.png,ai_generated,gpt-image-2,gpt-image-2,person-fallen-v2-camera1p5m,unknown,2026-08-26T15:12:40.959199+08:00,batch_person-fallen-v2-camera1p5m,/home/yanbo/下载/batches/batch_person-fallen-v2-camera1p5m/prompts/420_h12-crawling-under-equipment-inspection-10.txt,b338813c843f22024bb7d53074d62657175da8039bab2f9c7370d078d75b5bd2,1.5,/home/yanbo/下载/batches/batch_person-fallen-v2-camera1p5m/manifest.json
421_h13-normal-lying-on-bed-01.png,ai_generated,gpt-image-2,gpt-image-2,person-fallen-v2-camera1p5m,unknown,2026-08-26T15:12:40.959199+08:00,batch_person-fallen-v2-camera1p5m,/home/yanbo/下载/batches/batch_person-fallen-v2-camera1p5m/prompts/421_h13-normal-lying-on-bed-01.txt,af8e84025cf468b70f58411985d0a56563723b2b4b5d6d7eeecd9bc95994801f,1.5,/home/yanbo/下载/batches/batch_person-fallen-v2-camera1p5m/manifest.json
422_h13-normal-lying-on-bed-02.png,ai_generated,gpt-image-2,gpt-image-2,person-fallen-v2-camera1p5m,unknown,2026-08-26T15:12:40.959199+08:00,batch_person-fallen-v2-camera1p5m,/home/yanbo/下载/batches/batch_person-fallen-v2-camera1p5m/prompts/422_h13-normal-lying-on-bed-02.txt,de3955d9451f391cf9db4ce339811456edd40c8c85ca000e511f20c41c2c1afe,1.5,/home/yanbo/下载/batches/batch_person-fallen-v2-camera1p5m/manifest.json
423_h13-normal-lying-on-bed-03.png,ai_generated,gpt-image-2,gpt-image-2,person-fallen-v2-camera1p5m,unknown,2026-08-26T15:12:40.959199+08:00,batch_person-fallen-v2-camera1p5m,/home/yanbo/下载/batches/batch_person-fallen-v2-camera1p5m/prompts/423_h13-normal-lying-on-bed-03.txt,01826ea99eaf078450f75470260534dc5b50e1abbe93bb8edf0db5bdf9387c6b,1.5,/home/yanbo/下载/batches/batch_person-fallen-v2-camera1p5m/manifest.json
424_h13-normal-lying-on-bed-04.png,ai_generated,gpt-image-2,gpt-image-2,person-fallen-v2-camera1p5m,unknown,2026-08-26T15:12:40.959199+08:00,batch_person-fallen-v2-camera1p5m,/home/yanbo/下载/batches/batch_person-fallen-v2-camera1p5m/prompts/424_h13-normal-lying-on-bed-04.txt,dd8231e9327a1da533878be2519a94f1aafe5a62c2fb32746ef3da0683d68c73,1.5,/home/yanbo/下载/batches/batch_person-fallen-v2-camera1p5m/manifest.json
425_h13-normal-lying-on-bed-05.png,ai_generated,gpt-image-2,gpt-image-2,person-fallen-v2-camera1p5m,unknown,2026-08-26T15:12:40.959199+08:00,batch_person-fallen-v2-camera1p5m,/home/yanbo/下载/batches/batch_person-fallen-v2-camera1p5m/prompts/425_h13-normal-lying-on-bed-05.txt,8dd09935a9e0403e9a5f93e7c083c4341af554698476ae3d192075510e3cc89b,1.5,/home/yanbo/下载/batches/batch_person-fallen-v2-camera1p5m/manifest.json
426_h13-normal-lying-on-bed-06.png,ai_generated,gpt-image-2,gpt-image-2,person-fallen-v2-camera1p5m,unknown,2026-08-26T15:12:40.959199+08:00,batch_person-fallen-v2-camera1p5m,/home/yanbo/下载/batches/batch_person-fallen-v2-camera1p5m/prompts/426_h13-normal-lying-on-bed-06.txt,3ce33b5916939eca0aa05f2dffe18006e5f29b31dff435d6b58a5562168c809d,1.5,/home/yanbo/下载/batches/batch_person-fallen-v2-camera1p5m/manifest.json
427_h13-normal-lying-on-bed-07.png,ai_generated,gpt-image-2,gpt-image-2,person-fallen-v2-camera1p5m,unknown,2026-08-26T15:12:40.959199+08:00,batch_person-fallen-v2-camera1p5m,/home/yanbo/下载/batches/batch_person-fallen-v2-camera1p5m/prompts/427_h13-normal-lying-on-bed-07.txt,d93135686274977af7b6004ea3942eb20542125a48d50a32ff1cf919b94e6194,1.5,/home/yanbo/下载/batches/batch_person-fallen-v2-camera1p5m/manifest.json
428_h13-normal-lying-on-bed-08.png,ai_generated,gpt-image-2,gpt-image-2,person-fallen-v2-camera1p5m,unknown,2026-08-26T15:12:40.959199+08:00,batch_person-fallen-v2-camera1p5m,/home/yanbo/下载/batches/batch_person-fallen-v2-camera1p5m/prompts/428_h13-normal-lying-on-bed-08.txt,384a30a5d37d75d5fa5a550aadc88568b2ce39e42bfe35753ea718052b572e86,1.5,/home/yanbo/下载/batches/batch_person-fallen-v2-camera1p5m/manifest.json
429_h13-normal-lying-on-bed-09.png,ai_generated,gpt-image-2,gpt-image-2,person-fallen-v2-camera1p5m,unknown,2026-08-26T15:12:40.959199+08:00,batch_person-fallen-v2-camera1p5m,/home/yanbo/下载/batches/batch_person-fallen-v2-camera1p5m/prompts/429_h13-normal-lying-on-bed-09.txt,ef4072a73515a1dd2e156a4d1886320e10b632c0e44f72311cb6abf5c8180330,1.5,/home/yanbo/下载/batches/batch_person-fallen-v2-camera1p5m/manifest.json
42_p05-side-lying-on-floor-02.png,ai_generated,gpt-image-2,gpt-image-2,person-fallen-v2-camera1p5m,unknown,2026-08-26T15:12:40.959199+08:00,batch_person-fallen-v2-camera1p5m,/home/yanbo/下载/batches/batch_person-fallen-v2-camera1p5m/prompts/42_p05-side-lying-on-floor-02.txt,2b1182d620f18f9aeae2287c1e597e3112c2044cf1215167f4ee52d480e1986b,1.5,/home/yanbo/下载/batches/batch_person-fallen-v2-camera1p5m/manifest.json
430_h13-normal-lying-on-bed-10.png,ai_generated,gpt-image-2,gpt-image-2,person-fallen-v2-camera1p5m,unknown,2026-08-26T15:12:40.959199+08:00,batch_person-fallen-v2-camera1p5m,/home/yanbo/下载/batches/batch_person-fallen-v2-camera1p5m/prompts/430_h13-normal-lying-on-bed-10.txt,08ae631dcf7db12900895e7a46c1aa5b13665f62ab1e8fcd9ff70845346e66a3,1.5,/home/yanbo/下载/batches/batch_person-fallen-v2-camera1p5m/manifest.json
431_h14-normal-lying-on-bed-01.png,ai_generated,gpt-image-2,gpt-image-2,person-fallen-v2-camera1p5m,unknown,2026-08-26T15:12:40.959199+08:00,batch_person-fallen-v2-camera1p5m,/home/yanbo/下载/batches/batch_person-fallen-v2-camera1p5m/prompts/431_h14-normal-lying-on-bed-01.txt,c3f60e7414b20fd4d6848bcaf75cb0cf7f5a7087044ac5ef40bd538bb1f4ae76,1.5,/home/yanbo/下载/batches/batch_person-fallen-v2-camera1p5m/manifest.json
432_h14-normal-lying-on-bed-02.png,ai_generated,gpt-image-2,gpt-image-2,person-fallen-v2-camera1p5m,unknown,2026-08-26T15:12:40.959199+08:00,batch_person-fallen-v2-camera1p5m,/home/yanbo/下载/batches/batch_person-fallen-v2-camera1p5m/prompts/432_h14-normal-lying-on-bed-02.txt,5b4886e02f0e7e1639918cbbcca4064e535edaf538b4b75b13e64f0cf26998ea,1.5,/home/yanbo/下载/batches/batch_person-fallen-v2-camera1p5m/manifest.json
433_h14-normal-lying-on-bed-03.png,ai_generated,gpt-image-2,gpt-image-2,person-fallen-v2-camera1p5m,unknown,2026-08-26T15:12:40.959199+08:00,batch_person-fallen-v2-camera1p5m,/home/yanbo/下载/batches/batch_person-fallen-v2-camera1p5m/prompts/433_h14-normal-lying-on-bed-03.txt,330db659aba765e7ea1621e408348a9326eec40d99e380469ba3385a688e2fc5,1.5,/home/yanbo/下载/batches/batch_person-fallen-v2-camera1p5m/manifest.json
434_h14-normal-lying-on-bed-04.png,ai_generated,gpt-image-2,gpt-image-2,person-fallen-v2-camera1p5m,unknown,2026-08-26T15:12:40.959199+08:00,batch_person-fallen-v2-camera1p5m,/home/yanbo/下载/batches/batch_person-fallen-v2-camera1p5m/prompts/434_h14-normal-lying-on-bed-04.txt,df30b3d9537428dbaf07d1c13c68989ca1fa6b84c36e43dc3d7515ef0f6c1841,1.5,/home/yanbo/下载/batches/batch_person-fallen-v2-camera1p5m/manifest.json
435_h14-normal-lying-on-bed-05.png,ai_generated,gpt-image-2,gpt-image-2,person-fallen-v2-camera1p5m,unknown,2026-08-26T15:12:40.959199+08:00,batch_person-fallen-v2-camera1p5m,/home/yanbo/下载/batches/batch_person-fallen-v2-camera1p5m/prompts/435_h14-normal-lying-on-bed-05.txt,6c2749e968216fbd8d2adc66f41e79ad074aeba92944c7582c6ad1d5d62388ca,1.5,/home/yanbo/下载/batches/batch_person-fallen-v2-camera1p5m/manifest.json
436_h14-normal-lying-on-bed-06.png,ai_generated,gpt-image-2,gpt-image-2,person-fallen-v2-camera1p5m,unknown,2026-08-26T15:12:40.959199+08:00,batch_person-fallen-v2-camera1p5m,/home/yanbo/下载/batches/batch_person-fallen-v2-camera1p5m/prompts/436_h14-normal-lying-on-bed-06.txt,bde7aa1e90f417cc1b11317264c9a736fe4ea2052fdb01c138506da4d04f8497,1.5,/home/yanbo/下载/batches/batch_person-fallen-v2-camera1p5m/manifest.json
437_h14-normal-lying-on-bed-07.png,ai_generated,gpt-image-2,gpt-image-2,person-fallen-v2-camera1p5m,unknown,2026-08-26T15:12:40.959199+08:00,batch_person-fallen-v2-camera1p5m,/home/yanbo/下载/batches/batch_person-fallen-v2-camera1p5m/prompts/437_h14-normal-lying-on-bed-07.txt,7b36fa33572b617d3d7c16a0e3e511c9248ac234af3fa7349218d9c79f983dd4,1.5,/home/yanbo/下载/batches/batch_person-fallen-v2-camera1p5m/manifest.json
438_h14-normal-lying-on-bed-08.png,ai_generated,gpt-image-2,gpt-image-2,person-fallen-v2-camera1p5m,unknown,2026-08-26T15:12:40.959199+08:00,batch_person-fallen-v2-camera1p5m,/home/yanbo/下载/batches/batch_person-fallen-v2-camera1p5m/prompts/438_h14-normal-lying-on-bed-08.txt,eaa49850c9652ec2deddab2e2ca4a5069085039bc6c1daab6f6b02493ceab196,1.5,/home/yanbo/下载/batches/batch_person-fallen-v2-camera1p5m/manifest.json
439_h14-normal-lying-on-bed-09.png,ai_generated,gpt-image-2,gpt-image-2,person-fallen-v2-camera1p5m,unknown,2026-08-26T15:12:40.959199+08:00,batch_person-fallen-v2-camera1p5m,/home/yanbo/下载/batches/batch_person-fallen-v2-camera1p5m/prompts/439_h14-normal-lying-on-bed-09.txt,d08dd2e5125f07770224dc181ac89a12c60c6032e0d2f420fc88b86c1cf846a0,1.5,/home/yanbo/下载/batches/batch_person-fallen-v2-camera1p5m/manifest.json
43_p05-side-lying-on-floor-03.png,ai_generated,gpt-image-2,gpt-image-2,person-fallen-v2-camera1p5m,unknown,2026-08-26T15:12:40.959199+08:00,batch_person-fallen-v2-camera1p5m,/home/yanbo/下载/batches/batch_person-fallen-v2-camera1p5m/prompts/43_p05-side-lying-on-floor-03.txt,b434394c81cad2814712a9c9f17b2619a562b19ba0b585b7dcdc2122725007fb,1.5,/home/yanbo/下载/batches/batch_person-fallen-v2-camera1p5m/manifest.json
440_h14-normal-lying-on-bed-10.png,ai_generated,gpt-image-2,gpt-image-2,person-fallen-v2-camera1p5m,unknown,2026-08-26T15:12:40.959199+08:00,batch_person-fallen-v2-camera1p5m,/home/yanbo/下载/batches/batch_person-fallen-v2-camera1p5m/prompts/440_h14-normal-lying-on-bed-10.txt,09441ee416e7dbe3065df3672e3665b356669dd154473cc467b9a0c9dbd2c4be,1.5,/home/yanbo/下载/batches/batch_person-fallen-v2-camera1p5m/manifest.json
441_h15-normal-lying-on-sofa-or-recliner-01.png,ai_generated,gpt-image-2,gpt-image-2,person-fallen-v2-camera1p5m,unknown,2026-08-26T15:12:40.959199+08:00,batch_person-fallen-v2-camera1p5m,/home/yanbo/下载/batches/batch_person-fallen-v2-camera1p5m/prompts/441_h15-normal-lying-on-sofa-or-recliner-01.txt,5cc43037ac669399a3001f183d65e2fe96e7a19ffc13631985ba630c60cdb6f3,1.5,/home/yanbo/下载/batches/batch_person-fallen-v2-camera1p5m/manifest.json
442_h15-normal-lying-on-sofa-or-recliner-02.png,ai_generated,gpt-image-2,gpt-image-2,person-fallen-v2-camera1p5m,unknown,2026-08-26T15:12:40.959199+08:00,batch_person-fallen-v2-camera1p5m,/home/yanbo/下载/batches/batch_person-fallen-v2-camera1p5m/prompts/442_h15-normal-lying-on-sofa-or-recliner-02.txt,137088d8616b372e8f02f2bffd68f8e7c674bf921b3460a23ab44eac31139407,1.5,/home/yanbo/下载/batches/batch_person-fallen-v2-camera1p5m/manifest.json
443_h15-normal-lying-on-sofa-or-recliner-03.png,ai_generated,gpt-image-2,gpt-image-2,person-fallen-v2-camera1p5m,unknown,2026-08-26T15:12:40.959199+08:00,batch_person-fallen-v2-camera1p5m,/home/yanbo/下载/batches/batch_person-fallen-v2-camera1p5m/prompts/443_h15-normal-lying-on-sofa-or-recliner-03.txt,ce6a579940bbfa0750ff779163ebd5f006c7a37bf88320fec211dcf93576b994,1.5,/home/yanbo/下载/batches/batch_person-fallen-v2-camera1p5m/manifest.json
444_h15-normal-lying-on-sofa-or-recliner-04.png,ai_generated,gpt-image-2,gpt-image-2,person-fallen-v2-camera1p5m,unknown,2026-08-26T15:12:40.959199+08:00,batch_person-fallen-v2-camera1p5m,/home/yanbo/下载/batches/batch_person-fallen-v2-camera1p5m/prompts/444_h15-normal-lying-on-sofa-or-recliner-04.txt,1d0c515d93c26da7621916e928708d3760f65170092a97a3fcf08cb427861764,1.5,/home/yanbo/下载/batches/batch_person-fallen-v2-camera1p5m/manifest.json
445_h15-normal-lying-on-sofa-or-recliner-05.png,ai_generated,gpt-image-2,gpt-image-2,person-fallen-v2-camera1p5m,unknown,2026-08-26T15:12:40.959199+08:00,batch_person-fallen-v2-camera1p5m,/home/yanbo/下载/batches/batch_person-fallen-v2-camera1p5m/prompts/445_h15-normal-lying-on-sofa-or-recliner-05.txt,fb6279b587b8a316420ed49d26183488ee46398e02b3facebb41a2842b443977,1.5,/home/yanbo/下载/batches/batch_person-fallen-v2-camera1p5m/manifest.json
446_h15-normal-lying-on-sofa-or-recliner-06.png,ai_generated,gpt-image-2,gpt-image-2,person-fallen-v2-camera1p5m,unknown,2026-08-26T15:12:40.959199+08:00,batch_person-fallen-v2-camera1p5m,/home/yanbo/下载/batches/batch_person-fallen-v2-camera1p5m/prompts/446_h15-normal-lying-on-sofa-or-recliner-06.txt,a93933c9a25f4ff3fc7b8f198b15ee174e3ec813355a4b6c6d9e460fcffe80ed,1.5,/home/yanbo/下载/batches/batch_person-fallen-v2-camera1p5m/manifest.json
447_h15-normal-lying-on-sofa-or-recliner-07.png,ai_generated,gpt-image-2,gpt-image-2,person-fallen-v2-camera1p5m,unknown,2026-08-26T15:12:40.959199+08:00,batch_person-fallen-v2-camera1p5m,/home/yanbo/下载/batches/batch_person-fallen-v2-camera1p5m/prompts/447_h15-normal-lying-on-sofa-or-recliner-07.txt,255db7de96924091db6f440c735dbe00ece15e9ec477d825c86bdf698bba10e6,1.5,/home/yanbo/下载/batches/batch_person-fallen-v2-camera1p5m/manifest.json
448_h15-normal-lying-on-sofa-or-recliner-08.png,ai_generated,gpt-image-2,gpt-image-2,person-fallen-v2-camera1p5m,unknown,2026-08-26T15:12:40.959199+08:00,batch_person-fallen-v2-camera1p5m,/home/yanbo/下载/batches/batch_person-fallen-v2-camera1p5m/prompts/448_h15-normal-lying-on-sofa-or-recliner-08.txt,a47389c6234bd2c12dc98aabcb2334deca9a8186712959896239902ec944cb47,1.5,/home/yanbo/下载/batches/batch_person-fallen-v2-camera1p5m/manifest.json
449_h15-normal-lying-on-sofa-or-recliner-09.png,ai_generated,gpt-image-2,gpt-image-2,person-fallen-v2-camera1p5m,unknown,2026-08-26T15:12:40.959199+08:00,batch_person-fallen-v2-camera1p5m,/home/yanbo/下载/batches/batch_person-fallen-v2-camera1p5m/prompts/449_h15-normal-lying-on-sofa-or-recliner-09.txt,f62a311bca164f3e21c164da78573f03bfe946a97cf2a0b10fe11ff2c94b27d1,1.5,/home/yanbo/下载/batches/batch_person-fallen-v2-camera1p5m/manifest.json
44_p05-side-lying-on-floor-04.png,ai_generated,gpt-image-2,gpt-image-2,person-fallen-v2-camera1p5m,unknown,2026-08-26T15:12:40.959199+08:00,batch_person-fallen-v2-camera1p5m,/home/yanbo/下载/batches/batch_person-fallen-v2-camera1p5m/prompts/44_p05-side-lying-on-floor-04.txt,a1323cf2e80c423ec00e97b9a7eaf741e76b60748663be267c230655ddd0ca4b,1.5,/home/yanbo/下载/batches/batch_person-fallen-v2-camera1p5m/manifest.json
450_h15-normal-lying-on-sofa-or-recliner-10.png,ai_generated,gpt-image-2,gpt-image-2,person-fallen-v2-camera1p5m,unknown,2026-08-26T15:12:40.959199+08:00,batch_person-fallen-v2-camera1p5m,/home/yanbo/下载/batches/batch_person-fallen-v2-camera1p5m/prompts/450_h15-normal-lying-on-sofa-or-recliner-10.txt,01aaac49f4b84d9fce00e1076a49cedc1f845678c7275b2cc249f77410096328,1.5,/home/yanbo/下载/batches/batch_person-fallen-v2-camera1p5m/manifest.json
451_h16-dummy-mannequin-poster-01.png,ai_generated,gpt-image-2,gpt-image-2,person-fallen-v2-camera1p5m,unknown,2026-08-26T15:12:40.959199+08:00,batch_person-fallen-v2-camera1p5m,/home/yanbo/下载/batches/batch_person-fallen-v2-camera1p5m/prompts/451_h16-dummy-mannequin-poster-01.txt,b62bc532218ed8eb702eb25e0306076a1de61fa21051073eecaecb0876c93da5,1.5,/home/yanbo/下载/batches/batch_person-fallen-v2-camera1p5m/manifest.json
452_h16-dummy-mannequin-poster-02.png,ai_generated,gpt-image-2,gpt-image-2,person-fallen-v2-camera1p5m,unknown,2026-08-26T15:12:40.959199+08:00,batch_person-fallen-v2-camera1p5m,/home/yanbo/下载/batches/batch_person-fallen-v2-camera1p5m/prompts/452_h16-dummy-mannequin-poster-02.txt,8e3ed2e506a6d5175d773eef51463c018ee0601fadcb9adf43bfdd6b29504474,1.5,/home/yanbo/下载/batches/batch_person-fallen-v2-camera1p5m/manifest.json
453_h16-dummy-mannequin-poster-03.png,ai_generated,gpt-image-2,gpt-image-2,person-fallen-v2-camera1p5m,unknown,2026-08-26T15:12:40.959199+08:00,batch_person-fallen-v2-camera1p5m,/home/yanbo/下载/batches/batch_person-fallen-v2-camera1p5m/prompts/453_h16-dummy-mannequin-poster-03.txt,5402fcf0b57d4dedd595d6fc9316d244676732b3c535568f05bd9d9def3f0f57,1.5,/home/yanbo/下载/batches/batch_person-fallen-v2-camera1p5m/manifest.json
454_h16-dummy-mannequin-poster-04.png,ai_generated,gpt-image-2,gpt-image-2,person-fallen-v2-camera1p5m,unknown,2026-08-26T15:12:40.959199+08:00,batch_person-fallen-v2-camera1p5m,/home/yanbo/下载/batches/batch_person-fallen-v2-camera1p5m/prompts/454_h16-dummy-mannequin-poster-04.txt,4d0447d943d8f4ec40d16cccfebf0d3894c2026f3ec1a8f2571338834b9bdfe5,1.5,/home/yanbo/下载/batches/batch_person-fallen-v2-camera1p5m/manifest.json
455_h16-dummy-mannequin-poster-05.png,ai_generated,gpt-image-2,gpt-image-2,person-fallen-v2-camera1p5m,unknown,2026-08-26T15:12:40.959199+08:00,batch_person-fallen-v2-camera1p5m,/home/yanbo/下载/batches/batch_person-fallen-v2-camera1p5m/prompts/455_h16-dummy-mannequin-poster-05.txt,83bd93cd730180c1ea2e772811f338ba82f8db452c56c2859d2aa6073b78e897,1.5,/home/yanbo/下载/batches/batch_person-fallen-v2-camera1p5m/manifest.json
456_h16-dummy-mannequin-poster-06.png,ai_generated,gpt-image-2,gpt-image-2,person-fallen-v2-camera1p5m,unknown,2026-08-26T15:12:40.959199+08:00,batch_person-fallen-v2-camera1p5m,/home/yanbo/下载/batches/batch_person-fallen-v2-camera1p5m/prompts/456_h16-dummy-mannequin-poster-06.txt,b3397269f505e305ca25caf8d9fe6f3c86614118406514e84343673734fd7ba3,1.5,/home/yanbo/下载/batches/batch_person-fallen-v2-camera1p5m/manifest.json
457_h16-dummy-mannequin-poster-07.png,ai_generated,gpt-image-2,gpt-image-2,person-fallen-v2-camera1p5m,unknown,2026-08-26T15:12:40.959199+08:00,batch_person-fallen-v2-camera1p5m,/home/yanbo/下载/batches/batch_person-fallen-v2-camera1p5m/prompts/457_h16-dummy-mannequin-poster-07.txt,a02113bc0f3b1111d5111ded49f5ef82b500feb7aabfac60bae0c6571bf62206,1.5,/home/yanbo/下载/batches/batch_person-fallen-v2-camera1p5m/manifest.json
458_h16-dummy-mannequin-poster-08.png,ai_generated,gpt-image-2,gpt-image-2,person-fallen-v2-camera1p5m,unknown,2026-08-26T15:12:40.959199+08:00,batch_person-fallen-v2-camera1p5m,/home/yanbo/下载/batches/batch_person-fallen-v2-camera1p5m/prompts/458_h16-dummy-mannequin-poster-08.txt,926a3bf36adfe61ef8457ba389b452fd9b7b26117751914f261102c8836157a4,1.5,/home/yanbo/下载/batches/batch_person-fallen-v2-camera1p5m/manifest.json
459_h16-dummy-mannequin-poster-09.png,ai_generated,gpt-image-2,gpt-image-2,person-fallen-v2-camera1p5m,unknown,2026-08-26T15:12:40.959199+08:00,batch_person-fallen-v2-camera1p5m,/home/yanbo/下载/batches/batch_person-fallen-v2-camera1p5m/prompts/459_h16-dummy-mannequin-poster-09.txt,2bc6019bd2c4b023091e17f1afb6a5783791655a132e18ed0da73064f664b39f,1.5,/home/yanbo/下载/batches/batch_person-fallen-v2-camera1p5m/manifest.json
45_p05-side-lying-on-floor-05.png,ai_generated,gpt-image-2,gpt-image-2,person-fallen-v2-camera1p5m,unknown,2026-08-26T15:12:40.959199+08:00,batch_person-fallen-v2-camera1p5m,/home/yanbo/下载/batches/batch_person-fallen-v2-camera1p5m/prompts/45_p05-side-lying-on-floor-05.txt,9453c93ed2e26afba474eb75a38012378bb109a0499705c46911faae9830a5ce,1.5,/home/yanbo/下载/batches/batch_person-fallen-v2-camera1p5m/manifest.json
460_h16-dummy-mannequin-poster-10.png,ai_generated,gpt-image-2,gpt-image-2,person-fallen-v2-camera1p5m,unknown,2026-08-26T15:12:40.959199+08:00,batch_person-fallen-v2-camera1p5m,/home/yanbo/下载/batches/batch_person-fallen-v2-camera1p5m/prompts/460_h16-dummy-mannequin-poster-10.txt,851f4207845d84448de60c3256718205deaf98363424758644f60d43c56c8883,1.5,/home/yanbo/下载/batches/batch_person-fallen-v2-camera1p5m/manifest.json
461_h17-partial-body-causing-illusion-01.png,ai_generated,gpt-image-2,gpt-image-2,person-fallen-v2-camera1p5m,unknown,2026-08-26T15:12:40.959199+08:00,batch_person-fallen-v2-camera1p5m,/home/yanbo/下载/batches/batch_person-fallen-v2-camera1p5m/prompts/461_h17-partial-body-causing-illusion-01.txt,c2f664894c97d54e41ac77967060c82541c14c259e7fa3faefc0da46abad79cc,1.5,/home/yanbo/下载/batches/batch_person-fallen-v2-camera1p5m/manifest.json
462_h17-partial-body-causing-illusion-02.png,ai_generated,gpt-image-2,gpt-image-2,person-fallen-v2-camera1p5m,unknown,2026-08-26T15:12:40.959199+08:00,batch_person-fallen-v2-camera1p5m,/home/yanbo/下载/batches/batch_person-fallen-v2-camera1p5m/prompts/462_h17-partial-body-causing-illusion-02.txt,4c28f2aa555321cc25258eddf787734a8c1dbf2d766b41d0cd2df2de40c6208f,1.5,/home/yanbo/下载/batches/batch_person-fallen-v2-camera1p5m/manifest.json
463_h17-partial-body-causing-illusion-03.png,ai_generated,gpt-image-2,gpt-image-2,person-fallen-v2-camera1p5m,unknown,2026-08-26T15:12:40.959199+08:00,batch_person-fallen-v2-camera1p5m,/home/yanbo/下载/batches/batch_person-fallen-v2-camera1p5m/prompts/463_h17-partial-body-causing-illusion-03.txt,c1b282e9326403e629c8c0a0f681ad591379871a0710b613b97f7260e99a9157,1.5,/home/yanbo/下载/batches/batch_person-fallen-v2-camera1p5m/manifest.json
464_h17-partial-body-causing-illusion-04.png,ai_generated,gpt-image-2,gpt-image-2,person-fallen-v2-camera1p5m,unknown,2026-08-26T15:12:40.959199+08:00,batch_person-fallen-v2-camera1p5m,/home/yanbo/下载/batches/batch_person-fallen-v2-camera1p5m/prompts/464_h17-partial-body-causing-illusion-04.txt,a2d0f85a8d68eebf2683cf5064509a1947fac30ef52e8ab47f0cda3dd9b040ed,1.5,/home/yanbo/下载/batches/batch_person-fallen-v2-camera1p5m/manifest.json
465_h17-partial-body-causing-illusion-05.png,ai_generated,gpt-image-2,gpt-image-2,person-fallen-v2-camera1p5m,unknown,2026-08-26T15:12:40.959199+08:00,batch_person-fallen-v2-camera1p5m,/home/yanbo/下载/batches/batch_person-fallen-v2-camera1p5m/prompts/465_h17-partial-body-causing-illusion-05.txt,b49fb3d07371ae0835364c58587d3c75ce3ba058273659d9ba0e2a04d8cd8e46,1.5,/home/yanbo/下载/batches/batch_person-fallen-v2-camera1p5m/manifest.json
466_h17-partial-body-causing-illusion-06.png,ai_generated,gpt-image-2,gpt-image-2,person-fallen-v2-camera1p5m,unknown,2026-08-26T15:12:40.959199+08:00,batch_person-fallen-v2-camera1p5m,/home/yanbo/下载/batches/batch_person-fallen-v2-camera1p5m/prompts/466_h17-partial-body-causing-illusion-06.txt,790bde9800b50ef0ede74e5f46a0b40b20dc80878936e9638fdbe5277fc7b03d,1.5,/home/yanbo/下载/batches/batch_person-fallen-v2-camera1p5m/manifest.json
467_h17-partial-body-causing-illusion-07.png,ai_generated,gpt-image-2,gpt-image-2,person-fallen-v2-camera1p5m,unknown,2026-08-26T15:12:40.959199+08:00,batch_person-fallen-v2-camera1p5m,/home/yanbo/下载/batches/batch_person-fallen-v2-camera1p5m/prompts/467_h17-partial-body-causing-illusion-07.txt,9e2e0368a341c2f2ae8c500c92090c1b6f98952dab2831abd78867a4c7ea1164,1.5,/home/yanbo/下载/batches/batch_person-fallen-v2-camera1p5m/manifest.json
468_h17-partial-body-causing-illusion-08.png,ai_generated,gpt-image-2,gpt-image-2,person-fallen-v2-camera1p5m,unknown,2026-08-26T15:12:40.959199+08:00,batch_person-fallen-v2-camera1p5m,/home/yanbo/下载/batches/batch_person-fallen-v2-camera1p5m/prompts/468_h17-partial-body-causing-illusion-08.txt,d55a8091f94be54e02c726307cd12bef6602f49dc77c8ec3173ec301ff94254f,1.5,/home/yanbo/下载/batches/batch_person-fallen-v2-camera1p5m/manifest.json
469_h17-partial-body-causing-illusion-09.png,ai_generated,gpt-image-2,gpt-image-2,person-fallen-v2-camera1p5m,unknown,2026-08-26T15:12:40.959199+08:00,batch_person-fallen-v2-camera1p5m,/home/yanbo/下载/batches/batch_person-fallen-v2-camera1p5m/prompts/469_h17-partial-body-causing-illusion-09.txt,d0252f552fd7a27708334d8d060b3edebc97dd91c030da029f0660b4bca34909,1.5,/home/yanbo/下载/batches/batch_person-fallen-v2-camera1p5m/manifest.json
46_p05-side-lying-on-floor-06.png,ai_generated,gpt-image-2,gpt-image-2,person-fallen-v2-camera1p5m,unknown,2026-08-26T15:12:40.959199+08:00,batch_person-fallen-v2-camera1p5m,/home/yanbo/下载/batches/batch_person-fallen-v2-camera1p5m/prompts/46_p05-side-lying-on-floor-06.txt,bfcc7c74330f2651c55a983c6313026c807f520d7be154bc5e857be939ebf38c,1.5,/home/yanbo/下载/batches/batch_person-fallen-v2-camera1p5m/manifest.json
470_h17-partial-body-causing-illusion-10.png,ai_generated,gpt-image-2,gpt-image-2,person-fallen-v2-camera1p5m,unknown,2026-08-26T15:12:40.959199+08:00,batch_person-fallen-v2-camera1p5m,/home/yanbo/下载/batches/batch_person-fallen-v2-camera1p5m/prompts/470_h17-partial-body-causing-illusion-10.txt,6ac3277f915c73afa3e1c015f17394000c3394c77b6007b7e78f20a4b4dd891b,1.5,/home/yanbo/下载/batches/batch_person-fallen-v2-camera1p5m/manifest.json
471_h18-screen-mirror-photo-depiction-01.png,ai_generated,gpt-image-2,gpt-image-2,person-fallen-v2-camera1p5m,unknown,2026-08-26T15:12:40.959199+08:00,batch_person-fallen-v2-camera1p5m,/home/yanbo/下载/batches/batch_person-fallen-v2-camera1p5m/prompts/471_h18-screen-mirror-photo-depiction-01.txt,3289b06ee9e6cdd0e0497e5597ccf957ba06e34811053319f2e9b42430542686,1.5,/home/yanbo/下载/batches/batch_person-fallen-v2-camera1p5m/manifest.json
472_h18-screen-mirror-photo-depiction-02.png,ai_generated,gpt-image-2,gpt-image-2,person-fallen-v2-camera1p5m,unknown,2026-08-26T15:12:40.959199+08:00,batch_person-fallen-v2-camera1p5m,/home/yanbo/下载/batches/batch_person-fallen-v2-camera1p5m/prompts/472_h18-screen-mirror-photo-depiction-02.txt,800dd3c61b7ea61ff48d0760c21d20a802632c084ee1dc57d280e74602f84263,1.5,/home/yanbo/下载/batches/batch_person-fallen-v2-camera1p5m/manifest.json
473_h18-screen-mirror-photo-depiction-03.png,ai_generated,gpt-image-2,gpt-image-2,person-fallen-v2-camera1p5m,unknown,2026-08-26T15:12:40.959199+08:00,batch_person-fallen-v2-camera1p5m,/home/yanbo/下载/batches/batch_person-fallen-v2-camera1p5m/prompts/473_h18-screen-mirror-photo-depiction-03.txt,c5eb846ea9df5eb8f3d3a512b89bd279d276647d82c642f80dc69f297f1aa0db,1.5,/home/yanbo/下载/batches/batch_person-fallen-v2-camera1p5m/manifest.json
474_h18-screen-mirror-photo-depiction-04.png,ai_generated,gpt-image-2,gpt-image-2,person-fallen-v2-camera1p5m,unknown,2026-08-26T15:12:40.959199+08:00,batch_person-fallen-v2-camera1p5m,/home/yanbo/下载/batches/batch_person-fallen-v2-camera1p5m/prompts/474_h18-screen-mirror-photo-depiction-04.txt,af2c2d1fc9907619a37cd305284e301a3840c173fc962b3ad42fbce2c39a61ed,1.5,/home/yanbo/下载/batches/batch_person-fallen-v2-camera1p5m/manifest.json
475_h18-screen-mirror-photo-depiction-05.png,ai_generated,gpt-image-2,gpt-image-2,person-fallen-v2-camera1p5m,unknown,2026-08-26T15:12:40.959199+08:00,batch_person-fallen-v2-camera1p5m,/home/yanbo/下载/batches/batch_person-fallen-v2-camera1p5m/prompts/475_h18-screen-mirror-photo-depiction-05.txt,f7e5a21cf7170c31b2971e5c3493f46c27e588844988a6b0115e9cbd995670b8,1.5,/home/yanbo/下载/batches/batch_person-fallen-v2-camera1p5m/manifest.json
476_h18-screen-mirror-photo-depiction-06.png,ai_generated,gpt-image-2,gpt-image-2,person-fallen-v2-camera1p5m,unknown,2026-08-26T15:12:40.959199+08:00,batch_person-fallen-v2-camera1p5m,/home/yanbo/下载/batches/batch_person-fallen-v2-camera1p5m/prompts/476_h18-screen-mirror-photo-depiction-06.txt,6714b9e93c08cfdb1aa48427af937ad9df5816daed8033fbaa4a8200f180b7fd,1.5,/home/yanbo/下载/batches/batch_person-fallen-v2-camera1p5m/manifest.json
477_h18-screen-mirror-photo-depiction-07.png,ai_generated,gpt-image-2,gpt-image-2,person-fallen-v2-camera1p5m,unknown,2026-08-26T15:12:40.959199+08:00,batch_person-fallen-v2-camera1p5m,/home/yanbo/下载/batches/batch_person-fallen-v2-camera1p5m/prompts/477_h18-screen-mirror-photo-depiction-07.txt,9326549a22e059175ba0a963601f5067a7110d327cdbcae0821fc07230c5c152,1.5,/home/yanbo/下载/batches/batch_person-fallen-v2-camera1p5m/manifest.json
478_h18-screen-mirror-photo-depiction-08.png,ai_generated,gpt-image-2,gpt-image-2,person-fallen-v2-camera1p5m,unknown,2026-08-26T15:12:40.959199+08:00,batch_person-fallen-v2-camera1p5m,/home/yanbo/下载/batches/batch_person-fallen-v2-camera1p5m/prompts/478_h18-screen-mirror-photo-depiction-08.txt,18b2ee9f851e41babc158eb87b7f772ee037244873959dff4c53bfed51fe2caa,1.5,/home/yanbo/下载/batches/batch_person-fallen-v2-camera1p5m/manifest.json
479_h18-screen-mirror-photo-depiction-09.png,ai_generated,gpt-image-2,gpt-image-2,person-fallen-v2-camera1p5m,unknown,2026-08-26T15:12:40.959199+08:00,batch_person-fallen-v2-camera1p5m,/home/yanbo/下载/batches/batch_person-fallen-v2-camera1p5m/prompts/479_h18-screen-mirror-photo-depiction-09.txt,0bcbe0d1a1963c069c66f38d4af769c426543383b5b9eeacee35250f215a129f,1.5,/home/yanbo/下载/batches/batch_person-fallen-v2-camera1p5m/manifest.json
47_p05-side-lying-on-floor-07.png,ai_generated,gpt-image-2,gpt-image-2,person-fallen-v2-camera1p5m,unknown,2026-08-26T15:12:40.959199+08:00,batch_person-fallen-v2-camera1p5m,/home/yanbo/下载/batches/batch_person-fallen-v2-camera1p5m/prompts/47_p05-side-lying-on-floor-07.txt,a14b077718bc9ffaa33559ba4f5be2b620b790528807f00079e337d3fc729703,1.5,/home/yanbo/下载/batches/batch_person-fallen-v2-camera1p5m/manifest.json
480_h18-screen-mirror-photo-depiction-10.png,ai_generated,gpt-image-2,gpt-image-2,person-fallen-v2-camera1p5m,unknown,2026-08-26T15:12:40.959199+08:00,batch_person-fallen-v2-camera1p5m,/home/yanbo/下载/batches/batch_person-fallen-v2-camera1p5m/prompts/480_h18-screen-mirror-photo-depiction-10.txt,97fb014f219c78c26230a1b150a4db2f17c54e354205b3f78b301ba18704f929,1.5,/home/yanbo/下载/batches/batch_person-fallen-v2-camera1p5m/manifest.json
481_u01-severely-occluded-tiny-blurry-01.png,ai_generated,gpt-image-2,gpt-image-2,person-fallen-v2-camera1p5m,unknown,2026-08-26T15:12:40.959199+08:00,batch_person-fallen-v2-camera1p5m,/home/yanbo/下载/batches/batch_person-fallen-v2-camera1p5m/prompts/481_u01-severely-occluded-tiny-blurry-01.txt,008794a3b048781c2327456f367e2f54786fa94087b2a71dcd66dcacca86e0c0,1.5,/home/yanbo/下载/batches/batch_person-fallen-v2-camera1p5m/manifest.json
482_u01-severely-occluded-tiny-blurry-02.png,ai_generated,gpt-image-2,gpt-image-2,person-fallen-v2-camera1p5m,unknown,2026-08-26T15:12:40.959199+08:00,batch_person-fallen-v2-camera1p5m,/home/yanbo/下载/batches/batch_person-fallen-v2-camera1p5m/prompts/482_u01-severely-occluded-tiny-blurry-02.txt,c7985b27cde2b183ddf59e05d3ba193505d042dc7e1957b5212f89baba4fd9a5,1.5,/home/yanbo/下载/batches/batch_person-fallen-v2-camera1p5m/manifest.json
483_u01-severely-occluded-tiny-blurry-03.png,ai_generated,gpt-image-2,gpt-image-2,person-fallen-v2-camera1p5m,unknown,2026-08-26T15:12:40.959199+08:00,batch_person-fallen-v2-camera1p5m,/home/yanbo/下载/batches/batch_person-fallen-v2-camera1p5m/prompts/483_u01-severely-occluded-tiny-blurry-03.txt,e17a539f1a81297a219bd58c46c1ba444b7f3f71b820f2cc4136a489441c2463,1.5,/home/yanbo/下载/batches/batch_person-fallen-v2-camera1p5m/manifest.json
484_u01-severely-occluded-tiny-blurry-04.png,ai_generated,gpt-image-2,gpt-image-2,person-fallen-v2-camera1p5m,unknown,2026-08-26T15:12:40.959199+08:00,batch_person-fallen-v2-camera1p5m,/home/yanbo/下载/batches/batch_person-fallen-v2-camera1p5m/prompts/484_u01-severely-occluded-tiny-blurry-04.txt,fd517b893c2fb4da4d0a811921b01712b3ceca8f3a7c1e9eee966eea477277da,1.5,/home/yanbo/下载/batches/batch_person-fallen-v2-camera1p5m/manifest.json
485_u01-severely-occluded-tiny-blurry-05.png,ai_generated,gpt-image-2,gpt-image-2,person-fallen-v2-camera1p5m,unknown,2026-08-26T15:12:40.959199+08:00,batch_person-fallen-v2-camera1p5m,/home/yanbo/下载/batches/batch_person-fallen-v2-camera1p5m/prompts/485_u01-severely-occluded-tiny-blurry-05.txt,0236ef50076a78e4e478180935561925f0b5a0d4274bb7d2f17c5f066f055194,1.5,/home/yanbo/下载/batches/batch_person-fallen-v2-camera1p5m/manifest.json
486_u01-severely-occluded-tiny-blurry-06.png,ai_generated,gpt-image-2,gpt-image-2,person-fallen-v2-camera1p5m,unknown,2026-08-26T15:12:40.959199+08:00,batch_person-fallen-v2-camera1p5m,/home/yanbo/下载/batches/batch_person-fallen-v2-camera1p5m/prompts/486_u01-severely-occluded-tiny-blurry-06.txt,85f855e213f31c7e9dc5181b5a2bdfa1a0df0eb5a6bac422f43f38e0c8d7c72d,1.5,/home/yanbo/下载/batches/batch_person-fallen-v2-camera1p5m/manifest.json
487_u01-severely-occluded-tiny-blurry-07.png,ai_generated,gpt-image-2,gpt-image-2,person-fallen-v2-camera1p5m,unknown,2026-08-26T15:12:40.959199+08:00,batch_person-fallen-v2-camera1p5m,/home/yanbo/下载/batches/batch_person-fallen-v2-camera1p5m/prompts/487_u01-severely-occluded-tiny-blurry-07.txt,94900ea322c5b9400a59d5d5df96cc6a0e2b46b1100c586fa703ed44c32fb8c4,1.5,/home/yanbo/下载/batches/batch_person-fallen-v2-camera1p5m/manifest.json
488_u01-severely-occluded-tiny-blurry-08.png,ai_generated,gpt-image-2,gpt-image-2,person-fallen-v2-camera1p5m,unknown,2026-08-26T15:12:40.959199+08:00,batch_person-fallen-v2-camera1p5m,/home/yanbo/下载/batches/batch_person-fallen-v2-camera1p5m/prompts/488_u01-severely-occluded-tiny-blurry-08.txt,0ee68e0028b64ea6eb6c264dde9446ffdd60e65af99ef19b3e43c088c451b7b0,1.5,/home/yanbo/下载/batches/batch_person-fallen-v2-camera1p5m/manifest.json
489_u01-severely-occluded-tiny-blurry-09.png,ai_generated,gpt-image-2,gpt-image-2,person-fallen-v2-camera1p5m,unknown,2026-08-26T15:12:40.959199+08:00,batch_person-fallen-v2-camera1p5m,/home/yanbo/下载/batches/batch_person-fallen-v2-camera1p5m/prompts/489_u01-severely-occluded-tiny-blurry-09.txt,644212ea8f3a8ca3a9be7dacd9ef6f2fcb7f73909243013420a6f3d4a4b8fd72,1.5,/home/yanbo/下载/batches/batch_person-fallen-v2-camera1p5m/manifest.json
48_p05-side-lying-on-floor-08.png,ai_generated,gpt-image-2,gpt-image-2,person-fallen-v2-camera1p5m,unknown,2026-08-26T15:12:40.959199+08:00,batch_person-fallen-v2-camera1p5m,/home/yanbo/下载/batches/batch_person-fallen-v2-camera1p5m/prompts/48_p05-side-lying-on-floor-08.txt,0d830ae131c152cb06070a06cb854be95ddaaa6f928a0fe4f47f2da34abef416,1.5,/home/yanbo/下载/batches/batch_person-fallen-v2-camera1p5m/manifest.json
490_u01-severely-occluded-tiny-blurry-10.png,ai_generated,gpt-image-2,gpt-image-2,person-fallen-v2-camera1p5m,unknown,2026-08-26T15:12:40.959199+08:00,batch_person-fallen-v2-camera1p5m,/home/yanbo/下载/batches/batch_person-fallen-v2-camera1p5m/prompts/490_u01-severely-occluded-tiny-blurry-10.txt,a5444e32c38e4768532a789d0257f8ddb550836bc81203ec65b0e51b64b01436,1.5,/home/yanbo/下载/batches/batch_person-fallen-v2-camera1p5m/manifest.json
491_u02-unclear-support-surface-partial-body-01.png,ai_generated,gpt-image-2,gpt-image-2,person-fallen-v2-camera1p5m,unknown,2026-08-26T15:12:40.959199+08:00,batch_person-fallen-v2-camera1p5m,/home/yanbo/下载/batches/batch_person-fallen-v2-camera1p5m/prompts/491_u02-unclear-support-surface-partial-body-01.txt,95e40bf9bc36aeef5e8f5f7743f2bfc693bd4af6a5f440f9cd26999aeb0ae4b5,1.5,/home/yanbo/下载/batches/batch_person-fallen-v2-camera1p5m/manifest.json
492_u02-unclear-support-surface-partial-body-02.png,ai_generated,gpt-image-2,gpt-image-2,person-fallen-v2-camera1p5m,unknown,2026-08-26T15:12:40.959199+08:00,batch_person-fallen-v2-camera1p5m,/home/yanbo/下载/batches/batch_person-fallen-v2-camera1p5m/prompts/492_u02-unclear-support-surface-partial-body-02.txt,44703760e2728b9bc4deaf2ab941e16d354c97386663bc21aaea75a7965c2fa6,1.5,/home/yanbo/下载/batches/batch_person-fallen-v2-camera1p5m/manifest.json
493_u02-unclear-support-surface-partial-body-03.png,ai_generated,gpt-image-2,gpt-image-2,person-fallen-v2-camera1p5m,unknown,2026-08-26T15:12:40.959199+08:00,batch_person-fallen-v2-camera1p5m,/home/yanbo/下载/batches/batch_person-fallen-v2-camera1p5m/prompts/493_u02-unclear-support-surface-partial-body-03.txt,7b575740158c2401116f2bd5a3bac1f31065d49f6489aa7bc93a14fc3eef394b,1.5,/home/yanbo/下载/batches/batch_person-fallen-v2-camera1p5m/manifest.json
494_u02-unclear-support-surface-partial-body-04.png,ai_generated,gpt-image-2,gpt-image-2,person-fallen-v2-camera1p5m,unknown,2026-08-26T15:12:40.959199+08:00,batch_person-fallen-v2-camera1p5m,/home/yanbo/下载/batches/batch_person-fallen-v2-camera1p5m/prompts/494_u02-unclear-support-surface-partial-body-04.txt,eb4c4c6316e0bb769fc0cf66f1fd5fc6d5e64d6c2506cf434a16ac3772b47078,1.5,/home/yanbo/下载/batches/batch_person-fallen-v2-camera1p5m/manifest.json
495_u02-unclear-support-surface-partial-body-05.png,ai_generated,gpt-image-2,gpt-image-2,person-fallen-v2-camera1p5m,unknown,2026-08-26T15:12:40.959199+08:00,batch_person-fallen-v2-camera1p5m,/home/yanbo/下载/batches/batch_person-fallen-v2-camera1p5m/prompts/495_u02-unclear-support-surface-partial-body-05.txt,080c7eb33ef6c94b72b505dce28c7bb10e48412e581c637d5e3002440706ce85,1.5,/home/yanbo/下载/batches/batch_person-fallen-v2-camera1p5m/manifest.json
496_u02-unclear-support-surface-partial-body-06.png,ai_generated,gpt-image-2,gpt-image-2,person-fallen-v2-camera1p5m,unknown,2026-08-26T15:12:40.959199+08:00,batch_person-fallen-v2-camera1p5m,/home/yanbo/下载/batches/batch_person-fallen-v2-camera1p5m/prompts/496_u02-unclear-support-surface-partial-body-06.txt,a50c9ee2c382b05723ded20b905a0214d4ce1d2b8658b64f269a736ad467dc06,1.5,/home/yanbo/下载/batches/batch_person-fallen-v2-camera1p5m/manifest.json
497_u02-unclear-support-surface-partial-body-07.png,ai_generated,gpt-image-2,gpt-image-2,person-fallen-v2-camera1p5m,unknown,2026-08-26T15:12:40.959199+08:00,batch_person-fallen-v2-camera1p5m,/home/yanbo/下载/batches/batch_person-fallen-v2-camera1p5m/prompts/497_u02-unclear-support-surface-partial-body-07.txt,7c4a71c0ec5126cff1630bdd9cdc0c7652bf3055c5dbe123c36420347d3b2788,1.5,/home/yanbo/下载/batches/batch_person-fallen-v2-camera1p5m/manifest.json
498_u02-unclear-support-surface-partial-body-08.png,ai_generated,gpt-image-2,gpt-image-2,person-fallen-v2-camera1p5m,unknown,2026-08-26T15:12:40.959199+08:00,batch_person-fallen-v2-camera1p5m,/home/yanbo/下载/batches/batch_person-fallen-v2-camera1p5m/prompts/498_u02-unclear-support-surface-partial-body-08.txt,3d3f0cbfe3cf7bb88d565102400851c747a9cfa06423ed1e104295e3d1317551,1.5,/home/yanbo/下载/batches/batch_person-fallen-v2-camera1p5m/manifest.json
499_u02-unclear-support-surface-partial-body-09.png,ai_generated,gpt-image-2,gpt-image-2,person-fallen-v2-camera1p5m,unknown,2026-08-26T15:12:40.959199+08:00,batch_person-fallen-v2-camera1p5m,/home/yanbo/下载/batches/batch_person-fallen-v2-camera1p5m/prompts/499_u02-unclear-support-surface-partial-body-09.txt,8568cd53ab3a4d44d11e8f9177e644cd8aa8d43d04d086f6f271492f2f0aadfd,1.5,/home/yanbo/下载/batches/batch_person-fallen-v2-camera1p5m/manifest.json
49_p05-side-lying-on-floor-09.png,ai_generated,gpt-image-2,gpt-image-2,person-fallen-v2-camera1p5m,unknown,2026-08-26T15:12:40.959199+08:00,batch_person-fallen-v2-camera1p5m,/home/yanbo/下载/batches/batch_person-fallen-v2-camera1p5m/prompts/49_p05-side-lying-on-floor-09.txt,a76c95e67a410a347b3ef80d90ee50e49b5be994ad77fd0c163c66def6f5c389,1.5,/home/yanbo/下载/batches/batch_person-fallen-v2-camera1p5m/manifest.json
500_u02-unclear-support-surface-partial-body-10.png,ai_generated,gpt-image-2,gpt-image-2,person-fallen-v2-camera1p5m,unknown,2026-08-26T15:12:40.959199+08:00,batch_person-fallen-v2-camera1p5m,/home/yanbo/下载/batches/batch_person-fallen-v2-camera1p5m/prompts/500_u02-unclear-support-surface-partial-body-10.txt,48e181d7b8b0ea50b188be069093291a83f0f40e11b64de6bcf2f933dab08346,1.5,/home/yanbo/下载/batches/batch_person-fallen-v2-camera1p5m/manifest.json
50_p05-side-lying-on-floor-10.png,ai_generated,gpt-image-2,gpt-image-2,person-fallen-v2-camera1p5m,unknown,2026-08-26T15:12:40.959199+08:00,batch_person-fallen-v2-camera1p5m,/home/yanbo/下载/batches/batch_person-fallen-v2-camera1p5m/prompts/50_p05-side-lying-on-floor-10.txt,9e9c8c57b9dcac46774358a5f5e0382c33063d2d44ae127d4b12fcd6cc33414a,1.5,/home/yanbo/下载/batches/batch_person-fallen-v2-camera1p5m/manifest.json
51_p06-side-lying-on-floor-01.png,ai_generated,gpt-image-2,gpt-image-2,person-fallen-v2-camera1p5m,unknown,2026-08-26T15:12:40.959199+08:00,batch_person-fallen-v2-camera1p5m,/home/yanbo/下载/batches/batch_person-fallen-v2-camera1p5m/prompts/51_p06-side-lying-on-floor-01.txt,b3383afcddd32b4948d38686344547b2b8174b4fc38bb5eaa492bab95252a563,1.5,/home/yanbo/下载/batches/batch_person-fallen-v2-camera1p5m/manifest.json
52_p06-side-lying-on-floor-02.png,ai_generated,gpt-image-2,gpt-image-2,person-fallen-v2-camera1p5m,unknown,2026-08-26T15:12:40.959199+08:00,batch_person-fallen-v2-camera1p5m,/home/yanbo/下载/batches/batch_person-fallen-v2-camera1p5m/prompts/52_p06-side-lying-on-floor-02.txt,0995b77ed24c11db4719a8a41725b589ec1dce8a91bded7a27483ce1702c5f74,1.5,/home/yanbo/下载/batches/batch_person-fallen-v2-camera1p5m/manifest.json
53_p06-side-lying-on-floor-03.png,ai_generated,gpt-image-2,gpt-image-2,person-fallen-v2-camera1p5m,unknown,2026-08-26T15:12:40.959199+08:00,batch_person-fallen-v2-camera1p5m,/home/yanbo/下载/batches/batch_person-fallen-v2-camera1p5m/prompts/53_p06-side-lying-on-floor-03.txt,a8901e6bcf8de315d11a501ff99c114fad4eb6b6ae73289be714312331863ddf,1.5,/home/yanbo/下载/batches/batch_person-fallen-v2-camera1p5m/manifest.json
54_p06-side-lying-on-floor-04.png,ai_generated,gpt-image-2,gpt-image-2,person-fallen-v2-camera1p5m,unknown,2026-08-26T15:12:40.959199+08:00,batch_person-fallen-v2-camera1p5m,/home/yanbo/下载/batches/batch_person-fallen-v2-camera1p5m/prompts/54_p06-side-lying-on-floor-04.txt,48b88fc2261dbb0a336eb90f736e635a5023fc09a938bc10ecbbee8f363dacfe,1.5,/home/yanbo/下载/batches/batch_person-fallen-v2-camera1p5m/manifest.json
55_p06-side-lying-on-floor-05.png,ai_generated,gpt-image-2,gpt-image-2,person-fallen-v2-camera1p5m,unknown,2026-08-26T15:12:40.959199+08:00,batch_person-fallen-v2-camera1p5m,/home/yanbo/下载/batches/batch_person-fallen-v2-camera1p5m/prompts/55_p06-side-lying-on-floor-05.txt,e0bb1d733e914a9da80b8eeae2791d4a234578eed04543ec8e74fbc7fc131c39,1.5,/home/yanbo/下载/batches/batch_person-fallen-v2-camera1p5m/manifest.json
56_p06-side-lying-on-floor-06.png,ai_generated,gpt-image-2,gpt-image-2,person-fallen-v2-camera1p5m,unknown,2026-08-26T15:12:40.959199+08:00,batch_person-fallen-v2-camera1p5m,/home/yanbo/下载/batches/batch_person-fallen-v2-camera1p5m/prompts/56_p06-side-lying-on-floor-06.txt,473bf7e7e5af7daeadc23f17be5b220e045edfe6a9b61c67009c06a168619a2b,1.5,/home/yanbo/下载/batches/batch_person-fallen-v2-camera1p5m/manifest.json
57_p06-side-lying-on-floor-07.png,ai_generated,gpt-image-2,gpt-image-2,person-fallen-v2-camera1p5m,unknown,2026-08-26T15:12:40.959199+08:00,batch_person-fallen-v2-camera1p5m,/home/yanbo/下载/batches/batch_person-fallen-v2-camera1p5m/prompts/57_p06-side-lying-on-floor-07.txt,b17367ac1363f360518f7675a5c110a11fde95a54322b9e639a6f136661966fa,1.5,/home/yanbo/下载/batches/batch_person-fallen-v2-camera1p5m/manifest.json
58_p06-side-lying-on-floor-08.png,ai_generated,gpt-image-2,gpt-image-2,person-fallen-v2-camera1p5m,unknown,2026-08-26T15:12:40.959199+08:00,batch_person-fallen-v2-camera1p5m,/home/yanbo/下载/batches/batch_person-fallen-v2-camera1p5m/prompts/58_p06-side-lying-on-floor-08.txt,ffaa61b29e97d5537d76492a320ff9bfbd26a02f49290640f23d9b819d9af32b,1.5,/home/yanbo/下载/batches/batch_person-fallen-v2-camera1p5m/manifest.json
59_p06-side-lying-on-floor-09.png,ai_generated,gpt-image-2,gpt-image-2,person-fallen-v2-camera1p5m,unknown,2026-08-26T15:12:40.959199+08:00,batch_person-fallen-v2-camera1p5m,/home/yanbo/下载/batches/batch_person-fallen-v2-camera1p5m/prompts/59_p06-side-lying-on-floor-09.txt,30daa8f2c5ed04fac9a9a025dad4a6373ade4b4d50fc92f7ff54c77e01002500,1.5,/home/yanbo/下载/batches/batch_person-fallen-v2-camera1p5m/manifest.json
60_p06-side-lying-on-floor-10.png,ai_generated,gpt-image-2,gpt-image-2,person-fallen-v2-camera1p5m,unknown,2026-08-26T15:12:40.959199+08:00,batch_person-fallen-v2-camera1p5m,/home/yanbo/下载/batches/batch_person-fallen-v2-camera1p5m/prompts/60_p06-side-lying-on-floor-10.txt,6094e7d697d7b4bb7a7624cbbc0be9d64b541166f9bb93b1d976b36d5546f2c5,1.5,/home/yanbo/下载/batches/batch_person-fallen-v2-camera1p5m/manifest.json
61_p07-irregular-sprawled-posture-01.png,ai_generated,gpt-image-2,gpt-image-2,person-fallen-v2-camera1p5m,unknown,2026-08-26T15:12:40.959199+08:00,batch_person-fallen-v2-camera1p5m,/home/yanbo/下载/batches/batch_person-fallen-v2-camera1p5m/prompts/61_p07-irregular-sprawled-posture-01.txt,03c9e61fdb2afcda95f128a5d2324bdafddd01d345eb234215e1437cef7063d2,1.5,/home/yanbo/下载/batches/batch_person-fallen-v2-camera1p5m/manifest.json
62_p07-irregular-sprawled-posture-02.png,ai_generated,gpt-image-2,gpt-image-2,person-fallen-v2-camera1p5m,unknown,2026-08-26T15:12:40.959199+08:00,batch_person-fallen-v2-camera1p5m,/home/yanbo/下载/batches/batch_person-fallen-v2-camera1p5m/prompts/62_p07-irregular-sprawled-posture-02.txt,487c45d47f6f93d23def2bc8f060c261ccb4bc9f175d5c6ae866015bece5f2d9,1.5,/home/yanbo/下载/batches/batch_person-fallen-v2-camera1p5m/manifest.json
63_p07-irregular-sprawled-posture-03.png,ai_generated,gpt-image-2,gpt-image-2,person-fallen-v2-camera1p5m,unknown,2026-08-26T15:12:40.959199+08:00,batch_person-fallen-v2-camera1p5m,/home/yanbo/下载/batches/batch_person-fallen-v2-camera1p5m/prompts/63_p07-irregular-sprawled-posture-03.txt,ed5294bb95e4d9feea87acf7b87cc3e4b8cdcfebeddbfc5569601b1590327811,1.5,/home/yanbo/下载/batches/batch_person-fallen-v2-camera1p5m/manifest.json
64_p07-irregular-sprawled-posture-04.png,ai_generated,gpt-image-2,gpt-image-2,person-fallen-v2-camera1p5m,unknown,2026-08-26T15:12:40.959199+08:00,batch_person-fallen-v2-camera1p5m,/home/yanbo/下载/batches/batch_person-fallen-v2-camera1p5m/prompts/64_p07-irregular-sprawled-posture-04.txt,a986f4e46e6b2894d600af284576bfd6b528e253458e518249e5c2f8bcedb0fa,1.5,/home/yanbo/下载/batches/batch_person-fallen-v2-camera1p5m/manifest.json
65_p07-irregular-sprawled-posture-05.png,ai_generated,gpt-image-2,gpt-image-2,person-fallen-v2-camera1p5m,unknown,2026-08-26T15:12:40.959199+08:00,batch_person-fallen-v2-camera1p5m,/home/yanbo/下载/batches/batch_person-fallen-v2-camera1p5m/prompts/65_p07-irregular-sprawled-posture-05.txt,c0a0913602b961d3ecb4fe2239c466ad79991289453c134ae9efa4660d3f9142,1.5,/home/yanbo/下载/batches/batch_person-fallen-v2-camera1p5m/manifest.json
66_p07-irregular-sprawled-posture-06.png,ai_generated,gpt-image-2,gpt-image-2,person-fallen-v2-camera1p5m,unknown,2026-08-26T15:12:40.959199+08:00,batch_person-fallen-v2-camera1p5m,/home/yanbo/下载/batches/batch_person-fallen-v2-camera1p5m/prompts/66_p07-irregular-sprawled-posture-06.txt,394f29ec90c546f7b402168c8c491c705b84329b5edde1d907e9eafa42a8a65d,1.5,/home/yanbo/下载/batches/batch_person-fallen-v2-camera1p5m/manifest.json
67_p07-irregular-sprawled-posture-07.png,ai_generated,gpt-image-2,gpt-image-2,person-fallen-v2-camera1p5m,unknown,2026-08-26T15:12:40.959199+08:00,batch_person-fallen-v2-camera1p5m,/home/yanbo/下载/batches/batch_person-fallen-v2-camera1p5m/prompts/67_p07-irregular-sprawled-posture-07.txt,6ae6025d0ce34aa70e1dd7891b24af2b0afeadd52832473350398694d10c0cf4,1.5,/home/yanbo/下载/batches/batch_person-fallen-v2-camera1p5m/manifest.json
68_p07-irregular-sprawled-posture-08.png,ai_generated,gpt-image-2,gpt-image-2,person-fallen-v2-camera1p5m,unknown,2026-08-26T15:12:40.959199+08:00,batch_person-fallen-v2-camera1p5m,/home/yanbo/下载/batches/batch_person-fallen-v2-camera1p5m/prompts/68_p07-irregular-sprawled-posture-08.txt,710a7155e15b1316c4f936e91e659ea2067a590f3adf0dd37bed45499dfa6418,1.5,/home/yanbo/下载/batches/batch_person-fallen-v2-camera1p5m/manifest.json
69_p07-irregular-sprawled-posture-09.png,ai_generated,gpt-image-2,gpt-image-2,person-fallen-v2-camera1p5m,unknown,2026-08-26T15:12:40.959199+08:00,batch_person-fallen-v2-camera1p5m,/home/yanbo/下载/batches/batch_person-fallen-v2-camera1p5m/prompts/69_p07-irregular-sprawled-posture-09.txt,743d9e79002eb2223f08cf06a0792f2f35d0438e67062d1ba5d7ae784979607f,1.5,/home/yanbo/下载/batches/batch_person-fallen-v2-camera1p5m/manifest.json
70_p07-irregular-sprawled-posture-10.png,ai_generated,gpt-image-2,gpt-image-2,person-fallen-v2-camera1p5m,unknown,2026-08-26T15:12:40.959199+08:00,batch_person-fallen-v2-camera1p5m,/home/yanbo/下载/batches/batch_person-fallen-v2-camera1p5m/prompts/70_p07-irregular-sprawled-posture-10.txt,3d987dd0f1bd8b6fe8dc97cf56c35cfe38669486b61ae9985197947d4560ab80,1.5,/home/yanbo/下载/batches/batch_person-fallen-v2-camera1p5m/manifest.json
71_p08-irregular-sprawled-posture-01.png,ai_generated,gpt-image-2,gpt-image-2,person-fallen-v2-camera1p5m,unknown,2026-08-26T15:12:40.959199+08:00,batch_person-fallen-v2-camera1p5m,/home/yanbo/下载/batches/batch_person-fallen-v2-camera1p5m/prompts/71_p08-irregular-sprawled-posture-01.txt,6f5a125be1758951f3a84d1f467a9a24f66cd4d860df1af9f1d3a00ea5f7432e,1.5,/home/yanbo/下载/batches/batch_person-fallen-v2-camera1p5m/manifest.json
72_p08-irregular-sprawled-posture-02.png,ai_generated,gpt-image-2,gpt-image-2,person-fallen-v2-camera1p5m,unknown,2026-08-26T15:12:40.959199+08:00,batch_person-fallen-v2-camera1p5m,/home/yanbo/下载/batches/batch_person-fallen-v2-camera1p5m/prompts/72_p08-irregular-sprawled-posture-02.txt,1d4fa40403ed6b5f76a001212c24647dddb20e5fd7a58b020f59fe855f683cac,1.5,/home/yanbo/下载/batches/batch_person-fallen-v2-camera1p5m/manifest.json
73_p08-irregular-sprawled-posture-03.png,ai_generated,gpt-image-2,gpt-image-2,person-fallen-v2-camera1p5m,unknown,2026-08-26T15:12:40.959199+08:00,batch_person-fallen-v2-camera1p5m,/home/yanbo/下载/batches/batch_person-fallen-v2-camera1p5m/prompts/73_p08-irregular-sprawled-posture-03.txt,9bb6833e3dd89bd4f58fbcaac58940ceb7833a5e960f4199fb90afc512a15c61,1.5,/home/yanbo/下载/batches/batch_person-fallen-v2-camera1p5m/manifest.json
74_p08-irregular-sprawled-posture-04.png,ai_generated,gpt-image-2,gpt-image-2,person-fallen-v2-camera1p5m,unknown,2026-08-26T15:12:40.959199+08:00,batch_person-fallen-v2-camera1p5m,/home/yanbo/下载/batches/batch_person-fallen-v2-camera1p5m/prompts/74_p08-irregular-sprawled-posture-04.txt,53dd431cc0cddda96d96a011be403d2e47e9ac20975d562bed48bfaa5494c22b,1.5,/home/yanbo/下载/batches/batch_person-fallen-v2-camera1p5m/manifest.json
75_p08-irregular-sprawled-posture-05.png,ai_generated,gpt-image-2,gpt-image-2,person-fallen-v2-camera1p5m,unknown,2026-08-26T15:12:40.959199+08:00,batch_person-fallen-v2-camera1p5m,/home/yanbo/下载/batches/batch_person-fallen-v2-camera1p5m/prompts/75_p08-irregular-sprawled-posture-05.txt,14b8e599136463097cc6231f2cb04328086ea042712a88287c35f3f2e2f0db8c,1.5,/home/yanbo/下载/batches/batch_person-fallen-v2-camera1p5m/manifest.json
76_p08-irregular-sprawled-posture-06.png,ai_generated,gpt-image-2,gpt-image-2,person-fallen-v2-camera1p5m,unknown,2026-08-26T15:12:40.959199+08:00,batch_person-fallen-v2-camera1p5m,/home/yanbo/下载/batches/batch_person-fallen-v2-camera1p5m/prompts/76_p08-irregular-sprawled-posture-06.txt,fd48ce30aafead0e92ae7af47c94e68defdba6591bdaa1c14a33293b8ff5181d,1.5,/home/yanbo/下载/batches/batch_person-fallen-v2-camera1p5m/manifest.json
77_p08-irregular-sprawled-posture-07.png,ai_generated,gpt-image-2,gpt-image-2,person-fallen-v2-camera1p5m,unknown,2026-08-26T15:12:40.959199+08:00,batch_person-fallen-v2-camera1p5m,/home/yanbo/下载/batches/batch_person-fallen-v2-camera1p5m/prompts/77_p08-irregular-sprawled-posture-07.txt,5c7222dbd8add05c36c25d43648ccaeb7f3e889192046621921b9a3b80ac015f,1.5,/home/yanbo/下载/batches/batch_person-fallen-v2-camera1p5m/manifest.json
78_p08-irregular-sprawled-posture-08.png,ai_generated,gpt-image-2,gpt-image-2,person-fallen-v2-camera1p5m,unknown,2026-08-26T15:12:40.959199+08:00,batch_person-fallen-v2-camera1p5m,/home/yanbo/下载/batches/batch_person-fallen-v2-camera1p5m/prompts/78_p08-irregular-sprawled-posture-08.txt,d6c1e737c3e8c572b618069ac904c46d22c9d8f543d46ef1cd110e59590196d9,1.5,/home/yanbo/下载/batches/batch_person-fallen-v2-camera1p5m/manifest.json
79_p08-irregular-sprawled-posture-09.png,ai_generated,gpt-image-2,gpt-image-2,person-fallen-v2-camera1p5m,unknown,2026-08-26T15:12:40.959199+08:00,batch_person-fallen-v2-camera1p5m,/home/yanbo/下载/batches/batch_person-fallen-v2-camera1p5m/prompts/79_p08-irregular-sprawled-posture-09.txt,af9eba4b961cee98fa7c5d198ca8430ac32e07a909eeee0304429966aa25a172,1.5,/home/yanbo/下载/batches/batch_person-fallen-v2-camera1p5m/manifest.json
80_p08-irregular-sprawled-posture-10.png,ai_generated,gpt-image-2,gpt-image-2,person-fallen-v2-camera1p5m,unknown,2026-08-26T15:12:40.959199+08:00,batch_person-fallen-v2-camera1p5m,/home/yanbo/下载/batches/batch_person-fallen-v2-camera1p5m/prompts/80_p08-irregular-sprawled-posture-10.txt,29c8cd101361292775bdd00b5c8ed8a577f803b3b12c72393032c813eace9956,1.5,/home/yanbo/下载/batches/batch_person-fallen-v2-camera1p5m/manifest.json
81_p09-partially-occluded-fallen-person-01.png,ai_generated,gpt-image-2,gpt-image-2,person-fallen-v2-camera1p5m,unknown,2026-08-26T15:12:40.959199+08:00,batch_person-fallen-v2-camera1p5m,/home/yanbo/下载/batches/batch_person-fallen-v2-camera1p5m/prompts/81_p09-partially-occluded-fallen-person-01.txt,1a714f3d53f449d577d79006273021a67cfdcb94cbd9fa089e7746330a720bae,1.5,/home/yanbo/下载/batches/batch_person-fallen-v2-camera1p5m/manifest.json
82_p09-partially-occluded-fallen-person-02.png,ai_generated,gpt-image-2,gpt-image-2,person-fallen-v2-camera1p5m,unknown,2026-08-26T15:12:40.959199+08:00,batch_person-fallen-v2-camera1p5m,/home/yanbo/下载/batches/batch_person-fallen-v2-camera1p5m/prompts/82_p09-partially-occluded-fallen-person-02.txt,8c520768452006acd1bc3fcbdf9978f06a127d56bb8a7d349a317d1611075578,1.5,/home/yanbo/下载/batches/batch_person-fallen-v2-camera1p5m/manifest.json
83_p09-partially-occluded-fallen-person-03.png,ai_generated,gpt-image-2,gpt-image-2,person-fallen-v2-camera1p5m,unknown,2026-08-26T15:12:40.959199+08:00,batch_person-fallen-v2-camera1p5m,/home/yanbo/下载/batches/batch_person-fallen-v2-camera1p5m/prompts/83_p09-partially-occluded-fallen-person-03.txt,5a6cefdf7e64645e941821662a176b37538e313799f175c4a49be007fcf2f79d,1.5,/home/yanbo/下载/batches/batch_person-fallen-v2-camera1p5m/manifest.json
84_p09-partially-occluded-fallen-person-04.png,ai_generated,gpt-image-2,gpt-image-2,person-fallen-v2-camera1p5m,unknown,2026-08-26T15:12:40.959199+08:00,batch_person-fallen-v2-camera1p5m,/home/yanbo/下载/batches/batch_person-fallen-v2-camera1p5m/prompts/84_p09-partially-occluded-fallen-person-04.txt,3d3c73586e8cfe6199bf9ab09613861ab7288d1f4053ecba35db699641429286,1.5,/home/yanbo/下载/batches/batch_person-fallen-v2-camera1p5m/manifest.json
85_p09-partially-occluded-fallen-person-05.png,ai_generated,gpt-image-2,gpt-image-2,person-fallen-v2-camera1p5m,unknown,2026-08-26T15:12:40.959199+08:00,batch_person-fallen-v2-camera1p5m,/home/yanbo/下载/batches/batch_person-fallen-v2-camera1p5m/prompts/85_p09-partially-occluded-fallen-person-05.txt,188178abe5c07956c821a84bd4afc855f7f3c4d06b43557aa98acb2cb502d56a,1.5,/home/yanbo/下载/batches/batch_person-fallen-v2-camera1p5m/manifest.json
86_p09-partially-occluded-fallen-person-06.png,ai_generated,gpt-image-2,gpt-image-2,person-fallen-v2-camera1p5m,unknown,2026-08-26T15:12:40.959199+08:00,batch_person-fallen-v2-camera1p5m,/home/yanbo/下载/batches/batch_person-fallen-v2-camera1p5m/prompts/86_p09-partially-occluded-fallen-person-06.txt,27123f30e6ac5515748b1024499b1e1207e036b620e2ba7d909d9317ec9b2e3d,1.5,/home/yanbo/下载/batches/batch_person-fallen-v2-camera1p5m/manifest.json
87_p09-partially-occluded-fallen-person-07.png,ai_generated,gpt-image-2,gpt-image-2,person-fallen-v2-camera1p5m,unknown,2026-08-26T15:12:40.959199+08:00,batch_person-fallen-v2-camera1p5m,/home/yanbo/下载/batches/batch_person-fallen-v2-camera1p5m/prompts/87_p09-partially-occluded-fallen-person-07.txt,aeff42f7483a777706b09e337ffed693ec316c498ca954990a6999c17e1ee9f1,1.5,/home/yanbo/下载/batches/batch_person-fallen-v2-camera1p5m/manifest.json
88_p09-partially-occluded-fallen-person-08.png,ai_generated,gpt-image-2,gpt-image-2,person-fallen-v2-camera1p5m,unknown,2026-08-26T15:12:40.959199+08:00,batch_person-fallen-v2-camera1p5m,/home/yanbo/下载/batches/batch_person-fallen-v2-camera1p5m/prompts/88_p09-partially-occluded-fallen-person-08.txt,56a3801c9a61d66d0d1c7a2663a9516248d08a47ae8e31501b2a32406c59c0b8,1.5,/home/yanbo/下载/batches/batch_person-fallen-v2-camera1p5m/manifest.json
89_p09-partially-occluded-fallen-person-09.png,ai_generated,gpt-image-2,gpt-image-2,person-fallen-v2-camera1p5m,unknown,2026-08-26T15:12:40.959199+08:00,batch_person-fallen-v2-camera1p5m,/home/yanbo/下载/batches/batch_person-fallen-v2-camera1p5m/prompts/89_p09-partially-occluded-fallen-person-09.txt,a11fdc7b1bce100f6323fc44c9d9951954d9ad8169850a9f23c765f6d7540078,1.5,/home/yanbo/下载/batches/batch_person-fallen-v2-camera1p5m/manifest.json
90_p09-partially-occluded-fallen-person-10.png,ai_generated,gpt-image-2,gpt-image-2,person-fallen-v2-camera1p5m,unknown,2026-08-26T15:12:40.959199+08:00,batch_person-fallen-v2-camera1p5m,/home/yanbo/下载/batches/batch_person-fallen-v2-camera1p5m/prompts/90_p09-partially-occluded-fallen-person-10.txt,87587c6be064b61d664f7ddb7a164150dbcf8309311cbcb17842dcd267aa5b83,1.5,/home/yanbo/下载/batches/batch_person-fallen-v2-camera1p5m/manifest.json
91_p10-partially-occluded-fallen-person-01.png,ai_generated,gpt-image-2,gpt-image-2,person-fallen-v2-camera1p5m,unknown,2026-08-26T15:12:40.959199+08:00,batch_person-fallen-v2-camera1p5m,/home/yanbo/下载/batches/batch_person-fallen-v2-camera1p5m/prompts/91_p10-partially-occluded-fallen-person-01.txt,02565eb3337ce4abc34d975d642a4123a269ad9615b8051e22b72b3f41624e68,1.5,/home/yanbo/下载/batches/batch_person-fallen-v2-camera1p5m/manifest.json
92_p10-partially-occluded-fallen-person-02.png,ai_generated,gpt-image-2,gpt-image-2,person-fallen-v2-camera1p5m,unknown,2026-08-26T15:12:40.959199+08:00,batch_person-fallen-v2-camera1p5m,/home/yanbo/下载/batches/batch_person-fallen-v2-camera1p5m/prompts/92_p10-partially-occluded-fallen-person-02.txt,9d7dfac59a57121f8281f189b3cc22147b41bd0ac568c20a867fd198fc9e682b,1.5,/home/yanbo/下载/batches/batch_person-fallen-v2-camera1p5m/manifest.json
93_p10-partially-occluded-fallen-person-03.png,ai_generated,gpt-image-2,gpt-image-2,person-fallen-v2-camera1p5m,unknown,2026-08-26T15:12:40.959199+08:00,batch_person-fallen-v2-camera1p5m,/home/yanbo/下载/batches/batch_person-fallen-v2-camera1p5m/prompts/93_p10-partially-occluded-fallen-person-03.txt,53bcbe4e239885aa728f3bf30979b1a77e3925d3f0eaaf7afa0b0a922d632450,1.5,/home/yanbo/下载/batches/batch_person-fallen-v2-camera1p5m/manifest.json
94_p10-partially-occluded-fallen-person-04.png,ai_generated,gpt-image-2,gpt-image-2,person-fallen-v2-camera1p5m,unknown,2026-08-26T15:12:40.959199+08:00,batch_person-fallen-v2-camera1p5m,/home/yanbo/下载/batches/batch_person-fallen-v2-camera1p5m/prompts/94_p10-partially-occluded-fallen-person-04.txt,a188aaa7a2819019c8cbe03321ab4fc2246fe71a949419a1eaba8ca921d5d6f2,1.5,/home/yanbo/下载/batches/batch_person-fallen-v2-camera1p5m/manifest.json
95_p10-partially-occluded-fallen-person-05.png,ai_generated,gpt-image-2,gpt-image-2,person-fallen-v2-camera1p5m,unknown,2026-08-26T15:12:40.959199+08:00,batch_person-fallen-v2-camera1p5m,/home/yanbo/下载/batches/batch_person-fallen-v2-camera1p5m/prompts/95_p10-partially-occluded-fallen-person-05.txt,ffa99b3c60930507d36b003bfe78706c91a0e8c01926f80f15835de52ad31a43,1.5,/home/yanbo/下载/batches/batch_person-fallen-v2-camera1p5m/manifest.json
96_p10-partially-occluded-fallen-person-06.png,ai_generated,gpt-image-2,gpt-image-2,person-fallen-v2-camera1p5m,unknown,2026-08-26T15:12:40.959199+08:00,batch_person-fallen-v2-camera1p5m,/home/yanbo/下载/batches/batch_person-fallen-v2-camera1p5m/prompts/96_p10-partially-occluded-fallen-person-06.txt,a89f4e81873c4c71efc3ca9ceeabd6d51ad0021acaec148c18186a342bfb6c50,1.5,/home/yanbo/下载/batches/batch_person-fallen-v2-camera1p5m/manifest.json
97_p10-partially-occluded-fallen-person-07.png,ai_generated,gpt-image-2,gpt-image-2,person-fallen-v2-camera1p5m,unknown,2026-08-26T15:12:40.959199+08:00,batch_person-fallen-v2-camera1p5m,/home/yanbo/下载/batches/batch_person-fallen-v2-camera1p5m/prompts/97_p10-partially-occluded-fallen-person-07.txt,b1fa054d1939e57dc5796aa45f68243e10059bcdde75eddadf2555fdebf5d517,1.5,/home/yanbo/下载/batches/batch_person-fallen-v2-camera1p5m/manifest.json
98_p10-partially-occluded-fallen-person-08.png,ai_generated,gpt-image-2,gpt-image-2,person-fallen-v2-camera1p5m,unknown,2026-08-26T15:12:40.959199+08:00,batch_person-fallen-v2-camera1p5m,/home/yanbo/下载/batches/batch_person-fallen-v2-camera1p5m/prompts/98_p10-partially-occluded-fallen-person-08.txt,95bfa73e59566105d3858e4d54b45f3d7fd56b03e0509439a0bec8c0454da9b5,1.5,/home/yanbo/下载/batches/batch_person-fallen-v2-camera1p5m/manifest.json
99_p10-partially-occluded-fallen-person-09.png,ai_generated,gpt-image-2,gpt-image-2,person-fallen-v2-camera1p5m,unknown,2026-08-26T15:12:40.959199+08:00,batch_person-fallen-v2-camera1p5m,/home/yanbo/下载/batches/batch_person-fallen-v2-camera1p5m/prompts/99_p10-partially-occluded-fallen-person-09.txt,d281002fb923f3baa78ad76516a65196d1c1d1187443bc0a0ee3bfce0b679d1b,1.5,/home/yanbo/下载/batches/batch_person-fallen-v2-camera1p5m/manifest.json
