media_candidate_id,image_filename,image_sha256,scenario_id,group_id,event_label,sample_role,split,split_reason,source_type,event_definition_version
,01_p01-supine-on-floor-01.png,3f8831314ec9403dafb006291009877fe8a2d85b9930710f92a6048b23d50c70,pf_v2_aigc_p01-supine-on-floor,pf_v2_aigc_p01-supine-on-floor,1,positive,DEV,first deterministic role-group tranche,ai_generated,v2.0
,02_p01-supine-on-floor-02.png,0efbb9f5706f84c5382a0ba30bec46d35ed7b875072c5dbea115139e58a47d8a,pf_v2_aigc_p01-supine-on-floor,pf_v2_aigc_p01-supine-on-floor,1,positive,DEV,first deterministic role-group tranche,ai_generated,v2.0
,03_p01-supine-on-floor-03.png,00226efe88ae972b085592e830ecd461400e627e3f30514aa0bc5174fefc707d,pf_v2_aigc_p01-supine-on-floor,pf_v2_aigc_p01-supine-on-floor,1,positive,DEV,first deterministic role-group tranche,ai_generated,v2.0
,04_p01-supine-on-floor-04.png,b2c04a5ef00e87142592beb2ab5dade093473c24353132baa4f9fa651be1a6a4,pf_v2_aigc_p01-supine-on-floor,pf_v2_aigc_p01-supine-on-floor,1,positive,DEV,first deterministic role-group tranche,ai_generated,v2.0
,05_p01-supine-on-floor-05.png,5c47f738bf7bbfe499cb85f5b8ab7601c3229c4405845c536d6e814c64dc6c79,pf_v2_aigc_p01-supine-on-floor,pf_v2_aigc_p01-supine-on-floor,1,positive,DEV,first deterministic role-group tranche,ai_generated,v2.0
,06_p01-supine-on-floor-06.png,9dc8c1e15e4e31d1c22d5a868a207d56530752c6902fa9c678d824ba7a6e8bb6,pf_v2_aigc_p01-supine-on-floor,pf_v2_aigc_p01-supine-on-floor,1,positive,DEV,first deterministic role-group tranche,ai_generated,v2.0
,07_p01-supine-on-floor-07.png,2d18f5d7a8e1fb5d146ba1167c7a02d08ea63e72f6c3dacfcce8997cd19695b2,pf_v2_aigc_p01-supine-on-floor,pf_v2_aigc_p01-supine-on-floor,1,positive,DEV,first deterministic role-group tranche,ai_generated,v2.0
,08_p01-supine-on-floor-08.png,abc8eeef34ef97fc9ac4511ae695e911ec950c384ff3a959cf1a05e24955588e,pf_v2_aigc_p01-supine-on-floor,pf_v2_aigc_p01-supine-on-floor,1,positive,DEV,first deterministic role-group tranche,ai_generated,v2.0
,09_p01-supine-on-floor-09.png,4791a565447bec69f60b175570fb4bdb5efc1dde5d2474f50073b03398cd012e,pf_v2_aigc_p01-supine-on-floor,pf_v2_aigc_p01-supine-on-floor,1,positive,DEV,first deterministic role-group tranche,ai_generated,v2.0
,100_p10-partially-occluded-fallen-person-10.png,663731c7d5fa6323b5b1a136d1cef8a31364fd4e96752a4af1949592156d9a4a,pf_v2_aigc_p10-partially-occluded-fallen-person,pf_v2_aigc_p10-partially-occluded-fallen-person,1,positive,DEV,first deterministic role-group tranche,ai_generated,v2.0
,101_p11-small-target-far-distance-01.png,f327b0dcb961def4c67f39a4c460daae976157cf6017b79d643f3fc3d55af1e6,pf_v2_aigc_p11-small-target-far-distance,pf_v2_aigc_p11-small-target-far-distance,1,positive,DEV,first deterministic role-group tranche,ai_generated,v2.0
,102_p11-small-target-far-distance-02.png,7dd82c1193905c39dd7f736b62b0940445267a7d522c490745e1974ef0adc9a3,pf_v2_aigc_p11-small-target-far-distance,pf_v2_aigc_p11-small-target-far-distance,1,positive,DEV,first deterministic role-group tranche,ai_generated,v2.0
,103_p11-small-target-far-distance-03.png,ec6a6a7279346eb6b1a4a3163a99c66b8b405ccf20e3a0e3cf33d5bfb6930720,pf_v2_aigc_p11-small-target-far-distance,pf_v2_aigc_p11-small-target-far-distance,1,positive,DEV,first deterministic role-group tranche,ai_generated,v2.0
,104_p11-small-target-far-distance-04.png,f26f261140525e10c003f8427e3e0bb8d614b6aa4e14ff6856dd039b13a1137d,pf_v2_aigc_p11-small-target-far-distance,pf_v2_aigc_p11-small-target-far-distance,1,positive,DEV,first deterministic role-group tranche,ai_generated,v2.0
,105_p11-small-target-far-distance-05.png,52728e6db03a58114bd6d0faed5cba15585186d757237594ab5c2912ca4ce2ca,pf_v2_aigc_p11-small-target-far-distance,pf_v2_aigc_p11-small-target-far-distance,1,positive,DEV,first deterministic role-group tranche,ai_generated,v2.0
,106_p11-small-target-far-distance-06.png,70f969de8c82a8dc3fda0e7f36862d19da8c5cfc5d9340a33050a3da6e68b349,pf_v2_aigc_p11-small-target-far-distance,pf_v2_aigc_p11-small-target-far-distance,1,positive,DEV,first deterministic role-group tranche,ai_generated,v2.0
,107_p11-small-target-far-distance-07.png,d8f59162f45467f3e783a0ce414dafcbbd077df657c422332b88dea4213aded4,pf_v2_aigc_p11-small-target-far-distance,pf_v2_aigc_p11-small-target-far-distance,1,positive,DEV,first deterministic role-group tranche,ai_generated,v2.0
,108_p11-small-target-far-distance-08.png,f35b1ba98530a2038160a370e963a0890fd4bbc846f3a97330e2a8f0b2300ef6,pf_v2_aigc_p11-small-target-far-distance,pf_v2_aigc_p11-small-target-far-distance,1,positive,DEV,first deterministic role-group tranche,ai_generated,v2.0
,109_p11-small-target-far-distance-09.png,a845ea4ea68b331dc883ec7e9b81d613a0d71b5a12f0ff22ea26078d325592a8,pf_v2_aigc_p11-small-target-far-distance,pf_v2_aigc_p11-small-target-far-distance,1,positive,DEV,first deterministic role-group tranche,ai_generated,v2.0
,10_p01-supine-on-floor-10.png,38ce6cfd624925a391aacf8d6c267d8413b097d6ec4ded21c7df9f4bff2cfeff,pf_v2_aigc_p01-supine-on-floor,pf_v2_aigc_p01-supine-on-floor,1,positive,DEV,first deterministic role-group tranche,ai_generated,v2.0
,110_p11-small-target-far-distance-10.png,efe45d0ff9a1ad063fa930140a73f54bdf564c3a9b239ebedef1217d31366066,pf_v2_aigc_p11-small-target-far-distance,pf_v2_aigc_p11-small-target-far-distance,1,positive,DEV,first deterministic role-group tranche,ai_generated,v2.0
,111_p12-small-target-far-distance-01.png,13e8ef71870c18d10ac9cc45523bbe4f41cbf083965e4a221e973326dcf56bb4,pf_v2_aigc_p12-small-target-far-distance,pf_v2_aigc_p12-small-target-far-distance,1,positive,DEV,first deterministic role-group tranche,ai_generated,v2.0
,112_p12-small-target-far-distance-02.png,4246436d0560d692bc2a83933ff0ccc245b079b9dc388f87f12af3ba4c0efbde,pf_v2_aigc_p12-small-target-far-distance,pf_v2_aigc_p12-small-target-far-distance,1,positive,DEV,first deterministic role-group tranche,ai_generated,v2.0
,113_p12-small-target-far-distance-03.png,4f075f1149ff33cfcbcec68d07edbf4cc29988b3f720ccf0b5d74fdce70facef,pf_v2_aigc_p12-small-target-far-distance,pf_v2_aigc_p12-small-target-far-distance,1,positive,DEV,first deterministic role-group tranche,ai_generated,v2.0
,114_p12-small-target-far-distance-04.png,e2928c129ae6704a885c150d43502ddb40a423dc0f8553a21174ef5dae51e0f0,pf_v2_aigc_p12-small-target-far-distance,pf_v2_aigc_p12-small-target-far-distance,1,positive,DEV,first deterministic role-group tranche,ai_generated,v2.0
,115_p12-small-target-far-distance-05.png,622d392259b400aa43fa2e5b1dce8794622f280a4fa06fdaf4da1909f5e5deb0,pf_v2_aigc_p12-small-target-far-distance,pf_v2_aigc_p12-small-target-far-distance,1,positive,DEV,first deterministic role-group tranche,ai_generated,v2.0
,116_p12-small-target-far-distance-06.png,a14ab07cc237f1a4f11a5051bece00f00a840747d4b99370ef4aae4a0f04676e,pf_v2_aigc_p12-small-target-far-distance,pf_v2_aigc_p12-small-target-far-distance,1,positive,DEV,first deterministic role-group tranche,ai_generated,v2.0
,117_p12-small-target-far-distance-07.png,8e10fb3e2510598863ef827bd869e44e59f9e066ef57c50ffbde24611b85d0ce,pf_v2_aigc_p12-small-target-far-distance,pf_v2_aigc_p12-small-target-far-distance,1,positive,DEV,first deterministic role-group tranche,ai_generated,v2.0
,118_p12-small-target-far-distance-08.png,653d2f7b8ae607c5a1d8519b1896aebc1d0e8906e07b7e3d07e5acaf8d44dde7,pf_v2_aigc_p12-small-target-far-distance,pf_v2_aigc_p12-small-target-far-distance,1,positive,DEV,first deterministic role-group tranche,ai_generated,v2.0
,119_p12-small-target-far-distance-09.png,1d937f7e58326096314cee37f9fd8fe698daca3701c607433ed1e5051c852e0d,pf_v2_aigc_p12-small-target-far-distance,pf_v2_aigc_p12-small-target-far-distance,1,positive,DEV,first deterministic role-group tranche,ai_generated,v2.0
,11_p02-supine-on-floor-01.png,b4de656feff104baf2db6ddaddd657dbf850a940b31683a66e179b52e650ffba,pf_v2_aigc_p02-supine-on-floor,pf_v2_aigc_p02-supine-on-floor,1,positive,DEV,first deterministic role-group tranche,ai_generated,v2.0
,120_p12-small-target-far-distance-10.png,1f10a05af9f62318af661e1b51e57d9d11f2c1131af580c18997ad8cfeb9a419,pf_v2_aigc_p12-small-target-far-distance,pf_v2_aigc_p12-small-target-far-distance,1,positive,DEV,first deterministic role-group tranche,ai_generated,v2.0
,121_p13-multi-person-scene-with-one-lying-person-01.png,c52e27d28166379f0bf4e7014d269248cc2878c8b7666f6623a1d37a0020d1cc,pf_v2_aigc_p13-multi-person-scene-with-one-lying-person,pf_v2_aigc_p13-multi-person-scene-with-one-lying-person,1,positive,VAL,second deterministic role-group tranche,ai_generated,v2.0
,122_p13-multi-person-scene-with-one-lying-person-02.png,25860012ebf9600a4fdee82d33b2ac5b3d7d0e4ab8e7da58bf18b9a7dc1f163f,pf_v2_aigc_p13-multi-person-scene-with-one-lying-person,pf_v2_aigc_p13-multi-person-scene-with-one-lying-person,1,positive,VAL,second deterministic role-group tranche,ai_generated,v2.0
,123_p13-multi-person-scene-with-one-lying-person-03.png,771b0ace516d4c2c30fc25a7af11f23ad483de9c257c18411115d2977c1ae5b2,pf_v2_aigc_p13-multi-person-scene-with-one-lying-person,pf_v2_aigc_p13-multi-person-scene-with-one-lying-person,1,positive,VAL,second deterministic role-group tranche,ai_generated,v2.0
,124_p13-multi-person-scene-with-one-lying-person-04.png,e45842d8c9a5a6acaefd80a5cae41a9e188428ec65dd44a47945bd1fce7147e6,pf_v2_aigc_p13-multi-person-scene-with-one-lying-person,pf_v2_aigc_p13-multi-person-scene-with-one-lying-person,1,positive,VAL,second deterministic role-group tranche,ai_generated,v2.0
,125_p13-multi-person-scene-with-one-lying-person-05.png,7a5f34441fd413216c2b9f8986c63217e803e97536356b527de20889e445f81b,pf_v2_aigc_p13-multi-person-scene-with-one-lying-person,pf_v2_aigc_p13-multi-person-scene-with-one-lying-person,1,positive,VAL,second deterministic role-group tranche,ai_generated,v2.0
,126_p13-multi-person-scene-with-one-lying-person-06.png,99cb3837b7ae580e12c124c8254c72e6969a6b4eab30d48fa4304f231dd3cdc7,pf_v2_aigc_p13-multi-person-scene-with-one-lying-person,pf_v2_aigc_p13-multi-person-scene-with-one-lying-person,1,positive,VAL,second deterministic role-group tranche,ai_generated,v2.0
,127_p13-multi-person-scene-with-one-lying-person-07.png,30fbf8f91e9d4c43c8f3bd055e10c04ab652a1e808669b0cbf75b75888bd16cf,pf_v2_aigc_p13-multi-person-scene-with-one-lying-person,pf_v2_aigc_p13-multi-person-scene-with-one-lying-person,1,positive,VAL,second deterministic role-group tranche,ai_generated,v2.0
,128_p13-multi-person-scene-with-one-lying-person-08.png,7d8f0c1464e4c7566b8b7cbca3914e4a510015d240297a75da22a21e949e80c0,pf_v2_aigc_p13-multi-person-scene-with-one-lying-person,pf_v2_aigc_p13-multi-person-scene-with-one-lying-person,1,positive,VAL,second deterministic role-group tranche,ai_generated,v2.0
,129_p13-multi-person-scene-with-one-lying-person-09.png,f78d8ca52d5bc3ed76775ddad8cee820d472856a9ceea09669d20568c1fe8d09,pf_v2_aigc_p13-multi-person-scene-with-one-lying-person,pf_v2_aigc_p13-multi-person-scene-with-one-lying-person,1,positive,VAL,second deterministic role-group tranche,ai_generated,v2.0
,12_p02-supine-on-floor-02.png,9bf58dce8362de316637a40ce17ef8cf5a4a65455b6bb9bdc22a40bb860abee4,pf_v2_aigc_p02-supine-on-floor,pf_v2_aigc_p02-supine-on-floor,1,positive,DEV,first deterministic role-group tranche,ai_generated,v2.0
,130_p13-multi-person-scene-with-one-lying-person-10.png,921827a544364c2ea9c94f4a919f980641f4f42318a453d1a7a7cb29c5e73795,pf_v2_aigc_p13-multi-person-scene-with-one-lying-person,pf_v2_aigc_p13-multi-person-scene-with-one-lying-person,1,positive,VAL,second deterministic role-group tranche,ai_generated,v2.0
,131_p14-multi-person-scene-with-one-lying-person-01.png,6758e8af8c38f7003789531610b7d7864e0248cee328bb432ebb82554016971e,pf_v2_aigc_p14-multi-person-scene-with-one-lying-person,pf_v2_aigc_p14-multi-person-scene-with-one-lying-person,1,positive,VAL,second deterministic role-group tranche,ai_generated,v2.0
,132_p14-multi-person-scene-with-one-lying-person-02.png,35841787251043fed8fc37689f30d4616c2c36546d43917e035ec5a0929a44d2,pf_v2_aigc_p14-multi-person-scene-with-one-lying-person,pf_v2_aigc_p14-multi-person-scene-with-one-lying-person,1,positive,VAL,second deterministic role-group tranche,ai_generated,v2.0
,133_p14-multi-person-scene-with-one-lying-person-03.png,6ecbdbfe9e463de38f9fda73623b695ca2057fd6b280a94d1edd659acb5cf93a,pf_v2_aigc_p14-multi-person-scene-with-one-lying-person,pf_v2_aigc_p14-multi-person-scene-with-one-lying-person,1,positive,VAL,second deterministic role-group tranche,ai_generated,v2.0
,134_p14-multi-person-scene-with-one-lying-person-04.png,f8dc7665581f06955e7e51fcb1d794d700397c5f2497c479ad21d0d821edf8ad,pf_v2_aigc_p14-multi-person-scene-with-one-lying-person,pf_v2_aigc_p14-multi-person-scene-with-one-lying-person,1,positive,VAL,second deterministic role-group tranche,ai_generated,v2.0
,135_p14-multi-person-scene-with-one-lying-person-05.png,6dedb4240116565288e9a37accf8ac9d9a5b27997daca1cccb208dcbc603ada2,pf_v2_aigc_p14-multi-person-scene-with-one-lying-person,pf_v2_aigc_p14-multi-person-scene-with-one-lying-person,1,positive,VAL,second deterministic role-group tranche,ai_generated,v2.0
,136_p14-multi-person-scene-with-one-lying-person-06.png,53eb38450e8698b310091c2fd508870414d28cdbe07e33e7a9ece2da0b18bc28,pf_v2_aigc_p14-multi-person-scene-with-one-lying-person,pf_v2_aigc_p14-multi-person-scene-with-one-lying-person,1,positive,VAL,second deterministic role-group tranche,ai_generated,v2.0
,137_p14-multi-person-scene-with-one-lying-person-07.png,b7550d1504c6d43d4d342a8e154d080f3b9d5b6cdf4d64fc8e2ece062c50fa0a,pf_v2_aigc_p14-multi-person-scene-with-one-lying-person,pf_v2_aigc_p14-multi-person-scene-with-one-lying-person,1,positive,VAL,second deterministic role-group tranche,ai_generated,v2.0
,138_p14-multi-person-scene-with-one-lying-person-08.png,450dd9643001f245eaa5d70daa8823790d9e7f56d84b62a051ba2706e056c2f8,pf_v2_aigc_p14-multi-person-scene-with-one-lying-person,pf_v2_aigc_p14-multi-person-scene-with-one-lying-person,1,positive,VAL,second deterministic role-group tranche,ai_generated,v2.0
,139_p14-multi-person-scene-with-one-lying-person-09.png,a0f85291d3074380372602c5b29b8d86e00b0462f33eeae4efd04867127a8cb5,pf_v2_aigc_p14-multi-person-scene-with-one-lying-person,pf_v2_aigc_p14-multi-person-scene-with-one-lying-person,1,positive,VAL,second deterministic role-group tranche,ai_generated,v2.0
,13_p02-supine-on-floor-03.png,560f13e4a70db0d94d90f60f41b9d100fbae87b7b0cd3a69bd00a4515b4dfb52,pf_v2_aigc_p02-supine-on-floor,pf_v2_aigc_p02-supine-on-floor,1,positive,DEV,first deterministic role-group tranche,ai_generated,v2.0
,140_p14-multi-person-scene-with-one-lying-person-10.png,04e15104110c832d8c810e34bf62c039d91dc7ade3b070e480b6d05d227744cb,pf_v2_aigc_p14-multi-person-scene-with-one-lying-person,pf_v2_aigc_p14-multi-person-scene-with-one-lying-person,1,positive,VAL,second deterministic role-group tranche,ai_generated,v2.0
,141_p15-low-light-shadow-mild-blur-01.png,4135013549e0f3cde667b25bcad2ba4e1979c7250427f33633aa44d5d172e6b4,pf_v2_aigc_p15-low-light-shadow-mild-blur,pf_v2_aigc_p15-low-light-shadow-mild-blur,1,positive,VAL,second deterministic role-group tranche,ai_generated,v2.0
,142_p15-low-light-shadow-mild-blur-02.png,6358d7ad3faaac7d4decf4fd6b4bdb0fe676236cf08930002f2bd2e8f43145a4,pf_v2_aigc_p15-low-light-shadow-mild-blur,pf_v2_aigc_p15-low-light-shadow-mild-blur,1,positive,VAL,second deterministic role-group tranche,ai_generated,v2.0
,143_p15-low-light-shadow-mild-blur-03.png,5d847470e681641cec0bc293fa78093159f3fba120119f0f47a9e1459b9d0af2,pf_v2_aigc_p15-low-light-shadow-mild-blur,pf_v2_aigc_p15-low-light-shadow-mild-blur,1,positive,VAL,second deterministic role-group tranche,ai_generated,v2.0
,144_p15-low-light-shadow-mild-blur-04.png,651d085cacfda0c5e22c6d535021f963394359054b14a585256786174e1ffcd8,pf_v2_aigc_p15-low-light-shadow-mild-blur,pf_v2_aigc_p15-low-light-shadow-mild-blur,1,positive,VAL,second deterministic role-group tranche,ai_generated,v2.0
,145_p15-low-light-shadow-mild-blur-05.png,6f09b5476bc7f5eab501ffdbdb51420faa910402c87d41c077911a10bb40efdb,pf_v2_aigc_p15-low-light-shadow-mild-blur,pf_v2_aigc_p15-low-light-shadow-mild-blur,1,positive,VAL,second deterministic role-group tranche,ai_generated,v2.0
,146_p15-low-light-shadow-mild-blur-06.png,8258539a334cd708b993308f910bfb2dced41983a61f4440e140d86dc678a24a,pf_v2_aigc_p15-low-light-shadow-mild-blur,pf_v2_aigc_p15-low-light-shadow-mild-blur,1,positive,VAL,second deterministic role-group tranche,ai_generated,v2.0
,147_p15-low-light-shadow-mild-blur-07.png,07c28fb3697ce4496e5bce8d075eafd75577adfb2ff210e7f05b02b688b3bdfb,pf_v2_aigc_p15-low-light-shadow-mild-blur,pf_v2_aigc_p15-low-light-shadow-mild-blur,1,positive,VAL,second deterministic role-group tranche,ai_generated,v2.0
,148_p15-low-light-shadow-mild-blur-08.png,0b24ae9b7e0a76c86ddd34c7674ae5894296ee663cdf5c8b84fb06f05a63453e,pf_v2_aigc_p15-low-light-shadow-mild-blur,pf_v2_aigc_p15-low-light-shadow-mild-blur,1,positive,VAL,second deterministic role-group tranche,ai_generated,v2.0
,149_p15-low-light-shadow-mild-blur-09.png,0fdaecc05b08523b66c02dbb421201e067f9d1a7e39a0c8359bfaedba36a912c,pf_v2_aigc_p15-low-light-shadow-mild-blur,pf_v2_aigc_p15-low-light-shadow-mild-blur,1,positive,VAL,second deterministic role-group tranche,ai_generated,v2.0
,14_p02-supine-on-floor-04.png,5d32e551633bc5f3cbccce2413e955e88ff6bb590eb8acf1a89ec25d9e39aa59,pf_v2_aigc_p02-supine-on-floor,pf_v2_aigc_p02-supine-on-floor,1,positive,DEV,first deterministic role-group tranche,ai_generated,v2.0
,150_p15-low-light-shadow-mild-blur-10.png,e18de79c3e44756e41a26bd69430787bd3c57680f10858097f8eab3c8941804d,pf_v2_aigc_p15-low-light-shadow-mild-blur,pf_v2_aigc_p15-low-light-shadow-mild-blur,1,positive,VAL,second deterministic role-group tranche,ai_generated,v2.0
,151_p16-low-light-shadow-mild-blur-01.png,5cf380c66e6e35edb104538bd3ab918322674acfc19441da318597dcab67a478,pf_v2_aigc_p16-low-light-shadow-mild-blur,pf_v2_aigc_p16-low-light-shadow-mild-blur,1,positive,VAL,second deterministic role-group tranche,ai_generated,v2.0
,152_p16-low-light-shadow-mild-blur-02.png,af3e8bd79b1ca10fa6927cf7da2ec620ecd3ff4e72d23296aa950893700c02bf,pf_v2_aigc_p16-low-light-shadow-mild-blur,pf_v2_aigc_p16-low-light-shadow-mild-blur,1,positive,VAL,second deterministic role-group tranche,ai_generated,v2.0
,153_p16-low-light-shadow-mild-blur-03.png,68573dcc1a6915087f16611dcd86eca0b7f22eb3a3a817fbdea1f26a010c9920,pf_v2_aigc_p16-low-light-shadow-mild-blur,pf_v2_aigc_p16-low-light-shadow-mild-blur,1,positive,VAL,second deterministic role-group tranche,ai_generated,v2.0
,154_p16-low-light-shadow-mild-blur-04.png,0b22f7171b4846d15c4fe910c0aa29c2ab265d8f0b52ff3e717eccd43daf9abc,pf_v2_aigc_p16-low-light-shadow-mild-blur,pf_v2_aigc_p16-low-light-shadow-mild-blur,1,positive,VAL,second deterministic role-group tranche,ai_generated,v2.0
,155_p16-low-light-shadow-mild-blur-05.png,74dbbb76d48d53b485ac2196a6d7e1c2a79b027b3bce7e6c3b5100076dc62665,pf_v2_aigc_p16-low-light-shadow-mild-blur,pf_v2_aigc_p16-low-light-shadow-mild-blur,1,positive,VAL,second deterministic role-group tranche,ai_generated,v2.0
,156_p16-low-light-shadow-mild-blur-06.png,818e2cf7659da136bf39484dd1f0826628fb3590fccfb85f2aab3388126e9bf8,pf_v2_aigc_p16-low-light-shadow-mild-blur,pf_v2_aigc_p16-low-light-shadow-mild-blur,1,positive,VAL,second deterministic role-group tranche,ai_generated,v2.0
,157_p16-low-light-shadow-mild-blur-07.png,c75a527ca5db85a465831aac2f5e6f172973005137333af99943523fda1a0c4a,pf_v2_aigc_p16-low-light-shadow-mild-blur,pf_v2_aigc_p16-low-light-shadow-mild-blur,1,positive,VAL,second deterministic role-group tranche,ai_generated,v2.0
,158_p16-low-light-shadow-mild-blur-08.png,2e8e49c0c65da5f31d493959bc317219f25cc620bc3c6a4261531b10e676ba5d,pf_v2_aigc_p16-low-light-shadow-mild-blur,pf_v2_aigc_p16-low-light-shadow-mild-blur,1,positive,VAL,second deterministic role-group tranche,ai_generated,v2.0
,159_p16-low-light-shadow-mild-blur-09.png,67a931690a7dccf8e50c8b162b03388c6b4220f5a4b98776babba81ea5446428,pf_v2_aigc_p16-low-light-shadow-mild-blur,pf_v2_aigc_p16-low-light-shadow-mild-blur,1,positive,VAL,second deterministic role-group tranche,ai_generated,v2.0
,15_p02-supine-on-floor-05.png,72e402106d3615e66ed2debf52639aef09664d5d70fdb8cc36336a6dee349d22,pf_v2_aigc_p02-supine-on-floor,pf_v2_aigc_p02-supine-on-floor,1,positive,DEV,first deterministic role-group tranche,ai_generated,v2.0
,160_p16-low-light-shadow-mild-blur-10.png,972c31b2bd8d9e4e52550bc0790994af8831b04e975e0aa8b0a7eb58071c170b,pf_v2_aigc_p16-low-light-shadow-mild-blur,pf_v2_aigc_p16-low-light-shadow-mild-blur,1,positive,VAL,second deterministic role-group tranche,ai_generated,v2.0
,161_p17-abnormal-support-surface-01.png,6a3b29e937f5d2d38ac01f36a2269f4bf7ce2c3f4550d4abfe38afb484aa76e0,pf_v2_aigc_p17-abnormal-support-surface,pf_v2_aigc_p17-abnormal-support-surface,1,positive,HOLDOUT,sealed remaining role-group tranche,ai_generated,v2.0
,162_p17-abnormal-support-surface-02.png,436d86d2e5b77b736d1b9ba926f3b8cece4b19b1a922d43fc0d8e26e49d82898,pf_v2_aigc_p17-abnormal-support-surface,pf_v2_aigc_p17-abnormal-support-surface,1,positive,HOLDOUT,sealed remaining role-group tranche,ai_generated,v2.0
,163_p17-abnormal-support-surface-03.png,37a1c66c732ce9a3e7615141dbe420b6f38556c707bfecdaca493b41e7a4c512,pf_v2_aigc_p17-abnormal-support-surface,pf_v2_aigc_p17-abnormal-support-surface,1,positive,HOLDOUT,sealed remaining role-group tranche,ai_generated,v2.0
,164_p17-abnormal-support-surface-04.png,8d2c25ee3660147ef837e631c3b690dafe9a602b2455d40113ac0d951b118469,pf_v2_aigc_p17-abnormal-support-surface,pf_v2_aigc_p17-abnormal-support-surface,1,positive,HOLDOUT,sealed remaining role-group tranche,ai_generated,v2.0
,165_p17-abnormal-support-surface-05.png,c0d7bb1f6af17840ef1f7acb4dc30ea2292010446751f0f13223217a9215fb96,pf_v2_aigc_p17-abnormal-support-surface,pf_v2_aigc_p17-abnormal-support-surface,1,positive,HOLDOUT,sealed remaining role-group tranche,ai_generated,v2.0
,166_p17-abnormal-support-surface-06.png,77a0f3a71e1430922e4731af6949094fb97d3c94809292367f8276a69a127e63,pf_v2_aigc_p17-abnormal-support-surface,pf_v2_aigc_p17-abnormal-support-surface,1,positive,HOLDOUT,sealed remaining role-group tranche,ai_generated,v2.0
,167_p17-abnormal-support-surface-07.png,a63137c56e7773b85d5a0a7949f3e51e34ee594d0c21a1e4b5d0c7b025829819,pf_v2_aigc_p17-abnormal-support-surface,pf_v2_aigc_p17-abnormal-support-surface,1,positive,HOLDOUT,sealed remaining role-group tranche,ai_generated,v2.0
,168_p17-abnormal-support-surface-08.png,486c6e50f7962d5b32c18539eff86b9dc93ea43acb9c8a5d6ad1049b38339433,pf_v2_aigc_p17-abnormal-support-surface,pf_v2_aigc_p17-abnormal-support-surface,1,positive,HOLDOUT,sealed remaining role-group tranche,ai_generated,v2.0
,169_p17-abnormal-support-surface-09.png,8f3c81b28abf39c8247b66071802fb434eeaa0043330d83f5a89a7c60e179b53,pf_v2_aigc_p17-abnormal-support-surface,pf_v2_aigc_p17-abnormal-support-surface,1,positive,HOLDOUT,sealed remaining role-group tranche,ai_generated,v2.0
,16_p02-supine-on-floor-06.png,2e9ea4788510caf75d1b8e17db7a510b0a68ad2f97d75835a51c421dc1865380,pf_v2_aigc_p02-supine-on-floor,pf_v2_aigc_p02-supine-on-floor,1,positive,DEV,first deterministic role-group tranche,ai_generated,v2.0
,170_p17-abnormal-support-surface-10.png,ac540e3aff9e2d9912305d40bf4a95a83df0286cff7aa3c7a07f71380ff8a5a2,pf_v2_aigc_p17-abnormal-support-surface,pf_v2_aigc_p17-abnormal-support-surface,1,positive,HOLDOUT,sealed remaining role-group tranche,ai_generated,v2.0
,171_p18-abnormal-support-surface-01.png,c437b74de8d07bd3072a379475896538a1ad495f8b7a5817ff2ded7d3d12859a,pf_v2_aigc_p18-abnormal-support-surface,pf_v2_aigc_p18-abnormal-support-surface,1,positive,HOLDOUT,sealed remaining role-group tranche,ai_generated,v2.0
,172_p18-abnormal-support-surface-02.png,22d91d7616acda2fcacc049f0d2f299cc4992d2a944826f82b219b143bd10d9d,pf_v2_aigc_p18-abnormal-support-surface,pf_v2_aigc_p18-abnormal-support-surface,1,positive,HOLDOUT,sealed remaining role-group tranche,ai_generated,v2.0
,173_p18-abnormal-support-surface-03.png,731f98a3fe5d66753ba07a4a544a798df82956e4c08a16251d6fc609b88583a5,pf_v2_aigc_p18-abnormal-support-surface,pf_v2_aigc_p18-abnormal-support-surface,1,positive,HOLDOUT,sealed remaining role-group tranche,ai_generated,v2.0
,174_p18-abnormal-support-surface-04.png,e702de0fc5c37bca607b9fd7ccb7994172625cc73afe88cc9ea4060fa3e4f1b8,pf_v2_aigc_p18-abnormal-support-surface,pf_v2_aigc_p18-abnormal-support-surface,1,positive,HOLDOUT,sealed remaining role-group tranche,ai_generated,v2.0
,175_p18-abnormal-support-surface-05.png,125cee2dcd24fbdd97642a640d23844abd747f03e4122f825bc24f76f62c35f1,pf_v2_aigc_p18-abnormal-support-surface,pf_v2_aigc_p18-abnormal-support-surface,1,positive,HOLDOUT,sealed remaining role-group tranche,ai_generated,v2.0
,176_p18-abnormal-support-surface-06.png,1381e3ad30a27ba66a0a337f7a57f6066bd134d29eb33c1d97463945e104e96b,pf_v2_aigc_p18-abnormal-support-surface,pf_v2_aigc_p18-abnormal-support-surface,1,positive,HOLDOUT,sealed remaining role-group tranche,ai_generated,v2.0
,177_p18-abnormal-support-surface-07.png,251e3c7a3456fbfd1c8bed68a487bece1deed7fabb8d6c9dc5803298dcc03ade,pf_v2_aigc_p18-abnormal-support-surface,pf_v2_aigc_p18-abnormal-support-surface,1,positive,HOLDOUT,sealed remaining role-group tranche,ai_generated,v2.0
,178_p18-abnormal-support-surface-08.png,a3460a93de4473c9338a458de20e2ae1e36b633979f3d33665c653a1dc20fecd,pf_v2_aigc_p18-abnormal-support-surface,pf_v2_aigc_p18-abnormal-support-surface,1,positive,HOLDOUT,sealed remaining role-group tranche,ai_generated,v2.0
,179_p18-abnormal-support-surface-09.png,3ff93f899ac57671fa107fce88639cc997ee54068464199a0af564efa225977d,pf_v2_aigc_p18-abnormal-support-surface,pf_v2_aigc_p18-abnormal-support-surface,1,positive,HOLDOUT,sealed remaining role-group tranche,ai_generated,v2.0
,17_p02-supine-on-floor-07.png,03f04df8719f4f00db8f20614cc8b2dac09a6f1fdd4e26ec246375a43cce72f9,pf_v2_aigc_p02-supine-on-floor,pf_v2_aigc_p02-supine-on-floor,1,positive,DEV,first deterministic role-group tranche,ai_generated,v2.0
,180_p18-abnormal-support-surface-10.png,bd3c3dcc2aa778e6aee0976792115ee43f4cbb4fcabae83bace1ecb624f393c2,pf_v2_aigc_p18-abnormal-support-surface,pf_v2_aigc_p18-abnormal-support-surface,1,positive,HOLDOUT,sealed remaining role-group tranche,ai_generated,v2.0
,181_p19-active-voluntary-lying-on-ground-01.png,8fd156a8c439704b329f46bd6faba4b4667d0cf8f114fa5f8b4b3debf98c720a,pf_v2_aigc_p19-active-voluntary-lying-on-ground,pf_v2_aigc_p19-active-voluntary-lying-on-ground,1,positive,HOLDOUT,sealed remaining role-group tranche,ai_generated,v2.0
,182_p19-active-voluntary-lying-on-ground-02.png,917e156f1263be2b899ecf4c87b971e87ee962fc1525ed4324baee7c3d15c45b,pf_v2_aigc_p19-active-voluntary-lying-on-ground,pf_v2_aigc_p19-active-voluntary-lying-on-ground,1,positive,HOLDOUT,sealed remaining role-group tranche,ai_generated,v2.0
,183_p19-active-voluntary-lying-on-ground-03.png,06168c86cc88b96431afc5272762478431ae1a20a29cd5dd29b10f8601d10baa,pf_v2_aigc_p19-active-voluntary-lying-on-ground,pf_v2_aigc_p19-active-voluntary-lying-on-ground,1,positive,HOLDOUT,sealed remaining role-group tranche,ai_generated,v2.0
,184_p19-active-voluntary-lying-on-ground-04.png,b54730ddcf274d24a82b0f6141131ee0c35f3d95308d830e06a58a5174dd5bb3,pf_v2_aigc_p19-active-voluntary-lying-on-ground,pf_v2_aigc_p19-active-voluntary-lying-on-ground,1,positive,HOLDOUT,sealed remaining role-group tranche,ai_generated,v2.0
,185_p19-active-voluntary-lying-on-ground-05.png,9c0a9ba8adc62f632d444eb5eeaaead0a31ec3584caddb950e1e126cb6e49ff7,pf_v2_aigc_p19-active-voluntary-lying-on-ground,pf_v2_aigc_p19-active-voluntary-lying-on-ground,1,positive,HOLDOUT,sealed remaining role-group tranche,ai_generated,v2.0
,186_p19-active-voluntary-lying-on-ground-06.png,2f16a0969310f13bacfcb0c025c6e65b4a80fa3eefd6f9d6f9f88a064f66da97,pf_v2_aigc_p19-active-voluntary-lying-on-ground,pf_v2_aigc_p19-active-voluntary-lying-on-ground,1,positive,HOLDOUT,sealed remaining role-group tranche,ai_generated,v2.0
,187_p19-active-voluntary-lying-on-ground-07.png,2eb145bb33077aee65d852b9db97ff7e16a6443237e06e0e49ad286c266694de,pf_v2_aigc_p19-active-voluntary-lying-on-ground,pf_v2_aigc_p19-active-voluntary-lying-on-ground,1,positive,HOLDOUT,sealed remaining role-group tranche,ai_generated,v2.0
,188_p19-active-voluntary-lying-on-ground-08.png,409b9aafcd21596649d9506d1a1cb6e6d2c418c0dede71731a284f08ce3da50e,pf_v2_aigc_p19-active-voluntary-lying-on-ground,pf_v2_aigc_p19-active-voluntary-lying-on-ground,1,positive,HOLDOUT,sealed remaining role-group tranche,ai_generated,v2.0
,189_p19-active-voluntary-lying-on-ground-09.png,f0896d5057b1d237729d0b6dbacb6052187fcaa3f1650ba4bad3e8dd48de6f05,pf_v2_aigc_p19-active-voluntary-lying-on-ground,pf_v2_aigc_p19-active-voluntary-lying-on-ground,1,positive,HOLDOUT,sealed remaining role-group tranche,ai_generated,v2.0
,18_p02-supine-on-floor-08.png,6881ae0e92af78ee265a345ee5b2601e4ce3545a239f37f0fc65e19cdbce3046,pf_v2_aigc_p02-supine-on-floor,pf_v2_aigc_p02-supine-on-floor,1,positive,DEV,first deterministic role-group tranche,ai_generated,v2.0
,190_p19-active-voluntary-lying-on-ground-10.png,dce8cb218c852a5f46cde0734b70bc3398faf0b4479f04ace0bc0844cb09b8e8,pf_v2_aigc_p19-active-voluntary-lying-on-ground,pf_v2_aigc_p19-active-voluntary-lying-on-ground,1,positive,HOLDOUT,sealed remaining role-group tranche,ai_generated,v2.0
,191_p20-static-lying-on-ground-01.png,5824382aae59fe61af98dccf89fcdf96008082adf4b8ea5242f2229fc1f365e9,pf_v2_aigc_p20-static-lying-on-ground,pf_v2_aigc_p20-static-lying-on-ground,1,positive,HOLDOUT,sealed remaining role-group tranche,ai_generated,v2.0
,192_p20-static-lying-on-ground-02.png,97eb294edd0f3e0fea3a61c12217cc676ee2e92940d159c5d3e017ccb94c2329,pf_v2_aigc_p20-static-lying-on-ground,pf_v2_aigc_p20-static-lying-on-ground,1,positive,HOLDOUT,sealed remaining role-group tranche,ai_generated,v2.0
,193_p20-static-lying-on-ground-03.png,56e5011a38e4a5b734eeece9c4211db4809c55842a21345e66e8a638f0a2ccb4,pf_v2_aigc_p20-static-lying-on-ground,pf_v2_aigc_p20-static-lying-on-ground,1,positive,HOLDOUT,sealed remaining role-group tranche,ai_generated,v2.0
,194_p20-static-lying-on-ground-04.png,7e1206f44540e5ec3fe459c7f2aa021a27a7ab5ba240a6023a149e58ee29b61c,pf_v2_aigc_p20-static-lying-on-ground,pf_v2_aigc_p20-static-lying-on-ground,1,positive,HOLDOUT,sealed remaining role-group tranche,ai_generated,v2.0
,195_p20-static-lying-on-ground-05.png,6f57b16285c4e6edfe6de3daa00e0f70c69141498b3c491179c721759cce7a79,pf_v2_aigc_p20-static-lying-on-ground,pf_v2_aigc_p20-static-lying-on-ground,1,positive,HOLDOUT,sealed remaining role-group tranche,ai_generated,v2.0
,196_p20-static-lying-on-ground-06.png,fd1daa698feb788e484468dd09275d04427cea7a76f2961d3207361992a57851,pf_v2_aigc_p20-static-lying-on-ground,pf_v2_aigc_p20-static-lying-on-ground,1,positive,HOLDOUT,sealed remaining role-group tranche,ai_generated,v2.0
,197_p20-static-lying-on-ground-07.png,8e69fe60639e78401589d986a5517e8a48ce49822e9857e9ef11fb33a92adfb4,pf_v2_aigc_p20-static-lying-on-ground,pf_v2_aigc_p20-static-lying-on-ground,1,positive,HOLDOUT,sealed remaining role-group tranche,ai_generated,v2.0
,198_p20-static-lying-on-ground-08.png,8743fc7160d123ceb4ffc38b36fc5ae589daa0516020a68a6b55144ce4e64c85,pf_v2_aigc_p20-static-lying-on-ground,pf_v2_aigc_p20-static-lying-on-ground,1,positive,HOLDOUT,sealed remaining role-group tranche,ai_generated,v2.0
,199_p20-static-lying-on-ground-09.png,0d95ed8fd7b4b792671117cb4dc10b2532137a69f7f6e94ce2494be460957df7,pf_v2_aigc_p20-static-lying-on-ground,pf_v2_aigc_p20-static-lying-on-ground,1,positive,HOLDOUT,sealed remaining role-group tranche,ai_generated,v2.0
,19_p02-supine-on-floor-09.png,b874a600936c52aeddb2d3a93719f0fe02937076b115354fa5d3417153f9027f,pf_v2_aigc_p02-supine-on-floor,pf_v2_aigc_p02-supine-on-floor,1,positive,DEV,first deterministic role-group tranche,ai_generated,v2.0
,200_p20-static-lying-on-ground-10.png,d04a76e9519f62f74f8ea3fc772195a79084bae2f811bde50e3d7e9ccf4997ca,pf_v2_aigc_p20-static-lying-on-ground,pf_v2_aigc_p20-static-lying-on-ground,1,positive,HOLDOUT,sealed remaining role-group tranche,ai_generated,v2.0
,201_n01-normal-standing-01.png,457cfa92c5ab41f354d579c4d14852a123235fc8e559db33a211b7302b050029,pf_v2_aigc_n01-normal-standing,pf_v2_aigc_n01-normal-standing,0,negative,DEV,first deterministic role-group tranche,ai_generated,v2.0
,202_n01-normal-standing-02.png,920c606e31ac7bcaa90a07a65cb3c274e2f1c2c9c013bc9a6d0a9d606b5c9679,pf_v2_aigc_n01-normal-standing,pf_v2_aigc_n01-normal-standing,0,negative,DEV,first deterministic role-group tranche,ai_generated,v2.0
,203_n01-normal-standing-03.png,a1cd8e89742ed199a07308870b4962f4340aef43264a81c77a6a79722d89d926,pf_v2_aigc_n01-normal-standing,pf_v2_aigc_n01-normal-standing,0,negative,DEV,first deterministic role-group tranche,ai_generated,v2.0
,204_n01-normal-standing-04.png,ce9dc025af14a475e18224fc33de4e53f4c219f05c455b849eda6519a28280f2,pf_v2_aigc_n01-normal-standing,pf_v2_aigc_n01-normal-standing,0,negative,DEV,first deterministic role-group tranche,ai_generated,v2.0
,205_n01-normal-standing-05.png,4fa6866d8b13f3823e1035a827511e4ffd540a6d33ecd03a46d1cb139a5cbb90,pf_v2_aigc_n01-normal-standing,pf_v2_aigc_n01-normal-standing,0,negative,DEV,first deterministic role-group tranche,ai_generated,v2.0
,206_n01-normal-standing-06.png,6786cd4c5ce2d5100e95e9ca8a85a3ee6c0074d2661b445a20b694d5bf35814f,pf_v2_aigc_n01-normal-standing,pf_v2_aigc_n01-normal-standing,0,negative,DEV,first deterministic role-group tranche,ai_generated,v2.0
,207_n01-normal-standing-07.png,e6d31485e30861fae7d360b9d9e23306e8b4317762269bf9239faa555516baee,pf_v2_aigc_n01-normal-standing,pf_v2_aigc_n01-normal-standing,0,negative,DEV,first deterministic role-group tranche,ai_generated,v2.0
,208_n01-normal-standing-08.png,5dbf27cf5cbc6edd6b8d4aedddf6f42e9ac9809a1f40a430e968ab70da572ea4,pf_v2_aigc_n01-normal-standing,pf_v2_aigc_n01-normal-standing,0,negative,DEV,first deterministic role-group tranche,ai_generated,v2.0
,209_n01-normal-standing-09.png,cf12a0c87783adfbb55c87a7b1f10fd0a02c273e0a80097167298edaf9349965,pf_v2_aigc_n01-normal-standing,pf_v2_aigc_n01-normal-standing,0,negative,DEV,first deterministic role-group tranche,ai_generated,v2.0
,20_p02-supine-on-floor-10.png,5bac427ba05af7d58237cbf9d1d3606a4615caa7c3c7a8e01d301442ce4c7f63,pf_v2_aigc_p02-supine-on-floor,pf_v2_aigc_p02-supine-on-floor,1,positive,DEV,first deterministic role-group tranche,ai_generated,v2.0
,210_n01-normal-standing-10.png,83bedc0973a8c202da41709e7b7ff62f64b014c5d58c8b2a11779b40c3285a87,pf_v2_aigc_n01-normal-standing,pf_v2_aigc_n01-normal-standing,0,negative,DEV,first deterministic role-group tranche,ai_generated,v2.0
,211_n02-normal-walking-01.png,84620ef986b653f83fe4161a06054c03b14bfde35ca3588d66b6dcdfeb104929,pf_v2_aigc_n02-normal-walking,pf_v2_aigc_n02-normal-walking,0,negative,DEV,first deterministic role-group tranche,ai_generated,v2.0
,212_n02-normal-walking-02.png,2a5c2d55fe21dcfb62d6193ee70d56c16a38f892c0ca6991f871e9220a1e4114,pf_v2_aigc_n02-normal-walking,pf_v2_aigc_n02-normal-walking,0,negative,DEV,first deterministic role-group tranche,ai_generated,v2.0
,213_n02-normal-walking-03.png,df7262d5f0764ffcdeac7c699684178eace0c41aa85f58c6b96a19726c2938a5,pf_v2_aigc_n02-normal-walking,pf_v2_aigc_n02-normal-walking,0,negative,DEV,first deterministic role-group tranche,ai_generated,v2.0
,214_n02-normal-walking-04.png,fc149aaea8829ea06f3ed12651debf67d1b41ee5405a8479d2855176ad1207f8,pf_v2_aigc_n02-normal-walking,pf_v2_aigc_n02-normal-walking,0,negative,DEV,first deterministic role-group tranche,ai_generated,v2.0
,215_n02-normal-walking-05.png,3ea5da470a7ca94ea0f92d87746573becb0e70b5d600f444a579417cca00be40,pf_v2_aigc_n02-normal-walking,pf_v2_aigc_n02-normal-walking,0,negative,DEV,first deterministic role-group tranche,ai_generated,v2.0
,216_n02-normal-walking-06.png,5236377d0e960a946da10b1df70dee4dedb6b1ee8dfab55782303b948b178395,pf_v2_aigc_n02-normal-walking,pf_v2_aigc_n02-normal-walking,0,negative,DEV,first deterministic role-group tranche,ai_generated,v2.0
,217_n02-normal-walking-07.png,832f2687a61e8d82e1f5571fe27fb39531c55823e664a34cf284c8af48b2a9d0,pf_v2_aigc_n02-normal-walking,pf_v2_aigc_n02-normal-walking,0,negative,DEV,first deterministic role-group tranche,ai_generated,v2.0
,218_n02-normal-walking-08.png,e5272b7ba0585b8642824a52f893afc42fc446c0ea9e9b7b11ed2b6eb4615835,pf_v2_aigc_n02-normal-walking,pf_v2_aigc_n02-normal-walking,0,negative,DEV,first deterministic role-group tranche,ai_generated,v2.0
,219_n02-normal-walking-09.png,e12aa00ebca5ce986b5df9f5e39d562be46c2c28dec4a2f9fe6d3e9c9554a048,pf_v2_aigc_n02-normal-walking,pf_v2_aigc_n02-normal-walking,0,negative,DEV,first deterministic role-group tranche,ai_generated,v2.0
,21_p03-prone-on-floor-01.png,f0afef1f06a16d9f91cbc9eb9a52cecd79d692a10c0624b6f169255a562f6374,pf_v2_aigc_p03-prone-on-floor,pf_v2_aigc_p03-prone-on-floor,1,positive,DEV,first deterministic role-group tranche,ai_generated,v2.0
,220_n02-normal-walking-10.png,350be842f28a57c01d24f1ba08b664e57ee67df4d22eb4d566fb272af8819347,pf_v2_aigc_n02-normal-walking,pf_v2_aigc_n02-normal-walking,0,negative,DEV,first deterministic role-group tranche,ai_generated,v2.0
,221_n03-normal-seated-on-chair-stool-01.png,134dfe24ba4a545900acbfdb83b4a62b70449aaadd890b1c75651779c8f2e888,pf_v2_aigc_n03-normal-seated-on-chair-stool,pf_v2_aigc_n03-normal-seated-on-chair-stool,0,negative,DEV,first deterministic role-group tranche,ai_generated,v2.0
,222_n03-normal-seated-on-chair-stool-02.png,965a36ac17f63bff6182aea6c810412c18e5e0b5a8edd978ef54aa65f471699a,pf_v2_aigc_n03-normal-seated-on-chair-stool,pf_v2_aigc_n03-normal-seated-on-chair-stool,0,negative,DEV,first deterministic role-group tranche,ai_generated,v2.0
,223_n03-normal-seated-on-chair-stool-03.png,b0def42df09f987a7c46fd51ecb0ffb1a9d3017e809f2dcb08e60c5ec55a7c0f,pf_v2_aigc_n03-normal-seated-on-chair-stool,pf_v2_aigc_n03-normal-seated-on-chair-stool,0,negative,DEV,first deterministic role-group tranche,ai_generated,v2.0
,224_n03-normal-seated-on-chair-stool-04.png,aca00613e4666301061ddffe9cd1b2f87f0ac0326ec85e74625925198bfd7117,pf_v2_aigc_n03-normal-seated-on-chair-stool,pf_v2_aigc_n03-normal-seated-on-chair-stool,0,negative,DEV,first deterministic role-group tranche,ai_generated,v2.0
,225_n03-normal-seated-on-chair-stool-05.png,decbb91e43f7888ab015c46a93a6681e9ed58d0513898f92b2566cf9f62b736b,pf_v2_aigc_n03-normal-seated-on-chair-stool,pf_v2_aigc_n03-normal-seated-on-chair-stool,0,negative,DEV,first deterministic role-group tranche,ai_generated,v2.0
,226_n03-normal-seated-on-chair-stool-06.png,918bcd9792f6b32b77c3d03234683d235158ee718233c5e8848c6c07f9d3136f,pf_v2_aigc_n03-normal-seated-on-chair-stool,pf_v2_aigc_n03-normal-seated-on-chair-stool,0,negative,DEV,first deterministic role-group tranche,ai_generated,v2.0
,227_n03-normal-seated-on-chair-stool-07.png,70840adc6065155f16f6ee3bea719f65bf73e3ef9ae255e1e6150dba45ac2f84,pf_v2_aigc_n03-normal-seated-on-chair-stool,pf_v2_aigc_n03-normal-seated-on-chair-stool,0,negative,DEV,first deterministic role-group tranche,ai_generated,v2.0
,228_n03-normal-seated-on-chair-stool-08.png,d54811000d65c588d8507882501b378d11f35a8e4bd81d24bdf06c37b63a7c9f,pf_v2_aigc_n03-normal-seated-on-chair-stool,pf_v2_aigc_n03-normal-seated-on-chair-stool,0,negative,DEV,first deterministic role-group tranche,ai_generated,v2.0
,229_n03-normal-seated-on-chair-stool-09.png,321f3a35a48e0a9f07f6f244168a419b8af6fa0e74498afebb4b61b11e640241,pf_v2_aigc_n03-normal-seated-on-chair-stool,pf_v2_aigc_n03-normal-seated-on-chair-stool,0,negative,DEV,first deterministic role-group tranche,ai_generated,v2.0
,22_p03-prone-on-floor-02.png,531968ccc4c4000ca558dc91f46f4aa132767e2df19281d2506c4cbbd62c3e0f,pf_v2_aigc_p03-prone-on-floor,pf_v2_aigc_p03-prone-on-floor,1,positive,DEV,first deterministic role-group tranche,ai_generated,v2.0
,230_n03-normal-seated-on-chair-stool-10.png,d2415691cfd3ce59b490d558f1a3b1d4609756643ae69e8afac57b35b82a93d7,pf_v2_aigc_n03-normal-seated-on-chair-stool,pf_v2_aigc_n03-normal-seated-on-chair-stool,0,negative,DEV,first deterministic role-group tranche,ai_generated,v2.0
,231_n04-normal-seated-on-chair-stool-01.png,9968329187d7c0273dcc1769c05d88e846009f0fd54a7d280664fca6706c0a46,pf_v2_aigc_n04-normal-seated-on-chair-stool,pf_v2_aigc_n04-normal-seated-on-chair-stool,0,negative,DEV,first deterministic role-group tranche,ai_generated,v2.0
,232_n04-normal-seated-on-chair-stool-02.png,21558e45c831388c100ae3529b6804577a40ca367bb9f836b04e4c3520c2df66,pf_v2_aigc_n04-normal-seated-on-chair-stool,pf_v2_aigc_n04-normal-seated-on-chair-stool,0,negative,DEV,first deterministic role-group tranche,ai_generated,v2.0
,233_n04-normal-seated-on-chair-stool-03.png,8bdf1601258e589a61a1ddaabcf4d9f5d44b83c59f28ad97f6030858e1d7ff54,pf_v2_aigc_n04-normal-seated-on-chair-stool,pf_v2_aigc_n04-normal-seated-on-chair-stool,0,negative,DEV,first deterministic role-group tranche,ai_generated,v2.0
,234_n04-normal-seated-on-chair-stool-04.png,181b3cafa82863a1ca5bb12aea16b6dacf16f78f5f346890cc2575880695f72a,pf_v2_aigc_n04-normal-seated-on-chair-stool,pf_v2_aigc_n04-normal-seated-on-chair-stool,0,negative,DEV,first deterministic role-group tranche,ai_generated,v2.0
,235_n04-normal-seated-on-chair-stool-05.png,1702a8a274a13fb451ca23ccafdc997a8830cc7adda330b5df0b90ab6aedef73,pf_v2_aigc_n04-normal-seated-on-chair-stool,pf_v2_aigc_n04-normal-seated-on-chair-stool,0,negative,DEV,first deterministic role-group tranche,ai_generated,v2.0
,236_n04-normal-seated-on-chair-stool-06.png,ef1b9e81ee1523dbbb21b07d027980742531a74f55e456b369a433de82844d0c,pf_v2_aigc_n04-normal-seated-on-chair-stool,pf_v2_aigc_n04-normal-seated-on-chair-stool,0,negative,DEV,first deterministic role-group tranche,ai_generated,v2.0
,237_n04-normal-seated-on-chair-stool-07.png,9cbe78bbf831d21c6e1c849718050658b28230501cc176dd49023302702e5d89,pf_v2_aigc_n04-normal-seated-on-chair-stool,pf_v2_aigc_n04-normal-seated-on-chair-stool,0,negative,DEV,first deterministic role-group tranche,ai_generated,v2.0
,238_n04-normal-seated-on-chair-stool-08.png,95d750ee89b98302502ce9d5dd13c9cfd0bb861ce62ff17fb6bb95ba2852da1f,pf_v2_aigc_n04-normal-seated-on-chair-stool,pf_v2_aigc_n04-normal-seated-on-chair-stool,0,negative,DEV,first deterministic role-group tranche,ai_generated,v2.0
,239_n04-normal-seated-on-chair-stool-09.png,1d98c7785efcb98a45f71e366224ff1f43a9e4607bd7f11ac5a840e3fedbe349,pf_v2_aigc_n04-normal-seated-on-chair-stool,pf_v2_aigc_n04-normal-seated-on-chair-stool,0,negative,DEV,first deterministic role-group tranche,ai_generated,v2.0
,23_p03-prone-on-floor-03.png,86547becdc828b66ad9504dc73a3f4554738ec7030b623ec6830ae18fb351a4a,pf_v2_aigc_p03-prone-on-floor,pf_v2_aigc_p03-prone-on-floor,1,positive,DEV,first deterministic role-group tranche,ai_generated,v2.0
,240_n04-normal-seated-on-chair-stool-10.png,970f4760193d0f57e0b8a9307c58746c25e11ef6272e39ffb938b3e6b0100fc4,pf_v2_aigc_n04-normal-seated-on-chair-stool,pf_v2_aigc_n04-normal-seated-on-chair-stool,0,negative,DEV,first deterministic role-group tranche,ai_generated,v2.0
,241_n05-normal-work-activity-01.png,9f097226ab0671e7a218fd1c82a58aebe647087f9a516133b29a28046bfc2abc,pf_v2_aigc_n05-normal-work-activity,pf_v2_aigc_n05-normal-work-activity,0,negative,DEV,first deterministic role-group tranche,ai_generated,v2.0
,242_n05-normal-work-activity-02.png,61f62d3713f09e213c5c6907ba0a919c642e6906a6f69bf8da0bb3a5166322fb,pf_v2_aigc_n05-normal-work-activity,pf_v2_aigc_n05-normal-work-activity,0,negative,DEV,first deterministic role-group tranche,ai_generated,v2.0
,243_n05-normal-work-activity-03.png,8365c94dd5b4f02db8356dede98e882f3d6565b8fda4260e81a214c9e1c314b3,pf_v2_aigc_n05-normal-work-activity,pf_v2_aigc_n05-normal-work-activity,0,negative,DEV,first deterministic role-group tranche,ai_generated,v2.0
,244_n05-normal-work-activity-04.png,94101fe845662bffc2c777c22fbd05325f40c7430b920dcefbfe616b2d8f8bbb,pf_v2_aigc_n05-normal-work-activity,pf_v2_aigc_n05-normal-work-activity,0,negative,DEV,first deterministic role-group tranche,ai_generated,v2.0
,245_n05-normal-work-activity-05.png,d9d6cd153d044702ab5b5c7c742b8b9f0bfe1e6fbcc1876b64efb6da24f28b90,pf_v2_aigc_n05-normal-work-activity,pf_v2_aigc_n05-normal-work-activity,0,negative,DEV,first deterministic role-group tranche,ai_generated,v2.0
,246_n05-normal-work-activity-06.png,7f8500c8ea49da59bce9fd30b27e3b866415ba174fea8fd967d9cf75d7b91772,pf_v2_aigc_n05-normal-work-activity,pf_v2_aigc_n05-normal-work-activity,0,negative,DEV,first deterministic role-group tranche,ai_generated,v2.0
,247_n05-normal-work-activity-07.png,95620c5fac3a9c5da240bf74298f8edcb95bdd361a43e836056f69e8d81ad366,pf_v2_aigc_n05-normal-work-activity,pf_v2_aigc_n05-normal-work-activity,0,negative,DEV,first deterministic role-group tranche,ai_generated,v2.0
,248_n05-normal-work-activity-08.png,8a82f11e4ece013b8e4753087d1d7fb186f0f67158d1f4e39aa438f5308286fa,pf_v2_aigc_n05-normal-work-activity,pf_v2_aigc_n05-normal-work-activity,0,negative,DEV,first deterministic role-group tranche,ai_generated,v2.0
,249_n05-normal-work-activity-09.png,f7ba24ba75b052e04cf3929eaeb01599b85303454742cecd2d9ad35189a11a83,pf_v2_aigc_n05-normal-work-activity,pf_v2_aigc_n05-normal-work-activity,0,negative,DEV,first deterministic role-group tranche,ai_generated,v2.0
,24_p03-prone-on-floor-04.png,fc2bc25c7a7c65641f3f35cd41cab981571e82d00231d5cb3f676954c03684f1,pf_v2_aigc_p03-prone-on-floor,pf_v2_aigc_p03-prone-on-floor,1,positive,DEV,first deterministic role-group tranche,ai_generated,v2.0
,250_n05-normal-work-activity-10.png,0b26abc51c7b63fab900a8c777f2c37a368a32a632a96741f4b20d82482e6d7c,pf_v2_aigc_n05-normal-work-activity,pf_v2_aigc_n05-normal-work-activity,0,negative,DEV,first deterministic role-group tranche,ai_generated,v2.0
,251_n06-normal-work-activity-01.png,0d5585e07f3b9fedc834975e2be54f134752f0ccb301ee4e02cd2c06106f94c8,pf_v2_aigc_n06-normal-work-activity,pf_v2_aigc_n06-normal-work-activity,0,negative,DEV,first deterministic role-group tranche,ai_generated,v2.0
,252_n06-normal-work-activity-02.png,c8a9bc514c15da3f2da23703dc11bb453d11c54b1bebcec486122e3fb87d5379,pf_v2_aigc_n06-normal-work-activity,pf_v2_aigc_n06-normal-work-activity,0,negative,DEV,first deterministic role-group tranche,ai_generated,v2.0
,253_n06-normal-work-activity-03.png,8c72d44ee172f2ae89a43f5c104baaa598077ae72eecae1fac52666811ee2c15,pf_v2_aigc_n06-normal-work-activity,pf_v2_aigc_n06-normal-work-activity,0,negative,DEV,first deterministic role-group tranche,ai_generated,v2.0
,254_n06-normal-work-activity-04.png,708a9188aea6197ec36ef5ab262e62630b980f9a8a03797a477212ae97dd969d,pf_v2_aigc_n06-normal-work-activity,pf_v2_aigc_n06-normal-work-activity,0,negative,DEV,first deterministic role-group tranche,ai_generated,v2.0
,255_n06-normal-work-activity-05.png,a9dec425e7a51445e33666ad77fc90f0add301fc713c1fbd6a83de6a81d2df72,pf_v2_aigc_n06-normal-work-activity,pf_v2_aigc_n06-normal-work-activity,0,negative,DEV,first deterministic role-group tranche,ai_generated,v2.0
,256_n06-normal-work-activity-06.png,15b2e5f1094add6b6262cc9d02d72f3cbacf86a9d4023024b7f9cbfc8d7a1dd8,pf_v2_aigc_n06-normal-work-activity,pf_v2_aigc_n06-normal-work-activity,0,negative,DEV,first deterministic role-group tranche,ai_generated,v2.0
,257_n06-normal-work-activity-07.png,7d581bcff51b91f01017bb3a2479b738f8702d3532dc02bb5be374eb3acbfa33,pf_v2_aigc_n06-normal-work-activity,pf_v2_aigc_n06-normal-work-activity,0,negative,DEV,first deterministic role-group tranche,ai_generated,v2.0
,258_n06-normal-work-activity-08.png,2775217a73b3fec9852ead7ed28b5b4d76904b4a4f146e32928fc4c249a2f0b5,pf_v2_aigc_n06-normal-work-activity,pf_v2_aigc_n06-normal-work-activity,0,negative,DEV,first deterministic role-group tranche,ai_generated,v2.0
,259_n06-normal-work-activity-09.png,48dc5ad464b297860fc6a28647999f2c6eb1c00a37fd106e0a75d32094aebe81,pf_v2_aigc_n06-normal-work-activity,pf_v2_aigc_n06-normal-work-activity,0,negative,DEV,first deterministic role-group tranche,ai_generated,v2.0
,25_p03-prone-on-floor-05.png,562f3ef69ce6291a666cffda86e701c7f20b92195677ac0bffc96dbf792f87e1,pf_v2_aigc_p03-prone-on-floor,pf_v2_aigc_p03-prone-on-floor,1,positive,DEV,first deterministic role-group tranche,ai_generated,v2.0
,260_n06-normal-work-activity-10.png,bd7cb37950286e8775216a9371b0eece1f9d46cfb09f046e0205804bd042b6a7,pf_v2_aigc_n06-normal-work-activity,pf_v2_aigc_n06-normal-work-activity,0,negative,DEV,first deterministic role-group tranche,ai_generated,v2.0
,261_n07-mild-bending-01.png,0f86a510ad912179633dea734f4457dc1945b5bbe1a9a123613bae400af636ee,pf_v2_aigc_n07-mild-bending,pf_v2_aigc_n07-mild-bending,0,negative,VAL,second deterministic role-group tranche,ai_generated,v2.0
,262_n07-mild-bending-02.png,e9e96ce08e4925312a49684d8381e0129c3b5722dbecbd610b4a40481f41cffb,pf_v2_aigc_n07-mild-bending,pf_v2_aigc_n07-mild-bending,0,negative,VAL,second deterministic role-group tranche,ai_generated,v2.0
,263_n07-mild-bending-03.png,acc221510be882f798e7e1c06e2b25f23bdf1419dbc036d0b4f22689505c7bc6,pf_v2_aigc_n07-mild-bending,pf_v2_aigc_n07-mild-bending,0,negative,VAL,second deterministic role-group tranche,ai_generated,v2.0
,264_n07-mild-bending-04.png,d15359dc17844ccf5775d2e324f7af0dc44b728120bc9257ab9d57ed9bf91549,pf_v2_aigc_n07-mild-bending,pf_v2_aigc_n07-mild-bending,0,negative,VAL,second deterministic role-group tranche,ai_generated,v2.0
,265_n07-mild-bending-05.png,8307f620f96d4c6cbe58314eb71ed9be3ccf45d23727e8b6592f9477bb37fa6b,pf_v2_aigc_n07-mild-bending,pf_v2_aigc_n07-mild-bending,0,negative,VAL,second deterministic role-group tranche,ai_generated,v2.0
,266_n07-mild-bending-06.png,5cba43b31c38a875466a807fac5daaf80e715c1a1cacc3bed578bc9716930cdd,pf_v2_aigc_n07-mild-bending,pf_v2_aigc_n07-mild-bending,0,negative,VAL,second deterministic role-group tranche,ai_generated,v2.0
,267_n07-mild-bending-07.png,00533f22a7b735ce2dd0ba71594e60a7ac5dfbea9803ebbfe380b15f7c4ca55e,pf_v2_aigc_n07-mild-bending,pf_v2_aigc_n07-mild-bending,0,negative,VAL,second deterministic role-group tranche,ai_generated,v2.0
,268_n07-mild-bending-08.png,04d272b852fd59fbf31c8d1bd6846056e4e67a3dbbb13979b3e6d5628d3c5fbf,pf_v2_aigc_n07-mild-bending,pf_v2_aigc_n07-mild-bending,0,negative,VAL,second deterministic role-group tranche,ai_generated,v2.0
,269_n07-mild-bending-09.png,b52e224f7c9bd37635012043f162b27d00b45efe2df6f03805c7bc1edaba3b8f,pf_v2_aigc_n07-mild-bending,pf_v2_aigc_n07-mild-bending,0,negative,VAL,second deterministic role-group tranche,ai_generated,v2.0
,26_p03-prone-on-floor-06.png,ffea712d59fccabbaf558579286df4d7fe6c99afeb817ce0bf8dad7d3377a921,pf_v2_aigc_p03-prone-on-floor,pf_v2_aigc_p03-prone-on-floor,1,positive,DEV,first deterministic role-group tranche,ai_generated,v2.0
,270_n07-mild-bending-10.png,8d6788595b06d3e93c60d1a37e08fd1f6674d7e682ac5e208670a407130ca387,pf_v2_aigc_n07-mild-bending,pf_v2_aigc_n07-mild-bending,0,negative,VAL,second deterministic role-group tranche,ai_generated,v2.0
,271_n08-multi-person-normal-activity-01.png,e74b50e0d919b056cade5af81e31a42fb9de0d4a42efc691d09fda59ff3070fd,pf_v2_aigc_n08-multi-person-normal-activity,pf_v2_aigc_n08-multi-person-normal-activity,0,negative,VAL,second deterministic role-group tranche,ai_generated,v2.0
,272_n08-multi-person-normal-activity-02.png,3a7d548ee86198d44e926fda2d9fd05e7188f76974f8bc0e6663f03981120003,pf_v2_aigc_n08-multi-person-normal-activity,pf_v2_aigc_n08-multi-person-normal-activity,0,negative,VAL,second deterministic role-group tranche,ai_generated,v2.0
,273_n08-multi-person-normal-activity-03.png,a3389fa90175ef6b7dd3e30e9280de3efd67dd48742937b417471d97b928d2ce,pf_v2_aigc_n08-multi-person-normal-activity,pf_v2_aigc_n08-multi-person-normal-activity,0,negative,VAL,second deterministic role-group tranche,ai_generated,v2.0
,274_n08-multi-person-normal-activity-04.png,f63a9dcfc130083a98a6e072eca29224a6fcf9b87295cc01035cddc7993cbf46,pf_v2_aigc_n08-multi-person-normal-activity,pf_v2_aigc_n08-multi-person-normal-activity,0,negative,VAL,second deterministic role-group tranche,ai_generated,v2.0
,275_n08-multi-person-normal-activity-05.png,ace8bebe3612865ba94b98237bbac400737c66e91d581e5d44be58dd67103825,pf_v2_aigc_n08-multi-person-normal-activity,pf_v2_aigc_n08-multi-person-normal-activity,0,negative,VAL,second deterministic role-group tranche,ai_generated,v2.0
,276_n08-multi-person-normal-activity-06.png,88bb0cd0b836c73715058a3a30fa6ebf4fb466280c4a62f775ecdf3490a602f7,pf_v2_aigc_n08-multi-person-normal-activity,pf_v2_aigc_n08-multi-person-normal-activity,0,negative,VAL,second deterministic role-group tranche,ai_generated,v2.0
,277_n08-multi-person-normal-activity-07.png,867239e2cbd3fcf7d403a985f450c3c8862854b339efa18130652c25be8790ac,pf_v2_aigc_n08-multi-person-normal-activity,pf_v2_aigc_n08-multi-person-normal-activity,0,negative,VAL,second deterministic role-group tranche,ai_generated,v2.0
,278_n08-multi-person-normal-activity-08.png,c5a16d8f66e68e54d9eac3959bcfa04972eb2bb6439e14920befb9ad075626b2,pf_v2_aigc_n08-multi-person-normal-activity,pf_v2_aigc_n08-multi-person-normal-activity,0,negative,VAL,second deterministic role-group tranche,ai_generated,v2.0
,279_n08-multi-person-normal-activity-09.png,52f50e02c7fb5442b2cb713f7d7949a3d9c3b99c94801770fd23caf83c5fb3c7,pf_v2_aigc_n08-multi-person-normal-activity,pf_v2_aigc_n08-multi-person-normal-activity,0,negative,VAL,second deterministic role-group tranche,ai_generated,v2.0
,27_p03-prone-on-floor-07.png,6609e71caae836680300eb0b9a5b375fed21f3fc3538aa102667e729b25864b6,pf_v2_aigc_p03-prone-on-floor,pf_v2_aigc_p03-prone-on-floor,1,positive,DEV,first deterministic role-group tranche,ai_generated,v2.0
,280_n08-multi-person-normal-activity-10.png,cc16082b0347ea0a78146dc2ee0b1957b0121913b788c67a76f73498a5b1d5d6,pf_v2_aigc_n08-multi-person-normal-activity,pf_v2_aigc_n08-multi-person-normal-activity,0,negative,VAL,second deterministic role-group tranche,ai_generated,v2.0
,281_n09-empty-ordinary-environment-01.png,b15f534d0ce5649d38c13506ce2e488dd0a3378ee1a6ecb916a1b89668dec306,pf_v2_aigc_n09-empty-ordinary-environment,pf_v2_aigc_n09-empty-ordinary-environment,0,negative,HOLDOUT,sealed remaining role-group tranche,ai_generated,v2.0
,282_n09-empty-ordinary-environment-02.png,6f96b81e66cc9744e4e95f9b78d50cde298b12ec0ca0fffc7fb0f25a5b83612b,pf_v2_aigc_n09-empty-ordinary-environment,pf_v2_aigc_n09-empty-ordinary-environment,0,negative,HOLDOUT,sealed remaining role-group tranche,ai_generated,v2.0
,283_n09-empty-ordinary-environment-03.png,b226ae42618934900520e3cfcf7b58693d7ecc3355e19a1cd31c0d7c416c668a,pf_v2_aigc_n09-empty-ordinary-environment,pf_v2_aigc_n09-empty-ordinary-environment,0,negative,HOLDOUT,sealed remaining role-group tranche,ai_generated,v2.0
,284_n09-empty-ordinary-environment-04.png,ac0a32101e6a1f0ac83402cbc7be6296435de5720adafe68033405092ffa7481,pf_v2_aigc_n09-empty-ordinary-environment,pf_v2_aigc_n09-empty-ordinary-environment,0,negative,HOLDOUT,sealed remaining role-group tranche,ai_generated,v2.0
,285_n09-empty-ordinary-environment-05.png,c4a3a2545d1cefcf3fb6bccd30c5cdd36a839ab16bc626edc2fe2b325d9de848,pf_v2_aigc_n09-empty-ordinary-environment,pf_v2_aigc_n09-empty-ordinary-environment,0,negative,HOLDOUT,sealed remaining role-group tranche,ai_generated,v2.0
,286_n09-empty-ordinary-environment-06.png,f26ea4366bb8774e2ac03983deb805df388991eff351289d53e850c6a334239f,pf_v2_aigc_n09-empty-ordinary-environment,pf_v2_aigc_n09-empty-ordinary-environment,0,negative,HOLDOUT,sealed remaining role-group tranche,ai_generated,v2.0
,287_n09-empty-ordinary-environment-07.png,68ce664709425e1ffd1c42f0e2b23ec5c02e367a75ac8a9e9a3ea8dc1dd5ee23,pf_v2_aigc_n09-empty-ordinary-environment,pf_v2_aigc_n09-empty-ordinary-environment,0,negative,HOLDOUT,sealed remaining role-group tranche,ai_generated,v2.0
,288_n09-empty-ordinary-environment-08.png,41f36cef63e125a0818ea93dbd706549c6b0b075fc4e7a13cd9fc5b95b8c704d,pf_v2_aigc_n09-empty-ordinary-environment,pf_v2_aigc_n09-empty-ordinary-environment,0,negative,HOLDOUT,sealed remaining role-group tranche,ai_generated,v2.0
,289_n09-empty-ordinary-environment-09.png,5b8038f39aaa1dcec4232202e694d4a4d51f588b34c2563a9f8ecca523aeb709,pf_v2_aigc_n09-empty-ordinary-environment,pf_v2_aigc_n09-empty-ordinary-environment,0,negative,HOLDOUT,sealed remaining role-group tranche,ai_generated,v2.0
,28_p03-prone-on-floor-08.png,5584ace79f64b843dbea6e6eccf78e5e0700837c1b506bf79c82085f472e285b,pf_v2_aigc_p03-prone-on-floor,pf_v2_aigc_p03-prone-on-floor,1,positive,DEV,first deterministic role-group tranche,ai_generated,v2.0
,290_n09-empty-ordinary-environment-10.png,848328fbe03cc1c49d51b367c20f8d93a4e2f960dab850dffa75eb31481fa259,pf_v2_aigc_n09-empty-ordinary-environment,pf_v2_aigc_n09-empty-ordinary-environment,0,negative,HOLDOUT,sealed remaining role-group tranche,ai_generated,v2.0
,291_n10-empty-ordinary-environment-01.png,343c24bc1858330a09579d2eb392edd13575b03ff2f859ec2fea5bbe26ccbdd6,pf_v2_aigc_n10-empty-ordinary-environment,pf_v2_aigc_n10-empty-ordinary-environment,0,negative,HOLDOUT,sealed remaining role-group tranche,ai_generated,v2.0
,292_n10-empty-ordinary-environment-02.png,c1af3c93554d7c7a8dce2fdcfbb70e5e57253c0e1986cdbe7d4d08bf9495cadd,pf_v2_aigc_n10-empty-ordinary-environment,pf_v2_aigc_n10-empty-ordinary-environment,0,negative,HOLDOUT,sealed remaining role-group tranche,ai_generated,v2.0
,293_n10-empty-ordinary-environment-03.png,1a56ddaa13a22b1ff57ad4e2371a567f12411359319254b3837f7e311eff8753,pf_v2_aigc_n10-empty-ordinary-environment,pf_v2_aigc_n10-empty-ordinary-environment,0,negative,HOLDOUT,sealed remaining role-group tranche,ai_generated,v2.0
,294_n10-empty-ordinary-environment-04.png,c0fa7065680316270522f7b0191f6d2103cc326b38090c01a854a6d324d097b4,pf_v2_aigc_n10-empty-ordinary-environment,pf_v2_aigc_n10-empty-ordinary-environment,0,negative,HOLDOUT,sealed remaining role-group tranche,ai_generated,v2.0
,295_n10-empty-ordinary-environment-05.png,a0ed7789107366acd206f7ebd76e604f519ed6b9da616e5ade1b759e7b32cee6,pf_v2_aigc_n10-empty-ordinary-environment,pf_v2_aigc_n10-empty-ordinary-environment,0,negative,HOLDOUT,sealed remaining role-group tranche,ai_generated,v2.0
,296_n10-empty-ordinary-environment-06.png,c9f2d9867a3a734d8feee362dfec1eb6db77396e9a4299c3cde9141824a7e4fc,pf_v2_aigc_n10-empty-ordinary-environment,pf_v2_aigc_n10-empty-ordinary-environment,0,negative,HOLDOUT,sealed remaining role-group tranche,ai_generated,v2.0
,297_n10-empty-ordinary-environment-07.png,44df2a6d8599d15dce81d6b362bb5d45fa5ec27695deb63f24c89696aed573a0,pf_v2_aigc_n10-empty-ordinary-environment,pf_v2_aigc_n10-empty-ordinary-environment,0,negative,HOLDOUT,sealed remaining role-group tranche,ai_generated,v2.0
,298_n10-empty-ordinary-environment-08.png,01998bbbccfe92cf0fef6c67641bb2e0728ea4071487515c184c2a5520a4d1b7,pf_v2_aigc_n10-empty-ordinary-environment,pf_v2_aigc_n10-empty-ordinary-environment,0,negative,HOLDOUT,sealed remaining role-group tranche,ai_generated,v2.0
,299_n10-empty-ordinary-environment-09.png,6ed28568e808d76d93eaa2162694394d68dc4b6decfa44ca7d39899db68b1298,pf_v2_aigc_n10-empty-ordinary-environment,pf_v2_aigc_n10-empty-ordinary-environment,0,negative,HOLDOUT,sealed remaining role-group tranche,ai_generated,v2.0
,29_p03-prone-on-floor-09.png,5e672724004a81b5b2d705c84a7bfb3bd5dadec21ca063c60d35dcc09debb938,pf_v2_aigc_p03-prone-on-floor,pf_v2_aigc_p03-prone-on-floor,1,positive,DEV,first deterministic role-group tranche,ai_generated,v2.0
,300_n10-empty-ordinary-environment-10.png,c73615ff2ead991d63116598175c5d97e7bc289cc89c73399c1c2e8867f58ff9,pf_v2_aigc_n10-empty-ordinary-environment,pf_v2_aigc_n10-empty-ordinary-environment,0,negative,HOLDOUT,sealed remaining role-group tranche,ai_generated,v2.0
,301_h01-sitting-on-floor-01.png,5f82ee8030a64dfae05bb4583c289b09c8ebc33280dc2f6e4a53a10bbb60b2fc,pf_v2_aigc_h01-sitting-on-floor,pf_v2_aigc_h01-sitting-on-floor,0,hard_negative,DEV,first deterministic role-group tranche,ai_generated,v2.0
,302_h01-sitting-on-floor-02.png,5e18806b0d663d3a7b16e0bf3564749c245323f6fc828cd80add4c68d279c87f,pf_v2_aigc_h01-sitting-on-floor,pf_v2_aigc_h01-sitting-on-floor,0,hard_negative,DEV,first deterministic role-group tranche,ai_generated,v2.0
,303_h01-sitting-on-floor-03.png,27d688b997b3048bf57efd35520fa34bd3adccda66575f1ddb0bcc298629ce4b,pf_v2_aigc_h01-sitting-on-floor,pf_v2_aigc_h01-sitting-on-floor,0,hard_negative,DEV,first deterministic role-group tranche,ai_generated,v2.0
,304_h01-sitting-on-floor-04.png,4bca926036b8d0324b411c6828586467b408df92eb1db27af3b8dd25bf443e17,pf_v2_aigc_h01-sitting-on-floor,pf_v2_aigc_h01-sitting-on-floor,0,hard_negative,DEV,first deterministic role-group tranche,ai_generated,v2.0
,305_h01-sitting-on-floor-05.png,2b6115e018583759cfe5df4bd1fcd315bb592af2d089c3a701da59fbbbf0e6e0,pf_v2_aigc_h01-sitting-on-floor,pf_v2_aigc_h01-sitting-on-floor,0,hard_negative,DEV,first deterministic role-group tranche,ai_generated,v2.0
,306_h01-sitting-on-floor-06.png,73bc09ee9ef0fd6bbb582bbe0db98cd4469f12a8834626f5fa2cc0b71ba6acbd,pf_v2_aigc_h01-sitting-on-floor,pf_v2_aigc_h01-sitting-on-floor,0,hard_negative,DEV,first deterministic role-group tranche,ai_generated,v2.0
,307_h01-sitting-on-floor-07.png,aebf6050b3fb73755b48cad44728ca0f55ae95c078047887335bcfcc57776c47,pf_v2_aigc_h01-sitting-on-floor,pf_v2_aigc_h01-sitting-on-floor,0,hard_negative,DEV,first deterministic role-group tranche,ai_generated,v2.0
,308_h01-sitting-on-floor-08.png,d9f51b8ff2d02493d7ecd7d16b28d4480d32456bbd87bf21b040cc6b3d4eeb33,pf_v2_aigc_h01-sitting-on-floor,pf_v2_aigc_h01-sitting-on-floor,0,hard_negative,DEV,first deterministic role-group tranche,ai_generated,v2.0
,309_h01-sitting-on-floor-09.png,b18857cefb35aee71924a5cca2bd68a70cb29e28e5ec82e53e447f3301f1da13,pf_v2_aigc_h01-sitting-on-floor,pf_v2_aigc_h01-sitting-on-floor,0,hard_negative,DEV,first deterministic role-group tranche,ai_generated,v2.0
,30_p03-prone-on-floor-10.png,21a5aa9d0b90a82dff6f58e818f3f4cd2c2c7f83a07fac1b12e2a6bcb2b74a4b,pf_v2_aigc_p03-prone-on-floor,pf_v2_aigc_p03-prone-on-floor,1,positive,DEV,first deterministic role-group tranche,ai_generated,v2.0
,310_h01-sitting-on-floor-10.png,5785e793610f7f7677b6c4d9b947c828a4e56e2d327d06adba47f377dfb5dc43,pf_v2_aigc_h01-sitting-on-floor,pf_v2_aigc_h01-sitting-on-floor,0,hard_negative,DEV,first deterministic role-group tranche,ai_generated,v2.0
,311_h02-sitting-on-floor-01.png,a08dc0677c5f0c67aecd4897fe8c39f6112c2732b2182b3d889b03b5a98b617d,pf_v2_aigc_h02-sitting-on-floor,pf_v2_aigc_h02-sitting-on-floor,0,hard_negative,DEV,first deterministic role-group tranche,ai_generated,v2.0
,312_h02-sitting-on-floor-02.png,74c096570ad1109e55ec956d25c76b0c3fe1a9dc51eef03da1642c07d7a765b9,pf_v2_aigc_h02-sitting-on-floor,pf_v2_aigc_h02-sitting-on-floor,0,hard_negative,DEV,first deterministic role-group tranche,ai_generated,v2.0
,313_h02-sitting-on-floor-03.png,26e8e9b1f421aeada92548231e0b832e6d0554ffe2dab403516c7c7a2df75a5c,pf_v2_aigc_h02-sitting-on-floor,pf_v2_aigc_h02-sitting-on-floor,0,hard_negative,DEV,first deterministic role-group tranche,ai_generated,v2.0
,314_h02-sitting-on-floor-04.png,da3050615af0f957ee851f59d0ba1728110d72e2ce5799555015baa71545303d,pf_v2_aigc_h02-sitting-on-floor,pf_v2_aigc_h02-sitting-on-floor,0,hard_negative,DEV,first deterministic role-group tranche,ai_generated,v2.0
,315_h02-sitting-on-floor-05.png,de763ff98de5ee15d2e08431d68de418de7ea91184c26b17329924d58a43cfea,pf_v2_aigc_h02-sitting-on-floor,pf_v2_aigc_h02-sitting-on-floor,0,hard_negative,DEV,first deterministic role-group tranche,ai_generated,v2.0
,316_h02-sitting-on-floor-06.png,51defa65e8ab2e4ac0e0b5d0903a50bd79b93ab562f59ceac93d10e35c3d7026,pf_v2_aigc_h02-sitting-on-floor,pf_v2_aigc_h02-sitting-on-floor,0,hard_negative,DEV,first deterministic role-group tranche,ai_generated,v2.0
,317_h02-sitting-on-floor-07.png,a492fa3a45b44a5055130be2502affe0940bb028630d22086170baa7a9120e9c,pf_v2_aigc_h02-sitting-on-floor,pf_v2_aigc_h02-sitting-on-floor,0,hard_negative,DEV,first deterministic role-group tranche,ai_generated,v2.0
,318_h02-sitting-on-floor-08.png,47c966c7e3000e227ea832590ab7f537270c4f411e1e5f9090b91012315ee2f3,pf_v2_aigc_h02-sitting-on-floor,pf_v2_aigc_h02-sitting-on-floor,0,hard_negative,DEV,first deterministic role-group tranche,ai_generated,v2.0
,319_h02-sitting-on-floor-09.png,535a93d41730af7911e98c7078fc4d470a277fdd4048c6e80cb57ed8e7db3439,pf_v2_aigc_h02-sitting-on-floor,pf_v2_aigc_h02-sitting-on-floor,0,hard_negative,DEV,first deterministic role-group tranche,ai_generated,v2.0
,31_p04-prone-on-floor-01.png,b0bc6b665f847380a62540bd0387a6356f273185253e134cc9d731120aee9ba7,pf_v2_aigc_p04-prone-on-floor,pf_v2_aigc_p04-prone-on-floor,1,positive,DEV,first deterministic role-group tranche,ai_generated,v2.0
,320_h02-sitting-on-floor-10.png,87f2d821c7096f9fb25574f6272bb3ccd52ae160cf83b591930e5b2ea4bc6b99,pf_v2_aigc_h02-sitting-on-floor,pf_v2_aigc_h02-sitting-on-floor,0,hard_negative,DEV,first deterministic role-group tranche,ai_generated,v2.0
,321_h03-kneeling-01.png,8abaec058bf120acbbc5434c306d186beb4b4ab37623f024a025f10b349d0950,pf_v2_aigc_h03-kneeling,pf_v2_aigc_h03-kneeling,0,hard_negative,DEV,first deterministic role-group tranche,ai_generated,v2.0
,322_h03-kneeling-02.png,bbf2f9c60794f8bc935d2c5b0b8b4f103c4e98e20d82758d877739c54216a75c,pf_v2_aigc_h03-kneeling,pf_v2_aigc_h03-kneeling,0,hard_negative,DEV,first deterministic role-group tranche,ai_generated,v2.0
,323_h03-kneeling-03.png,571f202fd7c667dc9f715fafd3e988e9d01f736b0771132dffa4771b057e7be2,pf_v2_aigc_h03-kneeling,pf_v2_aigc_h03-kneeling,0,hard_negative,DEV,first deterministic role-group tranche,ai_generated,v2.0
,324_h03-kneeling-04.png,16392ce139623dcead3dc9e6c9c492a2b1dc95c6b12bbdf467e79045a5b6473b,pf_v2_aigc_h03-kneeling,pf_v2_aigc_h03-kneeling,0,hard_negative,DEV,first deterministic role-group tranche,ai_generated,v2.0
,325_h03-kneeling-05.png,0c2c8ab08df945d01ae69aea7d9c57f73a9db4e3c88a362ea2e0216b2a433e06,pf_v2_aigc_h03-kneeling,pf_v2_aigc_h03-kneeling,0,hard_negative,DEV,first deterministic role-group tranche,ai_generated,v2.0
,326_h03-kneeling-06.png,32aebc215aa35c65df2b994cf493dc70b1234b21fcf72caa58f454761fd3d3d8,pf_v2_aigc_h03-kneeling,pf_v2_aigc_h03-kneeling,0,hard_negative,DEV,first deterministic role-group tranche,ai_generated,v2.0
,327_h03-kneeling-07.png,59c6841fe35ddf9c5c53fa57c3908516e081068c1c9272b3beadbc2375a14b42,pf_v2_aigc_h03-kneeling,pf_v2_aigc_h03-kneeling,0,hard_negative,DEV,first deterministic role-group tranche,ai_generated,v2.0
,328_h03-kneeling-08.png,5ffddfb69084de8140cc48c025565813a115bdcb4ab7f3795a3edef67341cb2e,pf_v2_aigc_h03-kneeling,pf_v2_aigc_h03-kneeling,0,hard_negative,DEV,first deterministic role-group tranche,ai_generated,v2.0
,329_h03-kneeling-09.png,5edf07d26c5eb6d7cae80f2a262e808ea87dbfb5f683430326b265e8a2028eb6,pf_v2_aigc_h03-kneeling,pf_v2_aigc_h03-kneeling,0,hard_negative,DEV,first deterministic role-group tranche,ai_generated,v2.0
,32_p04-prone-on-floor-02.png,ebdcd19a6884c77a2a854aad2cc33d145633833b0ef739e0c6b5fd302bf87dee,pf_v2_aigc_p04-prone-on-floor,pf_v2_aigc_p04-prone-on-floor,1,positive,DEV,first deterministic role-group tranche,ai_generated,v2.0
,330_h03-kneeling-10.png,2945077368eabff86b0a88694c309b66a40b7b4224c9ade8d5cf2056b3e0fd12,pf_v2_aigc_h03-kneeling,pf_v2_aigc_h03-kneeling,0,hard_negative,DEV,first deterministic role-group tranche,ai_generated,v2.0
,331_h04-kneeling-01.png,5c88c36cb9519b09e448c3487508aa73ed4bd2a763f46680bf9322017a3df9e0,pf_v2_aigc_h04-kneeling,pf_v2_aigc_h04-kneeling,0,hard_negative,DEV,first deterministic role-group tranche,ai_generated,v2.0
,332_h04-kneeling-02.png,1a97fb68f1b7856a23da903b44dd63534a8c2936bf4554b90da171c6d99128ed,pf_v2_aigc_h04-kneeling,pf_v2_aigc_h04-kneeling,0,hard_negative,DEV,first deterministic role-group tranche,ai_generated,v2.0
,333_h04-kneeling-03.png,fb291c9e0e88809b9c1bbf3023a4e133b56f9db057cd1b019396c800187c6d46,pf_v2_aigc_h04-kneeling,pf_v2_aigc_h04-kneeling,0,hard_negative,DEV,first deterministic role-group tranche,ai_generated,v2.0
,334_h04-kneeling-04.png,81dc5bb723c3ef2385587823a37b33ea00c313aa9142416f4225c1f7bd9cc780,pf_v2_aigc_h04-kneeling,pf_v2_aigc_h04-kneeling,0,hard_negative,DEV,first deterministic role-group tranche,ai_generated,v2.0
,335_h04-kneeling-05.png,a5f49b6be5465bc6bc6b528ff6582663251262079bbf4ef39c09f8f94af1fd6a,pf_v2_aigc_h04-kneeling,pf_v2_aigc_h04-kneeling,0,hard_negative,DEV,first deterministic role-group tranche,ai_generated,v2.0
,336_h04-kneeling-06.png,a34dc5ac505694fb09bf451aa1f857cb16f576943981e81bbde97849691e2244,pf_v2_aigc_h04-kneeling,pf_v2_aigc_h04-kneeling,0,hard_negative,DEV,first deterministic role-group tranche,ai_generated,v2.0
,337_h04-kneeling-07.png,cf0fab739e5b2dba3b00eaabca7a446d0681ad5c6c05a8dbb6b0d7c28861bfcd,pf_v2_aigc_h04-kneeling,pf_v2_aigc_h04-kneeling,0,hard_negative,DEV,first deterministic role-group tranche,ai_generated,v2.0
,338_h04-kneeling-08.png,c8cb3323d15195f6ab37a8612bda59fe1b5c5709447488b249b6ad10f803b39d,pf_v2_aigc_h04-kneeling,pf_v2_aigc_h04-kneeling,0,hard_negative,DEV,first deterministic role-group tranche,ai_generated,v2.0
,339_h04-kneeling-09.png,95ef71cca5f36a01b13631fe23712631906745bb360b3232c4788152083d3e8e,pf_v2_aigc_h04-kneeling,pf_v2_aigc_h04-kneeling,0,hard_negative,DEV,first deterministic role-group tranche,ai_generated,v2.0
,33_p04-prone-on-floor-03.png,a0e0ec4f94be40b43c9f805fbffbb25dc69995126cf2caaf25bdc16b8b8b5d98,pf_v2_aigc_p04-prone-on-floor,pf_v2_aigc_p04-prone-on-floor,1,positive,DEV,first deterministic role-group tranche,ai_generated,v2.0
,340_h04-kneeling-10.png,0fd7a8679875274d283899f60951ec8bbfb07d48c512677d4326f8c28f1490dd,pf_v2_aigc_h04-kneeling,pf_v2_aigc_h04-kneeling,0,hard_negative,DEV,first deterministic role-group tranche,ai_generated,v2.0
,341_h05-squatting-01.png,c9a1818d75502dd3d49f09aec32fd72a5c3d4f4753628f8e446bd05431687831,pf_v2_aigc_h05-squatting,pf_v2_aigc_h05-squatting,0,hard_negative,DEV,first deterministic role-group tranche,ai_generated,v2.0
,342_h05-squatting-02.png,c01f918d19a67837bd2ac6ffef2744eda19c79753cb42a35e8813f6607eed406,pf_v2_aigc_h05-squatting,pf_v2_aigc_h05-squatting,0,hard_negative,DEV,first deterministic role-group tranche,ai_generated,v2.0
,343_h05-squatting-03.png,1ed23067edcea8314d40a89b2f0099b09a4158392f566ffda462ffbf94f69dec,pf_v2_aigc_h05-squatting,pf_v2_aigc_h05-squatting,0,hard_negative,DEV,first deterministic role-group tranche,ai_generated,v2.0
,344_h05-squatting-04.png,ea21f40aae14122b6aad0d2b26e191b6a5831ee2cfd5243299715cfeceda9682,pf_v2_aigc_h05-squatting,pf_v2_aigc_h05-squatting,0,hard_negative,DEV,first deterministic role-group tranche,ai_generated,v2.0
,345_h05-squatting-05.png,1e4dc4cdacc66d3065bdf94b0485b2471346e343c932d4b151577c9ce4914840,pf_v2_aigc_h05-squatting,pf_v2_aigc_h05-squatting,0,hard_negative,DEV,first deterministic role-group tranche,ai_generated,v2.0
,346_h05-squatting-06.png,ebc7a165a2f361248ae7b5da7d777e9a8cefcac5782919f245795395f5e4dad4,pf_v2_aigc_h05-squatting,pf_v2_aigc_h05-squatting,0,hard_negative,DEV,first deterministic role-group tranche,ai_generated,v2.0
,347_h05-squatting-07.png,f7ed8f5d26dcd88e619f034c2433fcc5e45099454abf424c90e0f40b041529f1,pf_v2_aigc_h05-squatting,pf_v2_aigc_h05-squatting,0,hard_negative,DEV,first deterministic role-group tranche,ai_generated,v2.0
,348_h05-squatting-08.png,57fb50e97101ae1cda04436212fb0824c636fe0e3c9191df396359df86b78885,pf_v2_aigc_h05-squatting,pf_v2_aigc_h05-squatting,0,hard_negative,DEV,first deterministic role-group tranche,ai_generated,v2.0
,349_h05-squatting-09.png,1d65e08d16ef340f6405ccb60f352ea7050ebc21d5a07c0596a4300c3832ec60,pf_v2_aigc_h05-squatting,pf_v2_aigc_h05-squatting,0,hard_negative,DEV,first deterministic role-group tranche,ai_generated,v2.0
,34_p04-prone-on-floor-04.png,6e170627385d2e2dbdeeb95c19602073232c77b509190eb778642409cf8c0a43,pf_v2_aigc_p04-prone-on-floor,pf_v2_aigc_p04-prone-on-floor,1,positive,DEV,first deterministic role-group tranche,ai_generated,v2.0
,350_h05-squatting-10.png,96b35071dbdb8c08a0b6cdcea3b29254263c2e8f23bc580f16a05affdaef1cb4,pf_v2_aigc_h05-squatting,pf_v2_aigc_h05-squatting,0,hard_negative,DEV,first deterministic role-group tranche,ai_generated,v2.0
,351_h06-squatting-01.png,9d51842db456f20284d6d821eea6fc180cf491666bb736d8adecd47b93d88344,pf_v2_aigc_h06-squatting,pf_v2_aigc_h06-squatting,0,hard_negative,DEV,first deterministic role-group tranche,ai_generated,v2.0
,352_h06-squatting-02.png,21e39b5f62d3e42f57b1f4a6eb3d6e2de4b48a193a7508edd3dc2914c62b7452,pf_v2_aigc_h06-squatting,pf_v2_aigc_h06-squatting,0,hard_negative,DEV,first deterministic role-group tranche,ai_generated,v2.0
,353_h06-squatting-03.png,4db498f7d89028b884b3ad72b466542296ceea8b6434cec90c51d30a21bdcd22,pf_v2_aigc_h06-squatting,pf_v2_aigc_h06-squatting,0,hard_negative,DEV,first deterministic role-group tranche,ai_generated,v2.0
,354_h06-squatting-04.png,5f443d6393dbe2f28eb5fa6a524207ee05b4d6e0649b8ef7fb3096a7391d9ee3,pf_v2_aigc_h06-squatting,pf_v2_aigc_h06-squatting,0,hard_negative,DEV,first deterministic role-group tranche,ai_generated,v2.0
,355_h06-squatting-05.png,0677f623922ae8c0833c4608b442c97f115863391363ec031746984b2a1f7bcc,pf_v2_aigc_h06-squatting,pf_v2_aigc_h06-squatting,0,hard_negative,DEV,first deterministic role-group tranche,ai_generated,v2.0
,356_h06-squatting-06.png,0701ddbdd49380437869cac2251251f3aa0b305fca47da6de7c2fa171e582854,pf_v2_aigc_h06-squatting,pf_v2_aigc_h06-squatting,0,hard_negative,DEV,first deterministic role-group tranche,ai_generated,v2.0
,357_h06-squatting-07.png,02d0518049b36e6c2705a4571f7092c9c48fd6f79e4979e7771788eb9107f992,pf_v2_aigc_h06-squatting,pf_v2_aigc_h06-squatting,0,hard_negative,DEV,first deterministic role-group tranche,ai_generated,v2.0
,358_h06-squatting-08.png,30bae33ef6a87738d1ee9d7d6ce2d42944cd954b3f4062fd6de26355e168188b,pf_v2_aigc_h06-squatting,pf_v2_aigc_h06-squatting,0,hard_negative,DEV,first deterministic role-group tranche,ai_generated,v2.0
,359_h06-squatting-09.png,549d55d23c0e591fd1d4500c7b2ead5eb5f4f6657d9d5bad963feac31c5a9b2f,pf_v2_aigc_h06-squatting,pf_v2_aigc_h06-squatting,0,hard_negative,DEV,first deterministic role-group tranche,ai_generated,v2.0
,35_p04-prone-on-floor-05.png,f8e866b52682ef59c44ca191aded4a9fd7248b59937cf0db5cb460fb729f06d1,pf_v2_aigc_p04-prone-on-floor,pf_v2_aigc_p04-prone-on-floor,1,positive,DEV,first deterministic role-group tranche,ai_generated,v2.0
,360_h06-squatting-10.png,e94ff2a0fe9a16ac49da733e32db3d60fa436f385d1fcb0188577a76ff65c6ac,pf_v2_aigc_h06-squatting,pf_v2_aigc_h06-squatting,0,hard_negative,DEV,first deterministic role-group tranche,ai_generated,v2.0
,361_h07-deep-bending-picking-up-items-01.png,3cd2d69225587134247c61e84a90055f9263867f885b60900d79f8b8694c91d7,pf_v2_aigc_h07-deep-bending-picking-up-items,pf_v2_aigc_h07-deep-bending-picking-up-items,0,hard_negative,DEV,first deterministic role-group tranche,ai_generated,v2.0
,362_h07-deep-bending-picking-up-items-02.png,7bf20fa13e69139b8874c930ee245517752c005e62842c8cf2cfcef474aec026,pf_v2_aigc_h07-deep-bending-picking-up-items,pf_v2_aigc_h07-deep-bending-picking-up-items,0,hard_negative,DEV,first deterministic role-group tranche,ai_generated,v2.0
,363_h07-deep-bending-picking-up-items-03.png,4e2129d39ced0b8e46b950449cd4ad48a5fa5bfc7391129916c226441a2ef9de,pf_v2_aigc_h07-deep-bending-picking-up-items,pf_v2_aigc_h07-deep-bending-picking-up-items,0,hard_negative,DEV,first deterministic role-group tranche,ai_generated,v2.0
,364_h07-deep-bending-picking-up-items-04.png,73297f5338a958b2cbfb7d2852f21215f4f3c2796efdd1c0d411aca59420b63c,pf_v2_aigc_h07-deep-bending-picking-up-items,pf_v2_aigc_h07-deep-bending-picking-up-items,0,hard_negative,DEV,first deterministic role-group tranche,ai_generated,v2.0
,365_h07-deep-bending-picking-up-items-05.png,bc4efb01b55985b35af985f38408d386d11cfd7fd11f6a739d781c11df2a5519,pf_v2_aigc_h07-deep-bending-picking-up-items,pf_v2_aigc_h07-deep-bending-picking-up-items,0,hard_negative,DEV,first deterministic role-group tranche,ai_generated,v2.0
,366_h07-deep-bending-picking-up-items-06.png,831c2c6bfb1688043d0446b34aafb679bf35a3f31111dcd322a6256278fdef1d,pf_v2_aigc_h07-deep-bending-picking-up-items,pf_v2_aigc_h07-deep-bending-picking-up-items,0,hard_negative,DEV,first deterministic role-group tranche,ai_generated,v2.0
,367_h07-deep-bending-picking-up-items-07.png,79425afdceda6470c49498d375bdeb97e3b0ec24b6a4362771a0071f0c98f474,pf_v2_aigc_h07-deep-bending-picking-up-items,pf_v2_aigc_h07-deep-bending-picking-up-items,0,hard_negative,DEV,first deterministic role-group tranche,ai_generated,v2.0
,368_h07-deep-bending-picking-up-items-08.png,eb3a93d5001918d6667baef0276e5a9ab6386e2d4e3a911e3bfb5b11e7990f18,pf_v2_aigc_h07-deep-bending-picking-up-items,pf_v2_aigc_h07-deep-bending-picking-up-items,0,hard_negative,DEV,first deterministic role-group tranche,ai_generated,v2.0
,369_h07-deep-bending-picking-up-items-09.png,31e8875b4138b283db834f0e157c46911c3afc0b6a3e61e4dade64dc5ae0b9dd,pf_v2_aigc_h07-deep-bending-picking-up-items,pf_v2_aigc_h07-deep-bending-picking-up-items,0,hard_negative,DEV,first deterministic role-group tranche,ai_generated,v2.0
,36_p04-prone-on-floor-06.png,f1b5913e989719018e6e4aaa961deeb9ff74526f6a8e219894b2361843fb3f7d,pf_v2_aigc_p04-prone-on-floor,pf_v2_aigc_p04-prone-on-floor,1,positive,DEV,first deterministic role-group tranche,ai_generated,v2.0
,370_h07-deep-bending-picking-up-items-10.png,7972361e975c8ecd25f7e1913a677d6a3a4398700459712f51f483a610003079,pf_v2_aigc_h07-deep-bending-picking-up-items,pf_v2_aigc_h07-deep-bending-picking-up-items,0,hard_negative,DEV,first deterministic role-group tranche,ai_generated,v2.0
,371_h08-deep-bending-picking-up-items-01.png,f04fb21225a9ff7f6c6452c2b9958413bffe162dafc13672883e5f8b88f90b19,pf_v2_aigc_h08-deep-bending-picking-up-items,pf_v2_aigc_h08-deep-bending-picking-up-items,0,hard_negative,DEV,first deterministic role-group tranche,ai_generated,v2.0
,372_h08-deep-bending-picking-up-items-02.png,4b1351f2a093e5e070086aba2464c9f523abb19afe101a9b27134d10c88311a2,pf_v2_aigc_h08-deep-bending-picking-up-items,pf_v2_aigc_h08-deep-bending-picking-up-items,0,hard_negative,DEV,first deterministic role-group tranche,ai_generated,v2.0
,373_h08-deep-bending-picking-up-items-03.png,21a12c82ab225ee00d3c587a42019afc9d9f89044201cc7d65d40a513e89779a,pf_v2_aigc_h08-deep-bending-picking-up-items,pf_v2_aigc_h08-deep-bending-picking-up-items,0,hard_negative,DEV,first deterministic role-group tranche,ai_generated,v2.0
,374_h08-deep-bending-picking-up-items-04.png,4af3beb43796a537b6d2a6b06b4cdee75b0dfaf302f41b74ac9c42815cb454d2,pf_v2_aigc_h08-deep-bending-picking-up-items,pf_v2_aigc_h08-deep-bending-picking-up-items,0,hard_negative,DEV,first deterministic role-group tranche,ai_generated,v2.0
,375_h08-deep-bending-picking-up-items-05.png,684d51921547237aa0163f511155f18a911860610defed850f7af3353bdd43a7,pf_v2_aigc_h08-deep-bending-picking-up-items,pf_v2_aigc_h08-deep-bending-picking-up-items,0,hard_negative,DEV,first deterministic role-group tranche,ai_generated,v2.0
,376_h08-deep-bending-picking-up-items-06.png,5ed852acfb613f62d806ae9387a129a8441078e95bf98a8681a85b2019d7c1ff,pf_v2_aigc_h08-deep-bending-picking-up-items,pf_v2_aigc_h08-deep-bending-picking-up-items,0,hard_negative,DEV,first deterministic role-group tranche,ai_generated,v2.0
,377_h08-deep-bending-picking-up-items-07.png,98746b30c8fb3d5defaae1cabb25c4d708a6c9ba8306a1785888431a99b2e8f9,pf_v2_aigc_h08-deep-bending-picking-up-items,pf_v2_aigc_h08-deep-bending-picking-up-items,0,hard_negative,DEV,first deterministic role-group tranche,ai_generated,v2.0
,378_h08-deep-bending-picking-up-items-08.png,9b9c53476c8f197ebb4c7069c8ffa54f1a72385f8db028076dd3824d0888e142,pf_v2_aigc_h08-deep-bending-picking-up-items,pf_v2_aigc_h08-deep-bending-picking-up-items,0,hard_negative,DEV,first deterministic role-group tranche,ai_generated,v2.0
,379_h08-deep-bending-picking-up-items-09.png,3ca6ded7e9efd01403f5f564bf3bbaa2ce7cc53a9e4d4c9c5327c6e862dd35ae,pf_v2_aigc_h08-deep-bending-picking-up-items,pf_v2_aigc_h08-deep-bending-picking-up-items,0,hard_negative,DEV,first deterministic role-group tranche,ai_generated,v2.0
,37_p04-prone-on-floor-07.png,0e1ff5321d28285e1d16e15fa827f563e8337975bbab243c95ab0921a4a035d0,pf_v2_aigc_p04-prone-on-floor,pf_v2_aigc_p04-prone-on-floor,1,positive,DEV,first deterministic role-group tranche,ai_generated,v2.0
,380_h08-deep-bending-picking-up-items-10.png,bddb297fd24794a0fb12903c66b06983947d457f7cd37306d8b8b8cada0f3978,pf_v2_aigc_h08-deep-bending-picking-up-items,pf_v2_aigc_h08-deep-bending-picking-up-items,0,hard_negative,DEV,first deterministic role-group tranche,ai_generated,v2.0
,381_h09-exercise-push-up-plank-01.png,44e8623e2ad766479925476c92fbab18bc3c1e7ba9e45c5654134bc13c936f2c,pf_v2_aigc_h09-exercise-push-up-plank,pf_v2_aigc_h09-exercise-push-up-plank,0,hard_negative,DEV,first deterministic role-group tranche,ai_generated,v2.0
,382_h09-exercise-push-up-plank-02.png,7dedf3f76b5dee1261b3a17ffca7cddd821fba988c617c2009b9040b935b1821,pf_v2_aigc_h09-exercise-push-up-plank,pf_v2_aigc_h09-exercise-push-up-plank,0,hard_negative,DEV,first deterministic role-group tranche,ai_generated,v2.0
,383_h09-exercise-push-up-plank-03.png,fe68b7260d64c41240854528bd9b8288ee9273426440d9565c628b7b96b5d279,pf_v2_aigc_h09-exercise-push-up-plank,pf_v2_aigc_h09-exercise-push-up-plank,0,hard_negative,DEV,first deterministic role-group tranche,ai_generated,v2.0
,384_h09-exercise-push-up-plank-04.png,a77070411d9ef6b04478c49bacf57f784dccc1ec7c4ba101221f19a027028dec,pf_v2_aigc_h09-exercise-push-up-plank,pf_v2_aigc_h09-exercise-push-up-plank,0,hard_negative,DEV,first deterministic role-group tranche,ai_generated,v2.0
,385_h09-exercise-push-up-plank-05.png,f7e3f93d49290d8262bf2f119da7e4d34e03675776f035ed52eb7b863efcd793,pf_v2_aigc_h09-exercise-push-up-plank,pf_v2_aigc_h09-exercise-push-up-plank,0,hard_negative,DEV,first deterministic role-group tranche,ai_generated,v2.0
,386_h09-exercise-push-up-plank-06.png,4b03baae4546eb6f47fb73a16830c7a1ba949f331babc98b0bbccba0c05b7c11,pf_v2_aigc_h09-exercise-push-up-plank,pf_v2_aigc_h09-exercise-push-up-plank,0,hard_negative,DEV,first deterministic role-group tranche,ai_generated,v2.0
,387_h09-exercise-push-up-plank-07.png,4708f5506f9bc32adfa05ccf4926c76a7841034d02e658a652a832c7cb4a4adc,pf_v2_aigc_h09-exercise-push-up-plank,pf_v2_aigc_h09-exercise-push-up-plank,0,hard_negative,DEV,first deterministic role-group tranche,ai_generated,v2.0
,388_h09-exercise-push-up-plank-08.png,21f4286a344ea0ac02c3f5ce64d9873282b0e088c68b5f15cb1aaee753ab9c96,pf_v2_aigc_h09-exercise-push-up-plank,pf_v2_aigc_h09-exercise-push-up-plank,0,hard_negative,DEV,first deterministic role-group tranche,ai_generated,v2.0
,389_h09-exercise-push-up-plank-09.png,f1247d624540a5c7d88d0ec34acd267160c564003bea77c3aae1df5cfcafe50b,pf_v2_aigc_h09-exercise-push-up-plank,pf_v2_aigc_h09-exercise-push-up-plank,0,hard_negative,DEV,first deterministic role-group tranche,ai_generated,v2.0
,38_p04-prone-on-floor-08.png,0b287efdfc3024b27a31b7ea34b57c0bb430c8ec44d51c7e3d7ba4d1866d5a88,pf_v2_aigc_p04-prone-on-floor,pf_v2_aigc_p04-prone-on-floor,1,positive,DEV,first deterministic role-group tranche,ai_generated,v2.0
,390_h09-exercise-push-up-plank-10.png,38734fed0f3668e0742c0ab92ea498ec156e09d8300ecf9c3c49cc36154805b7,pf_v2_aigc_h09-exercise-push-up-plank,pf_v2_aigc_h09-exercise-push-up-plank,0,hard_negative,DEV,first deterministic role-group tranche,ai_generated,v2.0
,391_h10-exercise-push-up-plank-01.png,89f0c6b751a3fc4538d934f18cbf75abc3b6719bcade4b0b531c203e44d721c3,pf_v2_aigc_h10-exercise-push-up-plank,pf_v2_aigc_h10-exercise-push-up-plank,0,hard_negative,DEV,first deterministic role-group tranche,ai_generated,v2.0
,392_h10-exercise-push-up-plank-02.png,3e4d7e5fe90a8a30bf63a219aa6473320f0776546f99aee49410053e6c32e758,pf_v2_aigc_h10-exercise-push-up-plank,pf_v2_aigc_h10-exercise-push-up-plank,0,hard_negative,DEV,first deterministic role-group tranche,ai_generated,v2.0
,393_h10-exercise-push-up-plank-03.png,5fde9a687c2d7bab3e19ccc3071680f7ba5a21eaa665cb144f86ab38ab1ab627,pf_v2_aigc_h10-exercise-push-up-plank,pf_v2_aigc_h10-exercise-push-up-plank,0,hard_negative,DEV,first deterministic role-group tranche,ai_generated,v2.0
,394_h10-exercise-push-up-plank-04.png,703e735086d99182053612c80c9c6ea191cce537dfeb1d2c61626e6efb394b1b,pf_v2_aigc_h10-exercise-push-up-plank,pf_v2_aigc_h10-exercise-push-up-plank,0,hard_negative,DEV,first deterministic role-group tranche,ai_generated,v2.0
,395_h10-exercise-push-up-plank-05.png,57174e902bab4a4d1477fdb6ec7ffa0c7a7458cf89db796153745afe4ffbb19c,pf_v2_aigc_h10-exercise-push-up-plank,pf_v2_aigc_h10-exercise-push-up-plank,0,hard_negative,DEV,first deterministic role-group tranche,ai_generated,v2.0
,396_h10-exercise-push-up-plank-06.png,b9a1657ef4ebf2367368ce7885465511ce790a08431195cf4714d84018599f74,pf_v2_aigc_h10-exercise-push-up-plank,pf_v2_aigc_h10-exercise-push-up-plank,0,hard_negative,DEV,first deterministic role-group tranche,ai_generated,v2.0
,397_h10-exercise-push-up-plank-07.png,fd83f0b1328d4a65b2fd7492af0781dcc050a19361b41e7a19d46a9630fff142,pf_v2_aigc_h10-exercise-push-up-plank,pf_v2_aigc_h10-exercise-push-up-plank,0,hard_negative,DEV,first deterministic role-group tranche,ai_generated,v2.0
,398_h10-exercise-push-up-plank-08.png,1c9d75f4a8dfc096708c8977808fe92a4f8a9cca8ef2b3b140770ba7d4b5c60f,pf_v2_aigc_h10-exercise-push-up-plank,pf_v2_aigc_h10-exercise-push-up-plank,0,hard_negative,DEV,first deterministic role-group tranche,ai_generated,v2.0
,399_h10-exercise-push-up-plank-09.png,d687192e8099815b736d2f895e63bfa75411bb0b7585600eaa1dc22edd2978d4,pf_v2_aigc_h10-exercise-push-up-plank,pf_v2_aigc_h10-exercise-push-up-plank,0,hard_negative,DEV,first deterministic role-group tranche,ai_generated,v2.0
,39_p04-prone-on-floor-09.png,d773a98449579e05400caa96f3404a34bee9c963473ba701f36540506ec3c914,pf_v2_aigc_p04-prone-on-floor,pf_v2_aigc_p04-prone-on-floor,1,positive,DEV,first deterministic role-group tranche,ai_generated,v2.0
,400_h10-exercise-push-up-plank-10.png,4d7aa71171de2ca38a44896049251c1dbf4395c8907cb6e4cd169e9356424456,pf_v2_aigc_h10-exercise-push-up-plank,pf_v2_aigc_h10-exercise-push-up-plank,0,hard_negative,DEV,first deterministic role-group tranche,ai_generated,v2.0
,401_h11-crawling-under-equipment-inspection-01.png,cac451940fc64ddced44b15628f08b7618922521d8da412d5deaedadf876a3a2,pf_v2_aigc_h11-crawling-under-equipment-inspection,pf_v2_aigc_h11-crawling-under-equipment-inspection,0,hard_negative,DEV,first deterministic role-group tranche,ai_generated,v2.0
,402_h11-crawling-under-equipment-inspection-02.png,ef729088133e5ad62aad99296acd23ad386b3cdcfb2531a05fd42e3761149ea0,pf_v2_aigc_h11-crawling-under-equipment-inspection,pf_v2_aigc_h11-crawling-under-equipment-inspection,0,hard_negative,DEV,first deterministic role-group tranche,ai_generated,v2.0
,403_h11-crawling-under-equipment-inspection-03.png,1db53aef77ba24f7d2cd4f78fe254555ec844ac3258796d8cd88825b7d1b0f1d,pf_v2_aigc_h11-crawling-under-equipment-inspection,pf_v2_aigc_h11-crawling-under-equipment-inspection,0,hard_negative,DEV,first deterministic role-group tranche,ai_generated,v2.0
,404_h11-crawling-under-equipment-inspection-04.png,4abbcee850e7c6b0ed6e043cae4a10892e5502f0705fd8bf2bce014ee8ad9c27,pf_v2_aigc_h11-crawling-under-equipment-inspection,pf_v2_aigc_h11-crawling-under-equipment-inspection,0,hard_negative,DEV,first deterministic role-group tranche,ai_generated,v2.0
,405_h11-crawling-under-equipment-inspection-05.png,8820768b55dd9b07c8d0589459ca0a8e5ee5404ee710ad1930f0084083825031,pf_v2_aigc_h11-crawling-under-equipment-inspection,pf_v2_aigc_h11-crawling-under-equipment-inspection,0,hard_negative,DEV,first deterministic role-group tranche,ai_generated,v2.0
,406_h11-crawling-under-equipment-inspection-06.png,4e023daecd3b5953c668f2e9da36cc495d266016b85340172fac47ecd98715b1,pf_v2_aigc_h11-crawling-under-equipment-inspection,pf_v2_aigc_h11-crawling-under-equipment-inspection,0,hard_negative,DEV,first deterministic role-group tranche,ai_generated,v2.0
,407_h11-crawling-under-equipment-inspection-07.png,209808e39feff002661292876bd8f31539dcefb64653374cb63e4ede8437cf9e,pf_v2_aigc_h11-crawling-under-equipment-inspection,pf_v2_aigc_h11-crawling-under-equipment-inspection,0,hard_negative,DEV,first deterministic role-group tranche,ai_generated,v2.0
,408_h11-crawling-under-equipment-inspection-08.png,06415ce063427d056e000e1530439daae92a6f45181f587e1672d2585c20ad55,pf_v2_aigc_h11-crawling-under-equipment-inspection,pf_v2_aigc_h11-crawling-under-equipment-inspection,0,hard_negative,DEV,first deterministic role-group tranche,ai_generated,v2.0
,409_h11-crawling-under-equipment-inspection-09.png,9bdccc82d49745c8bbacebf0606e6b4383e9e62829d105a7d8a6a4128f79ebaf,pf_v2_aigc_h11-crawling-under-equipment-inspection,pf_v2_aigc_h11-crawling-under-equipment-inspection,0,hard_negative,DEV,first deterministic role-group tranche,ai_generated,v2.0
,40_p04-prone-on-floor-10.png,38d1d21b30b887accd43d41597b0a96be07060130854671098423feb919a1d43,pf_v2_aigc_p04-prone-on-floor,pf_v2_aigc_p04-prone-on-floor,1,positive,DEV,first deterministic role-group tranche,ai_generated,v2.0
,410_h11-crawling-under-equipment-inspection-10.png,d32e9013a0df3097fd0c3d9613f5fa347bbbea3c542225f88ff571cb61a42c38,pf_v2_aigc_h11-crawling-under-equipment-inspection,pf_v2_aigc_h11-crawling-under-equipment-inspection,0,hard_negative,DEV,first deterministic role-group tranche,ai_generated,v2.0
,411_h12-crawling-under-equipment-inspection-01.png,52dacbf848906973e13a5dacfd50474d2baabb5751a71e938d316f47c0269aa0,pf_v2_aigc_h12-crawling-under-equipment-inspection,pf_v2_aigc_h12-crawling-under-equipment-inspection,0,hard_negative,VAL,second deterministic role-group tranche,ai_generated,v2.0
,412_h12-crawling-under-equipment-inspection-02.png,1060a050b89a8a175bf95ad7d5af45b192fd2259c56e9733d6f19b5eb349b1e6,pf_v2_aigc_h12-crawling-under-equipment-inspection,pf_v2_aigc_h12-crawling-under-equipment-inspection,0,hard_negative,VAL,second deterministic role-group tranche,ai_generated,v2.0
,413_h12-crawling-under-equipment-inspection-03.png,2cc830e9749cd5eaedf44f02f3810a55ce3928fc243a0a99b0e8bbef93246992,pf_v2_aigc_h12-crawling-under-equipment-inspection,pf_v2_aigc_h12-crawling-under-equipment-inspection,0,hard_negative,VAL,second deterministic role-group tranche,ai_generated,v2.0
,414_h12-crawling-under-equipment-inspection-04.png,58c5667aefe82b6bfe21b7d6c5037c9a804dffdbd234cf015f799e11b2626454,pf_v2_aigc_h12-crawling-under-equipment-inspection,pf_v2_aigc_h12-crawling-under-equipment-inspection,0,hard_negative,VAL,second deterministic role-group tranche,ai_generated,v2.0
,415_h12-crawling-under-equipment-inspection-05.png,6cba94f1515684b6125b8651135ff1ff55cf9fdb2455c268a317b6f39890acca,pf_v2_aigc_h12-crawling-under-equipment-inspection,pf_v2_aigc_h12-crawling-under-equipment-inspection,0,hard_negative,VAL,second deterministic role-group tranche,ai_generated,v2.0
,416_h12-crawling-under-equipment-inspection-06.png,adf62563a50e71af40d77d9a800e13865f73304b1f7546db91499e1e821e6a93,pf_v2_aigc_h12-crawling-under-equipment-inspection,pf_v2_aigc_h12-crawling-under-equipment-inspection,0,hard_negative,VAL,second deterministic role-group tranche,ai_generated,v2.0
,417_h12-crawling-under-equipment-inspection-07.png,257a990dc10932772e9899ee9ce8a1638fc614b2859943b4589b991e522b6214,pf_v2_aigc_h12-crawling-under-equipment-inspection,pf_v2_aigc_h12-crawling-under-equipment-inspection,0,hard_negative,VAL,second deterministic role-group tranche,ai_generated,v2.0
,418_h12-crawling-under-equipment-inspection-08.png,996236a1b74dcfde44a2d2a1909a1cc77f3e7065b57bb0780c01846acabd044c,pf_v2_aigc_h12-crawling-under-equipment-inspection,pf_v2_aigc_h12-crawling-under-equipment-inspection,0,hard_negative,VAL,second deterministic role-group tranche,ai_generated,v2.0
,419_h12-crawling-under-equipment-inspection-09.png,13c3bf3840d3399f6ad13d068963abf376766e7977c5661bdb7cdf93764bdb12,pf_v2_aigc_h12-crawling-under-equipment-inspection,pf_v2_aigc_h12-crawling-under-equipment-inspection,0,hard_negative,VAL,second deterministic role-group tranche,ai_generated,v2.0
,41_p05-side-lying-on-floor-01.png,2a56166420080f6334e879608539170bdb9c06953e57519f7df004838705a3e2,pf_v2_aigc_p05-side-lying-on-floor,pf_v2_aigc_p05-side-lying-on-floor,1,positive,DEV,first deterministic role-group tranche,ai_generated,v2.0
,420_h12-crawling-under-equipment-inspection-10.png,b0aff707e4a2f6cd126e256924de2c81ff4a24a82c42c26a20710d8f9a2fd047,pf_v2_aigc_h12-crawling-under-equipment-inspection,pf_v2_aigc_h12-crawling-under-equipment-inspection,0,hard_negative,VAL,second deterministic role-group tranche,ai_generated,v2.0
,421_h13-normal-lying-on-bed-01.png,46f6c7a99ea910f38b01fd662f77f2ed0a3e7eb28f481889041aa902ea650162,pf_v2_aigc_h13-normal-lying-on-bed,pf_v2_aigc_h13-normal-lying-on-bed,0,hard_negative,VAL,second deterministic role-group tranche,ai_generated,v2.0
,422_h13-normal-lying-on-bed-02.png,c3b8158da16440a5e8486b6bb5d61241b17ecb20a5d9eaf0c0c286df543edcac,pf_v2_aigc_h13-normal-lying-on-bed,pf_v2_aigc_h13-normal-lying-on-bed,0,hard_negative,VAL,second deterministic role-group tranche,ai_generated,v2.0
,423_h13-normal-lying-on-bed-03.png,c8062dec19242123c02dd2eb19de0e10210819a653974741663ea10855938af2,pf_v2_aigc_h13-normal-lying-on-bed,pf_v2_aigc_h13-normal-lying-on-bed,0,hard_negative,VAL,second deterministic role-group tranche,ai_generated,v2.0
,424_h13-normal-lying-on-bed-04.png,c9e7f1f277b76a18474b1c9d4a28fff8a629341c530a542b484c00092095551d,pf_v2_aigc_h13-normal-lying-on-bed,pf_v2_aigc_h13-normal-lying-on-bed,0,hard_negative,VAL,second deterministic role-group tranche,ai_generated,v2.0
,425_h13-normal-lying-on-bed-05.png,60d450dcb20ee65c339dfe8ae9af55afcba6e42d11738af332a85a1d48d8dc94,pf_v2_aigc_h13-normal-lying-on-bed,pf_v2_aigc_h13-normal-lying-on-bed,0,hard_negative,VAL,second deterministic role-group tranche,ai_generated,v2.0
,426_h13-normal-lying-on-bed-06.png,4eb0f59edac1bb39a44d99a0d4fed42836c0820281a37c15c380473cf88c13af,pf_v2_aigc_h13-normal-lying-on-bed,pf_v2_aigc_h13-normal-lying-on-bed,0,hard_negative,VAL,second deterministic role-group tranche,ai_generated,v2.0
,427_h13-normal-lying-on-bed-07.png,8f136aac3578b0bd02044d60e08d340715e5d45eb426dcbc9ec287d0ea281233,pf_v2_aigc_h13-normal-lying-on-bed,pf_v2_aigc_h13-normal-lying-on-bed,0,hard_negative,VAL,second deterministic role-group tranche,ai_generated,v2.0
,428_h13-normal-lying-on-bed-08.png,fe1fb50671627bf0006826be2bf62ce7d0324a39637948470ec730c629436747,pf_v2_aigc_h13-normal-lying-on-bed,pf_v2_aigc_h13-normal-lying-on-bed,0,hard_negative,VAL,second deterministic role-group tranche,ai_generated,v2.0
,429_h13-normal-lying-on-bed-09.png,bd82558ae84a060f0dca6df86e2de9384f62ce55df932edfc9a8fdd16fcc9ef3,pf_v2_aigc_h13-normal-lying-on-bed,pf_v2_aigc_h13-normal-lying-on-bed,0,hard_negative,VAL,second deterministic role-group tranche,ai_generated,v2.0
,42_p05-side-lying-on-floor-02.png,c3e644298d54499a3202d20f1f667081fe45ef7900eff0951afcbd2e1c73dfcd,pf_v2_aigc_p05-side-lying-on-floor,pf_v2_aigc_p05-side-lying-on-floor,1,positive,DEV,first deterministic role-group tranche,ai_generated,v2.0
,430_h13-normal-lying-on-bed-10.png,f2cdd1e876695c0f778dd80e7aaf3bf1f6fde24df4fb7a0c6c3f58e70096228c,pf_v2_aigc_h13-normal-lying-on-bed,pf_v2_aigc_h13-normal-lying-on-bed,0,hard_negative,VAL,second deterministic role-group tranche,ai_generated,v2.0
,431_h14-normal-lying-on-bed-01.png,1f879755c890c0c9cbc47966b6e2625af4567e4eae49a1f6b96979cd18749052,pf_v2_aigc_h14-normal-lying-on-bed,pf_v2_aigc_h14-normal-lying-on-bed,0,hard_negative,VAL,second deterministic role-group tranche,ai_generated,v2.0
,432_h14-normal-lying-on-bed-02.png,0d37a5dd98879d0030be0f39e6eff68f134550cfd5af9679fe58a0f95b9cce47,pf_v2_aigc_h14-normal-lying-on-bed,pf_v2_aigc_h14-normal-lying-on-bed,0,hard_negative,VAL,second deterministic role-group tranche,ai_generated,v2.0
,433_h14-normal-lying-on-bed-03.png,b458f966197df7ac523823bc947830fc050d9cc9ea1ae24ffdf74204f330170a,pf_v2_aigc_h14-normal-lying-on-bed,pf_v2_aigc_h14-normal-lying-on-bed,0,hard_negative,VAL,second deterministic role-group tranche,ai_generated,v2.0
,434_h14-normal-lying-on-bed-04.png,60ef0ac470b590898e537f1158b8576a7f1c4d242d274a8e2f4d0c3b05319654,pf_v2_aigc_h14-normal-lying-on-bed,pf_v2_aigc_h14-normal-lying-on-bed,0,hard_negative,VAL,second deterministic role-group tranche,ai_generated,v2.0
,435_h14-normal-lying-on-bed-05.png,aa5b0709cfa39bec15a3ed7c1d4e77727a612281b27099e30089b12f697b8e1a,pf_v2_aigc_h14-normal-lying-on-bed,pf_v2_aigc_h14-normal-lying-on-bed,0,hard_negative,VAL,second deterministic role-group tranche,ai_generated,v2.0
,436_h14-normal-lying-on-bed-06.png,3549021aef62c2c5676b3262f0aafd3e1075636d4a8443c60898d420de45d8a4,pf_v2_aigc_h14-normal-lying-on-bed,pf_v2_aigc_h14-normal-lying-on-bed,0,hard_negative,VAL,second deterministic role-group tranche,ai_generated,v2.0
,437_h14-normal-lying-on-bed-07.png,3e68c7b0b82d6437ea1fe4e9fbef1d4099730cfa50bf2d28f5e6b63caa25f908,pf_v2_aigc_h14-normal-lying-on-bed,pf_v2_aigc_h14-normal-lying-on-bed,0,hard_negative,VAL,second deterministic role-group tranche,ai_generated,v2.0
,438_h14-normal-lying-on-bed-08.png,98af917191392b811fd9e2e1a9146ccdd8238b52c1405276695f3316ff156df4,pf_v2_aigc_h14-normal-lying-on-bed,pf_v2_aigc_h14-normal-lying-on-bed,0,hard_negative,VAL,second deterministic role-group tranche,ai_generated,v2.0
,439_h14-normal-lying-on-bed-09.png,9577e3f84bec3724324d2655a020e6f55403ed9cf1a46cae4d389ffd3e55b9d1,pf_v2_aigc_h14-normal-lying-on-bed,pf_v2_aigc_h14-normal-lying-on-bed,0,hard_negative,VAL,second deterministic role-group tranche,ai_generated,v2.0
,43_p05-side-lying-on-floor-03.png,27ab8404612d800fa1e25c2b6dfaab48a4dea15df2e9946e3a192a8ac2dff522,pf_v2_aigc_p05-side-lying-on-floor,pf_v2_aigc_p05-side-lying-on-floor,1,positive,DEV,first deterministic role-group tranche,ai_generated,v2.0
,440_h14-normal-lying-on-bed-10.png,32cbd3b84dcb717cb22c14e8c0a1089420313605dab4d481e758fec3e7dcb78c,pf_v2_aigc_h14-normal-lying-on-bed,pf_v2_aigc_h14-normal-lying-on-bed,0,hard_negative,VAL,second deterministic role-group tranche,ai_generated,v2.0
,441_h15-normal-lying-on-sofa-or-recliner-01.png,4c4513995584aae794805f837a42ebacef2f35e2067881081042c9881a6b9c58,pf_v2_aigc_h15-normal-lying-on-sofa-or-recliner,pf_v2_aigc_h15-normal-lying-on-sofa-or-recliner,0,hard_negative,VAL,second deterministic role-group tranche,ai_generated,v2.0
,442_h15-normal-lying-on-sofa-or-recliner-02.png,34fbf5f7d21a4e5ab060526c9d40495bf2224373886d7741bce9ad7d446ab2ed,pf_v2_aigc_h15-normal-lying-on-sofa-or-recliner,pf_v2_aigc_h15-normal-lying-on-sofa-or-recliner,0,hard_negative,VAL,second deterministic role-group tranche,ai_generated,v2.0
,443_h15-normal-lying-on-sofa-or-recliner-03.png,a431e3f73a598c7ab8ceb4c4b8a4665afcb49728fb40ec498d903fcc4b33ce3b,pf_v2_aigc_h15-normal-lying-on-sofa-or-recliner,pf_v2_aigc_h15-normal-lying-on-sofa-or-recliner,0,hard_negative,VAL,second deterministic role-group tranche,ai_generated,v2.0
,444_h15-normal-lying-on-sofa-or-recliner-04.png,965273fb442a82450c2da366e22648a4b2900170943e4f915e570b8a82a1125a,pf_v2_aigc_h15-normal-lying-on-sofa-or-recliner,pf_v2_aigc_h15-normal-lying-on-sofa-or-recliner,0,hard_negative,VAL,second deterministic role-group tranche,ai_generated,v2.0
,445_h15-normal-lying-on-sofa-or-recliner-05.png,7ba099da8a7bd707833fc1c1c6100e824bbbb2cfac01112476ef5fae4947da45,pf_v2_aigc_h15-normal-lying-on-sofa-or-recliner,pf_v2_aigc_h15-normal-lying-on-sofa-or-recliner,0,hard_negative,VAL,second deterministic role-group tranche,ai_generated,v2.0
,446_h15-normal-lying-on-sofa-or-recliner-06.png,d7502e188ce03a477fe78877b55ac552b8f1a8f6368bdaac687940e6f3d8eea3,pf_v2_aigc_h15-normal-lying-on-sofa-or-recliner,pf_v2_aigc_h15-normal-lying-on-sofa-or-recliner,0,hard_negative,VAL,second deterministic role-group tranche,ai_generated,v2.0
,447_h15-normal-lying-on-sofa-or-recliner-07.png,94a8e171cf5bb824c72eb84d510654101b8ae1e27a4dac2da7077d92b98a7406,pf_v2_aigc_h15-normal-lying-on-sofa-or-recliner,pf_v2_aigc_h15-normal-lying-on-sofa-or-recliner,0,hard_negative,VAL,second deterministic role-group tranche,ai_generated,v2.0
,448_h15-normal-lying-on-sofa-or-recliner-08.png,618fcec7f36972fa4094a8d0b184794972a509eb6a945ed8fc79c5c6aa1689ae,pf_v2_aigc_h15-normal-lying-on-sofa-or-recliner,pf_v2_aigc_h15-normal-lying-on-sofa-or-recliner,0,hard_negative,VAL,second deterministic role-group tranche,ai_generated,v2.0
,449_h15-normal-lying-on-sofa-or-recliner-09.png,0d314b9a6a543ece3ab8175a9ef93c6745c3609b946fea7a062b120f45270b4c,pf_v2_aigc_h15-normal-lying-on-sofa-or-recliner,pf_v2_aigc_h15-normal-lying-on-sofa-or-recliner,0,hard_negative,VAL,second deterministic role-group tranche,ai_generated,v2.0
,44_p05-side-lying-on-floor-04.png,45e4c31209b3a7baede57f45f9dee5ca938abd06bf17e18f4135b2d72a200f6a,pf_v2_aigc_p05-side-lying-on-floor,pf_v2_aigc_p05-side-lying-on-floor,1,positive,DEV,first deterministic role-group tranche,ai_generated,v2.0
,450_h15-normal-lying-on-sofa-or-recliner-10.png,6cc5bac47452b51c8da4f6cc683fdf863623a5e1aa68f461f6e5e62e66465c2e,pf_v2_aigc_h15-normal-lying-on-sofa-or-recliner,pf_v2_aigc_h15-normal-lying-on-sofa-or-recliner,0,hard_negative,VAL,second deterministic role-group tranche,ai_generated,v2.0
,451_h16-dummy-mannequin-poster-01.png,61b19442a94aa1a06179b8dd7d8d8493a84a5cfde4bbcb99ab21e71fb1a74618,pf_v2_aigc_h16-dummy-mannequin-poster,pf_v2_aigc_h16-dummy-mannequin-poster,0,hard_negative,HOLDOUT,sealed remaining role-group tranche,ai_generated,v2.0
,452_h16-dummy-mannequin-poster-02.png,294338a403d06fe09d5d31d1438eb5164a68a0c04196491add90d09d33200b06,pf_v2_aigc_h16-dummy-mannequin-poster,pf_v2_aigc_h16-dummy-mannequin-poster,0,hard_negative,HOLDOUT,sealed remaining role-group tranche,ai_generated,v2.0
,453_h16-dummy-mannequin-poster-03.png,0c127701fdce43cabff2f71bc735cfa35b4d8a5f8777782c61f444c3af9e8fb0,pf_v2_aigc_h16-dummy-mannequin-poster,pf_v2_aigc_h16-dummy-mannequin-poster,0,hard_negative,HOLDOUT,sealed remaining role-group tranche,ai_generated,v2.0
,454_h16-dummy-mannequin-poster-04.png,50f9f6882bcfe326812317f160a55107f7f09bbd2eadfcef271c5c03ac6f0cea,pf_v2_aigc_h16-dummy-mannequin-poster,pf_v2_aigc_h16-dummy-mannequin-poster,0,hard_negative,HOLDOUT,sealed remaining role-group tranche,ai_generated,v2.0
,455_h16-dummy-mannequin-poster-05.png,9bf3658b2b308f926a5cdc8c7f0a45015aad8da0cf42918180c6984932e200e1,pf_v2_aigc_h16-dummy-mannequin-poster,pf_v2_aigc_h16-dummy-mannequin-poster,0,hard_negative,HOLDOUT,sealed remaining role-group tranche,ai_generated,v2.0
,456_h16-dummy-mannequin-poster-06.png,c8bfe86d93936469cb08a62aa5bc063152c2244b1880ff946c178903855e8085,pf_v2_aigc_h16-dummy-mannequin-poster,pf_v2_aigc_h16-dummy-mannequin-poster,0,hard_negative,HOLDOUT,sealed remaining role-group tranche,ai_generated,v2.0
,457_h16-dummy-mannequin-poster-07.png,5892e1a7a5ffeae8987de335f028ee827b22df6c340522930674011e6b1f924e,pf_v2_aigc_h16-dummy-mannequin-poster,pf_v2_aigc_h16-dummy-mannequin-poster,0,hard_negative,HOLDOUT,sealed remaining role-group tranche,ai_generated,v2.0
,458_h16-dummy-mannequin-poster-08.png,cd41a9ff56625d884ea1029ed61e09392ca5596a9ad6fcb6c549543f186cd7f5,pf_v2_aigc_h16-dummy-mannequin-poster,pf_v2_aigc_h16-dummy-mannequin-poster,0,hard_negative,HOLDOUT,sealed remaining role-group tranche,ai_generated,v2.0
,459_h16-dummy-mannequin-poster-09.png,76259a722e45bfd9a6097583dfd229f143dbb4d1a9fbda6ab76a703bd0d18663,pf_v2_aigc_h16-dummy-mannequin-poster,pf_v2_aigc_h16-dummy-mannequin-poster,0,hard_negative,HOLDOUT,sealed remaining role-group tranche,ai_generated,v2.0
,45_p05-side-lying-on-floor-05.png,bd92eda4b83fdab8da9176185c1497fe9ff75cfbc151e0e9cda00a8d9f89bc13,pf_v2_aigc_p05-side-lying-on-floor,pf_v2_aigc_p05-side-lying-on-floor,1,positive,DEV,first deterministic role-group tranche,ai_generated,v2.0
,460_h16-dummy-mannequin-poster-10.png,7689157de5748d571d1d29ba4aa26f35e5073c8874aacd08fb6338da00f8ad37,pf_v2_aigc_h16-dummy-mannequin-poster,pf_v2_aigc_h16-dummy-mannequin-poster,0,hard_negative,HOLDOUT,sealed remaining role-group tranche,ai_generated,v2.0
,461_h17-partial-body-causing-illusion-01.png,d54d29b90512641b4db2b26b2bf5da63465277bfab85b9fb513dd303df8587df,pf_v2_aigc_h17-partial-body-causing-illusion,pf_v2_aigc_h17-partial-body-causing-illusion,0,hard_negative,HOLDOUT,sealed remaining role-group tranche,ai_generated,v2.0
,462_h17-partial-body-causing-illusion-02.png,9689588dea0ba406d4f544c7a6e61e4fa03fddf6df4997eeccc6d60cd89772fc,pf_v2_aigc_h17-partial-body-causing-illusion,pf_v2_aigc_h17-partial-body-causing-illusion,0,hard_negative,HOLDOUT,sealed remaining role-group tranche,ai_generated,v2.0
,463_h17-partial-body-causing-illusion-03.png,1ce519d807c7899f85e6892f5c0b4ef1533ee1d3775b707c7dd9aa25b3f45818,pf_v2_aigc_h17-partial-body-causing-illusion,pf_v2_aigc_h17-partial-body-causing-illusion,0,hard_negative,HOLDOUT,sealed remaining role-group tranche,ai_generated,v2.0
,464_h17-partial-body-causing-illusion-04.png,98ddd0359a6a6f84b1cd1d2a135103c8bff90688123377f68bf9515b31b701b6,pf_v2_aigc_h17-partial-body-causing-illusion,pf_v2_aigc_h17-partial-body-causing-illusion,0,hard_negative,HOLDOUT,sealed remaining role-group tranche,ai_generated,v2.0
,465_h17-partial-body-causing-illusion-05.png,f32ca9b5086c045ae9b86016ac3b67b9e3dd8b58dc47b072b58cec0e5eba4f83,pf_v2_aigc_h17-partial-body-causing-illusion,pf_v2_aigc_h17-partial-body-causing-illusion,0,hard_negative,HOLDOUT,sealed remaining role-group tranche,ai_generated,v2.0
,466_h17-partial-body-causing-illusion-06.png,bbac479ba463ecbec4bf0228a2db31b9ab432ec6c1a8c80750fdfe6e7fb83028,pf_v2_aigc_h17-partial-body-causing-illusion,pf_v2_aigc_h17-partial-body-causing-illusion,0,hard_negative,HOLDOUT,sealed remaining role-group tranche,ai_generated,v2.0
,467_h17-partial-body-causing-illusion-07.png,6af1dfe0b032a18225b6a8f6eb7a1302cab4d2ca823ac84ef56c2a932831d090,pf_v2_aigc_h17-partial-body-causing-illusion,pf_v2_aigc_h17-partial-body-causing-illusion,0,hard_negative,HOLDOUT,sealed remaining role-group tranche,ai_generated,v2.0
,468_h17-partial-body-causing-illusion-08.png,f8a61f9b6e17433dba7d95c40c5393d2c951bb865647e3e16d08fbf896dbbf4e,pf_v2_aigc_h17-partial-body-causing-illusion,pf_v2_aigc_h17-partial-body-causing-illusion,0,hard_negative,HOLDOUT,sealed remaining role-group tranche,ai_generated,v2.0
,469_h17-partial-body-causing-illusion-09.png,de8f82f254ef0864d85ae51786f9bf5a0b543862ef8b902b78c9e5e36986cf34,pf_v2_aigc_h17-partial-body-causing-illusion,pf_v2_aigc_h17-partial-body-causing-illusion,0,hard_negative,HOLDOUT,sealed remaining role-group tranche,ai_generated,v2.0
,46_p05-side-lying-on-floor-06.png,1aa07102c66e87fd6004b84996a0fec67f8f3abc55bed2067e96cd000bf9a0aa,pf_v2_aigc_p05-side-lying-on-floor,pf_v2_aigc_p05-side-lying-on-floor,1,positive,DEV,first deterministic role-group tranche,ai_generated,v2.0
,470_h17-partial-body-causing-illusion-10.png,e655290bba2753813a6bfb02b2df89e3d3250efb0f726146d8a3a366180813c5,pf_v2_aigc_h17-partial-body-causing-illusion,pf_v2_aigc_h17-partial-body-causing-illusion,0,hard_negative,HOLDOUT,sealed remaining role-group tranche,ai_generated,v2.0
,471_h18-screen-mirror-photo-depiction-01.png,1b34b119b76107799faafc472309340ea53e59577e39e3cbd70e66f51e3d7c6d,pf_v2_aigc_h18-screen-mirror-photo-depiction,pf_v2_aigc_h18-screen-mirror-photo-depiction,0,hard_negative,HOLDOUT,sealed remaining role-group tranche,ai_generated,v2.0
,472_h18-screen-mirror-photo-depiction-02.png,c9648cc0d4d9c45a782f9fd8f097ca2db6312846677e4315a7f7236d9b778368,pf_v2_aigc_h18-screen-mirror-photo-depiction,pf_v2_aigc_h18-screen-mirror-photo-depiction,0,hard_negative,HOLDOUT,sealed remaining role-group tranche,ai_generated,v2.0
,473_h18-screen-mirror-photo-depiction-03.png,88a31766d184f25d0cda9c1bbbb371dad9a4360849cdc10199839e4f72b6a1f9,pf_v2_aigc_h18-screen-mirror-photo-depiction,pf_v2_aigc_h18-screen-mirror-photo-depiction,0,hard_negative,HOLDOUT,sealed remaining role-group tranche,ai_generated,v2.0
,474_h18-screen-mirror-photo-depiction-04.png,192de9d1b4b4f4de9ea9c182d6aab74cb7d9cf9a2db4d5d70c8ed54ee9c6aace,pf_v2_aigc_h18-screen-mirror-photo-depiction,pf_v2_aigc_h18-screen-mirror-photo-depiction,0,hard_negative,HOLDOUT,sealed remaining role-group tranche,ai_generated,v2.0
,475_h18-screen-mirror-photo-depiction-05.png,8faf52bf06fe2622e0e210de6f6a220c3a83d4586a16df2ade51ae7d6ea6de63,pf_v2_aigc_h18-screen-mirror-photo-depiction,pf_v2_aigc_h18-screen-mirror-photo-depiction,0,hard_negative,HOLDOUT,sealed remaining role-group tranche,ai_generated,v2.0
,476_h18-screen-mirror-photo-depiction-06.png,2fab70e4e59f34d23cc7aa30faf18bbb45225f4398a08ca5f9218a8e9cd9c6c4,pf_v2_aigc_h18-screen-mirror-photo-depiction,pf_v2_aigc_h18-screen-mirror-photo-depiction,0,hard_negative,HOLDOUT,sealed remaining role-group tranche,ai_generated,v2.0
,477_h18-screen-mirror-photo-depiction-07.png,a291f09636f99fe287612ebbead98417ef0780a43507e1363c57c1d87c5fb854,pf_v2_aigc_h18-screen-mirror-photo-depiction,pf_v2_aigc_h18-screen-mirror-photo-depiction,0,hard_negative,HOLDOUT,sealed remaining role-group tranche,ai_generated,v2.0
,478_h18-screen-mirror-photo-depiction-08.png,c81d1041b8a7c1b6904a8cbb8d57ac0eb7817fd6da07f0fa06296a840145f60c,pf_v2_aigc_h18-screen-mirror-photo-depiction,pf_v2_aigc_h18-screen-mirror-photo-depiction,0,hard_negative,HOLDOUT,sealed remaining role-group tranche,ai_generated,v2.0
,479_h18-screen-mirror-photo-depiction-09.png,96f24147e536c8ca97cdfa97fadd81486e65ccbc74c474dcc6db58ef6573a470,pf_v2_aigc_h18-screen-mirror-photo-depiction,pf_v2_aigc_h18-screen-mirror-photo-depiction,0,hard_negative,HOLDOUT,sealed remaining role-group tranche,ai_generated,v2.0
,47_p05-side-lying-on-floor-07.png,bbcc10a0ae8771d24f9d903beb69eef522f8742deb28eb3bb147f8cd94d27edd,pf_v2_aigc_p05-side-lying-on-floor,pf_v2_aigc_p05-side-lying-on-floor,1,positive,DEV,first deterministic role-group tranche,ai_generated,v2.0
,480_h18-screen-mirror-photo-depiction-10.png,4750a311f4544344885c7c19d63b8c7cd19b07cf71f811cc6a5943a36bb3180d,pf_v2_aigc_h18-screen-mirror-photo-depiction,pf_v2_aigc_h18-screen-mirror-photo-depiction,0,hard_negative,HOLDOUT,sealed remaining role-group tranche,ai_generated,v2.0
,481_u01-severely-occluded-tiny-blurry-01.png,c28f0f3bc296c8b52d6e90ae7618e7aad279755f516654e31039960069cb8f37,pf_v2_aigc_u01-severely-occluded-tiny-blurry,pf_v2_aigc_u01-severely-occluded-tiny-blurry,uncertain,uncertain,DEV,uncertain qualitative pool; excluded from formal metrics and holdout,ai_generated,v2.0
,482_u01-severely-occluded-tiny-blurry-02.png,dd1742034ee494f2f0de52522923f97876704ec2d7f40ccb3e4a8a4cbc091245,pf_v2_aigc_u01-severely-occluded-tiny-blurry,pf_v2_aigc_u01-severely-occluded-tiny-blurry,uncertain,uncertain,DEV,uncertain qualitative pool; excluded from formal metrics and holdout,ai_generated,v2.0
,483_u01-severely-occluded-tiny-blurry-03.png,88985a656737878cc709410da4eb0fab05efb88c4de009116bf70628bb332709,pf_v2_aigc_u01-severely-occluded-tiny-blurry,pf_v2_aigc_u01-severely-occluded-tiny-blurry,uncertain,uncertain,DEV,uncertain qualitative pool; excluded from formal metrics and holdout,ai_generated,v2.0
,484_u01-severely-occluded-tiny-blurry-04.png,25f2c8f537284dd7f41222b3d6be8d20bd0f509d1f7f239e3e39c40739877855,pf_v2_aigc_u01-severely-occluded-tiny-blurry,pf_v2_aigc_u01-severely-occluded-tiny-blurry,uncertain,uncertain,DEV,uncertain qualitative pool; excluded from formal metrics and holdout,ai_generated,v2.0
,485_u01-severely-occluded-tiny-blurry-05.png,74577dd73f281871070dc3178943ef64b31aaf86fd5b93932cbfd36e8eef36f7,pf_v2_aigc_u01-severely-occluded-tiny-blurry,pf_v2_aigc_u01-severely-occluded-tiny-blurry,uncertain,uncertain,DEV,uncertain qualitative pool; excluded from formal metrics and holdout,ai_generated,v2.0
,486_u01-severely-occluded-tiny-blurry-06.png,7e4a0770ae2ecf8cc1c8d2a4330c9623a0e1b96bf4354c3164e94cc7b16e09ea,pf_v2_aigc_u01-severely-occluded-tiny-blurry,pf_v2_aigc_u01-severely-occluded-tiny-blurry,uncertain,uncertain,DEV,uncertain qualitative pool; excluded from formal metrics and holdout,ai_generated,v2.0
,487_u01-severely-occluded-tiny-blurry-07.png,b6a20d373c06d1756ded8b4bfcc563353b59d28c395efd4d5ba505cae103d1fd,pf_v2_aigc_u01-severely-occluded-tiny-blurry,pf_v2_aigc_u01-severely-occluded-tiny-blurry,uncertain,uncertain,DEV,uncertain qualitative pool; excluded from formal metrics and holdout,ai_generated,v2.0
,488_u01-severely-occluded-tiny-blurry-08.png,01b250a89c0615b5a4bd6d294b490fd1e9d354b95c753a2cebb954b293094df1,pf_v2_aigc_u01-severely-occluded-tiny-blurry,pf_v2_aigc_u01-severely-occluded-tiny-blurry,uncertain,uncertain,DEV,uncertain qualitative pool; excluded from formal metrics and holdout,ai_generated,v2.0
,489_u01-severely-occluded-tiny-blurry-09.png,392db083355cfc01773a3223d05f41e93f5a3dd838167b5b6a54a7ef8af149b4,pf_v2_aigc_u01-severely-occluded-tiny-blurry,pf_v2_aigc_u01-severely-occluded-tiny-blurry,uncertain,uncertain,DEV,uncertain qualitative pool; excluded from formal metrics and holdout,ai_generated,v2.0
,48_p05-side-lying-on-floor-08.png,456144ecfb646cade4916bacfb4fa3d5a43cd9dd578dbb9f021842a9b201dfb7,pf_v2_aigc_p05-side-lying-on-floor,pf_v2_aigc_p05-side-lying-on-floor,1,positive,DEV,first deterministic role-group tranche,ai_generated,v2.0
,490_u01-severely-occluded-tiny-blurry-10.png,7c41ad0e30fb97508822f9d3439b3222742d7212c8eaa396dfe50209c240a583,pf_v2_aigc_u01-severely-occluded-tiny-blurry,pf_v2_aigc_u01-severely-occluded-tiny-blurry,uncertain,uncertain,DEV,uncertain qualitative pool; excluded from formal metrics and holdout,ai_generated,v2.0
,491_u02-unclear-support-surface-partial-body-01.png,6c3308d03bfb85ef13872b4a2e7f112a79234e20a9d59946f69409fd506295cf,pf_v2_aigc_u02-unclear-support-surface-partial-body,pf_v2_aigc_u02-unclear-support-surface-partial-body,uncertain,uncertain,DEV,uncertain qualitative pool; excluded from formal metrics and holdout,ai_generated,v2.0
,492_u02-unclear-support-surface-partial-body-02.png,ad5ccfebaccf856f079af18e0be494bdcbf9eeca99fd7deb224d08cedb4ca03b,pf_v2_aigc_u02-unclear-support-surface-partial-body,pf_v2_aigc_u02-unclear-support-surface-partial-body,uncertain,uncertain,DEV,uncertain qualitative pool; excluded from formal metrics and holdout,ai_generated,v2.0
,493_u02-unclear-support-surface-partial-body-03.png,2be33ac4a9f2bbdabf6fe5f2346839997a0d26aac19d1445af42bf4d6ba16448,pf_v2_aigc_u02-unclear-support-surface-partial-body,pf_v2_aigc_u02-unclear-support-surface-partial-body,uncertain,uncertain,DEV,uncertain qualitative pool; excluded from formal metrics and holdout,ai_generated,v2.0
,494_u02-unclear-support-surface-partial-body-04.png,7751027a80e172832764bd0b04fd0e8a453f101fb85b0fefdf0a8d7335f4a4dc,pf_v2_aigc_u02-unclear-support-surface-partial-body,pf_v2_aigc_u02-unclear-support-surface-partial-body,uncertain,uncertain,DEV,uncertain qualitative pool; excluded from formal metrics and holdout,ai_generated,v2.0
,495_u02-unclear-support-surface-partial-body-05.png,dfab34c5d36c51359e3f79cfa0d9e8c2d76f6d91044c49af74b67388bbd09c84,pf_v2_aigc_u02-unclear-support-surface-partial-body,pf_v2_aigc_u02-unclear-support-surface-partial-body,uncertain,uncertain,DEV,uncertain qualitative pool; excluded from formal metrics and holdout,ai_generated,v2.0
,496_u02-unclear-support-surface-partial-body-06.png,1bd363ac273eef3c3db4f9289e57c2526f110d0cdcb28c1447fd78025e427bf8,pf_v2_aigc_u02-unclear-support-surface-partial-body,pf_v2_aigc_u02-unclear-support-surface-partial-body,uncertain,uncertain,DEV,uncertain qualitative pool; excluded from formal metrics and holdout,ai_generated,v2.0
,497_u02-unclear-support-surface-partial-body-07.png,90a111dc0af4c91f31a1da651a1334fde32399b9c9752d6fe2f056c105406782,pf_v2_aigc_u02-unclear-support-surface-partial-body,pf_v2_aigc_u02-unclear-support-surface-partial-body,uncertain,uncertain,DEV,uncertain qualitative pool; excluded from formal metrics and holdout,ai_generated,v2.0
,498_u02-unclear-support-surface-partial-body-08.png,4ec2bd96bf61c94c874b8f0039c30fd90a0b66ed0c223eedc09294be71c1cce6,pf_v2_aigc_u02-unclear-support-surface-partial-body,pf_v2_aigc_u02-unclear-support-surface-partial-body,uncertain,uncertain,DEV,uncertain qualitative pool; excluded from formal metrics and holdout,ai_generated,v2.0
,499_u02-unclear-support-surface-partial-body-09.png,de6e0304d704194197e83db7b5f6b1c3cb1eedbe7ef008c3e5f5ec9e718bd090,pf_v2_aigc_u02-unclear-support-surface-partial-body,pf_v2_aigc_u02-unclear-support-surface-partial-body,uncertain,uncertain,DEV,uncertain qualitative pool; excluded from formal metrics and holdout,ai_generated,v2.0
,49_p05-side-lying-on-floor-09.png,62327680277259c675a6504f4dc31fb69739f19221e2a2a8e631806a19882e15,pf_v2_aigc_p05-side-lying-on-floor,pf_v2_aigc_p05-side-lying-on-floor,1,positive,DEV,first deterministic role-group tranche,ai_generated,v2.0
,500_u02-unclear-support-surface-partial-body-10.png,ac6398bbca6c770708577ac616f17c5d08fa679bf6bf21e17cf6f101d9b8cb21,pf_v2_aigc_u02-unclear-support-surface-partial-body,pf_v2_aigc_u02-unclear-support-surface-partial-body,uncertain,uncertain,DEV,uncertain qualitative pool; excluded from formal metrics and holdout,ai_generated,v2.0
,50_p05-side-lying-on-floor-10.png,a6c5520e3615d1510868fa7eb35ac9a4a431ad5b9c6797810db0fecb1783bd16,pf_v2_aigc_p05-side-lying-on-floor,pf_v2_aigc_p05-side-lying-on-floor,1,positive,DEV,first deterministic role-group tranche,ai_generated,v2.0
,51_p06-side-lying-on-floor-01.png,543366363d22efbbb907b006f3f86b877eea519fe5c6c98dad0cd699d9078b8f,pf_v2_aigc_p06-side-lying-on-floor,pf_v2_aigc_p06-side-lying-on-floor,1,positive,DEV,first deterministic role-group tranche,ai_generated,v2.0
,52_p06-side-lying-on-floor-02.png,9104b3c0cec7c4dc79881416cab26f85c6798fe75823c2315f7692b1b04991de,pf_v2_aigc_p06-side-lying-on-floor,pf_v2_aigc_p06-side-lying-on-floor,1,positive,DEV,first deterministic role-group tranche,ai_generated,v2.0
,53_p06-side-lying-on-floor-03.png,40ab0258a86ac7e8afb15911af2081069b68e301b7a5af23371b895ffa142564,pf_v2_aigc_p06-side-lying-on-floor,pf_v2_aigc_p06-side-lying-on-floor,1,positive,DEV,first deterministic role-group tranche,ai_generated,v2.0
,54_p06-side-lying-on-floor-04.png,6e58218f754b18cfefcf1a55867e1f9ce0beb569d3c45cecc50f06f5b4d96c11,pf_v2_aigc_p06-side-lying-on-floor,pf_v2_aigc_p06-side-lying-on-floor,1,positive,DEV,first deterministic role-group tranche,ai_generated,v2.0
,55_p06-side-lying-on-floor-05.png,40cd8ba87bfcbb00225de96b16624ec4872550b11252d00d3c2115e271eaadda,pf_v2_aigc_p06-side-lying-on-floor,pf_v2_aigc_p06-side-lying-on-floor,1,positive,DEV,first deterministic role-group tranche,ai_generated,v2.0
,56_p06-side-lying-on-floor-06.png,b4ce4b7c71ee6cd208998d8e86e0051c6af3508cc497dbee82600ef9d19ee92e,pf_v2_aigc_p06-side-lying-on-floor,pf_v2_aigc_p06-side-lying-on-floor,1,positive,DEV,first deterministic role-group tranche,ai_generated,v2.0
,57_p06-side-lying-on-floor-07.png,1e44db1135509a6e0df16af3d900148b4a3e959a17a1519196655ce3761a62e2,pf_v2_aigc_p06-side-lying-on-floor,pf_v2_aigc_p06-side-lying-on-floor,1,positive,DEV,first deterministic role-group tranche,ai_generated,v2.0
,58_p06-side-lying-on-floor-08.png,7e1dc717a13c06a582f22d3f729af0a05f6c6b3fa31fb9fa915c88f5a0f34c50,pf_v2_aigc_p06-side-lying-on-floor,pf_v2_aigc_p06-side-lying-on-floor,1,positive,DEV,first deterministic role-group tranche,ai_generated,v2.0
,59_p06-side-lying-on-floor-09.png,c23b8a580e2bf51df5820f66f974c76f2a7e2df2b876307aa8d74a8791cc2691,pf_v2_aigc_p06-side-lying-on-floor,pf_v2_aigc_p06-side-lying-on-floor,1,positive,DEV,first deterministic role-group tranche,ai_generated,v2.0
,60_p06-side-lying-on-floor-10.png,95af36458be5ba10a6c1268ff6a6389338c3afd7d31462322e7ee0a93db19282,pf_v2_aigc_p06-side-lying-on-floor,pf_v2_aigc_p06-side-lying-on-floor,1,positive,DEV,first deterministic role-group tranche,ai_generated,v2.0
,61_p07-irregular-sprawled-posture-01.png,cb3fc95186cc9c5c8dba3642c4f7c827e2db6f76e0bc774ca4877489681ba90a,pf_v2_aigc_p07-irregular-sprawled-posture,pf_v2_aigc_p07-irregular-sprawled-posture,1,positive,DEV,first deterministic role-group tranche,ai_generated,v2.0
,62_p07-irregular-sprawled-posture-02.png,a4b5e371a0c9a8426002ddcb06ff647bc733113b32d853dd1b5e8126ebd82662,pf_v2_aigc_p07-irregular-sprawled-posture,pf_v2_aigc_p07-irregular-sprawled-posture,1,positive,DEV,first deterministic role-group tranche,ai_generated,v2.0
,63_p07-irregular-sprawled-posture-03.png,c155e11cc5dbc7515c11c36d9a08eaa9ac188ad362db12571a3f839a0a2e83a6,pf_v2_aigc_p07-irregular-sprawled-posture,pf_v2_aigc_p07-irregular-sprawled-posture,1,positive,DEV,first deterministic role-group tranche,ai_generated,v2.0
,64_p07-irregular-sprawled-posture-04.png,b06508f0ff5e35e38aa70f6e7045bbd6ce1de7735ac0a9f9b75256bfabbff882,pf_v2_aigc_p07-irregular-sprawled-posture,pf_v2_aigc_p07-irregular-sprawled-posture,1,positive,DEV,first deterministic role-group tranche,ai_generated,v2.0
,65_p07-irregular-sprawled-posture-05.png,0fe945e667d39d7701aa99658ece8ac840c880671c67fa3c45411adafe12808b,pf_v2_aigc_p07-irregular-sprawled-posture,pf_v2_aigc_p07-irregular-sprawled-posture,1,positive,DEV,first deterministic role-group tranche,ai_generated,v2.0
,66_p07-irregular-sprawled-posture-06.png,a6db45bafd81f698513469b4ff4a2d511eb7835a2b68143d6f0d7176ca77f841,pf_v2_aigc_p07-irregular-sprawled-posture,pf_v2_aigc_p07-irregular-sprawled-posture,1,positive,DEV,first deterministic role-group tranche,ai_generated,v2.0
,67_p07-irregular-sprawled-posture-07.png,6752cbcf9b14a772e8124d7d7e19378a6675f95622ac0a8153462f610a40bc30,pf_v2_aigc_p07-irregular-sprawled-posture,pf_v2_aigc_p07-irregular-sprawled-posture,1,positive,DEV,first deterministic role-group tranche,ai_generated,v2.0
,68_p07-irregular-sprawled-posture-08.png,f0a0f5419bbb53b7663c9dd28db06adb77f0f0258eeb41fdd3b6d4514e76660e,pf_v2_aigc_p07-irregular-sprawled-posture,pf_v2_aigc_p07-irregular-sprawled-posture,1,positive,DEV,first deterministic role-group tranche,ai_generated,v2.0
,69_p07-irregular-sprawled-posture-09.png,d8438107d83700364347ad3c26d071f64fe0431d0dcd4e5b8e60199876d4a51d,pf_v2_aigc_p07-irregular-sprawled-posture,pf_v2_aigc_p07-irregular-sprawled-posture,1,positive,DEV,first deterministic role-group tranche,ai_generated,v2.0
,70_p07-irregular-sprawled-posture-10.png,d3a538a2a1e5d2abca0f6117f64111daa0d2f3084088fe1bb7ff074b429806f2,pf_v2_aigc_p07-irregular-sprawled-posture,pf_v2_aigc_p07-irregular-sprawled-posture,1,positive,DEV,first deterministic role-group tranche,ai_generated,v2.0
,71_p08-irregular-sprawled-posture-01.png,6329713947ec4d5b2cff88fe809abf4feb9e8d016de5890149a64527094f0b52,pf_v2_aigc_p08-irregular-sprawled-posture,pf_v2_aigc_p08-irregular-sprawled-posture,1,positive,DEV,first deterministic role-group tranche,ai_generated,v2.0
,72_p08-irregular-sprawled-posture-02.png,62eed352082d639f7ec1da9a08bf8f4fd2709e3f427db78c21f125784c557919,pf_v2_aigc_p08-irregular-sprawled-posture,pf_v2_aigc_p08-irregular-sprawled-posture,1,positive,DEV,first deterministic role-group tranche,ai_generated,v2.0
,73_p08-irregular-sprawled-posture-03.png,6b30f078fd10835d53b923b3493e7405c7369707c233f93babed2ed9bce4d9a4,pf_v2_aigc_p08-irregular-sprawled-posture,pf_v2_aigc_p08-irregular-sprawled-posture,1,positive,DEV,first deterministic role-group tranche,ai_generated,v2.0
,74_p08-irregular-sprawled-posture-04.png,5a679c20b46a78140a1723a94372f44733409706248382250009951f8c54c5af,pf_v2_aigc_p08-irregular-sprawled-posture,pf_v2_aigc_p08-irregular-sprawled-posture,1,positive,DEV,first deterministic role-group tranche,ai_generated,v2.0
,75_p08-irregular-sprawled-posture-05.png,5484e98bd9beb2564cdaa7f1895e38eca19d8ce2e1b14c9b4ca379bb63853c39,pf_v2_aigc_p08-irregular-sprawled-posture,pf_v2_aigc_p08-irregular-sprawled-posture,1,positive,DEV,first deterministic role-group tranche,ai_generated,v2.0
,76_p08-irregular-sprawled-posture-06.png,8d55ff9191c8345510d898d4ce7f4e102bc545da00a04d34b4348b44dbc30b49,pf_v2_aigc_p08-irregular-sprawled-posture,pf_v2_aigc_p08-irregular-sprawled-posture,1,positive,DEV,first deterministic role-group tranche,ai_generated,v2.0
,77_p08-irregular-sprawled-posture-07.png,68912e9f3ab5ff7d86ad8b23771f54ae9d1c88fec150a78a012c04b3c15edf4f,pf_v2_aigc_p08-irregular-sprawled-posture,pf_v2_aigc_p08-irregular-sprawled-posture,1,positive,DEV,first deterministic role-group tranche,ai_generated,v2.0
,78_p08-irregular-sprawled-posture-08.png,739161dbbfddb42ee17f17a670b0cdbc70de120b7796ccd7720ee8a9d1d8212d,pf_v2_aigc_p08-irregular-sprawled-posture,pf_v2_aigc_p08-irregular-sprawled-posture,1,positive,DEV,first deterministic role-group tranche,ai_generated,v2.0
,79_p08-irregular-sprawled-posture-09.png,19d4936d216437d25279b52eb0280761729d18816227652dec371e24ae7ee99d,pf_v2_aigc_p08-irregular-sprawled-posture,pf_v2_aigc_p08-irregular-sprawled-posture,1,positive,DEV,first deterministic role-group tranche,ai_generated,v2.0
,80_p08-irregular-sprawled-posture-10.png,6e124de18d12ec3eea5142bf50c80b334edefcd5d34dfc410ef75fd60405655c,pf_v2_aigc_p08-irregular-sprawled-posture,pf_v2_aigc_p08-irregular-sprawled-posture,1,positive,DEV,first deterministic role-group tranche,ai_generated,v2.0
,81_p09-partially-occluded-fallen-person-01.png,e62e16f8fb837016a69468b137086d3495628988ef8717a9c6b8d14eecc2e0e4,pf_v2_aigc_p09-partially-occluded-fallen-person,pf_v2_aigc_p09-partially-occluded-fallen-person,1,positive,DEV,first deterministic role-group tranche,ai_generated,v2.0
,82_p09-partially-occluded-fallen-person-02.png,bbf1df2f25f5b2702af333b76b4a08995937d5989b427028174f4e7b126338d7,pf_v2_aigc_p09-partially-occluded-fallen-person,pf_v2_aigc_p09-partially-occluded-fallen-person,1,positive,DEV,first deterministic role-group tranche,ai_generated,v2.0
,83_p09-partially-occluded-fallen-person-03.png,0f93f5393507cd1a609576151a94cf082b5e3633e185ce328026a5784947c561,pf_v2_aigc_p09-partially-occluded-fallen-person,pf_v2_aigc_p09-partially-occluded-fallen-person,1,positive,DEV,first deterministic role-group tranche,ai_generated,v2.0
,84_p09-partially-occluded-fallen-person-04.png,5c2f3bc886da280fa8217ae4bc973dd735037fad49ec0e1617b0cf9421be1d24,pf_v2_aigc_p09-partially-occluded-fallen-person,pf_v2_aigc_p09-partially-occluded-fallen-person,1,positive,DEV,first deterministic role-group tranche,ai_generated,v2.0
,85_p09-partially-occluded-fallen-person-05.png,da621cc3e61d215a22c281bfb8d53cba5d73c234a7109c2f85b8ea76a3486037,pf_v2_aigc_p09-partially-occluded-fallen-person,pf_v2_aigc_p09-partially-occluded-fallen-person,1,positive,DEV,first deterministic role-group tranche,ai_generated,v2.0
,86_p09-partially-occluded-fallen-person-06.png,145e156c1caf26aa510910deff6d1c00dd82d5a67a28768b11caca8386ced559,pf_v2_aigc_p09-partially-occluded-fallen-person,pf_v2_aigc_p09-partially-occluded-fallen-person,1,positive,DEV,first deterministic role-group tranche,ai_generated,v2.0
,87_p09-partially-occluded-fallen-person-07.png,4b0f60f00bb5d135540bb23d2cfa20481a1b0c9da02f09c5c7de0abe90f61761,pf_v2_aigc_p09-partially-occluded-fallen-person,pf_v2_aigc_p09-partially-occluded-fallen-person,1,positive,DEV,first deterministic role-group tranche,ai_generated,v2.0
,88_p09-partially-occluded-fallen-person-08.png,f0119f65ad035e78e986a6e92519d01dbe2133459c902b93af98639fe24fcd1a,pf_v2_aigc_p09-partially-occluded-fallen-person,pf_v2_aigc_p09-partially-occluded-fallen-person,1,positive,DEV,first deterministic role-group tranche,ai_generated,v2.0
,89_p09-partially-occluded-fallen-person-09.png,c27370d0f1c4f96f05871e8134b8c33126330b4901a9172fcaa1034597aeb759,pf_v2_aigc_p09-partially-occluded-fallen-person,pf_v2_aigc_p09-partially-occluded-fallen-person,1,positive,DEV,first deterministic role-group tranche,ai_generated,v2.0
,90_p09-partially-occluded-fallen-person-10.png,05b1b4f1a63222037efc034cc5b772813078ba137841efc7d82be001cb5acf69,pf_v2_aigc_p09-partially-occluded-fallen-person,pf_v2_aigc_p09-partially-occluded-fallen-person,1,positive,DEV,first deterministic role-group tranche,ai_generated,v2.0
,91_p10-partially-occluded-fallen-person-01.png,7f85564bcb6fd735166050f0605b6719600ab691613a1115ca3fe423ad1fbf60,pf_v2_aigc_p10-partially-occluded-fallen-person,pf_v2_aigc_p10-partially-occluded-fallen-person,1,positive,DEV,first deterministic role-group tranche,ai_generated,v2.0
,92_p10-partially-occluded-fallen-person-02.png,967ed34a039e4037156c3a5aa25cb2a872e79cc7ad8cf5e588d2d12924e1d7d5,pf_v2_aigc_p10-partially-occluded-fallen-person,pf_v2_aigc_p10-partially-occluded-fallen-person,1,positive,DEV,first deterministic role-group tranche,ai_generated,v2.0
,93_p10-partially-occluded-fallen-person-03.png,4749ea15173ecae9b6e8419327d00422c0250884826afc7d0b550f3d1508a8ff,pf_v2_aigc_p10-partially-occluded-fallen-person,pf_v2_aigc_p10-partially-occluded-fallen-person,1,positive,DEV,first deterministic role-group tranche,ai_generated,v2.0
,94_p10-partially-occluded-fallen-person-04.png,2593e27c2a3553c972ec437b1d44c2ce43fb21de8b8a1465da02e70ccd9fb748,pf_v2_aigc_p10-partially-occluded-fallen-person,pf_v2_aigc_p10-partially-occluded-fallen-person,1,positive,DEV,first deterministic role-group tranche,ai_generated,v2.0
,95_p10-partially-occluded-fallen-person-05.png,b6f296d8a7aa82b277c369a2b321956993c64ad3e6f4b3c7328294c2719d315e,pf_v2_aigc_p10-partially-occluded-fallen-person,pf_v2_aigc_p10-partially-occluded-fallen-person,1,positive,DEV,first deterministic role-group tranche,ai_generated,v2.0
,96_p10-partially-occluded-fallen-person-06.png,bb6ced4cdb8a21b8e00a65a3918e247e8f0fd101a11fdbf5d207a3b33a48cc57,pf_v2_aigc_p10-partially-occluded-fallen-person,pf_v2_aigc_p10-partially-occluded-fallen-person,1,positive,DEV,first deterministic role-group tranche,ai_generated,v2.0
,97_p10-partially-occluded-fallen-person-07.png,44636d1b9c57594ac54a1a4912e5cf63178ed66566510bbbf7fb5b1b1e874b88,pf_v2_aigc_p10-partially-occluded-fallen-person,pf_v2_aigc_p10-partially-occluded-fallen-person,1,positive,DEV,first deterministic role-group tranche,ai_generated,v2.0
,98_p10-partially-occluded-fallen-person-08.png,ef5432742429ff4aa120057740cd5954ed171776f8c2317dbe744fcf296252d7,pf_v2_aigc_p10-partially-occluded-fallen-person,pf_v2_aigc_p10-partially-occluded-fallen-person,1,positive,DEV,first deterministic role-group tranche,ai_generated,v2.0
,99_p10-partially-occluded-fallen-person-09.png,c1986b13f838a910c7e2958d9851f9d61140c6f9ef8011a98ce6454153f1c5e1,pf_v2_aigc_p10-partially-occluded-fallen-person,pf_v2_aigc_p10-partially-occluded-fallen-person,1,positive,DEV,first deterministic role-group tranche,ai_generated,v2.0
