image_filename,prompt_filename,prompt_group,event_label,sample_role,label_decision_reason,gt_basis,review_status
01_p01-supine-on-floor-01.png,01_p01-supine-on-floor-01.txt,p01-supine-on-floor,1,positive,Prompt group p01-supine-on-floor explicitly requires a real person in a lying/fallen state on ground or abnormal support; V2 accepts voluntary lying and does not require a transition.,user_confirmed_prompt_image_alignment,unreviewed
02_p01-supine-on-floor-02.png,02_p01-supine-on-floor-02.txt,p01-supine-on-floor,1,positive,Prompt group p01-supine-on-floor explicitly requires a real person in a lying/fallen state on ground or abnormal support; V2 accepts voluntary lying and does not require a transition.,user_confirmed_prompt_image_alignment,unreviewed
03_p01-supine-on-floor-03.png,03_p01-supine-on-floor-03.txt,p01-supine-on-floor,1,positive,Prompt group p01-supine-on-floor explicitly requires a real person in a lying/fallen state on ground or abnormal support; V2 accepts voluntary lying and does not require a transition.,user_confirmed_prompt_image_alignment,unreviewed
04_p01-supine-on-floor-04.png,04_p01-supine-on-floor-04.txt,p01-supine-on-floor,1,positive,Prompt group p01-supine-on-floor explicitly requires a real person in a lying/fallen state on ground or abnormal support; V2 accepts voluntary lying and does not require a transition.,user_confirmed_prompt_image_alignment,unreviewed
05_p01-supine-on-floor-05.png,05_p01-supine-on-floor-05.txt,p01-supine-on-floor,1,positive,Prompt group p01-supine-on-floor explicitly requires a real person in a lying/fallen state on ground or abnormal support; V2 accepts voluntary lying and does not require a transition.,user_confirmed_prompt_image_alignment,unreviewed
06_p01-supine-on-floor-06.png,06_p01-supine-on-floor-06.txt,p01-supine-on-floor,1,positive,Prompt group p01-supine-on-floor explicitly requires a real person in a lying/fallen state on ground or abnormal support; V2 accepts voluntary lying and does not require a transition.,user_confirmed_prompt_image_alignment,unreviewed
07_p01-supine-on-floor-07.png,07_p01-supine-on-floor-07.txt,p01-supine-on-floor,1,positive,Prompt group p01-supine-on-floor explicitly requires a real person in a lying/fallen state on ground or abnormal support; V2 accepts voluntary lying and does not require a transition.,user_confirmed_prompt_image_alignment,unreviewed
08_p01-supine-on-floor-08.png,08_p01-supine-on-floor-08.txt,p01-supine-on-floor,1,positive,Prompt group p01-supine-on-floor explicitly requires a real person in a lying/fallen state on ground or abnormal support; V2 accepts voluntary lying and does not require a transition.,user_confirmed_prompt_image_alignment,unreviewed
09_p01-supine-on-floor-09.png,09_p01-supine-on-floor-09.txt,p01-supine-on-floor,1,positive,Prompt group p01-supine-on-floor explicitly requires a real person in a lying/fallen state on ground or abnormal support; V2 accepts voluntary lying and does not require a transition.,user_confirmed_prompt_image_alignment,unreviewed
100_p10-partially-occluded-fallen-person-10.png,100_p10-partially-occluded-fallen-person-10.txt,p10-partially-occluded-fallen-person,1,positive,Prompt group p10-partially-occluded-fallen-person explicitly requires a real person in a lying/fallen state on ground or abnormal support; V2 accepts voluntary lying and does not require a transition.,user_confirmed_prompt_image_alignment,unreviewed
101_p11-small-target-far-distance-01.png,101_p11-small-target-far-distance-01.txt,p11-small-target-far-distance,1,positive,Prompt group p11-small-target-far-distance explicitly requires a real person in a lying/fallen state on ground or abnormal support; V2 accepts voluntary lying and does not require a transition.,user_confirmed_prompt_image_alignment,unreviewed
102_p11-small-target-far-distance-02.png,102_p11-small-target-far-distance-02.txt,p11-small-target-far-distance,1,positive,Prompt group p11-small-target-far-distance explicitly requires a real person in a lying/fallen state on ground or abnormal support; V2 accepts voluntary lying and does not require a transition.,user_confirmed_prompt_image_alignment,unreviewed
103_p11-small-target-far-distance-03.png,103_p11-small-target-far-distance-03.txt,p11-small-target-far-distance,1,positive,Prompt group p11-small-target-far-distance explicitly requires a real person in a lying/fallen state on ground or abnormal support; V2 accepts voluntary lying and does not require a transition.,user_confirmed_prompt_image_alignment,unreviewed
104_p11-small-target-far-distance-04.png,104_p11-small-target-far-distance-04.txt,p11-small-target-far-distance,1,positive,Prompt group p11-small-target-far-distance explicitly requires a real person in a lying/fallen state on ground or abnormal support; V2 accepts voluntary lying and does not require a transition.,user_confirmed_prompt_image_alignment,unreviewed
105_p11-small-target-far-distance-05.png,105_p11-small-target-far-distance-05.txt,p11-small-target-far-distance,1,positive,Prompt group p11-small-target-far-distance explicitly requires a real person in a lying/fallen state on ground or abnormal support; V2 accepts voluntary lying and does not require a transition.,user_confirmed_prompt_image_alignment,unreviewed
106_p11-small-target-far-distance-06.png,106_p11-small-target-far-distance-06.txt,p11-small-target-far-distance,1,positive,Prompt group p11-small-target-far-distance explicitly requires a real person in a lying/fallen state on ground or abnormal support; V2 accepts voluntary lying and does not require a transition.,user_confirmed_prompt_image_alignment,unreviewed
107_p11-small-target-far-distance-07.png,107_p11-small-target-far-distance-07.txt,p11-small-target-far-distance,1,positive,Prompt group p11-small-target-far-distance explicitly requires a real person in a lying/fallen state on ground or abnormal support; V2 accepts voluntary lying and does not require a transition.,user_confirmed_prompt_image_alignment,unreviewed
108_p11-small-target-far-distance-08.png,108_p11-small-target-far-distance-08.txt,p11-small-target-far-distance,1,positive,Prompt group p11-small-target-far-distance explicitly requires a real person in a lying/fallen state on ground or abnormal support; V2 accepts voluntary lying and does not require a transition.,user_confirmed_prompt_image_alignment,unreviewed
109_p11-small-target-far-distance-09.png,109_p11-small-target-far-distance-09.txt,p11-small-target-far-distance,1,positive,Prompt group p11-small-target-far-distance explicitly requires a real person in a lying/fallen state on ground or abnormal support; V2 accepts voluntary lying and does not require a transition.,user_confirmed_prompt_image_alignment,unreviewed
10_p01-supine-on-floor-10.png,10_p01-supine-on-floor-10.txt,p01-supine-on-floor,1,positive,Prompt group p01-supine-on-floor explicitly requires a real person in a lying/fallen state on ground or abnormal support; V2 accepts voluntary lying and does not require a transition.,user_confirmed_prompt_image_alignment,unreviewed
110_p11-small-target-far-distance-10.png,110_p11-small-target-far-distance-10.txt,p11-small-target-far-distance,1,positive,Prompt group p11-small-target-far-distance explicitly requires a real person in a lying/fallen state on ground or abnormal support; V2 accepts voluntary lying and does not require a transition.,user_confirmed_prompt_image_alignment,unreviewed
111_p12-small-target-far-distance-01.png,111_p12-small-target-far-distance-01.txt,p12-small-target-far-distance,1,positive,Prompt group p12-small-target-far-distance explicitly requires a real person in a lying/fallen state on ground or abnormal support; V2 accepts voluntary lying and does not require a transition.,user_confirmed_prompt_image_alignment,unreviewed
112_p12-small-target-far-distance-02.png,112_p12-small-target-far-distance-02.txt,p12-small-target-far-distance,1,positive,Prompt group p12-small-target-far-distance explicitly requires a real person in a lying/fallen state on ground or abnormal support; V2 accepts voluntary lying and does not require a transition.,user_confirmed_prompt_image_alignment,unreviewed
113_p12-small-target-far-distance-03.png,113_p12-small-target-far-distance-03.txt,p12-small-target-far-distance,1,positive,Prompt group p12-small-target-far-distance explicitly requires a real person in a lying/fallen state on ground or abnormal support; V2 accepts voluntary lying and does not require a transition.,user_confirmed_prompt_image_alignment,unreviewed
114_p12-small-target-far-distance-04.png,114_p12-small-target-far-distance-04.txt,p12-small-target-far-distance,1,positive,Prompt group p12-small-target-far-distance explicitly requires a real person in a lying/fallen state on ground or abnormal support; V2 accepts voluntary lying and does not require a transition.,user_confirmed_prompt_image_alignment,unreviewed
115_p12-small-target-far-distance-05.png,115_p12-small-target-far-distance-05.txt,p12-small-target-far-distance,1,positive,Prompt group p12-small-target-far-distance explicitly requires a real person in a lying/fallen state on ground or abnormal support; V2 accepts voluntary lying and does not require a transition.,user_confirmed_prompt_image_alignment,unreviewed
116_p12-small-target-far-distance-06.png,116_p12-small-target-far-distance-06.txt,p12-small-target-far-distance,1,positive,Prompt group p12-small-target-far-distance explicitly requires a real person in a lying/fallen state on ground or abnormal support; V2 accepts voluntary lying and does not require a transition.,user_confirmed_prompt_image_alignment,unreviewed
117_p12-small-target-far-distance-07.png,117_p12-small-target-far-distance-07.txt,p12-small-target-far-distance,1,positive,Prompt group p12-small-target-far-distance explicitly requires a real person in a lying/fallen state on ground or abnormal support; V2 accepts voluntary lying and does not require a transition.,user_confirmed_prompt_image_alignment,unreviewed
118_p12-small-target-far-distance-08.png,118_p12-small-target-far-distance-08.txt,p12-small-target-far-distance,1,positive,Prompt group p12-small-target-far-distance explicitly requires a real person in a lying/fallen state on ground or abnormal support; V2 accepts voluntary lying and does not require a transition.,user_confirmed_prompt_image_alignment,unreviewed
119_p12-small-target-far-distance-09.png,119_p12-small-target-far-distance-09.txt,p12-small-target-far-distance,1,positive,Prompt group p12-small-target-far-distance explicitly requires a real person in a lying/fallen state on ground or abnormal support; V2 accepts voluntary lying and does not require a transition.,user_confirmed_prompt_image_alignment,unreviewed
11_p02-supine-on-floor-01.png,11_p02-supine-on-floor-01.txt,p02-supine-on-floor,1,positive,Prompt group p02-supine-on-floor explicitly requires a real person in a lying/fallen state on ground or abnormal support; V2 accepts voluntary lying and does not require a transition.,user_confirmed_prompt_image_alignment,unreviewed
120_p12-small-target-far-distance-10.png,120_p12-small-target-far-distance-10.txt,p12-small-target-far-distance,1,positive,Prompt group p12-small-target-far-distance explicitly requires a real person in a lying/fallen state on ground or abnormal support; V2 accepts voluntary lying and does not require a transition.,user_confirmed_prompt_image_alignment,unreviewed
121_p13-multi-person-scene-with-one-lying-person-01.png,121_p13-multi-person-scene-with-one-lying-person-01.txt,p13-multi-person-scene-with-one-lying-person,1,positive,Prompt group p13-multi-person-scene-with-one-lying-person explicitly requires a real person in a lying/fallen state on ground or abnormal support; V2 accepts voluntary lying and does not require a transition.,user_confirmed_prompt_image_alignment,unreviewed
122_p13-multi-person-scene-with-one-lying-person-02.png,122_p13-multi-person-scene-with-one-lying-person-02.txt,p13-multi-person-scene-with-one-lying-person,1,positive,Prompt group p13-multi-person-scene-with-one-lying-person explicitly requires a real person in a lying/fallen state on ground or abnormal support; V2 accepts voluntary lying and does not require a transition.,user_confirmed_prompt_image_alignment,unreviewed
123_p13-multi-person-scene-with-one-lying-person-03.png,123_p13-multi-person-scene-with-one-lying-person-03.txt,p13-multi-person-scene-with-one-lying-person,1,positive,Prompt group p13-multi-person-scene-with-one-lying-person explicitly requires a real person in a lying/fallen state on ground or abnormal support; V2 accepts voluntary lying and does not require a transition.,user_confirmed_prompt_image_alignment,unreviewed
124_p13-multi-person-scene-with-one-lying-person-04.png,124_p13-multi-person-scene-with-one-lying-person-04.txt,p13-multi-person-scene-with-one-lying-person,1,positive,Prompt group p13-multi-person-scene-with-one-lying-person explicitly requires a real person in a lying/fallen state on ground or abnormal support; V2 accepts voluntary lying and does not require a transition.,user_confirmed_prompt_image_alignment,unreviewed
125_p13-multi-person-scene-with-one-lying-person-05.png,125_p13-multi-person-scene-with-one-lying-person-05.txt,p13-multi-person-scene-with-one-lying-person,1,positive,Prompt group p13-multi-person-scene-with-one-lying-person explicitly requires a real person in a lying/fallen state on ground or abnormal support; V2 accepts voluntary lying and does not require a transition.,user_confirmed_prompt_image_alignment,unreviewed
126_p13-multi-person-scene-with-one-lying-person-06.png,126_p13-multi-person-scene-with-one-lying-person-06.txt,p13-multi-person-scene-with-one-lying-person,1,positive,Prompt group p13-multi-person-scene-with-one-lying-person explicitly requires a real person in a lying/fallen state on ground or abnormal support; V2 accepts voluntary lying and does not require a transition.,user_confirmed_prompt_image_alignment,unreviewed
127_p13-multi-person-scene-with-one-lying-person-07.png,127_p13-multi-person-scene-with-one-lying-person-07.txt,p13-multi-person-scene-with-one-lying-person,1,positive,Prompt group p13-multi-person-scene-with-one-lying-person explicitly requires a real person in a lying/fallen state on ground or abnormal support; V2 accepts voluntary lying and does not require a transition.,user_confirmed_prompt_image_alignment,unreviewed
128_p13-multi-person-scene-with-one-lying-person-08.png,128_p13-multi-person-scene-with-one-lying-person-08.txt,p13-multi-person-scene-with-one-lying-person,1,positive,Prompt group p13-multi-person-scene-with-one-lying-person explicitly requires a real person in a lying/fallen state on ground or abnormal support; V2 accepts voluntary lying and does not require a transition.,user_confirmed_prompt_image_alignment,unreviewed
129_p13-multi-person-scene-with-one-lying-person-09.png,129_p13-multi-person-scene-with-one-lying-person-09.txt,p13-multi-person-scene-with-one-lying-person,1,positive,Prompt group p13-multi-person-scene-with-one-lying-person explicitly requires a real person in a lying/fallen state on ground or abnormal support; V2 accepts voluntary lying and does not require a transition.,user_confirmed_prompt_image_alignment,unreviewed
12_p02-supine-on-floor-02.png,12_p02-supine-on-floor-02.txt,p02-supine-on-floor,1,positive,Prompt group p02-supine-on-floor explicitly requires a real person in a lying/fallen state on ground or abnormal support; V2 accepts voluntary lying and does not require a transition.,user_confirmed_prompt_image_alignment,unreviewed
130_p13-multi-person-scene-with-one-lying-person-10.png,130_p13-multi-person-scene-with-one-lying-person-10.txt,p13-multi-person-scene-with-one-lying-person,1,positive,Prompt group p13-multi-person-scene-with-one-lying-person explicitly requires a real person in a lying/fallen state on ground or abnormal support; V2 accepts voluntary lying and does not require a transition.,user_confirmed_prompt_image_alignment,unreviewed
131_p14-multi-person-scene-with-one-lying-person-01.png,131_p14-multi-person-scene-with-one-lying-person-01.txt,p14-multi-person-scene-with-one-lying-person,1,positive,Prompt group p14-multi-person-scene-with-one-lying-person explicitly requires a real person in a lying/fallen state on ground or abnormal support; V2 accepts voluntary lying and does not require a transition.,user_confirmed_prompt_image_alignment,unreviewed
132_p14-multi-person-scene-with-one-lying-person-02.png,132_p14-multi-person-scene-with-one-lying-person-02.txt,p14-multi-person-scene-with-one-lying-person,1,positive,Prompt group p14-multi-person-scene-with-one-lying-person explicitly requires a real person in a lying/fallen state on ground or abnormal support; V2 accepts voluntary lying and does not require a transition.,user_confirmed_prompt_image_alignment,unreviewed
133_p14-multi-person-scene-with-one-lying-person-03.png,133_p14-multi-person-scene-with-one-lying-person-03.txt,p14-multi-person-scene-with-one-lying-person,1,positive,Prompt group p14-multi-person-scene-with-one-lying-person explicitly requires a real person in a lying/fallen state on ground or abnormal support; V2 accepts voluntary lying and does not require a transition.,user_confirmed_prompt_image_alignment,unreviewed
134_p14-multi-person-scene-with-one-lying-person-04.png,134_p14-multi-person-scene-with-one-lying-person-04.txt,p14-multi-person-scene-with-one-lying-person,1,positive,Prompt group p14-multi-person-scene-with-one-lying-person explicitly requires a real person in a lying/fallen state on ground or abnormal support; V2 accepts voluntary lying and does not require a transition.,user_confirmed_prompt_image_alignment,unreviewed
135_p14-multi-person-scene-with-one-lying-person-05.png,135_p14-multi-person-scene-with-one-lying-person-05.txt,p14-multi-person-scene-with-one-lying-person,1,positive,Prompt group p14-multi-person-scene-with-one-lying-person explicitly requires a real person in a lying/fallen state on ground or abnormal support; V2 accepts voluntary lying and does not require a transition.,user_confirmed_prompt_image_alignment,unreviewed
136_p14-multi-person-scene-with-one-lying-person-06.png,136_p14-multi-person-scene-with-one-lying-person-06.txt,p14-multi-person-scene-with-one-lying-person,1,positive,Prompt group p14-multi-person-scene-with-one-lying-person explicitly requires a real person in a lying/fallen state on ground or abnormal support; V2 accepts voluntary lying and does not require a transition.,user_confirmed_prompt_image_alignment,unreviewed
137_p14-multi-person-scene-with-one-lying-person-07.png,137_p14-multi-person-scene-with-one-lying-person-07.txt,p14-multi-person-scene-with-one-lying-person,1,positive,Prompt group p14-multi-person-scene-with-one-lying-person explicitly requires a real person in a lying/fallen state on ground or abnormal support; V2 accepts voluntary lying and does not require a transition.,user_confirmed_prompt_image_alignment,unreviewed
138_p14-multi-person-scene-with-one-lying-person-08.png,138_p14-multi-person-scene-with-one-lying-person-08.txt,p14-multi-person-scene-with-one-lying-person,1,positive,Prompt group p14-multi-person-scene-with-one-lying-person explicitly requires a real person in a lying/fallen state on ground or abnormal support; V2 accepts voluntary lying and does not require a transition.,user_confirmed_prompt_image_alignment,unreviewed
139_p14-multi-person-scene-with-one-lying-person-09.png,139_p14-multi-person-scene-with-one-lying-person-09.txt,p14-multi-person-scene-with-one-lying-person,1,positive,Prompt group p14-multi-person-scene-with-one-lying-person explicitly requires a real person in a lying/fallen state on ground or abnormal support; V2 accepts voluntary lying and does not require a transition.,user_confirmed_prompt_image_alignment,unreviewed
13_p02-supine-on-floor-03.png,13_p02-supine-on-floor-03.txt,p02-supine-on-floor,1,positive,Prompt group p02-supine-on-floor explicitly requires a real person in a lying/fallen state on ground or abnormal support; V2 accepts voluntary lying and does not require a transition.,user_confirmed_prompt_image_alignment,unreviewed
140_p14-multi-person-scene-with-one-lying-person-10.png,140_p14-multi-person-scene-with-one-lying-person-10.txt,p14-multi-person-scene-with-one-lying-person,1,positive,Prompt group p14-multi-person-scene-with-one-lying-person explicitly requires a real person in a lying/fallen state on ground or abnormal support; V2 accepts voluntary lying and does not require a transition.,user_confirmed_prompt_image_alignment,unreviewed
141_p15-low-light-shadow-mild-blur-01.png,141_p15-low-light-shadow-mild-blur-01.txt,p15-low-light-shadow-mild-blur,1,positive,Prompt group p15-low-light-shadow-mild-blur explicitly requires a real person in a lying/fallen state on ground or abnormal support; V2 accepts voluntary lying and does not require a transition.,user_confirmed_prompt_image_alignment,unreviewed
142_p15-low-light-shadow-mild-blur-02.png,142_p15-low-light-shadow-mild-blur-02.txt,p15-low-light-shadow-mild-blur,1,positive,Prompt group p15-low-light-shadow-mild-blur explicitly requires a real person in a lying/fallen state on ground or abnormal support; V2 accepts voluntary lying and does not require a transition.,user_confirmed_prompt_image_alignment,unreviewed
143_p15-low-light-shadow-mild-blur-03.png,143_p15-low-light-shadow-mild-blur-03.txt,p15-low-light-shadow-mild-blur,1,positive,Prompt group p15-low-light-shadow-mild-blur explicitly requires a real person in a lying/fallen state on ground or abnormal support; V2 accepts voluntary lying and does not require a transition.,user_confirmed_prompt_image_alignment,unreviewed
144_p15-low-light-shadow-mild-blur-04.png,144_p15-low-light-shadow-mild-blur-04.txt,p15-low-light-shadow-mild-blur,1,positive,Prompt group p15-low-light-shadow-mild-blur explicitly requires a real person in a lying/fallen state on ground or abnormal support; V2 accepts voluntary lying and does not require a transition.,user_confirmed_prompt_image_alignment,unreviewed
145_p15-low-light-shadow-mild-blur-05.png,145_p15-low-light-shadow-mild-blur-05.txt,p15-low-light-shadow-mild-blur,1,positive,Prompt group p15-low-light-shadow-mild-blur explicitly requires a real person in a lying/fallen state on ground or abnormal support; V2 accepts voluntary lying and does not require a transition.,user_confirmed_prompt_image_alignment,unreviewed
146_p15-low-light-shadow-mild-blur-06.png,146_p15-low-light-shadow-mild-blur-06.txt,p15-low-light-shadow-mild-blur,1,positive,Prompt group p15-low-light-shadow-mild-blur explicitly requires a real person in a lying/fallen state on ground or abnormal support; V2 accepts voluntary lying and does not require a transition.,user_confirmed_prompt_image_alignment,unreviewed
147_p15-low-light-shadow-mild-blur-07.png,147_p15-low-light-shadow-mild-blur-07.txt,p15-low-light-shadow-mild-blur,1,positive,Prompt group p15-low-light-shadow-mild-blur explicitly requires a real person in a lying/fallen state on ground or abnormal support; V2 accepts voluntary lying and does not require a transition.,user_confirmed_prompt_image_alignment,unreviewed
148_p15-low-light-shadow-mild-blur-08.png,148_p15-low-light-shadow-mild-blur-08.txt,p15-low-light-shadow-mild-blur,1,positive,Prompt group p15-low-light-shadow-mild-blur explicitly requires a real person in a lying/fallen state on ground or abnormal support; V2 accepts voluntary lying and does not require a transition.,user_confirmed_prompt_image_alignment,unreviewed
149_p15-low-light-shadow-mild-blur-09.png,149_p15-low-light-shadow-mild-blur-09.txt,p15-low-light-shadow-mild-blur,1,positive,Prompt group p15-low-light-shadow-mild-blur explicitly requires a real person in a lying/fallen state on ground or abnormal support; V2 accepts voluntary lying and does not require a transition.,user_confirmed_prompt_image_alignment,unreviewed
14_p02-supine-on-floor-04.png,14_p02-supine-on-floor-04.txt,p02-supine-on-floor,1,positive,Prompt group p02-supine-on-floor explicitly requires a real person in a lying/fallen state on ground or abnormal support; V2 accepts voluntary lying and does not require a transition.,user_confirmed_prompt_image_alignment,unreviewed
150_p15-low-light-shadow-mild-blur-10.png,150_p15-low-light-shadow-mild-blur-10.txt,p15-low-light-shadow-mild-blur,1,positive,Prompt group p15-low-light-shadow-mild-blur explicitly requires a real person in a lying/fallen state on ground or abnormal support; V2 accepts voluntary lying and does not require a transition.,user_confirmed_prompt_image_alignment,unreviewed
151_p16-low-light-shadow-mild-blur-01.png,151_p16-low-light-shadow-mild-blur-01.txt,p16-low-light-shadow-mild-blur,1,positive,Prompt group p16-low-light-shadow-mild-blur explicitly requires a real person in a lying/fallen state on ground or abnormal support; V2 accepts voluntary lying and does not require a transition.,user_confirmed_prompt_image_alignment,unreviewed
152_p16-low-light-shadow-mild-blur-02.png,152_p16-low-light-shadow-mild-blur-02.txt,p16-low-light-shadow-mild-blur,1,positive,Prompt group p16-low-light-shadow-mild-blur explicitly requires a real person in a lying/fallen state on ground or abnormal support; V2 accepts voluntary lying and does not require a transition.,user_confirmed_prompt_image_alignment,unreviewed
153_p16-low-light-shadow-mild-blur-03.png,153_p16-low-light-shadow-mild-blur-03.txt,p16-low-light-shadow-mild-blur,1,positive,Prompt group p16-low-light-shadow-mild-blur explicitly requires a real person in a lying/fallen state on ground or abnormal support; V2 accepts voluntary lying and does not require a transition.,user_confirmed_prompt_image_alignment,unreviewed
154_p16-low-light-shadow-mild-blur-04.png,154_p16-low-light-shadow-mild-blur-04.txt,p16-low-light-shadow-mild-blur,1,positive,Prompt group p16-low-light-shadow-mild-blur explicitly requires a real person in a lying/fallen state on ground or abnormal support; V2 accepts voluntary lying and does not require a transition.,user_confirmed_prompt_image_alignment,unreviewed
155_p16-low-light-shadow-mild-blur-05.png,155_p16-low-light-shadow-mild-blur-05.txt,p16-low-light-shadow-mild-blur,1,positive,Prompt group p16-low-light-shadow-mild-blur explicitly requires a real person in a lying/fallen state on ground or abnormal support; V2 accepts voluntary lying and does not require a transition.,user_confirmed_prompt_image_alignment,unreviewed
156_p16-low-light-shadow-mild-blur-06.png,156_p16-low-light-shadow-mild-blur-06.txt,p16-low-light-shadow-mild-blur,1,positive,Prompt group p16-low-light-shadow-mild-blur explicitly requires a real person in a lying/fallen state on ground or abnormal support; V2 accepts voluntary lying and does not require a transition.,user_confirmed_prompt_image_alignment,unreviewed
157_p16-low-light-shadow-mild-blur-07.png,157_p16-low-light-shadow-mild-blur-07.txt,p16-low-light-shadow-mild-blur,1,positive,Prompt group p16-low-light-shadow-mild-blur explicitly requires a real person in a lying/fallen state on ground or abnormal support; V2 accepts voluntary lying and does not require a transition.,user_confirmed_prompt_image_alignment,unreviewed
158_p16-low-light-shadow-mild-blur-08.png,158_p16-low-light-shadow-mild-blur-08.txt,p16-low-light-shadow-mild-blur,1,positive,Prompt group p16-low-light-shadow-mild-blur explicitly requires a real person in a lying/fallen state on ground or abnormal support; V2 accepts voluntary lying and does not require a transition.,user_confirmed_prompt_image_alignment,unreviewed
159_p16-low-light-shadow-mild-blur-09.png,159_p16-low-light-shadow-mild-blur-09.txt,p16-low-light-shadow-mild-blur,1,positive,Prompt group p16-low-light-shadow-mild-blur explicitly requires a real person in a lying/fallen state on ground or abnormal support; V2 accepts voluntary lying and does not require a transition.,user_confirmed_prompt_image_alignment,unreviewed
15_p02-supine-on-floor-05.png,15_p02-supine-on-floor-05.txt,p02-supine-on-floor,1,positive,Prompt group p02-supine-on-floor explicitly requires a real person in a lying/fallen state on ground or abnormal support; V2 accepts voluntary lying and does not require a transition.,user_confirmed_prompt_image_alignment,unreviewed
160_p16-low-light-shadow-mild-blur-10.png,160_p16-low-light-shadow-mild-blur-10.txt,p16-low-light-shadow-mild-blur,1,positive,Prompt group p16-low-light-shadow-mild-blur explicitly requires a real person in a lying/fallen state on ground or abnormal support; V2 accepts voluntary lying and does not require a transition.,user_confirmed_prompt_image_alignment,unreviewed
161_p17-abnormal-support-surface-01.png,161_p17-abnormal-support-surface-01.txt,p17-abnormal-support-surface,1,positive,Prompt group p17-abnormal-support-surface explicitly requires a real person in a lying/fallen state on ground or abnormal support; V2 accepts voluntary lying and does not require a transition.,user_confirmed_prompt_image_alignment,unreviewed
162_p17-abnormal-support-surface-02.png,162_p17-abnormal-support-surface-02.txt,p17-abnormal-support-surface,1,positive,Prompt group p17-abnormal-support-surface explicitly requires a real person in a lying/fallen state on ground or abnormal support; V2 accepts voluntary lying and does not require a transition.,user_confirmed_prompt_image_alignment,unreviewed
163_p17-abnormal-support-surface-03.png,163_p17-abnormal-support-surface-03.txt,p17-abnormal-support-surface,1,positive,Prompt group p17-abnormal-support-surface explicitly requires a real person in a lying/fallen state on ground or abnormal support; V2 accepts voluntary lying and does not require a transition.,user_confirmed_prompt_image_alignment,unreviewed
164_p17-abnormal-support-surface-04.png,164_p17-abnormal-support-surface-04.txt,p17-abnormal-support-surface,1,positive,Prompt group p17-abnormal-support-surface explicitly requires a real person in a lying/fallen state on ground or abnormal support; V2 accepts voluntary lying and does not require a transition.,user_confirmed_prompt_image_alignment,unreviewed
165_p17-abnormal-support-surface-05.png,165_p17-abnormal-support-surface-05.txt,p17-abnormal-support-surface,1,positive,Prompt group p17-abnormal-support-surface explicitly requires a real person in a lying/fallen state on ground or abnormal support; V2 accepts voluntary lying and does not require a transition.,user_confirmed_prompt_image_alignment,unreviewed
166_p17-abnormal-support-surface-06.png,166_p17-abnormal-support-surface-06.txt,p17-abnormal-support-surface,1,positive,Prompt group p17-abnormal-support-surface explicitly requires a real person in a lying/fallen state on ground or abnormal support; V2 accepts voluntary lying and does not require a transition.,user_confirmed_prompt_image_alignment,unreviewed
167_p17-abnormal-support-surface-07.png,167_p17-abnormal-support-surface-07.txt,p17-abnormal-support-surface,1,positive,Prompt group p17-abnormal-support-surface explicitly requires a real person in a lying/fallen state on ground or abnormal support; V2 accepts voluntary lying and does not require a transition.,user_confirmed_prompt_image_alignment,unreviewed
168_p17-abnormal-support-surface-08.png,168_p17-abnormal-support-surface-08.txt,p17-abnormal-support-surface,1,positive,Prompt group p17-abnormal-support-surface explicitly requires a real person in a lying/fallen state on ground or abnormal support; V2 accepts voluntary lying and does not require a transition.,user_confirmed_prompt_image_alignment,unreviewed
169_p17-abnormal-support-surface-09.png,169_p17-abnormal-support-surface-09.txt,p17-abnormal-support-surface,1,positive,Prompt group p17-abnormal-support-surface explicitly requires a real person in a lying/fallen state on ground or abnormal support; V2 accepts voluntary lying and does not require a transition.,user_confirmed_prompt_image_alignment,unreviewed
16_p02-supine-on-floor-06.png,16_p02-supine-on-floor-06.txt,p02-supine-on-floor,1,positive,Prompt group p02-supine-on-floor explicitly requires a real person in a lying/fallen state on ground or abnormal support; V2 accepts voluntary lying and does not require a transition.,user_confirmed_prompt_image_alignment,unreviewed
170_p17-abnormal-support-surface-10.png,170_p17-abnormal-support-surface-10.txt,p17-abnormal-support-surface,1,positive,Prompt group p17-abnormal-support-surface explicitly requires a real person in a lying/fallen state on ground or abnormal support; V2 accepts voluntary lying and does not require a transition.,user_confirmed_prompt_image_alignment,unreviewed
171_p18-abnormal-support-surface-01.png,171_p18-abnormal-support-surface-01.txt,p18-abnormal-support-surface,1,positive,Prompt group p18-abnormal-support-surface explicitly requires a real person in a lying/fallen state on ground or abnormal support; V2 accepts voluntary lying and does not require a transition.,user_confirmed_prompt_image_alignment,unreviewed
172_p18-abnormal-support-surface-02.png,172_p18-abnormal-support-surface-02.txt,p18-abnormal-support-surface,1,positive,Prompt group p18-abnormal-support-surface explicitly requires a real person in a lying/fallen state on ground or abnormal support; V2 accepts voluntary lying and does not require a transition.,user_confirmed_prompt_image_alignment,unreviewed
173_p18-abnormal-support-surface-03.png,173_p18-abnormal-support-surface-03.txt,p18-abnormal-support-surface,1,positive,Prompt group p18-abnormal-support-surface explicitly requires a real person in a lying/fallen state on ground or abnormal support; V2 accepts voluntary lying and does not require a transition.,user_confirmed_prompt_image_alignment,unreviewed
174_p18-abnormal-support-surface-04.png,174_p18-abnormal-support-surface-04.txt,p18-abnormal-support-surface,1,positive,Prompt group p18-abnormal-support-surface explicitly requires a real person in a lying/fallen state on ground or abnormal support; V2 accepts voluntary lying and does not require a transition.,user_confirmed_prompt_image_alignment,unreviewed
175_p18-abnormal-support-surface-05.png,175_p18-abnormal-support-surface-05.txt,p18-abnormal-support-surface,1,positive,Prompt group p18-abnormal-support-surface explicitly requires a real person in a lying/fallen state on ground or abnormal support; V2 accepts voluntary lying and does not require a transition.,user_confirmed_prompt_image_alignment,unreviewed
176_p18-abnormal-support-surface-06.png,176_p18-abnormal-support-surface-06.txt,p18-abnormal-support-surface,1,positive,Prompt group p18-abnormal-support-surface explicitly requires a real person in a lying/fallen state on ground or abnormal support; V2 accepts voluntary lying and does not require a transition.,user_confirmed_prompt_image_alignment,unreviewed
177_p18-abnormal-support-surface-07.png,177_p18-abnormal-support-surface-07.txt,p18-abnormal-support-surface,1,positive,Prompt group p18-abnormal-support-surface explicitly requires a real person in a lying/fallen state on ground or abnormal support; V2 accepts voluntary lying and does not require a transition.,user_confirmed_prompt_image_alignment,unreviewed
178_p18-abnormal-support-surface-08.png,178_p18-abnormal-support-surface-08.txt,p18-abnormal-support-surface,1,positive,Prompt group p18-abnormal-support-surface explicitly requires a real person in a lying/fallen state on ground or abnormal support; V2 accepts voluntary lying and does not require a transition.,user_confirmed_prompt_image_alignment,unreviewed
179_p18-abnormal-support-surface-09.png,179_p18-abnormal-support-surface-09.txt,p18-abnormal-support-surface,1,positive,Prompt group p18-abnormal-support-surface explicitly requires a real person in a lying/fallen state on ground or abnormal support; V2 accepts voluntary lying and does not require a transition.,user_confirmed_prompt_image_alignment,unreviewed
17_p02-supine-on-floor-07.png,17_p02-supine-on-floor-07.txt,p02-supine-on-floor,1,positive,Prompt group p02-supine-on-floor explicitly requires a real person in a lying/fallen state on ground or abnormal support; V2 accepts voluntary lying and does not require a transition.,user_confirmed_prompt_image_alignment,unreviewed
180_p18-abnormal-support-surface-10.png,180_p18-abnormal-support-surface-10.txt,p18-abnormal-support-surface,1,positive,Prompt group p18-abnormal-support-surface explicitly requires a real person in a lying/fallen state on ground or abnormal support; V2 accepts voluntary lying and does not require a transition.,user_confirmed_prompt_image_alignment,unreviewed
181_p19-active-voluntary-lying-on-ground-01.png,181_p19-active-voluntary-lying-on-ground-01.txt,p19-active-voluntary-lying-on-ground,1,positive,Prompt group p19-active-voluntary-lying-on-ground explicitly requires a real person in a lying/fallen state on ground or abnormal support; V2 accepts voluntary lying and does not require a transition.,user_confirmed_prompt_image_alignment,unreviewed
182_p19-active-voluntary-lying-on-ground-02.png,182_p19-active-voluntary-lying-on-ground-02.txt,p19-active-voluntary-lying-on-ground,1,positive,Prompt group p19-active-voluntary-lying-on-ground explicitly requires a real person in a lying/fallen state on ground or abnormal support; V2 accepts voluntary lying and does not require a transition.,user_confirmed_prompt_image_alignment,unreviewed
183_p19-active-voluntary-lying-on-ground-03.png,183_p19-active-voluntary-lying-on-ground-03.txt,p19-active-voluntary-lying-on-ground,1,positive,Prompt group p19-active-voluntary-lying-on-ground explicitly requires a real person in a lying/fallen state on ground or abnormal support; V2 accepts voluntary lying and does not require a transition.,user_confirmed_prompt_image_alignment,unreviewed
184_p19-active-voluntary-lying-on-ground-04.png,184_p19-active-voluntary-lying-on-ground-04.txt,p19-active-voluntary-lying-on-ground,1,positive,Prompt group p19-active-voluntary-lying-on-ground explicitly requires a real person in a lying/fallen state on ground or abnormal support; V2 accepts voluntary lying and does not require a transition.,user_confirmed_prompt_image_alignment,unreviewed
185_p19-active-voluntary-lying-on-ground-05.png,185_p19-active-voluntary-lying-on-ground-05.txt,p19-active-voluntary-lying-on-ground,1,positive,Prompt group p19-active-voluntary-lying-on-ground explicitly requires a real person in a lying/fallen state on ground or abnormal support; V2 accepts voluntary lying and does not require a transition.,user_confirmed_prompt_image_alignment,unreviewed
186_p19-active-voluntary-lying-on-ground-06.png,186_p19-active-voluntary-lying-on-ground-06.txt,p19-active-voluntary-lying-on-ground,1,positive,Prompt group p19-active-voluntary-lying-on-ground explicitly requires a real person in a lying/fallen state on ground or abnormal support; V2 accepts voluntary lying and does not require a transition.,user_confirmed_prompt_image_alignment,unreviewed
187_p19-active-voluntary-lying-on-ground-07.png,187_p19-active-voluntary-lying-on-ground-07.txt,p19-active-voluntary-lying-on-ground,1,positive,Prompt group p19-active-voluntary-lying-on-ground explicitly requires a real person in a lying/fallen state on ground or abnormal support; V2 accepts voluntary lying and does not require a transition.,user_confirmed_prompt_image_alignment,unreviewed
188_p19-active-voluntary-lying-on-ground-08.png,188_p19-active-voluntary-lying-on-ground-08.txt,p19-active-voluntary-lying-on-ground,1,positive,Prompt group p19-active-voluntary-lying-on-ground explicitly requires a real person in a lying/fallen state on ground or abnormal support; V2 accepts voluntary lying and does not require a transition.,user_confirmed_prompt_image_alignment,unreviewed
189_p19-active-voluntary-lying-on-ground-09.png,189_p19-active-voluntary-lying-on-ground-09.txt,p19-active-voluntary-lying-on-ground,1,positive,Prompt group p19-active-voluntary-lying-on-ground explicitly requires a real person in a lying/fallen state on ground or abnormal support; V2 accepts voluntary lying and does not require a transition.,user_confirmed_prompt_image_alignment,unreviewed
18_p02-supine-on-floor-08.png,18_p02-supine-on-floor-08.txt,p02-supine-on-floor,1,positive,Prompt group p02-supine-on-floor explicitly requires a real person in a lying/fallen state on ground or abnormal support; V2 accepts voluntary lying and does not require a transition.,user_confirmed_prompt_image_alignment,unreviewed
190_p19-active-voluntary-lying-on-ground-10.png,190_p19-active-voluntary-lying-on-ground-10.txt,p19-active-voluntary-lying-on-ground,1,positive,Prompt group p19-active-voluntary-lying-on-ground explicitly requires a real person in a lying/fallen state on ground or abnormal support; V2 accepts voluntary lying and does not require a transition.,user_confirmed_prompt_image_alignment,unreviewed
191_p20-static-lying-on-ground-01.png,191_p20-static-lying-on-ground-01.txt,p20-static-lying-on-ground,1,positive,Prompt group p20-static-lying-on-ground explicitly requires a real person in a lying/fallen state on ground or abnormal support; V2 accepts voluntary lying and does not require a transition.,user_confirmed_prompt_image_alignment,unreviewed
192_p20-static-lying-on-ground-02.png,192_p20-static-lying-on-ground-02.txt,p20-static-lying-on-ground,1,positive,Prompt group p20-static-lying-on-ground explicitly requires a real person in a lying/fallen state on ground or abnormal support; V2 accepts voluntary lying and does not require a transition.,user_confirmed_prompt_image_alignment,unreviewed
193_p20-static-lying-on-ground-03.png,193_p20-static-lying-on-ground-03.txt,p20-static-lying-on-ground,1,positive,Prompt group p20-static-lying-on-ground explicitly requires a real person in a lying/fallen state on ground or abnormal support; V2 accepts voluntary lying and does not require a transition.,user_confirmed_prompt_image_alignment,unreviewed
194_p20-static-lying-on-ground-04.png,194_p20-static-lying-on-ground-04.txt,p20-static-lying-on-ground,1,positive,Prompt group p20-static-lying-on-ground explicitly requires a real person in a lying/fallen state on ground or abnormal support; V2 accepts voluntary lying and does not require a transition.,user_confirmed_prompt_image_alignment,unreviewed
195_p20-static-lying-on-ground-05.png,195_p20-static-lying-on-ground-05.txt,p20-static-lying-on-ground,1,positive,Prompt group p20-static-lying-on-ground explicitly requires a real person in a lying/fallen state on ground or abnormal support; V2 accepts voluntary lying and does not require a transition.,user_confirmed_prompt_image_alignment,unreviewed
196_p20-static-lying-on-ground-06.png,196_p20-static-lying-on-ground-06.txt,p20-static-lying-on-ground,1,positive,Prompt group p20-static-lying-on-ground explicitly requires a real person in a lying/fallen state on ground or abnormal support; V2 accepts voluntary lying and does not require a transition.,user_confirmed_prompt_image_alignment,unreviewed
197_p20-static-lying-on-ground-07.png,197_p20-static-lying-on-ground-07.txt,p20-static-lying-on-ground,1,positive,Prompt group p20-static-lying-on-ground explicitly requires a real person in a lying/fallen state on ground or abnormal support; V2 accepts voluntary lying and does not require a transition.,user_confirmed_prompt_image_alignment,unreviewed
198_p20-static-lying-on-ground-08.png,198_p20-static-lying-on-ground-08.txt,p20-static-lying-on-ground,1,positive,Prompt group p20-static-lying-on-ground explicitly requires a real person in a lying/fallen state on ground or abnormal support; V2 accepts voluntary lying and does not require a transition.,user_confirmed_prompt_image_alignment,unreviewed
199_p20-static-lying-on-ground-09.png,199_p20-static-lying-on-ground-09.txt,p20-static-lying-on-ground,1,positive,Prompt group p20-static-lying-on-ground explicitly requires a real person in a lying/fallen state on ground or abnormal support; V2 accepts voluntary lying and does not require a transition.,user_confirmed_prompt_image_alignment,unreviewed
19_p02-supine-on-floor-09.png,19_p02-supine-on-floor-09.txt,p02-supine-on-floor,1,positive,Prompt group p02-supine-on-floor explicitly requires a real person in a lying/fallen state on ground or abnormal support; V2 accepts voluntary lying and does not require a transition.,user_confirmed_prompt_image_alignment,unreviewed
200_p20-static-lying-on-ground-10.png,200_p20-static-lying-on-ground-10.txt,p20-static-lying-on-ground,1,positive,Prompt group p20-static-lying-on-ground explicitly requires a real person in a lying/fallen state on ground or abnormal support; V2 accepts voluntary lying and does not require a transition.,user_confirmed_prompt_image_alignment,unreviewed
201_n01-normal-standing-01.png,201_n01-normal-standing-01.txt,n01-normal-standing,0,negative,Prompt group n01-normal-standing explicitly describes ordinary non-event activity or an empty ordinary environment under the V2 definition.,user_confirmed_prompt_image_alignment,unreviewed
202_n01-normal-standing-02.png,202_n01-normal-standing-02.txt,n01-normal-standing,0,negative,Prompt group n01-normal-standing explicitly describes ordinary non-event activity or an empty ordinary environment under the V2 definition.,user_confirmed_prompt_image_alignment,unreviewed
203_n01-normal-standing-03.png,203_n01-normal-standing-03.txt,n01-normal-standing,0,negative,Prompt group n01-normal-standing explicitly describes ordinary non-event activity or an empty ordinary environment under the V2 definition.,user_confirmed_prompt_image_alignment,unreviewed
204_n01-normal-standing-04.png,204_n01-normal-standing-04.txt,n01-normal-standing,0,negative,Prompt group n01-normal-standing explicitly describes ordinary non-event activity or an empty ordinary environment under the V2 definition.,user_confirmed_prompt_image_alignment,unreviewed
205_n01-normal-standing-05.png,205_n01-normal-standing-05.txt,n01-normal-standing,0,negative,Prompt group n01-normal-standing explicitly describes ordinary non-event activity or an empty ordinary environment under the V2 definition.,user_confirmed_prompt_image_alignment,unreviewed
206_n01-normal-standing-06.png,206_n01-normal-standing-06.txt,n01-normal-standing,0,negative,Prompt group n01-normal-standing explicitly describes ordinary non-event activity or an empty ordinary environment under the V2 definition.,user_confirmed_prompt_image_alignment,unreviewed
207_n01-normal-standing-07.png,207_n01-normal-standing-07.txt,n01-normal-standing,0,negative,Prompt group n01-normal-standing explicitly describes ordinary non-event activity or an empty ordinary environment under the V2 definition.,user_confirmed_prompt_image_alignment,unreviewed
208_n01-normal-standing-08.png,208_n01-normal-standing-08.txt,n01-normal-standing,0,negative,Prompt group n01-normal-standing explicitly describes ordinary non-event activity or an empty ordinary environment under the V2 definition.,user_confirmed_prompt_image_alignment,unreviewed
209_n01-normal-standing-09.png,209_n01-normal-standing-09.txt,n01-normal-standing,0,negative,Prompt group n01-normal-standing explicitly describes ordinary non-event activity or an empty ordinary environment under the V2 definition.,user_confirmed_prompt_image_alignment,unreviewed
20_p02-supine-on-floor-10.png,20_p02-supine-on-floor-10.txt,p02-supine-on-floor,1,positive,Prompt group p02-supine-on-floor explicitly requires a real person in a lying/fallen state on ground or abnormal support; V2 accepts voluntary lying and does not require a transition.,user_confirmed_prompt_image_alignment,unreviewed
210_n01-normal-standing-10.png,210_n01-normal-standing-10.txt,n01-normal-standing,0,negative,Prompt group n01-normal-standing explicitly describes ordinary non-event activity or an empty ordinary environment under the V2 definition.,user_confirmed_prompt_image_alignment,unreviewed
211_n02-normal-walking-01.png,211_n02-normal-walking-01.txt,n02-normal-walking,0,negative,Prompt group n02-normal-walking explicitly describes ordinary non-event activity or an empty ordinary environment under the V2 definition.,user_confirmed_prompt_image_alignment,unreviewed
212_n02-normal-walking-02.png,212_n02-normal-walking-02.txt,n02-normal-walking,0,negative,Prompt group n02-normal-walking explicitly describes ordinary non-event activity or an empty ordinary environment under the V2 definition.,user_confirmed_prompt_image_alignment,unreviewed
213_n02-normal-walking-03.png,213_n02-normal-walking-03.txt,n02-normal-walking,0,negative,Prompt group n02-normal-walking explicitly describes ordinary non-event activity or an empty ordinary environment under the V2 definition.,user_confirmed_prompt_image_alignment,unreviewed
214_n02-normal-walking-04.png,214_n02-normal-walking-04.txt,n02-normal-walking,0,negative,Prompt group n02-normal-walking explicitly describes ordinary non-event activity or an empty ordinary environment under the V2 definition.,user_confirmed_prompt_image_alignment,unreviewed
215_n02-normal-walking-05.png,215_n02-normal-walking-05.txt,n02-normal-walking,0,negative,Prompt group n02-normal-walking explicitly describes ordinary non-event activity or an empty ordinary environment under the V2 definition.,user_confirmed_prompt_image_alignment,unreviewed
216_n02-normal-walking-06.png,216_n02-normal-walking-06.txt,n02-normal-walking,0,negative,Prompt group n02-normal-walking explicitly describes ordinary non-event activity or an empty ordinary environment under the V2 definition.,user_confirmed_prompt_image_alignment,unreviewed
217_n02-normal-walking-07.png,217_n02-normal-walking-07.txt,n02-normal-walking,0,negative,Prompt group n02-normal-walking explicitly describes ordinary non-event activity or an empty ordinary environment under the V2 definition.,user_confirmed_prompt_image_alignment,unreviewed
218_n02-normal-walking-08.png,218_n02-normal-walking-08.txt,n02-normal-walking,0,negative,Prompt group n02-normal-walking explicitly describes ordinary non-event activity or an empty ordinary environment under the V2 definition.,user_confirmed_prompt_image_alignment,unreviewed
219_n02-normal-walking-09.png,219_n02-normal-walking-09.txt,n02-normal-walking,0,negative,Prompt group n02-normal-walking explicitly describes ordinary non-event activity or an empty ordinary environment under the V2 definition.,user_confirmed_prompt_image_alignment,unreviewed
21_p03-prone-on-floor-01.png,21_p03-prone-on-floor-01.txt,p03-prone-on-floor,1,positive,Prompt group p03-prone-on-floor explicitly requires a real person in a lying/fallen state on ground or abnormal support; V2 accepts voluntary lying and does not require a transition.,user_confirmed_prompt_image_alignment,unreviewed
220_n02-normal-walking-10.png,220_n02-normal-walking-10.txt,n02-normal-walking,0,negative,Prompt group n02-normal-walking explicitly describes ordinary non-event activity or an empty ordinary environment under the V2 definition.,user_confirmed_prompt_image_alignment,unreviewed
221_n03-normal-seated-on-chair-stool-01.png,221_n03-normal-seated-on-chair-stool-01.txt,n03-normal-seated-on-chair-stool,0,negative,Prompt group n03-normal-seated-on-chair-stool explicitly describes ordinary non-event activity or an empty ordinary environment under the V2 definition.,user_confirmed_prompt_image_alignment,unreviewed
222_n03-normal-seated-on-chair-stool-02.png,222_n03-normal-seated-on-chair-stool-02.txt,n03-normal-seated-on-chair-stool,0,negative,Prompt group n03-normal-seated-on-chair-stool explicitly describes ordinary non-event activity or an empty ordinary environment under the V2 definition.,user_confirmed_prompt_image_alignment,unreviewed
223_n03-normal-seated-on-chair-stool-03.png,223_n03-normal-seated-on-chair-stool-03.txt,n03-normal-seated-on-chair-stool,0,negative,Prompt group n03-normal-seated-on-chair-stool explicitly describes ordinary non-event activity or an empty ordinary environment under the V2 definition.,user_confirmed_prompt_image_alignment,unreviewed
224_n03-normal-seated-on-chair-stool-04.png,224_n03-normal-seated-on-chair-stool-04.txt,n03-normal-seated-on-chair-stool,0,negative,Prompt group n03-normal-seated-on-chair-stool explicitly describes ordinary non-event activity or an empty ordinary environment under the V2 definition.,user_confirmed_prompt_image_alignment,unreviewed
225_n03-normal-seated-on-chair-stool-05.png,225_n03-normal-seated-on-chair-stool-05.txt,n03-normal-seated-on-chair-stool,0,negative,Prompt group n03-normal-seated-on-chair-stool explicitly describes ordinary non-event activity or an empty ordinary environment under the V2 definition.,user_confirmed_prompt_image_alignment,unreviewed
226_n03-normal-seated-on-chair-stool-06.png,226_n03-normal-seated-on-chair-stool-06.txt,n03-normal-seated-on-chair-stool,0,negative,Prompt group n03-normal-seated-on-chair-stool explicitly describes ordinary non-event activity or an empty ordinary environment under the V2 definition.,user_confirmed_prompt_image_alignment,unreviewed
227_n03-normal-seated-on-chair-stool-07.png,227_n03-normal-seated-on-chair-stool-07.txt,n03-normal-seated-on-chair-stool,0,negative,Prompt group n03-normal-seated-on-chair-stool explicitly describes ordinary non-event activity or an empty ordinary environment under the V2 definition.,user_confirmed_prompt_image_alignment,unreviewed
228_n03-normal-seated-on-chair-stool-08.png,228_n03-normal-seated-on-chair-stool-08.txt,n03-normal-seated-on-chair-stool,0,negative,Prompt group n03-normal-seated-on-chair-stool explicitly describes ordinary non-event activity or an empty ordinary environment under the V2 definition.,user_confirmed_prompt_image_alignment,unreviewed
229_n03-normal-seated-on-chair-stool-09.png,229_n03-normal-seated-on-chair-stool-09.txt,n03-normal-seated-on-chair-stool,0,negative,Prompt group n03-normal-seated-on-chair-stool explicitly describes ordinary non-event activity or an empty ordinary environment under the V2 definition.,user_confirmed_prompt_image_alignment,unreviewed
22_p03-prone-on-floor-02.png,22_p03-prone-on-floor-02.txt,p03-prone-on-floor,1,positive,Prompt group p03-prone-on-floor explicitly requires a real person in a lying/fallen state on ground or abnormal support; V2 accepts voluntary lying and does not require a transition.,user_confirmed_prompt_image_alignment,unreviewed
230_n03-normal-seated-on-chair-stool-10.png,230_n03-normal-seated-on-chair-stool-10.txt,n03-normal-seated-on-chair-stool,0,negative,Prompt group n03-normal-seated-on-chair-stool explicitly describes ordinary non-event activity or an empty ordinary environment under the V2 definition.,user_confirmed_prompt_image_alignment,unreviewed
231_n04-normal-seated-on-chair-stool-01.png,231_n04-normal-seated-on-chair-stool-01.txt,n04-normal-seated-on-chair-stool,0,negative,Prompt group n04-normal-seated-on-chair-stool explicitly describes ordinary non-event activity or an empty ordinary environment under the V2 definition.,user_confirmed_prompt_image_alignment,unreviewed
232_n04-normal-seated-on-chair-stool-02.png,232_n04-normal-seated-on-chair-stool-02.txt,n04-normal-seated-on-chair-stool,0,negative,Prompt group n04-normal-seated-on-chair-stool explicitly describes ordinary non-event activity or an empty ordinary environment under the V2 definition.,user_confirmed_prompt_image_alignment,unreviewed
233_n04-normal-seated-on-chair-stool-03.png,233_n04-normal-seated-on-chair-stool-03.txt,n04-normal-seated-on-chair-stool,0,negative,Prompt group n04-normal-seated-on-chair-stool explicitly describes ordinary non-event activity or an empty ordinary environment under the V2 definition.,user_confirmed_prompt_image_alignment,unreviewed
234_n04-normal-seated-on-chair-stool-04.png,234_n04-normal-seated-on-chair-stool-04.txt,n04-normal-seated-on-chair-stool,0,negative,Prompt group n04-normal-seated-on-chair-stool explicitly describes ordinary non-event activity or an empty ordinary environment under the V2 definition.,user_confirmed_prompt_image_alignment,unreviewed
235_n04-normal-seated-on-chair-stool-05.png,235_n04-normal-seated-on-chair-stool-05.txt,n04-normal-seated-on-chair-stool,0,negative,Prompt group n04-normal-seated-on-chair-stool explicitly describes ordinary non-event activity or an empty ordinary environment under the V2 definition.,user_confirmed_prompt_image_alignment,unreviewed
236_n04-normal-seated-on-chair-stool-06.png,236_n04-normal-seated-on-chair-stool-06.txt,n04-normal-seated-on-chair-stool,0,negative,Prompt group n04-normal-seated-on-chair-stool explicitly describes ordinary non-event activity or an empty ordinary environment under the V2 definition.,user_confirmed_prompt_image_alignment,unreviewed
237_n04-normal-seated-on-chair-stool-07.png,237_n04-normal-seated-on-chair-stool-07.txt,n04-normal-seated-on-chair-stool,0,negative,Prompt group n04-normal-seated-on-chair-stool explicitly describes ordinary non-event activity or an empty ordinary environment under the V2 definition.,user_confirmed_prompt_image_alignment,unreviewed
238_n04-normal-seated-on-chair-stool-08.png,238_n04-normal-seated-on-chair-stool-08.txt,n04-normal-seated-on-chair-stool,0,negative,Prompt group n04-normal-seated-on-chair-stool explicitly describes ordinary non-event activity or an empty ordinary environment under the V2 definition.,user_confirmed_prompt_image_alignment,unreviewed
239_n04-normal-seated-on-chair-stool-09.png,239_n04-normal-seated-on-chair-stool-09.txt,n04-normal-seated-on-chair-stool,0,negative,Prompt group n04-normal-seated-on-chair-stool explicitly describes ordinary non-event activity or an empty ordinary environment under the V2 definition.,user_confirmed_prompt_image_alignment,unreviewed
23_p03-prone-on-floor-03.png,23_p03-prone-on-floor-03.txt,p03-prone-on-floor,1,positive,Prompt group p03-prone-on-floor explicitly requires a real person in a lying/fallen state on ground or abnormal support; V2 accepts voluntary lying and does not require a transition.,user_confirmed_prompt_image_alignment,unreviewed
240_n04-normal-seated-on-chair-stool-10.png,240_n04-normal-seated-on-chair-stool-10.txt,n04-normal-seated-on-chair-stool,0,negative,Prompt group n04-normal-seated-on-chair-stool explicitly describes ordinary non-event activity or an empty ordinary environment under the V2 definition.,user_confirmed_prompt_image_alignment,unreviewed
241_n05-normal-work-activity-01.png,241_n05-normal-work-activity-01.txt,n05-normal-work-activity,0,negative,Prompt group n05-normal-work-activity explicitly describes ordinary non-event activity or an empty ordinary environment under the V2 definition.,user_confirmed_prompt_image_alignment,unreviewed
242_n05-normal-work-activity-02.png,242_n05-normal-work-activity-02.txt,n05-normal-work-activity,0,negative,Prompt group n05-normal-work-activity explicitly describes ordinary non-event activity or an empty ordinary environment under the V2 definition.,user_confirmed_prompt_image_alignment,unreviewed
243_n05-normal-work-activity-03.png,243_n05-normal-work-activity-03.txt,n05-normal-work-activity,0,negative,Prompt group n05-normal-work-activity explicitly describes ordinary non-event activity or an empty ordinary environment under the V2 definition.,user_confirmed_prompt_image_alignment,unreviewed
244_n05-normal-work-activity-04.png,244_n05-normal-work-activity-04.txt,n05-normal-work-activity,0,negative,Prompt group n05-normal-work-activity explicitly describes ordinary non-event activity or an empty ordinary environment under the V2 definition.,user_confirmed_prompt_image_alignment,unreviewed
245_n05-normal-work-activity-05.png,245_n05-normal-work-activity-05.txt,n05-normal-work-activity,0,negative,Prompt group n05-normal-work-activity explicitly describes ordinary non-event activity or an empty ordinary environment under the V2 definition.,user_confirmed_prompt_image_alignment,unreviewed
246_n05-normal-work-activity-06.png,246_n05-normal-work-activity-06.txt,n05-normal-work-activity,0,negative,Prompt group n05-normal-work-activity explicitly describes ordinary non-event activity or an empty ordinary environment under the V2 definition.,user_confirmed_prompt_image_alignment,unreviewed
247_n05-normal-work-activity-07.png,247_n05-normal-work-activity-07.txt,n05-normal-work-activity,0,negative,Prompt group n05-normal-work-activity explicitly describes ordinary non-event activity or an empty ordinary environment under the V2 definition.,user_confirmed_prompt_image_alignment,unreviewed
248_n05-normal-work-activity-08.png,248_n05-normal-work-activity-08.txt,n05-normal-work-activity,0,negative,Prompt group n05-normal-work-activity explicitly describes ordinary non-event activity or an empty ordinary environment under the V2 definition.,user_confirmed_prompt_image_alignment,unreviewed
249_n05-normal-work-activity-09.png,249_n05-normal-work-activity-09.txt,n05-normal-work-activity,0,negative,Prompt group n05-normal-work-activity explicitly describes ordinary non-event activity or an empty ordinary environment under the V2 definition.,user_confirmed_prompt_image_alignment,unreviewed
24_p03-prone-on-floor-04.png,24_p03-prone-on-floor-04.txt,p03-prone-on-floor,1,positive,Prompt group p03-prone-on-floor explicitly requires a real person in a lying/fallen state on ground or abnormal support; V2 accepts voluntary lying and does not require a transition.,user_confirmed_prompt_image_alignment,unreviewed
250_n05-normal-work-activity-10.png,250_n05-normal-work-activity-10.txt,n05-normal-work-activity,0,negative,Prompt group n05-normal-work-activity explicitly describes ordinary non-event activity or an empty ordinary environment under the V2 definition.,user_confirmed_prompt_image_alignment,unreviewed
251_n06-normal-work-activity-01.png,251_n06-normal-work-activity-01.txt,n06-normal-work-activity,0,negative,Prompt group n06-normal-work-activity explicitly describes ordinary non-event activity or an empty ordinary environment under the V2 definition.,user_confirmed_prompt_image_alignment,unreviewed
252_n06-normal-work-activity-02.png,252_n06-normal-work-activity-02.txt,n06-normal-work-activity,0,negative,Prompt group n06-normal-work-activity explicitly describes ordinary non-event activity or an empty ordinary environment under the V2 definition.,user_confirmed_prompt_image_alignment,unreviewed
253_n06-normal-work-activity-03.png,253_n06-normal-work-activity-03.txt,n06-normal-work-activity,0,negative,Prompt group n06-normal-work-activity explicitly describes ordinary non-event activity or an empty ordinary environment under the V2 definition.,user_confirmed_prompt_image_alignment,unreviewed
254_n06-normal-work-activity-04.png,254_n06-normal-work-activity-04.txt,n06-normal-work-activity,0,negative,Prompt group n06-normal-work-activity explicitly describes ordinary non-event activity or an empty ordinary environment under the V2 definition.,user_confirmed_prompt_image_alignment,unreviewed
255_n06-normal-work-activity-05.png,255_n06-normal-work-activity-05.txt,n06-normal-work-activity,0,negative,Prompt group n06-normal-work-activity explicitly describes ordinary non-event activity or an empty ordinary environment under the V2 definition.,user_confirmed_prompt_image_alignment,unreviewed
256_n06-normal-work-activity-06.png,256_n06-normal-work-activity-06.txt,n06-normal-work-activity,0,negative,Prompt group n06-normal-work-activity explicitly describes ordinary non-event activity or an empty ordinary environment under the V2 definition.,user_confirmed_prompt_image_alignment,unreviewed
257_n06-normal-work-activity-07.png,257_n06-normal-work-activity-07.txt,n06-normal-work-activity,0,negative,Prompt group n06-normal-work-activity explicitly describes ordinary non-event activity or an empty ordinary environment under the V2 definition.,user_confirmed_prompt_image_alignment,unreviewed
258_n06-normal-work-activity-08.png,258_n06-normal-work-activity-08.txt,n06-normal-work-activity,0,negative,Prompt group n06-normal-work-activity explicitly describes ordinary non-event activity or an empty ordinary environment under the V2 definition.,user_confirmed_prompt_image_alignment,unreviewed
259_n06-normal-work-activity-09.png,259_n06-normal-work-activity-09.txt,n06-normal-work-activity,0,negative,Prompt group n06-normal-work-activity explicitly describes ordinary non-event activity or an empty ordinary environment under the V2 definition.,user_confirmed_prompt_image_alignment,unreviewed
25_p03-prone-on-floor-05.png,25_p03-prone-on-floor-05.txt,p03-prone-on-floor,1,positive,Prompt group p03-prone-on-floor explicitly requires a real person in a lying/fallen state on ground or abnormal support; V2 accepts voluntary lying and does not require a transition.,user_confirmed_prompt_image_alignment,unreviewed
260_n06-normal-work-activity-10.png,260_n06-normal-work-activity-10.txt,n06-normal-work-activity,0,negative,Prompt group n06-normal-work-activity explicitly describes ordinary non-event activity or an empty ordinary environment under the V2 definition.,user_confirmed_prompt_image_alignment,unreviewed
261_n07-mild-bending-01.png,261_n07-mild-bending-01.txt,n07-mild-bending,0,negative,Prompt group n07-mild-bending explicitly describes ordinary non-event activity or an empty ordinary environment under the V2 definition.,user_confirmed_prompt_image_alignment,unreviewed
262_n07-mild-bending-02.png,262_n07-mild-bending-02.txt,n07-mild-bending,0,negative,Prompt group n07-mild-bending explicitly describes ordinary non-event activity or an empty ordinary environment under the V2 definition.,user_confirmed_prompt_image_alignment,unreviewed
263_n07-mild-bending-03.png,263_n07-mild-bending-03.txt,n07-mild-bending,0,negative,Prompt group n07-mild-bending explicitly describes ordinary non-event activity or an empty ordinary environment under the V2 definition.,user_confirmed_prompt_image_alignment,unreviewed
264_n07-mild-bending-04.png,264_n07-mild-bending-04.txt,n07-mild-bending,0,negative,Prompt group n07-mild-bending explicitly describes ordinary non-event activity or an empty ordinary environment under the V2 definition.,user_confirmed_prompt_image_alignment,unreviewed
265_n07-mild-bending-05.png,265_n07-mild-bending-05.txt,n07-mild-bending,0,negative,Prompt group n07-mild-bending explicitly describes ordinary non-event activity or an empty ordinary environment under the V2 definition.,user_confirmed_prompt_image_alignment,unreviewed
266_n07-mild-bending-06.png,266_n07-mild-bending-06.txt,n07-mild-bending,0,negative,Prompt group n07-mild-bending explicitly describes ordinary non-event activity or an empty ordinary environment under the V2 definition.,user_confirmed_prompt_image_alignment,unreviewed
267_n07-mild-bending-07.png,267_n07-mild-bending-07.txt,n07-mild-bending,0,negative,Prompt group n07-mild-bending explicitly describes ordinary non-event activity or an empty ordinary environment under the V2 definition.,user_confirmed_prompt_image_alignment,unreviewed
268_n07-mild-bending-08.png,268_n07-mild-bending-08.txt,n07-mild-bending,0,negative,Prompt group n07-mild-bending explicitly describes ordinary non-event activity or an empty ordinary environment under the V2 definition.,user_confirmed_prompt_image_alignment,unreviewed
269_n07-mild-bending-09.png,269_n07-mild-bending-09.txt,n07-mild-bending,0,negative,Prompt group n07-mild-bending explicitly describes ordinary non-event activity or an empty ordinary environment under the V2 definition.,user_confirmed_prompt_image_alignment,unreviewed
26_p03-prone-on-floor-06.png,26_p03-prone-on-floor-06.txt,p03-prone-on-floor,1,positive,Prompt group p03-prone-on-floor explicitly requires a real person in a lying/fallen state on ground or abnormal support; V2 accepts voluntary lying and does not require a transition.,user_confirmed_prompt_image_alignment,unreviewed
270_n07-mild-bending-10.png,270_n07-mild-bending-10.txt,n07-mild-bending,0,negative,Prompt group n07-mild-bending explicitly describes ordinary non-event activity or an empty ordinary environment under the V2 definition.,user_confirmed_prompt_image_alignment,unreviewed
271_n08-multi-person-normal-activity-01.png,271_n08-multi-person-normal-activity-01.txt,n08-multi-person-normal-activity,0,negative,Prompt group n08-multi-person-normal-activity explicitly describes ordinary non-event activity or an empty ordinary environment under the V2 definition.,user_confirmed_prompt_image_alignment,unreviewed
272_n08-multi-person-normal-activity-02.png,272_n08-multi-person-normal-activity-02.txt,n08-multi-person-normal-activity,0,negative,Prompt group n08-multi-person-normal-activity explicitly describes ordinary non-event activity or an empty ordinary environment under the V2 definition.,user_confirmed_prompt_image_alignment,unreviewed
273_n08-multi-person-normal-activity-03.png,273_n08-multi-person-normal-activity-03.txt,n08-multi-person-normal-activity,0,negative,Prompt group n08-multi-person-normal-activity explicitly describes ordinary non-event activity or an empty ordinary environment under the V2 definition.,user_confirmed_prompt_image_alignment,unreviewed
274_n08-multi-person-normal-activity-04.png,274_n08-multi-person-normal-activity-04.txt,n08-multi-person-normal-activity,0,negative,Prompt group n08-multi-person-normal-activity explicitly describes ordinary non-event activity or an empty ordinary environment under the V2 definition.,user_confirmed_prompt_image_alignment,unreviewed
275_n08-multi-person-normal-activity-05.png,275_n08-multi-person-normal-activity-05.txt,n08-multi-person-normal-activity,0,negative,Prompt group n08-multi-person-normal-activity explicitly describes ordinary non-event activity or an empty ordinary environment under the V2 definition.,user_confirmed_prompt_image_alignment,unreviewed
276_n08-multi-person-normal-activity-06.png,276_n08-multi-person-normal-activity-06.txt,n08-multi-person-normal-activity,0,negative,Prompt group n08-multi-person-normal-activity explicitly describes ordinary non-event activity or an empty ordinary environment under the V2 definition.,user_confirmed_prompt_image_alignment,unreviewed
277_n08-multi-person-normal-activity-07.png,277_n08-multi-person-normal-activity-07.txt,n08-multi-person-normal-activity,0,negative,Prompt group n08-multi-person-normal-activity explicitly describes ordinary non-event activity or an empty ordinary environment under the V2 definition.,user_confirmed_prompt_image_alignment,unreviewed
278_n08-multi-person-normal-activity-08.png,278_n08-multi-person-normal-activity-08.txt,n08-multi-person-normal-activity,0,negative,Prompt group n08-multi-person-normal-activity explicitly describes ordinary non-event activity or an empty ordinary environment under the V2 definition.,user_confirmed_prompt_image_alignment,unreviewed
279_n08-multi-person-normal-activity-09.png,279_n08-multi-person-normal-activity-09.txt,n08-multi-person-normal-activity,0,negative,Prompt group n08-multi-person-normal-activity explicitly describes ordinary non-event activity or an empty ordinary environment under the V2 definition.,user_confirmed_prompt_image_alignment,unreviewed
27_p03-prone-on-floor-07.png,27_p03-prone-on-floor-07.txt,p03-prone-on-floor,1,positive,Prompt group p03-prone-on-floor explicitly requires a real person in a lying/fallen state on ground or abnormal support; V2 accepts voluntary lying and does not require a transition.,user_confirmed_prompt_image_alignment,unreviewed
280_n08-multi-person-normal-activity-10.png,280_n08-multi-person-normal-activity-10.txt,n08-multi-person-normal-activity,0,negative,Prompt group n08-multi-person-normal-activity explicitly describes ordinary non-event activity or an empty ordinary environment under the V2 definition.,user_confirmed_prompt_image_alignment,unreviewed
281_n09-empty-ordinary-environment-01.png,281_n09-empty-ordinary-environment-01.txt,n09-empty-ordinary-environment,0,negative,Prompt group n09-empty-ordinary-environment explicitly describes ordinary non-event activity or an empty ordinary environment under the V2 definition.,user_confirmed_prompt_image_alignment,unreviewed
282_n09-empty-ordinary-environment-02.png,282_n09-empty-ordinary-environment-02.txt,n09-empty-ordinary-environment,0,negative,Prompt group n09-empty-ordinary-environment explicitly describes ordinary non-event activity or an empty ordinary environment under the V2 definition.,user_confirmed_prompt_image_alignment,unreviewed
283_n09-empty-ordinary-environment-03.png,283_n09-empty-ordinary-environment-03.txt,n09-empty-ordinary-environment,0,negative,Prompt group n09-empty-ordinary-environment explicitly describes ordinary non-event activity or an empty ordinary environment under the V2 definition.,user_confirmed_prompt_image_alignment,unreviewed
284_n09-empty-ordinary-environment-04.png,284_n09-empty-ordinary-environment-04.txt,n09-empty-ordinary-environment,0,negative,Prompt group n09-empty-ordinary-environment explicitly describes ordinary non-event activity or an empty ordinary environment under the V2 definition.,user_confirmed_prompt_image_alignment,unreviewed
285_n09-empty-ordinary-environment-05.png,285_n09-empty-ordinary-environment-05.txt,n09-empty-ordinary-environment,0,negative,Prompt group n09-empty-ordinary-environment explicitly describes ordinary non-event activity or an empty ordinary environment under the V2 definition.,user_confirmed_prompt_image_alignment,unreviewed
286_n09-empty-ordinary-environment-06.png,286_n09-empty-ordinary-environment-06.txt,n09-empty-ordinary-environment,0,negative,Prompt group n09-empty-ordinary-environment explicitly describes ordinary non-event activity or an empty ordinary environment under the V2 definition.,user_confirmed_prompt_image_alignment,unreviewed
287_n09-empty-ordinary-environment-07.png,287_n09-empty-ordinary-environment-07.txt,n09-empty-ordinary-environment,0,negative,Prompt group n09-empty-ordinary-environment explicitly describes ordinary non-event activity or an empty ordinary environment under the V2 definition.,user_confirmed_prompt_image_alignment,unreviewed
288_n09-empty-ordinary-environment-08.png,288_n09-empty-ordinary-environment-08.txt,n09-empty-ordinary-environment,0,negative,Prompt group n09-empty-ordinary-environment explicitly describes ordinary non-event activity or an empty ordinary environment under the V2 definition.,user_confirmed_prompt_image_alignment,unreviewed
289_n09-empty-ordinary-environment-09.png,289_n09-empty-ordinary-environment-09.txt,n09-empty-ordinary-environment,0,negative,Prompt group n09-empty-ordinary-environment explicitly describes ordinary non-event activity or an empty ordinary environment under the V2 definition.,user_confirmed_prompt_image_alignment,unreviewed
28_p03-prone-on-floor-08.png,28_p03-prone-on-floor-08.txt,p03-prone-on-floor,1,positive,Prompt group p03-prone-on-floor explicitly requires a real person in a lying/fallen state on ground or abnormal support; V2 accepts voluntary lying and does not require a transition.,user_confirmed_prompt_image_alignment,unreviewed
290_n09-empty-ordinary-environment-10.png,290_n09-empty-ordinary-environment-10.txt,n09-empty-ordinary-environment,0,negative,Prompt group n09-empty-ordinary-environment explicitly describes ordinary non-event activity or an empty ordinary environment under the V2 definition.,user_confirmed_prompt_image_alignment,unreviewed
291_n10-empty-ordinary-environment-01.png,291_n10-empty-ordinary-environment-01.txt,n10-empty-ordinary-environment,0,negative,Prompt group n10-empty-ordinary-environment explicitly describes ordinary non-event activity or an empty ordinary environment under the V2 definition.,user_confirmed_prompt_image_alignment,unreviewed
292_n10-empty-ordinary-environment-02.png,292_n10-empty-ordinary-environment-02.txt,n10-empty-ordinary-environment,0,negative,Prompt group n10-empty-ordinary-environment explicitly describes ordinary non-event activity or an empty ordinary environment under the V2 definition.,user_confirmed_prompt_image_alignment,unreviewed
293_n10-empty-ordinary-environment-03.png,293_n10-empty-ordinary-environment-03.txt,n10-empty-ordinary-environment,0,negative,Prompt group n10-empty-ordinary-environment explicitly describes ordinary non-event activity or an empty ordinary environment under the V2 definition.,user_confirmed_prompt_image_alignment,unreviewed
294_n10-empty-ordinary-environment-04.png,294_n10-empty-ordinary-environment-04.txt,n10-empty-ordinary-environment,0,negative,Prompt group n10-empty-ordinary-environment explicitly describes ordinary non-event activity or an empty ordinary environment under the V2 definition.,user_confirmed_prompt_image_alignment,unreviewed
295_n10-empty-ordinary-environment-05.png,295_n10-empty-ordinary-environment-05.txt,n10-empty-ordinary-environment,0,negative,Prompt group n10-empty-ordinary-environment explicitly describes ordinary non-event activity or an empty ordinary environment under the V2 definition.,user_confirmed_prompt_image_alignment,unreviewed
296_n10-empty-ordinary-environment-06.png,296_n10-empty-ordinary-environment-06.txt,n10-empty-ordinary-environment,0,negative,Prompt group n10-empty-ordinary-environment explicitly describes ordinary non-event activity or an empty ordinary environment under the V2 definition.,user_confirmed_prompt_image_alignment,unreviewed
297_n10-empty-ordinary-environment-07.png,297_n10-empty-ordinary-environment-07.txt,n10-empty-ordinary-environment,0,negative,Prompt group n10-empty-ordinary-environment explicitly describes ordinary non-event activity or an empty ordinary environment under the V2 definition.,user_confirmed_prompt_image_alignment,unreviewed
298_n10-empty-ordinary-environment-08.png,298_n10-empty-ordinary-environment-08.txt,n10-empty-ordinary-environment,0,negative,Prompt group n10-empty-ordinary-environment explicitly describes ordinary non-event activity or an empty ordinary environment under the V2 definition.,user_confirmed_prompt_image_alignment,unreviewed
299_n10-empty-ordinary-environment-09.png,299_n10-empty-ordinary-environment-09.txt,n10-empty-ordinary-environment,0,negative,Prompt group n10-empty-ordinary-environment explicitly describes ordinary non-event activity or an empty ordinary environment under the V2 definition.,user_confirmed_prompt_image_alignment,unreviewed
29_p03-prone-on-floor-09.png,29_p03-prone-on-floor-09.txt,p03-prone-on-floor,1,positive,Prompt group p03-prone-on-floor explicitly requires a real person in a lying/fallen state on ground or abnormal support; V2 accepts voluntary lying and does not require a transition.,user_confirmed_prompt_image_alignment,unreviewed
300_n10-empty-ordinary-environment-10.png,300_n10-empty-ordinary-environment-10.txt,n10-empty-ordinary-environment,0,negative,Prompt group n10-empty-ordinary-environment explicitly describes ordinary non-event activity or an empty ordinary environment under the V2 definition.,user_confirmed_prompt_image_alignment,unreviewed
301_h01-sitting-on-floor-01.png,301_h01-sitting-on-floor-01.txt,h01-sitting-on-floor,0,hard_negative,"Prompt group h01-sitting-on-floor explicitly designs a V2 visual confound (not a clear ground-lying event), so event_label remains 0 and role is hard_negative.",user_confirmed_prompt_image_alignment,unreviewed
302_h01-sitting-on-floor-02.png,302_h01-sitting-on-floor-02.txt,h01-sitting-on-floor,0,hard_negative,"Prompt group h01-sitting-on-floor explicitly designs a V2 visual confound (not a clear ground-lying event), so event_label remains 0 and role is hard_negative.",user_confirmed_prompt_image_alignment,unreviewed
303_h01-sitting-on-floor-03.png,303_h01-sitting-on-floor-03.txt,h01-sitting-on-floor,0,hard_negative,"Prompt group h01-sitting-on-floor explicitly designs a V2 visual confound (not a clear ground-lying event), so event_label remains 0 and role is hard_negative.",user_confirmed_prompt_image_alignment,unreviewed
304_h01-sitting-on-floor-04.png,304_h01-sitting-on-floor-04.txt,h01-sitting-on-floor,0,hard_negative,"Prompt group h01-sitting-on-floor explicitly designs a V2 visual confound (not a clear ground-lying event), so event_label remains 0 and role is hard_negative.",user_confirmed_prompt_image_alignment,unreviewed
305_h01-sitting-on-floor-05.png,305_h01-sitting-on-floor-05.txt,h01-sitting-on-floor,0,hard_negative,"Prompt group h01-sitting-on-floor explicitly designs a V2 visual confound (not a clear ground-lying event), so event_label remains 0 and role is hard_negative.",user_confirmed_prompt_image_alignment,unreviewed
306_h01-sitting-on-floor-06.png,306_h01-sitting-on-floor-06.txt,h01-sitting-on-floor,0,hard_negative,"Prompt group h01-sitting-on-floor explicitly designs a V2 visual confound (not a clear ground-lying event), so event_label remains 0 and role is hard_negative.",user_confirmed_prompt_image_alignment,unreviewed
307_h01-sitting-on-floor-07.png,307_h01-sitting-on-floor-07.txt,h01-sitting-on-floor,0,hard_negative,"Prompt group h01-sitting-on-floor explicitly designs a V2 visual confound (not a clear ground-lying event), so event_label remains 0 and role is hard_negative.",user_confirmed_prompt_image_alignment,unreviewed
308_h01-sitting-on-floor-08.png,308_h01-sitting-on-floor-08.txt,h01-sitting-on-floor,0,hard_negative,"Prompt group h01-sitting-on-floor explicitly designs a V2 visual confound (not a clear ground-lying event), so event_label remains 0 and role is hard_negative.",user_confirmed_prompt_image_alignment,unreviewed
309_h01-sitting-on-floor-09.png,309_h01-sitting-on-floor-09.txt,h01-sitting-on-floor,0,hard_negative,"Prompt group h01-sitting-on-floor explicitly designs a V2 visual confound (not a clear ground-lying event), so event_label remains 0 and role is hard_negative.",user_confirmed_prompt_image_alignment,unreviewed
30_p03-prone-on-floor-10.png,30_p03-prone-on-floor-10.txt,p03-prone-on-floor,1,positive,Prompt group p03-prone-on-floor explicitly requires a real person in a lying/fallen state on ground or abnormal support; V2 accepts voluntary lying and does not require a transition.,user_confirmed_prompt_image_alignment,unreviewed
310_h01-sitting-on-floor-10.png,310_h01-sitting-on-floor-10.txt,h01-sitting-on-floor,0,hard_negative,"Prompt group h01-sitting-on-floor explicitly designs a V2 visual confound (not a clear ground-lying event), so event_label remains 0 and role is hard_negative.",user_confirmed_prompt_image_alignment,unreviewed
311_h02-sitting-on-floor-01.png,311_h02-sitting-on-floor-01.txt,h02-sitting-on-floor,0,hard_negative,"Prompt group h02-sitting-on-floor explicitly designs a V2 visual confound (not a clear ground-lying event), so event_label remains 0 and role is hard_negative.",user_confirmed_prompt_image_alignment,unreviewed
312_h02-sitting-on-floor-02.png,312_h02-sitting-on-floor-02.txt,h02-sitting-on-floor,0,hard_negative,"Prompt group h02-sitting-on-floor explicitly designs a V2 visual confound (not a clear ground-lying event), so event_label remains 0 and role is hard_negative.",user_confirmed_prompt_image_alignment,unreviewed
313_h02-sitting-on-floor-03.png,313_h02-sitting-on-floor-03.txt,h02-sitting-on-floor,0,hard_negative,"Prompt group h02-sitting-on-floor explicitly designs a V2 visual confound (not a clear ground-lying event), so event_label remains 0 and role is hard_negative.",user_confirmed_prompt_image_alignment,unreviewed
314_h02-sitting-on-floor-04.png,314_h02-sitting-on-floor-04.txt,h02-sitting-on-floor,0,hard_negative,"Prompt group h02-sitting-on-floor explicitly designs a V2 visual confound (not a clear ground-lying event), so event_label remains 0 and role is hard_negative.",user_confirmed_prompt_image_alignment,unreviewed
315_h02-sitting-on-floor-05.png,315_h02-sitting-on-floor-05.txt,h02-sitting-on-floor,0,hard_negative,"Prompt group h02-sitting-on-floor explicitly designs a V2 visual confound (not a clear ground-lying event), so event_label remains 0 and role is hard_negative.",user_confirmed_prompt_image_alignment,unreviewed
316_h02-sitting-on-floor-06.png,316_h02-sitting-on-floor-06.txt,h02-sitting-on-floor,0,hard_negative,"Prompt group h02-sitting-on-floor explicitly designs a V2 visual confound (not a clear ground-lying event), so event_label remains 0 and role is hard_negative.",user_confirmed_prompt_image_alignment,unreviewed
317_h02-sitting-on-floor-07.png,317_h02-sitting-on-floor-07.txt,h02-sitting-on-floor,0,hard_negative,"Prompt group h02-sitting-on-floor explicitly designs a V2 visual confound (not a clear ground-lying event), so event_label remains 0 and role is hard_negative.",user_confirmed_prompt_image_alignment,unreviewed
318_h02-sitting-on-floor-08.png,318_h02-sitting-on-floor-08.txt,h02-sitting-on-floor,0,hard_negative,"Prompt group h02-sitting-on-floor explicitly designs a V2 visual confound (not a clear ground-lying event), so event_label remains 0 and role is hard_negative.",user_confirmed_prompt_image_alignment,unreviewed
319_h02-sitting-on-floor-09.png,319_h02-sitting-on-floor-09.txt,h02-sitting-on-floor,0,hard_negative,"Prompt group h02-sitting-on-floor explicitly designs a V2 visual confound (not a clear ground-lying event), so event_label remains 0 and role is hard_negative.",user_confirmed_prompt_image_alignment,unreviewed
31_p04-prone-on-floor-01.png,31_p04-prone-on-floor-01.txt,p04-prone-on-floor,1,positive,Prompt group p04-prone-on-floor explicitly requires a real person in a lying/fallen state on ground or abnormal support; V2 accepts voluntary lying and does not require a transition.,user_confirmed_prompt_image_alignment,unreviewed
320_h02-sitting-on-floor-10.png,320_h02-sitting-on-floor-10.txt,h02-sitting-on-floor,0,hard_negative,"Prompt group h02-sitting-on-floor explicitly designs a V2 visual confound (not a clear ground-lying event), so event_label remains 0 and role is hard_negative.",user_confirmed_prompt_image_alignment,unreviewed
321_h03-kneeling-01.png,321_h03-kneeling-01.txt,h03-kneeling,0,hard_negative,"Prompt group h03-kneeling explicitly designs a V2 visual confound (not a clear ground-lying event), so event_label remains 0 and role is hard_negative.",user_confirmed_prompt_image_alignment,unreviewed
322_h03-kneeling-02.png,322_h03-kneeling-02.txt,h03-kneeling,0,hard_negative,"Prompt group h03-kneeling explicitly designs a V2 visual confound (not a clear ground-lying event), so event_label remains 0 and role is hard_negative.",user_confirmed_prompt_image_alignment,unreviewed
323_h03-kneeling-03.png,323_h03-kneeling-03.txt,h03-kneeling,0,hard_negative,"Prompt group h03-kneeling explicitly designs a V2 visual confound (not a clear ground-lying event), so event_label remains 0 and role is hard_negative.",user_confirmed_prompt_image_alignment,unreviewed
324_h03-kneeling-04.png,324_h03-kneeling-04.txt,h03-kneeling,0,hard_negative,"Prompt group h03-kneeling explicitly designs a V2 visual confound (not a clear ground-lying event), so event_label remains 0 and role is hard_negative.",user_confirmed_prompt_image_alignment,unreviewed
325_h03-kneeling-05.png,325_h03-kneeling-05.txt,h03-kneeling,0,hard_negative,"Prompt group h03-kneeling explicitly designs a V2 visual confound (not a clear ground-lying event), so event_label remains 0 and role is hard_negative.",user_confirmed_prompt_image_alignment,unreviewed
326_h03-kneeling-06.png,326_h03-kneeling-06.txt,h03-kneeling,0,hard_negative,"Prompt group h03-kneeling explicitly designs a V2 visual confound (not a clear ground-lying event), so event_label remains 0 and role is hard_negative.",user_confirmed_prompt_image_alignment,unreviewed
327_h03-kneeling-07.png,327_h03-kneeling-07.txt,h03-kneeling,0,hard_negative,"Prompt group h03-kneeling explicitly designs a V2 visual confound (not a clear ground-lying event), so event_label remains 0 and role is hard_negative.",user_confirmed_prompt_image_alignment,unreviewed
328_h03-kneeling-08.png,328_h03-kneeling-08.txt,h03-kneeling,0,hard_negative,"Prompt group h03-kneeling explicitly designs a V2 visual confound (not a clear ground-lying event), so event_label remains 0 and role is hard_negative.",user_confirmed_prompt_image_alignment,unreviewed
329_h03-kneeling-09.png,329_h03-kneeling-09.txt,h03-kneeling,0,hard_negative,"Prompt group h03-kneeling explicitly designs a V2 visual confound (not a clear ground-lying event), so event_label remains 0 and role is hard_negative.",user_confirmed_prompt_image_alignment,unreviewed
32_p04-prone-on-floor-02.png,32_p04-prone-on-floor-02.txt,p04-prone-on-floor,1,positive,Prompt group p04-prone-on-floor explicitly requires a real person in a lying/fallen state on ground or abnormal support; V2 accepts voluntary lying and does not require a transition.,user_confirmed_prompt_image_alignment,unreviewed
330_h03-kneeling-10.png,330_h03-kneeling-10.txt,h03-kneeling,0,hard_negative,"Prompt group h03-kneeling explicitly designs a V2 visual confound (not a clear ground-lying event), so event_label remains 0 and role is hard_negative.",user_confirmed_prompt_image_alignment,unreviewed
331_h04-kneeling-01.png,331_h04-kneeling-01.txt,h04-kneeling,0,hard_negative,"Prompt group h04-kneeling explicitly designs a V2 visual confound (not a clear ground-lying event), so event_label remains 0 and role is hard_negative.",user_confirmed_prompt_image_alignment,unreviewed
332_h04-kneeling-02.png,332_h04-kneeling-02.txt,h04-kneeling,0,hard_negative,"Prompt group h04-kneeling explicitly designs a V2 visual confound (not a clear ground-lying event), so event_label remains 0 and role is hard_negative.",user_confirmed_prompt_image_alignment,unreviewed
333_h04-kneeling-03.png,333_h04-kneeling-03.txt,h04-kneeling,0,hard_negative,"Prompt group h04-kneeling explicitly designs a V2 visual confound (not a clear ground-lying event), so event_label remains 0 and role is hard_negative.",user_confirmed_prompt_image_alignment,unreviewed
334_h04-kneeling-04.png,334_h04-kneeling-04.txt,h04-kneeling,0,hard_negative,"Prompt group h04-kneeling explicitly designs a V2 visual confound (not a clear ground-lying event), so event_label remains 0 and role is hard_negative.",user_confirmed_prompt_image_alignment,unreviewed
335_h04-kneeling-05.png,335_h04-kneeling-05.txt,h04-kneeling,0,hard_negative,"Prompt group h04-kneeling explicitly designs a V2 visual confound (not a clear ground-lying event), so event_label remains 0 and role is hard_negative.",user_confirmed_prompt_image_alignment,unreviewed
336_h04-kneeling-06.png,336_h04-kneeling-06.txt,h04-kneeling,0,hard_negative,"Prompt group h04-kneeling explicitly designs a V2 visual confound (not a clear ground-lying event), so event_label remains 0 and role is hard_negative.",user_confirmed_prompt_image_alignment,unreviewed
337_h04-kneeling-07.png,337_h04-kneeling-07.txt,h04-kneeling,0,hard_negative,"Prompt group h04-kneeling explicitly designs a V2 visual confound (not a clear ground-lying event), so event_label remains 0 and role is hard_negative.",user_confirmed_prompt_image_alignment,unreviewed
338_h04-kneeling-08.png,338_h04-kneeling-08.txt,h04-kneeling,0,hard_negative,"Prompt group h04-kneeling explicitly designs a V2 visual confound (not a clear ground-lying event), so event_label remains 0 and role is hard_negative.",user_confirmed_prompt_image_alignment,unreviewed
339_h04-kneeling-09.png,339_h04-kneeling-09.txt,h04-kneeling,0,hard_negative,"Prompt group h04-kneeling explicitly designs a V2 visual confound (not a clear ground-lying event), so event_label remains 0 and role is hard_negative.",user_confirmed_prompt_image_alignment,unreviewed
33_p04-prone-on-floor-03.png,33_p04-prone-on-floor-03.txt,p04-prone-on-floor,1,positive,Prompt group p04-prone-on-floor explicitly requires a real person in a lying/fallen state on ground or abnormal support; V2 accepts voluntary lying and does not require a transition.,user_confirmed_prompt_image_alignment,unreviewed
340_h04-kneeling-10.png,340_h04-kneeling-10.txt,h04-kneeling,0,hard_negative,"Prompt group h04-kneeling explicitly designs a V2 visual confound (not a clear ground-lying event), so event_label remains 0 and role is hard_negative.",user_confirmed_prompt_image_alignment,unreviewed
341_h05-squatting-01.png,341_h05-squatting-01.txt,h05-squatting,0,hard_negative,"Prompt group h05-squatting explicitly designs a V2 visual confound (not a clear ground-lying event), so event_label remains 0 and role is hard_negative.",user_confirmed_prompt_image_alignment,unreviewed
342_h05-squatting-02.png,342_h05-squatting-02.txt,h05-squatting,0,hard_negative,"Prompt group h05-squatting explicitly designs a V2 visual confound (not a clear ground-lying event), so event_label remains 0 and role is hard_negative.",user_confirmed_prompt_image_alignment,unreviewed
343_h05-squatting-03.png,343_h05-squatting-03.txt,h05-squatting,0,hard_negative,"Prompt group h05-squatting explicitly designs a V2 visual confound (not a clear ground-lying event), so event_label remains 0 and role is hard_negative.",user_confirmed_prompt_image_alignment,unreviewed
344_h05-squatting-04.png,344_h05-squatting-04.txt,h05-squatting,0,hard_negative,"Prompt group h05-squatting explicitly designs a V2 visual confound (not a clear ground-lying event), so event_label remains 0 and role is hard_negative.",user_confirmed_prompt_image_alignment,unreviewed
345_h05-squatting-05.png,345_h05-squatting-05.txt,h05-squatting,0,hard_negative,"Prompt group h05-squatting explicitly designs a V2 visual confound (not a clear ground-lying event), so event_label remains 0 and role is hard_negative.",user_confirmed_prompt_image_alignment,unreviewed
346_h05-squatting-06.png,346_h05-squatting-06.txt,h05-squatting,0,hard_negative,"Prompt group h05-squatting explicitly designs a V2 visual confound (not a clear ground-lying event), so event_label remains 0 and role is hard_negative.",user_confirmed_prompt_image_alignment,unreviewed
347_h05-squatting-07.png,347_h05-squatting-07.txt,h05-squatting,0,hard_negative,"Prompt group h05-squatting explicitly designs a V2 visual confound (not a clear ground-lying event), so event_label remains 0 and role is hard_negative.",user_confirmed_prompt_image_alignment,unreviewed
348_h05-squatting-08.png,348_h05-squatting-08.txt,h05-squatting,0,hard_negative,"Prompt group h05-squatting explicitly designs a V2 visual confound (not a clear ground-lying event), so event_label remains 0 and role is hard_negative.",user_confirmed_prompt_image_alignment,unreviewed
349_h05-squatting-09.png,349_h05-squatting-09.txt,h05-squatting,0,hard_negative,"Prompt group h05-squatting explicitly designs a V2 visual confound (not a clear ground-lying event), so event_label remains 0 and role is hard_negative.",user_confirmed_prompt_image_alignment,unreviewed
34_p04-prone-on-floor-04.png,34_p04-prone-on-floor-04.txt,p04-prone-on-floor,1,positive,Prompt group p04-prone-on-floor explicitly requires a real person in a lying/fallen state on ground or abnormal support; V2 accepts voluntary lying and does not require a transition.,user_confirmed_prompt_image_alignment,unreviewed
350_h05-squatting-10.png,350_h05-squatting-10.txt,h05-squatting,0,hard_negative,"Prompt group h05-squatting explicitly designs a V2 visual confound (not a clear ground-lying event), so event_label remains 0 and role is hard_negative.",user_confirmed_prompt_image_alignment,unreviewed
351_h06-squatting-01.png,351_h06-squatting-01.txt,h06-squatting,0,hard_negative,"Prompt group h06-squatting explicitly designs a V2 visual confound (not a clear ground-lying event), so event_label remains 0 and role is hard_negative.",user_confirmed_prompt_image_alignment,unreviewed
352_h06-squatting-02.png,352_h06-squatting-02.txt,h06-squatting,0,hard_negative,"Prompt group h06-squatting explicitly designs a V2 visual confound (not a clear ground-lying event), so event_label remains 0 and role is hard_negative.",user_confirmed_prompt_image_alignment,unreviewed
353_h06-squatting-03.png,353_h06-squatting-03.txt,h06-squatting,0,hard_negative,"Prompt group h06-squatting explicitly designs a V2 visual confound (not a clear ground-lying event), so event_label remains 0 and role is hard_negative.",user_confirmed_prompt_image_alignment,unreviewed
354_h06-squatting-04.png,354_h06-squatting-04.txt,h06-squatting,0,hard_negative,"Prompt group h06-squatting explicitly designs a V2 visual confound (not a clear ground-lying event), so event_label remains 0 and role is hard_negative.",user_confirmed_prompt_image_alignment,unreviewed
355_h06-squatting-05.png,355_h06-squatting-05.txt,h06-squatting,0,hard_negative,"Prompt group h06-squatting explicitly designs a V2 visual confound (not a clear ground-lying event), so event_label remains 0 and role is hard_negative.",user_confirmed_prompt_image_alignment,unreviewed
356_h06-squatting-06.png,356_h06-squatting-06.txt,h06-squatting,0,hard_negative,"Prompt group h06-squatting explicitly designs a V2 visual confound (not a clear ground-lying event), so event_label remains 0 and role is hard_negative.",user_confirmed_prompt_image_alignment,unreviewed
357_h06-squatting-07.png,357_h06-squatting-07.txt,h06-squatting,0,hard_negative,"Prompt group h06-squatting explicitly designs a V2 visual confound (not a clear ground-lying event), so event_label remains 0 and role is hard_negative.",user_confirmed_prompt_image_alignment,unreviewed
358_h06-squatting-08.png,358_h06-squatting-08.txt,h06-squatting,0,hard_negative,"Prompt group h06-squatting explicitly designs a V2 visual confound (not a clear ground-lying event), so event_label remains 0 and role is hard_negative.",user_confirmed_prompt_image_alignment,unreviewed
359_h06-squatting-09.png,359_h06-squatting-09.txt,h06-squatting,0,hard_negative,"Prompt group h06-squatting explicitly designs a V2 visual confound (not a clear ground-lying event), so event_label remains 0 and role is hard_negative.",user_confirmed_prompt_image_alignment,unreviewed
35_p04-prone-on-floor-05.png,35_p04-prone-on-floor-05.txt,p04-prone-on-floor,1,positive,Prompt group p04-prone-on-floor explicitly requires a real person in a lying/fallen state on ground or abnormal support; V2 accepts voluntary lying and does not require a transition.,user_confirmed_prompt_image_alignment,unreviewed
360_h06-squatting-10.png,360_h06-squatting-10.txt,h06-squatting,0,hard_negative,"Prompt group h06-squatting explicitly designs a V2 visual confound (not a clear ground-lying event), so event_label remains 0 and role is hard_negative.",user_confirmed_prompt_image_alignment,unreviewed
361_h07-deep-bending-picking-up-items-01.png,361_h07-deep-bending-picking-up-items-01.txt,h07-deep-bending-picking-up-items,0,hard_negative,"Prompt group h07-deep-bending-picking-up-items explicitly designs a V2 visual confound (not a clear ground-lying event), so event_label remains 0 and role is hard_negative.",user_confirmed_prompt_image_alignment,unreviewed
362_h07-deep-bending-picking-up-items-02.png,362_h07-deep-bending-picking-up-items-02.txt,h07-deep-bending-picking-up-items,0,hard_negative,"Prompt group h07-deep-bending-picking-up-items explicitly designs a V2 visual confound (not a clear ground-lying event), so event_label remains 0 and role is hard_negative.",user_confirmed_prompt_image_alignment,unreviewed
363_h07-deep-bending-picking-up-items-03.png,363_h07-deep-bending-picking-up-items-03.txt,h07-deep-bending-picking-up-items,0,hard_negative,"Prompt group h07-deep-bending-picking-up-items explicitly designs a V2 visual confound (not a clear ground-lying event), so event_label remains 0 and role is hard_negative.",user_confirmed_prompt_image_alignment,unreviewed
364_h07-deep-bending-picking-up-items-04.png,364_h07-deep-bending-picking-up-items-04.txt,h07-deep-bending-picking-up-items,0,hard_negative,"Prompt group h07-deep-bending-picking-up-items explicitly designs a V2 visual confound (not a clear ground-lying event), so event_label remains 0 and role is hard_negative.",user_confirmed_prompt_image_alignment,unreviewed
365_h07-deep-bending-picking-up-items-05.png,365_h07-deep-bending-picking-up-items-05.txt,h07-deep-bending-picking-up-items,0,hard_negative,"Prompt group h07-deep-bending-picking-up-items explicitly designs a V2 visual confound (not a clear ground-lying event), so event_label remains 0 and role is hard_negative.",user_confirmed_prompt_image_alignment,unreviewed
366_h07-deep-bending-picking-up-items-06.png,366_h07-deep-bending-picking-up-items-06.txt,h07-deep-bending-picking-up-items,0,hard_negative,"Prompt group h07-deep-bending-picking-up-items explicitly designs a V2 visual confound (not a clear ground-lying event), so event_label remains 0 and role is hard_negative.",user_confirmed_prompt_image_alignment,unreviewed
367_h07-deep-bending-picking-up-items-07.png,367_h07-deep-bending-picking-up-items-07.txt,h07-deep-bending-picking-up-items,0,hard_negative,"Prompt group h07-deep-bending-picking-up-items explicitly designs a V2 visual confound (not a clear ground-lying event), so event_label remains 0 and role is hard_negative.",user_confirmed_prompt_image_alignment,unreviewed
368_h07-deep-bending-picking-up-items-08.png,368_h07-deep-bending-picking-up-items-08.txt,h07-deep-bending-picking-up-items,0,hard_negative,"Prompt group h07-deep-bending-picking-up-items explicitly designs a V2 visual confound (not a clear ground-lying event), so event_label remains 0 and role is hard_negative.",user_confirmed_prompt_image_alignment,unreviewed
369_h07-deep-bending-picking-up-items-09.png,369_h07-deep-bending-picking-up-items-09.txt,h07-deep-bending-picking-up-items,0,hard_negative,"Prompt group h07-deep-bending-picking-up-items explicitly designs a V2 visual confound (not a clear ground-lying event), so event_label remains 0 and role is hard_negative.",user_confirmed_prompt_image_alignment,unreviewed
36_p04-prone-on-floor-06.png,36_p04-prone-on-floor-06.txt,p04-prone-on-floor,1,positive,Prompt group p04-prone-on-floor explicitly requires a real person in a lying/fallen state on ground or abnormal support; V2 accepts voluntary lying and does not require a transition.,user_confirmed_prompt_image_alignment,unreviewed
370_h07-deep-bending-picking-up-items-10.png,370_h07-deep-bending-picking-up-items-10.txt,h07-deep-bending-picking-up-items,0,hard_negative,"Prompt group h07-deep-bending-picking-up-items explicitly designs a V2 visual confound (not a clear ground-lying event), so event_label remains 0 and role is hard_negative.",user_confirmed_prompt_image_alignment,unreviewed
371_h08-deep-bending-picking-up-items-01.png,371_h08-deep-bending-picking-up-items-01.txt,h08-deep-bending-picking-up-items,0,hard_negative,"Prompt group h08-deep-bending-picking-up-items explicitly designs a V2 visual confound (not a clear ground-lying event), so event_label remains 0 and role is hard_negative.",user_confirmed_prompt_image_alignment,unreviewed
372_h08-deep-bending-picking-up-items-02.png,372_h08-deep-bending-picking-up-items-02.txt,h08-deep-bending-picking-up-items,0,hard_negative,"Prompt group h08-deep-bending-picking-up-items explicitly designs a V2 visual confound (not a clear ground-lying event), so event_label remains 0 and role is hard_negative.",user_confirmed_prompt_image_alignment,unreviewed
373_h08-deep-bending-picking-up-items-03.png,373_h08-deep-bending-picking-up-items-03.txt,h08-deep-bending-picking-up-items,0,hard_negative,"Prompt group h08-deep-bending-picking-up-items explicitly designs a V2 visual confound (not a clear ground-lying event), so event_label remains 0 and role is hard_negative.",user_confirmed_prompt_image_alignment,unreviewed
374_h08-deep-bending-picking-up-items-04.png,374_h08-deep-bending-picking-up-items-04.txt,h08-deep-bending-picking-up-items,0,hard_negative,"Prompt group h08-deep-bending-picking-up-items explicitly designs a V2 visual confound (not a clear ground-lying event), so event_label remains 0 and role is hard_negative.",user_confirmed_prompt_image_alignment,unreviewed
375_h08-deep-bending-picking-up-items-05.png,375_h08-deep-bending-picking-up-items-05.txt,h08-deep-bending-picking-up-items,0,hard_negative,"Prompt group h08-deep-bending-picking-up-items explicitly designs a V2 visual confound (not a clear ground-lying event), so event_label remains 0 and role is hard_negative.",user_confirmed_prompt_image_alignment,unreviewed
376_h08-deep-bending-picking-up-items-06.png,376_h08-deep-bending-picking-up-items-06.txt,h08-deep-bending-picking-up-items,0,hard_negative,"Prompt group h08-deep-bending-picking-up-items explicitly designs a V2 visual confound (not a clear ground-lying event), so event_label remains 0 and role is hard_negative.",user_confirmed_prompt_image_alignment,unreviewed
377_h08-deep-bending-picking-up-items-07.png,377_h08-deep-bending-picking-up-items-07.txt,h08-deep-bending-picking-up-items,0,hard_negative,"Prompt group h08-deep-bending-picking-up-items explicitly designs a V2 visual confound (not a clear ground-lying event), so event_label remains 0 and role is hard_negative.",user_confirmed_prompt_image_alignment,unreviewed
378_h08-deep-bending-picking-up-items-08.png,378_h08-deep-bending-picking-up-items-08.txt,h08-deep-bending-picking-up-items,0,hard_negative,"Prompt group h08-deep-bending-picking-up-items explicitly designs a V2 visual confound (not a clear ground-lying event), so event_label remains 0 and role is hard_negative.",user_confirmed_prompt_image_alignment,unreviewed
379_h08-deep-bending-picking-up-items-09.png,379_h08-deep-bending-picking-up-items-09.txt,h08-deep-bending-picking-up-items,0,hard_negative,"Prompt group h08-deep-bending-picking-up-items explicitly designs a V2 visual confound (not a clear ground-lying event), so event_label remains 0 and role is hard_negative.",user_confirmed_prompt_image_alignment,unreviewed
37_p04-prone-on-floor-07.png,37_p04-prone-on-floor-07.txt,p04-prone-on-floor,1,positive,Prompt group p04-prone-on-floor explicitly requires a real person in a lying/fallen state on ground or abnormal support; V2 accepts voluntary lying and does not require a transition.,user_confirmed_prompt_image_alignment,unreviewed
380_h08-deep-bending-picking-up-items-10.png,380_h08-deep-bending-picking-up-items-10.txt,h08-deep-bending-picking-up-items,0,hard_negative,"Prompt group h08-deep-bending-picking-up-items explicitly designs a V2 visual confound (not a clear ground-lying event), so event_label remains 0 and role is hard_negative.",user_confirmed_prompt_image_alignment,unreviewed
381_h09-exercise-push-up-plank-01.png,381_h09-exercise-push-up-plank-01.txt,h09-exercise-push-up-plank,0,hard_negative,"Prompt group h09-exercise-push-up-plank explicitly designs a V2 visual confound (not a clear ground-lying event), so event_label remains 0 and role is hard_negative.",user_confirmed_prompt_image_alignment,unreviewed
382_h09-exercise-push-up-plank-02.png,382_h09-exercise-push-up-plank-02.txt,h09-exercise-push-up-plank,0,hard_negative,"Prompt group h09-exercise-push-up-plank explicitly designs a V2 visual confound (not a clear ground-lying event), so event_label remains 0 and role is hard_negative.",user_confirmed_prompt_image_alignment,unreviewed
383_h09-exercise-push-up-plank-03.png,383_h09-exercise-push-up-plank-03.txt,h09-exercise-push-up-plank,0,hard_negative,"Prompt group h09-exercise-push-up-plank explicitly designs a V2 visual confound (not a clear ground-lying event), so event_label remains 0 and role is hard_negative.",user_confirmed_prompt_image_alignment,unreviewed
384_h09-exercise-push-up-plank-04.png,384_h09-exercise-push-up-plank-04.txt,h09-exercise-push-up-plank,0,hard_negative,"Prompt group h09-exercise-push-up-plank explicitly designs a V2 visual confound (not a clear ground-lying event), so event_label remains 0 and role is hard_negative.",user_confirmed_prompt_image_alignment,unreviewed
385_h09-exercise-push-up-plank-05.png,385_h09-exercise-push-up-plank-05.txt,h09-exercise-push-up-plank,0,hard_negative,"Prompt group h09-exercise-push-up-plank explicitly designs a V2 visual confound (not a clear ground-lying event), so event_label remains 0 and role is hard_negative.",user_confirmed_prompt_image_alignment,unreviewed
386_h09-exercise-push-up-plank-06.png,386_h09-exercise-push-up-plank-06.txt,h09-exercise-push-up-plank,0,hard_negative,"Prompt group h09-exercise-push-up-plank explicitly designs a V2 visual confound (not a clear ground-lying event), so event_label remains 0 and role is hard_negative.",user_confirmed_prompt_image_alignment,unreviewed
387_h09-exercise-push-up-plank-07.png,387_h09-exercise-push-up-plank-07.txt,h09-exercise-push-up-plank,0,hard_negative,"Prompt group h09-exercise-push-up-plank explicitly designs a V2 visual confound (not a clear ground-lying event), so event_label remains 0 and role is hard_negative.",user_confirmed_prompt_image_alignment,unreviewed
388_h09-exercise-push-up-plank-08.png,388_h09-exercise-push-up-plank-08.txt,h09-exercise-push-up-plank,0,hard_negative,"Prompt group h09-exercise-push-up-plank explicitly designs a V2 visual confound (not a clear ground-lying event), so event_label remains 0 and role is hard_negative.",user_confirmed_prompt_image_alignment,unreviewed
389_h09-exercise-push-up-plank-09.png,389_h09-exercise-push-up-plank-09.txt,h09-exercise-push-up-plank,0,hard_negative,"Prompt group h09-exercise-push-up-plank explicitly designs a V2 visual confound (not a clear ground-lying event), so event_label remains 0 and role is hard_negative.",user_confirmed_prompt_image_alignment,unreviewed
38_p04-prone-on-floor-08.png,38_p04-prone-on-floor-08.txt,p04-prone-on-floor,1,positive,Prompt group p04-prone-on-floor explicitly requires a real person in a lying/fallen state on ground or abnormal support; V2 accepts voluntary lying and does not require a transition.,user_confirmed_prompt_image_alignment,unreviewed
390_h09-exercise-push-up-plank-10.png,390_h09-exercise-push-up-plank-10.txt,h09-exercise-push-up-plank,0,hard_negative,"Prompt group h09-exercise-push-up-plank explicitly designs a V2 visual confound (not a clear ground-lying event), so event_label remains 0 and role is hard_negative.",user_confirmed_prompt_image_alignment,unreviewed
391_h10-exercise-push-up-plank-01.png,391_h10-exercise-push-up-plank-01.txt,h10-exercise-push-up-plank,0,hard_negative,"Prompt group h10-exercise-push-up-plank explicitly designs a V2 visual confound (not a clear ground-lying event), so event_label remains 0 and role is hard_negative.",user_confirmed_prompt_image_alignment,unreviewed
392_h10-exercise-push-up-plank-02.png,392_h10-exercise-push-up-plank-02.txt,h10-exercise-push-up-plank,0,hard_negative,"Prompt group h10-exercise-push-up-plank explicitly designs a V2 visual confound (not a clear ground-lying event), so event_label remains 0 and role is hard_negative.",user_confirmed_prompt_image_alignment,unreviewed
393_h10-exercise-push-up-plank-03.png,393_h10-exercise-push-up-plank-03.txt,h10-exercise-push-up-plank,0,hard_negative,"Prompt group h10-exercise-push-up-plank explicitly designs a V2 visual confound (not a clear ground-lying event), so event_label remains 0 and role is hard_negative.",user_confirmed_prompt_image_alignment,unreviewed
394_h10-exercise-push-up-plank-04.png,394_h10-exercise-push-up-plank-04.txt,h10-exercise-push-up-plank,0,hard_negative,"Prompt group h10-exercise-push-up-plank explicitly designs a V2 visual confound (not a clear ground-lying event), so event_label remains 0 and role is hard_negative.",user_confirmed_prompt_image_alignment,unreviewed
395_h10-exercise-push-up-plank-05.png,395_h10-exercise-push-up-plank-05.txt,h10-exercise-push-up-plank,0,hard_negative,"Prompt group h10-exercise-push-up-plank explicitly designs a V2 visual confound (not a clear ground-lying event), so event_label remains 0 and role is hard_negative.",user_confirmed_prompt_image_alignment,unreviewed
396_h10-exercise-push-up-plank-06.png,396_h10-exercise-push-up-plank-06.txt,h10-exercise-push-up-plank,0,hard_negative,"Prompt group h10-exercise-push-up-plank explicitly designs a V2 visual confound (not a clear ground-lying event), so event_label remains 0 and role is hard_negative.",user_confirmed_prompt_image_alignment,unreviewed
397_h10-exercise-push-up-plank-07.png,397_h10-exercise-push-up-plank-07.txt,h10-exercise-push-up-plank,0,hard_negative,"Prompt group h10-exercise-push-up-plank explicitly designs a V2 visual confound (not a clear ground-lying event), so event_label remains 0 and role is hard_negative.",user_confirmed_prompt_image_alignment,unreviewed
398_h10-exercise-push-up-plank-08.png,398_h10-exercise-push-up-plank-08.txt,h10-exercise-push-up-plank,0,hard_negative,"Prompt group h10-exercise-push-up-plank explicitly designs a V2 visual confound (not a clear ground-lying event), so event_label remains 0 and role is hard_negative.",user_confirmed_prompt_image_alignment,unreviewed
399_h10-exercise-push-up-plank-09.png,399_h10-exercise-push-up-plank-09.txt,h10-exercise-push-up-plank,0,hard_negative,"Prompt group h10-exercise-push-up-plank explicitly designs a V2 visual confound (not a clear ground-lying event), so event_label remains 0 and role is hard_negative.",user_confirmed_prompt_image_alignment,unreviewed
39_p04-prone-on-floor-09.png,39_p04-prone-on-floor-09.txt,p04-prone-on-floor,1,positive,Prompt group p04-prone-on-floor explicitly requires a real person in a lying/fallen state on ground or abnormal support; V2 accepts voluntary lying and does not require a transition.,user_confirmed_prompt_image_alignment,unreviewed
400_h10-exercise-push-up-plank-10.png,400_h10-exercise-push-up-plank-10.txt,h10-exercise-push-up-plank,0,hard_negative,"Prompt group h10-exercise-push-up-plank explicitly designs a V2 visual confound (not a clear ground-lying event), so event_label remains 0 and role is hard_negative.",user_confirmed_prompt_image_alignment,unreviewed
401_h11-crawling-under-equipment-inspection-01.png,401_h11-crawling-under-equipment-inspection-01.txt,h11-crawling-under-equipment-inspection,0,hard_negative,"Prompt group h11-crawling-under-equipment-inspection explicitly designs a V2 visual confound (not a clear ground-lying event), so event_label remains 0 and role is hard_negative.",user_confirmed_prompt_image_alignment,unreviewed
402_h11-crawling-under-equipment-inspection-02.png,402_h11-crawling-under-equipment-inspection-02.txt,h11-crawling-under-equipment-inspection,0,hard_negative,"Prompt group h11-crawling-under-equipment-inspection explicitly designs a V2 visual confound (not a clear ground-lying event), so event_label remains 0 and role is hard_negative.",user_confirmed_prompt_image_alignment,unreviewed
403_h11-crawling-under-equipment-inspection-03.png,403_h11-crawling-under-equipment-inspection-03.txt,h11-crawling-under-equipment-inspection,0,hard_negative,"Prompt group h11-crawling-under-equipment-inspection explicitly designs a V2 visual confound (not a clear ground-lying event), so event_label remains 0 and role is hard_negative.",user_confirmed_prompt_image_alignment,unreviewed
404_h11-crawling-under-equipment-inspection-04.png,404_h11-crawling-under-equipment-inspection-04.txt,h11-crawling-under-equipment-inspection,0,hard_negative,"Prompt group h11-crawling-under-equipment-inspection explicitly designs a V2 visual confound (not a clear ground-lying event), so event_label remains 0 and role is hard_negative.",user_confirmed_prompt_image_alignment,unreviewed
405_h11-crawling-under-equipment-inspection-05.png,405_h11-crawling-under-equipment-inspection-05.txt,h11-crawling-under-equipment-inspection,0,hard_negative,"Prompt group h11-crawling-under-equipment-inspection explicitly designs a V2 visual confound (not a clear ground-lying event), so event_label remains 0 and role is hard_negative.",user_confirmed_prompt_image_alignment,unreviewed
406_h11-crawling-under-equipment-inspection-06.png,406_h11-crawling-under-equipment-inspection-06.txt,h11-crawling-under-equipment-inspection,0,hard_negative,"Prompt group h11-crawling-under-equipment-inspection explicitly designs a V2 visual confound (not a clear ground-lying event), so event_label remains 0 and role is hard_negative.",user_confirmed_prompt_image_alignment,unreviewed
407_h11-crawling-under-equipment-inspection-07.png,407_h11-crawling-under-equipment-inspection-07.txt,h11-crawling-under-equipment-inspection,0,hard_negative,"Prompt group h11-crawling-under-equipment-inspection explicitly designs a V2 visual confound (not a clear ground-lying event), so event_label remains 0 and role is hard_negative.",user_confirmed_prompt_image_alignment,unreviewed
408_h11-crawling-under-equipment-inspection-08.png,408_h11-crawling-under-equipment-inspection-08.txt,h11-crawling-under-equipment-inspection,0,hard_negative,"Prompt group h11-crawling-under-equipment-inspection explicitly designs a V2 visual confound (not a clear ground-lying event), so event_label remains 0 and role is hard_negative.",user_confirmed_prompt_image_alignment,unreviewed
409_h11-crawling-under-equipment-inspection-09.png,409_h11-crawling-under-equipment-inspection-09.txt,h11-crawling-under-equipment-inspection,0,hard_negative,"Prompt group h11-crawling-under-equipment-inspection explicitly designs a V2 visual confound (not a clear ground-lying event), so event_label remains 0 and role is hard_negative.",user_confirmed_prompt_image_alignment,unreviewed
40_p04-prone-on-floor-10.png,40_p04-prone-on-floor-10.txt,p04-prone-on-floor,1,positive,Prompt group p04-prone-on-floor explicitly requires a real person in a lying/fallen state on ground or abnormal support; V2 accepts voluntary lying and does not require a transition.,user_confirmed_prompt_image_alignment,unreviewed
410_h11-crawling-under-equipment-inspection-10.png,410_h11-crawling-under-equipment-inspection-10.txt,h11-crawling-under-equipment-inspection,0,hard_negative,"Prompt group h11-crawling-under-equipment-inspection explicitly designs a V2 visual confound (not a clear ground-lying event), so event_label remains 0 and role is hard_negative.",user_confirmed_prompt_image_alignment,unreviewed
411_h12-crawling-under-equipment-inspection-01.png,411_h12-crawling-under-equipment-inspection-01.txt,h12-crawling-under-equipment-inspection,0,hard_negative,"Prompt group h12-crawling-under-equipment-inspection explicitly designs a V2 visual confound (not a clear ground-lying event), so event_label remains 0 and role is hard_negative.",user_confirmed_prompt_image_alignment,unreviewed
412_h12-crawling-under-equipment-inspection-02.png,412_h12-crawling-under-equipment-inspection-02.txt,h12-crawling-under-equipment-inspection,0,hard_negative,"Prompt group h12-crawling-under-equipment-inspection explicitly designs a V2 visual confound (not a clear ground-lying event), so event_label remains 0 and role is hard_negative.",user_confirmed_prompt_image_alignment,unreviewed
413_h12-crawling-under-equipment-inspection-03.png,413_h12-crawling-under-equipment-inspection-03.txt,h12-crawling-under-equipment-inspection,0,hard_negative,"Prompt group h12-crawling-under-equipment-inspection explicitly designs a V2 visual confound (not a clear ground-lying event), so event_label remains 0 and role is hard_negative.",user_confirmed_prompt_image_alignment,unreviewed
414_h12-crawling-under-equipment-inspection-04.png,414_h12-crawling-under-equipment-inspection-04.txt,h12-crawling-under-equipment-inspection,0,hard_negative,"Prompt group h12-crawling-under-equipment-inspection explicitly designs a V2 visual confound (not a clear ground-lying event), so event_label remains 0 and role is hard_negative.",user_confirmed_prompt_image_alignment,unreviewed
415_h12-crawling-under-equipment-inspection-05.png,415_h12-crawling-under-equipment-inspection-05.txt,h12-crawling-under-equipment-inspection,0,hard_negative,"Prompt group h12-crawling-under-equipment-inspection explicitly designs a V2 visual confound (not a clear ground-lying event), so event_label remains 0 and role is hard_negative.",user_confirmed_prompt_image_alignment,unreviewed
416_h12-crawling-under-equipment-inspection-06.png,416_h12-crawling-under-equipment-inspection-06.txt,h12-crawling-under-equipment-inspection,0,hard_negative,"Prompt group h12-crawling-under-equipment-inspection explicitly designs a V2 visual confound (not a clear ground-lying event), so event_label remains 0 and role is hard_negative.",user_confirmed_prompt_image_alignment,unreviewed
417_h12-crawling-under-equipment-inspection-07.png,417_h12-crawling-under-equipment-inspection-07.txt,h12-crawling-under-equipment-inspection,0,hard_negative,"Prompt group h12-crawling-under-equipment-inspection explicitly designs a V2 visual confound (not a clear ground-lying event), so event_label remains 0 and role is hard_negative.",user_confirmed_prompt_image_alignment,unreviewed
418_h12-crawling-under-equipment-inspection-08.png,418_h12-crawling-under-equipment-inspection-08.txt,h12-crawling-under-equipment-inspection,0,hard_negative,"Prompt group h12-crawling-under-equipment-inspection explicitly designs a V2 visual confound (not a clear ground-lying event), so event_label remains 0 and role is hard_negative.",user_confirmed_prompt_image_alignment,unreviewed
419_h12-crawling-under-equipment-inspection-09.png,419_h12-crawling-under-equipment-inspection-09.txt,h12-crawling-under-equipment-inspection,0,hard_negative,"Prompt group h12-crawling-under-equipment-inspection explicitly designs a V2 visual confound (not a clear ground-lying event), so event_label remains 0 and role is hard_negative.",user_confirmed_prompt_image_alignment,unreviewed
41_p05-side-lying-on-floor-01.png,41_p05-side-lying-on-floor-01.txt,p05-side-lying-on-floor,1,positive,Prompt group p05-side-lying-on-floor explicitly requires a real person in a lying/fallen state on ground or abnormal support; V2 accepts voluntary lying and does not require a transition.,user_confirmed_prompt_image_alignment,unreviewed
420_h12-crawling-under-equipment-inspection-10.png,420_h12-crawling-under-equipment-inspection-10.txt,h12-crawling-under-equipment-inspection,0,hard_negative,"Prompt group h12-crawling-under-equipment-inspection explicitly designs a V2 visual confound (not a clear ground-lying event), so event_label remains 0 and role is hard_negative.",user_confirmed_prompt_image_alignment,unreviewed
421_h13-normal-lying-on-bed-01.png,421_h13-normal-lying-on-bed-01.txt,h13-normal-lying-on-bed,0,hard_negative,"Prompt group h13-normal-lying-on-bed explicitly designs a V2 visual confound (not a clear ground-lying event), so event_label remains 0 and role is hard_negative.",user_confirmed_prompt_image_alignment,unreviewed
422_h13-normal-lying-on-bed-02.png,422_h13-normal-lying-on-bed-02.txt,h13-normal-lying-on-bed,0,hard_negative,"Prompt group h13-normal-lying-on-bed explicitly designs a V2 visual confound (not a clear ground-lying event), so event_label remains 0 and role is hard_negative.",user_confirmed_prompt_image_alignment,unreviewed
423_h13-normal-lying-on-bed-03.png,423_h13-normal-lying-on-bed-03.txt,h13-normal-lying-on-bed,0,hard_negative,"Prompt group h13-normal-lying-on-bed explicitly designs a V2 visual confound (not a clear ground-lying event), so event_label remains 0 and role is hard_negative.",user_confirmed_prompt_image_alignment,unreviewed
424_h13-normal-lying-on-bed-04.png,424_h13-normal-lying-on-bed-04.txt,h13-normal-lying-on-bed,0,hard_negative,"Prompt group h13-normal-lying-on-bed explicitly designs a V2 visual confound (not a clear ground-lying event), so event_label remains 0 and role is hard_negative.",user_confirmed_prompt_image_alignment,unreviewed
425_h13-normal-lying-on-bed-05.png,425_h13-normal-lying-on-bed-05.txt,h13-normal-lying-on-bed,0,hard_negative,"Prompt group h13-normal-lying-on-bed explicitly designs a V2 visual confound (not a clear ground-lying event), so event_label remains 0 and role is hard_negative.",user_confirmed_prompt_image_alignment,unreviewed
426_h13-normal-lying-on-bed-06.png,426_h13-normal-lying-on-bed-06.txt,h13-normal-lying-on-bed,0,hard_negative,"Prompt group h13-normal-lying-on-bed explicitly designs a V2 visual confound (not a clear ground-lying event), so event_label remains 0 and role is hard_negative.",user_confirmed_prompt_image_alignment,unreviewed
427_h13-normal-lying-on-bed-07.png,427_h13-normal-lying-on-bed-07.txt,h13-normal-lying-on-bed,0,hard_negative,"Prompt group h13-normal-lying-on-bed explicitly designs a V2 visual confound (not a clear ground-lying event), so event_label remains 0 and role is hard_negative.",user_confirmed_prompt_image_alignment,unreviewed
428_h13-normal-lying-on-bed-08.png,428_h13-normal-lying-on-bed-08.txt,h13-normal-lying-on-bed,0,hard_negative,"Prompt group h13-normal-lying-on-bed explicitly designs a V2 visual confound (not a clear ground-lying event), so event_label remains 0 and role is hard_negative.",user_confirmed_prompt_image_alignment,unreviewed
429_h13-normal-lying-on-bed-09.png,429_h13-normal-lying-on-bed-09.txt,h13-normal-lying-on-bed,0,hard_negative,"Prompt group h13-normal-lying-on-bed explicitly designs a V2 visual confound (not a clear ground-lying event), so event_label remains 0 and role is hard_negative.",user_confirmed_prompt_image_alignment,unreviewed
42_p05-side-lying-on-floor-02.png,42_p05-side-lying-on-floor-02.txt,p05-side-lying-on-floor,1,positive,Prompt group p05-side-lying-on-floor explicitly requires a real person in a lying/fallen state on ground or abnormal support; V2 accepts voluntary lying and does not require a transition.,user_confirmed_prompt_image_alignment,unreviewed
430_h13-normal-lying-on-bed-10.png,430_h13-normal-lying-on-bed-10.txt,h13-normal-lying-on-bed,0,hard_negative,"Prompt group h13-normal-lying-on-bed explicitly designs a V2 visual confound (not a clear ground-lying event), so event_label remains 0 and role is hard_negative.",user_confirmed_prompt_image_alignment,unreviewed
431_h14-normal-lying-on-bed-01.png,431_h14-normal-lying-on-bed-01.txt,h14-normal-lying-on-bed,0,hard_negative,"Prompt group h14-normal-lying-on-bed explicitly designs a V2 visual confound (not a clear ground-lying event), so event_label remains 0 and role is hard_negative.",user_confirmed_prompt_image_alignment,unreviewed
432_h14-normal-lying-on-bed-02.png,432_h14-normal-lying-on-bed-02.txt,h14-normal-lying-on-bed,0,hard_negative,"Prompt group h14-normal-lying-on-bed explicitly designs a V2 visual confound (not a clear ground-lying event), so event_label remains 0 and role is hard_negative.",user_confirmed_prompt_image_alignment,unreviewed
433_h14-normal-lying-on-bed-03.png,433_h14-normal-lying-on-bed-03.txt,h14-normal-lying-on-bed,0,hard_negative,"Prompt group h14-normal-lying-on-bed explicitly designs a V2 visual confound (not a clear ground-lying event), so event_label remains 0 and role is hard_negative.",user_confirmed_prompt_image_alignment,unreviewed
434_h14-normal-lying-on-bed-04.png,434_h14-normal-lying-on-bed-04.txt,h14-normal-lying-on-bed,0,hard_negative,"Prompt group h14-normal-lying-on-bed explicitly designs a V2 visual confound (not a clear ground-lying event), so event_label remains 0 and role is hard_negative.",user_confirmed_prompt_image_alignment,unreviewed
435_h14-normal-lying-on-bed-05.png,435_h14-normal-lying-on-bed-05.txt,h14-normal-lying-on-bed,0,hard_negative,"Prompt group h14-normal-lying-on-bed explicitly designs a V2 visual confound (not a clear ground-lying event), so event_label remains 0 and role is hard_negative.",user_confirmed_prompt_image_alignment,unreviewed
436_h14-normal-lying-on-bed-06.png,436_h14-normal-lying-on-bed-06.txt,h14-normal-lying-on-bed,0,hard_negative,"Prompt group h14-normal-lying-on-bed explicitly designs a V2 visual confound (not a clear ground-lying event), so event_label remains 0 and role is hard_negative.",user_confirmed_prompt_image_alignment,unreviewed
437_h14-normal-lying-on-bed-07.png,437_h14-normal-lying-on-bed-07.txt,h14-normal-lying-on-bed,0,hard_negative,"Prompt group h14-normal-lying-on-bed explicitly designs a V2 visual confound (not a clear ground-lying event), so event_label remains 0 and role is hard_negative.",user_confirmed_prompt_image_alignment,unreviewed
438_h14-normal-lying-on-bed-08.png,438_h14-normal-lying-on-bed-08.txt,h14-normal-lying-on-bed,0,hard_negative,"Prompt group h14-normal-lying-on-bed explicitly designs a V2 visual confound (not a clear ground-lying event), so event_label remains 0 and role is hard_negative.",user_confirmed_prompt_image_alignment,unreviewed
439_h14-normal-lying-on-bed-09.png,439_h14-normal-lying-on-bed-09.txt,h14-normal-lying-on-bed,0,hard_negative,"Prompt group h14-normal-lying-on-bed explicitly designs a V2 visual confound (not a clear ground-lying event), so event_label remains 0 and role is hard_negative.",user_confirmed_prompt_image_alignment,unreviewed
43_p05-side-lying-on-floor-03.png,43_p05-side-lying-on-floor-03.txt,p05-side-lying-on-floor,1,positive,Prompt group p05-side-lying-on-floor explicitly requires a real person in a lying/fallen state on ground or abnormal support; V2 accepts voluntary lying and does not require a transition.,user_confirmed_prompt_image_alignment,unreviewed
440_h14-normal-lying-on-bed-10.png,440_h14-normal-lying-on-bed-10.txt,h14-normal-lying-on-bed,0,hard_negative,"Prompt group h14-normal-lying-on-bed explicitly designs a V2 visual confound (not a clear ground-lying event), so event_label remains 0 and role is hard_negative.",user_confirmed_prompt_image_alignment,unreviewed
441_h15-normal-lying-on-sofa-or-recliner-01.png,441_h15-normal-lying-on-sofa-or-recliner-01.txt,h15-normal-lying-on-sofa-or-recliner,0,hard_negative,"Prompt group h15-normal-lying-on-sofa-or-recliner explicitly designs a V2 visual confound (not a clear ground-lying event), so event_label remains 0 and role is hard_negative.",user_confirmed_prompt_image_alignment,unreviewed
442_h15-normal-lying-on-sofa-or-recliner-02.png,442_h15-normal-lying-on-sofa-or-recliner-02.txt,h15-normal-lying-on-sofa-or-recliner,0,hard_negative,"Prompt group h15-normal-lying-on-sofa-or-recliner explicitly designs a V2 visual confound (not a clear ground-lying event), so event_label remains 0 and role is hard_negative.",user_confirmed_prompt_image_alignment,unreviewed
443_h15-normal-lying-on-sofa-or-recliner-03.png,443_h15-normal-lying-on-sofa-or-recliner-03.txt,h15-normal-lying-on-sofa-or-recliner,0,hard_negative,"Prompt group h15-normal-lying-on-sofa-or-recliner explicitly designs a V2 visual confound (not a clear ground-lying event), so event_label remains 0 and role is hard_negative.",user_confirmed_prompt_image_alignment,unreviewed
444_h15-normal-lying-on-sofa-or-recliner-04.png,444_h15-normal-lying-on-sofa-or-recliner-04.txt,h15-normal-lying-on-sofa-or-recliner,0,hard_negative,"Prompt group h15-normal-lying-on-sofa-or-recliner explicitly designs a V2 visual confound (not a clear ground-lying event), so event_label remains 0 and role is hard_negative.",user_confirmed_prompt_image_alignment,unreviewed
445_h15-normal-lying-on-sofa-or-recliner-05.png,445_h15-normal-lying-on-sofa-or-recliner-05.txt,h15-normal-lying-on-sofa-or-recliner,0,hard_negative,"Prompt group h15-normal-lying-on-sofa-or-recliner explicitly designs a V2 visual confound (not a clear ground-lying event), so event_label remains 0 and role is hard_negative.",user_confirmed_prompt_image_alignment,unreviewed
446_h15-normal-lying-on-sofa-or-recliner-06.png,446_h15-normal-lying-on-sofa-or-recliner-06.txt,h15-normal-lying-on-sofa-or-recliner,0,hard_negative,"Prompt group h15-normal-lying-on-sofa-or-recliner explicitly designs a V2 visual confound (not a clear ground-lying event), so event_label remains 0 and role is hard_negative.",user_confirmed_prompt_image_alignment,unreviewed
447_h15-normal-lying-on-sofa-or-recliner-07.png,447_h15-normal-lying-on-sofa-or-recliner-07.txt,h15-normal-lying-on-sofa-or-recliner,0,hard_negative,"Prompt group h15-normal-lying-on-sofa-or-recliner explicitly designs a V2 visual confound (not a clear ground-lying event), so event_label remains 0 and role is hard_negative.",user_confirmed_prompt_image_alignment,unreviewed
448_h15-normal-lying-on-sofa-or-recliner-08.png,448_h15-normal-lying-on-sofa-or-recliner-08.txt,h15-normal-lying-on-sofa-or-recliner,0,hard_negative,"Prompt group h15-normal-lying-on-sofa-or-recliner explicitly designs a V2 visual confound (not a clear ground-lying event), so event_label remains 0 and role is hard_negative.",user_confirmed_prompt_image_alignment,unreviewed
449_h15-normal-lying-on-sofa-or-recliner-09.png,449_h15-normal-lying-on-sofa-or-recliner-09.txt,h15-normal-lying-on-sofa-or-recliner,0,hard_negative,"Prompt group h15-normal-lying-on-sofa-or-recliner explicitly designs a V2 visual confound (not a clear ground-lying event), so event_label remains 0 and role is hard_negative.",user_confirmed_prompt_image_alignment,unreviewed
44_p05-side-lying-on-floor-04.png,44_p05-side-lying-on-floor-04.txt,p05-side-lying-on-floor,1,positive,Prompt group p05-side-lying-on-floor explicitly requires a real person in a lying/fallen state on ground or abnormal support; V2 accepts voluntary lying and does not require a transition.,user_confirmed_prompt_image_alignment,unreviewed
450_h15-normal-lying-on-sofa-or-recliner-10.png,450_h15-normal-lying-on-sofa-or-recliner-10.txt,h15-normal-lying-on-sofa-or-recliner,0,hard_negative,"Prompt group h15-normal-lying-on-sofa-or-recliner explicitly designs a V2 visual confound (not a clear ground-lying event), so event_label remains 0 and role is hard_negative.",user_confirmed_prompt_image_alignment,unreviewed
451_h16-dummy-mannequin-poster-01.png,451_h16-dummy-mannequin-poster-01.txt,h16-dummy-mannequin-poster,0,hard_negative,"Prompt group h16-dummy-mannequin-poster explicitly designs a V2 visual confound (not a clear ground-lying event), so event_label remains 0 and role is hard_negative.",user_confirmed_prompt_image_alignment,unreviewed
452_h16-dummy-mannequin-poster-02.png,452_h16-dummy-mannequin-poster-02.txt,h16-dummy-mannequin-poster,0,hard_negative,"Prompt group h16-dummy-mannequin-poster explicitly designs a V2 visual confound (not a clear ground-lying event), so event_label remains 0 and role is hard_negative.",user_confirmed_prompt_image_alignment,unreviewed
453_h16-dummy-mannequin-poster-03.png,453_h16-dummy-mannequin-poster-03.txt,h16-dummy-mannequin-poster,0,hard_negative,"Prompt group h16-dummy-mannequin-poster explicitly designs a V2 visual confound (not a clear ground-lying event), so event_label remains 0 and role is hard_negative.",user_confirmed_prompt_image_alignment,unreviewed
454_h16-dummy-mannequin-poster-04.png,454_h16-dummy-mannequin-poster-04.txt,h16-dummy-mannequin-poster,0,hard_negative,"Prompt group h16-dummy-mannequin-poster explicitly designs a V2 visual confound (not a clear ground-lying event), so event_label remains 0 and role is hard_negative.",user_confirmed_prompt_image_alignment,unreviewed
455_h16-dummy-mannequin-poster-05.png,455_h16-dummy-mannequin-poster-05.txt,h16-dummy-mannequin-poster,0,hard_negative,"Prompt group h16-dummy-mannequin-poster explicitly designs a V2 visual confound (not a clear ground-lying event), so event_label remains 0 and role is hard_negative.",user_confirmed_prompt_image_alignment,unreviewed
456_h16-dummy-mannequin-poster-06.png,456_h16-dummy-mannequin-poster-06.txt,h16-dummy-mannequin-poster,0,hard_negative,"Prompt group h16-dummy-mannequin-poster explicitly designs a V2 visual confound (not a clear ground-lying event), so event_label remains 0 and role is hard_negative.",user_confirmed_prompt_image_alignment,unreviewed
457_h16-dummy-mannequin-poster-07.png,457_h16-dummy-mannequin-poster-07.txt,h16-dummy-mannequin-poster,0,hard_negative,"Prompt group h16-dummy-mannequin-poster explicitly designs a V2 visual confound (not a clear ground-lying event), so event_label remains 0 and role is hard_negative.",user_confirmed_prompt_image_alignment,unreviewed
458_h16-dummy-mannequin-poster-08.png,458_h16-dummy-mannequin-poster-08.txt,h16-dummy-mannequin-poster,0,hard_negative,"Prompt group h16-dummy-mannequin-poster explicitly designs a V2 visual confound (not a clear ground-lying event), so event_label remains 0 and role is hard_negative.",user_confirmed_prompt_image_alignment,unreviewed
459_h16-dummy-mannequin-poster-09.png,459_h16-dummy-mannequin-poster-09.txt,h16-dummy-mannequin-poster,0,hard_negative,"Prompt group h16-dummy-mannequin-poster explicitly designs a V2 visual confound (not a clear ground-lying event), so event_label remains 0 and role is hard_negative.",user_confirmed_prompt_image_alignment,unreviewed
45_p05-side-lying-on-floor-05.png,45_p05-side-lying-on-floor-05.txt,p05-side-lying-on-floor,1,positive,Prompt group p05-side-lying-on-floor explicitly requires a real person in a lying/fallen state on ground or abnormal support; V2 accepts voluntary lying and does not require a transition.,user_confirmed_prompt_image_alignment,unreviewed
460_h16-dummy-mannequin-poster-10.png,460_h16-dummy-mannequin-poster-10.txt,h16-dummy-mannequin-poster,0,hard_negative,"Prompt group h16-dummy-mannequin-poster explicitly designs a V2 visual confound (not a clear ground-lying event), so event_label remains 0 and role is hard_negative.",user_confirmed_prompt_image_alignment,unreviewed
461_h17-partial-body-causing-illusion-01.png,461_h17-partial-body-causing-illusion-01.txt,h17-partial-body-causing-illusion,0,hard_negative,"Prompt group h17-partial-body-causing-illusion explicitly designs a V2 visual confound (not a clear ground-lying event), so event_label remains 0 and role is hard_negative.",user_confirmed_prompt_image_alignment,unreviewed
462_h17-partial-body-causing-illusion-02.png,462_h17-partial-body-causing-illusion-02.txt,h17-partial-body-causing-illusion,0,hard_negative,"Prompt group h17-partial-body-causing-illusion explicitly designs a V2 visual confound (not a clear ground-lying event), so event_label remains 0 and role is hard_negative.",user_confirmed_prompt_image_alignment,unreviewed
463_h17-partial-body-causing-illusion-03.png,463_h17-partial-body-causing-illusion-03.txt,h17-partial-body-causing-illusion,0,hard_negative,"Prompt group h17-partial-body-causing-illusion explicitly designs a V2 visual confound (not a clear ground-lying event), so event_label remains 0 and role is hard_negative.",user_confirmed_prompt_image_alignment,unreviewed
464_h17-partial-body-causing-illusion-04.png,464_h17-partial-body-causing-illusion-04.txt,h17-partial-body-causing-illusion,0,hard_negative,"Prompt group h17-partial-body-causing-illusion explicitly designs a V2 visual confound (not a clear ground-lying event), so event_label remains 0 and role is hard_negative.",user_confirmed_prompt_image_alignment,unreviewed
465_h17-partial-body-causing-illusion-05.png,465_h17-partial-body-causing-illusion-05.txt,h17-partial-body-causing-illusion,0,hard_negative,"Prompt group h17-partial-body-causing-illusion explicitly designs a V2 visual confound (not a clear ground-lying event), so event_label remains 0 and role is hard_negative.",user_confirmed_prompt_image_alignment,unreviewed
466_h17-partial-body-causing-illusion-06.png,466_h17-partial-body-causing-illusion-06.txt,h17-partial-body-causing-illusion,0,hard_negative,"Prompt group h17-partial-body-causing-illusion explicitly designs a V2 visual confound (not a clear ground-lying event), so event_label remains 0 and role is hard_negative.",user_confirmed_prompt_image_alignment,unreviewed
467_h17-partial-body-causing-illusion-07.png,467_h17-partial-body-causing-illusion-07.txt,h17-partial-body-causing-illusion,0,hard_negative,"Prompt group h17-partial-body-causing-illusion explicitly designs a V2 visual confound (not a clear ground-lying event), so event_label remains 0 and role is hard_negative.",user_confirmed_prompt_image_alignment,unreviewed
468_h17-partial-body-causing-illusion-08.png,468_h17-partial-body-causing-illusion-08.txt,h17-partial-body-causing-illusion,0,hard_negative,"Prompt group h17-partial-body-causing-illusion explicitly designs a V2 visual confound (not a clear ground-lying event), so event_label remains 0 and role is hard_negative.",user_confirmed_prompt_image_alignment,unreviewed
469_h17-partial-body-causing-illusion-09.png,469_h17-partial-body-causing-illusion-09.txt,h17-partial-body-causing-illusion,0,hard_negative,"Prompt group h17-partial-body-causing-illusion explicitly designs a V2 visual confound (not a clear ground-lying event), so event_label remains 0 and role is hard_negative.",user_confirmed_prompt_image_alignment,unreviewed
46_p05-side-lying-on-floor-06.png,46_p05-side-lying-on-floor-06.txt,p05-side-lying-on-floor,1,positive,Prompt group p05-side-lying-on-floor explicitly requires a real person in a lying/fallen state on ground or abnormal support; V2 accepts voluntary lying and does not require a transition.,user_confirmed_prompt_image_alignment,unreviewed
470_h17-partial-body-causing-illusion-10.png,470_h17-partial-body-causing-illusion-10.txt,h17-partial-body-causing-illusion,0,hard_negative,"Prompt group h17-partial-body-causing-illusion explicitly designs a V2 visual confound (not a clear ground-lying event), so event_label remains 0 and role is hard_negative.",user_confirmed_prompt_image_alignment,unreviewed
471_h18-screen-mirror-photo-depiction-01.png,471_h18-screen-mirror-photo-depiction-01.txt,h18-screen-mirror-photo-depiction,0,hard_negative,"Prompt group h18-screen-mirror-photo-depiction explicitly designs a V2 visual confound (not a clear ground-lying event), so event_label remains 0 and role is hard_negative.",user_confirmed_prompt_image_alignment,unreviewed
472_h18-screen-mirror-photo-depiction-02.png,472_h18-screen-mirror-photo-depiction-02.txt,h18-screen-mirror-photo-depiction,0,hard_negative,"Prompt group h18-screen-mirror-photo-depiction explicitly designs a V2 visual confound (not a clear ground-lying event), so event_label remains 0 and role is hard_negative.",user_confirmed_prompt_image_alignment,unreviewed
473_h18-screen-mirror-photo-depiction-03.png,473_h18-screen-mirror-photo-depiction-03.txt,h18-screen-mirror-photo-depiction,0,hard_negative,"Prompt group h18-screen-mirror-photo-depiction explicitly designs a V2 visual confound (not a clear ground-lying event), so event_label remains 0 and role is hard_negative.",user_confirmed_prompt_image_alignment,unreviewed
474_h18-screen-mirror-photo-depiction-04.png,474_h18-screen-mirror-photo-depiction-04.txt,h18-screen-mirror-photo-depiction,0,hard_negative,"Prompt group h18-screen-mirror-photo-depiction explicitly designs a V2 visual confound (not a clear ground-lying event), so event_label remains 0 and role is hard_negative.",user_confirmed_prompt_image_alignment,unreviewed
475_h18-screen-mirror-photo-depiction-05.png,475_h18-screen-mirror-photo-depiction-05.txt,h18-screen-mirror-photo-depiction,0,hard_negative,"Prompt group h18-screen-mirror-photo-depiction explicitly designs a V2 visual confound (not a clear ground-lying event), so event_label remains 0 and role is hard_negative.",user_confirmed_prompt_image_alignment,unreviewed
476_h18-screen-mirror-photo-depiction-06.png,476_h18-screen-mirror-photo-depiction-06.txt,h18-screen-mirror-photo-depiction,0,hard_negative,"Prompt group h18-screen-mirror-photo-depiction explicitly designs a V2 visual confound (not a clear ground-lying event), so event_label remains 0 and role is hard_negative.",user_confirmed_prompt_image_alignment,unreviewed
477_h18-screen-mirror-photo-depiction-07.png,477_h18-screen-mirror-photo-depiction-07.txt,h18-screen-mirror-photo-depiction,0,hard_negative,"Prompt group h18-screen-mirror-photo-depiction explicitly designs a V2 visual confound (not a clear ground-lying event), so event_label remains 0 and role is hard_negative.",user_confirmed_prompt_image_alignment,unreviewed
478_h18-screen-mirror-photo-depiction-08.png,478_h18-screen-mirror-photo-depiction-08.txt,h18-screen-mirror-photo-depiction,0,hard_negative,"Prompt group h18-screen-mirror-photo-depiction explicitly designs a V2 visual confound (not a clear ground-lying event), so event_label remains 0 and role is hard_negative.",user_confirmed_prompt_image_alignment,unreviewed
479_h18-screen-mirror-photo-depiction-09.png,479_h18-screen-mirror-photo-depiction-09.txt,h18-screen-mirror-photo-depiction,0,hard_negative,"Prompt group h18-screen-mirror-photo-depiction explicitly designs a V2 visual confound (not a clear ground-lying event), so event_label remains 0 and role is hard_negative.",user_confirmed_prompt_image_alignment,unreviewed
47_p05-side-lying-on-floor-07.png,47_p05-side-lying-on-floor-07.txt,p05-side-lying-on-floor,1,positive,Prompt group p05-side-lying-on-floor explicitly requires a real person in a lying/fallen state on ground or abnormal support; V2 accepts voluntary lying and does not require a transition.,user_confirmed_prompt_image_alignment,unreviewed
480_h18-screen-mirror-photo-depiction-10.png,480_h18-screen-mirror-photo-depiction-10.txt,h18-screen-mirror-photo-depiction,0,hard_negative,"Prompt group h18-screen-mirror-photo-depiction explicitly designs a V2 visual confound (not a clear ground-lying event), so event_label remains 0 and role is hard_negative.",user_confirmed_prompt_image_alignment,unreviewed
481_u01-severely-occluded-tiny-blurry-01.png,481_u01-severely-occluded-tiny-blurry-01.txt,u01-severely-occluded-tiny-blurry,uncertain,uncertain,"Prompt group u01-severely-occluded-tiny-blurry explicitly requires ambiguity (occlusion, tiny/blurry/partial body, or unclear support surface); retained as uncertain rather than guessed.",user_confirmed_prompt_image_alignment,unreviewed
482_u01-severely-occluded-tiny-blurry-02.png,482_u01-severely-occluded-tiny-blurry-02.txt,u01-severely-occluded-tiny-blurry,uncertain,uncertain,"Prompt group u01-severely-occluded-tiny-blurry explicitly requires ambiguity (occlusion, tiny/blurry/partial body, or unclear support surface); retained as uncertain rather than guessed.",user_confirmed_prompt_image_alignment,unreviewed
483_u01-severely-occluded-tiny-blurry-03.png,483_u01-severely-occluded-tiny-blurry-03.txt,u01-severely-occluded-tiny-blurry,uncertain,uncertain,"Prompt group u01-severely-occluded-tiny-blurry explicitly requires ambiguity (occlusion, tiny/blurry/partial body, or unclear support surface); retained as uncertain rather than guessed.",user_confirmed_prompt_image_alignment,unreviewed
484_u01-severely-occluded-tiny-blurry-04.png,484_u01-severely-occluded-tiny-blurry-04.txt,u01-severely-occluded-tiny-blurry,uncertain,uncertain,"Prompt group u01-severely-occluded-tiny-blurry explicitly requires ambiguity (occlusion, tiny/blurry/partial body, or unclear support surface); retained as uncertain rather than guessed.",user_confirmed_prompt_image_alignment,unreviewed
485_u01-severely-occluded-tiny-blurry-05.png,485_u01-severely-occluded-tiny-blurry-05.txt,u01-severely-occluded-tiny-blurry,uncertain,uncertain,"Prompt group u01-severely-occluded-tiny-blurry explicitly requires ambiguity (occlusion, tiny/blurry/partial body, or unclear support surface); retained as uncertain rather than guessed.",user_confirmed_prompt_image_alignment,unreviewed
486_u01-severely-occluded-tiny-blurry-06.png,486_u01-severely-occluded-tiny-blurry-06.txt,u01-severely-occluded-tiny-blurry,uncertain,uncertain,"Prompt group u01-severely-occluded-tiny-blurry explicitly requires ambiguity (occlusion, tiny/blurry/partial body, or unclear support surface); retained as uncertain rather than guessed.",user_confirmed_prompt_image_alignment,unreviewed
487_u01-severely-occluded-tiny-blurry-07.png,487_u01-severely-occluded-tiny-blurry-07.txt,u01-severely-occluded-tiny-blurry,uncertain,uncertain,"Prompt group u01-severely-occluded-tiny-blurry explicitly requires ambiguity (occlusion, tiny/blurry/partial body, or unclear support surface); retained as uncertain rather than guessed.",user_confirmed_prompt_image_alignment,unreviewed
488_u01-severely-occluded-tiny-blurry-08.png,488_u01-severely-occluded-tiny-blurry-08.txt,u01-severely-occluded-tiny-blurry,uncertain,uncertain,"Prompt group u01-severely-occluded-tiny-blurry explicitly requires ambiguity (occlusion, tiny/blurry/partial body, or unclear support surface); retained as uncertain rather than guessed.",user_confirmed_prompt_image_alignment,unreviewed
489_u01-severely-occluded-tiny-blurry-09.png,489_u01-severely-occluded-tiny-blurry-09.txt,u01-severely-occluded-tiny-blurry,uncertain,uncertain,"Prompt group u01-severely-occluded-tiny-blurry explicitly requires ambiguity (occlusion, tiny/blurry/partial body, or unclear support surface); retained as uncertain rather than guessed.",user_confirmed_prompt_image_alignment,unreviewed
48_p05-side-lying-on-floor-08.png,48_p05-side-lying-on-floor-08.txt,p05-side-lying-on-floor,1,positive,Prompt group p05-side-lying-on-floor explicitly requires a real person in a lying/fallen state on ground or abnormal support; V2 accepts voluntary lying and does not require a transition.,user_confirmed_prompt_image_alignment,unreviewed
490_u01-severely-occluded-tiny-blurry-10.png,490_u01-severely-occluded-tiny-blurry-10.txt,u01-severely-occluded-tiny-blurry,uncertain,uncertain,"Prompt group u01-severely-occluded-tiny-blurry explicitly requires ambiguity (occlusion, tiny/blurry/partial body, or unclear support surface); retained as uncertain rather than guessed.",user_confirmed_prompt_image_alignment,unreviewed
491_u02-unclear-support-surface-partial-body-01.png,491_u02-unclear-support-surface-partial-body-01.txt,u02-unclear-support-surface-partial-body,uncertain,uncertain,"Prompt group u02-unclear-support-surface-partial-body explicitly requires ambiguity (occlusion, tiny/blurry/partial body, or unclear support surface); retained as uncertain rather than guessed.",user_confirmed_prompt_image_alignment,unreviewed
492_u02-unclear-support-surface-partial-body-02.png,492_u02-unclear-support-surface-partial-body-02.txt,u02-unclear-support-surface-partial-body,uncertain,uncertain,"Prompt group u02-unclear-support-surface-partial-body explicitly requires ambiguity (occlusion, tiny/blurry/partial body, or unclear support surface); retained as uncertain rather than guessed.",user_confirmed_prompt_image_alignment,unreviewed
493_u02-unclear-support-surface-partial-body-03.png,493_u02-unclear-support-surface-partial-body-03.txt,u02-unclear-support-surface-partial-body,uncertain,uncertain,"Prompt group u02-unclear-support-surface-partial-body explicitly requires ambiguity (occlusion, tiny/blurry/partial body, or unclear support surface); retained as uncertain rather than guessed.",user_confirmed_prompt_image_alignment,unreviewed
494_u02-unclear-support-surface-partial-body-04.png,494_u02-unclear-support-surface-partial-body-04.txt,u02-unclear-support-surface-partial-body,uncertain,uncertain,"Prompt group u02-unclear-support-surface-partial-body explicitly requires ambiguity (occlusion, tiny/blurry/partial body, or unclear support surface); retained as uncertain rather than guessed.",user_confirmed_prompt_image_alignment,unreviewed
495_u02-unclear-support-surface-partial-body-05.png,495_u02-unclear-support-surface-partial-body-05.txt,u02-unclear-support-surface-partial-body,uncertain,uncertain,"Prompt group u02-unclear-support-surface-partial-body explicitly requires ambiguity (occlusion, tiny/blurry/partial body, or unclear support surface); retained as uncertain rather than guessed.",user_confirmed_prompt_image_alignment,unreviewed
496_u02-unclear-support-surface-partial-body-06.png,496_u02-unclear-support-surface-partial-body-06.txt,u02-unclear-support-surface-partial-body,uncertain,uncertain,"Prompt group u02-unclear-support-surface-partial-body explicitly requires ambiguity (occlusion, tiny/blurry/partial body, or unclear support surface); retained as uncertain rather than guessed.",user_confirmed_prompt_image_alignment,unreviewed
497_u02-unclear-support-surface-partial-body-07.png,497_u02-unclear-support-surface-partial-body-07.txt,u02-unclear-support-surface-partial-body,uncertain,uncertain,"Prompt group u02-unclear-support-surface-partial-body explicitly requires ambiguity (occlusion, tiny/blurry/partial body, or unclear support surface); retained as uncertain rather than guessed.",user_confirmed_prompt_image_alignment,unreviewed
498_u02-unclear-support-surface-partial-body-08.png,498_u02-unclear-support-surface-partial-body-08.txt,u02-unclear-support-surface-partial-body,uncertain,uncertain,"Prompt group u02-unclear-support-surface-partial-body explicitly requires ambiguity (occlusion, tiny/blurry/partial body, or unclear support surface); retained as uncertain rather than guessed.",user_confirmed_prompt_image_alignment,unreviewed
499_u02-unclear-support-surface-partial-body-09.png,499_u02-unclear-support-surface-partial-body-09.txt,u02-unclear-support-surface-partial-body,uncertain,uncertain,"Prompt group u02-unclear-support-surface-partial-body explicitly requires ambiguity (occlusion, tiny/blurry/partial body, or unclear support surface); retained as uncertain rather than guessed.",user_confirmed_prompt_image_alignment,unreviewed
49_p05-side-lying-on-floor-09.png,49_p05-side-lying-on-floor-09.txt,p05-side-lying-on-floor,1,positive,Prompt group p05-side-lying-on-floor explicitly requires a real person in a lying/fallen state on ground or abnormal support; V2 accepts voluntary lying and does not require a transition.,user_confirmed_prompt_image_alignment,unreviewed
500_u02-unclear-support-surface-partial-body-10.png,500_u02-unclear-support-surface-partial-body-10.txt,u02-unclear-support-surface-partial-body,uncertain,uncertain,"Prompt group u02-unclear-support-surface-partial-body explicitly requires ambiguity (occlusion, tiny/blurry/partial body, or unclear support surface); retained as uncertain rather than guessed.",user_confirmed_prompt_image_alignment,unreviewed
50_p05-side-lying-on-floor-10.png,50_p05-side-lying-on-floor-10.txt,p05-side-lying-on-floor,1,positive,Prompt group p05-side-lying-on-floor explicitly requires a real person in a lying/fallen state on ground or abnormal support; V2 accepts voluntary lying and does not require a transition.,user_confirmed_prompt_image_alignment,unreviewed
51_p06-side-lying-on-floor-01.png,51_p06-side-lying-on-floor-01.txt,p06-side-lying-on-floor,1,positive,Prompt group p06-side-lying-on-floor explicitly requires a real person in a lying/fallen state on ground or abnormal support; V2 accepts voluntary lying and does not require a transition.,user_confirmed_prompt_image_alignment,unreviewed
52_p06-side-lying-on-floor-02.png,52_p06-side-lying-on-floor-02.txt,p06-side-lying-on-floor,1,positive,Prompt group p06-side-lying-on-floor explicitly requires a real person in a lying/fallen state on ground or abnormal support; V2 accepts voluntary lying and does not require a transition.,user_confirmed_prompt_image_alignment,unreviewed
53_p06-side-lying-on-floor-03.png,53_p06-side-lying-on-floor-03.txt,p06-side-lying-on-floor,1,positive,Prompt group p06-side-lying-on-floor explicitly requires a real person in a lying/fallen state on ground or abnormal support; V2 accepts voluntary lying and does not require a transition.,user_confirmed_prompt_image_alignment,unreviewed
54_p06-side-lying-on-floor-04.png,54_p06-side-lying-on-floor-04.txt,p06-side-lying-on-floor,1,positive,Prompt group p06-side-lying-on-floor explicitly requires a real person in a lying/fallen state on ground or abnormal support; V2 accepts voluntary lying and does not require a transition.,user_confirmed_prompt_image_alignment,unreviewed
55_p06-side-lying-on-floor-05.png,55_p06-side-lying-on-floor-05.txt,p06-side-lying-on-floor,1,positive,Prompt group p06-side-lying-on-floor explicitly requires a real person in a lying/fallen state on ground or abnormal support; V2 accepts voluntary lying and does not require a transition.,user_confirmed_prompt_image_alignment,unreviewed
56_p06-side-lying-on-floor-06.png,56_p06-side-lying-on-floor-06.txt,p06-side-lying-on-floor,1,positive,Prompt group p06-side-lying-on-floor explicitly requires a real person in a lying/fallen state on ground or abnormal support; V2 accepts voluntary lying and does not require a transition.,user_confirmed_prompt_image_alignment,unreviewed
57_p06-side-lying-on-floor-07.png,57_p06-side-lying-on-floor-07.txt,p06-side-lying-on-floor,1,positive,Prompt group p06-side-lying-on-floor explicitly requires a real person in a lying/fallen state on ground or abnormal support; V2 accepts voluntary lying and does not require a transition.,user_confirmed_prompt_image_alignment,unreviewed
58_p06-side-lying-on-floor-08.png,58_p06-side-lying-on-floor-08.txt,p06-side-lying-on-floor,1,positive,Prompt group p06-side-lying-on-floor explicitly requires a real person in a lying/fallen state on ground or abnormal support; V2 accepts voluntary lying and does not require a transition.,user_confirmed_prompt_image_alignment,unreviewed
59_p06-side-lying-on-floor-09.png,59_p06-side-lying-on-floor-09.txt,p06-side-lying-on-floor,1,positive,Prompt group p06-side-lying-on-floor explicitly requires a real person in a lying/fallen state on ground or abnormal support; V2 accepts voluntary lying and does not require a transition.,user_confirmed_prompt_image_alignment,unreviewed
60_p06-side-lying-on-floor-10.png,60_p06-side-lying-on-floor-10.txt,p06-side-lying-on-floor,1,positive,Prompt group p06-side-lying-on-floor explicitly requires a real person in a lying/fallen state on ground or abnormal support; V2 accepts voluntary lying and does not require a transition.,user_confirmed_prompt_image_alignment,unreviewed
61_p07-irregular-sprawled-posture-01.png,61_p07-irregular-sprawled-posture-01.txt,p07-irregular-sprawled-posture,1,positive,Prompt group p07-irregular-sprawled-posture explicitly requires a real person in a lying/fallen state on ground or abnormal support; V2 accepts voluntary lying and does not require a transition.,user_confirmed_prompt_image_alignment,unreviewed
62_p07-irregular-sprawled-posture-02.png,62_p07-irregular-sprawled-posture-02.txt,p07-irregular-sprawled-posture,1,positive,Prompt group p07-irregular-sprawled-posture explicitly requires a real person in a lying/fallen state on ground or abnormal support; V2 accepts voluntary lying and does not require a transition.,user_confirmed_prompt_image_alignment,unreviewed
63_p07-irregular-sprawled-posture-03.png,63_p07-irregular-sprawled-posture-03.txt,p07-irregular-sprawled-posture,1,positive,Prompt group p07-irregular-sprawled-posture explicitly requires a real person in a lying/fallen state on ground or abnormal support; V2 accepts voluntary lying and does not require a transition.,user_confirmed_prompt_image_alignment,unreviewed
64_p07-irregular-sprawled-posture-04.png,64_p07-irregular-sprawled-posture-04.txt,p07-irregular-sprawled-posture,1,positive,Prompt group p07-irregular-sprawled-posture explicitly requires a real person in a lying/fallen state on ground or abnormal support; V2 accepts voluntary lying and does not require a transition.,user_confirmed_prompt_image_alignment,unreviewed
65_p07-irregular-sprawled-posture-05.png,65_p07-irregular-sprawled-posture-05.txt,p07-irregular-sprawled-posture,1,positive,Prompt group p07-irregular-sprawled-posture explicitly requires a real person in a lying/fallen state on ground or abnormal support; V2 accepts voluntary lying and does not require a transition.,user_confirmed_prompt_image_alignment,unreviewed
66_p07-irregular-sprawled-posture-06.png,66_p07-irregular-sprawled-posture-06.txt,p07-irregular-sprawled-posture,1,positive,Prompt group p07-irregular-sprawled-posture explicitly requires a real person in a lying/fallen state on ground or abnormal support; V2 accepts voluntary lying and does not require a transition.,user_confirmed_prompt_image_alignment,unreviewed
67_p07-irregular-sprawled-posture-07.png,67_p07-irregular-sprawled-posture-07.txt,p07-irregular-sprawled-posture,1,positive,Prompt group p07-irregular-sprawled-posture explicitly requires a real person in a lying/fallen state on ground or abnormal support; V2 accepts voluntary lying and does not require a transition.,user_confirmed_prompt_image_alignment,unreviewed
68_p07-irregular-sprawled-posture-08.png,68_p07-irregular-sprawled-posture-08.txt,p07-irregular-sprawled-posture,1,positive,Prompt group p07-irregular-sprawled-posture explicitly requires a real person in a lying/fallen state on ground or abnormal support; V2 accepts voluntary lying and does not require a transition.,user_confirmed_prompt_image_alignment,unreviewed
69_p07-irregular-sprawled-posture-09.png,69_p07-irregular-sprawled-posture-09.txt,p07-irregular-sprawled-posture,1,positive,Prompt group p07-irregular-sprawled-posture explicitly requires a real person in a lying/fallen state on ground or abnormal support; V2 accepts voluntary lying and does not require a transition.,user_confirmed_prompt_image_alignment,unreviewed
70_p07-irregular-sprawled-posture-10.png,70_p07-irregular-sprawled-posture-10.txt,p07-irregular-sprawled-posture,1,positive,Prompt group p07-irregular-sprawled-posture explicitly requires a real person in a lying/fallen state on ground or abnormal support; V2 accepts voluntary lying and does not require a transition.,user_confirmed_prompt_image_alignment,unreviewed
71_p08-irregular-sprawled-posture-01.png,71_p08-irregular-sprawled-posture-01.txt,p08-irregular-sprawled-posture,1,positive,Prompt group p08-irregular-sprawled-posture explicitly requires a real person in a lying/fallen state on ground or abnormal support; V2 accepts voluntary lying and does not require a transition.,user_confirmed_prompt_image_alignment,unreviewed
72_p08-irregular-sprawled-posture-02.png,72_p08-irregular-sprawled-posture-02.txt,p08-irregular-sprawled-posture,1,positive,Prompt group p08-irregular-sprawled-posture explicitly requires a real person in a lying/fallen state on ground or abnormal support; V2 accepts voluntary lying and does not require a transition.,user_confirmed_prompt_image_alignment,unreviewed
73_p08-irregular-sprawled-posture-03.png,73_p08-irregular-sprawled-posture-03.txt,p08-irregular-sprawled-posture,1,positive,Prompt group p08-irregular-sprawled-posture explicitly requires a real person in a lying/fallen state on ground or abnormal support; V2 accepts voluntary lying and does not require a transition.,user_confirmed_prompt_image_alignment,unreviewed
74_p08-irregular-sprawled-posture-04.png,74_p08-irregular-sprawled-posture-04.txt,p08-irregular-sprawled-posture,1,positive,Prompt group p08-irregular-sprawled-posture explicitly requires a real person in a lying/fallen state on ground or abnormal support; V2 accepts voluntary lying and does not require a transition.,user_confirmed_prompt_image_alignment,unreviewed
75_p08-irregular-sprawled-posture-05.png,75_p08-irregular-sprawled-posture-05.txt,p08-irregular-sprawled-posture,1,positive,Prompt group p08-irregular-sprawled-posture explicitly requires a real person in a lying/fallen state on ground or abnormal support; V2 accepts voluntary lying and does not require a transition.,user_confirmed_prompt_image_alignment,unreviewed
76_p08-irregular-sprawled-posture-06.png,76_p08-irregular-sprawled-posture-06.txt,p08-irregular-sprawled-posture,1,positive,Prompt group p08-irregular-sprawled-posture explicitly requires a real person in a lying/fallen state on ground or abnormal support; V2 accepts voluntary lying and does not require a transition.,user_confirmed_prompt_image_alignment,unreviewed
77_p08-irregular-sprawled-posture-07.png,77_p08-irregular-sprawled-posture-07.txt,p08-irregular-sprawled-posture,1,positive,Prompt group p08-irregular-sprawled-posture explicitly requires a real person in a lying/fallen state on ground or abnormal support; V2 accepts voluntary lying and does not require a transition.,user_confirmed_prompt_image_alignment,unreviewed
78_p08-irregular-sprawled-posture-08.png,78_p08-irregular-sprawled-posture-08.txt,p08-irregular-sprawled-posture,1,positive,Prompt group p08-irregular-sprawled-posture explicitly requires a real person in a lying/fallen state on ground or abnormal support; V2 accepts voluntary lying and does not require a transition.,user_confirmed_prompt_image_alignment,unreviewed
79_p08-irregular-sprawled-posture-09.png,79_p08-irregular-sprawled-posture-09.txt,p08-irregular-sprawled-posture,1,positive,Prompt group p08-irregular-sprawled-posture explicitly requires a real person in a lying/fallen state on ground or abnormal support; V2 accepts voluntary lying and does not require a transition.,user_confirmed_prompt_image_alignment,unreviewed
80_p08-irregular-sprawled-posture-10.png,80_p08-irregular-sprawled-posture-10.txt,p08-irregular-sprawled-posture,1,positive,Prompt group p08-irregular-sprawled-posture explicitly requires a real person in a lying/fallen state on ground or abnormal support; V2 accepts voluntary lying and does not require a transition.,user_confirmed_prompt_image_alignment,unreviewed
81_p09-partially-occluded-fallen-person-01.png,81_p09-partially-occluded-fallen-person-01.txt,p09-partially-occluded-fallen-person,1,positive,Prompt group p09-partially-occluded-fallen-person explicitly requires a real person in a lying/fallen state on ground or abnormal support; V2 accepts voluntary lying and does not require a transition.,user_confirmed_prompt_image_alignment,unreviewed
82_p09-partially-occluded-fallen-person-02.png,82_p09-partially-occluded-fallen-person-02.txt,p09-partially-occluded-fallen-person,1,positive,Prompt group p09-partially-occluded-fallen-person explicitly requires a real person in a lying/fallen state on ground or abnormal support; V2 accepts voluntary lying and does not require a transition.,user_confirmed_prompt_image_alignment,unreviewed
83_p09-partially-occluded-fallen-person-03.png,83_p09-partially-occluded-fallen-person-03.txt,p09-partially-occluded-fallen-person,1,positive,Prompt group p09-partially-occluded-fallen-person explicitly requires a real person in a lying/fallen state on ground or abnormal support; V2 accepts voluntary lying and does not require a transition.,user_confirmed_prompt_image_alignment,unreviewed
84_p09-partially-occluded-fallen-person-04.png,84_p09-partially-occluded-fallen-person-04.txt,p09-partially-occluded-fallen-person,1,positive,Prompt group p09-partially-occluded-fallen-person explicitly requires a real person in a lying/fallen state on ground or abnormal support; V2 accepts voluntary lying and does not require a transition.,user_confirmed_prompt_image_alignment,unreviewed
85_p09-partially-occluded-fallen-person-05.png,85_p09-partially-occluded-fallen-person-05.txt,p09-partially-occluded-fallen-person,1,positive,Prompt group p09-partially-occluded-fallen-person explicitly requires a real person in a lying/fallen state on ground or abnormal support; V2 accepts voluntary lying and does not require a transition.,user_confirmed_prompt_image_alignment,unreviewed
86_p09-partially-occluded-fallen-person-06.png,86_p09-partially-occluded-fallen-person-06.txt,p09-partially-occluded-fallen-person,1,positive,Prompt group p09-partially-occluded-fallen-person explicitly requires a real person in a lying/fallen state on ground or abnormal support; V2 accepts voluntary lying and does not require a transition.,user_confirmed_prompt_image_alignment,unreviewed
87_p09-partially-occluded-fallen-person-07.png,87_p09-partially-occluded-fallen-person-07.txt,p09-partially-occluded-fallen-person,1,positive,Prompt group p09-partially-occluded-fallen-person explicitly requires a real person in a lying/fallen state on ground or abnormal support; V2 accepts voluntary lying and does not require a transition.,user_confirmed_prompt_image_alignment,unreviewed
88_p09-partially-occluded-fallen-person-08.png,88_p09-partially-occluded-fallen-person-08.txt,p09-partially-occluded-fallen-person,1,positive,Prompt group p09-partially-occluded-fallen-person explicitly requires a real person in a lying/fallen state on ground or abnormal support; V2 accepts voluntary lying and does not require a transition.,user_confirmed_prompt_image_alignment,unreviewed
89_p09-partially-occluded-fallen-person-09.png,89_p09-partially-occluded-fallen-person-09.txt,p09-partially-occluded-fallen-person,1,positive,Prompt group p09-partially-occluded-fallen-person explicitly requires a real person in a lying/fallen state on ground or abnormal support; V2 accepts voluntary lying and does not require a transition.,user_confirmed_prompt_image_alignment,unreviewed
90_p09-partially-occluded-fallen-person-10.png,90_p09-partially-occluded-fallen-person-10.txt,p09-partially-occluded-fallen-person,1,positive,Prompt group p09-partially-occluded-fallen-person explicitly requires a real person in a lying/fallen state on ground or abnormal support; V2 accepts voluntary lying and does not require a transition.,user_confirmed_prompt_image_alignment,unreviewed
91_p10-partially-occluded-fallen-person-01.png,91_p10-partially-occluded-fallen-person-01.txt,p10-partially-occluded-fallen-person,1,positive,Prompt group p10-partially-occluded-fallen-person explicitly requires a real person in a lying/fallen state on ground or abnormal support; V2 accepts voluntary lying and does not require a transition.,user_confirmed_prompt_image_alignment,unreviewed
92_p10-partially-occluded-fallen-person-02.png,92_p10-partially-occluded-fallen-person-02.txt,p10-partially-occluded-fallen-person,1,positive,Prompt group p10-partially-occluded-fallen-person explicitly requires a real person in a lying/fallen state on ground or abnormal support; V2 accepts voluntary lying and does not require a transition.,user_confirmed_prompt_image_alignment,unreviewed
93_p10-partially-occluded-fallen-person-03.png,93_p10-partially-occluded-fallen-person-03.txt,p10-partially-occluded-fallen-person,1,positive,Prompt group p10-partially-occluded-fallen-person explicitly requires a real person in a lying/fallen state on ground or abnormal support; V2 accepts voluntary lying and does not require a transition.,user_confirmed_prompt_image_alignment,unreviewed
94_p10-partially-occluded-fallen-person-04.png,94_p10-partially-occluded-fallen-person-04.txt,p10-partially-occluded-fallen-person,1,positive,Prompt group p10-partially-occluded-fallen-person explicitly requires a real person in a lying/fallen state on ground or abnormal support; V2 accepts voluntary lying and does not require a transition.,user_confirmed_prompt_image_alignment,unreviewed
95_p10-partially-occluded-fallen-person-05.png,95_p10-partially-occluded-fallen-person-05.txt,p10-partially-occluded-fallen-person,1,positive,Prompt group p10-partially-occluded-fallen-person explicitly requires a real person in a lying/fallen state on ground or abnormal support; V2 accepts voluntary lying and does not require a transition.,user_confirmed_prompt_image_alignment,unreviewed
96_p10-partially-occluded-fallen-person-06.png,96_p10-partially-occluded-fallen-person-06.txt,p10-partially-occluded-fallen-person,1,positive,Prompt group p10-partially-occluded-fallen-person explicitly requires a real person in a lying/fallen state on ground or abnormal support; V2 accepts voluntary lying and does not require a transition.,user_confirmed_prompt_image_alignment,unreviewed
97_p10-partially-occluded-fallen-person-07.png,97_p10-partially-occluded-fallen-person-07.txt,p10-partially-occluded-fallen-person,1,positive,Prompt group p10-partially-occluded-fallen-person explicitly requires a real person in a lying/fallen state on ground or abnormal support; V2 accepts voluntary lying and does not require a transition.,user_confirmed_prompt_image_alignment,unreviewed
98_p10-partially-occluded-fallen-person-08.png,98_p10-partially-occluded-fallen-person-08.txt,p10-partially-occluded-fallen-person,1,positive,Prompt group p10-partially-occluded-fallen-person explicitly requires a real person in a lying/fallen state on ground or abnormal support; V2 accepts voluntary lying and does not require a transition.,user_confirmed_prompt_image_alignment,unreviewed
99_p10-partially-occluded-fallen-person-09.png,99_p10-partially-occluded-fallen-person-09.txt,p10-partially-occluded-fallen-person,1,positive,Prompt group p10-partially-occluded-fallen-person explicitly requires a real person in a lying/fallen state on ground or abnormal support; V2 accepts voluntary lying and does not require a transition.,user_confirmed_prompt_image_alignment,unreviewed
