image_filename,image_path,image_sha256,image_width,image_height,prompt_filename,prompt_path,prompt_sha256,mapping_status
01_p01-supine-on-floor-01.png,/home/yanbo/下载/batches/batch_person-fallen-v2-camera1p5m/final/01_p01-supine-on-floor-01.png,3f8831314ec9403dafb006291009877fe8a2d85b9930710f92a6048b23d50c70,1920,1080,01_p01-supine-on-floor-01.txt,/home/yanbo/下载/batches/batch_person-fallen-v2-camera1p5m/prompts/01_p01-supine-on-floor-01.txt,9ee55e2d521004485d60ad1252498f0b142acc01a3c2d29b697b95c77eaa52ed,PASS
02_p01-supine-on-floor-02.png,/home/yanbo/下载/batches/batch_person-fallen-v2-camera1p5m/final/02_p01-supine-on-floor-02.png,0efbb9f5706f84c5382a0ba30bec46d35ed7b875072c5dbea115139e58a47d8a,1920,1080,02_p01-supine-on-floor-02.txt,/home/yanbo/下载/batches/batch_person-fallen-v2-camera1p5m/prompts/02_p01-supine-on-floor-02.txt,77213752e5a1bd810c1975f9003c10e5702b376079d86db78f150c74e87a7715,PASS
03_p01-supine-on-floor-03.png,/home/yanbo/下载/batches/batch_person-fallen-v2-camera1p5m/final/03_p01-supine-on-floor-03.png,00226efe88ae972b085592e830ecd461400e627e3f30514aa0bc5174fefc707d,1920,1080,03_p01-supine-on-floor-03.txt,/home/yanbo/下载/batches/batch_person-fallen-v2-camera1p5m/prompts/03_p01-supine-on-floor-03.txt,6e08ef08b743ce469bfbef5ac0d5c690e51f1177fd182995101a48d412a427a1,PASS
04_p01-supine-on-floor-04.png,/home/yanbo/下载/batches/batch_person-fallen-v2-camera1p5m/final/04_p01-supine-on-floor-04.png,b2c04a5ef00e87142592beb2ab5dade093473c24353132baa4f9fa651be1a6a4,1920,1080,04_p01-supine-on-floor-04.txt,/home/yanbo/下载/batches/batch_person-fallen-v2-camera1p5m/prompts/04_p01-supine-on-floor-04.txt,392a05921628a25e7272e4374262e3492429b1739c62ee684b25b8a0af4c8b62,PASS
05_p01-supine-on-floor-05.png,/home/yanbo/下载/batches/batch_person-fallen-v2-camera1p5m/final/05_p01-supine-on-floor-05.png,5c47f738bf7bbfe499cb85f5b8ab7601c3229c4405845c536d6e814c64dc6c79,1920,1080,05_p01-supine-on-floor-05.txt,/home/yanbo/下载/batches/batch_person-fallen-v2-camera1p5m/prompts/05_p01-supine-on-floor-05.txt,076ed6a568456429111eead0a9705124adde2399da08c15008c43dd218621222,PASS
06_p01-supine-on-floor-06.png,/home/yanbo/下载/batches/batch_person-fallen-v2-camera1p5m/final/06_p01-supine-on-floor-06.png,9dc8c1e15e4e31d1c22d5a868a207d56530752c6902fa9c678d824ba7a6e8bb6,1920,1080,06_p01-supine-on-floor-06.txt,/home/yanbo/下载/batches/batch_person-fallen-v2-camera1p5m/prompts/06_p01-supine-on-floor-06.txt,08d36f8bc87be7fb318e2e2c321dc0fcab58a710a352801988a93917ec342a28,PASS
07_p01-supine-on-floor-07.png,/home/yanbo/下载/batches/batch_person-fallen-v2-camera1p5m/final/07_p01-supine-on-floor-07.png,2d18f5d7a8e1fb5d146ba1167c7a02d08ea63e72f6c3dacfcce8997cd19695b2,1920,1080,07_p01-supine-on-floor-07.txt,/home/yanbo/下载/batches/batch_person-fallen-v2-camera1p5m/prompts/07_p01-supine-on-floor-07.txt,baae53606ba3a56d02eb85c74b638ce39c008e5f36fadfe5fe01c2c70ae007bc,PASS
08_p01-supine-on-floor-08.png,/home/yanbo/下载/batches/batch_person-fallen-v2-camera1p5m/final/08_p01-supine-on-floor-08.png,abc8eeef34ef97fc9ac4511ae695e911ec950c384ff3a959cf1a05e24955588e,1920,1080,08_p01-supine-on-floor-08.txt,/home/yanbo/下载/batches/batch_person-fallen-v2-camera1p5m/prompts/08_p01-supine-on-floor-08.txt,63696c83c3da0ca5e18fd147b8e81a0495ad147a4fdc251d7ec2a8a7bf700679,PASS
09_p01-supine-on-floor-09.png,/home/yanbo/下载/batches/batch_person-fallen-v2-camera1p5m/final/09_p01-supine-on-floor-09.png,4791a565447bec69f60b175570fb4bdb5efc1dde5d2474f50073b03398cd012e,1920,1080,09_p01-supine-on-floor-09.txt,/home/yanbo/下载/batches/batch_person-fallen-v2-camera1p5m/prompts/09_p01-supine-on-floor-09.txt,3b1503fb57ea0743aa0e2a5e774fb973dea3bc063760b015fccda254ea7636b4,PASS
100_p10-partially-occluded-fallen-person-10.png,/home/yanbo/下载/batches/batch_person-fallen-v2-camera1p5m/final/100_p10-partially-occluded-fallen-person-10.png,663731c7d5fa6323b5b1a136d1cef8a31364fd4e96752a4af1949592156d9a4a,1920,1080,100_p10-partially-occluded-fallen-person-10.txt,/home/yanbo/下载/batches/batch_person-fallen-v2-camera1p5m/prompts/100_p10-partially-occluded-fallen-person-10.txt,0ccf8434581a3fb0d755e8f8b49eebfac38174b248d860eba30373c1d9345b8a,PASS
101_p11-small-target-far-distance-01.png,/home/yanbo/下载/batches/batch_person-fallen-v2-camera1p5m/final/101_p11-small-target-far-distance-01.png,f327b0dcb961def4c67f39a4c460daae976157cf6017b79d643f3fc3d55af1e6,1920,1080,101_p11-small-target-far-distance-01.txt,/home/yanbo/下载/batches/batch_person-fallen-v2-camera1p5m/prompts/101_p11-small-target-far-distance-01.txt,2cd74742d2d063d06078a4ef485554baec5a34da6935323a9405950623697a8f,PASS
102_p11-small-target-far-distance-02.png,/home/yanbo/下载/batches/batch_person-fallen-v2-camera1p5m/final/102_p11-small-target-far-distance-02.png,7dd82c1193905c39dd7f736b62b0940445267a7d522c490745e1974ef0adc9a3,1920,1080,102_p11-small-target-far-distance-02.txt,/home/yanbo/下载/batches/batch_person-fallen-v2-camera1p5m/prompts/102_p11-small-target-far-distance-02.txt,f3f0c9d8be77a1e4035ca7fa5a9d739bb0b23eeddbb435b0fe336671fd6888f1,PASS
103_p11-small-target-far-distance-03.png,/home/yanbo/下载/batches/batch_person-fallen-v2-camera1p5m/final/103_p11-small-target-far-distance-03.png,ec6a6a7279346eb6b1a4a3163a99c66b8b405ccf20e3a0e3cf33d5bfb6930720,1920,1080,103_p11-small-target-far-distance-03.txt,/home/yanbo/下载/batches/batch_person-fallen-v2-camera1p5m/prompts/103_p11-small-target-far-distance-03.txt,6b5e9dbf88072574ba6d308a802f99f724c42e71c1c6c6f7a60adc5a0805e3c7,PASS
104_p11-small-target-far-distance-04.png,/home/yanbo/下载/batches/batch_person-fallen-v2-camera1p5m/final/104_p11-small-target-far-distance-04.png,f26f261140525e10c003f8427e3e0bb8d614b6aa4e14ff6856dd039b13a1137d,1920,1080,104_p11-small-target-far-distance-04.txt,/home/yanbo/下载/batches/batch_person-fallen-v2-camera1p5m/prompts/104_p11-small-target-far-distance-04.txt,254d9d465647b730c6989465d55a501b686d0d3e079062c596967d0019f0a66b,PASS
105_p11-small-target-far-distance-05.png,/home/yanbo/下载/batches/batch_person-fallen-v2-camera1p5m/final/105_p11-small-target-far-distance-05.png,52728e6db03a58114bd6d0faed5cba15585186d757237594ab5c2912ca4ce2ca,1920,1080,105_p11-small-target-far-distance-05.txt,/home/yanbo/下载/batches/batch_person-fallen-v2-camera1p5m/prompts/105_p11-small-target-far-distance-05.txt,eee60688ab6edd9b7317a610edc7df77165815a18e37aca1ec5df17badd19ce4,PASS
106_p11-small-target-far-distance-06.png,/home/yanbo/下载/batches/batch_person-fallen-v2-camera1p5m/final/106_p11-small-target-far-distance-06.png,70f969de8c82a8dc3fda0e7f36862d19da8c5cfc5d9340a33050a3da6e68b349,1920,1080,106_p11-small-target-far-distance-06.txt,/home/yanbo/下载/batches/batch_person-fallen-v2-camera1p5m/prompts/106_p11-small-target-far-distance-06.txt,e0183ed9a069dd27522df98612878ca2b095161c389965122cf5fdc85719f880,PASS
107_p11-small-target-far-distance-07.png,/home/yanbo/下载/batches/batch_person-fallen-v2-camera1p5m/final/107_p11-small-target-far-distance-07.png,d8f59162f45467f3e783a0ce414dafcbbd077df657c422332b88dea4213aded4,1920,1080,107_p11-small-target-far-distance-07.txt,/home/yanbo/下载/batches/batch_person-fallen-v2-camera1p5m/prompts/107_p11-small-target-far-distance-07.txt,e24b1a008a531d51531d4c1eb867c41c3a3f7fcaf105cac7353f71d01c24faef,PASS
108_p11-small-target-far-distance-08.png,/home/yanbo/下载/batches/batch_person-fallen-v2-camera1p5m/final/108_p11-small-target-far-distance-08.png,f35b1ba98530a2038160a370e963a0890fd4bbc846f3a97330e2a8f0b2300ef6,1920,1080,108_p11-small-target-far-distance-08.txt,/home/yanbo/下载/batches/batch_person-fallen-v2-camera1p5m/prompts/108_p11-small-target-far-distance-08.txt,80731c99fa35c9a60237dac462d9ccd0e993f4646753830199ed2bcfc58756ea,PASS
109_p11-small-target-far-distance-09.png,/home/yanbo/下载/batches/batch_person-fallen-v2-camera1p5m/final/109_p11-small-target-far-distance-09.png,a845ea4ea68b331dc883ec7e9b81d613a0d71b5a12f0ff22ea26078d325592a8,1920,1080,109_p11-small-target-far-distance-09.txt,/home/yanbo/下载/batches/batch_person-fallen-v2-camera1p5m/prompts/109_p11-small-target-far-distance-09.txt,c1fa9fe26a76b85b23951b1031523edf54d36a3ccd8cc65aeda0f975b8765fd7,PASS
10_p01-supine-on-floor-10.png,/home/yanbo/下载/batches/batch_person-fallen-v2-camera1p5m/final/10_p01-supine-on-floor-10.png,38ce6cfd624925a391aacf8d6c267d8413b097d6ec4ded21c7df9f4bff2cfeff,1920,1080,10_p01-supine-on-floor-10.txt,/home/yanbo/下载/batches/batch_person-fallen-v2-camera1p5m/prompts/10_p01-supine-on-floor-10.txt,458706b1fd3f5c96306767cb4ba2eb3ab5f5d4306c65417ea3e9b13e70058eab,PASS
110_p11-small-target-far-distance-10.png,/home/yanbo/下载/batches/batch_person-fallen-v2-camera1p5m/final/110_p11-small-target-far-distance-10.png,efe45d0ff9a1ad063fa930140a73f54bdf564c3a9b239ebedef1217d31366066,1920,1080,110_p11-small-target-far-distance-10.txt,/home/yanbo/下载/batches/batch_person-fallen-v2-camera1p5m/prompts/110_p11-small-target-far-distance-10.txt,d743344affdacf078acea7b04a9d7785363cb7afa378d1505d85d7b5f15a5c05,PASS
111_p12-small-target-far-distance-01.png,/home/yanbo/下载/batches/batch_person-fallen-v2-camera1p5m/final/111_p12-small-target-far-distance-01.png,13e8ef71870c18d10ac9cc45523bbe4f41cbf083965e4a221e973326dcf56bb4,1920,1080,111_p12-small-target-far-distance-01.txt,/home/yanbo/下载/batches/batch_person-fallen-v2-camera1p5m/prompts/111_p12-small-target-far-distance-01.txt,b7ba0f2bd396685c22da9536b0c3df1d3fa36829ca417b5a322f24be199300b0,PASS
112_p12-small-target-far-distance-02.png,/home/yanbo/下载/batches/batch_person-fallen-v2-camera1p5m/final/112_p12-small-target-far-distance-02.png,4246436d0560d692bc2a83933ff0ccc245b079b9dc388f87f12af3ba4c0efbde,1920,1080,112_p12-small-target-far-distance-02.txt,/home/yanbo/下载/batches/batch_person-fallen-v2-camera1p5m/prompts/112_p12-small-target-far-distance-02.txt,9e892afca1da6a7508f340e76c380a6e6a84f6ad55880fd51e64442cdbfcc31a,PASS
113_p12-small-target-far-distance-03.png,/home/yanbo/下载/batches/batch_person-fallen-v2-camera1p5m/final/113_p12-small-target-far-distance-03.png,4f075f1149ff33cfcbcec68d07edbf4cc29988b3f720ccf0b5d74fdce70facef,1920,1080,113_p12-small-target-far-distance-03.txt,/home/yanbo/下载/batches/batch_person-fallen-v2-camera1p5m/prompts/113_p12-small-target-far-distance-03.txt,69fcc9b31d4ac349b5594d7c95905133abe64326f4b35096e699be916a34d561,PASS
114_p12-small-target-far-distance-04.png,/home/yanbo/下载/batches/batch_person-fallen-v2-camera1p5m/final/114_p12-small-target-far-distance-04.png,e2928c129ae6704a885c150d43502ddb40a423dc0f8553a21174ef5dae51e0f0,1920,1080,114_p12-small-target-far-distance-04.txt,/home/yanbo/下载/batches/batch_person-fallen-v2-camera1p5m/prompts/114_p12-small-target-far-distance-04.txt,c3510cfe73214ad49045dee7b8d3dc9063daa3926c3e2953ae2bbd1b1b949d12,PASS
115_p12-small-target-far-distance-05.png,/home/yanbo/下载/batches/batch_person-fallen-v2-camera1p5m/final/115_p12-small-target-far-distance-05.png,622d392259b400aa43fa2e5b1dce8794622f280a4fa06fdaf4da1909f5e5deb0,1920,1080,115_p12-small-target-far-distance-05.txt,/home/yanbo/下载/batches/batch_person-fallen-v2-camera1p5m/prompts/115_p12-small-target-far-distance-05.txt,af53407dc94bcc51589f3abb8ca421a8b0b0da17767835aefb5b81d2f6913a4d,PASS
116_p12-small-target-far-distance-06.png,/home/yanbo/下载/batches/batch_person-fallen-v2-camera1p5m/final/116_p12-small-target-far-distance-06.png,a14ab07cc237f1a4f11a5051bece00f00a840747d4b99370ef4aae4a0f04676e,1920,1080,116_p12-small-target-far-distance-06.txt,/home/yanbo/下载/batches/batch_person-fallen-v2-camera1p5m/prompts/116_p12-small-target-far-distance-06.txt,8c5f899a03582fce7fb6cddb7934d5a7fb4f2517518c5afd2576bf4c14514362,PASS
117_p12-small-target-far-distance-07.png,/home/yanbo/下载/batches/batch_person-fallen-v2-camera1p5m/final/117_p12-small-target-far-distance-07.png,8e10fb3e2510598863ef827bd869e44e59f9e066ef57c50ffbde24611b85d0ce,1920,1080,117_p12-small-target-far-distance-07.txt,/home/yanbo/下载/batches/batch_person-fallen-v2-camera1p5m/prompts/117_p12-small-target-far-distance-07.txt,61fef7882f1c6ce71e35f2345812eb8be218889909279786918c7078ba2a8200,PASS
118_p12-small-target-far-distance-08.png,/home/yanbo/下载/batches/batch_person-fallen-v2-camera1p5m/final/118_p12-small-target-far-distance-08.png,653d2f7b8ae607c5a1d8519b1896aebc1d0e8906e07b7e3d07e5acaf8d44dde7,1920,1080,118_p12-small-target-far-distance-08.txt,/home/yanbo/下载/batches/batch_person-fallen-v2-camera1p5m/prompts/118_p12-small-target-far-distance-08.txt,b717d016b7614d0c595587fcdcb52d15d946d5ba86c33e0af10c9fc1f28f3f9d,PASS
119_p12-small-target-far-distance-09.png,/home/yanbo/下载/batches/batch_person-fallen-v2-camera1p5m/final/119_p12-small-target-far-distance-09.png,1d937f7e58326096314cee37f9fd8fe698daca3701c607433ed1e5051c852e0d,1920,1080,119_p12-small-target-far-distance-09.txt,/home/yanbo/下载/batches/batch_person-fallen-v2-camera1p5m/prompts/119_p12-small-target-far-distance-09.txt,da855b80d6721a817999228e289fc9e42db8b07611d5a777b4ea338cc8ec1be0,PASS
11_p02-supine-on-floor-01.png,/home/yanbo/下载/batches/batch_person-fallen-v2-camera1p5m/final/11_p02-supine-on-floor-01.png,b4de656feff104baf2db6ddaddd657dbf850a940b31683a66e179b52e650ffba,1920,1080,11_p02-supine-on-floor-01.txt,/home/yanbo/下载/batches/batch_person-fallen-v2-camera1p5m/prompts/11_p02-supine-on-floor-01.txt,88d99aa46f5c0629fb646fbe1cab63417167e3682794869c0b7687706d7161de,PASS
120_p12-small-target-far-distance-10.png,/home/yanbo/下载/batches/batch_person-fallen-v2-camera1p5m/final/120_p12-small-target-far-distance-10.png,1f10a05af9f62318af661e1b51e57d9d11f2c1131af580c18997ad8cfeb9a419,1920,1080,120_p12-small-target-far-distance-10.txt,/home/yanbo/下载/batches/batch_person-fallen-v2-camera1p5m/prompts/120_p12-small-target-far-distance-10.txt,aa5f979e3bb4f504d13ca2bcdb063947187a894e6bb68c2d5b0d3cc155b6db5e,PASS
121_p13-multi-person-scene-with-one-lying-person-01.png,/home/yanbo/下载/batches/batch_person-fallen-v2-camera1p5m/final/121_p13-multi-person-scene-with-one-lying-person-01.png,c52e27d28166379f0bf4e7014d269248cc2878c8b7666f6623a1d37a0020d1cc,1920,1080,121_p13-multi-person-scene-with-one-lying-person-01.txt,/home/yanbo/下载/batches/batch_person-fallen-v2-camera1p5m/prompts/121_p13-multi-person-scene-with-one-lying-person-01.txt,dbe33de25c829d604901e15098dc4514e89ded64b022bee78dcd4b2a35d621ef,PASS
122_p13-multi-person-scene-with-one-lying-person-02.png,/home/yanbo/下载/batches/batch_person-fallen-v2-camera1p5m/final/122_p13-multi-person-scene-with-one-lying-person-02.png,25860012ebf9600a4fdee82d33b2ac5b3d7d0e4ab8e7da58bf18b9a7dc1f163f,1920,1080,122_p13-multi-person-scene-with-one-lying-person-02.txt,/home/yanbo/下载/batches/batch_person-fallen-v2-camera1p5m/prompts/122_p13-multi-person-scene-with-one-lying-person-02.txt,3cc46c9722ecf5c12f8d63c390a238df6eb5ec2bb4331a0dad456ad7f49e58c7,PASS
123_p13-multi-person-scene-with-one-lying-person-03.png,/home/yanbo/下载/batches/batch_person-fallen-v2-camera1p5m/final/123_p13-multi-person-scene-with-one-lying-person-03.png,771b0ace516d4c2c30fc25a7af11f23ad483de9c257c18411115d2977c1ae5b2,1920,1080,123_p13-multi-person-scene-with-one-lying-person-03.txt,/home/yanbo/下载/batches/batch_person-fallen-v2-camera1p5m/prompts/123_p13-multi-person-scene-with-one-lying-person-03.txt,c8bc3645724f9d735e2a46a5ba82126e06c717b90c6245ec5c2bce8841298fc0,PASS
124_p13-multi-person-scene-with-one-lying-person-04.png,/home/yanbo/下载/batches/batch_person-fallen-v2-camera1p5m/final/124_p13-multi-person-scene-with-one-lying-person-04.png,e45842d8c9a5a6acaefd80a5cae41a9e188428ec65dd44a47945bd1fce7147e6,1920,1080,124_p13-multi-person-scene-with-one-lying-person-04.txt,/home/yanbo/下载/batches/batch_person-fallen-v2-camera1p5m/prompts/124_p13-multi-person-scene-with-one-lying-person-04.txt,2f7db5db6030b02af0730673cb19ad2eb58554848a5e69b65aa171bbc20736be,PASS
125_p13-multi-person-scene-with-one-lying-person-05.png,/home/yanbo/下载/batches/batch_person-fallen-v2-camera1p5m/final/125_p13-multi-person-scene-with-one-lying-person-05.png,7a5f34441fd413216c2b9f8986c63217e803e97536356b527de20889e445f81b,1920,1080,125_p13-multi-person-scene-with-one-lying-person-05.txt,/home/yanbo/下载/batches/batch_person-fallen-v2-camera1p5m/prompts/125_p13-multi-person-scene-with-one-lying-person-05.txt,67a5c71ceffd819be19339fa7820ce00a05113cd67cafe1cb0f989b01b2cd233,PASS
126_p13-multi-person-scene-with-one-lying-person-06.png,/home/yanbo/下载/batches/batch_person-fallen-v2-camera1p5m/final/126_p13-multi-person-scene-with-one-lying-person-06.png,99cb3837b7ae580e12c124c8254c72e6969a6b4eab30d48fa4304f231dd3cdc7,1920,1080,126_p13-multi-person-scene-with-one-lying-person-06.txt,/home/yanbo/下载/batches/batch_person-fallen-v2-camera1p5m/prompts/126_p13-multi-person-scene-with-one-lying-person-06.txt,84db1119ccd45bc07d9fc399fe92c61f0d888eac01902a95f05fb2de2d6b7aa3,PASS
127_p13-multi-person-scene-with-one-lying-person-07.png,/home/yanbo/下载/batches/batch_person-fallen-v2-camera1p5m/final/127_p13-multi-person-scene-with-one-lying-person-07.png,30fbf8f91e9d4c43c8f3bd055e10c04ab652a1e808669b0cbf75b75888bd16cf,1920,1080,127_p13-multi-person-scene-with-one-lying-person-07.txt,/home/yanbo/下载/batches/batch_person-fallen-v2-camera1p5m/prompts/127_p13-multi-person-scene-with-one-lying-person-07.txt,466f798136c5088a7cbc110b5b0af05e14cc533f9f16a7dde652c70270777f27,PASS
128_p13-multi-person-scene-with-one-lying-person-08.png,/home/yanbo/下载/batches/batch_person-fallen-v2-camera1p5m/final/128_p13-multi-person-scene-with-one-lying-person-08.png,7d8f0c1464e4c7566b8b7cbca3914e4a510015d240297a75da22a21e949e80c0,1920,1080,128_p13-multi-person-scene-with-one-lying-person-08.txt,/home/yanbo/下载/batches/batch_person-fallen-v2-camera1p5m/prompts/128_p13-multi-person-scene-with-one-lying-person-08.txt,c573850707e52f921d913fde6b1e09f6ff8c4746efff9f629280aca62ae4b719,PASS
129_p13-multi-person-scene-with-one-lying-person-09.png,/home/yanbo/下载/batches/batch_person-fallen-v2-camera1p5m/final/129_p13-multi-person-scene-with-one-lying-person-09.png,f78d8ca52d5bc3ed76775ddad8cee820d472856a9ceea09669d20568c1fe8d09,1920,1080,129_p13-multi-person-scene-with-one-lying-person-09.txt,/home/yanbo/下载/batches/batch_person-fallen-v2-camera1p5m/prompts/129_p13-multi-person-scene-with-one-lying-person-09.txt,230450a149a86aa005f2222283f47fb1779c4c68aa4dcc9c11c0a8f92b4c3464,PASS
12_p02-supine-on-floor-02.png,/home/yanbo/下载/batches/batch_person-fallen-v2-camera1p5m/final/12_p02-supine-on-floor-02.png,9bf58dce8362de316637a40ce17ef8cf5a4a65455b6bb9bdc22a40bb860abee4,1920,1080,12_p02-supine-on-floor-02.txt,/home/yanbo/下载/batches/batch_person-fallen-v2-camera1p5m/prompts/12_p02-supine-on-floor-02.txt,6d29651752b91d08f1c1dfed9bd3e3aaa6148c1cdc2f5e33904c68fb42dc4a78,PASS
130_p13-multi-person-scene-with-one-lying-person-10.png,/home/yanbo/下载/batches/batch_person-fallen-v2-camera1p5m/final/130_p13-multi-person-scene-with-one-lying-person-10.png,921827a544364c2ea9c94f4a919f980641f4f42318a453d1a7a7cb29c5e73795,1920,1080,130_p13-multi-person-scene-with-one-lying-person-10.txt,/home/yanbo/下载/batches/batch_person-fallen-v2-camera1p5m/prompts/130_p13-multi-person-scene-with-one-lying-person-10.txt,ae288d3450029392ac7dbbd0a9b4ee6ba27ea356fc465fd1dc4f27186c887aa2,PASS
131_p14-multi-person-scene-with-one-lying-person-01.png,/home/yanbo/下载/batches/batch_person-fallen-v2-camera1p5m/final/131_p14-multi-person-scene-with-one-lying-person-01.png,6758e8af8c38f7003789531610b7d7864e0248cee328bb432ebb82554016971e,1920,1080,131_p14-multi-person-scene-with-one-lying-person-01.txt,/home/yanbo/下载/batches/batch_person-fallen-v2-camera1p5m/prompts/131_p14-multi-person-scene-with-one-lying-person-01.txt,7f5326b4f934ac771fe80872c1fb5ce8813ca9de20b78b274a41b6a40d8167b2,PASS
132_p14-multi-person-scene-with-one-lying-person-02.png,/home/yanbo/下载/batches/batch_person-fallen-v2-camera1p5m/final/132_p14-multi-person-scene-with-one-lying-person-02.png,35841787251043fed8fc37689f30d4616c2c36546d43917e035ec5a0929a44d2,1920,1080,132_p14-multi-person-scene-with-one-lying-person-02.txt,/home/yanbo/下载/batches/batch_person-fallen-v2-camera1p5m/prompts/132_p14-multi-person-scene-with-one-lying-person-02.txt,1081469916668b540fded87964c6cbd8a5a62f1b364c503bfa8bcba92e84142a,PASS
133_p14-multi-person-scene-with-one-lying-person-03.png,/home/yanbo/下载/batches/batch_person-fallen-v2-camera1p5m/final/133_p14-multi-person-scene-with-one-lying-person-03.png,6ecbdbfe9e463de38f9fda73623b695ca2057fd6b280a94d1edd659acb5cf93a,1920,1080,133_p14-multi-person-scene-with-one-lying-person-03.txt,/home/yanbo/下载/batches/batch_person-fallen-v2-camera1p5m/prompts/133_p14-multi-person-scene-with-one-lying-person-03.txt,d93ad19d35fb0e63b90517382122401d2c6bd608e726fffb02021ebb85ecafc7,PASS
134_p14-multi-person-scene-with-one-lying-person-04.png,/home/yanbo/下载/batches/batch_person-fallen-v2-camera1p5m/final/134_p14-multi-person-scene-with-one-lying-person-04.png,f8dc7665581f06955e7e51fcb1d794d700397c5f2497c479ad21d0d821edf8ad,1920,1080,134_p14-multi-person-scene-with-one-lying-person-04.txt,/home/yanbo/下载/batches/batch_person-fallen-v2-camera1p5m/prompts/134_p14-multi-person-scene-with-one-lying-person-04.txt,2327c9bd83d520136540b3854985335d4b2580589ea36574d62411f15bf6f16c,PASS
135_p14-multi-person-scene-with-one-lying-person-05.png,/home/yanbo/下载/batches/batch_person-fallen-v2-camera1p5m/final/135_p14-multi-person-scene-with-one-lying-person-05.png,6dedb4240116565288e9a37accf8ac9d9a5b27997daca1cccb208dcbc603ada2,1920,1080,135_p14-multi-person-scene-with-one-lying-person-05.txt,/home/yanbo/下载/batches/batch_person-fallen-v2-camera1p5m/prompts/135_p14-multi-person-scene-with-one-lying-person-05.txt,69c53404f8dcf61916fb5847fc70554019e057ba480c7ea615854ed42a4d23ea,PASS
136_p14-multi-person-scene-with-one-lying-person-06.png,/home/yanbo/下载/batches/batch_person-fallen-v2-camera1p5m/final/136_p14-multi-person-scene-with-one-lying-person-06.png,53eb38450e8698b310091c2fd508870414d28cdbe07e33e7a9ece2da0b18bc28,1920,1080,136_p14-multi-person-scene-with-one-lying-person-06.txt,/home/yanbo/下载/batches/batch_person-fallen-v2-camera1p5m/prompts/136_p14-multi-person-scene-with-one-lying-person-06.txt,29ca5851a88421d30506535346ca1118eb152c6bd10b40224838dfaee2839c31,PASS
137_p14-multi-person-scene-with-one-lying-person-07.png,/home/yanbo/下载/batches/batch_person-fallen-v2-camera1p5m/final/137_p14-multi-person-scene-with-one-lying-person-07.png,b7550d1504c6d43d4d342a8e154d080f3b9d5b6cdf4d64fc8e2ece062c50fa0a,1920,1080,137_p14-multi-person-scene-with-one-lying-person-07.txt,/home/yanbo/下载/batches/batch_person-fallen-v2-camera1p5m/prompts/137_p14-multi-person-scene-with-one-lying-person-07.txt,7618c60d9824a193126410643cddfad93c6dca53a2bffd219cd206d65d4bb47d,PASS
138_p14-multi-person-scene-with-one-lying-person-08.png,/home/yanbo/下载/batches/batch_person-fallen-v2-camera1p5m/final/138_p14-multi-person-scene-with-one-lying-person-08.png,450dd9643001f245eaa5d70daa8823790d9e7f56d84b62a051ba2706e056c2f8,1920,1080,138_p14-multi-person-scene-with-one-lying-person-08.txt,/home/yanbo/下载/batches/batch_person-fallen-v2-camera1p5m/prompts/138_p14-multi-person-scene-with-one-lying-person-08.txt,fc5ee4f0df4dd16cb85705dac31adfb04f912e5b9f60abb8c87fc0c78ac1846d,PASS
139_p14-multi-person-scene-with-one-lying-person-09.png,/home/yanbo/下载/batches/batch_person-fallen-v2-camera1p5m/final/139_p14-multi-person-scene-with-one-lying-person-09.png,a0f85291d3074380372602c5b29b8d86e00b0462f33eeae4efd04867127a8cb5,1920,1080,139_p14-multi-person-scene-with-one-lying-person-09.txt,/home/yanbo/下载/batches/batch_person-fallen-v2-camera1p5m/prompts/139_p14-multi-person-scene-with-one-lying-person-09.txt,5fd596261d57b005bb3853fae5485c5615f0e964674dff3b50dc416a9cab5ba9,PASS
13_p02-supine-on-floor-03.png,/home/yanbo/下载/batches/batch_person-fallen-v2-camera1p5m/final/13_p02-supine-on-floor-03.png,560f13e4a70db0d94d90f60f41b9d100fbae87b7b0cd3a69bd00a4515b4dfb52,1920,1080,13_p02-supine-on-floor-03.txt,/home/yanbo/下载/batches/batch_person-fallen-v2-camera1p5m/prompts/13_p02-supine-on-floor-03.txt,77ebc2b66e870e8314082079789df7ca6cde84323537c9a7c16a33c7bc79af44,PASS
140_p14-multi-person-scene-with-one-lying-person-10.png,/home/yanbo/下载/batches/batch_person-fallen-v2-camera1p5m/final/140_p14-multi-person-scene-with-one-lying-person-10.png,04e15104110c832d8c810e34bf62c039d91dc7ade3b070e480b6d05d227744cb,1920,1080,140_p14-multi-person-scene-with-one-lying-person-10.txt,/home/yanbo/下载/batches/batch_person-fallen-v2-camera1p5m/prompts/140_p14-multi-person-scene-with-one-lying-person-10.txt,5e1b8ba28d2dda4ee37c0e761bb4bad83bad3140ebd3b7f13cd381fd43298cd2,PASS
141_p15-low-light-shadow-mild-blur-01.png,/home/yanbo/下载/batches/batch_person-fallen-v2-camera1p5m/final/141_p15-low-light-shadow-mild-blur-01.png,4135013549e0f3cde667b25bcad2ba4e1979c7250427f33633aa44d5d172e6b4,1920,1080,141_p15-low-light-shadow-mild-blur-01.txt,/home/yanbo/下载/batches/batch_person-fallen-v2-camera1p5m/prompts/141_p15-low-light-shadow-mild-blur-01.txt,b3563a5c0532e79f78956fffdcad3a85eb5a6ffb9dd9f72579e71dcaa5086e4c,PASS
142_p15-low-light-shadow-mild-blur-02.png,/home/yanbo/下载/batches/batch_person-fallen-v2-camera1p5m/final/142_p15-low-light-shadow-mild-blur-02.png,6358d7ad3faaac7d4decf4fd6b4bdb0fe676236cf08930002f2bd2e8f43145a4,1920,1080,142_p15-low-light-shadow-mild-blur-02.txt,/home/yanbo/下载/batches/batch_person-fallen-v2-camera1p5m/prompts/142_p15-low-light-shadow-mild-blur-02.txt,a5d66ffe860bc0aec9fc697222ae9fd18d8e0bf943b353d3d6d0e74c96de43b4,PASS
143_p15-low-light-shadow-mild-blur-03.png,/home/yanbo/下载/batches/batch_person-fallen-v2-camera1p5m/final/143_p15-low-light-shadow-mild-blur-03.png,5d847470e681641cec0bc293fa78093159f3fba120119f0f47a9e1459b9d0af2,1920,1080,143_p15-low-light-shadow-mild-blur-03.txt,/home/yanbo/下载/batches/batch_person-fallen-v2-camera1p5m/prompts/143_p15-low-light-shadow-mild-blur-03.txt,a00ff076631c4ac25bdb571cffebb827936a3498111f92d3970ec85fd9796b7f,PASS
144_p15-low-light-shadow-mild-blur-04.png,/home/yanbo/下载/batches/batch_person-fallen-v2-camera1p5m/final/144_p15-low-light-shadow-mild-blur-04.png,651d085cacfda0c5e22c6d535021f963394359054b14a585256786174e1ffcd8,1920,1080,144_p15-low-light-shadow-mild-blur-04.txt,/home/yanbo/下载/batches/batch_person-fallen-v2-camera1p5m/prompts/144_p15-low-light-shadow-mild-blur-04.txt,3d633e379afc763d5d7d66168188b0c26827888335f2a42d725a92431bc52d68,PASS
145_p15-low-light-shadow-mild-blur-05.png,/home/yanbo/下载/batches/batch_person-fallen-v2-camera1p5m/final/145_p15-low-light-shadow-mild-blur-05.png,6f09b5476bc7f5eab501ffdbdb51420faa910402c87d41c077911a10bb40efdb,1920,1080,145_p15-low-light-shadow-mild-blur-05.txt,/home/yanbo/下载/batches/batch_person-fallen-v2-camera1p5m/prompts/145_p15-low-light-shadow-mild-blur-05.txt,12a673ae2804b05745c8e07884f98f51ad4818325996b397760da55e0403c149,PASS
146_p15-low-light-shadow-mild-blur-06.png,/home/yanbo/下载/batches/batch_person-fallen-v2-camera1p5m/final/146_p15-low-light-shadow-mild-blur-06.png,8258539a334cd708b993308f910bfb2dced41983a61f4440e140d86dc678a24a,1920,1080,146_p15-low-light-shadow-mild-blur-06.txt,/home/yanbo/下载/batches/batch_person-fallen-v2-camera1p5m/prompts/146_p15-low-light-shadow-mild-blur-06.txt,458137fc41cd94d8a4e7946e6b236bca6ccc0b5ffe41706345ce46aa903fa3c5,PASS
147_p15-low-light-shadow-mild-blur-07.png,/home/yanbo/下载/batches/batch_person-fallen-v2-camera1p5m/final/147_p15-low-light-shadow-mild-blur-07.png,07c28fb3697ce4496e5bce8d075eafd75577adfb2ff210e7f05b02b688b3bdfb,1920,1080,147_p15-low-light-shadow-mild-blur-07.txt,/home/yanbo/下载/batches/batch_person-fallen-v2-camera1p5m/prompts/147_p15-low-light-shadow-mild-blur-07.txt,4ee964a2073efc8098bb61e262ebd67d7e4eb78f6c601f09894b6ee0f2507581,PASS
148_p15-low-light-shadow-mild-blur-08.png,/home/yanbo/下载/batches/batch_person-fallen-v2-camera1p5m/final/148_p15-low-light-shadow-mild-blur-08.png,0b24ae9b7e0a76c86ddd34c7674ae5894296ee663cdf5c8b84fb06f05a63453e,1920,1080,148_p15-low-light-shadow-mild-blur-08.txt,/home/yanbo/下载/batches/batch_person-fallen-v2-camera1p5m/prompts/148_p15-low-light-shadow-mild-blur-08.txt,dcef0f9ae3d10b5486b018e51419921a67dc33182bf852f7debb544d524917aa,PASS
149_p15-low-light-shadow-mild-blur-09.png,/home/yanbo/下载/batches/batch_person-fallen-v2-camera1p5m/final/149_p15-low-light-shadow-mild-blur-09.png,0fdaecc05b08523b66c02dbb421201e067f9d1a7e39a0c8359bfaedba36a912c,1920,1080,149_p15-low-light-shadow-mild-blur-09.txt,/home/yanbo/下载/batches/batch_person-fallen-v2-camera1p5m/prompts/149_p15-low-light-shadow-mild-blur-09.txt,5e80fc0c1779b776420446bb0f6ca322240b3ab13a9ba454a7ff4df54407622d,PASS
14_p02-supine-on-floor-04.png,/home/yanbo/下载/batches/batch_person-fallen-v2-camera1p5m/final/14_p02-supine-on-floor-04.png,5d32e551633bc5f3cbccce2413e955e88ff6bb590eb8acf1a89ec25d9e39aa59,1920,1080,14_p02-supine-on-floor-04.txt,/home/yanbo/下载/batches/batch_person-fallen-v2-camera1p5m/prompts/14_p02-supine-on-floor-04.txt,b9fdd59f226b4a2aeec26650ace9c08dd72f9d1631ca14cc2b299feae24ff449,PASS
150_p15-low-light-shadow-mild-blur-10.png,/home/yanbo/下载/batches/batch_person-fallen-v2-camera1p5m/final/150_p15-low-light-shadow-mild-blur-10.png,e18de79c3e44756e41a26bd69430787bd3c57680f10858097f8eab3c8941804d,1920,1080,150_p15-low-light-shadow-mild-blur-10.txt,/home/yanbo/下载/batches/batch_person-fallen-v2-camera1p5m/prompts/150_p15-low-light-shadow-mild-blur-10.txt,778bc149f4570a5583f0dfcff84540ee204e346f1d5675939c55161aaec92e7e,PASS
151_p16-low-light-shadow-mild-blur-01.png,/home/yanbo/下载/batches/batch_person-fallen-v2-camera1p5m/final/151_p16-low-light-shadow-mild-blur-01.png,5cf380c66e6e35edb104538bd3ab918322674acfc19441da318597dcab67a478,1920,1080,151_p16-low-light-shadow-mild-blur-01.txt,/home/yanbo/下载/batches/batch_person-fallen-v2-camera1p5m/prompts/151_p16-low-light-shadow-mild-blur-01.txt,da888a2d5fef6b3f86ce1cffc9642a84f148c7f9b5df1a9ad63cf06ae9bb1aed,PASS
152_p16-low-light-shadow-mild-blur-02.png,/home/yanbo/下载/batches/batch_person-fallen-v2-camera1p5m/final/152_p16-low-light-shadow-mild-blur-02.png,af3e8bd79b1ca10fa6927cf7da2ec620ecd3ff4e72d23296aa950893700c02bf,1920,1080,152_p16-low-light-shadow-mild-blur-02.txt,/home/yanbo/下载/batches/batch_person-fallen-v2-camera1p5m/prompts/152_p16-low-light-shadow-mild-blur-02.txt,f9988c3d9f3055e9da71f592929bfe2ce02ad6288b1aa99a0cdf443934d11c06,PASS
153_p16-low-light-shadow-mild-blur-03.png,/home/yanbo/下载/batches/batch_person-fallen-v2-camera1p5m/final/153_p16-low-light-shadow-mild-blur-03.png,68573dcc1a6915087f16611dcd86eca0b7f22eb3a3a817fbdea1f26a010c9920,1920,1080,153_p16-low-light-shadow-mild-blur-03.txt,/home/yanbo/下载/batches/batch_person-fallen-v2-camera1p5m/prompts/153_p16-low-light-shadow-mild-blur-03.txt,5b4f0654093ffd88abe79451f698d298f7cf2bd9604400b2d37fa43b974d45e4,PASS
154_p16-low-light-shadow-mild-blur-04.png,/home/yanbo/下载/batches/batch_person-fallen-v2-camera1p5m/final/154_p16-low-light-shadow-mild-blur-04.png,0b22f7171b4846d15c4fe910c0aa29c2ab265d8f0b52ff3e717eccd43daf9abc,1920,1080,154_p16-low-light-shadow-mild-blur-04.txt,/home/yanbo/下载/batches/batch_person-fallen-v2-camera1p5m/prompts/154_p16-low-light-shadow-mild-blur-04.txt,8db4e44cee3c5e9e9595a252260f9214db650b8ed6f595d77dc37331b8ce82b5,PASS
155_p16-low-light-shadow-mild-blur-05.png,/home/yanbo/下载/batches/batch_person-fallen-v2-camera1p5m/final/155_p16-low-light-shadow-mild-blur-05.png,74dbbb76d48d53b485ac2196a6d7e1c2a79b027b3bce7e6c3b5100076dc62665,1920,1080,155_p16-low-light-shadow-mild-blur-05.txt,/home/yanbo/下载/batches/batch_person-fallen-v2-camera1p5m/prompts/155_p16-low-light-shadow-mild-blur-05.txt,f2d436ac3db26b5bfd18ea5d80ed3432275825e8b0a69c599740af2aa3057471,PASS
156_p16-low-light-shadow-mild-blur-06.png,/home/yanbo/下载/batches/batch_person-fallen-v2-camera1p5m/final/156_p16-low-light-shadow-mild-blur-06.png,818e2cf7659da136bf39484dd1f0826628fb3590fccfb85f2aab3388126e9bf8,1920,1080,156_p16-low-light-shadow-mild-blur-06.txt,/home/yanbo/下载/batches/batch_person-fallen-v2-camera1p5m/prompts/156_p16-low-light-shadow-mild-blur-06.txt,83ee545b295668e4164c3949c0e9be9d20a21e5286ad5b65e44d939de9834226,PASS
157_p16-low-light-shadow-mild-blur-07.png,/home/yanbo/下载/batches/batch_person-fallen-v2-camera1p5m/final/157_p16-low-light-shadow-mild-blur-07.png,c75a527ca5db85a465831aac2f5e6f172973005137333af99943523fda1a0c4a,1920,1080,157_p16-low-light-shadow-mild-blur-07.txt,/home/yanbo/下载/batches/batch_person-fallen-v2-camera1p5m/prompts/157_p16-low-light-shadow-mild-blur-07.txt,0cc28b027cb8a8207acd112391c64ee6ce54f9ef654a2d6d7dff633069b63720,PASS
158_p16-low-light-shadow-mild-blur-08.png,/home/yanbo/下载/batches/batch_person-fallen-v2-camera1p5m/final/158_p16-low-light-shadow-mild-blur-08.png,2e8e49c0c65da5f31d493959bc317219f25cc620bc3c6a4261531b10e676ba5d,1920,1080,158_p16-low-light-shadow-mild-blur-08.txt,/home/yanbo/下载/batches/batch_person-fallen-v2-camera1p5m/prompts/158_p16-low-light-shadow-mild-blur-08.txt,537c76fe82a90a75b8153e6cd78b69f981cea18b5e780d1a15b1b49f137cbbda,PASS
159_p16-low-light-shadow-mild-blur-09.png,/home/yanbo/下载/batches/batch_person-fallen-v2-camera1p5m/final/159_p16-low-light-shadow-mild-blur-09.png,67a931690a7dccf8e50c8b162b03388c6b4220f5a4b98776babba81ea5446428,1920,1080,159_p16-low-light-shadow-mild-blur-09.txt,/home/yanbo/下载/batches/batch_person-fallen-v2-camera1p5m/prompts/159_p16-low-light-shadow-mild-blur-09.txt,6e222a574741584dfdfdb9f43799df8af814a8ad61b7ac89ff4aa14a5da6bdd7,PASS
15_p02-supine-on-floor-05.png,/home/yanbo/下载/batches/batch_person-fallen-v2-camera1p5m/final/15_p02-supine-on-floor-05.png,72e402106d3615e66ed2debf52639aef09664d5d70fdb8cc36336a6dee349d22,1920,1080,15_p02-supine-on-floor-05.txt,/home/yanbo/下载/batches/batch_person-fallen-v2-camera1p5m/prompts/15_p02-supine-on-floor-05.txt,3c50197da42b392244b7880e9cf09f96ce56fb97307200c9de15e3f7904386dc,PASS
160_p16-low-light-shadow-mild-blur-10.png,/home/yanbo/下载/batches/batch_person-fallen-v2-camera1p5m/final/160_p16-low-light-shadow-mild-blur-10.png,972c31b2bd8d9e4e52550bc0790994af8831b04e975e0aa8b0a7eb58071c170b,1920,1080,160_p16-low-light-shadow-mild-blur-10.txt,/home/yanbo/下载/batches/batch_person-fallen-v2-camera1p5m/prompts/160_p16-low-light-shadow-mild-blur-10.txt,279726c2b9dfc3a1dad94857fecacf2738c041df700469c5fd62a7add6b312be,PASS
161_p17-abnormal-support-surface-01.png,/home/yanbo/下载/batches/batch_person-fallen-v2-camera1p5m/final/161_p17-abnormal-support-surface-01.png,6a3b29e937f5d2d38ac01f36a2269f4bf7ce2c3f4550d4abfe38afb484aa76e0,1920,1080,161_p17-abnormal-support-surface-01.txt,/home/yanbo/下载/batches/batch_person-fallen-v2-camera1p5m/prompts/161_p17-abnormal-support-surface-01.txt,deac2fd7938cc8050223ba506e3f6d02f1d59d00000f50597db50d930100490a,PASS
162_p17-abnormal-support-surface-02.png,/home/yanbo/下载/batches/batch_person-fallen-v2-camera1p5m/final/162_p17-abnormal-support-surface-02.png,436d86d2e5b77b736d1b9ba926f3b8cece4b19b1a922d43fc0d8e26e49d82898,1920,1080,162_p17-abnormal-support-surface-02.txt,/home/yanbo/下载/batches/batch_person-fallen-v2-camera1p5m/prompts/162_p17-abnormal-support-surface-02.txt,df840313f6ecca0eca6b8be39e544d63fdd27a9bdeabf3c22b654c6933755604,PASS
163_p17-abnormal-support-surface-03.png,/home/yanbo/下载/batches/batch_person-fallen-v2-camera1p5m/final/163_p17-abnormal-support-surface-03.png,37a1c66c732ce9a3e7615141dbe420b6f38556c707bfecdaca493b41e7a4c512,1920,1080,163_p17-abnormal-support-surface-03.txt,/home/yanbo/下载/batches/batch_person-fallen-v2-camera1p5m/prompts/163_p17-abnormal-support-surface-03.txt,ac1dd1d3f31bfd123bab30ae78299abbad4c51b83d16b79d40d31b34ca3eb185,PASS
164_p17-abnormal-support-surface-04.png,/home/yanbo/下载/batches/batch_person-fallen-v2-camera1p5m/final/164_p17-abnormal-support-surface-04.png,8d2c25ee3660147ef837e631c3b690dafe9a602b2455d40113ac0d951b118469,1920,1080,164_p17-abnormal-support-surface-04.txt,/home/yanbo/下载/batches/batch_person-fallen-v2-camera1p5m/prompts/164_p17-abnormal-support-surface-04.txt,49a201615ce8d03a971988db8cbdf07fedce35e60441b9ec41a59dd8a330332f,PASS
165_p17-abnormal-support-surface-05.png,/home/yanbo/下载/batches/batch_person-fallen-v2-camera1p5m/final/165_p17-abnormal-support-surface-05.png,c0d7bb1f6af17840ef1f7acb4dc30ea2292010446751f0f13223217a9215fb96,1920,1080,165_p17-abnormal-support-surface-05.txt,/home/yanbo/下载/batches/batch_person-fallen-v2-camera1p5m/prompts/165_p17-abnormal-support-surface-05.txt,ba57f8912239e8f2e1573f7abd56211599d26d6733edf6b1ac29d8a1605855a0,PASS
166_p17-abnormal-support-surface-06.png,/home/yanbo/下载/batches/batch_person-fallen-v2-camera1p5m/final/166_p17-abnormal-support-surface-06.png,77a0f3a71e1430922e4731af6949094fb97d3c94809292367f8276a69a127e63,1920,1080,166_p17-abnormal-support-surface-06.txt,/home/yanbo/下载/batches/batch_person-fallen-v2-camera1p5m/prompts/166_p17-abnormal-support-surface-06.txt,7809652e4581d7ac355b1bdc509953e224f5195be0b2adeade746c8fc6c840a3,PASS
167_p17-abnormal-support-surface-07.png,/home/yanbo/下载/batches/batch_person-fallen-v2-camera1p5m/final/167_p17-abnormal-support-surface-07.png,a63137c56e7773b85d5a0a7949f3e51e34ee594d0c21a1e4b5d0c7b025829819,1920,1080,167_p17-abnormal-support-surface-07.txt,/home/yanbo/下载/batches/batch_person-fallen-v2-camera1p5m/prompts/167_p17-abnormal-support-surface-07.txt,9e824ca1eddf79d0cd0a11e60ffa1824da5ff5a9d25051137d0aef4724d0ca14,PASS
168_p17-abnormal-support-surface-08.png,/home/yanbo/下载/batches/batch_person-fallen-v2-camera1p5m/final/168_p17-abnormal-support-surface-08.png,486c6e50f7962d5b32c18539eff86b9dc93ea43acb9c8a5d6ad1049b38339433,1920,1080,168_p17-abnormal-support-surface-08.txt,/home/yanbo/下载/batches/batch_person-fallen-v2-camera1p5m/prompts/168_p17-abnormal-support-surface-08.txt,545bc87e53a2c67dc52485d1046b55ea5893cfb6de3f6c5bee49a4c635948cd7,PASS
169_p17-abnormal-support-surface-09.png,/home/yanbo/下载/batches/batch_person-fallen-v2-camera1p5m/final/169_p17-abnormal-support-surface-09.png,8f3c81b28abf39c8247b66071802fb434eeaa0043330d83f5a89a7c60e179b53,1920,1080,169_p17-abnormal-support-surface-09.txt,/home/yanbo/下载/batches/batch_person-fallen-v2-camera1p5m/prompts/169_p17-abnormal-support-surface-09.txt,b62cbf19cb208d196fe685933608361be056282b9872e10796952763e4443e58,PASS
16_p02-supine-on-floor-06.png,/home/yanbo/下载/batches/batch_person-fallen-v2-camera1p5m/final/16_p02-supine-on-floor-06.png,2e9ea4788510caf75d1b8e17db7a510b0a68ad2f97d75835a51c421dc1865380,1920,1080,16_p02-supine-on-floor-06.txt,/home/yanbo/下载/batches/batch_person-fallen-v2-camera1p5m/prompts/16_p02-supine-on-floor-06.txt,9b91a0f2a54f9b5a7d6a5ec689fea0f01d7620f0f8a5da7521bd2d7944dbe72d,PASS
170_p17-abnormal-support-surface-10.png,/home/yanbo/下载/batches/batch_person-fallen-v2-camera1p5m/final/170_p17-abnormal-support-surface-10.png,ac540e3aff9e2d9912305d40bf4a95a83df0286cff7aa3c7a07f71380ff8a5a2,1920,1080,170_p17-abnormal-support-surface-10.txt,/home/yanbo/下载/batches/batch_person-fallen-v2-camera1p5m/prompts/170_p17-abnormal-support-surface-10.txt,bc407fb95968eb7f2238593da39fd87f184bf1e992b0a41398df9fe25104d12c,PASS
171_p18-abnormal-support-surface-01.png,/home/yanbo/下载/batches/batch_person-fallen-v2-camera1p5m/final/171_p18-abnormal-support-surface-01.png,c437b74de8d07bd3072a379475896538a1ad495f8b7a5817ff2ded7d3d12859a,1920,1080,171_p18-abnormal-support-surface-01.txt,/home/yanbo/下载/batches/batch_person-fallen-v2-camera1p5m/prompts/171_p18-abnormal-support-surface-01.txt,028ec4deef8c28a8a54c6c557db01518cbab1e4388fe045d8b3d2ece14f9300a,PASS
172_p18-abnormal-support-surface-02.png,/home/yanbo/下载/batches/batch_person-fallen-v2-camera1p5m/final/172_p18-abnormal-support-surface-02.png,22d91d7616acda2fcacc049f0d2f299cc4992d2a944826f82b219b143bd10d9d,1920,1080,172_p18-abnormal-support-surface-02.txt,/home/yanbo/下载/batches/batch_person-fallen-v2-camera1p5m/prompts/172_p18-abnormal-support-surface-02.txt,59f73fb87cced5ee832ab0542de0ccb0ea3d26e1e8234ccf0c07b812973b1bc0,PASS
173_p18-abnormal-support-surface-03.png,/home/yanbo/下载/batches/batch_person-fallen-v2-camera1p5m/final/173_p18-abnormal-support-surface-03.png,731f98a3fe5d66753ba07a4a544a798df82956e4c08a16251d6fc609b88583a5,1920,1080,173_p18-abnormal-support-surface-03.txt,/home/yanbo/下载/batches/batch_person-fallen-v2-camera1p5m/prompts/173_p18-abnormal-support-surface-03.txt,21b9c0b1ac46372c6091cd56dc9d2284bee43c3a9ce3e25bbd7547237253f6ed,PASS
174_p18-abnormal-support-surface-04.png,/home/yanbo/下载/batches/batch_person-fallen-v2-camera1p5m/final/174_p18-abnormal-support-surface-04.png,e702de0fc5c37bca607b9fd7ccb7994172625cc73afe88cc9ea4060fa3e4f1b8,1920,1080,174_p18-abnormal-support-surface-04.txt,/home/yanbo/下载/batches/batch_person-fallen-v2-camera1p5m/prompts/174_p18-abnormal-support-surface-04.txt,de492375730963865d1a9d879e0a29c74e2b72802a954fec4eb174de82874d81,PASS
175_p18-abnormal-support-surface-05.png,/home/yanbo/下载/batches/batch_person-fallen-v2-camera1p5m/final/175_p18-abnormal-support-surface-05.png,125cee2dcd24fbdd97642a640d23844abd747f03e4122f825bc24f76f62c35f1,1920,1080,175_p18-abnormal-support-surface-05.txt,/home/yanbo/下载/batches/batch_person-fallen-v2-camera1p5m/prompts/175_p18-abnormal-support-surface-05.txt,af0b754783d65954fb508d0995a0b5bebb718554e203d0e09620f22fcf4f4509,PASS
176_p18-abnormal-support-surface-06.png,/home/yanbo/下载/batches/batch_person-fallen-v2-camera1p5m/final/176_p18-abnormal-support-surface-06.png,1381e3ad30a27ba66a0a337f7a57f6066bd134d29eb33c1d97463945e104e96b,1920,1080,176_p18-abnormal-support-surface-06.txt,/home/yanbo/下载/batches/batch_person-fallen-v2-camera1p5m/prompts/176_p18-abnormal-support-surface-06.txt,cc0f985a00a64a66750f079ca449f85d3357f092802c32aa891bee4e765caf53,PASS
177_p18-abnormal-support-surface-07.png,/home/yanbo/下载/batches/batch_person-fallen-v2-camera1p5m/final/177_p18-abnormal-support-surface-07.png,251e3c7a3456fbfd1c8bed68a487bece1deed7fabb8d6c9dc5803298dcc03ade,1920,1080,177_p18-abnormal-support-surface-07.txt,/home/yanbo/下载/batches/batch_person-fallen-v2-camera1p5m/prompts/177_p18-abnormal-support-surface-07.txt,30bccf8473f9a856e8ecede8380dee57551f522081919a1822eaca10ab1bb126,PASS
178_p18-abnormal-support-surface-08.png,/home/yanbo/下载/batches/batch_person-fallen-v2-camera1p5m/final/178_p18-abnormal-support-surface-08.png,a3460a93de4473c9338a458de20e2ae1e36b633979f3d33665c653a1dc20fecd,1920,1080,178_p18-abnormal-support-surface-08.txt,/home/yanbo/下载/batches/batch_person-fallen-v2-camera1p5m/prompts/178_p18-abnormal-support-surface-08.txt,a3638fcc14bfcabec47230ee23cee4d07d9a50cbb91f5106b310cce7f6930972,PASS
179_p18-abnormal-support-surface-09.png,/home/yanbo/下载/batches/batch_person-fallen-v2-camera1p5m/final/179_p18-abnormal-support-surface-09.png,3ff93f899ac57671fa107fce88639cc997ee54068464199a0af564efa225977d,1920,1080,179_p18-abnormal-support-surface-09.txt,/home/yanbo/下载/batches/batch_person-fallen-v2-camera1p5m/prompts/179_p18-abnormal-support-surface-09.txt,82619804dde7ad57d17530cff8b46c1cb0c169402e996a19dd1ce6465581745f,PASS
17_p02-supine-on-floor-07.png,/home/yanbo/下载/batches/batch_person-fallen-v2-camera1p5m/final/17_p02-supine-on-floor-07.png,03f04df8719f4f00db8f20614cc8b2dac09a6f1fdd4e26ec246375a43cce72f9,1920,1080,17_p02-supine-on-floor-07.txt,/home/yanbo/下载/batches/batch_person-fallen-v2-camera1p5m/prompts/17_p02-supine-on-floor-07.txt,a2a50097a852cdcf6e00e1a3084d4062fd590f9554ea1f733d380faa64292e75,PASS
180_p18-abnormal-support-surface-10.png,/home/yanbo/下载/batches/batch_person-fallen-v2-camera1p5m/final/180_p18-abnormal-support-surface-10.png,bd3c3dcc2aa778e6aee0976792115ee43f4cbb4fcabae83bace1ecb624f393c2,1920,1080,180_p18-abnormal-support-surface-10.txt,/home/yanbo/下载/batches/batch_person-fallen-v2-camera1p5m/prompts/180_p18-abnormal-support-surface-10.txt,9c30f207cf061130fdd5b577ae0dcc1e71cd67f7a5f759334e0b2d5c15046faf,PASS
181_p19-active-voluntary-lying-on-ground-01.png,/home/yanbo/下载/batches/batch_person-fallen-v2-camera1p5m/final/181_p19-active-voluntary-lying-on-ground-01.png,8fd156a8c439704b329f46bd6faba4b4667d0cf8f114fa5f8b4b3debf98c720a,1920,1080,181_p19-active-voluntary-lying-on-ground-01.txt,/home/yanbo/下载/batches/batch_person-fallen-v2-camera1p5m/prompts/181_p19-active-voluntary-lying-on-ground-01.txt,c73cad47586a04577e0b57447ee899e02fb5cfa372eb4ada1c0bb63563132a51,PASS
182_p19-active-voluntary-lying-on-ground-02.png,/home/yanbo/下载/batches/batch_person-fallen-v2-camera1p5m/final/182_p19-active-voluntary-lying-on-ground-02.png,917e156f1263be2b899ecf4c87b971e87ee962fc1525ed4324baee7c3d15c45b,1920,1080,182_p19-active-voluntary-lying-on-ground-02.txt,/home/yanbo/下载/batches/batch_person-fallen-v2-camera1p5m/prompts/182_p19-active-voluntary-lying-on-ground-02.txt,2d9cf033d158dce0eeba2c7ebea2d630c55d7357b9d455cc9a37614a6e8aa6d9,PASS
183_p19-active-voluntary-lying-on-ground-03.png,/home/yanbo/下载/batches/batch_person-fallen-v2-camera1p5m/final/183_p19-active-voluntary-lying-on-ground-03.png,06168c86cc88b96431afc5272762478431ae1a20a29cd5dd29b10f8601d10baa,1920,1080,183_p19-active-voluntary-lying-on-ground-03.txt,/home/yanbo/下载/batches/batch_person-fallen-v2-camera1p5m/prompts/183_p19-active-voluntary-lying-on-ground-03.txt,3bac79178261da90ac4c30338792ccd6584e56140a28f2a046873a22bbc8fe0a,PASS
184_p19-active-voluntary-lying-on-ground-04.png,/home/yanbo/下载/batches/batch_person-fallen-v2-camera1p5m/final/184_p19-active-voluntary-lying-on-ground-04.png,b54730ddcf274d24a82b0f6141131ee0c35f3d95308d830e06a58a5174dd5bb3,1920,1080,184_p19-active-voluntary-lying-on-ground-04.txt,/home/yanbo/下载/batches/batch_person-fallen-v2-camera1p5m/prompts/184_p19-active-voluntary-lying-on-ground-04.txt,05b867878e8bc79c9b99d9c3551c5faff891f558b3d758728ad95db28fee4255,PASS
185_p19-active-voluntary-lying-on-ground-05.png,/home/yanbo/下载/batches/batch_person-fallen-v2-camera1p5m/final/185_p19-active-voluntary-lying-on-ground-05.png,9c0a9ba8adc62f632d444eb5eeaaead0a31ec3584caddb950e1e126cb6e49ff7,1920,1080,185_p19-active-voluntary-lying-on-ground-05.txt,/home/yanbo/下载/batches/batch_person-fallen-v2-camera1p5m/prompts/185_p19-active-voluntary-lying-on-ground-05.txt,23a149e52a6860e8aac14ff2070c2fcb7605909e32c1a33c9dc01e840419983b,PASS
186_p19-active-voluntary-lying-on-ground-06.png,/home/yanbo/下载/batches/batch_person-fallen-v2-camera1p5m/final/186_p19-active-voluntary-lying-on-ground-06.png,2f16a0969310f13bacfcb0c025c6e65b4a80fa3eefd6f9d6f9f88a064f66da97,1920,1080,186_p19-active-voluntary-lying-on-ground-06.txt,/home/yanbo/下载/batches/batch_person-fallen-v2-camera1p5m/prompts/186_p19-active-voluntary-lying-on-ground-06.txt,7379e3c5097167fd5176ff69bfc6186b0fcf793167e54d010c52d19fade1d78b,PASS
187_p19-active-voluntary-lying-on-ground-07.png,/home/yanbo/下载/batches/batch_person-fallen-v2-camera1p5m/final/187_p19-active-voluntary-lying-on-ground-07.png,2eb145bb33077aee65d852b9db97ff7e16a6443237e06e0e49ad286c266694de,1920,1080,187_p19-active-voluntary-lying-on-ground-07.txt,/home/yanbo/下载/batches/batch_person-fallen-v2-camera1p5m/prompts/187_p19-active-voluntary-lying-on-ground-07.txt,0cb1196da1c7df46299c2cbb1defeb011685190c4c65aac8c65d2398845565b5,PASS
188_p19-active-voluntary-lying-on-ground-08.png,/home/yanbo/下载/batches/batch_person-fallen-v2-camera1p5m/final/188_p19-active-voluntary-lying-on-ground-08.png,409b9aafcd21596649d9506d1a1cb6e6d2c418c0dede71731a284f08ce3da50e,1920,1080,188_p19-active-voluntary-lying-on-ground-08.txt,/home/yanbo/下载/batches/batch_person-fallen-v2-camera1p5m/prompts/188_p19-active-voluntary-lying-on-ground-08.txt,f42c794cde1e7058dafb0367ff9b53f3d7c0ee2cff08c0ff469db552ef5d77e8,PASS
189_p19-active-voluntary-lying-on-ground-09.png,/home/yanbo/下载/batches/batch_person-fallen-v2-camera1p5m/final/189_p19-active-voluntary-lying-on-ground-09.png,f0896d5057b1d237729d0b6dbacb6052187fcaa3f1650ba4bad3e8dd48de6f05,1920,1080,189_p19-active-voluntary-lying-on-ground-09.txt,/home/yanbo/下载/batches/batch_person-fallen-v2-camera1p5m/prompts/189_p19-active-voluntary-lying-on-ground-09.txt,195c3f46a12ca915752337d4a825b49ca7fd777e0669ab3c74e6c47ae530bb3b,PASS
18_p02-supine-on-floor-08.png,/home/yanbo/下载/batches/batch_person-fallen-v2-camera1p5m/final/18_p02-supine-on-floor-08.png,6881ae0e92af78ee265a345ee5b2601e4ce3545a239f37f0fc65e19cdbce3046,1920,1080,18_p02-supine-on-floor-08.txt,/home/yanbo/下载/batches/batch_person-fallen-v2-camera1p5m/prompts/18_p02-supine-on-floor-08.txt,d18160fe70307286374c35e5be267c3a2ca58cfad8db78b50b7ff805fbba68a0,PASS
190_p19-active-voluntary-lying-on-ground-10.png,/home/yanbo/下载/batches/batch_person-fallen-v2-camera1p5m/final/190_p19-active-voluntary-lying-on-ground-10.png,dce8cb218c852a5f46cde0734b70bc3398faf0b4479f04ace0bc0844cb09b8e8,1920,1080,190_p19-active-voluntary-lying-on-ground-10.txt,/home/yanbo/下载/batches/batch_person-fallen-v2-camera1p5m/prompts/190_p19-active-voluntary-lying-on-ground-10.txt,55168cc59c7ed9818fc8db4396ddfcb3544c4b60230539a2500bea9277b1ed30,PASS
191_p20-static-lying-on-ground-01.png,/home/yanbo/下载/batches/batch_person-fallen-v2-camera1p5m/final/191_p20-static-lying-on-ground-01.png,5824382aae59fe61af98dccf89fcdf96008082adf4b8ea5242f2229fc1f365e9,1920,1080,191_p20-static-lying-on-ground-01.txt,/home/yanbo/下载/batches/batch_person-fallen-v2-camera1p5m/prompts/191_p20-static-lying-on-ground-01.txt,081ac5d75ea906167ec5b7f2d6a93e2441d14f2b6e5aeea486e6d380bf30d9d2,PASS
192_p20-static-lying-on-ground-02.png,/home/yanbo/下载/batches/batch_person-fallen-v2-camera1p5m/final/192_p20-static-lying-on-ground-02.png,97eb294edd0f3e0fea3a61c12217cc676ee2e92940d159c5d3e017ccb94c2329,1920,1080,192_p20-static-lying-on-ground-02.txt,/home/yanbo/下载/batches/batch_person-fallen-v2-camera1p5m/prompts/192_p20-static-lying-on-ground-02.txt,198ceeed4c52c68e2ad858b02ed9c638b94b167bb063575b920cadcaf935094b,PASS
193_p20-static-lying-on-ground-03.png,/home/yanbo/下载/batches/batch_person-fallen-v2-camera1p5m/final/193_p20-static-lying-on-ground-03.png,56e5011a38e4a5b734eeece9c4211db4809c55842a21345e66e8a638f0a2ccb4,1920,1080,193_p20-static-lying-on-ground-03.txt,/home/yanbo/下载/batches/batch_person-fallen-v2-camera1p5m/prompts/193_p20-static-lying-on-ground-03.txt,4f21719aa8f1498469255113fe018831857a2539fc13b40046f31f3f18a2126d,PASS
194_p20-static-lying-on-ground-04.png,/home/yanbo/下载/batches/batch_person-fallen-v2-camera1p5m/final/194_p20-static-lying-on-ground-04.png,7e1206f44540e5ec3fe459c7f2aa021a27a7ab5ba240a6023a149e58ee29b61c,1920,1080,194_p20-static-lying-on-ground-04.txt,/home/yanbo/下载/batches/batch_person-fallen-v2-camera1p5m/prompts/194_p20-static-lying-on-ground-04.txt,13b7fe4ee208c8c17744fde360fdb437e6f3748da650b9e5cec827419b6bf9f7,PASS
195_p20-static-lying-on-ground-05.png,/home/yanbo/下载/batches/batch_person-fallen-v2-camera1p5m/final/195_p20-static-lying-on-ground-05.png,6f57b16285c4e6edfe6de3daa00e0f70c69141498b3c491179c721759cce7a79,1920,1080,195_p20-static-lying-on-ground-05.txt,/home/yanbo/下载/batches/batch_person-fallen-v2-camera1p5m/prompts/195_p20-static-lying-on-ground-05.txt,7926c9cf121ea7b5812315da85a00e1b779c0e789eb7bb32f0c732decf532881,PASS
196_p20-static-lying-on-ground-06.png,/home/yanbo/下载/batches/batch_person-fallen-v2-camera1p5m/final/196_p20-static-lying-on-ground-06.png,fd1daa698feb788e484468dd09275d04427cea7a76f2961d3207361992a57851,1920,1080,196_p20-static-lying-on-ground-06.txt,/home/yanbo/下载/batches/batch_person-fallen-v2-camera1p5m/prompts/196_p20-static-lying-on-ground-06.txt,67d5f1be4942e2335674609bf203b9d3f020dc7b186094d2f489fba9b7c091d2,PASS
197_p20-static-lying-on-ground-07.png,/home/yanbo/下载/batches/batch_person-fallen-v2-camera1p5m/final/197_p20-static-lying-on-ground-07.png,8e69fe60639e78401589d986a5517e8a48ce49822e9857e9ef11fb33a92adfb4,1920,1080,197_p20-static-lying-on-ground-07.txt,/home/yanbo/下载/batches/batch_person-fallen-v2-camera1p5m/prompts/197_p20-static-lying-on-ground-07.txt,566f1f928b35d3b1de31923296fa82382ece096d2f88fd01412714e3dc33bdc8,PASS
198_p20-static-lying-on-ground-08.png,/home/yanbo/下载/batches/batch_person-fallen-v2-camera1p5m/final/198_p20-static-lying-on-ground-08.png,8743fc7160d123ceb4ffc38b36fc5ae589daa0516020a68a6b55144ce4e64c85,1920,1080,198_p20-static-lying-on-ground-08.txt,/home/yanbo/下载/batches/batch_person-fallen-v2-camera1p5m/prompts/198_p20-static-lying-on-ground-08.txt,af96112125d36103650e402de450c6cc995f0ffddb05b91cae38e375fe847ad2,PASS
199_p20-static-lying-on-ground-09.png,/home/yanbo/下载/batches/batch_person-fallen-v2-camera1p5m/final/199_p20-static-lying-on-ground-09.png,0d95ed8fd7b4b792671117cb4dc10b2532137a69f7f6e94ce2494be460957df7,1920,1080,199_p20-static-lying-on-ground-09.txt,/home/yanbo/下载/batches/batch_person-fallen-v2-camera1p5m/prompts/199_p20-static-lying-on-ground-09.txt,27021dcc7951cd5600004735dc15a220ee29ab33dcc0f1637c322817b8118b4c,PASS
19_p02-supine-on-floor-09.png,/home/yanbo/下载/batches/batch_person-fallen-v2-camera1p5m/final/19_p02-supine-on-floor-09.png,b874a600936c52aeddb2d3a93719f0fe02937076b115354fa5d3417153f9027f,1920,1080,19_p02-supine-on-floor-09.txt,/home/yanbo/下载/batches/batch_person-fallen-v2-camera1p5m/prompts/19_p02-supine-on-floor-09.txt,2772b5e3066d18683e5d9cae492c98039c431bd11e84d9b651019eeb585c5726,PASS
200_p20-static-lying-on-ground-10.png,/home/yanbo/下载/batches/batch_person-fallen-v2-camera1p5m/final/200_p20-static-lying-on-ground-10.png,d04a76e9519f62f74f8ea3fc772195a79084bae2f811bde50e3d7e9ccf4997ca,1920,1080,200_p20-static-lying-on-ground-10.txt,/home/yanbo/下载/batches/batch_person-fallen-v2-camera1p5m/prompts/200_p20-static-lying-on-ground-10.txt,560e79ef6d4046c266943ac1648d66cf368b6fb2c1f72b2465d2745399ba200d,PASS
201_n01-normal-standing-01.png,/home/yanbo/下载/batches/batch_person-fallen-v2-camera1p5m/final/201_n01-normal-standing-01.png,457cfa92c5ab41f354d579c4d14852a123235fc8e559db33a211b7302b050029,1920,1080,201_n01-normal-standing-01.txt,/home/yanbo/下载/batches/batch_person-fallen-v2-camera1p5m/prompts/201_n01-normal-standing-01.txt,42d5884345726c7e9955de38ba0452da92b7843de26821c899c4707706f39dcf,PASS
202_n01-normal-standing-02.png,/home/yanbo/下载/batches/batch_person-fallen-v2-camera1p5m/final/202_n01-normal-standing-02.png,920c606e31ac7bcaa90a07a65cb3c274e2f1c2c9c013bc9a6d0a9d606b5c9679,1920,1080,202_n01-normal-standing-02.txt,/home/yanbo/下载/batches/batch_person-fallen-v2-camera1p5m/prompts/202_n01-normal-standing-02.txt,d247d2a67720aa92c6985d146a716900a3477bb3751935305acaf7d249b8d9ef,PASS
203_n01-normal-standing-03.png,/home/yanbo/下载/batches/batch_person-fallen-v2-camera1p5m/final/203_n01-normal-standing-03.png,a1cd8e89742ed199a07308870b4962f4340aef43264a81c77a6a79722d89d926,1920,1080,203_n01-normal-standing-03.txt,/home/yanbo/下载/batches/batch_person-fallen-v2-camera1p5m/prompts/203_n01-normal-standing-03.txt,d93f97b8ce1097f9cb9904a9f7c1065d719ba29cd4b5094e01c09ca1c49de6e3,PASS
204_n01-normal-standing-04.png,/home/yanbo/下载/batches/batch_person-fallen-v2-camera1p5m/final/204_n01-normal-standing-04.png,ce9dc025af14a475e18224fc33de4e53f4c219f05c455b849eda6519a28280f2,1920,1080,204_n01-normal-standing-04.txt,/home/yanbo/下载/batches/batch_person-fallen-v2-camera1p5m/prompts/204_n01-normal-standing-04.txt,0f06d92c248ceb07d8aaffbbe8640d93afbff1d57a01abb939df00d23b55acb9,PASS
205_n01-normal-standing-05.png,/home/yanbo/下载/batches/batch_person-fallen-v2-camera1p5m/final/205_n01-normal-standing-05.png,4fa6866d8b13f3823e1035a827511e4ffd540a6d33ecd03a46d1cb139a5cbb90,1920,1080,205_n01-normal-standing-05.txt,/home/yanbo/下载/batches/batch_person-fallen-v2-camera1p5m/prompts/205_n01-normal-standing-05.txt,c66eefdee09952cbd9f6fef362c90f9a5db173683da810e0fb998921c3c2209c,PASS
206_n01-normal-standing-06.png,/home/yanbo/下载/batches/batch_person-fallen-v2-camera1p5m/final/206_n01-normal-standing-06.png,6786cd4c5ce2d5100e95e9ca8a85a3ee6c0074d2661b445a20b694d5bf35814f,1920,1080,206_n01-normal-standing-06.txt,/home/yanbo/下载/batches/batch_person-fallen-v2-camera1p5m/prompts/206_n01-normal-standing-06.txt,30f0594061ef6b7df6bf3a636af98eb16925eb713a2fcc782f9361cbe6f07880,PASS
207_n01-normal-standing-07.png,/home/yanbo/下载/batches/batch_person-fallen-v2-camera1p5m/final/207_n01-normal-standing-07.png,e6d31485e30861fae7d360b9d9e23306e8b4317762269bf9239faa555516baee,1920,1080,207_n01-normal-standing-07.txt,/home/yanbo/下载/batches/batch_person-fallen-v2-camera1p5m/prompts/207_n01-normal-standing-07.txt,15686e6f9320e1cdf69ae064d15a320e73fe6813563a5bbb3c93245d96a8aab0,PASS
208_n01-normal-standing-08.png,/home/yanbo/下载/batches/batch_person-fallen-v2-camera1p5m/final/208_n01-normal-standing-08.png,5dbf27cf5cbc6edd6b8d4aedddf6f42e9ac9809a1f40a430e968ab70da572ea4,1920,1080,208_n01-normal-standing-08.txt,/home/yanbo/下载/batches/batch_person-fallen-v2-camera1p5m/prompts/208_n01-normal-standing-08.txt,13716c0bc6e1c291788d2403417fe96bc160c57a2ac0a851c2cd07e525584bd2,PASS
209_n01-normal-standing-09.png,/home/yanbo/下载/batches/batch_person-fallen-v2-camera1p5m/final/209_n01-normal-standing-09.png,cf12a0c87783adfbb55c87a7b1f10fd0a02c273e0a80097167298edaf9349965,1920,1080,209_n01-normal-standing-09.txt,/home/yanbo/下载/batches/batch_person-fallen-v2-camera1p5m/prompts/209_n01-normal-standing-09.txt,a06295a7d59e4052c8613705b37c9be437b7368837a9aebf5920044f8d827ef4,PASS
20_p02-supine-on-floor-10.png,/home/yanbo/下载/batches/batch_person-fallen-v2-camera1p5m/final/20_p02-supine-on-floor-10.png,5bac427ba05af7d58237cbf9d1d3606a4615caa7c3c7a8e01d301442ce4c7f63,1920,1080,20_p02-supine-on-floor-10.txt,/home/yanbo/下载/batches/batch_person-fallen-v2-camera1p5m/prompts/20_p02-supine-on-floor-10.txt,4cc06bbf5a37a9b4585d739af0822ccb9dd3453a628dac74d6934c8d5f86b47f,PASS
210_n01-normal-standing-10.png,/home/yanbo/下载/batches/batch_person-fallen-v2-camera1p5m/final/210_n01-normal-standing-10.png,83bedc0973a8c202da41709e7b7ff62f64b014c5d58c8b2a11779b40c3285a87,1920,1080,210_n01-normal-standing-10.txt,/home/yanbo/下载/batches/batch_person-fallen-v2-camera1p5m/prompts/210_n01-normal-standing-10.txt,c098893ce8c9e9fa7da89b67186f7944b61aeb5be3466c5a1fcc7298b014dd73,PASS
211_n02-normal-walking-01.png,/home/yanbo/下载/batches/batch_person-fallen-v2-camera1p5m/final/211_n02-normal-walking-01.png,84620ef986b653f83fe4161a06054c03b14bfde35ca3588d66b6dcdfeb104929,1920,1080,211_n02-normal-walking-01.txt,/home/yanbo/下载/batches/batch_person-fallen-v2-camera1p5m/prompts/211_n02-normal-walking-01.txt,989e64b917cbe5846b077fccd3bdd3c7d946dca5b557a01eb0ae543b970c8b3e,PASS
212_n02-normal-walking-02.png,/home/yanbo/下载/batches/batch_person-fallen-v2-camera1p5m/final/212_n02-normal-walking-02.png,2a5c2d55fe21dcfb62d6193ee70d56c16a38f892c0ca6991f871e9220a1e4114,1920,1080,212_n02-normal-walking-02.txt,/home/yanbo/下载/batches/batch_person-fallen-v2-camera1p5m/prompts/212_n02-normal-walking-02.txt,ffb7fe2d5fa284c2f2380dc0c8a3dd6df20828209f8c73ba322f84401db23251,PASS
213_n02-normal-walking-03.png,/home/yanbo/下载/batches/batch_person-fallen-v2-camera1p5m/final/213_n02-normal-walking-03.png,df7262d5f0764ffcdeac7c699684178eace0c41aa85f58c6b96a19726c2938a5,1920,1080,213_n02-normal-walking-03.txt,/home/yanbo/下载/batches/batch_person-fallen-v2-camera1p5m/prompts/213_n02-normal-walking-03.txt,b7f2a4a9c5b7dd393ba1ac04ecd3edb63c06b354dd8549c40e6ca19756465310,PASS
214_n02-normal-walking-04.png,/home/yanbo/下载/batches/batch_person-fallen-v2-camera1p5m/final/214_n02-normal-walking-04.png,fc149aaea8829ea06f3ed12651debf67d1b41ee5405a8479d2855176ad1207f8,1920,1080,214_n02-normal-walking-04.txt,/home/yanbo/下载/batches/batch_person-fallen-v2-camera1p5m/prompts/214_n02-normal-walking-04.txt,e3c80f5aca6a04aaad93f824e0fa5602a76074af98f28cd02893291d82eeb37e,PASS
215_n02-normal-walking-05.png,/home/yanbo/下载/batches/batch_person-fallen-v2-camera1p5m/final/215_n02-normal-walking-05.png,3ea5da470a7ca94ea0f92d87746573becb0e70b5d600f444a579417cca00be40,1920,1080,215_n02-normal-walking-05.txt,/home/yanbo/下载/batches/batch_person-fallen-v2-camera1p5m/prompts/215_n02-normal-walking-05.txt,e6ef6256070941b5726220e6bca493058bc5c1fee09a6cfb2a1f8ea2469b60d1,PASS
216_n02-normal-walking-06.png,/home/yanbo/下载/batches/batch_person-fallen-v2-camera1p5m/final/216_n02-normal-walking-06.png,5236377d0e960a946da10b1df70dee4dedb6b1ee8dfab55782303b948b178395,1920,1080,216_n02-normal-walking-06.txt,/home/yanbo/下载/batches/batch_person-fallen-v2-camera1p5m/prompts/216_n02-normal-walking-06.txt,78c5308a8e2001f3198d4c4434fde9ef42480e6096f12cf83c43dc5002844bc4,PASS
217_n02-normal-walking-07.png,/home/yanbo/下载/batches/batch_person-fallen-v2-camera1p5m/final/217_n02-normal-walking-07.png,832f2687a61e8d82e1f5571fe27fb39531c55823e664a34cf284c8af48b2a9d0,1920,1080,217_n02-normal-walking-07.txt,/home/yanbo/下载/batches/batch_person-fallen-v2-camera1p5m/prompts/217_n02-normal-walking-07.txt,91e3406f29c9347dbd19294e2287a53b9774c89076430bec860968a3271a736e,PASS
218_n02-normal-walking-08.png,/home/yanbo/下载/batches/batch_person-fallen-v2-camera1p5m/final/218_n02-normal-walking-08.png,e5272b7ba0585b8642824a52f893afc42fc446c0ea9e9b7b11ed2b6eb4615835,1920,1080,218_n02-normal-walking-08.txt,/home/yanbo/下载/batches/batch_person-fallen-v2-camera1p5m/prompts/218_n02-normal-walking-08.txt,d2aa757cc49447e0deb9e70ed031635e41830ea121655549b8d0ecf1aaba5ed4,PASS
219_n02-normal-walking-09.png,/home/yanbo/下载/batches/batch_person-fallen-v2-camera1p5m/final/219_n02-normal-walking-09.png,e12aa00ebca5ce986b5df9f5e39d562be46c2c28dec4a2f9fe6d3e9c9554a048,1920,1080,219_n02-normal-walking-09.txt,/home/yanbo/下载/batches/batch_person-fallen-v2-camera1p5m/prompts/219_n02-normal-walking-09.txt,fad9196b15b839626f760871a9e6d4cb762e7bd0635ee38b361c3cdd9abc5efe,PASS
21_p03-prone-on-floor-01.png,/home/yanbo/下载/batches/batch_person-fallen-v2-camera1p5m/final/21_p03-prone-on-floor-01.png,f0afef1f06a16d9f91cbc9eb9a52cecd79d692a10c0624b6f169255a562f6374,1920,1080,21_p03-prone-on-floor-01.txt,/home/yanbo/下载/batches/batch_person-fallen-v2-camera1p5m/prompts/21_p03-prone-on-floor-01.txt,6a930f25e9052b7138e3d818d094cfc97049267377a7586c4e199432b20ea58b,PASS
220_n02-normal-walking-10.png,/home/yanbo/下载/batches/batch_person-fallen-v2-camera1p5m/final/220_n02-normal-walking-10.png,350be842f28a57c01d24f1ba08b664e57ee67df4d22eb4d566fb272af8819347,1920,1080,220_n02-normal-walking-10.txt,/home/yanbo/下载/batches/batch_person-fallen-v2-camera1p5m/prompts/220_n02-normal-walking-10.txt,e8d2e3b85067d1fc3fabfb25b54392dd607c5d5e8c2eb4bed317b410c614a36d,PASS
221_n03-normal-seated-on-chair-stool-01.png,/home/yanbo/下载/batches/batch_person-fallen-v2-camera1p5m/final/221_n03-normal-seated-on-chair-stool-01.png,134dfe24ba4a545900acbfdb83b4a62b70449aaadd890b1c75651779c8f2e888,1920,1080,221_n03-normal-seated-on-chair-stool-01.txt,/home/yanbo/下载/batches/batch_person-fallen-v2-camera1p5m/prompts/221_n03-normal-seated-on-chair-stool-01.txt,8c455f71a80cf12fd0de5d596b1c70e40e694d5e554a66cd1dead875225374e7,PASS
222_n03-normal-seated-on-chair-stool-02.png,/home/yanbo/下载/batches/batch_person-fallen-v2-camera1p5m/final/222_n03-normal-seated-on-chair-stool-02.png,965a36ac17f63bff6182aea6c810412c18e5e0b5a8edd978ef54aa65f471699a,1920,1080,222_n03-normal-seated-on-chair-stool-02.txt,/home/yanbo/下载/batches/batch_person-fallen-v2-camera1p5m/prompts/222_n03-normal-seated-on-chair-stool-02.txt,ba375bd3958e8d4bf4d0929d12c4f91185f6a183af61a7bf1477cddaa0b26050,PASS
223_n03-normal-seated-on-chair-stool-03.png,/home/yanbo/下载/batches/batch_person-fallen-v2-camera1p5m/final/223_n03-normal-seated-on-chair-stool-03.png,b0def42df09f987a7c46fd51ecb0ffb1a9d3017e809f2dcb08e60c5ec55a7c0f,1920,1080,223_n03-normal-seated-on-chair-stool-03.txt,/home/yanbo/下载/batches/batch_person-fallen-v2-camera1p5m/prompts/223_n03-normal-seated-on-chair-stool-03.txt,71d6de4c06e6a13739ec9b970f538e0cd7ddd2e374901484c075913de9b7d773,PASS
224_n03-normal-seated-on-chair-stool-04.png,/home/yanbo/下载/batches/batch_person-fallen-v2-camera1p5m/final/224_n03-normal-seated-on-chair-stool-04.png,aca00613e4666301061ddffe9cd1b2f87f0ac0326ec85e74625925198bfd7117,1920,1080,224_n03-normal-seated-on-chair-stool-04.txt,/home/yanbo/下载/batches/batch_person-fallen-v2-camera1p5m/prompts/224_n03-normal-seated-on-chair-stool-04.txt,496de8c67df398458f21041c2e30820e49d74fbe6920d4599a0355862a8ba397,PASS
225_n03-normal-seated-on-chair-stool-05.png,/home/yanbo/下载/batches/batch_person-fallen-v2-camera1p5m/final/225_n03-normal-seated-on-chair-stool-05.png,decbb91e43f7888ab015c46a93a6681e9ed58d0513898f92b2566cf9f62b736b,1920,1080,225_n03-normal-seated-on-chair-stool-05.txt,/home/yanbo/下载/batches/batch_person-fallen-v2-camera1p5m/prompts/225_n03-normal-seated-on-chair-stool-05.txt,d055bccd317785ad330af8df1015bd87f501a8b3f097192cabeff69c684138c2,PASS
226_n03-normal-seated-on-chair-stool-06.png,/home/yanbo/下载/batches/batch_person-fallen-v2-camera1p5m/final/226_n03-normal-seated-on-chair-stool-06.png,918bcd9792f6b32b77c3d03234683d235158ee718233c5e8848c6c07f9d3136f,1920,1080,226_n03-normal-seated-on-chair-stool-06.txt,/home/yanbo/下载/batches/batch_person-fallen-v2-camera1p5m/prompts/226_n03-normal-seated-on-chair-stool-06.txt,337669f29f73bfd7d06ff7ae77c4f74c69118636769718f8b4f214d3c3a24f8d,PASS
227_n03-normal-seated-on-chair-stool-07.png,/home/yanbo/下载/batches/batch_person-fallen-v2-camera1p5m/final/227_n03-normal-seated-on-chair-stool-07.png,70840adc6065155f16f6ee3bea719f65bf73e3ef9ae255e1e6150dba45ac2f84,1920,1080,227_n03-normal-seated-on-chair-stool-07.txt,/home/yanbo/下载/batches/batch_person-fallen-v2-camera1p5m/prompts/227_n03-normal-seated-on-chair-stool-07.txt,91c9cc1b98329b3209cfc932428fbaf2b5117481e11e53a6517387a9eee708c6,PASS
228_n03-normal-seated-on-chair-stool-08.png,/home/yanbo/下载/batches/batch_person-fallen-v2-camera1p5m/final/228_n03-normal-seated-on-chair-stool-08.png,d54811000d65c588d8507882501b378d11f35a8e4bd81d24bdf06c37b63a7c9f,1920,1080,228_n03-normal-seated-on-chair-stool-08.txt,/home/yanbo/下载/batches/batch_person-fallen-v2-camera1p5m/prompts/228_n03-normal-seated-on-chair-stool-08.txt,379d88d3ec8b72c9e47a528251b05e4985554bdf9136f53774915c45b6264c97,PASS
229_n03-normal-seated-on-chair-stool-09.png,/home/yanbo/下载/batches/batch_person-fallen-v2-camera1p5m/final/229_n03-normal-seated-on-chair-stool-09.png,321f3a35a48e0a9f07f6f244168a419b8af6fa0e74498afebb4b61b11e640241,1920,1080,229_n03-normal-seated-on-chair-stool-09.txt,/home/yanbo/下载/batches/batch_person-fallen-v2-camera1p5m/prompts/229_n03-normal-seated-on-chair-stool-09.txt,c0c5fa86fff65cbcc51d1fe3887efad5efc686190837c246fce0dfccb1fa2692,PASS
22_p03-prone-on-floor-02.png,/home/yanbo/下载/batches/batch_person-fallen-v2-camera1p5m/final/22_p03-prone-on-floor-02.png,531968ccc4c4000ca558dc91f46f4aa132767e2df19281d2506c4cbbd62c3e0f,1920,1080,22_p03-prone-on-floor-02.txt,/home/yanbo/下载/batches/batch_person-fallen-v2-camera1p5m/prompts/22_p03-prone-on-floor-02.txt,7098ca4f50f689b2580a8069b264bcfba3914acc2561e1b9c8e153b79051fa11,PASS
230_n03-normal-seated-on-chair-stool-10.png,/home/yanbo/下载/batches/batch_person-fallen-v2-camera1p5m/final/230_n03-normal-seated-on-chair-stool-10.png,d2415691cfd3ce59b490d558f1a3b1d4609756643ae69e8afac57b35b82a93d7,1920,1080,230_n03-normal-seated-on-chair-stool-10.txt,/home/yanbo/下载/batches/batch_person-fallen-v2-camera1p5m/prompts/230_n03-normal-seated-on-chair-stool-10.txt,35a1abdd1fbe6a19ae5d4fc5d051447f0b9b6334d3e4b573ddf4f33021ba397d,PASS
231_n04-normal-seated-on-chair-stool-01.png,/home/yanbo/下载/batches/batch_person-fallen-v2-camera1p5m/final/231_n04-normal-seated-on-chair-stool-01.png,9968329187d7c0273dcc1769c05d88e846009f0fd54a7d280664fca6706c0a46,1920,1080,231_n04-normal-seated-on-chair-stool-01.txt,/home/yanbo/下载/batches/batch_person-fallen-v2-camera1p5m/prompts/231_n04-normal-seated-on-chair-stool-01.txt,0d3523ce9a9920ac2464de05fe4b0f61f52b2524ba08b23ae38d34eb2f982350,PASS
232_n04-normal-seated-on-chair-stool-02.png,/home/yanbo/下载/batches/batch_person-fallen-v2-camera1p5m/final/232_n04-normal-seated-on-chair-stool-02.png,21558e45c831388c100ae3529b6804577a40ca367bb9f836b04e4c3520c2df66,1920,1080,232_n04-normal-seated-on-chair-stool-02.txt,/home/yanbo/下载/batches/batch_person-fallen-v2-camera1p5m/prompts/232_n04-normal-seated-on-chair-stool-02.txt,205d7bf38f6c97a6cd156c872d718d410a87357a858491d03bb1c572776c2de0,PASS
233_n04-normal-seated-on-chair-stool-03.png,/home/yanbo/下载/batches/batch_person-fallen-v2-camera1p5m/final/233_n04-normal-seated-on-chair-stool-03.png,8bdf1601258e589a61a1ddaabcf4d9f5d44b83c59f28ad97f6030858e1d7ff54,1920,1080,233_n04-normal-seated-on-chair-stool-03.txt,/home/yanbo/下载/batches/batch_person-fallen-v2-camera1p5m/prompts/233_n04-normal-seated-on-chair-stool-03.txt,b6d0bf027cdae738f5487705bedb0eba268f423672c3e0e77385b528eedc141a,PASS
234_n04-normal-seated-on-chair-stool-04.png,/home/yanbo/下载/batches/batch_person-fallen-v2-camera1p5m/final/234_n04-normal-seated-on-chair-stool-04.png,181b3cafa82863a1ca5bb12aea16b6dacf16f78f5f346890cc2575880695f72a,1920,1080,234_n04-normal-seated-on-chair-stool-04.txt,/home/yanbo/下载/batches/batch_person-fallen-v2-camera1p5m/prompts/234_n04-normal-seated-on-chair-stool-04.txt,ec44b8e1b7eedd8b615b28ab1abccd25a2b18841437b363a400c70cf9de12694,PASS
235_n04-normal-seated-on-chair-stool-05.png,/home/yanbo/下载/batches/batch_person-fallen-v2-camera1p5m/final/235_n04-normal-seated-on-chair-stool-05.png,1702a8a274a13fb451ca23ccafdc997a8830cc7adda330b5df0b90ab6aedef73,1920,1080,235_n04-normal-seated-on-chair-stool-05.txt,/home/yanbo/下载/batches/batch_person-fallen-v2-camera1p5m/prompts/235_n04-normal-seated-on-chair-stool-05.txt,26d5c9f3c3f1aadbf6c0b903f0d2142c024f53b3a1387790d876ab37b27f3d39,PASS
236_n04-normal-seated-on-chair-stool-06.png,/home/yanbo/下载/batches/batch_person-fallen-v2-camera1p5m/final/236_n04-normal-seated-on-chair-stool-06.png,ef1b9e81ee1523dbbb21b07d027980742531a74f55e456b369a433de82844d0c,1920,1080,236_n04-normal-seated-on-chair-stool-06.txt,/home/yanbo/下载/batches/batch_person-fallen-v2-camera1p5m/prompts/236_n04-normal-seated-on-chair-stool-06.txt,fecf18af77223af1200e22119678a3c17964bd77e1aa90f0fda78beb04fb19e0,PASS
237_n04-normal-seated-on-chair-stool-07.png,/home/yanbo/下载/batches/batch_person-fallen-v2-camera1p5m/final/237_n04-normal-seated-on-chair-stool-07.png,9cbe78bbf831d21c6e1c849718050658b28230501cc176dd49023302702e5d89,1920,1080,237_n04-normal-seated-on-chair-stool-07.txt,/home/yanbo/下载/batches/batch_person-fallen-v2-camera1p5m/prompts/237_n04-normal-seated-on-chair-stool-07.txt,74ef9ec0fc3498a456b190520549b31c3a3f230a462501da75bf47ba07c6af66,PASS
238_n04-normal-seated-on-chair-stool-08.png,/home/yanbo/下载/batches/batch_person-fallen-v2-camera1p5m/final/238_n04-normal-seated-on-chair-stool-08.png,95d750ee89b98302502ce9d5dd13c9cfd0bb861ce62ff17fb6bb95ba2852da1f,1920,1080,238_n04-normal-seated-on-chair-stool-08.txt,/home/yanbo/下载/batches/batch_person-fallen-v2-camera1p5m/prompts/238_n04-normal-seated-on-chair-stool-08.txt,3f726dd26e560c04b41c152d0921586feb8dc5a3b3d46a03d909844f68335795,PASS
239_n04-normal-seated-on-chair-stool-09.png,/home/yanbo/下载/batches/batch_person-fallen-v2-camera1p5m/final/239_n04-normal-seated-on-chair-stool-09.png,1d98c7785efcb98a45f71e366224ff1f43a9e4607bd7f11ac5a840e3fedbe349,1920,1080,239_n04-normal-seated-on-chair-stool-09.txt,/home/yanbo/下载/batches/batch_person-fallen-v2-camera1p5m/prompts/239_n04-normal-seated-on-chair-stool-09.txt,93c1bd64d47cdf676c8b16717f7858078ad6f0f67c39e59a7416074aa9522218,PASS
23_p03-prone-on-floor-03.png,/home/yanbo/下载/batches/batch_person-fallen-v2-camera1p5m/final/23_p03-prone-on-floor-03.png,86547becdc828b66ad9504dc73a3f4554738ec7030b623ec6830ae18fb351a4a,1920,1080,23_p03-prone-on-floor-03.txt,/home/yanbo/下载/batches/batch_person-fallen-v2-camera1p5m/prompts/23_p03-prone-on-floor-03.txt,bd4f337f850716d078e3d01b294614bc3c6c2e7eb5545614afd186284287f0ae,PASS
240_n04-normal-seated-on-chair-stool-10.png,/home/yanbo/下载/batches/batch_person-fallen-v2-camera1p5m/final/240_n04-normal-seated-on-chair-stool-10.png,970f4760193d0f57e0b8a9307c58746c25e11ef6272e39ffb938b3e6b0100fc4,1920,1080,240_n04-normal-seated-on-chair-stool-10.txt,/home/yanbo/下载/batches/batch_person-fallen-v2-camera1p5m/prompts/240_n04-normal-seated-on-chair-stool-10.txt,a2ba46f0708c6396845714a59eb9882ff75f19a1975fb0fcdf9bc7e1b370da2c,PASS
241_n05-normal-work-activity-01.png,/home/yanbo/下载/batches/batch_person-fallen-v2-camera1p5m/final/241_n05-normal-work-activity-01.png,9f097226ab0671e7a218fd1c82a58aebe647087f9a516133b29a28046bfc2abc,1920,1080,241_n05-normal-work-activity-01.txt,/home/yanbo/下载/batches/batch_person-fallen-v2-camera1p5m/prompts/241_n05-normal-work-activity-01.txt,782371f9eea254a38a0d228ecde98f7ea797e0b116bd57f484a3169e474e61bb,PASS
242_n05-normal-work-activity-02.png,/home/yanbo/下载/batches/batch_person-fallen-v2-camera1p5m/final/242_n05-normal-work-activity-02.png,61f62d3713f09e213c5c6907ba0a919c642e6906a6f69bf8da0bb3a5166322fb,1920,1080,242_n05-normal-work-activity-02.txt,/home/yanbo/下载/batches/batch_person-fallen-v2-camera1p5m/prompts/242_n05-normal-work-activity-02.txt,1223027963dcec91453c066909d231a5d67c08c114be67664889d5ea9236b930,PASS
243_n05-normal-work-activity-03.png,/home/yanbo/下载/batches/batch_person-fallen-v2-camera1p5m/final/243_n05-normal-work-activity-03.png,8365c94dd5b4f02db8356dede98e882f3d6565b8fda4260e81a214c9e1c314b3,1920,1080,243_n05-normal-work-activity-03.txt,/home/yanbo/下载/batches/batch_person-fallen-v2-camera1p5m/prompts/243_n05-normal-work-activity-03.txt,6a1a516d461bd819171c83d08a23d405a34775e6ad84a2857c6af77994c29f5f,PASS
244_n05-normal-work-activity-04.png,/home/yanbo/下载/batches/batch_person-fallen-v2-camera1p5m/final/244_n05-normal-work-activity-04.png,94101fe845662bffc2c777c22fbd05325f40c7430b920dcefbfe616b2d8f8bbb,1920,1080,244_n05-normal-work-activity-04.txt,/home/yanbo/下载/batches/batch_person-fallen-v2-camera1p5m/prompts/244_n05-normal-work-activity-04.txt,9de6fd3ae9405d1ee1ff9118ef262164cf6c3bc5da0229a2da7eed0aa51ea73f,PASS
245_n05-normal-work-activity-05.png,/home/yanbo/下载/batches/batch_person-fallen-v2-camera1p5m/final/245_n05-normal-work-activity-05.png,d9d6cd153d044702ab5b5c7c742b8b9f0bfe1e6fbcc1876b64efb6da24f28b90,1920,1080,245_n05-normal-work-activity-05.txt,/home/yanbo/下载/batches/batch_person-fallen-v2-camera1p5m/prompts/245_n05-normal-work-activity-05.txt,3fee008435ef3dcfc1e9c7d112df238236544f398f613cd5b6ead6e2e19b68b2,PASS
246_n05-normal-work-activity-06.png,/home/yanbo/下载/batches/batch_person-fallen-v2-camera1p5m/final/246_n05-normal-work-activity-06.png,7f8500c8ea49da59bce9fd30b27e3b866415ba174fea8fd967d9cf75d7b91772,1920,1080,246_n05-normal-work-activity-06.txt,/home/yanbo/下载/batches/batch_person-fallen-v2-camera1p5m/prompts/246_n05-normal-work-activity-06.txt,a54736a0dde05951050b1c2a99201e9980838c6e667a81dd4dfbb87da5c06e89,PASS
247_n05-normal-work-activity-07.png,/home/yanbo/下载/batches/batch_person-fallen-v2-camera1p5m/final/247_n05-normal-work-activity-07.png,95620c5fac3a9c5da240bf74298f8edcb95bdd361a43e836056f69e8d81ad366,1920,1080,247_n05-normal-work-activity-07.txt,/home/yanbo/下载/batches/batch_person-fallen-v2-camera1p5m/prompts/247_n05-normal-work-activity-07.txt,3ce535893460574adf113df893e15e4b8462888cb05d689cbeb1a18e2ebd44c2,PASS
248_n05-normal-work-activity-08.png,/home/yanbo/下载/batches/batch_person-fallen-v2-camera1p5m/final/248_n05-normal-work-activity-08.png,8a82f11e4ece013b8e4753087d1d7fb186f0f67158d1f4e39aa438f5308286fa,1920,1080,248_n05-normal-work-activity-08.txt,/home/yanbo/下载/batches/batch_person-fallen-v2-camera1p5m/prompts/248_n05-normal-work-activity-08.txt,f02f7b36429c642e04f92c7e1d49542a858052a2f1e37d66d9f80f2d82610fca,PASS
249_n05-normal-work-activity-09.png,/home/yanbo/下载/batches/batch_person-fallen-v2-camera1p5m/final/249_n05-normal-work-activity-09.png,f7ba24ba75b052e04cf3929eaeb01599b85303454742cecd2d9ad35189a11a83,1920,1080,249_n05-normal-work-activity-09.txt,/home/yanbo/下载/batches/batch_person-fallen-v2-camera1p5m/prompts/249_n05-normal-work-activity-09.txt,867299d9e31078fae5d85a41e150e9654fb86cda45c15c82ec00b1f7968f9d40,PASS
24_p03-prone-on-floor-04.png,/home/yanbo/下载/batches/batch_person-fallen-v2-camera1p5m/final/24_p03-prone-on-floor-04.png,fc2bc25c7a7c65641f3f35cd41cab981571e82d00231d5cb3f676954c03684f1,1920,1080,24_p03-prone-on-floor-04.txt,/home/yanbo/下载/batches/batch_person-fallen-v2-camera1p5m/prompts/24_p03-prone-on-floor-04.txt,3afeb315e26aa99f8b576fbaa0b83144c2e824be6a7fe87f3ae78400587328bd,PASS
250_n05-normal-work-activity-10.png,/home/yanbo/下载/batches/batch_person-fallen-v2-camera1p5m/final/250_n05-normal-work-activity-10.png,0b26abc51c7b63fab900a8c777f2c37a368a32a632a96741f4b20d82482e6d7c,1920,1080,250_n05-normal-work-activity-10.txt,/home/yanbo/下载/batches/batch_person-fallen-v2-camera1p5m/prompts/250_n05-normal-work-activity-10.txt,4fbc8172496307bb83482d9f0d6e299c2f5c4d252104cb347f1a3830ecd8240d,PASS
251_n06-normal-work-activity-01.png,/home/yanbo/下载/batches/batch_person-fallen-v2-camera1p5m/final/251_n06-normal-work-activity-01.png,0d5585e07f3b9fedc834975e2be54f134752f0ccb301ee4e02cd2c06106f94c8,1920,1080,251_n06-normal-work-activity-01.txt,/home/yanbo/下载/batches/batch_person-fallen-v2-camera1p5m/prompts/251_n06-normal-work-activity-01.txt,680160337e9b5ea4846a15bd06a871986544eb2ed0ed413d3d59332e6e167e56,PASS
252_n06-normal-work-activity-02.png,/home/yanbo/下载/batches/batch_person-fallen-v2-camera1p5m/final/252_n06-normal-work-activity-02.png,c8a9bc514c15da3f2da23703dc11bb453d11c54b1bebcec486122e3fb87d5379,1920,1080,252_n06-normal-work-activity-02.txt,/home/yanbo/下载/batches/batch_person-fallen-v2-camera1p5m/prompts/252_n06-normal-work-activity-02.txt,f4222a559b12ec4899d9bf04bffbb33e8c6098837bc0b294305d75ae27c7671f,PASS
253_n06-normal-work-activity-03.png,/home/yanbo/下载/batches/batch_person-fallen-v2-camera1p5m/final/253_n06-normal-work-activity-03.png,8c72d44ee172f2ae89a43f5c104baaa598077ae72eecae1fac52666811ee2c15,1920,1080,253_n06-normal-work-activity-03.txt,/home/yanbo/下载/batches/batch_person-fallen-v2-camera1p5m/prompts/253_n06-normal-work-activity-03.txt,8b1b35f6935aa3ad48cea5d793475adcb8e5d90cc14f4231979bb17b773bbb14,PASS
254_n06-normal-work-activity-04.png,/home/yanbo/下载/batches/batch_person-fallen-v2-camera1p5m/final/254_n06-normal-work-activity-04.png,708a9188aea6197ec36ef5ab262e62630b980f9a8a03797a477212ae97dd969d,1920,1080,254_n06-normal-work-activity-04.txt,/home/yanbo/下载/batches/batch_person-fallen-v2-camera1p5m/prompts/254_n06-normal-work-activity-04.txt,f6a5ecac419f4dd53bb11f6c86cc1325003b8c5631ab85ddb50b199636eaccef,PASS
255_n06-normal-work-activity-05.png,/home/yanbo/下载/batches/batch_person-fallen-v2-camera1p5m/final/255_n06-normal-work-activity-05.png,a9dec425e7a51445e33666ad77fc90f0add301fc713c1fbd6a83de6a81d2df72,1920,1080,255_n06-normal-work-activity-05.txt,/home/yanbo/下载/batches/batch_person-fallen-v2-camera1p5m/prompts/255_n06-normal-work-activity-05.txt,362a1b1cf2b5e1ff3c8f9487e1b8039620b9c4d00040c6d7dc70b8b08ac7341c,PASS
256_n06-normal-work-activity-06.png,/home/yanbo/下载/batches/batch_person-fallen-v2-camera1p5m/final/256_n06-normal-work-activity-06.png,15b2e5f1094add6b6262cc9d02d72f3cbacf86a9d4023024b7f9cbfc8d7a1dd8,1920,1080,256_n06-normal-work-activity-06.txt,/home/yanbo/下载/batches/batch_person-fallen-v2-camera1p5m/prompts/256_n06-normal-work-activity-06.txt,8010f47a0904bfab81c0b718ba1606ee2d6e1133353157f70373539324174c1a,PASS
257_n06-normal-work-activity-07.png,/home/yanbo/下载/batches/batch_person-fallen-v2-camera1p5m/final/257_n06-normal-work-activity-07.png,7d581bcff51b91f01017bb3a2479b738f8702d3532dc02bb5be374eb3acbfa33,1920,1080,257_n06-normal-work-activity-07.txt,/home/yanbo/下载/batches/batch_person-fallen-v2-camera1p5m/prompts/257_n06-normal-work-activity-07.txt,8907fdd343a606ea49d4607b6bcd837adfbc8a371bdf307cb46ae601b8f47df9,PASS
258_n06-normal-work-activity-08.png,/home/yanbo/下载/batches/batch_person-fallen-v2-camera1p5m/final/258_n06-normal-work-activity-08.png,2775217a73b3fec9852ead7ed28b5b4d76904b4a4f146e32928fc4c249a2f0b5,1920,1080,258_n06-normal-work-activity-08.txt,/home/yanbo/下载/batches/batch_person-fallen-v2-camera1p5m/prompts/258_n06-normal-work-activity-08.txt,7a6f6ddf308b86d9381ef796b10b3d48859af8597ab24a5daba24a7c5eee522a,PASS
259_n06-normal-work-activity-09.png,/home/yanbo/下载/batches/batch_person-fallen-v2-camera1p5m/final/259_n06-normal-work-activity-09.png,48dc5ad464b297860fc6a28647999f2c6eb1c00a37fd106e0a75d32094aebe81,1920,1080,259_n06-normal-work-activity-09.txt,/home/yanbo/下载/batches/batch_person-fallen-v2-camera1p5m/prompts/259_n06-normal-work-activity-09.txt,06ef84b9c1cf963f0881add0ff2d0f0651e9ec32c3a56253bcaac8ac4e7f783f,PASS
25_p03-prone-on-floor-05.png,/home/yanbo/下载/batches/batch_person-fallen-v2-camera1p5m/final/25_p03-prone-on-floor-05.png,562f3ef69ce6291a666cffda86e701c7f20b92195677ac0bffc96dbf792f87e1,1920,1080,25_p03-prone-on-floor-05.txt,/home/yanbo/下载/batches/batch_person-fallen-v2-camera1p5m/prompts/25_p03-prone-on-floor-05.txt,557a00e8f0ae115d40b3d827ced6a042d16cf552b325a5c183d5cd5be3b784db,PASS
260_n06-normal-work-activity-10.png,/home/yanbo/下载/batches/batch_person-fallen-v2-camera1p5m/final/260_n06-normal-work-activity-10.png,bd7cb37950286e8775216a9371b0eece1f9d46cfb09f046e0205804bd042b6a7,1920,1080,260_n06-normal-work-activity-10.txt,/home/yanbo/下载/batches/batch_person-fallen-v2-camera1p5m/prompts/260_n06-normal-work-activity-10.txt,bf794cd406cb8fd33dbec1fb073e83c6c9b552f9279c76f0f7bb7137a61d7f56,PASS
261_n07-mild-bending-01.png,/home/yanbo/下载/batches/batch_person-fallen-v2-camera1p5m/final/261_n07-mild-bending-01.png,0f86a510ad912179633dea734f4457dc1945b5bbe1a9a123613bae400af636ee,1920,1080,261_n07-mild-bending-01.txt,/home/yanbo/下载/batches/batch_person-fallen-v2-camera1p5m/prompts/261_n07-mild-bending-01.txt,a666c24e7c1f2b5b4a852fa2255b28a0c72aaeb7a33d2ba61bf2aa40e8196811,PASS
262_n07-mild-bending-02.png,/home/yanbo/下载/batches/batch_person-fallen-v2-camera1p5m/final/262_n07-mild-bending-02.png,e9e96ce08e4925312a49684d8381e0129c3b5722dbecbd610b4a40481f41cffb,1920,1080,262_n07-mild-bending-02.txt,/home/yanbo/下载/batches/batch_person-fallen-v2-camera1p5m/prompts/262_n07-mild-bending-02.txt,c5de92c81141418b0ad512df79cc6f8de1166eb3f5c42ac72426b0ae24870ddd,PASS
263_n07-mild-bending-03.png,/home/yanbo/下载/batches/batch_person-fallen-v2-camera1p5m/final/263_n07-mild-bending-03.png,acc221510be882f798e7e1c06e2b25f23bdf1419dbc036d0b4f22689505c7bc6,1920,1080,263_n07-mild-bending-03.txt,/home/yanbo/下载/batches/batch_person-fallen-v2-camera1p5m/prompts/263_n07-mild-bending-03.txt,6b473c1d7017988403a35f0feba976833db96c0e8e837d03d440374f9bdd79ef,PASS
264_n07-mild-bending-04.png,/home/yanbo/下载/batches/batch_person-fallen-v2-camera1p5m/final/264_n07-mild-bending-04.png,d15359dc17844ccf5775d2e324f7af0dc44b728120bc9257ab9d57ed9bf91549,1920,1080,264_n07-mild-bending-04.txt,/home/yanbo/下载/batches/batch_person-fallen-v2-camera1p5m/prompts/264_n07-mild-bending-04.txt,b06c578599d3de04962851e930b1adccb39c82676c4f1cea75a4bfd4782e90b9,PASS
265_n07-mild-bending-05.png,/home/yanbo/下载/batches/batch_person-fallen-v2-camera1p5m/final/265_n07-mild-bending-05.png,8307f620f96d4c6cbe58314eb71ed9be3ccf45d23727e8b6592f9477bb37fa6b,1920,1080,265_n07-mild-bending-05.txt,/home/yanbo/下载/batches/batch_person-fallen-v2-camera1p5m/prompts/265_n07-mild-bending-05.txt,85e7a9bac80ad1785e0319a13b1be026a2996917815c15ff99ff318baf704f86,PASS
266_n07-mild-bending-06.png,/home/yanbo/下载/batches/batch_person-fallen-v2-camera1p5m/final/266_n07-mild-bending-06.png,5cba43b31c38a875466a807fac5daaf80e715c1a1cacc3bed578bc9716930cdd,1920,1080,266_n07-mild-bending-06.txt,/home/yanbo/下载/batches/batch_person-fallen-v2-camera1p5m/prompts/266_n07-mild-bending-06.txt,b9cffe2f522a051db999eb1fc27d2d37df53d806db2255ca5ab19c302a5f76ee,PASS
267_n07-mild-bending-07.png,/home/yanbo/下载/batches/batch_person-fallen-v2-camera1p5m/final/267_n07-mild-bending-07.png,00533f22a7b735ce2dd0ba71594e60a7ac5dfbea9803ebbfe380b15f7c4ca55e,1920,1080,267_n07-mild-bending-07.txt,/home/yanbo/下载/batches/batch_person-fallen-v2-camera1p5m/prompts/267_n07-mild-bending-07.txt,26dea217b78a54c6e054ba2267cdf76878744424fd2172066ce44eab3185574f,PASS
268_n07-mild-bending-08.png,/home/yanbo/下载/batches/batch_person-fallen-v2-camera1p5m/final/268_n07-mild-bending-08.png,04d272b852fd59fbf31c8d1bd6846056e4e67a3dbbb13979b3e6d5628d3c5fbf,1920,1080,268_n07-mild-bending-08.txt,/home/yanbo/下载/batches/batch_person-fallen-v2-camera1p5m/prompts/268_n07-mild-bending-08.txt,24968abee1bb82f75c5b1056a7bc0c665781c713e791da68bc88a38672ac94c1,PASS
269_n07-mild-bending-09.png,/home/yanbo/下载/batches/batch_person-fallen-v2-camera1p5m/final/269_n07-mild-bending-09.png,b52e224f7c9bd37635012043f162b27d00b45efe2df6f03805c7bc1edaba3b8f,1920,1080,269_n07-mild-bending-09.txt,/home/yanbo/下载/batches/batch_person-fallen-v2-camera1p5m/prompts/269_n07-mild-bending-09.txt,5a147058021caa145e3f240de34c679ff2a960d57cccfe6f1ab584515514b934,PASS
26_p03-prone-on-floor-06.png,/home/yanbo/下载/batches/batch_person-fallen-v2-camera1p5m/final/26_p03-prone-on-floor-06.png,ffea712d59fccabbaf558579286df4d7fe6c99afeb817ce0bf8dad7d3377a921,1920,1080,26_p03-prone-on-floor-06.txt,/home/yanbo/下载/batches/batch_person-fallen-v2-camera1p5m/prompts/26_p03-prone-on-floor-06.txt,82a6ef69bd5a46a4d18e618910e3c00131ddef244963a362bf5e980eb0811490,PASS
270_n07-mild-bending-10.png,/home/yanbo/下载/batches/batch_person-fallen-v2-camera1p5m/final/270_n07-mild-bending-10.png,8d6788595b06d3e93c60d1a37e08fd1f6674d7e682ac5e208670a407130ca387,1920,1080,270_n07-mild-bending-10.txt,/home/yanbo/下载/batches/batch_person-fallen-v2-camera1p5m/prompts/270_n07-mild-bending-10.txt,d49063311f909ccdab6ea139fbf0e7cd97a6ab8d689eb7e1c6c173ce5bfb5661,PASS
271_n08-multi-person-normal-activity-01.png,/home/yanbo/下载/batches/batch_person-fallen-v2-camera1p5m/final/271_n08-multi-person-normal-activity-01.png,e74b50e0d919b056cade5af81e31a42fb9de0d4a42efc691d09fda59ff3070fd,1920,1080,271_n08-multi-person-normal-activity-01.txt,/home/yanbo/下载/batches/batch_person-fallen-v2-camera1p5m/prompts/271_n08-multi-person-normal-activity-01.txt,14b5c38e78aee1c2c9da1dc9bbf1b938350cf6cef52fe4fb6ef4c2ce9061a9d7,PASS
272_n08-multi-person-normal-activity-02.png,/home/yanbo/下载/batches/batch_person-fallen-v2-camera1p5m/final/272_n08-multi-person-normal-activity-02.png,3a7d548ee86198d44e926fda2d9fd05e7188f76974f8bc0e6663f03981120003,1920,1080,272_n08-multi-person-normal-activity-02.txt,/home/yanbo/下载/batches/batch_person-fallen-v2-camera1p5m/prompts/272_n08-multi-person-normal-activity-02.txt,23b0a5d130b17a6ed56a236d2fac4a2b3c65691bad5833e877a83fbfb539d264,PASS
273_n08-multi-person-normal-activity-03.png,/home/yanbo/下载/batches/batch_person-fallen-v2-camera1p5m/final/273_n08-multi-person-normal-activity-03.png,a3389fa90175ef6b7dd3e30e9280de3efd67dd48742937b417471d97b928d2ce,1920,1080,273_n08-multi-person-normal-activity-03.txt,/home/yanbo/下载/batches/batch_person-fallen-v2-camera1p5m/prompts/273_n08-multi-person-normal-activity-03.txt,38f50a0a3c23e0d73713e928d4de16ef10afe344fb1c1c73e824f93590738fb8,PASS
274_n08-multi-person-normal-activity-04.png,/home/yanbo/下载/batches/batch_person-fallen-v2-camera1p5m/final/274_n08-multi-person-normal-activity-04.png,f63a9dcfc130083a98a6e072eca29224a6fcf9b87295cc01035cddc7993cbf46,1920,1080,274_n08-multi-person-normal-activity-04.txt,/home/yanbo/下载/batches/batch_person-fallen-v2-camera1p5m/prompts/274_n08-multi-person-normal-activity-04.txt,eb9c51eb5475ac556debeb788bb2d9334f81d080e556256de792750785669861,PASS
275_n08-multi-person-normal-activity-05.png,/home/yanbo/下载/batches/batch_person-fallen-v2-camera1p5m/final/275_n08-multi-person-normal-activity-05.png,ace8bebe3612865ba94b98237bbac400737c66e91d581e5d44be58dd67103825,1920,1080,275_n08-multi-person-normal-activity-05.txt,/home/yanbo/下载/batches/batch_person-fallen-v2-camera1p5m/prompts/275_n08-multi-person-normal-activity-05.txt,968e6c1cc13578e425cb9fefec440590e81dac60279bf64f65ef735e219744e2,PASS
276_n08-multi-person-normal-activity-06.png,/home/yanbo/下载/batches/batch_person-fallen-v2-camera1p5m/final/276_n08-multi-person-normal-activity-06.png,88bb0cd0b836c73715058a3a30fa6ebf4fb466280c4a62f775ecdf3490a602f7,1920,1080,276_n08-multi-person-normal-activity-06.txt,/home/yanbo/下载/batches/batch_person-fallen-v2-camera1p5m/prompts/276_n08-multi-person-normal-activity-06.txt,c0dcf1bb80d13d7f7254b6656613471ffe3a4d3481cb27c49517e9b5e567c92d,PASS
277_n08-multi-person-normal-activity-07.png,/home/yanbo/下载/batches/batch_person-fallen-v2-camera1p5m/final/277_n08-multi-person-normal-activity-07.png,867239e2cbd3fcf7d403a985f450c3c8862854b339efa18130652c25be8790ac,1920,1080,277_n08-multi-person-normal-activity-07.txt,/home/yanbo/下载/batches/batch_person-fallen-v2-camera1p5m/prompts/277_n08-multi-person-normal-activity-07.txt,c47f65f75e00bbdc0b4a26215c097470a70abd2a79292cfd055196b42aec0894,PASS
278_n08-multi-person-normal-activity-08.png,/home/yanbo/下载/batches/batch_person-fallen-v2-camera1p5m/final/278_n08-multi-person-normal-activity-08.png,c5a16d8f66e68e54d9eac3959bcfa04972eb2bb6439e14920befb9ad075626b2,1920,1080,278_n08-multi-person-normal-activity-08.txt,/home/yanbo/下载/batches/batch_person-fallen-v2-camera1p5m/prompts/278_n08-multi-person-normal-activity-08.txt,9a20481a3375043c9ef0dfb7dc9ebd2c023b082c87898815ba3fe42ea377ea43,PASS
279_n08-multi-person-normal-activity-09.png,/home/yanbo/下载/batches/batch_person-fallen-v2-camera1p5m/final/279_n08-multi-person-normal-activity-09.png,52f50e02c7fb5442b2cb713f7d7949a3d9c3b99c94801770fd23caf83c5fb3c7,1920,1080,279_n08-multi-person-normal-activity-09.txt,/home/yanbo/下载/batches/batch_person-fallen-v2-camera1p5m/prompts/279_n08-multi-person-normal-activity-09.txt,dac8aeb0f77df227eee8db5debfef99d7a0f3f0174d7c0b7803d967c30351deb,PASS
27_p03-prone-on-floor-07.png,/home/yanbo/下载/batches/batch_person-fallen-v2-camera1p5m/final/27_p03-prone-on-floor-07.png,6609e71caae836680300eb0b9a5b375fed21f3fc3538aa102667e729b25864b6,1920,1080,27_p03-prone-on-floor-07.txt,/home/yanbo/下载/batches/batch_person-fallen-v2-camera1p5m/prompts/27_p03-prone-on-floor-07.txt,069a1407727b7bc0060238dd162129e5bf90c906ac59cb49ff3a525e9f0924c4,PASS
280_n08-multi-person-normal-activity-10.png,/home/yanbo/下载/batches/batch_person-fallen-v2-camera1p5m/final/280_n08-multi-person-normal-activity-10.png,cc16082b0347ea0a78146dc2ee0b1957b0121913b788c67a76f73498a5b1d5d6,1920,1080,280_n08-multi-person-normal-activity-10.txt,/home/yanbo/下载/batches/batch_person-fallen-v2-camera1p5m/prompts/280_n08-multi-person-normal-activity-10.txt,904db8303ab4098488da0a91d918b6802216bc9576772f5bd366c091d32b7265,PASS
281_n09-empty-ordinary-environment-01.png,/home/yanbo/下载/batches/batch_person-fallen-v2-camera1p5m/final/281_n09-empty-ordinary-environment-01.png,b15f534d0ce5649d38c13506ce2e488dd0a3378ee1a6ecb916a1b89668dec306,1920,1080,281_n09-empty-ordinary-environment-01.txt,/home/yanbo/下载/batches/batch_person-fallen-v2-camera1p5m/prompts/281_n09-empty-ordinary-environment-01.txt,e21d7e3ececcb82b44d78cb4cec13bb6e78ede27d87b028d4d3dba9b153b510b,PASS
282_n09-empty-ordinary-environment-02.png,/home/yanbo/下载/batches/batch_person-fallen-v2-camera1p5m/final/282_n09-empty-ordinary-environment-02.png,6f96b81e66cc9744e4e95f9b78d50cde298b12ec0ca0fffc7fb0f25a5b83612b,1920,1080,282_n09-empty-ordinary-environment-02.txt,/home/yanbo/下载/batches/batch_person-fallen-v2-camera1p5m/prompts/282_n09-empty-ordinary-environment-02.txt,7d6ecfdde27b49b97ce2e5216f98c061babd8103c1b18fac117ab1ae804be668,PASS
283_n09-empty-ordinary-environment-03.png,/home/yanbo/下载/batches/batch_person-fallen-v2-camera1p5m/final/283_n09-empty-ordinary-environment-03.png,b226ae42618934900520e3cfcf7b58693d7ecc3355e19a1cd31c0d7c416c668a,1920,1080,283_n09-empty-ordinary-environment-03.txt,/home/yanbo/下载/batches/batch_person-fallen-v2-camera1p5m/prompts/283_n09-empty-ordinary-environment-03.txt,2ec82aea56cf1417739c1c969518ce69290904e8b2e49987cfdeb761e68b4514,PASS
284_n09-empty-ordinary-environment-04.png,/home/yanbo/下载/batches/batch_person-fallen-v2-camera1p5m/final/284_n09-empty-ordinary-environment-04.png,ac0a32101e6a1f0ac83402cbc7be6296435de5720adafe68033405092ffa7481,1920,1080,284_n09-empty-ordinary-environment-04.txt,/home/yanbo/下载/batches/batch_person-fallen-v2-camera1p5m/prompts/284_n09-empty-ordinary-environment-04.txt,53a7646748fd2035555cbeb1b5b8fdbb62835feb1544c55b78e2bdcf6cd21ad6,PASS
285_n09-empty-ordinary-environment-05.png,/home/yanbo/下载/batches/batch_person-fallen-v2-camera1p5m/final/285_n09-empty-ordinary-environment-05.png,c4a3a2545d1cefcf3fb6bccd30c5cdd36a839ab16bc626edc2fe2b325d9de848,1920,1080,285_n09-empty-ordinary-environment-05.txt,/home/yanbo/下载/batches/batch_person-fallen-v2-camera1p5m/prompts/285_n09-empty-ordinary-environment-05.txt,fc6806e0db0e7bf71fcbef9a9db439dcf5167d6b8d97016ed02dfee59b3cbe51,PASS
286_n09-empty-ordinary-environment-06.png,/home/yanbo/下载/batches/batch_person-fallen-v2-camera1p5m/final/286_n09-empty-ordinary-environment-06.png,f26ea4366bb8774e2ac03983deb805df388991eff351289d53e850c6a334239f,1920,1080,286_n09-empty-ordinary-environment-06.txt,/home/yanbo/下载/batches/batch_person-fallen-v2-camera1p5m/prompts/286_n09-empty-ordinary-environment-06.txt,6bbfed5df2d00c97332dfc709de35433845da95ea380345d9e4bd6787d35d682,PASS
287_n09-empty-ordinary-environment-07.png,/home/yanbo/下载/batches/batch_person-fallen-v2-camera1p5m/final/287_n09-empty-ordinary-environment-07.png,68ce664709425e1ffd1c42f0e2b23ec5c02e367a75ac8a9e9a3ea8dc1dd5ee23,1920,1080,287_n09-empty-ordinary-environment-07.txt,/home/yanbo/下载/batches/batch_person-fallen-v2-camera1p5m/prompts/287_n09-empty-ordinary-environment-07.txt,73ab703f41a816b8b6840019471336dcfd342579bfa03c1859da98a4c9f2dfba,PASS
288_n09-empty-ordinary-environment-08.png,/home/yanbo/下载/batches/batch_person-fallen-v2-camera1p5m/final/288_n09-empty-ordinary-environment-08.png,41f36cef63e125a0818ea93dbd706549c6b0b075fc4e7a13cd9fc5b95b8c704d,1920,1080,288_n09-empty-ordinary-environment-08.txt,/home/yanbo/下载/batches/batch_person-fallen-v2-camera1p5m/prompts/288_n09-empty-ordinary-environment-08.txt,071ec8689953f20c358b837a5501cec6bec212dc0be30e77a40734a5e94b8df2,PASS
289_n09-empty-ordinary-environment-09.png,/home/yanbo/下载/batches/batch_person-fallen-v2-camera1p5m/final/289_n09-empty-ordinary-environment-09.png,5b8038f39aaa1dcec4232202e694d4a4d51f588b34c2563a9f8ecca523aeb709,1920,1080,289_n09-empty-ordinary-environment-09.txt,/home/yanbo/下载/batches/batch_person-fallen-v2-camera1p5m/prompts/289_n09-empty-ordinary-environment-09.txt,e176cdfbabba8263fa5ca6bd23e6f52361c5385538adc96472814cb130251546,PASS
28_p03-prone-on-floor-08.png,/home/yanbo/下载/batches/batch_person-fallen-v2-camera1p5m/final/28_p03-prone-on-floor-08.png,5584ace79f64b843dbea6e6eccf78e5e0700837c1b506bf79c82085f472e285b,1920,1080,28_p03-prone-on-floor-08.txt,/home/yanbo/下载/batches/batch_person-fallen-v2-camera1p5m/prompts/28_p03-prone-on-floor-08.txt,e2d1b1813fad5dc55c2c485d2f96316c75d3840bb8c9880f318c0803c45e6066,PASS
290_n09-empty-ordinary-environment-10.png,/home/yanbo/下载/batches/batch_person-fallen-v2-camera1p5m/final/290_n09-empty-ordinary-environment-10.png,848328fbe03cc1c49d51b367c20f8d93a4e2f960dab850dffa75eb31481fa259,1920,1080,290_n09-empty-ordinary-environment-10.txt,/home/yanbo/下载/batches/batch_person-fallen-v2-camera1p5m/prompts/290_n09-empty-ordinary-environment-10.txt,f480ee9cc6250d8ad33840c31172750e2c618ddecb94b96f698edc1a171f1f59,PASS
291_n10-empty-ordinary-environment-01.png,/home/yanbo/下载/batches/batch_person-fallen-v2-camera1p5m/final/291_n10-empty-ordinary-environment-01.png,343c24bc1858330a09579d2eb392edd13575b03ff2f859ec2fea5bbe26ccbdd6,1920,1080,291_n10-empty-ordinary-environment-01.txt,/home/yanbo/下载/batches/batch_person-fallen-v2-camera1p5m/prompts/291_n10-empty-ordinary-environment-01.txt,e7d1624f93cfaa72da23dcb4684b219860375aa834f17273921af9e5498d596c,PASS
292_n10-empty-ordinary-environment-02.png,/home/yanbo/下载/batches/batch_person-fallen-v2-camera1p5m/final/292_n10-empty-ordinary-environment-02.png,c1af3c93554d7c7a8dce2fdcfbb70e5e57253c0e1986cdbe7d4d08bf9495cadd,1920,1080,292_n10-empty-ordinary-environment-02.txt,/home/yanbo/下载/batches/batch_person-fallen-v2-camera1p5m/prompts/292_n10-empty-ordinary-environment-02.txt,dfcebe9d9fcb7b23b89ea2d6222ce97bd6c508e7d3a9245d8c6d1244ed392b19,PASS
293_n10-empty-ordinary-environment-03.png,/home/yanbo/下载/batches/batch_person-fallen-v2-camera1p5m/final/293_n10-empty-ordinary-environment-03.png,1a56ddaa13a22b1ff57ad4e2371a567f12411359319254b3837f7e311eff8753,1920,1080,293_n10-empty-ordinary-environment-03.txt,/home/yanbo/下载/batches/batch_person-fallen-v2-camera1p5m/prompts/293_n10-empty-ordinary-environment-03.txt,e20597d9fde8e5d957407cc7074b7a54ca543298b9f575e424e825c5442db087,PASS
294_n10-empty-ordinary-environment-04.png,/home/yanbo/下载/batches/batch_person-fallen-v2-camera1p5m/final/294_n10-empty-ordinary-environment-04.png,c0fa7065680316270522f7b0191f6d2103cc326b38090c01a854a6d324d097b4,1920,1080,294_n10-empty-ordinary-environment-04.txt,/home/yanbo/下载/batches/batch_person-fallen-v2-camera1p5m/prompts/294_n10-empty-ordinary-environment-04.txt,a0fccf295410ae9c823eb1babcf69901993e17076b073a261278a32632a6dfa3,PASS
295_n10-empty-ordinary-environment-05.png,/home/yanbo/下载/batches/batch_person-fallen-v2-camera1p5m/final/295_n10-empty-ordinary-environment-05.png,a0ed7789107366acd206f7ebd76e604f519ed6b9da616e5ade1b759e7b32cee6,1920,1080,295_n10-empty-ordinary-environment-05.txt,/home/yanbo/下载/batches/batch_person-fallen-v2-camera1p5m/prompts/295_n10-empty-ordinary-environment-05.txt,0e7dbac157ba9810dbefbc8d9bf0982a57c2111a94fb8dbda7bece2b54cd4aa8,PASS
296_n10-empty-ordinary-environment-06.png,/home/yanbo/下载/batches/batch_person-fallen-v2-camera1p5m/final/296_n10-empty-ordinary-environment-06.png,c9f2d9867a3a734d8feee362dfec1eb6db77396e9a4299c3cde9141824a7e4fc,1920,1080,296_n10-empty-ordinary-environment-06.txt,/home/yanbo/下载/batches/batch_person-fallen-v2-camera1p5m/prompts/296_n10-empty-ordinary-environment-06.txt,4c51ef950d520b5ce84ce490c0d4ef52a141a3ca3ad1a5e39cef1c3d969aefb1,PASS
297_n10-empty-ordinary-environment-07.png,/home/yanbo/下载/batches/batch_person-fallen-v2-camera1p5m/final/297_n10-empty-ordinary-environment-07.png,44df2a6d8599d15dce81d6b362bb5d45fa5ec27695deb63f24c89696aed573a0,1920,1080,297_n10-empty-ordinary-environment-07.txt,/home/yanbo/下载/batches/batch_person-fallen-v2-camera1p5m/prompts/297_n10-empty-ordinary-environment-07.txt,79ffda9b0c48d7e0f95d505d949ce38c2852d7fdf3eb0716cdb082c70be63a75,PASS
298_n10-empty-ordinary-environment-08.png,/home/yanbo/下载/batches/batch_person-fallen-v2-camera1p5m/final/298_n10-empty-ordinary-environment-08.png,01998bbbccfe92cf0fef6c67641bb2e0728ea4071487515c184c2a5520a4d1b7,1920,1080,298_n10-empty-ordinary-environment-08.txt,/home/yanbo/下载/batches/batch_person-fallen-v2-camera1p5m/prompts/298_n10-empty-ordinary-environment-08.txt,18bb228b79a30f4fcf7f8ddb01c82c59a950d92c01e1599c97bfbbe2f02b7de1,PASS
299_n10-empty-ordinary-environment-09.png,/home/yanbo/下载/batches/batch_person-fallen-v2-camera1p5m/final/299_n10-empty-ordinary-environment-09.png,6ed28568e808d76d93eaa2162694394d68dc4b6decfa44ca7d39899db68b1298,1920,1080,299_n10-empty-ordinary-environment-09.txt,/home/yanbo/下载/batches/batch_person-fallen-v2-camera1p5m/prompts/299_n10-empty-ordinary-environment-09.txt,68b245412b04a5e444d7c8fd16a5f02e603ceffb173827725e921a45de9150b8,PASS
29_p03-prone-on-floor-09.png,/home/yanbo/下载/batches/batch_person-fallen-v2-camera1p5m/final/29_p03-prone-on-floor-09.png,5e672724004a81b5b2d705c84a7bfb3bd5dadec21ca063c60d35dcc09debb938,1920,1080,29_p03-prone-on-floor-09.txt,/home/yanbo/下载/batches/batch_person-fallen-v2-camera1p5m/prompts/29_p03-prone-on-floor-09.txt,65061ebf715ad83d65699016b726f9ad39453bf616c01e6732f16a48f1d7ed34,PASS
300_n10-empty-ordinary-environment-10.png,/home/yanbo/下载/batches/batch_person-fallen-v2-camera1p5m/final/300_n10-empty-ordinary-environment-10.png,c73615ff2ead991d63116598175c5d97e7bc289cc89c73399c1c2e8867f58ff9,1920,1080,300_n10-empty-ordinary-environment-10.txt,/home/yanbo/下载/batches/batch_person-fallen-v2-camera1p5m/prompts/300_n10-empty-ordinary-environment-10.txt,dc6c6a698ece776d0953235397c917212bdd1a00f6691de91235ee82add55f0d,PASS
301_h01-sitting-on-floor-01.png,/home/yanbo/下载/batches/batch_person-fallen-v2-camera1p5m/final/301_h01-sitting-on-floor-01.png,5f82ee8030a64dfae05bb4583c289b09c8ebc33280dc2f6e4a53a10bbb60b2fc,1920,1080,301_h01-sitting-on-floor-01.txt,/home/yanbo/下载/batches/batch_person-fallen-v2-camera1p5m/prompts/301_h01-sitting-on-floor-01.txt,f53d4fbdabfb953bc5195743b9e6574c2f4d6fdb694315bbbd7449214be8c1cc,PASS
302_h01-sitting-on-floor-02.png,/home/yanbo/下载/batches/batch_person-fallen-v2-camera1p5m/final/302_h01-sitting-on-floor-02.png,5e18806b0d663d3a7b16e0bf3564749c245323f6fc828cd80add4c68d279c87f,1920,1080,302_h01-sitting-on-floor-02.txt,/home/yanbo/下载/batches/batch_person-fallen-v2-camera1p5m/prompts/302_h01-sitting-on-floor-02.txt,d092704b65052298cb8d9fb121787c417c27f514b5512e01cbd41e5abf228376,PASS
303_h01-sitting-on-floor-03.png,/home/yanbo/下载/batches/batch_person-fallen-v2-camera1p5m/final/303_h01-sitting-on-floor-03.png,27d688b997b3048bf57efd35520fa34bd3adccda66575f1ddb0bcc298629ce4b,1920,1080,303_h01-sitting-on-floor-03.txt,/home/yanbo/下载/batches/batch_person-fallen-v2-camera1p5m/prompts/303_h01-sitting-on-floor-03.txt,56a3649349223f241a23ad81e505012bf809ee2f6d1ca4bfb3c3b31efe70cd77,PASS
304_h01-sitting-on-floor-04.png,/home/yanbo/下载/batches/batch_person-fallen-v2-camera1p5m/final/304_h01-sitting-on-floor-04.png,4bca926036b8d0324b411c6828586467b408df92eb1db27af3b8dd25bf443e17,1920,1080,304_h01-sitting-on-floor-04.txt,/home/yanbo/下载/batches/batch_person-fallen-v2-camera1p5m/prompts/304_h01-sitting-on-floor-04.txt,baa5ce4b1091059d4ce970693dc4c8fd40b936402795060f55e1f8b527a8cf84,PASS
305_h01-sitting-on-floor-05.png,/home/yanbo/下载/batches/batch_person-fallen-v2-camera1p5m/final/305_h01-sitting-on-floor-05.png,2b6115e018583759cfe5df4bd1fcd315bb592af2d089c3a701da59fbbbf0e6e0,1920,1080,305_h01-sitting-on-floor-05.txt,/home/yanbo/下载/batches/batch_person-fallen-v2-camera1p5m/prompts/305_h01-sitting-on-floor-05.txt,6d534c9bb889259c656de1c622386ff46f4410bc76f0142d2337d5fe8b909781,PASS
306_h01-sitting-on-floor-06.png,/home/yanbo/下载/batches/batch_person-fallen-v2-camera1p5m/final/306_h01-sitting-on-floor-06.png,73bc09ee9ef0fd6bbb582bbe0db98cd4469f12a8834626f5fa2cc0b71ba6acbd,1920,1080,306_h01-sitting-on-floor-06.txt,/home/yanbo/下载/batches/batch_person-fallen-v2-camera1p5m/prompts/306_h01-sitting-on-floor-06.txt,9b453d26978f6600000458aa4b5b78454da80bf15d9773289eed341a9b799717,PASS
307_h01-sitting-on-floor-07.png,/home/yanbo/下载/batches/batch_person-fallen-v2-camera1p5m/final/307_h01-sitting-on-floor-07.png,aebf6050b3fb73755b48cad44728ca0f55ae95c078047887335bcfcc57776c47,1920,1080,307_h01-sitting-on-floor-07.txt,/home/yanbo/下载/batches/batch_person-fallen-v2-camera1p5m/prompts/307_h01-sitting-on-floor-07.txt,a93a0c7e45ef6c5999f3afc9ed9386e14367a27e41f3cbc1326d2fdc51ad96bb,PASS
308_h01-sitting-on-floor-08.png,/home/yanbo/下载/batches/batch_person-fallen-v2-camera1p5m/final/308_h01-sitting-on-floor-08.png,d9f51b8ff2d02493d7ecd7d16b28d4480d32456bbd87bf21b040cc6b3d4eeb33,1920,1080,308_h01-sitting-on-floor-08.txt,/home/yanbo/下载/batches/batch_person-fallen-v2-camera1p5m/prompts/308_h01-sitting-on-floor-08.txt,98119d22c1c103dcd3efc0dc9c6602fd1747ca21018ed75a78ed727284791374,PASS
309_h01-sitting-on-floor-09.png,/home/yanbo/下载/batches/batch_person-fallen-v2-camera1p5m/final/309_h01-sitting-on-floor-09.png,b18857cefb35aee71924a5cca2bd68a70cb29e28e5ec82e53e447f3301f1da13,1920,1080,309_h01-sitting-on-floor-09.txt,/home/yanbo/下载/batches/batch_person-fallen-v2-camera1p5m/prompts/309_h01-sitting-on-floor-09.txt,0761a3f3c3b52a37237e6cd50240dc9f0e83a9456413dc19a9a9d1a60e3ea312,PASS
30_p03-prone-on-floor-10.png,/home/yanbo/下载/batches/batch_person-fallen-v2-camera1p5m/final/30_p03-prone-on-floor-10.png,21a5aa9d0b90a82dff6f58e818f3f4cd2c2c7f83a07fac1b12e2a6bcb2b74a4b,1920,1080,30_p03-prone-on-floor-10.txt,/home/yanbo/下载/batches/batch_person-fallen-v2-camera1p5m/prompts/30_p03-prone-on-floor-10.txt,74be16d00249bc2b5a34f514c3142a2587e5ca7bba8732256c341956ed880cec,PASS
310_h01-sitting-on-floor-10.png,/home/yanbo/下载/batches/batch_person-fallen-v2-camera1p5m/final/310_h01-sitting-on-floor-10.png,5785e793610f7f7677b6c4d9b947c828a4e56e2d327d06adba47f377dfb5dc43,1920,1080,310_h01-sitting-on-floor-10.txt,/home/yanbo/下载/batches/batch_person-fallen-v2-camera1p5m/prompts/310_h01-sitting-on-floor-10.txt,c91e8bb07b3571e932084867336acfb0091000b4992e1a9e7f3c6fe3f570b65f,PASS
311_h02-sitting-on-floor-01.png,/home/yanbo/下载/batches/batch_person-fallen-v2-camera1p5m/final/311_h02-sitting-on-floor-01.png,a08dc0677c5f0c67aecd4897fe8c39f6112c2732b2182b3d889b03b5a98b617d,1920,1080,311_h02-sitting-on-floor-01.txt,/home/yanbo/下载/batches/batch_person-fallen-v2-camera1p5m/prompts/311_h02-sitting-on-floor-01.txt,3fa1db199a0cddb648594d401a005be8a99dfe91b47fa37c3efd9f78209be731,PASS
312_h02-sitting-on-floor-02.png,/home/yanbo/下载/batches/batch_person-fallen-v2-camera1p5m/final/312_h02-sitting-on-floor-02.png,74c096570ad1109e55ec956d25c76b0c3fe1a9dc51eef03da1642c07d7a765b9,1920,1080,312_h02-sitting-on-floor-02.txt,/home/yanbo/下载/batches/batch_person-fallen-v2-camera1p5m/prompts/312_h02-sitting-on-floor-02.txt,575380327386f8c68f43795656cf0daf5135ba021f87557614c233643bca0b4e,PASS
313_h02-sitting-on-floor-03.png,/home/yanbo/下载/batches/batch_person-fallen-v2-camera1p5m/final/313_h02-sitting-on-floor-03.png,26e8e9b1f421aeada92548231e0b832e6d0554ffe2dab403516c7c7a2df75a5c,1920,1080,313_h02-sitting-on-floor-03.txt,/home/yanbo/下载/batches/batch_person-fallen-v2-camera1p5m/prompts/313_h02-sitting-on-floor-03.txt,f0da130144c6c9c7badf5f352bc1dd4e3da6c4fd28e95d964ec07dc93902e243,PASS
314_h02-sitting-on-floor-04.png,/home/yanbo/下载/batches/batch_person-fallen-v2-camera1p5m/final/314_h02-sitting-on-floor-04.png,da3050615af0f957ee851f59d0ba1728110d72e2ce5799555015baa71545303d,1920,1080,314_h02-sitting-on-floor-04.txt,/home/yanbo/下载/batches/batch_person-fallen-v2-camera1p5m/prompts/314_h02-sitting-on-floor-04.txt,8abc900812d578212771f4ab28156759515d8f997a508afff0145181fb9183e5,PASS
315_h02-sitting-on-floor-05.png,/home/yanbo/下载/batches/batch_person-fallen-v2-camera1p5m/final/315_h02-sitting-on-floor-05.png,de763ff98de5ee15d2e08431d68de418de7ea91184c26b17329924d58a43cfea,1920,1080,315_h02-sitting-on-floor-05.txt,/home/yanbo/下载/batches/batch_person-fallen-v2-camera1p5m/prompts/315_h02-sitting-on-floor-05.txt,20f1333108a4115c078abb21cda428697ace7af53fa89944a05dbff99490622e,PASS
316_h02-sitting-on-floor-06.png,/home/yanbo/下载/batches/batch_person-fallen-v2-camera1p5m/final/316_h02-sitting-on-floor-06.png,51defa65e8ab2e4ac0e0b5d0903a50bd79b93ab562f59ceac93d10e35c3d7026,1920,1080,316_h02-sitting-on-floor-06.txt,/home/yanbo/下载/batches/batch_person-fallen-v2-camera1p5m/prompts/316_h02-sitting-on-floor-06.txt,999d3022bd85941bfeb8febed5d2c9943c294edc28d36488e28ae02e342a9fd7,PASS
317_h02-sitting-on-floor-07.png,/home/yanbo/下载/batches/batch_person-fallen-v2-camera1p5m/final/317_h02-sitting-on-floor-07.png,a492fa3a45b44a5055130be2502affe0940bb028630d22086170baa7a9120e9c,1920,1080,317_h02-sitting-on-floor-07.txt,/home/yanbo/下载/batches/batch_person-fallen-v2-camera1p5m/prompts/317_h02-sitting-on-floor-07.txt,a7906e74ebd43c252e0e46e59d4383cdac9b349a74d8649e61d003a316e4c4d7,PASS
318_h02-sitting-on-floor-08.png,/home/yanbo/下载/batches/batch_person-fallen-v2-camera1p5m/final/318_h02-sitting-on-floor-08.png,47c966c7e3000e227ea832590ab7f537270c4f411e1e5f9090b91012315ee2f3,1920,1080,318_h02-sitting-on-floor-08.txt,/home/yanbo/下载/batches/batch_person-fallen-v2-camera1p5m/prompts/318_h02-sitting-on-floor-08.txt,76546032bb15e85f574daed5acf7d413364fba659eea78dae6af992179c3f6eb,PASS
319_h02-sitting-on-floor-09.png,/home/yanbo/下载/batches/batch_person-fallen-v2-camera1p5m/final/319_h02-sitting-on-floor-09.png,535a93d41730af7911e98c7078fc4d470a277fdd4048c6e80cb57ed8e7db3439,1920,1080,319_h02-sitting-on-floor-09.txt,/home/yanbo/下载/batches/batch_person-fallen-v2-camera1p5m/prompts/319_h02-sitting-on-floor-09.txt,4ed8d3f6c162d61ff48d37d5a665a36e1b62686a8de94356db89985598c60767,PASS
31_p04-prone-on-floor-01.png,/home/yanbo/下载/batches/batch_person-fallen-v2-camera1p5m/final/31_p04-prone-on-floor-01.png,b0bc6b665f847380a62540bd0387a6356f273185253e134cc9d731120aee9ba7,1920,1080,31_p04-prone-on-floor-01.txt,/home/yanbo/下载/batches/batch_person-fallen-v2-camera1p5m/prompts/31_p04-prone-on-floor-01.txt,950f1d629a056472236b0d35434bd68e21126c2bebf348640f486ac25f231ec4,PASS
320_h02-sitting-on-floor-10.png,/home/yanbo/下载/batches/batch_person-fallen-v2-camera1p5m/final/320_h02-sitting-on-floor-10.png,87f2d821c7096f9fb25574f6272bb3ccd52ae160cf83b591930e5b2ea4bc6b99,1920,1080,320_h02-sitting-on-floor-10.txt,/home/yanbo/下载/batches/batch_person-fallen-v2-camera1p5m/prompts/320_h02-sitting-on-floor-10.txt,2bab1122f652dd8d905e2d9b73147137f864190ad442f4f0c4e01862dc1397c4,PASS
321_h03-kneeling-01.png,/home/yanbo/下载/batches/batch_person-fallen-v2-camera1p5m/final/321_h03-kneeling-01.png,8abaec058bf120acbbc5434c306d186beb4b4ab37623f024a025f10b349d0950,1920,1080,321_h03-kneeling-01.txt,/home/yanbo/下载/batches/batch_person-fallen-v2-camera1p5m/prompts/321_h03-kneeling-01.txt,287e1318dbc2df9c1d1eaf8d9f26f8c9efa184db5f28d9cfe4c2abe4579a2d95,PASS
322_h03-kneeling-02.png,/home/yanbo/下载/batches/batch_person-fallen-v2-camera1p5m/final/322_h03-kneeling-02.png,bbf2f9c60794f8bc935d2c5b0b8b4f103c4e98e20d82758d877739c54216a75c,1920,1080,322_h03-kneeling-02.txt,/home/yanbo/下载/batches/batch_person-fallen-v2-camera1p5m/prompts/322_h03-kneeling-02.txt,6e2e09708761eeabc367bc17c93399074c434c07b7e37ca18e9820beee5876d4,PASS
323_h03-kneeling-03.png,/home/yanbo/下载/batches/batch_person-fallen-v2-camera1p5m/final/323_h03-kneeling-03.png,571f202fd7c667dc9f715fafd3e988e9d01f736b0771132dffa4771b057e7be2,1920,1080,323_h03-kneeling-03.txt,/home/yanbo/下载/batches/batch_person-fallen-v2-camera1p5m/prompts/323_h03-kneeling-03.txt,accb6adba45eb647efce749ede67c500deb9c20f6ba900936c98233e518872c3,PASS
324_h03-kneeling-04.png,/home/yanbo/下载/batches/batch_person-fallen-v2-camera1p5m/final/324_h03-kneeling-04.png,16392ce139623dcead3dc9e6c9c492a2b1dc95c6b12bbdf467e79045a5b6473b,1920,1080,324_h03-kneeling-04.txt,/home/yanbo/下载/batches/batch_person-fallen-v2-camera1p5m/prompts/324_h03-kneeling-04.txt,3df1cfcb6d576152ae9ee6e4a27801ba3d483c16eb6af289f230ad60357d8989,PASS
325_h03-kneeling-05.png,/home/yanbo/下载/batches/batch_person-fallen-v2-camera1p5m/final/325_h03-kneeling-05.png,0c2c8ab08df945d01ae69aea7d9c57f73a9db4e3c88a362ea2e0216b2a433e06,1920,1080,325_h03-kneeling-05.txt,/home/yanbo/下载/batches/batch_person-fallen-v2-camera1p5m/prompts/325_h03-kneeling-05.txt,793712fdfa7c788f6d87350184fd3fc1d186177b82a7ba5c5b57e436a9a21712,PASS
326_h03-kneeling-06.png,/home/yanbo/下载/batches/batch_person-fallen-v2-camera1p5m/final/326_h03-kneeling-06.png,32aebc215aa35c65df2b994cf493dc70b1234b21fcf72caa58f454761fd3d3d8,1920,1080,326_h03-kneeling-06.txt,/home/yanbo/下载/batches/batch_person-fallen-v2-camera1p5m/prompts/326_h03-kneeling-06.txt,2b23dd940e59c88519a5a62f54e8259798f97a670db1e904bc23d4717ad71ced,PASS
327_h03-kneeling-07.png,/home/yanbo/下载/batches/batch_person-fallen-v2-camera1p5m/final/327_h03-kneeling-07.png,59c6841fe35ddf9c5c53fa57c3908516e081068c1c9272b3beadbc2375a14b42,1920,1080,327_h03-kneeling-07.txt,/home/yanbo/下载/batches/batch_person-fallen-v2-camera1p5m/prompts/327_h03-kneeling-07.txt,cc1b073b349f5b1d3616b1164b54560a6fba71b852c8d2fb13105ecf7e40072e,PASS
328_h03-kneeling-08.png,/home/yanbo/下载/batches/batch_person-fallen-v2-camera1p5m/final/328_h03-kneeling-08.png,5ffddfb69084de8140cc48c025565813a115bdcb4ab7f3795a3edef67341cb2e,1920,1080,328_h03-kneeling-08.txt,/home/yanbo/下载/batches/batch_person-fallen-v2-camera1p5m/prompts/328_h03-kneeling-08.txt,806becb9c172747082f1f07b6478198134890c20e13713a0bcfa4224daa126dd,PASS
329_h03-kneeling-09.png,/home/yanbo/下载/batches/batch_person-fallen-v2-camera1p5m/final/329_h03-kneeling-09.png,5edf07d26c5eb6d7cae80f2a262e808ea87dbfb5f683430326b265e8a2028eb6,1920,1080,329_h03-kneeling-09.txt,/home/yanbo/下载/batches/batch_person-fallen-v2-camera1p5m/prompts/329_h03-kneeling-09.txt,4243398db25a1004933ee6a695885a73a649a7a2d715c66284dce9205242505a,PASS
32_p04-prone-on-floor-02.png,/home/yanbo/下载/batches/batch_person-fallen-v2-camera1p5m/final/32_p04-prone-on-floor-02.png,ebdcd19a6884c77a2a854aad2cc33d145633833b0ef739e0c6b5fd302bf87dee,1920,1080,32_p04-prone-on-floor-02.txt,/home/yanbo/下载/batches/batch_person-fallen-v2-camera1p5m/prompts/32_p04-prone-on-floor-02.txt,2aaef391fe27b2308d1be1f26aa54f6a81330ffe2c0dce41ce0c7207ab7798bd,PASS
330_h03-kneeling-10.png,/home/yanbo/下载/batches/batch_person-fallen-v2-camera1p5m/final/330_h03-kneeling-10.png,2945077368eabff86b0a88694c309b66a40b7b4224c9ade8d5cf2056b3e0fd12,1920,1080,330_h03-kneeling-10.txt,/home/yanbo/下载/batches/batch_person-fallen-v2-camera1p5m/prompts/330_h03-kneeling-10.txt,7cb28bf425e2a39a895e25c0a0e63827ccc2900517d4578b11a14db5a4985637,PASS
331_h04-kneeling-01.png,/home/yanbo/下载/batches/batch_person-fallen-v2-camera1p5m/final/331_h04-kneeling-01.png,5c88c36cb9519b09e448c3487508aa73ed4bd2a763f46680bf9322017a3df9e0,1920,1080,331_h04-kneeling-01.txt,/home/yanbo/下载/batches/batch_person-fallen-v2-camera1p5m/prompts/331_h04-kneeling-01.txt,8e1234a7980bb91280847aedb6238f35ce8f7b81881dd010c2f61e12de67bbc6,PASS
332_h04-kneeling-02.png,/home/yanbo/下载/batches/batch_person-fallen-v2-camera1p5m/final/332_h04-kneeling-02.png,1a97fb68f1b7856a23da903b44dd63534a8c2936bf4554b90da171c6d99128ed,1920,1080,332_h04-kneeling-02.txt,/home/yanbo/下载/batches/batch_person-fallen-v2-camera1p5m/prompts/332_h04-kneeling-02.txt,e0c360468709d2a3363d27c9b795b4e48545c3c65a4536a755691310903e2a27,PASS
333_h04-kneeling-03.png,/home/yanbo/下载/batches/batch_person-fallen-v2-camera1p5m/final/333_h04-kneeling-03.png,fb291c9e0e88809b9c1bbf3023a4e133b56f9db057cd1b019396c800187c6d46,1920,1080,333_h04-kneeling-03.txt,/home/yanbo/下载/batches/batch_person-fallen-v2-camera1p5m/prompts/333_h04-kneeling-03.txt,a3a653703053dcf448c3757e74054d7d806824d6b56e8f02ca9687a4e8513d54,PASS
334_h04-kneeling-04.png,/home/yanbo/下载/batches/batch_person-fallen-v2-camera1p5m/final/334_h04-kneeling-04.png,81dc5bb723c3ef2385587823a37b33ea00c313aa9142416f4225c1f7bd9cc780,1920,1080,334_h04-kneeling-04.txt,/home/yanbo/下载/batches/batch_person-fallen-v2-camera1p5m/prompts/334_h04-kneeling-04.txt,c0e4a64aeb8dfb38c8363c2a7c82eb8b37ff174d413e0c0ef35b1a9e48ed506e,PASS
335_h04-kneeling-05.png,/home/yanbo/下载/batches/batch_person-fallen-v2-camera1p5m/final/335_h04-kneeling-05.png,a5f49b6be5465bc6bc6b528ff6582663251262079bbf4ef39c09f8f94af1fd6a,1920,1080,335_h04-kneeling-05.txt,/home/yanbo/下载/batches/batch_person-fallen-v2-camera1p5m/prompts/335_h04-kneeling-05.txt,711677022c120a7a62961a775cdbffdc0c026bd606fbba85be94cf8a1da69bbc,PASS
336_h04-kneeling-06.png,/home/yanbo/下载/batches/batch_person-fallen-v2-camera1p5m/final/336_h04-kneeling-06.png,a34dc5ac505694fb09bf451aa1f857cb16f576943981e81bbde97849691e2244,1920,1080,336_h04-kneeling-06.txt,/home/yanbo/下载/batches/batch_person-fallen-v2-camera1p5m/prompts/336_h04-kneeling-06.txt,3708351b04cc4832562fa59e526a26f0a3ce2730912686cf351b35b58080c8d5,PASS
337_h04-kneeling-07.png,/home/yanbo/下载/batches/batch_person-fallen-v2-camera1p5m/final/337_h04-kneeling-07.png,cf0fab739e5b2dba3b00eaabca7a446d0681ad5c6c05a8dbb6b0d7c28861bfcd,1920,1080,337_h04-kneeling-07.txt,/home/yanbo/下载/batches/batch_person-fallen-v2-camera1p5m/prompts/337_h04-kneeling-07.txt,9c9894c4ac4771945ddd7bb15a28406a57a32ec0da3d884fa200f3ed3d11b6aa,PASS
338_h04-kneeling-08.png,/home/yanbo/下载/batches/batch_person-fallen-v2-camera1p5m/final/338_h04-kneeling-08.png,c8cb3323d15195f6ab37a8612bda59fe1b5c5709447488b249b6ad10f803b39d,1920,1080,338_h04-kneeling-08.txt,/home/yanbo/下载/batches/batch_person-fallen-v2-camera1p5m/prompts/338_h04-kneeling-08.txt,fe07bad4a4b8cb1abde8c518487bfa8b1990f7784721139789ff3c74967adf20,PASS
339_h04-kneeling-09.png,/home/yanbo/下载/batches/batch_person-fallen-v2-camera1p5m/final/339_h04-kneeling-09.png,95ef71cca5f36a01b13631fe23712631906745bb360b3232c4788152083d3e8e,1920,1080,339_h04-kneeling-09.txt,/home/yanbo/下载/batches/batch_person-fallen-v2-camera1p5m/prompts/339_h04-kneeling-09.txt,0fb6dc398135b6911f61b29164903a8857d426ff960edd33c1305431e4902f79,PASS
33_p04-prone-on-floor-03.png,/home/yanbo/下载/batches/batch_person-fallen-v2-camera1p5m/final/33_p04-prone-on-floor-03.png,a0e0ec4f94be40b43c9f805fbffbb25dc69995126cf2caaf25bdc16b8b8b5d98,1920,1080,33_p04-prone-on-floor-03.txt,/home/yanbo/下载/batches/batch_person-fallen-v2-camera1p5m/prompts/33_p04-prone-on-floor-03.txt,c7a5305992113d2580fa39e9462462449d554b4161173155175691e968539b5c,PASS
340_h04-kneeling-10.png,/home/yanbo/下载/batches/batch_person-fallen-v2-camera1p5m/final/340_h04-kneeling-10.png,0fd7a8679875274d283899f60951ec8bbfb07d48c512677d4326f8c28f1490dd,1920,1080,340_h04-kneeling-10.txt,/home/yanbo/下载/batches/batch_person-fallen-v2-camera1p5m/prompts/340_h04-kneeling-10.txt,9572f7475c77e24d0734b4c7a72f1da14095047c44ebb951644bae7fde3fddc7,PASS
341_h05-squatting-01.png,/home/yanbo/下载/batches/batch_person-fallen-v2-camera1p5m/final/341_h05-squatting-01.png,c9a1818d75502dd3d49f09aec32fd72a5c3d4f4753628f8e446bd05431687831,1920,1080,341_h05-squatting-01.txt,/home/yanbo/下载/batches/batch_person-fallen-v2-camera1p5m/prompts/341_h05-squatting-01.txt,a160bfefae096ce905ddd1e7a44cfb4ac9bc462713a8c253610297ddb7699198,PASS
342_h05-squatting-02.png,/home/yanbo/下载/batches/batch_person-fallen-v2-camera1p5m/final/342_h05-squatting-02.png,c01f918d19a67837bd2ac6ffef2744eda19c79753cb42a35e8813f6607eed406,1920,1080,342_h05-squatting-02.txt,/home/yanbo/下载/batches/batch_person-fallen-v2-camera1p5m/prompts/342_h05-squatting-02.txt,4a5bc7f42f414024f6f9f52656f5008165e52cafb5103286b1caba3964a358c5,PASS
343_h05-squatting-03.png,/home/yanbo/下载/batches/batch_person-fallen-v2-camera1p5m/final/343_h05-squatting-03.png,1ed23067edcea8314d40a89b2f0099b09a4158392f566ffda462ffbf94f69dec,1920,1080,343_h05-squatting-03.txt,/home/yanbo/下载/batches/batch_person-fallen-v2-camera1p5m/prompts/343_h05-squatting-03.txt,f627d0f41ba75bef9b94cf7dff37419dad77360510314932c428e32781454231,PASS
344_h05-squatting-04.png,/home/yanbo/下载/batches/batch_person-fallen-v2-camera1p5m/final/344_h05-squatting-04.png,ea21f40aae14122b6aad0d2b26e191b6a5831ee2cfd5243299715cfeceda9682,1920,1080,344_h05-squatting-04.txt,/home/yanbo/下载/batches/batch_person-fallen-v2-camera1p5m/prompts/344_h05-squatting-04.txt,a15057aec08450d178e99c49a11bdb47826d820606942934dcd77857ac3d18b9,PASS
345_h05-squatting-05.png,/home/yanbo/下载/batches/batch_person-fallen-v2-camera1p5m/final/345_h05-squatting-05.png,1e4dc4cdacc66d3065bdf94b0485b2471346e343c932d4b151577c9ce4914840,1920,1080,345_h05-squatting-05.txt,/home/yanbo/下载/batches/batch_person-fallen-v2-camera1p5m/prompts/345_h05-squatting-05.txt,63a3dcb49360dcb069cbd054770d7e9de21649cf95c05b958a0adc7db335195f,PASS
346_h05-squatting-06.png,/home/yanbo/下载/batches/batch_person-fallen-v2-camera1p5m/final/346_h05-squatting-06.png,ebc7a165a2f361248ae7b5da7d777e9a8cefcac5782919f245795395f5e4dad4,1920,1080,346_h05-squatting-06.txt,/home/yanbo/下载/batches/batch_person-fallen-v2-camera1p5m/prompts/346_h05-squatting-06.txt,a7fb2128e9224e583bc17850510252f35544dcdea6dde313f9d9259330366965,PASS
347_h05-squatting-07.png,/home/yanbo/下载/batches/batch_person-fallen-v2-camera1p5m/final/347_h05-squatting-07.png,f7ed8f5d26dcd88e619f034c2433fcc5e45099454abf424c90e0f40b041529f1,1920,1080,347_h05-squatting-07.txt,/home/yanbo/下载/batches/batch_person-fallen-v2-camera1p5m/prompts/347_h05-squatting-07.txt,0b8291ab3015fc96ccc423a54d8002b8387424f2a751d9e043e7698c31590691,PASS
348_h05-squatting-08.png,/home/yanbo/下载/batches/batch_person-fallen-v2-camera1p5m/final/348_h05-squatting-08.png,57fb50e97101ae1cda04436212fb0824c636fe0e3c9191df396359df86b78885,1920,1080,348_h05-squatting-08.txt,/home/yanbo/下载/batches/batch_person-fallen-v2-camera1p5m/prompts/348_h05-squatting-08.txt,890b8f7df8dd8e57f59e00db614af970e2f3675d0c560720a3a65a4988b9bb65,PASS
349_h05-squatting-09.png,/home/yanbo/下载/batches/batch_person-fallen-v2-camera1p5m/final/349_h05-squatting-09.png,1d65e08d16ef340f6405ccb60f352ea7050ebc21d5a07c0596a4300c3832ec60,1920,1080,349_h05-squatting-09.txt,/home/yanbo/下载/batches/batch_person-fallen-v2-camera1p5m/prompts/349_h05-squatting-09.txt,45d9c48bdce8e7ae5d446daf0b19e4edf10dd1868c260877c154227373002356,PASS
34_p04-prone-on-floor-04.png,/home/yanbo/下载/batches/batch_person-fallen-v2-camera1p5m/final/34_p04-prone-on-floor-04.png,6e170627385d2e2dbdeeb95c19602073232c77b509190eb778642409cf8c0a43,1920,1080,34_p04-prone-on-floor-04.txt,/home/yanbo/下载/batches/batch_person-fallen-v2-camera1p5m/prompts/34_p04-prone-on-floor-04.txt,5ce96ab1c3060a71109107a91097903ab27aedde57ced155118b176f670ff3fe,PASS
350_h05-squatting-10.png,/home/yanbo/下载/batches/batch_person-fallen-v2-camera1p5m/final/350_h05-squatting-10.png,96b35071dbdb8c08a0b6cdcea3b29254263c2e8f23bc580f16a05affdaef1cb4,1920,1080,350_h05-squatting-10.txt,/home/yanbo/下载/batches/batch_person-fallen-v2-camera1p5m/prompts/350_h05-squatting-10.txt,86bedf8e40dccbe7c8933e9a656cc0a1bf6a59cf5e4d707f107272a63b3fd5b5,PASS
351_h06-squatting-01.png,/home/yanbo/下载/batches/batch_person-fallen-v2-camera1p5m/final/351_h06-squatting-01.png,9d51842db456f20284d6d821eea6fc180cf491666bb736d8adecd47b93d88344,1920,1080,351_h06-squatting-01.txt,/home/yanbo/下载/batches/batch_person-fallen-v2-camera1p5m/prompts/351_h06-squatting-01.txt,23db2d1645962681e46306a4ae559505bc0fc6fa9c6ff57589e0ec33b3d07266,PASS
352_h06-squatting-02.png,/home/yanbo/下载/batches/batch_person-fallen-v2-camera1p5m/final/352_h06-squatting-02.png,21e39b5f62d3e42f57b1f4a6eb3d6e2de4b48a193a7508edd3dc2914c62b7452,1920,1080,352_h06-squatting-02.txt,/home/yanbo/下载/batches/batch_person-fallen-v2-camera1p5m/prompts/352_h06-squatting-02.txt,c57a30a0fb2ca2b1163d1e6a60cd72fb2a85b3242d0982efbf751a20a4cf92ca,PASS
353_h06-squatting-03.png,/home/yanbo/下载/batches/batch_person-fallen-v2-camera1p5m/final/353_h06-squatting-03.png,4db498f7d89028b884b3ad72b466542296ceea8b6434cec90c51d30a21bdcd22,1920,1080,353_h06-squatting-03.txt,/home/yanbo/下载/batches/batch_person-fallen-v2-camera1p5m/prompts/353_h06-squatting-03.txt,5bcf1912883125b024b8fd8bc25c93d9c4680cbb75036d14e83f71f3171e5649,PASS
354_h06-squatting-04.png,/home/yanbo/下载/batches/batch_person-fallen-v2-camera1p5m/final/354_h06-squatting-04.png,5f443d6393dbe2f28eb5fa6a524207ee05b4d6e0649b8ef7fb3096a7391d9ee3,1920,1080,354_h06-squatting-04.txt,/home/yanbo/下载/batches/batch_person-fallen-v2-camera1p5m/prompts/354_h06-squatting-04.txt,6e508cb35413e775b52899868b8e31349c4561043d12cdb640d621710c038d92,PASS
355_h06-squatting-05.png,/home/yanbo/下载/batches/batch_person-fallen-v2-camera1p5m/final/355_h06-squatting-05.png,0677f623922ae8c0833c4608b442c97f115863391363ec031746984b2a1f7bcc,1920,1080,355_h06-squatting-05.txt,/home/yanbo/下载/batches/batch_person-fallen-v2-camera1p5m/prompts/355_h06-squatting-05.txt,123666a050a14436cf1bb30fb45d90691d042ad5949a8d4dffc13b0afab7530c,PASS
356_h06-squatting-06.png,/home/yanbo/下载/batches/batch_person-fallen-v2-camera1p5m/final/356_h06-squatting-06.png,0701ddbdd49380437869cac2251251f3aa0b305fca47da6de7c2fa171e582854,1920,1080,356_h06-squatting-06.txt,/home/yanbo/下载/batches/batch_person-fallen-v2-camera1p5m/prompts/356_h06-squatting-06.txt,853ab819a4e5921f2bdc87f0bf88fcd213453f45b7cfc24a40cca648f040cfca,PASS
357_h06-squatting-07.png,/home/yanbo/下载/batches/batch_person-fallen-v2-camera1p5m/final/357_h06-squatting-07.png,02d0518049b36e6c2705a4571f7092c9c48fd6f79e4979e7771788eb9107f992,1920,1080,357_h06-squatting-07.txt,/home/yanbo/下载/batches/batch_person-fallen-v2-camera1p5m/prompts/357_h06-squatting-07.txt,233cadf80ed9539d2cdde103fe60ea65f5e9a441bdf4f84254e2d05b683e9af0,PASS
358_h06-squatting-08.png,/home/yanbo/下载/batches/batch_person-fallen-v2-camera1p5m/final/358_h06-squatting-08.png,30bae33ef6a87738d1ee9d7d6ce2d42944cd954b3f4062fd6de26355e168188b,1920,1080,358_h06-squatting-08.txt,/home/yanbo/下载/batches/batch_person-fallen-v2-camera1p5m/prompts/358_h06-squatting-08.txt,4e1d4762507f2d66594df898ea197ce10f9d87e83d3a4908dede216c3ba6ce28,PASS
359_h06-squatting-09.png,/home/yanbo/下载/batches/batch_person-fallen-v2-camera1p5m/final/359_h06-squatting-09.png,549d55d23c0e591fd1d4500c7b2ead5eb5f4f6657d9d5bad963feac31c5a9b2f,1920,1080,359_h06-squatting-09.txt,/home/yanbo/下载/batches/batch_person-fallen-v2-camera1p5m/prompts/359_h06-squatting-09.txt,f265dd890fdebe877fd129f8baff509306d86f7e7d7bf7ded937dceaae9bb77c,PASS
35_p04-prone-on-floor-05.png,/home/yanbo/下载/batches/batch_person-fallen-v2-camera1p5m/final/35_p04-prone-on-floor-05.png,f8e866b52682ef59c44ca191aded4a9fd7248b59937cf0db5cb460fb729f06d1,1920,1080,35_p04-prone-on-floor-05.txt,/home/yanbo/下载/batches/batch_person-fallen-v2-camera1p5m/prompts/35_p04-prone-on-floor-05.txt,7152b2e67858a8882654a0d64fedb4aa98430647020530baaea3529d85bf2e94,PASS
360_h06-squatting-10.png,/home/yanbo/下载/batches/batch_person-fallen-v2-camera1p5m/final/360_h06-squatting-10.png,e94ff2a0fe9a16ac49da733e32db3d60fa436f385d1fcb0188577a76ff65c6ac,1920,1080,360_h06-squatting-10.txt,/home/yanbo/下载/batches/batch_person-fallen-v2-camera1p5m/prompts/360_h06-squatting-10.txt,7b3d07f5e60244013d8faf0010bf94363f81f19ee5419023f3b4997c787a94f4,PASS
361_h07-deep-bending-picking-up-items-01.png,/home/yanbo/下载/batches/batch_person-fallen-v2-camera1p5m/final/361_h07-deep-bending-picking-up-items-01.png,3cd2d69225587134247c61e84a90055f9263867f885b60900d79f8b8694c91d7,1920,1080,361_h07-deep-bending-picking-up-items-01.txt,/home/yanbo/下载/batches/batch_person-fallen-v2-camera1p5m/prompts/361_h07-deep-bending-picking-up-items-01.txt,02b785b418f6aa534593aa078ca881a06925d40affad754368da56c3441c1ea5,PASS
362_h07-deep-bending-picking-up-items-02.png,/home/yanbo/下载/batches/batch_person-fallen-v2-camera1p5m/final/362_h07-deep-bending-picking-up-items-02.png,7bf20fa13e69139b8874c930ee245517752c005e62842c8cf2cfcef474aec026,1920,1080,362_h07-deep-bending-picking-up-items-02.txt,/home/yanbo/下载/batches/batch_person-fallen-v2-camera1p5m/prompts/362_h07-deep-bending-picking-up-items-02.txt,81293f188ffdbc5a4cb544b649221f8b0e9f4b65d6b3f2d380fcc99cd933b71d,PASS
363_h07-deep-bending-picking-up-items-03.png,/home/yanbo/下载/batches/batch_person-fallen-v2-camera1p5m/final/363_h07-deep-bending-picking-up-items-03.png,4e2129d39ced0b8e46b950449cd4ad48a5fa5bfc7391129916c226441a2ef9de,1920,1080,363_h07-deep-bending-picking-up-items-03.txt,/home/yanbo/下载/batches/batch_person-fallen-v2-camera1p5m/prompts/363_h07-deep-bending-picking-up-items-03.txt,d7f5dde6295ccb7c1fbe96d17f2f97613ffdef087193c5755752e97576269c66,PASS
364_h07-deep-bending-picking-up-items-04.png,/home/yanbo/下载/batches/batch_person-fallen-v2-camera1p5m/final/364_h07-deep-bending-picking-up-items-04.png,73297f5338a958b2cbfb7d2852f21215f4f3c2796efdd1c0d411aca59420b63c,1920,1080,364_h07-deep-bending-picking-up-items-04.txt,/home/yanbo/下载/batches/batch_person-fallen-v2-camera1p5m/prompts/364_h07-deep-bending-picking-up-items-04.txt,caf8b0e631821dc772abdce17ededf8ef29fb00a1999f66988b2e24f38c733ea,PASS
365_h07-deep-bending-picking-up-items-05.png,/home/yanbo/下载/batches/batch_person-fallen-v2-camera1p5m/final/365_h07-deep-bending-picking-up-items-05.png,bc4efb01b55985b35af985f38408d386d11cfd7fd11f6a739d781c11df2a5519,1920,1080,365_h07-deep-bending-picking-up-items-05.txt,/home/yanbo/下载/batches/batch_person-fallen-v2-camera1p5m/prompts/365_h07-deep-bending-picking-up-items-05.txt,bda538ba2d52f7c6c41cba5bd53de880fbd5de7c62f33277ac3edcd21e83d117,PASS
366_h07-deep-bending-picking-up-items-06.png,/home/yanbo/下载/batches/batch_person-fallen-v2-camera1p5m/final/366_h07-deep-bending-picking-up-items-06.png,831c2c6bfb1688043d0446b34aafb679bf35a3f31111dcd322a6256278fdef1d,1920,1080,366_h07-deep-bending-picking-up-items-06.txt,/home/yanbo/下载/batches/batch_person-fallen-v2-camera1p5m/prompts/366_h07-deep-bending-picking-up-items-06.txt,685167b8be4dca9e6d969b2a65664e71d8cc89d7b6118104bdebd3a6d7da74f0,PASS
367_h07-deep-bending-picking-up-items-07.png,/home/yanbo/下载/batches/batch_person-fallen-v2-camera1p5m/final/367_h07-deep-bending-picking-up-items-07.png,79425afdceda6470c49498d375bdeb97e3b0ec24b6a4362771a0071f0c98f474,1920,1080,367_h07-deep-bending-picking-up-items-07.txt,/home/yanbo/下载/batches/batch_person-fallen-v2-camera1p5m/prompts/367_h07-deep-bending-picking-up-items-07.txt,c2dffdc9ec0789ef7719fd7043f6792b54b79aa21b62211c4801347adcf90a17,PASS
368_h07-deep-bending-picking-up-items-08.png,/home/yanbo/下载/batches/batch_person-fallen-v2-camera1p5m/final/368_h07-deep-bending-picking-up-items-08.png,eb3a93d5001918d6667baef0276e5a9ab6386e2d4e3a911e3bfb5b11e7990f18,1920,1080,368_h07-deep-bending-picking-up-items-08.txt,/home/yanbo/下载/batches/batch_person-fallen-v2-camera1p5m/prompts/368_h07-deep-bending-picking-up-items-08.txt,cf8a1cf6a5c5a7eef53f106d027074557715c6ad76ef8b282442c3d108e71b1a,PASS
369_h07-deep-bending-picking-up-items-09.png,/home/yanbo/下载/batches/batch_person-fallen-v2-camera1p5m/final/369_h07-deep-bending-picking-up-items-09.png,31e8875b4138b283db834f0e157c46911c3afc0b6a3e61e4dade64dc5ae0b9dd,1920,1080,369_h07-deep-bending-picking-up-items-09.txt,/home/yanbo/下载/batches/batch_person-fallen-v2-camera1p5m/prompts/369_h07-deep-bending-picking-up-items-09.txt,d71c35c23065826842d2db8144dbbd5265a538fda2927b5e2f6304eb89b88a71,PASS
36_p04-prone-on-floor-06.png,/home/yanbo/下载/batches/batch_person-fallen-v2-camera1p5m/final/36_p04-prone-on-floor-06.png,f1b5913e989719018e6e4aaa961deeb9ff74526f6a8e219894b2361843fb3f7d,1920,1080,36_p04-prone-on-floor-06.txt,/home/yanbo/下载/batches/batch_person-fallen-v2-camera1p5m/prompts/36_p04-prone-on-floor-06.txt,af132f6d307e566129c52107750b060bff368a3d263be65975555fc7ea7405b5,PASS
370_h07-deep-bending-picking-up-items-10.png,/home/yanbo/下载/batches/batch_person-fallen-v2-camera1p5m/final/370_h07-deep-bending-picking-up-items-10.png,7972361e975c8ecd25f7e1913a677d6a3a4398700459712f51f483a610003079,1920,1080,370_h07-deep-bending-picking-up-items-10.txt,/home/yanbo/下载/batches/batch_person-fallen-v2-camera1p5m/prompts/370_h07-deep-bending-picking-up-items-10.txt,8298ea821022b3b869a8b1f3e1a5df26bf98e3c871ecd73ba71e1b923f0d4f19,PASS
371_h08-deep-bending-picking-up-items-01.png,/home/yanbo/下载/batches/batch_person-fallen-v2-camera1p5m/final/371_h08-deep-bending-picking-up-items-01.png,f04fb21225a9ff7f6c6452c2b9958413bffe162dafc13672883e5f8b88f90b19,1920,1080,371_h08-deep-bending-picking-up-items-01.txt,/home/yanbo/下载/batches/batch_person-fallen-v2-camera1p5m/prompts/371_h08-deep-bending-picking-up-items-01.txt,943fa5163cb3cc9e24041d8a54f010602770fff66884cde00b5a355b3625a55f,PASS
372_h08-deep-bending-picking-up-items-02.png,/home/yanbo/下载/batches/batch_person-fallen-v2-camera1p5m/final/372_h08-deep-bending-picking-up-items-02.png,4b1351f2a093e5e070086aba2464c9f523abb19afe101a9b27134d10c88311a2,1920,1080,372_h08-deep-bending-picking-up-items-02.txt,/home/yanbo/下载/batches/batch_person-fallen-v2-camera1p5m/prompts/372_h08-deep-bending-picking-up-items-02.txt,6996d2bf76524263de1287b8ade176a29a85b4cd47992a8bf238074ebd2564f8,PASS
373_h08-deep-bending-picking-up-items-03.png,/home/yanbo/下载/batches/batch_person-fallen-v2-camera1p5m/final/373_h08-deep-bending-picking-up-items-03.png,21a12c82ab225ee00d3c587a42019afc9d9f89044201cc7d65d40a513e89779a,1920,1080,373_h08-deep-bending-picking-up-items-03.txt,/home/yanbo/下载/batches/batch_person-fallen-v2-camera1p5m/prompts/373_h08-deep-bending-picking-up-items-03.txt,7654fdd3916854bcbbd441c8bb49f21507c7b37d0d36530896768a55822d417e,PASS
374_h08-deep-bending-picking-up-items-04.png,/home/yanbo/下载/batches/batch_person-fallen-v2-camera1p5m/final/374_h08-deep-bending-picking-up-items-04.png,4af3beb43796a537b6d2a6b06b4cdee75b0dfaf302f41b74ac9c42815cb454d2,1920,1080,374_h08-deep-bending-picking-up-items-04.txt,/home/yanbo/下载/batches/batch_person-fallen-v2-camera1p5m/prompts/374_h08-deep-bending-picking-up-items-04.txt,bb004b003cf6ef11372c0c303bbb694086011ca9b5de457679b71a2e33e7dd9c,PASS
375_h08-deep-bending-picking-up-items-05.png,/home/yanbo/下载/batches/batch_person-fallen-v2-camera1p5m/final/375_h08-deep-bending-picking-up-items-05.png,684d51921547237aa0163f511155f18a911860610defed850f7af3353bdd43a7,1920,1080,375_h08-deep-bending-picking-up-items-05.txt,/home/yanbo/下载/batches/batch_person-fallen-v2-camera1p5m/prompts/375_h08-deep-bending-picking-up-items-05.txt,5ab390d0255beffaaa6b0b8a366861b800d513c4dfb1e11400114231a15d9be0,PASS
376_h08-deep-bending-picking-up-items-06.png,/home/yanbo/下载/batches/batch_person-fallen-v2-camera1p5m/final/376_h08-deep-bending-picking-up-items-06.png,5ed852acfb613f62d806ae9387a129a8441078e95bf98a8681a85b2019d7c1ff,1920,1080,376_h08-deep-bending-picking-up-items-06.txt,/home/yanbo/下载/batches/batch_person-fallen-v2-camera1p5m/prompts/376_h08-deep-bending-picking-up-items-06.txt,36aa7c1c9a8a3db84173918ba4765d4fdc9f5871f1668de869d62bba8191e12b,PASS
377_h08-deep-bending-picking-up-items-07.png,/home/yanbo/下载/batches/batch_person-fallen-v2-camera1p5m/final/377_h08-deep-bending-picking-up-items-07.png,98746b30c8fb3d5defaae1cabb25c4d708a6c9ba8306a1785888431a99b2e8f9,1920,1080,377_h08-deep-bending-picking-up-items-07.txt,/home/yanbo/下载/batches/batch_person-fallen-v2-camera1p5m/prompts/377_h08-deep-bending-picking-up-items-07.txt,a95bf52d26e502188a3dcbfc7e036548f5872dd023392e7fc737b24b04329bbd,PASS
378_h08-deep-bending-picking-up-items-08.png,/home/yanbo/下载/batches/batch_person-fallen-v2-camera1p5m/final/378_h08-deep-bending-picking-up-items-08.png,9b9c53476c8f197ebb4c7069c8ffa54f1a72385f8db028076dd3824d0888e142,1920,1080,378_h08-deep-bending-picking-up-items-08.txt,/home/yanbo/下载/batches/batch_person-fallen-v2-camera1p5m/prompts/378_h08-deep-bending-picking-up-items-08.txt,ec257219ecb7438a7c67b986acf09a640ceaf52a3309d4ead2863c56f47efd6c,PASS
379_h08-deep-bending-picking-up-items-09.png,/home/yanbo/下载/batches/batch_person-fallen-v2-camera1p5m/final/379_h08-deep-bending-picking-up-items-09.png,3ca6ded7e9efd01403f5f564bf3bbaa2ce7cc53a9e4d4c9c5327c6e862dd35ae,1920,1080,379_h08-deep-bending-picking-up-items-09.txt,/home/yanbo/下载/batches/batch_person-fallen-v2-camera1p5m/prompts/379_h08-deep-bending-picking-up-items-09.txt,c752d14eb899fc6e93d173e1c027f76e3d6964f641141f9b9257a808f7cbfb87,PASS
37_p04-prone-on-floor-07.png,/home/yanbo/下载/batches/batch_person-fallen-v2-camera1p5m/final/37_p04-prone-on-floor-07.png,0e1ff5321d28285e1d16e15fa827f563e8337975bbab243c95ab0921a4a035d0,1920,1080,37_p04-prone-on-floor-07.txt,/home/yanbo/下载/batches/batch_person-fallen-v2-camera1p5m/prompts/37_p04-prone-on-floor-07.txt,160bb93c4a702e2b5a12142f026a391e10ed594d0f6c925026768eae46cb5c2f,PASS
380_h08-deep-bending-picking-up-items-10.png,/home/yanbo/下载/batches/batch_person-fallen-v2-camera1p5m/final/380_h08-deep-bending-picking-up-items-10.png,bddb297fd24794a0fb12903c66b06983947d457f7cd37306d8b8b8cada0f3978,1920,1080,380_h08-deep-bending-picking-up-items-10.txt,/home/yanbo/下载/batches/batch_person-fallen-v2-camera1p5m/prompts/380_h08-deep-bending-picking-up-items-10.txt,c015616cebccd10b6ef8dbf322b8c4eceebea757e882de8d525bf7645d6389f2,PASS
381_h09-exercise-push-up-plank-01.png,/home/yanbo/下载/batches/batch_person-fallen-v2-camera1p5m/final/381_h09-exercise-push-up-plank-01.png,44e8623e2ad766479925476c92fbab18bc3c1e7ba9e45c5654134bc13c936f2c,1920,1080,381_h09-exercise-push-up-plank-01.txt,/home/yanbo/下载/batches/batch_person-fallen-v2-camera1p5m/prompts/381_h09-exercise-push-up-plank-01.txt,0f1ddbf0beaf681e80f91b777242b7e4c0050307904d5b9bf3536f2d52b27894,PASS
382_h09-exercise-push-up-plank-02.png,/home/yanbo/下载/batches/batch_person-fallen-v2-camera1p5m/final/382_h09-exercise-push-up-plank-02.png,7dedf3f76b5dee1261b3a17ffca7cddd821fba988c617c2009b9040b935b1821,1920,1080,382_h09-exercise-push-up-plank-02.txt,/home/yanbo/下载/batches/batch_person-fallen-v2-camera1p5m/prompts/382_h09-exercise-push-up-plank-02.txt,c86fa1fdb82dd704b21b1353d9a2227f23eb9d6d26ce2959730767e7f202f407,PASS
383_h09-exercise-push-up-plank-03.png,/home/yanbo/下载/batches/batch_person-fallen-v2-camera1p5m/final/383_h09-exercise-push-up-plank-03.png,fe68b7260d64c41240854528bd9b8288ee9273426440d9565c628b7b96b5d279,1920,1080,383_h09-exercise-push-up-plank-03.txt,/home/yanbo/下载/batches/batch_person-fallen-v2-camera1p5m/prompts/383_h09-exercise-push-up-plank-03.txt,9f9be64cd48fc16a1981e0d9734bf2ba3bcd7acdc45e0ecdbe74c9ff90e1d853,PASS
384_h09-exercise-push-up-plank-04.png,/home/yanbo/下载/batches/batch_person-fallen-v2-camera1p5m/final/384_h09-exercise-push-up-plank-04.png,a77070411d9ef6b04478c49bacf57f784dccc1ec7c4ba101221f19a027028dec,1920,1080,384_h09-exercise-push-up-plank-04.txt,/home/yanbo/下载/batches/batch_person-fallen-v2-camera1p5m/prompts/384_h09-exercise-push-up-plank-04.txt,d6c36c1d390f50bdee28ddf1f7cd0bc06e05cc7549a7a7aae5b5539e2bdac7e9,PASS
385_h09-exercise-push-up-plank-05.png,/home/yanbo/下载/batches/batch_person-fallen-v2-camera1p5m/final/385_h09-exercise-push-up-plank-05.png,f7e3f93d49290d8262bf2f119da7e4d34e03675776f035ed52eb7b863efcd793,1920,1080,385_h09-exercise-push-up-plank-05.txt,/home/yanbo/下载/batches/batch_person-fallen-v2-camera1p5m/prompts/385_h09-exercise-push-up-plank-05.txt,a54d4790290ebda8c55fb25f7a4b6b8895c477c8afbe2516c6c34bfe0589c204,PASS
386_h09-exercise-push-up-plank-06.png,/home/yanbo/下载/batches/batch_person-fallen-v2-camera1p5m/final/386_h09-exercise-push-up-plank-06.png,4b03baae4546eb6f47fb73a16830c7a1ba949f331babc98b0bbccba0c05b7c11,1920,1080,386_h09-exercise-push-up-plank-06.txt,/home/yanbo/下载/batches/batch_person-fallen-v2-camera1p5m/prompts/386_h09-exercise-push-up-plank-06.txt,f74a227fb194eac44cf938b6ff201973b63df69eff2be8485d9173b185c15e28,PASS
387_h09-exercise-push-up-plank-07.png,/home/yanbo/下载/batches/batch_person-fallen-v2-camera1p5m/final/387_h09-exercise-push-up-plank-07.png,4708f5506f9bc32adfa05ccf4926c76a7841034d02e658a652a832c7cb4a4adc,1920,1080,387_h09-exercise-push-up-plank-07.txt,/home/yanbo/下载/batches/batch_person-fallen-v2-camera1p5m/prompts/387_h09-exercise-push-up-plank-07.txt,d081bf2bd52772463d0d55a581e9f9a0d5176a0effcb6702796de5411257c673,PASS
388_h09-exercise-push-up-plank-08.png,/home/yanbo/下载/batches/batch_person-fallen-v2-camera1p5m/final/388_h09-exercise-push-up-plank-08.png,21f4286a344ea0ac02c3f5ce64d9873282b0e088c68b5f15cb1aaee753ab9c96,1920,1080,388_h09-exercise-push-up-plank-08.txt,/home/yanbo/下载/batches/batch_person-fallen-v2-camera1p5m/prompts/388_h09-exercise-push-up-plank-08.txt,311c54a5d2c6b6aa1a72662a1f1462070ce8d070bb9f848b2554889fca4c2004,PASS
389_h09-exercise-push-up-plank-09.png,/home/yanbo/下载/batches/batch_person-fallen-v2-camera1p5m/final/389_h09-exercise-push-up-plank-09.png,f1247d624540a5c7d88d0ec34acd267160c564003bea77c3aae1df5cfcafe50b,1920,1080,389_h09-exercise-push-up-plank-09.txt,/home/yanbo/下载/batches/batch_person-fallen-v2-camera1p5m/prompts/389_h09-exercise-push-up-plank-09.txt,76c5ba9b8e9072e93b6370cb136e72f758527927643b2ae21d276102a483f93e,PASS
38_p04-prone-on-floor-08.png,/home/yanbo/下载/batches/batch_person-fallen-v2-camera1p5m/final/38_p04-prone-on-floor-08.png,0b287efdfc3024b27a31b7ea34b57c0bb430c8ec44d51c7e3d7ba4d1866d5a88,1920,1080,38_p04-prone-on-floor-08.txt,/home/yanbo/下载/batches/batch_person-fallen-v2-camera1p5m/prompts/38_p04-prone-on-floor-08.txt,a40a2544faea9a72fd9ee8c7ba343f42eee8217960015b8bac14afd632f4189d,PASS
390_h09-exercise-push-up-plank-10.png,/home/yanbo/下载/batches/batch_person-fallen-v2-camera1p5m/final/390_h09-exercise-push-up-plank-10.png,38734fed0f3668e0742c0ab92ea498ec156e09d8300ecf9c3c49cc36154805b7,1920,1080,390_h09-exercise-push-up-plank-10.txt,/home/yanbo/下载/batches/batch_person-fallen-v2-camera1p5m/prompts/390_h09-exercise-push-up-plank-10.txt,d96d875c0c9aaf2455b133be02d9c124f1e9e7aab823b607c79a3686528eb888,PASS
391_h10-exercise-push-up-plank-01.png,/home/yanbo/下载/batches/batch_person-fallen-v2-camera1p5m/final/391_h10-exercise-push-up-plank-01.png,89f0c6b751a3fc4538d934f18cbf75abc3b6719bcade4b0b531c203e44d721c3,1920,1080,391_h10-exercise-push-up-plank-01.txt,/home/yanbo/下载/batches/batch_person-fallen-v2-camera1p5m/prompts/391_h10-exercise-push-up-plank-01.txt,da60287b09faab12fc72b364b0ad689a1d10b82e192555dffcdfa0c577baad9b,PASS
392_h10-exercise-push-up-plank-02.png,/home/yanbo/下载/batches/batch_person-fallen-v2-camera1p5m/final/392_h10-exercise-push-up-plank-02.png,3e4d7e5fe90a8a30bf63a219aa6473320f0776546f99aee49410053e6c32e758,1920,1080,392_h10-exercise-push-up-plank-02.txt,/home/yanbo/下载/batches/batch_person-fallen-v2-camera1p5m/prompts/392_h10-exercise-push-up-plank-02.txt,0161e36bb002ee2e3b0ab65e1a0112d9bafda66565ab26efe7f5d04acacba68e,PASS
393_h10-exercise-push-up-plank-03.png,/home/yanbo/下载/batches/batch_person-fallen-v2-camera1p5m/final/393_h10-exercise-push-up-plank-03.png,5fde9a687c2d7bab3e19ccc3071680f7ba5a21eaa665cb144f86ab38ab1ab627,1920,1080,393_h10-exercise-push-up-plank-03.txt,/home/yanbo/下载/batches/batch_person-fallen-v2-camera1p5m/prompts/393_h10-exercise-push-up-plank-03.txt,8fe6d21affe1ce9c0de7f971937f14bf0fbc25f585baa71b8aa8c3f3a94af1ca,PASS
394_h10-exercise-push-up-plank-04.png,/home/yanbo/下载/batches/batch_person-fallen-v2-camera1p5m/final/394_h10-exercise-push-up-plank-04.png,703e735086d99182053612c80c9c6ea191cce537dfeb1d2c61626e6efb394b1b,1920,1080,394_h10-exercise-push-up-plank-04.txt,/home/yanbo/下载/batches/batch_person-fallen-v2-camera1p5m/prompts/394_h10-exercise-push-up-plank-04.txt,dc5a0ce28dc0f9055a039009a51f10f37b0b7dc897022dc04f92a5dc50307432,PASS
395_h10-exercise-push-up-plank-05.png,/home/yanbo/下载/batches/batch_person-fallen-v2-camera1p5m/final/395_h10-exercise-push-up-plank-05.png,57174e902bab4a4d1477fdb6ec7ffa0c7a7458cf89db796153745afe4ffbb19c,1920,1080,395_h10-exercise-push-up-plank-05.txt,/home/yanbo/下载/batches/batch_person-fallen-v2-camera1p5m/prompts/395_h10-exercise-push-up-plank-05.txt,2b13b1cadf00d4d8e5ddb77501a759e855db2aedda0409d130a8b4d5120fd49e,PASS
396_h10-exercise-push-up-plank-06.png,/home/yanbo/下载/batches/batch_person-fallen-v2-camera1p5m/final/396_h10-exercise-push-up-plank-06.png,b9a1657ef4ebf2367368ce7885465511ce790a08431195cf4714d84018599f74,1920,1080,396_h10-exercise-push-up-plank-06.txt,/home/yanbo/下载/batches/batch_person-fallen-v2-camera1p5m/prompts/396_h10-exercise-push-up-plank-06.txt,f61e687deed0a2cb7239d07f47047efb06963f4afb4ccf2ee485c5f0028225e7,PASS
397_h10-exercise-push-up-plank-07.png,/home/yanbo/下载/batches/batch_person-fallen-v2-camera1p5m/final/397_h10-exercise-push-up-plank-07.png,fd83f0b1328d4a65b2fd7492af0781dcc050a19361b41e7a19d46a9630fff142,1920,1080,397_h10-exercise-push-up-plank-07.txt,/home/yanbo/下载/batches/batch_person-fallen-v2-camera1p5m/prompts/397_h10-exercise-push-up-plank-07.txt,84ed65c6638f686e33c31df7ba2f2d2b28481df1b12f485079ce3ea498b0a611,PASS
398_h10-exercise-push-up-plank-08.png,/home/yanbo/下载/batches/batch_person-fallen-v2-camera1p5m/final/398_h10-exercise-push-up-plank-08.png,1c9d75f4a8dfc096708c8977808fe92a4f8a9cca8ef2b3b140770ba7d4b5c60f,1920,1080,398_h10-exercise-push-up-plank-08.txt,/home/yanbo/下载/batches/batch_person-fallen-v2-camera1p5m/prompts/398_h10-exercise-push-up-plank-08.txt,834d330dcfda3e867e1201daef58c4d6635eeb7e46002c31758e0e0c32cd4ccd,PASS
399_h10-exercise-push-up-plank-09.png,/home/yanbo/下载/batches/batch_person-fallen-v2-camera1p5m/final/399_h10-exercise-push-up-plank-09.png,d687192e8099815b736d2f895e63bfa75411bb0b7585600eaa1dc22edd2978d4,1920,1080,399_h10-exercise-push-up-plank-09.txt,/home/yanbo/下载/batches/batch_person-fallen-v2-camera1p5m/prompts/399_h10-exercise-push-up-plank-09.txt,ac91709ba05b3d4e20a0d1abd240e4fdf3467038a767f11c2d2f40b9627071e6,PASS
39_p04-prone-on-floor-09.png,/home/yanbo/下载/batches/batch_person-fallen-v2-camera1p5m/final/39_p04-prone-on-floor-09.png,d773a98449579e05400caa96f3404a34bee9c963473ba701f36540506ec3c914,1920,1080,39_p04-prone-on-floor-09.txt,/home/yanbo/下载/batches/batch_person-fallen-v2-camera1p5m/prompts/39_p04-prone-on-floor-09.txt,68cfa36c43752d3b3011c509c2f9901ac313c872928a6d00bfd65b144f7800dc,PASS
400_h10-exercise-push-up-plank-10.png,/home/yanbo/下载/batches/batch_person-fallen-v2-camera1p5m/final/400_h10-exercise-push-up-plank-10.png,4d7aa71171de2ca38a44896049251c1dbf4395c8907cb6e4cd169e9356424456,1920,1080,400_h10-exercise-push-up-plank-10.txt,/home/yanbo/下载/batches/batch_person-fallen-v2-camera1p5m/prompts/400_h10-exercise-push-up-plank-10.txt,facdf56e7c8d243a6e1c904edf7e9871f350c18a80d409daf82e0cd773e0eaf8,PASS
401_h11-crawling-under-equipment-inspection-01.png,/home/yanbo/下载/batches/batch_person-fallen-v2-camera1p5m/final/401_h11-crawling-under-equipment-inspection-01.png,cac451940fc64ddced44b15628f08b7618922521d8da412d5deaedadf876a3a2,1920,1080,401_h11-crawling-under-equipment-inspection-01.txt,/home/yanbo/下载/batches/batch_person-fallen-v2-camera1p5m/prompts/401_h11-crawling-under-equipment-inspection-01.txt,01c69fa30012ac88bef2bbac8a141eec7c6a58e09faa4b0527c75606f1ada1d0,PASS
402_h11-crawling-under-equipment-inspection-02.png,/home/yanbo/下载/batches/batch_person-fallen-v2-camera1p5m/final/402_h11-crawling-under-equipment-inspection-02.png,ef729088133e5ad62aad99296acd23ad386b3cdcfb2531a05fd42e3761149ea0,1920,1080,402_h11-crawling-under-equipment-inspection-02.txt,/home/yanbo/下载/batches/batch_person-fallen-v2-camera1p5m/prompts/402_h11-crawling-under-equipment-inspection-02.txt,e0b07205ea1f6009e66770dbc6c3aa4fa7a531fb3ec421112e9e15454f7ad6c2,PASS
403_h11-crawling-under-equipment-inspection-03.png,/home/yanbo/下载/batches/batch_person-fallen-v2-camera1p5m/final/403_h11-crawling-under-equipment-inspection-03.png,1db53aef77ba24f7d2cd4f78fe254555ec844ac3258796d8cd88825b7d1b0f1d,1920,1080,403_h11-crawling-under-equipment-inspection-03.txt,/home/yanbo/下载/batches/batch_person-fallen-v2-camera1p5m/prompts/403_h11-crawling-under-equipment-inspection-03.txt,b1fafb083963c734b134b9c4caf8998879627aa88ad4556804ef54833ced2db9,PASS
404_h11-crawling-under-equipment-inspection-04.png,/home/yanbo/下载/batches/batch_person-fallen-v2-camera1p5m/final/404_h11-crawling-under-equipment-inspection-04.png,4abbcee850e7c6b0ed6e043cae4a10892e5502f0705fd8bf2bce014ee8ad9c27,1920,1080,404_h11-crawling-under-equipment-inspection-04.txt,/home/yanbo/下载/batches/batch_person-fallen-v2-camera1p5m/prompts/404_h11-crawling-under-equipment-inspection-04.txt,7ce66fcf4ed39552bbdf3e89dd69569cefe85b85681b4572b3f78f5acadc1a1c,PASS
405_h11-crawling-under-equipment-inspection-05.png,/home/yanbo/下载/batches/batch_person-fallen-v2-camera1p5m/final/405_h11-crawling-under-equipment-inspection-05.png,8820768b55dd9b07c8d0589459ca0a8e5ee5404ee710ad1930f0084083825031,1920,1080,405_h11-crawling-under-equipment-inspection-05.txt,/home/yanbo/下载/batches/batch_person-fallen-v2-camera1p5m/prompts/405_h11-crawling-under-equipment-inspection-05.txt,62a0e005657e4e7bea5c1fb16cea3cb757b3f78d54d5d45393bfe5fb9145238d,PASS
406_h11-crawling-under-equipment-inspection-06.png,/home/yanbo/下载/batches/batch_person-fallen-v2-camera1p5m/final/406_h11-crawling-under-equipment-inspection-06.png,4e023daecd3b5953c668f2e9da36cc495d266016b85340172fac47ecd98715b1,1920,1080,406_h11-crawling-under-equipment-inspection-06.txt,/home/yanbo/下载/batches/batch_person-fallen-v2-camera1p5m/prompts/406_h11-crawling-under-equipment-inspection-06.txt,5b693f904976510b3bea225afb771d87dd363250fa76c1d3fa3277f826f9a0d1,PASS
407_h11-crawling-under-equipment-inspection-07.png,/home/yanbo/下载/batches/batch_person-fallen-v2-camera1p5m/final/407_h11-crawling-under-equipment-inspection-07.png,209808e39feff002661292876bd8f31539dcefb64653374cb63e4ede8437cf9e,1920,1080,407_h11-crawling-under-equipment-inspection-07.txt,/home/yanbo/下载/batches/batch_person-fallen-v2-camera1p5m/prompts/407_h11-crawling-under-equipment-inspection-07.txt,de64c532dc5357ec8d5aa8f656a39a0bee1e321a018f74741156caea28f0e7c4,PASS
408_h11-crawling-under-equipment-inspection-08.png,/home/yanbo/下载/batches/batch_person-fallen-v2-camera1p5m/final/408_h11-crawling-under-equipment-inspection-08.png,06415ce063427d056e000e1530439daae92a6f45181f587e1672d2585c20ad55,1920,1080,408_h11-crawling-under-equipment-inspection-08.txt,/home/yanbo/下载/batches/batch_person-fallen-v2-camera1p5m/prompts/408_h11-crawling-under-equipment-inspection-08.txt,5a99cfb68341455b4b211eebdc8279d3156f1a63cfc8ffa357e9bc08381d5c66,PASS
409_h11-crawling-under-equipment-inspection-09.png,/home/yanbo/下载/batches/batch_person-fallen-v2-camera1p5m/final/409_h11-crawling-under-equipment-inspection-09.png,9bdccc82d49745c8bbacebf0606e6b4383e9e62829d105a7d8a6a4128f79ebaf,1920,1080,409_h11-crawling-under-equipment-inspection-09.txt,/home/yanbo/下载/batches/batch_person-fallen-v2-camera1p5m/prompts/409_h11-crawling-under-equipment-inspection-09.txt,d61d6be36e572ffb30f76e1cf7c8cb710776f96f709efa59845e9e0f5c649b29,PASS
40_p04-prone-on-floor-10.png,/home/yanbo/下载/batches/batch_person-fallen-v2-camera1p5m/final/40_p04-prone-on-floor-10.png,38d1d21b30b887accd43d41597b0a96be07060130854671098423feb919a1d43,1920,1080,40_p04-prone-on-floor-10.txt,/home/yanbo/下载/batches/batch_person-fallen-v2-camera1p5m/prompts/40_p04-prone-on-floor-10.txt,1688b00970d09e1847c654c758fab4926f2f6ce50f934c0257532aeb2b871790,PASS
410_h11-crawling-under-equipment-inspection-10.png,/home/yanbo/下载/batches/batch_person-fallen-v2-camera1p5m/final/410_h11-crawling-under-equipment-inspection-10.png,d32e9013a0df3097fd0c3d9613f5fa347bbbea3c542225f88ff571cb61a42c38,1920,1080,410_h11-crawling-under-equipment-inspection-10.txt,/home/yanbo/下载/batches/batch_person-fallen-v2-camera1p5m/prompts/410_h11-crawling-under-equipment-inspection-10.txt,d00f233384f26d3220f8c8379530544482a77d3200a47f44757225ca008ce5d7,PASS
411_h12-crawling-under-equipment-inspection-01.png,/home/yanbo/下载/batches/batch_person-fallen-v2-camera1p5m/final/411_h12-crawling-under-equipment-inspection-01.png,52dacbf848906973e13a5dacfd50474d2baabb5751a71e938d316f47c0269aa0,1920,1080,411_h12-crawling-under-equipment-inspection-01.txt,/home/yanbo/下载/batches/batch_person-fallen-v2-camera1p5m/prompts/411_h12-crawling-under-equipment-inspection-01.txt,5967344e69cf98685363b64a32364717ebe12564b86aebb839f660a025ad9290,PASS
412_h12-crawling-under-equipment-inspection-02.png,/home/yanbo/下载/batches/batch_person-fallen-v2-camera1p5m/final/412_h12-crawling-under-equipment-inspection-02.png,1060a050b89a8a175bf95ad7d5af45b192fd2259c56e9733d6f19b5eb349b1e6,1920,1080,412_h12-crawling-under-equipment-inspection-02.txt,/home/yanbo/下载/batches/batch_person-fallen-v2-camera1p5m/prompts/412_h12-crawling-under-equipment-inspection-02.txt,7e5ea81e39ff56b4b7b9e132f2925befc95e14cab0566527a8ffecc1b6f6a4ae,PASS
413_h12-crawling-under-equipment-inspection-03.png,/home/yanbo/下载/batches/batch_person-fallen-v2-camera1p5m/final/413_h12-crawling-under-equipment-inspection-03.png,2cc830e9749cd5eaedf44f02f3810a55ce3928fc243a0a99b0e8bbef93246992,1920,1080,413_h12-crawling-under-equipment-inspection-03.txt,/home/yanbo/下载/batches/batch_person-fallen-v2-camera1p5m/prompts/413_h12-crawling-under-equipment-inspection-03.txt,7ac42e556e44a4db8d9bf8959ce92565569e5bde3b4f1937d545709753fdd425,PASS
414_h12-crawling-under-equipment-inspection-04.png,/home/yanbo/下载/batches/batch_person-fallen-v2-camera1p5m/final/414_h12-crawling-under-equipment-inspection-04.png,58c5667aefe82b6bfe21b7d6c5037c9a804dffdbd234cf015f799e11b2626454,1920,1080,414_h12-crawling-under-equipment-inspection-04.txt,/home/yanbo/下载/batches/batch_person-fallen-v2-camera1p5m/prompts/414_h12-crawling-under-equipment-inspection-04.txt,e3bf592dccec6119a4793135c5c03b5fdd7f61b50b040c8e882137fb51da0aa6,PASS
415_h12-crawling-under-equipment-inspection-05.png,/home/yanbo/下载/batches/batch_person-fallen-v2-camera1p5m/final/415_h12-crawling-under-equipment-inspection-05.png,6cba94f1515684b6125b8651135ff1ff55cf9fdb2455c268a317b6f39890acca,1920,1080,415_h12-crawling-under-equipment-inspection-05.txt,/home/yanbo/下载/batches/batch_person-fallen-v2-camera1p5m/prompts/415_h12-crawling-under-equipment-inspection-05.txt,d8d1e3fddd9a7fe171a384b05a3d1ed0afbab249a79600f91d8f288b7c0a8fe4,PASS
416_h12-crawling-under-equipment-inspection-06.png,/home/yanbo/下载/batches/batch_person-fallen-v2-camera1p5m/final/416_h12-crawling-under-equipment-inspection-06.png,adf62563a50e71af40d77d9a800e13865f73304b1f7546db91499e1e821e6a93,1920,1080,416_h12-crawling-under-equipment-inspection-06.txt,/home/yanbo/下载/batches/batch_person-fallen-v2-camera1p5m/prompts/416_h12-crawling-under-equipment-inspection-06.txt,9730d3aaf7a806a8d5cd3c876411b3f0b36e4f777fd853d7ad4b10b6aa957072,PASS
417_h12-crawling-under-equipment-inspection-07.png,/home/yanbo/下载/batches/batch_person-fallen-v2-camera1p5m/final/417_h12-crawling-under-equipment-inspection-07.png,257a990dc10932772e9899ee9ce8a1638fc614b2859943b4589b991e522b6214,1920,1080,417_h12-crawling-under-equipment-inspection-07.txt,/home/yanbo/下载/batches/batch_person-fallen-v2-camera1p5m/prompts/417_h12-crawling-under-equipment-inspection-07.txt,5ab8f8659f5df5a3fe62cb119f8259855a144235f746742501649bc3d5d2a953,PASS
418_h12-crawling-under-equipment-inspection-08.png,/home/yanbo/下载/batches/batch_person-fallen-v2-camera1p5m/final/418_h12-crawling-under-equipment-inspection-08.png,996236a1b74dcfde44a2d2a1909a1cc77f3e7065b57bb0780c01846acabd044c,1920,1080,418_h12-crawling-under-equipment-inspection-08.txt,/home/yanbo/下载/batches/batch_person-fallen-v2-camera1p5m/prompts/418_h12-crawling-under-equipment-inspection-08.txt,5f88218825dfb07e0d37a95a724b97e91a1679504a88072cf1b6be82dc7f14f4,PASS
419_h12-crawling-under-equipment-inspection-09.png,/home/yanbo/下载/batches/batch_person-fallen-v2-camera1p5m/final/419_h12-crawling-under-equipment-inspection-09.png,13c3bf3840d3399f6ad13d068963abf376766e7977c5661bdb7cdf93764bdb12,1920,1080,419_h12-crawling-under-equipment-inspection-09.txt,/home/yanbo/下载/batches/batch_person-fallen-v2-camera1p5m/prompts/419_h12-crawling-under-equipment-inspection-09.txt,30b578fc88fa8864d753e4bc9f44b5cb194cf4e6107cfc72db8db26db154c20b,PASS
41_p05-side-lying-on-floor-01.png,/home/yanbo/下载/batches/batch_person-fallen-v2-camera1p5m/final/41_p05-side-lying-on-floor-01.png,2a56166420080f6334e879608539170bdb9c06953e57519f7df004838705a3e2,1920,1080,41_p05-side-lying-on-floor-01.txt,/home/yanbo/下载/batches/batch_person-fallen-v2-camera1p5m/prompts/41_p05-side-lying-on-floor-01.txt,a0bdce25515f3790fdf48386eeb35a9907f705f099b15ce202b2bbab2acd80a2,PASS
420_h12-crawling-under-equipment-inspection-10.png,/home/yanbo/下载/batches/batch_person-fallen-v2-camera1p5m/final/420_h12-crawling-under-equipment-inspection-10.png,b0aff707e4a2f6cd126e256924de2c81ff4a24a82c42c26a20710d8f9a2fd047,1920,1080,420_h12-crawling-under-equipment-inspection-10.txt,/home/yanbo/下载/batches/batch_person-fallen-v2-camera1p5m/prompts/420_h12-crawling-under-equipment-inspection-10.txt,b338813c843f22024bb7d53074d62657175da8039bab2f9c7370d078d75b5bd2,PASS
421_h13-normal-lying-on-bed-01.png,/home/yanbo/下载/batches/batch_person-fallen-v2-camera1p5m/final/421_h13-normal-lying-on-bed-01.png,46f6c7a99ea910f38b01fd662f77f2ed0a3e7eb28f481889041aa902ea650162,1920,1080,421_h13-normal-lying-on-bed-01.txt,/home/yanbo/下载/batches/batch_person-fallen-v2-camera1p5m/prompts/421_h13-normal-lying-on-bed-01.txt,af8e84025cf468b70f58411985d0a56563723b2b4b5d6d7eeecd9bc95994801f,PASS
422_h13-normal-lying-on-bed-02.png,/home/yanbo/下载/batches/batch_person-fallen-v2-camera1p5m/final/422_h13-normal-lying-on-bed-02.png,c3b8158da16440a5e8486b6bb5d61241b17ecb20a5d9eaf0c0c286df543edcac,1920,1080,422_h13-normal-lying-on-bed-02.txt,/home/yanbo/下载/batches/batch_person-fallen-v2-camera1p5m/prompts/422_h13-normal-lying-on-bed-02.txt,de3955d9451f391cf9db4ce339811456edd40c8c85ca000e511f20c41c2c1afe,PASS
423_h13-normal-lying-on-bed-03.png,/home/yanbo/下载/batches/batch_person-fallen-v2-camera1p5m/final/423_h13-normal-lying-on-bed-03.png,c8062dec19242123c02dd2eb19de0e10210819a653974741663ea10855938af2,1920,1080,423_h13-normal-lying-on-bed-03.txt,/home/yanbo/下载/batches/batch_person-fallen-v2-camera1p5m/prompts/423_h13-normal-lying-on-bed-03.txt,01826ea99eaf078450f75470260534dc5b50e1abbe93bb8edf0db5bdf9387c6b,PASS
424_h13-normal-lying-on-bed-04.png,/home/yanbo/下载/batches/batch_person-fallen-v2-camera1p5m/final/424_h13-normal-lying-on-bed-04.png,c9e7f1f277b76a18474b1c9d4a28fff8a629341c530a542b484c00092095551d,1920,1080,424_h13-normal-lying-on-bed-04.txt,/home/yanbo/下载/batches/batch_person-fallen-v2-camera1p5m/prompts/424_h13-normal-lying-on-bed-04.txt,dd8231e9327a1da533878be2519a94f1aafe5a62c2fb32746ef3da0683d68c73,PASS
425_h13-normal-lying-on-bed-05.png,/home/yanbo/下载/batches/batch_person-fallen-v2-camera1p5m/final/425_h13-normal-lying-on-bed-05.png,60d450dcb20ee65c339dfe8ae9af55afcba6e42d11738af332a85a1d48d8dc94,1920,1080,425_h13-normal-lying-on-bed-05.txt,/home/yanbo/下载/batches/batch_person-fallen-v2-camera1p5m/prompts/425_h13-normal-lying-on-bed-05.txt,8dd09935a9e0403e9a5f93e7c083c4341af554698476ae3d192075510e3cc89b,PASS
426_h13-normal-lying-on-bed-06.png,/home/yanbo/下载/batches/batch_person-fallen-v2-camera1p5m/final/426_h13-normal-lying-on-bed-06.png,4eb0f59edac1bb39a44d99a0d4fed42836c0820281a37c15c380473cf88c13af,1920,1080,426_h13-normal-lying-on-bed-06.txt,/home/yanbo/下载/batches/batch_person-fallen-v2-camera1p5m/prompts/426_h13-normal-lying-on-bed-06.txt,3ce33b5916939eca0aa05f2dffe18006e5f29b31dff435d6b58a5562168c809d,PASS
427_h13-normal-lying-on-bed-07.png,/home/yanbo/下载/batches/batch_person-fallen-v2-camera1p5m/final/427_h13-normal-lying-on-bed-07.png,8f136aac3578b0bd02044d60e08d340715e5d45eb426dcbc9ec287d0ea281233,1920,1080,427_h13-normal-lying-on-bed-07.txt,/home/yanbo/下载/batches/batch_person-fallen-v2-camera1p5m/prompts/427_h13-normal-lying-on-bed-07.txt,d93135686274977af7b6004ea3942eb20542125a48d50a32ff1cf919b94e6194,PASS
428_h13-normal-lying-on-bed-08.png,/home/yanbo/下载/batches/batch_person-fallen-v2-camera1p5m/final/428_h13-normal-lying-on-bed-08.png,fe1fb50671627bf0006826be2bf62ce7d0324a39637948470ec730c629436747,1920,1080,428_h13-normal-lying-on-bed-08.txt,/home/yanbo/下载/batches/batch_person-fallen-v2-camera1p5m/prompts/428_h13-normal-lying-on-bed-08.txt,384a30a5d37d75d5fa5a550aadc88568b2ce39e42bfe35753ea718052b572e86,PASS
429_h13-normal-lying-on-bed-09.png,/home/yanbo/下载/batches/batch_person-fallen-v2-camera1p5m/final/429_h13-normal-lying-on-bed-09.png,bd82558ae84a060f0dca6df86e2de9384f62ce55df932edfc9a8fdd16fcc9ef3,1920,1080,429_h13-normal-lying-on-bed-09.txt,/home/yanbo/下载/batches/batch_person-fallen-v2-camera1p5m/prompts/429_h13-normal-lying-on-bed-09.txt,ef4072a73515a1dd2e156a4d1886320e10b632c0e44f72311cb6abf5c8180330,PASS
42_p05-side-lying-on-floor-02.png,/home/yanbo/下载/batches/batch_person-fallen-v2-camera1p5m/final/42_p05-side-lying-on-floor-02.png,c3e644298d54499a3202d20f1f667081fe45ef7900eff0951afcbd2e1c73dfcd,1920,1080,42_p05-side-lying-on-floor-02.txt,/home/yanbo/下载/batches/batch_person-fallen-v2-camera1p5m/prompts/42_p05-side-lying-on-floor-02.txt,2b1182d620f18f9aeae2287c1e597e3112c2044cf1215167f4ee52d480e1986b,PASS
430_h13-normal-lying-on-bed-10.png,/home/yanbo/下载/batches/batch_person-fallen-v2-camera1p5m/final/430_h13-normal-lying-on-bed-10.png,f2cdd1e876695c0f778dd80e7aaf3bf1f6fde24df4fb7a0c6c3f58e70096228c,1920,1080,430_h13-normal-lying-on-bed-10.txt,/home/yanbo/下载/batches/batch_person-fallen-v2-camera1p5m/prompts/430_h13-normal-lying-on-bed-10.txt,08ae631dcf7db12900895e7a46c1aa5b13665f62ab1e8fcd9ff70845346e66a3,PASS
431_h14-normal-lying-on-bed-01.png,/home/yanbo/下载/batches/batch_person-fallen-v2-camera1p5m/final/431_h14-normal-lying-on-bed-01.png,1f879755c890c0c9cbc47966b6e2625af4567e4eae49a1f6b96979cd18749052,1920,1080,431_h14-normal-lying-on-bed-01.txt,/home/yanbo/下载/batches/batch_person-fallen-v2-camera1p5m/prompts/431_h14-normal-lying-on-bed-01.txt,c3f60e7414b20fd4d6848bcaf75cb0cf7f5a7087044ac5ef40bd538bb1f4ae76,PASS
432_h14-normal-lying-on-bed-02.png,/home/yanbo/下载/batches/batch_person-fallen-v2-camera1p5m/final/432_h14-normal-lying-on-bed-02.png,0d37a5dd98879d0030be0f39e6eff68f134550cfd5af9679fe58a0f95b9cce47,1920,1080,432_h14-normal-lying-on-bed-02.txt,/home/yanbo/下载/batches/batch_person-fallen-v2-camera1p5m/prompts/432_h14-normal-lying-on-bed-02.txt,5b4886e02f0e7e1639918cbbcca4064e535edaf538b4b75b13e64f0cf26998ea,PASS
433_h14-normal-lying-on-bed-03.png,/home/yanbo/下载/batches/batch_person-fallen-v2-camera1p5m/final/433_h14-normal-lying-on-bed-03.png,b458f966197df7ac523823bc947830fc050d9cc9ea1ae24ffdf74204f330170a,1920,1080,433_h14-normal-lying-on-bed-03.txt,/home/yanbo/下载/batches/batch_person-fallen-v2-camera1p5m/prompts/433_h14-normal-lying-on-bed-03.txt,330db659aba765e7ea1621e408348a9326eec40d99e380469ba3385a688e2fc5,PASS
434_h14-normal-lying-on-bed-04.png,/home/yanbo/下载/batches/batch_person-fallen-v2-camera1p5m/final/434_h14-normal-lying-on-bed-04.png,60ef0ac470b590898e537f1158b8576a7f1c4d242d274a8e2f4d0c3b05319654,1920,1080,434_h14-normal-lying-on-bed-04.txt,/home/yanbo/下载/batches/batch_person-fallen-v2-camera1p5m/prompts/434_h14-normal-lying-on-bed-04.txt,df30b3d9537428dbaf07d1c13c68989ca1fa6b84c36e43dc3d7515ef0f6c1841,PASS
435_h14-normal-lying-on-bed-05.png,/home/yanbo/下载/batches/batch_person-fallen-v2-camera1p5m/final/435_h14-normal-lying-on-bed-05.png,aa5b0709cfa39bec15a3ed7c1d4e77727a612281b27099e30089b12f697b8e1a,1920,1080,435_h14-normal-lying-on-bed-05.txt,/home/yanbo/下载/batches/batch_person-fallen-v2-camera1p5m/prompts/435_h14-normal-lying-on-bed-05.txt,6c2749e968216fbd8d2adc66f41e79ad074aeba92944c7582c6ad1d5d62388ca,PASS
436_h14-normal-lying-on-bed-06.png,/home/yanbo/下载/batches/batch_person-fallen-v2-camera1p5m/final/436_h14-normal-lying-on-bed-06.png,3549021aef62c2c5676b3262f0aafd3e1075636d4a8443c60898d420de45d8a4,1920,1080,436_h14-normal-lying-on-bed-06.txt,/home/yanbo/下载/batches/batch_person-fallen-v2-camera1p5m/prompts/436_h14-normal-lying-on-bed-06.txt,bde7aa1e90f417cc1b11317264c9a736fe4ea2052fdb01c138506da4d04f8497,PASS
437_h14-normal-lying-on-bed-07.png,/home/yanbo/下载/batches/batch_person-fallen-v2-camera1p5m/final/437_h14-normal-lying-on-bed-07.png,3e68c7b0b82d6437ea1fe4e9fbef1d4099730cfa50bf2d28f5e6b63caa25f908,1920,1080,437_h14-normal-lying-on-bed-07.txt,/home/yanbo/下载/batches/batch_person-fallen-v2-camera1p5m/prompts/437_h14-normal-lying-on-bed-07.txt,7b36fa33572b617d3d7c16a0e3e511c9248ac234af3fa7349218d9c79f983dd4,PASS
438_h14-normal-lying-on-bed-08.png,/home/yanbo/下载/batches/batch_person-fallen-v2-camera1p5m/final/438_h14-normal-lying-on-bed-08.png,98af917191392b811fd9e2e1a9146ccdd8238b52c1405276695f3316ff156df4,1920,1080,438_h14-normal-lying-on-bed-08.txt,/home/yanbo/下载/batches/batch_person-fallen-v2-camera1p5m/prompts/438_h14-normal-lying-on-bed-08.txt,eaa49850c9652ec2deddab2e2ca4a5069085039bc6c1daab6f6b02493ceab196,PASS
439_h14-normal-lying-on-bed-09.png,/home/yanbo/下载/batches/batch_person-fallen-v2-camera1p5m/final/439_h14-normal-lying-on-bed-09.png,9577e3f84bec3724324d2655a020e6f55403ed9cf1a46cae4d389ffd3e55b9d1,1920,1080,439_h14-normal-lying-on-bed-09.txt,/home/yanbo/下载/batches/batch_person-fallen-v2-camera1p5m/prompts/439_h14-normal-lying-on-bed-09.txt,d08dd2e5125f07770224dc181ac89a12c60c6032e0d2f420fc88b86c1cf846a0,PASS
43_p05-side-lying-on-floor-03.png,/home/yanbo/下载/batches/batch_person-fallen-v2-camera1p5m/final/43_p05-side-lying-on-floor-03.png,27ab8404612d800fa1e25c2b6dfaab48a4dea15df2e9946e3a192a8ac2dff522,1920,1080,43_p05-side-lying-on-floor-03.txt,/home/yanbo/下载/batches/batch_person-fallen-v2-camera1p5m/prompts/43_p05-side-lying-on-floor-03.txt,b434394c81cad2814712a9c9f17b2619a562b19ba0b585b7dcdc2122725007fb,PASS
440_h14-normal-lying-on-bed-10.png,/home/yanbo/下载/batches/batch_person-fallen-v2-camera1p5m/final/440_h14-normal-lying-on-bed-10.png,32cbd3b84dcb717cb22c14e8c0a1089420313605dab4d481e758fec3e7dcb78c,1920,1080,440_h14-normal-lying-on-bed-10.txt,/home/yanbo/下载/batches/batch_person-fallen-v2-camera1p5m/prompts/440_h14-normal-lying-on-bed-10.txt,09441ee416e7dbe3065df3672e3665b356669dd154473cc467b9a0c9dbd2c4be,PASS
441_h15-normal-lying-on-sofa-or-recliner-01.png,/home/yanbo/下载/batches/batch_person-fallen-v2-camera1p5m/final/441_h15-normal-lying-on-sofa-or-recliner-01.png,4c4513995584aae794805f837a42ebacef2f35e2067881081042c9881a6b9c58,1920,1080,441_h15-normal-lying-on-sofa-or-recliner-01.txt,/home/yanbo/下载/batches/batch_person-fallen-v2-camera1p5m/prompts/441_h15-normal-lying-on-sofa-or-recliner-01.txt,5cc43037ac669399a3001f183d65e2fe96e7a19ffc13631985ba630c60cdb6f3,PASS
442_h15-normal-lying-on-sofa-or-recliner-02.png,/home/yanbo/下载/batches/batch_person-fallen-v2-camera1p5m/final/442_h15-normal-lying-on-sofa-or-recliner-02.png,34fbf5f7d21a4e5ab060526c9d40495bf2224373886d7741bce9ad7d446ab2ed,1920,1080,442_h15-normal-lying-on-sofa-or-recliner-02.txt,/home/yanbo/下载/batches/batch_person-fallen-v2-camera1p5m/prompts/442_h15-normal-lying-on-sofa-or-recliner-02.txt,137088d8616b372e8f02f2bffd68f8e7c674bf921b3460a23ab44eac31139407,PASS
443_h15-normal-lying-on-sofa-or-recliner-03.png,/home/yanbo/下载/batches/batch_person-fallen-v2-camera1p5m/final/443_h15-normal-lying-on-sofa-or-recliner-03.png,a431e3f73a598c7ab8ceb4c4b8a4665afcb49728fb40ec498d903fcc4b33ce3b,1920,1080,443_h15-normal-lying-on-sofa-or-recliner-03.txt,/home/yanbo/下载/batches/batch_person-fallen-v2-camera1p5m/prompts/443_h15-normal-lying-on-sofa-or-recliner-03.txt,ce6a579940bbfa0750ff779163ebd5f006c7a37bf88320fec211dcf93576b994,PASS
444_h15-normal-lying-on-sofa-or-recliner-04.png,/home/yanbo/下载/batches/batch_person-fallen-v2-camera1p5m/final/444_h15-normal-lying-on-sofa-or-recliner-04.png,965273fb442a82450c2da366e22648a4b2900170943e4f915e570b8a82a1125a,1920,1080,444_h15-normal-lying-on-sofa-or-recliner-04.txt,/home/yanbo/下载/batches/batch_person-fallen-v2-camera1p5m/prompts/444_h15-normal-lying-on-sofa-or-recliner-04.txt,1d0c515d93c26da7621916e928708d3760f65170092a97a3fcf08cb427861764,PASS
445_h15-normal-lying-on-sofa-or-recliner-05.png,/home/yanbo/下载/batches/batch_person-fallen-v2-camera1p5m/final/445_h15-normal-lying-on-sofa-or-recliner-05.png,7ba099da8a7bd707833fc1c1c6100e824bbbb2cfac01112476ef5fae4947da45,1920,1080,445_h15-normal-lying-on-sofa-or-recliner-05.txt,/home/yanbo/下载/batches/batch_person-fallen-v2-camera1p5m/prompts/445_h15-normal-lying-on-sofa-or-recliner-05.txt,fb6279b587b8a316420ed49d26183488ee46398e02b3facebb41a2842b443977,PASS
446_h15-normal-lying-on-sofa-or-recliner-06.png,/home/yanbo/下载/batches/batch_person-fallen-v2-camera1p5m/final/446_h15-normal-lying-on-sofa-or-recliner-06.png,d7502e188ce03a477fe78877b55ac552b8f1a8f6368bdaac687940e6f3d8eea3,1920,1080,446_h15-normal-lying-on-sofa-or-recliner-06.txt,/home/yanbo/下载/batches/batch_person-fallen-v2-camera1p5m/prompts/446_h15-normal-lying-on-sofa-or-recliner-06.txt,a93933c9a25f4ff3fc7b8f198b15ee174e3ec813355a4b6c6d9e460fcffe80ed,PASS
447_h15-normal-lying-on-sofa-or-recliner-07.png,/home/yanbo/下载/batches/batch_person-fallen-v2-camera1p5m/final/447_h15-normal-lying-on-sofa-or-recliner-07.png,94a8e171cf5bb824c72eb84d510654101b8ae1e27a4dac2da7077d92b98a7406,1920,1080,447_h15-normal-lying-on-sofa-or-recliner-07.txt,/home/yanbo/下载/batches/batch_person-fallen-v2-camera1p5m/prompts/447_h15-normal-lying-on-sofa-or-recliner-07.txt,255db7de96924091db6f440c735dbe00ece15e9ec477d825c86bdf698bba10e6,PASS
448_h15-normal-lying-on-sofa-or-recliner-08.png,/home/yanbo/下载/batches/batch_person-fallen-v2-camera1p5m/final/448_h15-normal-lying-on-sofa-or-recliner-08.png,618fcec7f36972fa4094a8d0b184794972a509eb6a945ed8fc79c5c6aa1689ae,1920,1080,448_h15-normal-lying-on-sofa-or-recliner-08.txt,/home/yanbo/下载/batches/batch_person-fallen-v2-camera1p5m/prompts/448_h15-normal-lying-on-sofa-or-recliner-08.txt,a47389c6234bd2c12dc98aabcb2334deca9a8186712959896239902ec944cb47,PASS
449_h15-normal-lying-on-sofa-or-recliner-09.png,/home/yanbo/下载/batches/batch_person-fallen-v2-camera1p5m/final/449_h15-normal-lying-on-sofa-or-recliner-09.png,0d314b9a6a543ece3ab8175a9ef93c6745c3609b946fea7a062b120f45270b4c,1920,1080,449_h15-normal-lying-on-sofa-or-recliner-09.txt,/home/yanbo/下载/batches/batch_person-fallen-v2-camera1p5m/prompts/449_h15-normal-lying-on-sofa-or-recliner-09.txt,f62a311bca164f3e21c164da78573f03bfe946a97cf2a0b10fe11ff2c94b27d1,PASS
44_p05-side-lying-on-floor-04.png,/home/yanbo/下载/batches/batch_person-fallen-v2-camera1p5m/final/44_p05-side-lying-on-floor-04.png,45e4c31209b3a7baede57f45f9dee5ca938abd06bf17e18f4135b2d72a200f6a,1920,1080,44_p05-side-lying-on-floor-04.txt,/home/yanbo/下载/batches/batch_person-fallen-v2-camera1p5m/prompts/44_p05-side-lying-on-floor-04.txt,a1323cf2e80c423ec00e97b9a7eaf741e76b60748663be267c230655ddd0ca4b,PASS
450_h15-normal-lying-on-sofa-or-recliner-10.png,/home/yanbo/下载/batches/batch_person-fallen-v2-camera1p5m/final/450_h15-normal-lying-on-sofa-or-recliner-10.png,6cc5bac47452b51c8da4f6cc683fdf863623a5e1aa68f461f6e5e62e66465c2e,1920,1080,450_h15-normal-lying-on-sofa-or-recliner-10.txt,/home/yanbo/下载/batches/batch_person-fallen-v2-camera1p5m/prompts/450_h15-normal-lying-on-sofa-or-recliner-10.txt,01aaac49f4b84d9fce00e1076a49cedc1f845678c7275b2cc249f77410096328,PASS
451_h16-dummy-mannequin-poster-01.png,/home/yanbo/下载/batches/batch_person-fallen-v2-camera1p5m/final/451_h16-dummy-mannequin-poster-01.png,61b19442a94aa1a06179b8dd7d8d8493a84a5cfde4bbcb99ab21e71fb1a74618,1920,1080,451_h16-dummy-mannequin-poster-01.txt,/home/yanbo/下载/batches/batch_person-fallen-v2-camera1p5m/prompts/451_h16-dummy-mannequin-poster-01.txt,b62bc532218ed8eb702eb25e0306076a1de61fa21051073eecaecb0876c93da5,PASS
452_h16-dummy-mannequin-poster-02.png,/home/yanbo/下载/batches/batch_person-fallen-v2-camera1p5m/final/452_h16-dummy-mannequin-poster-02.png,294338a403d06fe09d5d31d1438eb5164a68a0c04196491add90d09d33200b06,1920,1080,452_h16-dummy-mannequin-poster-02.txt,/home/yanbo/下载/batches/batch_person-fallen-v2-camera1p5m/prompts/452_h16-dummy-mannequin-poster-02.txt,8e3ed2e506a6d5175d773eef51463c018ee0601fadcb9adf43bfdd6b29504474,PASS
453_h16-dummy-mannequin-poster-03.png,/home/yanbo/下载/batches/batch_person-fallen-v2-camera1p5m/final/453_h16-dummy-mannequin-poster-03.png,0c127701fdce43cabff2f71bc735cfa35b4d8a5f8777782c61f444c3af9e8fb0,1920,1080,453_h16-dummy-mannequin-poster-03.txt,/home/yanbo/下载/batches/batch_person-fallen-v2-camera1p5m/prompts/453_h16-dummy-mannequin-poster-03.txt,5402fcf0b57d4dedd595d6fc9316d244676732b3c535568f05bd9d9def3f0f57,PASS
454_h16-dummy-mannequin-poster-04.png,/home/yanbo/下载/batches/batch_person-fallen-v2-camera1p5m/final/454_h16-dummy-mannequin-poster-04.png,50f9f6882bcfe326812317f160a55107f7f09bbd2eadfcef271c5c03ac6f0cea,1920,1080,454_h16-dummy-mannequin-poster-04.txt,/home/yanbo/下载/batches/batch_person-fallen-v2-camera1p5m/prompts/454_h16-dummy-mannequin-poster-04.txt,4d0447d943d8f4ec40d16cccfebf0d3894c2026f3ec1a8f2571338834b9bdfe5,PASS
455_h16-dummy-mannequin-poster-05.png,/home/yanbo/下载/batches/batch_person-fallen-v2-camera1p5m/final/455_h16-dummy-mannequin-poster-05.png,9bf3658b2b308f926a5cdc8c7f0a45015aad8da0cf42918180c6984932e200e1,1920,1080,455_h16-dummy-mannequin-poster-05.txt,/home/yanbo/下载/batches/batch_person-fallen-v2-camera1p5m/prompts/455_h16-dummy-mannequin-poster-05.txt,83bd93cd730180c1ea2e772811f338ba82f8db452c56c2859d2aa6073b78e897,PASS
456_h16-dummy-mannequin-poster-06.png,/home/yanbo/下载/batches/batch_person-fallen-v2-camera1p5m/final/456_h16-dummy-mannequin-poster-06.png,c8bfe86d93936469cb08a62aa5bc063152c2244b1880ff946c178903855e8085,1920,1080,456_h16-dummy-mannequin-poster-06.txt,/home/yanbo/下载/batches/batch_person-fallen-v2-camera1p5m/prompts/456_h16-dummy-mannequin-poster-06.txt,b3397269f505e305ca25caf8d9fe6f3c86614118406514e84343673734fd7ba3,PASS
457_h16-dummy-mannequin-poster-07.png,/home/yanbo/下载/batches/batch_person-fallen-v2-camera1p5m/final/457_h16-dummy-mannequin-poster-07.png,5892e1a7a5ffeae8987de335f028ee827b22df6c340522930674011e6b1f924e,1920,1080,457_h16-dummy-mannequin-poster-07.txt,/home/yanbo/下载/batches/batch_person-fallen-v2-camera1p5m/prompts/457_h16-dummy-mannequin-poster-07.txt,a02113bc0f3b1111d5111ded49f5ef82b500feb7aabfac60bae0c6571bf62206,PASS
458_h16-dummy-mannequin-poster-08.png,/home/yanbo/下载/batches/batch_person-fallen-v2-camera1p5m/final/458_h16-dummy-mannequin-poster-08.png,cd41a9ff56625d884ea1029ed61e09392ca5596a9ad6fcb6c549543f186cd7f5,1920,1080,458_h16-dummy-mannequin-poster-08.txt,/home/yanbo/下载/batches/batch_person-fallen-v2-camera1p5m/prompts/458_h16-dummy-mannequin-poster-08.txt,926a3bf36adfe61ef8457ba389b452fd9b7b26117751914f261102c8836157a4,PASS
459_h16-dummy-mannequin-poster-09.png,/home/yanbo/下载/batches/batch_person-fallen-v2-camera1p5m/final/459_h16-dummy-mannequin-poster-09.png,76259a722e45bfd9a6097583dfd229f143dbb4d1a9fbda6ab76a703bd0d18663,1920,1080,459_h16-dummy-mannequin-poster-09.txt,/home/yanbo/下载/batches/batch_person-fallen-v2-camera1p5m/prompts/459_h16-dummy-mannequin-poster-09.txt,2bc6019bd2c4b023091e17f1afb6a5783791655a132e18ed0da73064f664b39f,PASS
45_p05-side-lying-on-floor-05.png,/home/yanbo/下载/batches/batch_person-fallen-v2-camera1p5m/final/45_p05-side-lying-on-floor-05.png,bd92eda4b83fdab8da9176185c1497fe9ff75cfbc151e0e9cda00a8d9f89bc13,1920,1080,45_p05-side-lying-on-floor-05.txt,/home/yanbo/下载/batches/batch_person-fallen-v2-camera1p5m/prompts/45_p05-side-lying-on-floor-05.txt,9453c93ed2e26afba474eb75a38012378bb109a0499705c46911faae9830a5ce,PASS
460_h16-dummy-mannequin-poster-10.png,/home/yanbo/下载/batches/batch_person-fallen-v2-camera1p5m/final/460_h16-dummy-mannequin-poster-10.png,7689157de5748d571d1d29ba4aa26f35e5073c8874aacd08fb6338da00f8ad37,1920,1080,460_h16-dummy-mannequin-poster-10.txt,/home/yanbo/下载/batches/batch_person-fallen-v2-camera1p5m/prompts/460_h16-dummy-mannequin-poster-10.txt,851f4207845d84448de60c3256718205deaf98363424758644f60d43c56c8883,PASS
461_h17-partial-body-causing-illusion-01.png,/home/yanbo/下载/batches/batch_person-fallen-v2-camera1p5m/final/461_h17-partial-body-causing-illusion-01.png,d54d29b90512641b4db2b26b2bf5da63465277bfab85b9fb513dd303df8587df,1920,1080,461_h17-partial-body-causing-illusion-01.txt,/home/yanbo/下载/batches/batch_person-fallen-v2-camera1p5m/prompts/461_h17-partial-body-causing-illusion-01.txt,c2f664894c97d54e41ac77967060c82541c14c259e7fa3faefc0da46abad79cc,PASS
462_h17-partial-body-causing-illusion-02.png,/home/yanbo/下载/batches/batch_person-fallen-v2-camera1p5m/final/462_h17-partial-body-causing-illusion-02.png,9689588dea0ba406d4f544c7a6e61e4fa03fddf6df4997eeccc6d60cd89772fc,1920,1080,462_h17-partial-body-causing-illusion-02.txt,/home/yanbo/下载/batches/batch_person-fallen-v2-camera1p5m/prompts/462_h17-partial-body-causing-illusion-02.txt,4c28f2aa555321cc25258eddf787734a8c1dbf2d766b41d0cd2df2de40c6208f,PASS
463_h17-partial-body-causing-illusion-03.png,/home/yanbo/下载/batches/batch_person-fallen-v2-camera1p5m/final/463_h17-partial-body-causing-illusion-03.png,1ce519d807c7899f85e6892f5c0b4ef1533ee1d3775b707c7dd9aa25b3f45818,1920,1080,463_h17-partial-body-causing-illusion-03.txt,/home/yanbo/下载/batches/batch_person-fallen-v2-camera1p5m/prompts/463_h17-partial-body-causing-illusion-03.txt,c1b282e9326403e629c8c0a0f681ad591379871a0710b613b97f7260e99a9157,PASS
464_h17-partial-body-causing-illusion-04.png,/home/yanbo/下载/batches/batch_person-fallen-v2-camera1p5m/final/464_h17-partial-body-causing-illusion-04.png,98ddd0359a6a6f84b1cd1d2a135103c8bff90688123377f68bf9515b31b701b6,1920,1080,464_h17-partial-body-causing-illusion-04.txt,/home/yanbo/下载/batches/batch_person-fallen-v2-camera1p5m/prompts/464_h17-partial-body-causing-illusion-04.txt,a2d0f85a8d68eebf2683cf5064509a1947fac30ef52e8ab47f0cda3dd9b040ed,PASS
465_h17-partial-body-causing-illusion-05.png,/home/yanbo/下载/batches/batch_person-fallen-v2-camera1p5m/final/465_h17-partial-body-causing-illusion-05.png,f32ca9b5086c045ae9b86016ac3b67b9e3dd8b58dc47b072b58cec0e5eba4f83,1920,1080,465_h17-partial-body-causing-illusion-05.txt,/home/yanbo/下载/batches/batch_person-fallen-v2-camera1p5m/prompts/465_h17-partial-body-causing-illusion-05.txt,b49fb3d07371ae0835364c58587d3c75ce3ba058273659d9ba0e2a04d8cd8e46,PASS
466_h17-partial-body-causing-illusion-06.png,/home/yanbo/下载/batches/batch_person-fallen-v2-camera1p5m/final/466_h17-partial-body-causing-illusion-06.png,bbac479ba463ecbec4bf0228a2db31b9ab432ec6c1a8c80750fdfe6e7fb83028,1920,1080,466_h17-partial-body-causing-illusion-06.txt,/home/yanbo/下载/batches/batch_person-fallen-v2-camera1p5m/prompts/466_h17-partial-body-causing-illusion-06.txt,790bde9800b50ef0ede74e5f46a0b40b20dc80878936e9638fdbe5277fc7b03d,PASS
467_h17-partial-body-causing-illusion-07.png,/home/yanbo/下载/batches/batch_person-fallen-v2-camera1p5m/final/467_h17-partial-body-causing-illusion-07.png,6af1dfe0b032a18225b6a8f6eb7a1302cab4d2ca823ac84ef56c2a932831d090,1920,1080,467_h17-partial-body-causing-illusion-07.txt,/home/yanbo/下载/batches/batch_person-fallen-v2-camera1p5m/prompts/467_h17-partial-body-causing-illusion-07.txt,9e2e0368a341c2f2ae8c500c92090c1b6f98952dab2831abd78867a4c7ea1164,PASS
468_h17-partial-body-causing-illusion-08.png,/home/yanbo/下载/batches/batch_person-fallen-v2-camera1p5m/final/468_h17-partial-body-causing-illusion-08.png,f8a61f9b6e17433dba7d95c40c5393d2c951bb865647e3e16d08fbf896dbbf4e,1920,1080,468_h17-partial-body-causing-illusion-08.txt,/home/yanbo/下载/batches/batch_person-fallen-v2-camera1p5m/prompts/468_h17-partial-body-causing-illusion-08.txt,d55a8091f94be54e02c726307cd12bef6602f49dc77c8ec3173ec301ff94254f,PASS
469_h17-partial-body-causing-illusion-09.png,/home/yanbo/下载/batches/batch_person-fallen-v2-camera1p5m/final/469_h17-partial-body-causing-illusion-09.png,de8f82f254ef0864d85ae51786f9bf5a0b543862ef8b902b78c9e5e36986cf34,1920,1080,469_h17-partial-body-causing-illusion-09.txt,/home/yanbo/下载/batches/batch_person-fallen-v2-camera1p5m/prompts/469_h17-partial-body-causing-illusion-09.txt,d0252f552fd7a27708334d8d060b3edebc97dd91c030da029f0660b4bca34909,PASS
46_p05-side-lying-on-floor-06.png,/home/yanbo/下载/batches/batch_person-fallen-v2-camera1p5m/final/46_p05-side-lying-on-floor-06.png,1aa07102c66e87fd6004b84996a0fec67f8f3abc55bed2067e96cd000bf9a0aa,1920,1080,46_p05-side-lying-on-floor-06.txt,/home/yanbo/下载/batches/batch_person-fallen-v2-camera1p5m/prompts/46_p05-side-lying-on-floor-06.txt,bfcc7c74330f2651c55a983c6313026c807f520d7be154bc5e857be939ebf38c,PASS
470_h17-partial-body-causing-illusion-10.png,/home/yanbo/下载/batches/batch_person-fallen-v2-camera1p5m/final/470_h17-partial-body-causing-illusion-10.png,e655290bba2753813a6bfb02b2df89e3d3250efb0f726146d8a3a366180813c5,1920,1080,470_h17-partial-body-causing-illusion-10.txt,/home/yanbo/下载/batches/batch_person-fallen-v2-camera1p5m/prompts/470_h17-partial-body-causing-illusion-10.txt,6ac3277f915c73afa3e1c015f17394000c3394c77b6007b7e78f20a4b4dd891b,PASS
471_h18-screen-mirror-photo-depiction-01.png,/home/yanbo/下载/batches/batch_person-fallen-v2-camera1p5m/final/471_h18-screen-mirror-photo-depiction-01.png,1b34b119b76107799faafc472309340ea53e59577e39e3cbd70e66f51e3d7c6d,1920,1080,471_h18-screen-mirror-photo-depiction-01.txt,/home/yanbo/下载/batches/batch_person-fallen-v2-camera1p5m/prompts/471_h18-screen-mirror-photo-depiction-01.txt,3289b06ee9e6cdd0e0497e5597ccf957ba06e34811053319f2e9b42430542686,PASS
472_h18-screen-mirror-photo-depiction-02.png,/home/yanbo/下载/batches/batch_person-fallen-v2-camera1p5m/final/472_h18-screen-mirror-photo-depiction-02.png,c9648cc0d4d9c45a782f9fd8f097ca2db6312846677e4315a7f7236d9b778368,1920,1080,472_h18-screen-mirror-photo-depiction-02.txt,/home/yanbo/下载/batches/batch_person-fallen-v2-camera1p5m/prompts/472_h18-screen-mirror-photo-depiction-02.txt,800dd3c61b7ea61ff48d0760c21d20a802632c084ee1dc57d280e74602f84263,PASS
473_h18-screen-mirror-photo-depiction-03.png,/home/yanbo/下载/batches/batch_person-fallen-v2-camera1p5m/final/473_h18-screen-mirror-photo-depiction-03.png,88a31766d184f25d0cda9c1bbbb371dad9a4360849cdc10199839e4f72b6a1f9,1920,1080,473_h18-screen-mirror-photo-depiction-03.txt,/home/yanbo/下载/batches/batch_person-fallen-v2-camera1p5m/prompts/473_h18-screen-mirror-photo-depiction-03.txt,c5eb846ea9df5eb8f3d3a512b89bd279d276647d82c642f80dc69f297f1aa0db,PASS
474_h18-screen-mirror-photo-depiction-04.png,/home/yanbo/下载/batches/batch_person-fallen-v2-camera1p5m/final/474_h18-screen-mirror-photo-depiction-04.png,192de9d1b4b4f4de9ea9c182d6aab74cb7d9cf9a2db4d5d70c8ed54ee9c6aace,1920,1080,474_h18-screen-mirror-photo-depiction-04.txt,/home/yanbo/下载/batches/batch_person-fallen-v2-camera1p5m/prompts/474_h18-screen-mirror-photo-depiction-04.txt,af2c2d1fc9907619a37cd305284e301a3840c173fc962b3ad42fbce2c39a61ed,PASS
475_h18-screen-mirror-photo-depiction-05.png,/home/yanbo/下载/batches/batch_person-fallen-v2-camera1p5m/final/475_h18-screen-mirror-photo-depiction-05.png,8faf52bf06fe2622e0e210de6f6a220c3a83d4586a16df2ade51ae7d6ea6de63,1920,1080,475_h18-screen-mirror-photo-depiction-05.txt,/home/yanbo/下载/batches/batch_person-fallen-v2-camera1p5m/prompts/475_h18-screen-mirror-photo-depiction-05.txt,f7e5a21cf7170c31b2971e5c3493f46c27e588844988a6b0115e9cbd995670b8,PASS
476_h18-screen-mirror-photo-depiction-06.png,/home/yanbo/下载/batches/batch_person-fallen-v2-camera1p5m/final/476_h18-screen-mirror-photo-depiction-06.png,2fab70e4e59f34d23cc7aa30faf18bbb45225f4398a08ca5f9218a8e9cd9c6c4,1920,1080,476_h18-screen-mirror-photo-depiction-06.txt,/home/yanbo/下载/batches/batch_person-fallen-v2-camera1p5m/prompts/476_h18-screen-mirror-photo-depiction-06.txt,6714b9e93c08cfdb1aa48427af937ad9df5816daed8033fbaa4a8200f180b7fd,PASS
477_h18-screen-mirror-photo-depiction-07.png,/home/yanbo/下载/batches/batch_person-fallen-v2-camera1p5m/final/477_h18-screen-mirror-photo-depiction-07.png,a291f09636f99fe287612ebbead98417ef0780a43507e1363c57c1d87c5fb854,1920,1080,477_h18-screen-mirror-photo-depiction-07.txt,/home/yanbo/下载/batches/batch_person-fallen-v2-camera1p5m/prompts/477_h18-screen-mirror-photo-depiction-07.txt,9326549a22e059175ba0a963601f5067a7110d327cdbcae0821fc07230c5c152,PASS
478_h18-screen-mirror-photo-depiction-08.png,/home/yanbo/下载/batches/batch_person-fallen-v2-camera1p5m/final/478_h18-screen-mirror-photo-depiction-08.png,c81d1041b8a7c1b6904a8cbb8d57ac0eb7817fd6da07f0fa06296a840145f60c,1920,1080,478_h18-screen-mirror-photo-depiction-08.txt,/home/yanbo/下载/batches/batch_person-fallen-v2-camera1p5m/prompts/478_h18-screen-mirror-photo-depiction-08.txt,18b2ee9f851e41babc158eb87b7f772ee037244873959dff4c53bfed51fe2caa,PASS
479_h18-screen-mirror-photo-depiction-09.png,/home/yanbo/下载/batches/batch_person-fallen-v2-camera1p5m/final/479_h18-screen-mirror-photo-depiction-09.png,96f24147e536c8ca97cdfa97fadd81486e65ccbc74c474dcc6db58ef6573a470,1920,1080,479_h18-screen-mirror-photo-depiction-09.txt,/home/yanbo/下载/batches/batch_person-fallen-v2-camera1p5m/prompts/479_h18-screen-mirror-photo-depiction-09.txt,0bcbe0d1a1963c069c66f38d4af769c426543383b5b9eeacee35250f215a129f,PASS
47_p05-side-lying-on-floor-07.png,/home/yanbo/下载/batches/batch_person-fallen-v2-camera1p5m/final/47_p05-side-lying-on-floor-07.png,bbcc10a0ae8771d24f9d903beb69eef522f8742deb28eb3bb147f8cd94d27edd,1920,1080,47_p05-side-lying-on-floor-07.txt,/home/yanbo/下载/batches/batch_person-fallen-v2-camera1p5m/prompts/47_p05-side-lying-on-floor-07.txt,a14b077718bc9ffaa33559ba4f5be2b620b790528807f00079e337d3fc729703,PASS
480_h18-screen-mirror-photo-depiction-10.png,/home/yanbo/下载/batches/batch_person-fallen-v2-camera1p5m/final/480_h18-screen-mirror-photo-depiction-10.png,4750a311f4544344885c7c19d63b8c7cd19b07cf71f811cc6a5943a36bb3180d,1920,1080,480_h18-screen-mirror-photo-depiction-10.txt,/home/yanbo/下载/batches/batch_person-fallen-v2-camera1p5m/prompts/480_h18-screen-mirror-photo-depiction-10.txt,97fb014f219c78c26230a1b150a4db2f17c54e354205b3f78b301ba18704f929,PASS
481_u01-severely-occluded-tiny-blurry-01.png,/home/yanbo/下载/batches/batch_person-fallen-v2-camera1p5m/final/481_u01-severely-occluded-tiny-blurry-01.png,c28f0f3bc296c8b52d6e90ae7618e7aad279755f516654e31039960069cb8f37,1920,1080,481_u01-severely-occluded-tiny-blurry-01.txt,/home/yanbo/下载/batches/batch_person-fallen-v2-camera1p5m/prompts/481_u01-severely-occluded-tiny-blurry-01.txt,008794a3b048781c2327456f367e2f54786fa94087b2a71dcd66dcacca86e0c0,PASS
482_u01-severely-occluded-tiny-blurry-02.png,/home/yanbo/下载/batches/batch_person-fallen-v2-camera1p5m/final/482_u01-severely-occluded-tiny-blurry-02.png,dd1742034ee494f2f0de52522923f97876704ec2d7f40ccb3e4a8a4cbc091245,1920,1080,482_u01-severely-occluded-tiny-blurry-02.txt,/home/yanbo/下载/batches/batch_person-fallen-v2-camera1p5m/prompts/482_u01-severely-occluded-tiny-blurry-02.txt,c7985b27cde2b183ddf59e05d3ba193505d042dc7e1957b5212f89baba4fd9a5,PASS
483_u01-severely-occluded-tiny-blurry-03.png,/home/yanbo/下载/batches/batch_person-fallen-v2-camera1p5m/final/483_u01-severely-occluded-tiny-blurry-03.png,88985a656737878cc709410da4eb0fab05efb88c4de009116bf70628bb332709,1920,1080,483_u01-severely-occluded-tiny-blurry-03.txt,/home/yanbo/下载/batches/batch_person-fallen-v2-camera1p5m/prompts/483_u01-severely-occluded-tiny-blurry-03.txt,e17a539f1a81297a219bd58c46c1ba444b7f3f71b820f2cc4136a489441c2463,PASS
484_u01-severely-occluded-tiny-blurry-04.png,/home/yanbo/下载/batches/batch_person-fallen-v2-camera1p5m/final/484_u01-severely-occluded-tiny-blurry-04.png,25f2c8f537284dd7f41222b3d6be8d20bd0f509d1f7f239e3e39c40739877855,1920,1080,484_u01-severely-occluded-tiny-blurry-04.txt,/home/yanbo/下载/batches/batch_person-fallen-v2-camera1p5m/prompts/484_u01-severely-occluded-tiny-blurry-04.txt,fd517b893c2fb4da4d0a811921b01712b3ceca8f3a7c1e9eee966eea477277da,PASS
485_u01-severely-occluded-tiny-blurry-05.png,/home/yanbo/下载/batches/batch_person-fallen-v2-camera1p5m/final/485_u01-severely-occluded-tiny-blurry-05.png,74577dd73f281871070dc3178943ef64b31aaf86fd5b93932cbfd36e8eef36f7,1920,1080,485_u01-severely-occluded-tiny-blurry-05.txt,/home/yanbo/下载/batches/batch_person-fallen-v2-camera1p5m/prompts/485_u01-severely-occluded-tiny-blurry-05.txt,0236ef50076a78e4e478180935561925f0b5a0d4274bb7d2f17c5f066f055194,PASS
486_u01-severely-occluded-tiny-blurry-06.png,/home/yanbo/下载/batches/batch_person-fallen-v2-camera1p5m/final/486_u01-severely-occluded-tiny-blurry-06.png,7e4a0770ae2ecf8cc1c8d2a4330c9623a0e1b96bf4354c3164e94cc7b16e09ea,1920,1080,486_u01-severely-occluded-tiny-blurry-06.txt,/home/yanbo/下载/batches/batch_person-fallen-v2-camera1p5m/prompts/486_u01-severely-occluded-tiny-blurry-06.txt,85f855e213f31c7e9dc5181b5a2bdfa1a0df0eb5a6bac422f43f38e0c8d7c72d,PASS
487_u01-severely-occluded-tiny-blurry-07.png,/home/yanbo/下载/batches/batch_person-fallen-v2-camera1p5m/final/487_u01-severely-occluded-tiny-blurry-07.png,b6a20d373c06d1756ded8b4bfcc563353b59d28c395efd4d5ba505cae103d1fd,1920,1080,487_u01-severely-occluded-tiny-blurry-07.txt,/home/yanbo/下载/batches/batch_person-fallen-v2-camera1p5m/prompts/487_u01-severely-occluded-tiny-blurry-07.txt,94900ea322c5b9400a59d5d5df96cc6a0e2b46b1100c586fa703ed44c32fb8c4,PASS
488_u01-severely-occluded-tiny-blurry-08.png,/home/yanbo/下载/batches/batch_person-fallen-v2-camera1p5m/final/488_u01-severely-occluded-tiny-blurry-08.png,01b250a89c0615b5a4bd6d294b490fd1e9d354b95c753a2cebb954b293094df1,1920,1080,488_u01-severely-occluded-tiny-blurry-08.txt,/home/yanbo/下载/batches/batch_person-fallen-v2-camera1p5m/prompts/488_u01-severely-occluded-tiny-blurry-08.txt,0ee68e0028b64ea6eb6c264dde9446ffdd60e65af99ef19b3e43c088c451b7b0,PASS
489_u01-severely-occluded-tiny-blurry-09.png,/home/yanbo/下载/batches/batch_person-fallen-v2-camera1p5m/final/489_u01-severely-occluded-tiny-blurry-09.png,392db083355cfc01773a3223d05f41e93f5a3dd838167b5b6a54a7ef8af149b4,1920,1080,489_u01-severely-occluded-tiny-blurry-09.txt,/home/yanbo/下载/batches/batch_person-fallen-v2-camera1p5m/prompts/489_u01-severely-occluded-tiny-blurry-09.txt,644212ea8f3a8ca3a9be7dacd9ef6f2fcb7f73909243013420a6f3d4a4b8fd72,PASS
48_p05-side-lying-on-floor-08.png,/home/yanbo/下载/batches/batch_person-fallen-v2-camera1p5m/final/48_p05-side-lying-on-floor-08.png,456144ecfb646cade4916bacfb4fa3d5a43cd9dd578dbb9f021842a9b201dfb7,1920,1080,48_p05-side-lying-on-floor-08.txt,/home/yanbo/下载/batches/batch_person-fallen-v2-camera1p5m/prompts/48_p05-side-lying-on-floor-08.txt,0d830ae131c152cb06070a06cb854be95ddaaa6f928a0fe4f47f2da34abef416,PASS
490_u01-severely-occluded-tiny-blurry-10.png,/home/yanbo/下载/batches/batch_person-fallen-v2-camera1p5m/final/490_u01-severely-occluded-tiny-blurry-10.png,7c41ad0e30fb97508822f9d3439b3222742d7212c8eaa396dfe50209c240a583,1920,1080,490_u01-severely-occluded-tiny-blurry-10.txt,/home/yanbo/下载/batches/batch_person-fallen-v2-camera1p5m/prompts/490_u01-severely-occluded-tiny-blurry-10.txt,a5444e32c38e4768532a789d0257f8ddb550836bc81203ec65b0e51b64b01436,PASS
491_u02-unclear-support-surface-partial-body-01.png,/home/yanbo/下载/batches/batch_person-fallen-v2-camera1p5m/final/491_u02-unclear-support-surface-partial-body-01.png,6c3308d03bfb85ef13872b4a2e7f112a79234e20a9d59946f69409fd506295cf,1920,1080,491_u02-unclear-support-surface-partial-body-01.txt,/home/yanbo/下载/batches/batch_person-fallen-v2-camera1p5m/prompts/491_u02-unclear-support-surface-partial-body-01.txt,95e40bf9bc36aeef5e8f5f7743f2bfc693bd4af6a5f440f9cd26999aeb0ae4b5,PASS
492_u02-unclear-support-surface-partial-body-02.png,/home/yanbo/下载/batches/batch_person-fallen-v2-camera1p5m/final/492_u02-unclear-support-surface-partial-body-02.png,ad5ccfebaccf856f079af18e0be494bdcbf9eeca99fd7deb224d08cedb4ca03b,1920,1080,492_u02-unclear-support-surface-partial-body-02.txt,/home/yanbo/下载/batches/batch_person-fallen-v2-camera1p5m/prompts/492_u02-unclear-support-surface-partial-body-02.txt,44703760e2728b9bc4deaf2ab941e16d354c97386663bc21aaea75a7965c2fa6,PASS
493_u02-unclear-support-surface-partial-body-03.png,/home/yanbo/下载/batches/batch_person-fallen-v2-camera1p5m/final/493_u02-unclear-support-surface-partial-body-03.png,2be33ac4a9f2bbdabf6fe5f2346839997a0d26aac19d1445af42bf4d6ba16448,1920,1080,493_u02-unclear-support-surface-partial-body-03.txt,/home/yanbo/下载/batches/batch_person-fallen-v2-camera1p5m/prompts/493_u02-unclear-support-surface-partial-body-03.txt,7b575740158c2401116f2bd5a3bac1f31065d49f6489aa7bc93a14fc3eef394b,PASS
494_u02-unclear-support-surface-partial-body-04.png,/home/yanbo/下载/batches/batch_person-fallen-v2-camera1p5m/final/494_u02-unclear-support-surface-partial-body-04.png,7751027a80e172832764bd0b04fd0e8a453f101fb85b0fefdf0a8d7335f4a4dc,1920,1080,494_u02-unclear-support-surface-partial-body-04.txt,/home/yanbo/下载/batches/batch_person-fallen-v2-camera1p5m/prompts/494_u02-unclear-support-surface-partial-body-04.txt,eb4c4c6316e0bb769fc0cf66f1fd5fc6d5e64d6c2506cf434a16ac3772b47078,PASS
495_u02-unclear-support-surface-partial-body-05.png,/home/yanbo/下载/batches/batch_person-fallen-v2-camera1p5m/final/495_u02-unclear-support-surface-partial-body-05.png,dfab34c5d36c51359e3f79cfa0d9e8c2d76f6d91044c49af74b67388bbd09c84,1920,1080,495_u02-unclear-support-surface-partial-body-05.txt,/home/yanbo/下载/batches/batch_person-fallen-v2-camera1p5m/prompts/495_u02-unclear-support-surface-partial-body-05.txt,080c7eb33ef6c94b72b505dce28c7bb10e48412e581c637d5e3002440706ce85,PASS
496_u02-unclear-support-surface-partial-body-06.png,/home/yanbo/下载/batches/batch_person-fallen-v2-camera1p5m/final/496_u02-unclear-support-surface-partial-body-06.png,1bd363ac273eef3c3db4f9289e57c2526f110d0cdcb28c1447fd78025e427bf8,1920,1080,496_u02-unclear-support-surface-partial-body-06.txt,/home/yanbo/下载/batches/batch_person-fallen-v2-camera1p5m/prompts/496_u02-unclear-support-surface-partial-body-06.txt,a50c9ee2c382b05723ded20b905a0214d4ce1d2b8658b64f269a736ad467dc06,PASS
497_u02-unclear-support-surface-partial-body-07.png,/home/yanbo/下载/batches/batch_person-fallen-v2-camera1p5m/final/497_u02-unclear-support-surface-partial-body-07.png,90a111dc0af4c91f31a1da651a1334fde32399b9c9752d6fe2f056c105406782,1920,1080,497_u02-unclear-support-surface-partial-body-07.txt,/home/yanbo/下载/batches/batch_person-fallen-v2-camera1p5m/prompts/497_u02-unclear-support-surface-partial-body-07.txt,7c4a71c0ec5126cff1630bdd9cdc0c7652bf3055c5dbe123c36420347d3b2788,PASS
498_u02-unclear-support-surface-partial-body-08.png,/home/yanbo/下载/batches/batch_person-fallen-v2-camera1p5m/final/498_u02-unclear-support-surface-partial-body-08.png,4ec2bd96bf61c94c874b8f0039c30fd90a0b66ed0c223eedc09294be71c1cce6,1920,1080,498_u02-unclear-support-surface-partial-body-08.txt,/home/yanbo/下载/batches/batch_person-fallen-v2-camera1p5m/prompts/498_u02-unclear-support-surface-partial-body-08.txt,3d3f0cbfe3cf7bb88d565102400851c747a9cfa06423ed1e104295e3d1317551,PASS
499_u02-unclear-support-surface-partial-body-09.png,/home/yanbo/下载/batches/batch_person-fallen-v2-camera1p5m/final/499_u02-unclear-support-surface-partial-body-09.png,de6e0304d704194197e83db7b5f6b1c3cb1eedbe7ef008c3e5f5ec9e718bd090,1920,1080,499_u02-unclear-support-surface-partial-body-09.txt,/home/yanbo/下载/batches/batch_person-fallen-v2-camera1p5m/prompts/499_u02-unclear-support-surface-partial-body-09.txt,8568cd53ab3a4d44d11e8f9177e644cd8aa8d43d04d086f6f271492f2f0aadfd,PASS
49_p05-side-lying-on-floor-09.png,/home/yanbo/下载/batches/batch_person-fallen-v2-camera1p5m/final/49_p05-side-lying-on-floor-09.png,62327680277259c675a6504f4dc31fb69739f19221e2a2a8e631806a19882e15,1920,1080,49_p05-side-lying-on-floor-09.txt,/home/yanbo/下载/batches/batch_person-fallen-v2-camera1p5m/prompts/49_p05-side-lying-on-floor-09.txt,a76c95e67a410a347b3ef80d90ee50e49b5be994ad77fd0c163c66def6f5c389,PASS
500_u02-unclear-support-surface-partial-body-10.png,/home/yanbo/下载/batches/batch_person-fallen-v2-camera1p5m/final/500_u02-unclear-support-surface-partial-body-10.png,ac6398bbca6c770708577ac616f17c5d08fa679bf6bf21e17cf6f101d9b8cb21,1920,1080,500_u02-unclear-support-surface-partial-body-10.txt,/home/yanbo/下载/batches/batch_person-fallen-v2-camera1p5m/prompts/500_u02-unclear-support-surface-partial-body-10.txt,48e181d7b8b0ea50b188be069093291a83f0f40e11b64de6bcf2f933dab08346,PASS
50_p05-side-lying-on-floor-10.png,/home/yanbo/下载/batches/batch_person-fallen-v2-camera1p5m/final/50_p05-side-lying-on-floor-10.png,a6c5520e3615d1510868fa7eb35ac9a4a431ad5b9c6797810db0fecb1783bd16,1920,1080,50_p05-side-lying-on-floor-10.txt,/home/yanbo/下载/batches/batch_person-fallen-v2-camera1p5m/prompts/50_p05-side-lying-on-floor-10.txt,9e9c8c57b9dcac46774358a5f5e0382c33063d2d44ae127d4b12fcd6cc33414a,PASS
51_p06-side-lying-on-floor-01.png,/home/yanbo/下载/batches/batch_person-fallen-v2-camera1p5m/final/51_p06-side-lying-on-floor-01.png,543366363d22efbbb907b006f3f86b877eea519fe5c6c98dad0cd699d9078b8f,1920,1080,51_p06-side-lying-on-floor-01.txt,/home/yanbo/下载/batches/batch_person-fallen-v2-camera1p5m/prompts/51_p06-side-lying-on-floor-01.txt,b3383afcddd32b4948d38686344547b2b8174b4fc38bb5eaa492bab95252a563,PASS
52_p06-side-lying-on-floor-02.png,/home/yanbo/下载/batches/batch_person-fallen-v2-camera1p5m/final/52_p06-side-lying-on-floor-02.png,9104b3c0cec7c4dc79881416cab26f85c6798fe75823c2315f7692b1b04991de,1920,1080,52_p06-side-lying-on-floor-02.txt,/home/yanbo/下载/batches/batch_person-fallen-v2-camera1p5m/prompts/52_p06-side-lying-on-floor-02.txt,0995b77ed24c11db4719a8a41725b589ec1dce8a91bded7a27483ce1702c5f74,PASS
53_p06-side-lying-on-floor-03.png,/home/yanbo/下载/batches/batch_person-fallen-v2-camera1p5m/final/53_p06-side-lying-on-floor-03.png,40ab0258a86ac7e8afb15911af2081069b68e301b7a5af23371b895ffa142564,1920,1080,53_p06-side-lying-on-floor-03.txt,/home/yanbo/下载/batches/batch_person-fallen-v2-camera1p5m/prompts/53_p06-side-lying-on-floor-03.txt,a8901e6bcf8de315d11a501ff99c114fad4eb6b6ae73289be714312331863ddf,PASS
54_p06-side-lying-on-floor-04.png,/home/yanbo/下载/batches/batch_person-fallen-v2-camera1p5m/final/54_p06-side-lying-on-floor-04.png,6e58218f754b18cfefcf1a55867e1f9ce0beb569d3c45cecc50f06f5b4d96c11,1920,1080,54_p06-side-lying-on-floor-04.txt,/home/yanbo/下载/batches/batch_person-fallen-v2-camera1p5m/prompts/54_p06-side-lying-on-floor-04.txt,48b88fc2261dbb0a336eb90f736e635a5023fc09a938bc10ecbbee8f363dacfe,PASS
55_p06-side-lying-on-floor-05.png,/home/yanbo/下载/batches/batch_person-fallen-v2-camera1p5m/final/55_p06-side-lying-on-floor-05.png,40cd8ba87bfcbb00225de96b16624ec4872550b11252d00d3c2115e271eaadda,1920,1080,55_p06-side-lying-on-floor-05.txt,/home/yanbo/下载/batches/batch_person-fallen-v2-camera1p5m/prompts/55_p06-side-lying-on-floor-05.txt,e0bb1d733e914a9da80b8eeae2791d4a234578eed04543ec8e74fbc7fc131c39,PASS
56_p06-side-lying-on-floor-06.png,/home/yanbo/下载/batches/batch_person-fallen-v2-camera1p5m/final/56_p06-side-lying-on-floor-06.png,b4ce4b7c71ee6cd208998d8e86e0051c6af3508cc497dbee82600ef9d19ee92e,1920,1080,56_p06-side-lying-on-floor-06.txt,/home/yanbo/下载/batches/batch_person-fallen-v2-camera1p5m/prompts/56_p06-side-lying-on-floor-06.txt,473bf7e7e5af7daeadc23f17be5b220e045edfe6a9b61c67009c06a168619a2b,PASS
57_p06-side-lying-on-floor-07.png,/home/yanbo/下载/batches/batch_person-fallen-v2-camera1p5m/final/57_p06-side-lying-on-floor-07.png,1e44db1135509a6e0df16af3d900148b4a3e959a17a1519196655ce3761a62e2,1920,1080,57_p06-side-lying-on-floor-07.txt,/home/yanbo/下载/batches/batch_person-fallen-v2-camera1p5m/prompts/57_p06-side-lying-on-floor-07.txt,b17367ac1363f360518f7675a5c110a11fde95a54322b9e639a6f136661966fa,PASS
58_p06-side-lying-on-floor-08.png,/home/yanbo/下载/batches/batch_person-fallen-v2-camera1p5m/final/58_p06-side-lying-on-floor-08.png,7e1dc717a13c06a582f22d3f729af0a05f6c6b3fa31fb9fa915c88f5a0f34c50,1920,1080,58_p06-side-lying-on-floor-08.txt,/home/yanbo/下载/batches/batch_person-fallen-v2-camera1p5m/prompts/58_p06-side-lying-on-floor-08.txt,ffaa61b29e97d5537d76492a320ff9bfbd26a02f49290640f23d9b819d9af32b,PASS
59_p06-side-lying-on-floor-09.png,/home/yanbo/下载/batches/batch_person-fallen-v2-camera1p5m/final/59_p06-side-lying-on-floor-09.png,c23b8a580e2bf51df5820f66f974c76f2a7e2df2b876307aa8d74a8791cc2691,1920,1080,59_p06-side-lying-on-floor-09.txt,/home/yanbo/下载/batches/batch_person-fallen-v2-camera1p5m/prompts/59_p06-side-lying-on-floor-09.txt,30daa8f2c5ed04fac9a9a025dad4a6373ade4b4d50fc92f7ff54c77e01002500,PASS
60_p06-side-lying-on-floor-10.png,/home/yanbo/下载/batches/batch_person-fallen-v2-camera1p5m/final/60_p06-side-lying-on-floor-10.png,95af36458be5ba10a6c1268ff6a6389338c3afd7d31462322e7ee0a93db19282,1920,1080,60_p06-side-lying-on-floor-10.txt,/home/yanbo/下载/batches/batch_person-fallen-v2-camera1p5m/prompts/60_p06-side-lying-on-floor-10.txt,6094e7d697d7b4bb7a7624cbbc0be9d64b541166f9bb93b1d976b36d5546f2c5,PASS
61_p07-irregular-sprawled-posture-01.png,/home/yanbo/下载/batches/batch_person-fallen-v2-camera1p5m/final/61_p07-irregular-sprawled-posture-01.png,cb3fc95186cc9c5c8dba3642c4f7c827e2db6f76e0bc774ca4877489681ba90a,1920,1080,61_p07-irregular-sprawled-posture-01.txt,/home/yanbo/下载/batches/batch_person-fallen-v2-camera1p5m/prompts/61_p07-irregular-sprawled-posture-01.txt,03c9e61fdb2afcda95f128a5d2324bdafddd01d345eb234215e1437cef7063d2,PASS
62_p07-irregular-sprawled-posture-02.png,/home/yanbo/下载/batches/batch_person-fallen-v2-camera1p5m/final/62_p07-irregular-sprawled-posture-02.png,a4b5e371a0c9a8426002ddcb06ff647bc733113b32d853dd1b5e8126ebd82662,1920,1080,62_p07-irregular-sprawled-posture-02.txt,/home/yanbo/下载/batches/batch_person-fallen-v2-camera1p5m/prompts/62_p07-irregular-sprawled-posture-02.txt,487c45d47f6f93d23def2bc8f060c261ccb4bc9f175d5c6ae866015bece5f2d9,PASS
63_p07-irregular-sprawled-posture-03.png,/home/yanbo/下载/batches/batch_person-fallen-v2-camera1p5m/final/63_p07-irregular-sprawled-posture-03.png,c155e11cc5dbc7515c11c36d9a08eaa9ac188ad362db12571a3f839a0a2e83a6,1920,1080,63_p07-irregular-sprawled-posture-03.txt,/home/yanbo/下载/batches/batch_person-fallen-v2-camera1p5m/prompts/63_p07-irregular-sprawled-posture-03.txt,ed5294bb95e4d9feea87acf7b87cc3e4b8cdcfebeddbfc5569601b1590327811,PASS
64_p07-irregular-sprawled-posture-04.png,/home/yanbo/下载/batches/batch_person-fallen-v2-camera1p5m/final/64_p07-irregular-sprawled-posture-04.png,b06508f0ff5e35e38aa70f6e7045bbd6ce1de7735ac0a9f9b75256bfabbff882,1920,1080,64_p07-irregular-sprawled-posture-04.txt,/home/yanbo/下载/batches/batch_person-fallen-v2-camera1p5m/prompts/64_p07-irregular-sprawled-posture-04.txt,a986f4e46e6b2894d600af284576bfd6b528e253458e518249e5c2f8bcedb0fa,PASS
65_p07-irregular-sprawled-posture-05.png,/home/yanbo/下载/batches/batch_person-fallen-v2-camera1p5m/final/65_p07-irregular-sprawled-posture-05.png,0fe945e667d39d7701aa99658ece8ac840c880671c67fa3c45411adafe12808b,1920,1080,65_p07-irregular-sprawled-posture-05.txt,/home/yanbo/下载/batches/batch_person-fallen-v2-camera1p5m/prompts/65_p07-irregular-sprawled-posture-05.txt,c0a0913602b961d3ecb4fe2239c466ad79991289453c134ae9efa4660d3f9142,PASS
66_p07-irregular-sprawled-posture-06.png,/home/yanbo/下载/batches/batch_person-fallen-v2-camera1p5m/final/66_p07-irregular-sprawled-posture-06.png,a6db45bafd81f698513469b4ff4a2d511eb7835a2b68143d6f0d7176ca77f841,1920,1080,66_p07-irregular-sprawled-posture-06.txt,/home/yanbo/下载/batches/batch_person-fallen-v2-camera1p5m/prompts/66_p07-irregular-sprawled-posture-06.txt,394f29ec90c546f7b402168c8c491c705b84329b5edde1d907e9eafa42a8a65d,PASS
67_p07-irregular-sprawled-posture-07.png,/home/yanbo/下载/batches/batch_person-fallen-v2-camera1p5m/final/67_p07-irregular-sprawled-posture-07.png,6752cbcf9b14a772e8124d7d7e19378a6675f95622ac0a8153462f610a40bc30,1920,1080,67_p07-irregular-sprawled-posture-07.txt,/home/yanbo/下载/batches/batch_person-fallen-v2-camera1p5m/prompts/67_p07-irregular-sprawled-posture-07.txt,6ae6025d0ce34aa70e1dd7891b24af2b0afeadd52832473350398694d10c0cf4,PASS
68_p07-irregular-sprawled-posture-08.png,/home/yanbo/下载/batches/batch_person-fallen-v2-camera1p5m/final/68_p07-irregular-sprawled-posture-08.png,f0a0f5419bbb53b7663c9dd28db06adb77f0f0258eeb41fdd3b6d4514e76660e,1920,1080,68_p07-irregular-sprawled-posture-08.txt,/home/yanbo/下载/batches/batch_person-fallen-v2-camera1p5m/prompts/68_p07-irregular-sprawled-posture-08.txt,710a7155e15b1316c4f936e91e659ea2067a590f3adf0dd37bed45499dfa6418,PASS
69_p07-irregular-sprawled-posture-09.png,/home/yanbo/下载/batches/batch_person-fallen-v2-camera1p5m/final/69_p07-irregular-sprawled-posture-09.png,d8438107d83700364347ad3c26d071f64fe0431d0dcd4e5b8e60199876d4a51d,1920,1080,69_p07-irregular-sprawled-posture-09.txt,/home/yanbo/下载/batches/batch_person-fallen-v2-camera1p5m/prompts/69_p07-irregular-sprawled-posture-09.txt,743d9e79002eb2223f08cf06a0792f2f35d0438e67062d1ba5d7ae784979607f,PASS
70_p07-irregular-sprawled-posture-10.png,/home/yanbo/下载/batches/batch_person-fallen-v2-camera1p5m/final/70_p07-irregular-sprawled-posture-10.png,d3a538a2a1e5d2abca0f6117f64111daa0d2f3084088fe1bb7ff074b429806f2,1920,1080,70_p07-irregular-sprawled-posture-10.txt,/home/yanbo/下载/batches/batch_person-fallen-v2-camera1p5m/prompts/70_p07-irregular-sprawled-posture-10.txt,3d987dd0f1bd8b6fe8dc97cf56c35cfe38669486b61ae9985197947d4560ab80,PASS
71_p08-irregular-sprawled-posture-01.png,/home/yanbo/下载/batches/batch_person-fallen-v2-camera1p5m/final/71_p08-irregular-sprawled-posture-01.png,6329713947ec4d5b2cff88fe809abf4feb9e8d016de5890149a64527094f0b52,1920,1080,71_p08-irregular-sprawled-posture-01.txt,/home/yanbo/下载/batches/batch_person-fallen-v2-camera1p5m/prompts/71_p08-irregular-sprawled-posture-01.txt,6f5a125be1758951f3a84d1f467a9a24f66cd4d860df1af9f1d3a00ea5f7432e,PASS
72_p08-irregular-sprawled-posture-02.png,/home/yanbo/下载/batches/batch_person-fallen-v2-camera1p5m/final/72_p08-irregular-sprawled-posture-02.png,62eed352082d639f7ec1da9a08bf8f4fd2709e3f427db78c21f125784c557919,1920,1080,72_p08-irregular-sprawled-posture-02.txt,/home/yanbo/下载/batches/batch_person-fallen-v2-camera1p5m/prompts/72_p08-irregular-sprawled-posture-02.txt,1d4fa40403ed6b5f76a001212c24647dddb20e5fd7a58b020f59fe855f683cac,PASS
73_p08-irregular-sprawled-posture-03.png,/home/yanbo/下载/batches/batch_person-fallen-v2-camera1p5m/final/73_p08-irregular-sprawled-posture-03.png,6b30f078fd10835d53b923b3493e7405c7369707c233f93babed2ed9bce4d9a4,1920,1080,73_p08-irregular-sprawled-posture-03.txt,/home/yanbo/下载/batches/batch_person-fallen-v2-camera1p5m/prompts/73_p08-irregular-sprawled-posture-03.txt,9bb6833e3dd89bd4f58fbcaac58940ceb7833a5e960f4199fb90afc512a15c61,PASS
74_p08-irregular-sprawled-posture-04.png,/home/yanbo/下载/batches/batch_person-fallen-v2-camera1p5m/final/74_p08-irregular-sprawled-posture-04.png,5a679c20b46a78140a1723a94372f44733409706248382250009951f8c54c5af,1920,1080,74_p08-irregular-sprawled-posture-04.txt,/home/yanbo/下载/batches/batch_person-fallen-v2-camera1p5m/prompts/74_p08-irregular-sprawled-posture-04.txt,53dd431cc0cddda96d96a011be403d2e47e9ac20975d562bed48bfaa5494c22b,PASS
75_p08-irregular-sprawled-posture-05.png,/home/yanbo/下载/batches/batch_person-fallen-v2-camera1p5m/final/75_p08-irregular-sprawled-posture-05.png,5484e98bd9beb2564cdaa7f1895e38eca19d8ce2e1b14c9b4ca379bb63853c39,1920,1080,75_p08-irregular-sprawled-posture-05.txt,/home/yanbo/下载/batches/batch_person-fallen-v2-camera1p5m/prompts/75_p08-irregular-sprawled-posture-05.txt,14b8e599136463097cc6231f2cb04328086ea042712a88287c35f3f2e2f0db8c,PASS
76_p08-irregular-sprawled-posture-06.png,/home/yanbo/下载/batches/batch_person-fallen-v2-camera1p5m/final/76_p08-irregular-sprawled-posture-06.png,8d55ff9191c8345510d898d4ce7f4e102bc545da00a04d34b4348b44dbc30b49,1920,1080,76_p08-irregular-sprawled-posture-06.txt,/home/yanbo/下载/batches/batch_person-fallen-v2-camera1p5m/prompts/76_p08-irregular-sprawled-posture-06.txt,fd48ce30aafead0e92ae7af47c94e68defdba6591bdaa1c14a33293b8ff5181d,PASS
77_p08-irregular-sprawled-posture-07.png,/home/yanbo/下载/batches/batch_person-fallen-v2-camera1p5m/final/77_p08-irregular-sprawled-posture-07.png,68912e9f3ab5ff7d86ad8b23771f54ae9d1c88fec150a78a012c04b3c15edf4f,1920,1080,77_p08-irregular-sprawled-posture-07.txt,/home/yanbo/下载/batches/batch_person-fallen-v2-camera1p5m/prompts/77_p08-irregular-sprawled-posture-07.txt,5c7222dbd8add05c36c25d43648ccaeb7f3e889192046621921b9a3b80ac015f,PASS
78_p08-irregular-sprawled-posture-08.png,/home/yanbo/下载/batches/batch_person-fallen-v2-camera1p5m/final/78_p08-irregular-sprawled-posture-08.png,739161dbbfddb42ee17f17a670b0cdbc70de120b7796ccd7720ee8a9d1d8212d,1920,1080,78_p08-irregular-sprawled-posture-08.txt,/home/yanbo/下载/batches/batch_person-fallen-v2-camera1p5m/prompts/78_p08-irregular-sprawled-posture-08.txt,d6c1e737c3e8c572b618069ac904c46d22c9d8f543d46ef1cd110e59590196d9,PASS
79_p08-irregular-sprawled-posture-09.png,/home/yanbo/下载/batches/batch_person-fallen-v2-camera1p5m/final/79_p08-irregular-sprawled-posture-09.png,19d4936d216437d25279b52eb0280761729d18816227652dec371e24ae7ee99d,1920,1080,79_p08-irregular-sprawled-posture-09.txt,/home/yanbo/下载/batches/batch_person-fallen-v2-camera1p5m/prompts/79_p08-irregular-sprawled-posture-09.txt,af9eba4b961cee98fa7c5d198ca8430ac32e07a909eeee0304429966aa25a172,PASS
80_p08-irregular-sprawled-posture-10.png,/home/yanbo/下载/batches/batch_person-fallen-v2-camera1p5m/final/80_p08-irregular-sprawled-posture-10.png,6e124de18d12ec3eea5142bf50c80b334edefcd5d34dfc410ef75fd60405655c,1920,1080,80_p08-irregular-sprawled-posture-10.txt,/home/yanbo/下载/batches/batch_person-fallen-v2-camera1p5m/prompts/80_p08-irregular-sprawled-posture-10.txt,29c8cd101361292775bdd00b5c8ed8a577f803b3b12c72393032c813eace9956,PASS
81_p09-partially-occluded-fallen-person-01.png,/home/yanbo/下载/batches/batch_person-fallen-v2-camera1p5m/final/81_p09-partially-occluded-fallen-person-01.png,e62e16f8fb837016a69468b137086d3495628988ef8717a9c6b8d14eecc2e0e4,1920,1080,81_p09-partially-occluded-fallen-person-01.txt,/home/yanbo/下载/batches/batch_person-fallen-v2-camera1p5m/prompts/81_p09-partially-occluded-fallen-person-01.txt,1a714f3d53f449d577d79006273021a67cfdcb94cbd9fa089e7746330a720bae,PASS
82_p09-partially-occluded-fallen-person-02.png,/home/yanbo/下载/batches/batch_person-fallen-v2-camera1p5m/final/82_p09-partially-occluded-fallen-person-02.png,bbf1df2f25f5b2702af333b76b4a08995937d5989b427028174f4e7b126338d7,1920,1080,82_p09-partially-occluded-fallen-person-02.txt,/home/yanbo/下载/batches/batch_person-fallen-v2-camera1p5m/prompts/82_p09-partially-occluded-fallen-person-02.txt,8c520768452006acd1bc3fcbdf9978f06a127d56bb8a7d349a317d1611075578,PASS
83_p09-partially-occluded-fallen-person-03.png,/home/yanbo/下载/batches/batch_person-fallen-v2-camera1p5m/final/83_p09-partially-occluded-fallen-person-03.png,0f93f5393507cd1a609576151a94cf082b5e3633e185ce328026a5784947c561,1920,1080,83_p09-partially-occluded-fallen-person-03.txt,/home/yanbo/下载/batches/batch_person-fallen-v2-camera1p5m/prompts/83_p09-partially-occluded-fallen-person-03.txt,5a6cefdf7e64645e941821662a176b37538e313799f175c4a49be007fcf2f79d,PASS
84_p09-partially-occluded-fallen-person-04.png,/home/yanbo/下载/batches/batch_person-fallen-v2-camera1p5m/final/84_p09-partially-occluded-fallen-person-04.png,5c2f3bc886da280fa8217ae4bc973dd735037fad49ec0e1617b0cf9421be1d24,1920,1080,84_p09-partially-occluded-fallen-person-04.txt,/home/yanbo/下载/batches/batch_person-fallen-v2-camera1p5m/prompts/84_p09-partially-occluded-fallen-person-04.txt,3d3c73586e8cfe6199bf9ab09613861ab7288d1f4053ecba35db699641429286,PASS
85_p09-partially-occluded-fallen-person-05.png,/home/yanbo/下载/batches/batch_person-fallen-v2-camera1p5m/final/85_p09-partially-occluded-fallen-person-05.png,da621cc3e61d215a22c281bfb8d53cba5d73c234a7109c2f85b8ea76a3486037,1920,1080,85_p09-partially-occluded-fallen-person-05.txt,/home/yanbo/下载/batches/batch_person-fallen-v2-camera1p5m/prompts/85_p09-partially-occluded-fallen-person-05.txt,188178abe5c07956c821a84bd4afc855f7f3c4d06b43557aa98acb2cb502d56a,PASS
86_p09-partially-occluded-fallen-person-06.png,/home/yanbo/下载/batches/batch_person-fallen-v2-camera1p5m/final/86_p09-partially-occluded-fallen-person-06.png,145e156c1caf26aa510910deff6d1c00dd82d5a67a28768b11caca8386ced559,1920,1080,86_p09-partially-occluded-fallen-person-06.txt,/home/yanbo/下载/batches/batch_person-fallen-v2-camera1p5m/prompts/86_p09-partially-occluded-fallen-person-06.txt,27123f30e6ac5515748b1024499b1e1207e036b620e2ba7d909d9317ec9b2e3d,PASS
87_p09-partially-occluded-fallen-person-07.png,/home/yanbo/下载/batches/batch_person-fallen-v2-camera1p5m/final/87_p09-partially-occluded-fallen-person-07.png,4b0f60f00bb5d135540bb23d2cfa20481a1b0c9da02f09c5c7de0abe90f61761,1920,1080,87_p09-partially-occluded-fallen-person-07.txt,/home/yanbo/下载/batches/batch_person-fallen-v2-camera1p5m/prompts/87_p09-partially-occluded-fallen-person-07.txt,aeff42f7483a777706b09e337ffed693ec316c498ca954990a6999c17e1ee9f1,PASS
88_p09-partially-occluded-fallen-person-08.png,/home/yanbo/下载/batches/batch_person-fallen-v2-camera1p5m/final/88_p09-partially-occluded-fallen-person-08.png,f0119f65ad035e78e986a6e92519d01dbe2133459c902b93af98639fe24fcd1a,1920,1080,88_p09-partially-occluded-fallen-person-08.txt,/home/yanbo/下载/batches/batch_person-fallen-v2-camera1p5m/prompts/88_p09-partially-occluded-fallen-person-08.txt,56a3801c9a61d66d0d1c7a2663a9516248d08a47ae8e31501b2a32406c59c0b8,PASS
89_p09-partially-occluded-fallen-person-09.png,/home/yanbo/下载/batches/batch_person-fallen-v2-camera1p5m/final/89_p09-partially-occluded-fallen-person-09.png,c27370d0f1c4f96f05871e8134b8c33126330b4901a9172fcaa1034597aeb759,1920,1080,89_p09-partially-occluded-fallen-person-09.txt,/home/yanbo/下载/batches/batch_person-fallen-v2-camera1p5m/prompts/89_p09-partially-occluded-fallen-person-09.txt,a11fdc7b1bce100f6323fc44c9d9951954d9ad8169850a9f23c765f6d7540078,PASS
90_p09-partially-occluded-fallen-person-10.png,/home/yanbo/下载/batches/batch_person-fallen-v2-camera1p5m/final/90_p09-partially-occluded-fallen-person-10.png,05b1b4f1a63222037efc034cc5b772813078ba137841efc7d82be001cb5acf69,1920,1080,90_p09-partially-occluded-fallen-person-10.txt,/home/yanbo/下载/batches/batch_person-fallen-v2-camera1p5m/prompts/90_p09-partially-occluded-fallen-person-10.txt,87587c6be064b61d664f7ddb7a164150dbcf8309311cbcb17842dcd267aa5b83,PASS
91_p10-partially-occluded-fallen-person-01.png,/home/yanbo/下载/batches/batch_person-fallen-v2-camera1p5m/final/91_p10-partially-occluded-fallen-person-01.png,7f85564bcb6fd735166050f0605b6719600ab691613a1115ca3fe423ad1fbf60,1920,1080,91_p10-partially-occluded-fallen-person-01.txt,/home/yanbo/下载/batches/batch_person-fallen-v2-camera1p5m/prompts/91_p10-partially-occluded-fallen-person-01.txt,02565eb3337ce4abc34d975d642a4123a269ad9615b8051e22b72b3f41624e68,PASS
92_p10-partially-occluded-fallen-person-02.png,/home/yanbo/下载/batches/batch_person-fallen-v2-camera1p5m/final/92_p10-partially-occluded-fallen-person-02.png,967ed34a039e4037156c3a5aa25cb2a872e79cc7ad8cf5e588d2d12924e1d7d5,1920,1080,92_p10-partially-occluded-fallen-person-02.txt,/home/yanbo/下载/batches/batch_person-fallen-v2-camera1p5m/prompts/92_p10-partially-occluded-fallen-person-02.txt,9d7dfac59a57121f8281f189b3cc22147b41bd0ac568c20a867fd198fc9e682b,PASS
93_p10-partially-occluded-fallen-person-03.png,/home/yanbo/下载/batches/batch_person-fallen-v2-camera1p5m/final/93_p10-partially-occluded-fallen-person-03.png,4749ea15173ecae9b6e8419327d00422c0250884826afc7d0b550f3d1508a8ff,1920,1080,93_p10-partially-occluded-fallen-person-03.txt,/home/yanbo/下载/batches/batch_person-fallen-v2-camera1p5m/prompts/93_p10-partially-occluded-fallen-person-03.txt,53bcbe4e239885aa728f3bf30979b1a77e3925d3f0eaaf7afa0b0a922d632450,PASS
94_p10-partially-occluded-fallen-person-04.png,/home/yanbo/下载/batches/batch_person-fallen-v2-camera1p5m/final/94_p10-partially-occluded-fallen-person-04.png,2593e27c2a3553c972ec437b1d44c2ce43fb21de8b8a1465da02e70ccd9fb748,1920,1080,94_p10-partially-occluded-fallen-person-04.txt,/home/yanbo/下载/batches/batch_person-fallen-v2-camera1p5m/prompts/94_p10-partially-occluded-fallen-person-04.txt,a188aaa7a2819019c8cbe03321ab4fc2246fe71a949419a1eaba8ca921d5d6f2,PASS
95_p10-partially-occluded-fallen-person-05.png,/home/yanbo/下载/batches/batch_person-fallen-v2-camera1p5m/final/95_p10-partially-occluded-fallen-person-05.png,b6f296d8a7aa82b277c369a2b321956993c64ad3e6f4b3c7328294c2719d315e,1920,1080,95_p10-partially-occluded-fallen-person-05.txt,/home/yanbo/下载/batches/batch_person-fallen-v2-camera1p5m/prompts/95_p10-partially-occluded-fallen-person-05.txt,ffa99b3c60930507d36b003bfe78706c91a0e8c01926f80f15835de52ad31a43,PASS
96_p10-partially-occluded-fallen-person-06.png,/home/yanbo/下载/batches/batch_person-fallen-v2-camera1p5m/final/96_p10-partially-occluded-fallen-person-06.png,bb6ced4cdb8a21b8e00a65a3918e247e8f0fd101a11fdbf5d207a3b33a48cc57,1920,1080,96_p10-partially-occluded-fallen-person-06.txt,/home/yanbo/下载/batches/batch_person-fallen-v2-camera1p5m/prompts/96_p10-partially-occluded-fallen-person-06.txt,a89f4e81873c4c71efc3ca9ceeabd6d51ad0021acaec148c18186a342bfb6c50,PASS
97_p10-partially-occluded-fallen-person-07.png,/home/yanbo/下载/batches/batch_person-fallen-v2-camera1p5m/final/97_p10-partially-occluded-fallen-person-07.png,44636d1b9c57594ac54a1a4912e5cf63178ed66566510bbbf7fb5b1b1e874b88,1920,1080,97_p10-partially-occluded-fallen-person-07.txt,/home/yanbo/下载/batches/batch_person-fallen-v2-camera1p5m/prompts/97_p10-partially-occluded-fallen-person-07.txt,b1fa054d1939e57dc5796aa45f68243e10059bcdde75eddadf2555fdebf5d517,PASS
98_p10-partially-occluded-fallen-person-08.png,/home/yanbo/下载/batches/batch_person-fallen-v2-camera1p5m/final/98_p10-partially-occluded-fallen-person-08.png,ef5432742429ff4aa120057740cd5954ed171776f8c2317dbe744fcf296252d7,1920,1080,98_p10-partially-occluded-fallen-person-08.txt,/home/yanbo/下载/batches/batch_person-fallen-v2-camera1p5m/prompts/98_p10-partially-occluded-fallen-person-08.txt,95bfa73e59566105d3858e4d54b45f3d7fd56b03e0509439a0bec8c0454da9b5,PASS
99_p10-partially-occluded-fallen-person-09.png,/home/yanbo/下载/batches/batch_person-fallen-v2-camera1p5m/final/99_p10-partially-occluded-fallen-person-09.png,c1986b13f838a910c7e2958d9851f9d61140c6f9ef8011a98ce6454153f1c5e1,1920,1080,99_p10-partially-occluded-fallen-person-09.txt,/home/yanbo/下载/batches/batch_person-fallen-v2-camera1p5m/prompts/99_p10-partially-occluded-fallen-person-09.txt,d281002fb923f3baa78ad76516a65196d1c1d1187443bc0a0ee3bfce0b679d1b,PASS
