image_filename,scenario_id,group_id,prompt_group,event_label,sample_role,split,split_reason
01_p01-supine-on-floor-01.png,pf_v2_aigc_p01-supine-on-floor,pf_v2_aigc_p01-supine-on-floor,p01-supine-on-floor,1,positive,DEV,first deterministic role-group tranche
02_p01-supine-on-floor-02.png,pf_v2_aigc_p01-supine-on-floor,pf_v2_aigc_p01-supine-on-floor,p01-supine-on-floor,1,positive,DEV,first deterministic role-group tranche
03_p01-supine-on-floor-03.png,pf_v2_aigc_p01-supine-on-floor,pf_v2_aigc_p01-supine-on-floor,p01-supine-on-floor,1,positive,DEV,first deterministic role-group tranche
04_p01-supine-on-floor-04.png,pf_v2_aigc_p01-supine-on-floor,pf_v2_aigc_p01-supine-on-floor,p01-supine-on-floor,1,positive,DEV,first deterministic role-group tranche
05_p01-supine-on-floor-05.png,pf_v2_aigc_p01-supine-on-floor,pf_v2_aigc_p01-supine-on-floor,p01-supine-on-floor,1,positive,DEV,first deterministic role-group tranche
06_p01-supine-on-floor-06.png,pf_v2_aigc_p01-supine-on-floor,pf_v2_aigc_p01-supine-on-floor,p01-supine-on-floor,1,positive,DEV,first deterministic role-group tranche
07_p01-supine-on-floor-07.png,pf_v2_aigc_p01-supine-on-floor,pf_v2_aigc_p01-supine-on-floor,p01-supine-on-floor,1,positive,DEV,first deterministic role-group tranche
08_p01-supine-on-floor-08.png,pf_v2_aigc_p01-supine-on-floor,pf_v2_aigc_p01-supine-on-floor,p01-supine-on-floor,1,positive,DEV,first deterministic role-group tranche
09_p01-supine-on-floor-09.png,pf_v2_aigc_p01-supine-on-floor,pf_v2_aigc_p01-supine-on-floor,p01-supine-on-floor,1,positive,DEV,first deterministic role-group tranche
100_p10-partially-occluded-fallen-person-10.png,pf_v2_aigc_p10-partially-occluded-fallen-person,pf_v2_aigc_p10-partially-occluded-fallen-person,p10-partially-occluded-fallen-person,1,positive,DEV,first deterministic role-group tranche
101_p11-small-target-far-distance-01.png,pf_v2_aigc_p11-small-target-far-distance,pf_v2_aigc_p11-small-target-far-distance,p11-small-target-far-distance,1,positive,DEV,first deterministic role-group tranche
102_p11-small-target-far-distance-02.png,pf_v2_aigc_p11-small-target-far-distance,pf_v2_aigc_p11-small-target-far-distance,p11-small-target-far-distance,1,positive,DEV,first deterministic role-group tranche
103_p11-small-target-far-distance-03.png,pf_v2_aigc_p11-small-target-far-distance,pf_v2_aigc_p11-small-target-far-distance,p11-small-target-far-distance,1,positive,DEV,first deterministic role-group tranche
104_p11-small-target-far-distance-04.png,pf_v2_aigc_p11-small-target-far-distance,pf_v2_aigc_p11-small-target-far-distance,p11-small-target-far-distance,1,positive,DEV,first deterministic role-group tranche
105_p11-small-target-far-distance-05.png,pf_v2_aigc_p11-small-target-far-distance,pf_v2_aigc_p11-small-target-far-distance,p11-small-target-far-distance,1,positive,DEV,first deterministic role-group tranche
106_p11-small-target-far-distance-06.png,pf_v2_aigc_p11-small-target-far-distance,pf_v2_aigc_p11-small-target-far-distance,p11-small-target-far-distance,1,positive,DEV,first deterministic role-group tranche
107_p11-small-target-far-distance-07.png,pf_v2_aigc_p11-small-target-far-distance,pf_v2_aigc_p11-small-target-far-distance,p11-small-target-far-distance,1,positive,DEV,first deterministic role-group tranche
108_p11-small-target-far-distance-08.png,pf_v2_aigc_p11-small-target-far-distance,pf_v2_aigc_p11-small-target-far-distance,p11-small-target-far-distance,1,positive,DEV,first deterministic role-group tranche
109_p11-small-target-far-distance-09.png,pf_v2_aigc_p11-small-target-far-distance,pf_v2_aigc_p11-small-target-far-distance,p11-small-target-far-distance,1,positive,DEV,first deterministic role-group tranche
10_p01-supine-on-floor-10.png,pf_v2_aigc_p01-supine-on-floor,pf_v2_aigc_p01-supine-on-floor,p01-supine-on-floor,1,positive,DEV,first deterministic role-group tranche
110_p11-small-target-far-distance-10.png,pf_v2_aigc_p11-small-target-far-distance,pf_v2_aigc_p11-small-target-far-distance,p11-small-target-far-distance,1,positive,DEV,first deterministic role-group tranche
111_p12-small-target-far-distance-01.png,pf_v2_aigc_p12-small-target-far-distance,pf_v2_aigc_p12-small-target-far-distance,p12-small-target-far-distance,1,positive,DEV,first deterministic role-group tranche
112_p12-small-target-far-distance-02.png,pf_v2_aigc_p12-small-target-far-distance,pf_v2_aigc_p12-small-target-far-distance,p12-small-target-far-distance,1,positive,DEV,first deterministic role-group tranche
113_p12-small-target-far-distance-03.png,pf_v2_aigc_p12-small-target-far-distance,pf_v2_aigc_p12-small-target-far-distance,p12-small-target-far-distance,1,positive,DEV,first deterministic role-group tranche
114_p12-small-target-far-distance-04.png,pf_v2_aigc_p12-small-target-far-distance,pf_v2_aigc_p12-small-target-far-distance,p12-small-target-far-distance,1,positive,DEV,first deterministic role-group tranche
115_p12-small-target-far-distance-05.png,pf_v2_aigc_p12-small-target-far-distance,pf_v2_aigc_p12-small-target-far-distance,p12-small-target-far-distance,1,positive,DEV,first deterministic role-group tranche
116_p12-small-target-far-distance-06.png,pf_v2_aigc_p12-small-target-far-distance,pf_v2_aigc_p12-small-target-far-distance,p12-small-target-far-distance,1,positive,DEV,first deterministic role-group tranche
117_p12-small-target-far-distance-07.png,pf_v2_aigc_p12-small-target-far-distance,pf_v2_aigc_p12-small-target-far-distance,p12-small-target-far-distance,1,positive,DEV,first deterministic role-group tranche
118_p12-small-target-far-distance-08.png,pf_v2_aigc_p12-small-target-far-distance,pf_v2_aigc_p12-small-target-far-distance,p12-small-target-far-distance,1,positive,DEV,first deterministic role-group tranche
119_p12-small-target-far-distance-09.png,pf_v2_aigc_p12-small-target-far-distance,pf_v2_aigc_p12-small-target-far-distance,p12-small-target-far-distance,1,positive,DEV,first deterministic role-group tranche
11_p02-supine-on-floor-01.png,pf_v2_aigc_p02-supine-on-floor,pf_v2_aigc_p02-supine-on-floor,p02-supine-on-floor,1,positive,DEV,first deterministic role-group tranche
120_p12-small-target-far-distance-10.png,pf_v2_aigc_p12-small-target-far-distance,pf_v2_aigc_p12-small-target-far-distance,p12-small-target-far-distance,1,positive,DEV,first deterministic role-group tranche
121_p13-multi-person-scene-with-one-lying-person-01.png,pf_v2_aigc_p13-multi-person-scene-with-one-lying-person,pf_v2_aigc_p13-multi-person-scene-with-one-lying-person,p13-multi-person-scene-with-one-lying-person,1,positive,VAL,second deterministic role-group tranche
122_p13-multi-person-scene-with-one-lying-person-02.png,pf_v2_aigc_p13-multi-person-scene-with-one-lying-person,pf_v2_aigc_p13-multi-person-scene-with-one-lying-person,p13-multi-person-scene-with-one-lying-person,1,positive,VAL,second deterministic role-group tranche
123_p13-multi-person-scene-with-one-lying-person-03.png,pf_v2_aigc_p13-multi-person-scene-with-one-lying-person,pf_v2_aigc_p13-multi-person-scene-with-one-lying-person,p13-multi-person-scene-with-one-lying-person,1,positive,VAL,second deterministic role-group tranche
124_p13-multi-person-scene-with-one-lying-person-04.png,pf_v2_aigc_p13-multi-person-scene-with-one-lying-person,pf_v2_aigc_p13-multi-person-scene-with-one-lying-person,p13-multi-person-scene-with-one-lying-person,1,positive,VAL,second deterministic role-group tranche
125_p13-multi-person-scene-with-one-lying-person-05.png,pf_v2_aigc_p13-multi-person-scene-with-one-lying-person,pf_v2_aigc_p13-multi-person-scene-with-one-lying-person,p13-multi-person-scene-with-one-lying-person,1,positive,VAL,second deterministic role-group tranche
126_p13-multi-person-scene-with-one-lying-person-06.png,pf_v2_aigc_p13-multi-person-scene-with-one-lying-person,pf_v2_aigc_p13-multi-person-scene-with-one-lying-person,p13-multi-person-scene-with-one-lying-person,1,positive,VAL,second deterministic role-group tranche
127_p13-multi-person-scene-with-one-lying-person-07.png,pf_v2_aigc_p13-multi-person-scene-with-one-lying-person,pf_v2_aigc_p13-multi-person-scene-with-one-lying-person,p13-multi-person-scene-with-one-lying-person,1,positive,VAL,second deterministic role-group tranche
128_p13-multi-person-scene-with-one-lying-person-08.png,pf_v2_aigc_p13-multi-person-scene-with-one-lying-person,pf_v2_aigc_p13-multi-person-scene-with-one-lying-person,p13-multi-person-scene-with-one-lying-person,1,positive,VAL,second deterministic role-group tranche
129_p13-multi-person-scene-with-one-lying-person-09.png,pf_v2_aigc_p13-multi-person-scene-with-one-lying-person,pf_v2_aigc_p13-multi-person-scene-with-one-lying-person,p13-multi-person-scene-with-one-lying-person,1,positive,VAL,second deterministic role-group tranche
12_p02-supine-on-floor-02.png,pf_v2_aigc_p02-supine-on-floor,pf_v2_aigc_p02-supine-on-floor,p02-supine-on-floor,1,positive,DEV,first deterministic role-group tranche
130_p13-multi-person-scene-with-one-lying-person-10.png,pf_v2_aigc_p13-multi-person-scene-with-one-lying-person,pf_v2_aigc_p13-multi-person-scene-with-one-lying-person,p13-multi-person-scene-with-one-lying-person,1,positive,VAL,second deterministic role-group tranche
131_p14-multi-person-scene-with-one-lying-person-01.png,pf_v2_aigc_p14-multi-person-scene-with-one-lying-person,pf_v2_aigc_p14-multi-person-scene-with-one-lying-person,p14-multi-person-scene-with-one-lying-person,1,positive,VAL,second deterministic role-group tranche
132_p14-multi-person-scene-with-one-lying-person-02.png,pf_v2_aigc_p14-multi-person-scene-with-one-lying-person,pf_v2_aigc_p14-multi-person-scene-with-one-lying-person,p14-multi-person-scene-with-one-lying-person,1,positive,VAL,second deterministic role-group tranche
133_p14-multi-person-scene-with-one-lying-person-03.png,pf_v2_aigc_p14-multi-person-scene-with-one-lying-person,pf_v2_aigc_p14-multi-person-scene-with-one-lying-person,p14-multi-person-scene-with-one-lying-person,1,positive,VAL,second deterministic role-group tranche
134_p14-multi-person-scene-with-one-lying-person-04.png,pf_v2_aigc_p14-multi-person-scene-with-one-lying-person,pf_v2_aigc_p14-multi-person-scene-with-one-lying-person,p14-multi-person-scene-with-one-lying-person,1,positive,VAL,second deterministic role-group tranche
135_p14-multi-person-scene-with-one-lying-person-05.png,pf_v2_aigc_p14-multi-person-scene-with-one-lying-person,pf_v2_aigc_p14-multi-person-scene-with-one-lying-person,p14-multi-person-scene-with-one-lying-person,1,positive,VAL,second deterministic role-group tranche
136_p14-multi-person-scene-with-one-lying-person-06.png,pf_v2_aigc_p14-multi-person-scene-with-one-lying-person,pf_v2_aigc_p14-multi-person-scene-with-one-lying-person,p14-multi-person-scene-with-one-lying-person,1,positive,VAL,second deterministic role-group tranche
137_p14-multi-person-scene-with-one-lying-person-07.png,pf_v2_aigc_p14-multi-person-scene-with-one-lying-person,pf_v2_aigc_p14-multi-person-scene-with-one-lying-person,p14-multi-person-scene-with-one-lying-person,1,positive,VAL,second deterministic role-group tranche
138_p14-multi-person-scene-with-one-lying-person-08.png,pf_v2_aigc_p14-multi-person-scene-with-one-lying-person,pf_v2_aigc_p14-multi-person-scene-with-one-lying-person,p14-multi-person-scene-with-one-lying-person,1,positive,VAL,second deterministic role-group tranche
139_p14-multi-person-scene-with-one-lying-person-09.png,pf_v2_aigc_p14-multi-person-scene-with-one-lying-person,pf_v2_aigc_p14-multi-person-scene-with-one-lying-person,p14-multi-person-scene-with-one-lying-person,1,positive,VAL,second deterministic role-group tranche
13_p02-supine-on-floor-03.png,pf_v2_aigc_p02-supine-on-floor,pf_v2_aigc_p02-supine-on-floor,p02-supine-on-floor,1,positive,DEV,first deterministic role-group tranche
140_p14-multi-person-scene-with-one-lying-person-10.png,pf_v2_aigc_p14-multi-person-scene-with-one-lying-person,pf_v2_aigc_p14-multi-person-scene-with-one-lying-person,p14-multi-person-scene-with-one-lying-person,1,positive,VAL,second deterministic role-group tranche
141_p15-low-light-shadow-mild-blur-01.png,pf_v2_aigc_p15-low-light-shadow-mild-blur,pf_v2_aigc_p15-low-light-shadow-mild-blur,p15-low-light-shadow-mild-blur,1,positive,VAL,second deterministic role-group tranche
142_p15-low-light-shadow-mild-blur-02.png,pf_v2_aigc_p15-low-light-shadow-mild-blur,pf_v2_aigc_p15-low-light-shadow-mild-blur,p15-low-light-shadow-mild-blur,1,positive,VAL,second deterministic role-group tranche
143_p15-low-light-shadow-mild-blur-03.png,pf_v2_aigc_p15-low-light-shadow-mild-blur,pf_v2_aigc_p15-low-light-shadow-mild-blur,p15-low-light-shadow-mild-blur,1,positive,VAL,second deterministic role-group tranche
144_p15-low-light-shadow-mild-blur-04.png,pf_v2_aigc_p15-low-light-shadow-mild-blur,pf_v2_aigc_p15-low-light-shadow-mild-blur,p15-low-light-shadow-mild-blur,1,positive,VAL,second deterministic role-group tranche
145_p15-low-light-shadow-mild-blur-05.png,pf_v2_aigc_p15-low-light-shadow-mild-blur,pf_v2_aigc_p15-low-light-shadow-mild-blur,p15-low-light-shadow-mild-blur,1,positive,VAL,second deterministic role-group tranche
146_p15-low-light-shadow-mild-blur-06.png,pf_v2_aigc_p15-low-light-shadow-mild-blur,pf_v2_aigc_p15-low-light-shadow-mild-blur,p15-low-light-shadow-mild-blur,1,positive,VAL,second deterministic role-group tranche
147_p15-low-light-shadow-mild-blur-07.png,pf_v2_aigc_p15-low-light-shadow-mild-blur,pf_v2_aigc_p15-low-light-shadow-mild-blur,p15-low-light-shadow-mild-blur,1,positive,VAL,second deterministic role-group tranche
148_p15-low-light-shadow-mild-blur-08.png,pf_v2_aigc_p15-low-light-shadow-mild-blur,pf_v2_aigc_p15-low-light-shadow-mild-blur,p15-low-light-shadow-mild-blur,1,positive,VAL,second deterministic role-group tranche
149_p15-low-light-shadow-mild-blur-09.png,pf_v2_aigc_p15-low-light-shadow-mild-blur,pf_v2_aigc_p15-low-light-shadow-mild-blur,p15-low-light-shadow-mild-blur,1,positive,VAL,second deterministic role-group tranche
14_p02-supine-on-floor-04.png,pf_v2_aigc_p02-supine-on-floor,pf_v2_aigc_p02-supine-on-floor,p02-supine-on-floor,1,positive,DEV,first deterministic role-group tranche
150_p15-low-light-shadow-mild-blur-10.png,pf_v2_aigc_p15-low-light-shadow-mild-blur,pf_v2_aigc_p15-low-light-shadow-mild-blur,p15-low-light-shadow-mild-blur,1,positive,VAL,second deterministic role-group tranche
151_p16-low-light-shadow-mild-blur-01.png,pf_v2_aigc_p16-low-light-shadow-mild-blur,pf_v2_aigc_p16-low-light-shadow-mild-blur,p16-low-light-shadow-mild-blur,1,positive,VAL,second deterministic role-group tranche
152_p16-low-light-shadow-mild-blur-02.png,pf_v2_aigc_p16-low-light-shadow-mild-blur,pf_v2_aigc_p16-low-light-shadow-mild-blur,p16-low-light-shadow-mild-blur,1,positive,VAL,second deterministic role-group tranche
153_p16-low-light-shadow-mild-blur-03.png,pf_v2_aigc_p16-low-light-shadow-mild-blur,pf_v2_aigc_p16-low-light-shadow-mild-blur,p16-low-light-shadow-mild-blur,1,positive,VAL,second deterministic role-group tranche
154_p16-low-light-shadow-mild-blur-04.png,pf_v2_aigc_p16-low-light-shadow-mild-blur,pf_v2_aigc_p16-low-light-shadow-mild-blur,p16-low-light-shadow-mild-blur,1,positive,VAL,second deterministic role-group tranche
155_p16-low-light-shadow-mild-blur-05.png,pf_v2_aigc_p16-low-light-shadow-mild-blur,pf_v2_aigc_p16-low-light-shadow-mild-blur,p16-low-light-shadow-mild-blur,1,positive,VAL,second deterministic role-group tranche
156_p16-low-light-shadow-mild-blur-06.png,pf_v2_aigc_p16-low-light-shadow-mild-blur,pf_v2_aigc_p16-low-light-shadow-mild-blur,p16-low-light-shadow-mild-blur,1,positive,VAL,second deterministic role-group tranche
157_p16-low-light-shadow-mild-blur-07.png,pf_v2_aigc_p16-low-light-shadow-mild-blur,pf_v2_aigc_p16-low-light-shadow-mild-blur,p16-low-light-shadow-mild-blur,1,positive,VAL,second deterministic role-group tranche
158_p16-low-light-shadow-mild-blur-08.png,pf_v2_aigc_p16-low-light-shadow-mild-blur,pf_v2_aigc_p16-low-light-shadow-mild-blur,p16-low-light-shadow-mild-blur,1,positive,VAL,second deterministic role-group tranche
159_p16-low-light-shadow-mild-blur-09.png,pf_v2_aigc_p16-low-light-shadow-mild-blur,pf_v2_aigc_p16-low-light-shadow-mild-blur,p16-low-light-shadow-mild-blur,1,positive,VAL,second deterministic role-group tranche
15_p02-supine-on-floor-05.png,pf_v2_aigc_p02-supine-on-floor,pf_v2_aigc_p02-supine-on-floor,p02-supine-on-floor,1,positive,DEV,first deterministic role-group tranche
160_p16-low-light-shadow-mild-blur-10.png,pf_v2_aigc_p16-low-light-shadow-mild-blur,pf_v2_aigc_p16-low-light-shadow-mild-blur,p16-low-light-shadow-mild-blur,1,positive,VAL,second deterministic role-group tranche
161_p17-abnormal-support-surface-01.png,pf_v2_aigc_p17-abnormal-support-surface,pf_v2_aigc_p17-abnormal-support-surface,p17-abnormal-support-surface,1,positive,HOLDOUT,sealed remaining role-group tranche
162_p17-abnormal-support-surface-02.png,pf_v2_aigc_p17-abnormal-support-surface,pf_v2_aigc_p17-abnormal-support-surface,p17-abnormal-support-surface,1,positive,HOLDOUT,sealed remaining role-group tranche
163_p17-abnormal-support-surface-03.png,pf_v2_aigc_p17-abnormal-support-surface,pf_v2_aigc_p17-abnormal-support-surface,p17-abnormal-support-surface,1,positive,HOLDOUT,sealed remaining role-group tranche
164_p17-abnormal-support-surface-04.png,pf_v2_aigc_p17-abnormal-support-surface,pf_v2_aigc_p17-abnormal-support-surface,p17-abnormal-support-surface,1,positive,HOLDOUT,sealed remaining role-group tranche
165_p17-abnormal-support-surface-05.png,pf_v2_aigc_p17-abnormal-support-surface,pf_v2_aigc_p17-abnormal-support-surface,p17-abnormal-support-surface,1,positive,HOLDOUT,sealed remaining role-group tranche
166_p17-abnormal-support-surface-06.png,pf_v2_aigc_p17-abnormal-support-surface,pf_v2_aigc_p17-abnormal-support-surface,p17-abnormal-support-surface,1,positive,HOLDOUT,sealed remaining role-group tranche
167_p17-abnormal-support-surface-07.png,pf_v2_aigc_p17-abnormal-support-surface,pf_v2_aigc_p17-abnormal-support-surface,p17-abnormal-support-surface,1,positive,HOLDOUT,sealed remaining role-group tranche
168_p17-abnormal-support-surface-08.png,pf_v2_aigc_p17-abnormal-support-surface,pf_v2_aigc_p17-abnormal-support-surface,p17-abnormal-support-surface,1,positive,HOLDOUT,sealed remaining role-group tranche
169_p17-abnormal-support-surface-09.png,pf_v2_aigc_p17-abnormal-support-surface,pf_v2_aigc_p17-abnormal-support-surface,p17-abnormal-support-surface,1,positive,HOLDOUT,sealed remaining role-group tranche
16_p02-supine-on-floor-06.png,pf_v2_aigc_p02-supine-on-floor,pf_v2_aigc_p02-supine-on-floor,p02-supine-on-floor,1,positive,DEV,first deterministic role-group tranche
170_p17-abnormal-support-surface-10.png,pf_v2_aigc_p17-abnormal-support-surface,pf_v2_aigc_p17-abnormal-support-surface,p17-abnormal-support-surface,1,positive,HOLDOUT,sealed remaining role-group tranche
171_p18-abnormal-support-surface-01.png,pf_v2_aigc_p18-abnormal-support-surface,pf_v2_aigc_p18-abnormal-support-surface,p18-abnormal-support-surface,1,positive,HOLDOUT,sealed remaining role-group tranche
172_p18-abnormal-support-surface-02.png,pf_v2_aigc_p18-abnormal-support-surface,pf_v2_aigc_p18-abnormal-support-surface,p18-abnormal-support-surface,1,positive,HOLDOUT,sealed remaining role-group tranche
173_p18-abnormal-support-surface-03.png,pf_v2_aigc_p18-abnormal-support-surface,pf_v2_aigc_p18-abnormal-support-surface,p18-abnormal-support-surface,1,positive,HOLDOUT,sealed remaining role-group tranche
174_p18-abnormal-support-surface-04.png,pf_v2_aigc_p18-abnormal-support-surface,pf_v2_aigc_p18-abnormal-support-surface,p18-abnormal-support-surface,1,positive,HOLDOUT,sealed remaining role-group tranche
175_p18-abnormal-support-surface-05.png,pf_v2_aigc_p18-abnormal-support-surface,pf_v2_aigc_p18-abnormal-support-surface,p18-abnormal-support-surface,1,positive,HOLDOUT,sealed remaining role-group tranche
176_p18-abnormal-support-surface-06.png,pf_v2_aigc_p18-abnormal-support-surface,pf_v2_aigc_p18-abnormal-support-surface,p18-abnormal-support-surface,1,positive,HOLDOUT,sealed remaining role-group tranche
177_p18-abnormal-support-surface-07.png,pf_v2_aigc_p18-abnormal-support-surface,pf_v2_aigc_p18-abnormal-support-surface,p18-abnormal-support-surface,1,positive,HOLDOUT,sealed remaining role-group tranche
178_p18-abnormal-support-surface-08.png,pf_v2_aigc_p18-abnormal-support-surface,pf_v2_aigc_p18-abnormal-support-surface,p18-abnormal-support-surface,1,positive,HOLDOUT,sealed remaining role-group tranche
179_p18-abnormal-support-surface-09.png,pf_v2_aigc_p18-abnormal-support-surface,pf_v2_aigc_p18-abnormal-support-surface,p18-abnormal-support-surface,1,positive,HOLDOUT,sealed remaining role-group tranche
17_p02-supine-on-floor-07.png,pf_v2_aigc_p02-supine-on-floor,pf_v2_aigc_p02-supine-on-floor,p02-supine-on-floor,1,positive,DEV,first deterministic role-group tranche
180_p18-abnormal-support-surface-10.png,pf_v2_aigc_p18-abnormal-support-surface,pf_v2_aigc_p18-abnormal-support-surface,p18-abnormal-support-surface,1,positive,HOLDOUT,sealed remaining role-group tranche
181_p19-active-voluntary-lying-on-ground-01.png,pf_v2_aigc_p19-active-voluntary-lying-on-ground,pf_v2_aigc_p19-active-voluntary-lying-on-ground,p19-active-voluntary-lying-on-ground,1,positive,HOLDOUT,sealed remaining role-group tranche
182_p19-active-voluntary-lying-on-ground-02.png,pf_v2_aigc_p19-active-voluntary-lying-on-ground,pf_v2_aigc_p19-active-voluntary-lying-on-ground,p19-active-voluntary-lying-on-ground,1,positive,HOLDOUT,sealed remaining role-group tranche
183_p19-active-voluntary-lying-on-ground-03.png,pf_v2_aigc_p19-active-voluntary-lying-on-ground,pf_v2_aigc_p19-active-voluntary-lying-on-ground,p19-active-voluntary-lying-on-ground,1,positive,HOLDOUT,sealed remaining role-group tranche
184_p19-active-voluntary-lying-on-ground-04.png,pf_v2_aigc_p19-active-voluntary-lying-on-ground,pf_v2_aigc_p19-active-voluntary-lying-on-ground,p19-active-voluntary-lying-on-ground,1,positive,HOLDOUT,sealed remaining role-group tranche
185_p19-active-voluntary-lying-on-ground-05.png,pf_v2_aigc_p19-active-voluntary-lying-on-ground,pf_v2_aigc_p19-active-voluntary-lying-on-ground,p19-active-voluntary-lying-on-ground,1,positive,HOLDOUT,sealed remaining role-group tranche
186_p19-active-voluntary-lying-on-ground-06.png,pf_v2_aigc_p19-active-voluntary-lying-on-ground,pf_v2_aigc_p19-active-voluntary-lying-on-ground,p19-active-voluntary-lying-on-ground,1,positive,HOLDOUT,sealed remaining role-group tranche
187_p19-active-voluntary-lying-on-ground-07.png,pf_v2_aigc_p19-active-voluntary-lying-on-ground,pf_v2_aigc_p19-active-voluntary-lying-on-ground,p19-active-voluntary-lying-on-ground,1,positive,HOLDOUT,sealed remaining role-group tranche
188_p19-active-voluntary-lying-on-ground-08.png,pf_v2_aigc_p19-active-voluntary-lying-on-ground,pf_v2_aigc_p19-active-voluntary-lying-on-ground,p19-active-voluntary-lying-on-ground,1,positive,HOLDOUT,sealed remaining role-group tranche
189_p19-active-voluntary-lying-on-ground-09.png,pf_v2_aigc_p19-active-voluntary-lying-on-ground,pf_v2_aigc_p19-active-voluntary-lying-on-ground,p19-active-voluntary-lying-on-ground,1,positive,HOLDOUT,sealed remaining role-group tranche
18_p02-supine-on-floor-08.png,pf_v2_aigc_p02-supine-on-floor,pf_v2_aigc_p02-supine-on-floor,p02-supine-on-floor,1,positive,DEV,first deterministic role-group tranche
190_p19-active-voluntary-lying-on-ground-10.png,pf_v2_aigc_p19-active-voluntary-lying-on-ground,pf_v2_aigc_p19-active-voluntary-lying-on-ground,p19-active-voluntary-lying-on-ground,1,positive,HOLDOUT,sealed remaining role-group tranche
191_p20-static-lying-on-ground-01.png,pf_v2_aigc_p20-static-lying-on-ground,pf_v2_aigc_p20-static-lying-on-ground,p20-static-lying-on-ground,1,positive,HOLDOUT,sealed remaining role-group tranche
192_p20-static-lying-on-ground-02.png,pf_v2_aigc_p20-static-lying-on-ground,pf_v2_aigc_p20-static-lying-on-ground,p20-static-lying-on-ground,1,positive,HOLDOUT,sealed remaining role-group tranche
193_p20-static-lying-on-ground-03.png,pf_v2_aigc_p20-static-lying-on-ground,pf_v2_aigc_p20-static-lying-on-ground,p20-static-lying-on-ground,1,positive,HOLDOUT,sealed remaining role-group tranche
194_p20-static-lying-on-ground-04.png,pf_v2_aigc_p20-static-lying-on-ground,pf_v2_aigc_p20-static-lying-on-ground,p20-static-lying-on-ground,1,positive,HOLDOUT,sealed remaining role-group tranche
195_p20-static-lying-on-ground-05.png,pf_v2_aigc_p20-static-lying-on-ground,pf_v2_aigc_p20-static-lying-on-ground,p20-static-lying-on-ground,1,positive,HOLDOUT,sealed remaining role-group tranche
196_p20-static-lying-on-ground-06.png,pf_v2_aigc_p20-static-lying-on-ground,pf_v2_aigc_p20-static-lying-on-ground,p20-static-lying-on-ground,1,positive,HOLDOUT,sealed remaining role-group tranche
197_p20-static-lying-on-ground-07.png,pf_v2_aigc_p20-static-lying-on-ground,pf_v2_aigc_p20-static-lying-on-ground,p20-static-lying-on-ground,1,positive,HOLDOUT,sealed remaining role-group tranche
198_p20-static-lying-on-ground-08.png,pf_v2_aigc_p20-static-lying-on-ground,pf_v2_aigc_p20-static-lying-on-ground,p20-static-lying-on-ground,1,positive,HOLDOUT,sealed remaining role-group tranche
199_p20-static-lying-on-ground-09.png,pf_v2_aigc_p20-static-lying-on-ground,pf_v2_aigc_p20-static-lying-on-ground,p20-static-lying-on-ground,1,positive,HOLDOUT,sealed remaining role-group tranche
19_p02-supine-on-floor-09.png,pf_v2_aigc_p02-supine-on-floor,pf_v2_aigc_p02-supine-on-floor,p02-supine-on-floor,1,positive,DEV,first deterministic role-group tranche
200_p20-static-lying-on-ground-10.png,pf_v2_aigc_p20-static-lying-on-ground,pf_v2_aigc_p20-static-lying-on-ground,p20-static-lying-on-ground,1,positive,HOLDOUT,sealed remaining role-group tranche
201_n01-normal-standing-01.png,pf_v2_aigc_n01-normal-standing,pf_v2_aigc_n01-normal-standing,n01-normal-standing,0,negative,DEV,first deterministic role-group tranche
202_n01-normal-standing-02.png,pf_v2_aigc_n01-normal-standing,pf_v2_aigc_n01-normal-standing,n01-normal-standing,0,negative,DEV,first deterministic role-group tranche
203_n01-normal-standing-03.png,pf_v2_aigc_n01-normal-standing,pf_v2_aigc_n01-normal-standing,n01-normal-standing,0,negative,DEV,first deterministic role-group tranche
204_n01-normal-standing-04.png,pf_v2_aigc_n01-normal-standing,pf_v2_aigc_n01-normal-standing,n01-normal-standing,0,negative,DEV,first deterministic role-group tranche
205_n01-normal-standing-05.png,pf_v2_aigc_n01-normal-standing,pf_v2_aigc_n01-normal-standing,n01-normal-standing,0,negative,DEV,first deterministic role-group tranche
206_n01-normal-standing-06.png,pf_v2_aigc_n01-normal-standing,pf_v2_aigc_n01-normal-standing,n01-normal-standing,0,negative,DEV,first deterministic role-group tranche
207_n01-normal-standing-07.png,pf_v2_aigc_n01-normal-standing,pf_v2_aigc_n01-normal-standing,n01-normal-standing,0,negative,DEV,first deterministic role-group tranche
208_n01-normal-standing-08.png,pf_v2_aigc_n01-normal-standing,pf_v2_aigc_n01-normal-standing,n01-normal-standing,0,negative,DEV,first deterministic role-group tranche
209_n01-normal-standing-09.png,pf_v2_aigc_n01-normal-standing,pf_v2_aigc_n01-normal-standing,n01-normal-standing,0,negative,DEV,first deterministic role-group tranche
20_p02-supine-on-floor-10.png,pf_v2_aigc_p02-supine-on-floor,pf_v2_aigc_p02-supine-on-floor,p02-supine-on-floor,1,positive,DEV,first deterministic role-group tranche
210_n01-normal-standing-10.png,pf_v2_aigc_n01-normal-standing,pf_v2_aigc_n01-normal-standing,n01-normal-standing,0,negative,DEV,first deterministic role-group tranche
211_n02-normal-walking-01.png,pf_v2_aigc_n02-normal-walking,pf_v2_aigc_n02-normal-walking,n02-normal-walking,0,negative,DEV,first deterministic role-group tranche
212_n02-normal-walking-02.png,pf_v2_aigc_n02-normal-walking,pf_v2_aigc_n02-normal-walking,n02-normal-walking,0,negative,DEV,first deterministic role-group tranche
213_n02-normal-walking-03.png,pf_v2_aigc_n02-normal-walking,pf_v2_aigc_n02-normal-walking,n02-normal-walking,0,negative,DEV,first deterministic role-group tranche
214_n02-normal-walking-04.png,pf_v2_aigc_n02-normal-walking,pf_v2_aigc_n02-normal-walking,n02-normal-walking,0,negative,DEV,first deterministic role-group tranche
215_n02-normal-walking-05.png,pf_v2_aigc_n02-normal-walking,pf_v2_aigc_n02-normal-walking,n02-normal-walking,0,negative,DEV,first deterministic role-group tranche
216_n02-normal-walking-06.png,pf_v2_aigc_n02-normal-walking,pf_v2_aigc_n02-normal-walking,n02-normal-walking,0,negative,DEV,first deterministic role-group tranche
217_n02-normal-walking-07.png,pf_v2_aigc_n02-normal-walking,pf_v2_aigc_n02-normal-walking,n02-normal-walking,0,negative,DEV,first deterministic role-group tranche
218_n02-normal-walking-08.png,pf_v2_aigc_n02-normal-walking,pf_v2_aigc_n02-normal-walking,n02-normal-walking,0,negative,DEV,first deterministic role-group tranche
219_n02-normal-walking-09.png,pf_v2_aigc_n02-normal-walking,pf_v2_aigc_n02-normal-walking,n02-normal-walking,0,negative,DEV,first deterministic role-group tranche
21_p03-prone-on-floor-01.png,pf_v2_aigc_p03-prone-on-floor,pf_v2_aigc_p03-prone-on-floor,p03-prone-on-floor,1,positive,DEV,first deterministic role-group tranche
220_n02-normal-walking-10.png,pf_v2_aigc_n02-normal-walking,pf_v2_aigc_n02-normal-walking,n02-normal-walking,0,negative,DEV,first deterministic role-group tranche
221_n03-normal-seated-on-chair-stool-01.png,pf_v2_aigc_n03-normal-seated-on-chair-stool,pf_v2_aigc_n03-normal-seated-on-chair-stool,n03-normal-seated-on-chair-stool,0,negative,DEV,first deterministic role-group tranche
222_n03-normal-seated-on-chair-stool-02.png,pf_v2_aigc_n03-normal-seated-on-chair-stool,pf_v2_aigc_n03-normal-seated-on-chair-stool,n03-normal-seated-on-chair-stool,0,negative,DEV,first deterministic role-group tranche
223_n03-normal-seated-on-chair-stool-03.png,pf_v2_aigc_n03-normal-seated-on-chair-stool,pf_v2_aigc_n03-normal-seated-on-chair-stool,n03-normal-seated-on-chair-stool,0,negative,DEV,first deterministic role-group tranche
224_n03-normal-seated-on-chair-stool-04.png,pf_v2_aigc_n03-normal-seated-on-chair-stool,pf_v2_aigc_n03-normal-seated-on-chair-stool,n03-normal-seated-on-chair-stool,0,negative,DEV,first deterministic role-group tranche
225_n03-normal-seated-on-chair-stool-05.png,pf_v2_aigc_n03-normal-seated-on-chair-stool,pf_v2_aigc_n03-normal-seated-on-chair-stool,n03-normal-seated-on-chair-stool,0,negative,DEV,first deterministic role-group tranche
226_n03-normal-seated-on-chair-stool-06.png,pf_v2_aigc_n03-normal-seated-on-chair-stool,pf_v2_aigc_n03-normal-seated-on-chair-stool,n03-normal-seated-on-chair-stool,0,negative,DEV,first deterministic role-group tranche
227_n03-normal-seated-on-chair-stool-07.png,pf_v2_aigc_n03-normal-seated-on-chair-stool,pf_v2_aigc_n03-normal-seated-on-chair-stool,n03-normal-seated-on-chair-stool,0,negative,DEV,first deterministic role-group tranche
228_n03-normal-seated-on-chair-stool-08.png,pf_v2_aigc_n03-normal-seated-on-chair-stool,pf_v2_aigc_n03-normal-seated-on-chair-stool,n03-normal-seated-on-chair-stool,0,negative,DEV,first deterministic role-group tranche
229_n03-normal-seated-on-chair-stool-09.png,pf_v2_aigc_n03-normal-seated-on-chair-stool,pf_v2_aigc_n03-normal-seated-on-chair-stool,n03-normal-seated-on-chair-stool,0,negative,DEV,first deterministic role-group tranche
22_p03-prone-on-floor-02.png,pf_v2_aigc_p03-prone-on-floor,pf_v2_aigc_p03-prone-on-floor,p03-prone-on-floor,1,positive,DEV,first deterministic role-group tranche
230_n03-normal-seated-on-chair-stool-10.png,pf_v2_aigc_n03-normal-seated-on-chair-stool,pf_v2_aigc_n03-normal-seated-on-chair-stool,n03-normal-seated-on-chair-stool,0,negative,DEV,first deterministic role-group tranche
231_n04-normal-seated-on-chair-stool-01.png,pf_v2_aigc_n04-normal-seated-on-chair-stool,pf_v2_aigc_n04-normal-seated-on-chair-stool,n04-normal-seated-on-chair-stool,0,negative,DEV,first deterministic role-group tranche
232_n04-normal-seated-on-chair-stool-02.png,pf_v2_aigc_n04-normal-seated-on-chair-stool,pf_v2_aigc_n04-normal-seated-on-chair-stool,n04-normal-seated-on-chair-stool,0,negative,DEV,first deterministic role-group tranche
233_n04-normal-seated-on-chair-stool-03.png,pf_v2_aigc_n04-normal-seated-on-chair-stool,pf_v2_aigc_n04-normal-seated-on-chair-stool,n04-normal-seated-on-chair-stool,0,negative,DEV,first deterministic role-group tranche
234_n04-normal-seated-on-chair-stool-04.png,pf_v2_aigc_n04-normal-seated-on-chair-stool,pf_v2_aigc_n04-normal-seated-on-chair-stool,n04-normal-seated-on-chair-stool,0,negative,DEV,first deterministic role-group tranche
235_n04-normal-seated-on-chair-stool-05.png,pf_v2_aigc_n04-normal-seated-on-chair-stool,pf_v2_aigc_n04-normal-seated-on-chair-stool,n04-normal-seated-on-chair-stool,0,negative,DEV,first deterministic role-group tranche
236_n04-normal-seated-on-chair-stool-06.png,pf_v2_aigc_n04-normal-seated-on-chair-stool,pf_v2_aigc_n04-normal-seated-on-chair-stool,n04-normal-seated-on-chair-stool,0,negative,DEV,first deterministic role-group tranche
237_n04-normal-seated-on-chair-stool-07.png,pf_v2_aigc_n04-normal-seated-on-chair-stool,pf_v2_aigc_n04-normal-seated-on-chair-stool,n04-normal-seated-on-chair-stool,0,negative,DEV,first deterministic role-group tranche
238_n04-normal-seated-on-chair-stool-08.png,pf_v2_aigc_n04-normal-seated-on-chair-stool,pf_v2_aigc_n04-normal-seated-on-chair-stool,n04-normal-seated-on-chair-stool,0,negative,DEV,first deterministic role-group tranche
239_n04-normal-seated-on-chair-stool-09.png,pf_v2_aigc_n04-normal-seated-on-chair-stool,pf_v2_aigc_n04-normal-seated-on-chair-stool,n04-normal-seated-on-chair-stool,0,negative,DEV,first deterministic role-group tranche
23_p03-prone-on-floor-03.png,pf_v2_aigc_p03-prone-on-floor,pf_v2_aigc_p03-prone-on-floor,p03-prone-on-floor,1,positive,DEV,first deterministic role-group tranche
240_n04-normal-seated-on-chair-stool-10.png,pf_v2_aigc_n04-normal-seated-on-chair-stool,pf_v2_aigc_n04-normal-seated-on-chair-stool,n04-normal-seated-on-chair-stool,0,negative,DEV,first deterministic role-group tranche
241_n05-normal-work-activity-01.png,pf_v2_aigc_n05-normal-work-activity,pf_v2_aigc_n05-normal-work-activity,n05-normal-work-activity,0,negative,DEV,first deterministic role-group tranche
242_n05-normal-work-activity-02.png,pf_v2_aigc_n05-normal-work-activity,pf_v2_aigc_n05-normal-work-activity,n05-normal-work-activity,0,negative,DEV,first deterministic role-group tranche
243_n05-normal-work-activity-03.png,pf_v2_aigc_n05-normal-work-activity,pf_v2_aigc_n05-normal-work-activity,n05-normal-work-activity,0,negative,DEV,first deterministic role-group tranche
244_n05-normal-work-activity-04.png,pf_v2_aigc_n05-normal-work-activity,pf_v2_aigc_n05-normal-work-activity,n05-normal-work-activity,0,negative,DEV,first deterministic role-group tranche
245_n05-normal-work-activity-05.png,pf_v2_aigc_n05-normal-work-activity,pf_v2_aigc_n05-normal-work-activity,n05-normal-work-activity,0,negative,DEV,first deterministic role-group tranche
246_n05-normal-work-activity-06.png,pf_v2_aigc_n05-normal-work-activity,pf_v2_aigc_n05-normal-work-activity,n05-normal-work-activity,0,negative,DEV,first deterministic role-group tranche
247_n05-normal-work-activity-07.png,pf_v2_aigc_n05-normal-work-activity,pf_v2_aigc_n05-normal-work-activity,n05-normal-work-activity,0,negative,DEV,first deterministic role-group tranche
248_n05-normal-work-activity-08.png,pf_v2_aigc_n05-normal-work-activity,pf_v2_aigc_n05-normal-work-activity,n05-normal-work-activity,0,negative,DEV,first deterministic role-group tranche
249_n05-normal-work-activity-09.png,pf_v2_aigc_n05-normal-work-activity,pf_v2_aigc_n05-normal-work-activity,n05-normal-work-activity,0,negative,DEV,first deterministic role-group tranche
24_p03-prone-on-floor-04.png,pf_v2_aigc_p03-prone-on-floor,pf_v2_aigc_p03-prone-on-floor,p03-prone-on-floor,1,positive,DEV,first deterministic role-group tranche
250_n05-normal-work-activity-10.png,pf_v2_aigc_n05-normal-work-activity,pf_v2_aigc_n05-normal-work-activity,n05-normal-work-activity,0,negative,DEV,first deterministic role-group tranche
251_n06-normal-work-activity-01.png,pf_v2_aigc_n06-normal-work-activity,pf_v2_aigc_n06-normal-work-activity,n06-normal-work-activity,0,negative,DEV,first deterministic role-group tranche
252_n06-normal-work-activity-02.png,pf_v2_aigc_n06-normal-work-activity,pf_v2_aigc_n06-normal-work-activity,n06-normal-work-activity,0,negative,DEV,first deterministic role-group tranche
253_n06-normal-work-activity-03.png,pf_v2_aigc_n06-normal-work-activity,pf_v2_aigc_n06-normal-work-activity,n06-normal-work-activity,0,negative,DEV,first deterministic role-group tranche
254_n06-normal-work-activity-04.png,pf_v2_aigc_n06-normal-work-activity,pf_v2_aigc_n06-normal-work-activity,n06-normal-work-activity,0,negative,DEV,first deterministic role-group tranche
255_n06-normal-work-activity-05.png,pf_v2_aigc_n06-normal-work-activity,pf_v2_aigc_n06-normal-work-activity,n06-normal-work-activity,0,negative,DEV,first deterministic role-group tranche
256_n06-normal-work-activity-06.png,pf_v2_aigc_n06-normal-work-activity,pf_v2_aigc_n06-normal-work-activity,n06-normal-work-activity,0,negative,DEV,first deterministic role-group tranche
257_n06-normal-work-activity-07.png,pf_v2_aigc_n06-normal-work-activity,pf_v2_aigc_n06-normal-work-activity,n06-normal-work-activity,0,negative,DEV,first deterministic role-group tranche
258_n06-normal-work-activity-08.png,pf_v2_aigc_n06-normal-work-activity,pf_v2_aigc_n06-normal-work-activity,n06-normal-work-activity,0,negative,DEV,first deterministic role-group tranche
259_n06-normal-work-activity-09.png,pf_v2_aigc_n06-normal-work-activity,pf_v2_aigc_n06-normal-work-activity,n06-normal-work-activity,0,negative,DEV,first deterministic role-group tranche
25_p03-prone-on-floor-05.png,pf_v2_aigc_p03-prone-on-floor,pf_v2_aigc_p03-prone-on-floor,p03-prone-on-floor,1,positive,DEV,first deterministic role-group tranche
260_n06-normal-work-activity-10.png,pf_v2_aigc_n06-normal-work-activity,pf_v2_aigc_n06-normal-work-activity,n06-normal-work-activity,0,negative,DEV,first deterministic role-group tranche
261_n07-mild-bending-01.png,pf_v2_aigc_n07-mild-bending,pf_v2_aigc_n07-mild-bending,n07-mild-bending,0,negative,VAL,second deterministic role-group tranche
262_n07-mild-bending-02.png,pf_v2_aigc_n07-mild-bending,pf_v2_aigc_n07-mild-bending,n07-mild-bending,0,negative,VAL,second deterministic role-group tranche
263_n07-mild-bending-03.png,pf_v2_aigc_n07-mild-bending,pf_v2_aigc_n07-mild-bending,n07-mild-bending,0,negative,VAL,second deterministic role-group tranche
264_n07-mild-bending-04.png,pf_v2_aigc_n07-mild-bending,pf_v2_aigc_n07-mild-bending,n07-mild-bending,0,negative,VAL,second deterministic role-group tranche
265_n07-mild-bending-05.png,pf_v2_aigc_n07-mild-bending,pf_v2_aigc_n07-mild-bending,n07-mild-bending,0,negative,VAL,second deterministic role-group tranche
266_n07-mild-bending-06.png,pf_v2_aigc_n07-mild-bending,pf_v2_aigc_n07-mild-bending,n07-mild-bending,0,negative,VAL,second deterministic role-group tranche
267_n07-mild-bending-07.png,pf_v2_aigc_n07-mild-bending,pf_v2_aigc_n07-mild-bending,n07-mild-bending,0,negative,VAL,second deterministic role-group tranche
268_n07-mild-bending-08.png,pf_v2_aigc_n07-mild-bending,pf_v2_aigc_n07-mild-bending,n07-mild-bending,0,negative,VAL,second deterministic role-group tranche
269_n07-mild-bending-09.png,pf_v2_aigc_n07-mild-bending,pf_v2_aigc_n07-mild-bending,n07-mild-bending,0,negative,VAL,second deterministic role-group tranche
26_p03-prone-on-floor-06.png,pf_v2_aigc_p03-prone-on-floor,pf_v2_aigc_p03-prone-on-floor,p03-prone-on-floor,1,positive,DEV,first deterministic role-group tranche
270_n07-mild-bending-10.png,pf_v2_aigc_n07-mild-bending,pf_v2_aigc_n07-mild-bending,n07-mild-bending,0,negative,VAL,second deterministic role-group tranche
271_n08-multi-person-normal-activity-01.png,pf_v2_aigc_n08-multi-person-normal-activity,pf_v2_aigc_n08-multi-person-normal-activity,n08-multi-person-normal-activity,0,negative,VAL,second deterministic role-group tranche
272_n08-multi-person-normal-activity-02.png,pf_v2_aigc_n08-multi-person-normal-activity,pf_v2_aigc_n08-multi-person-normal-activity,n08-multi-person-normal-activity,0,negative,VAL,second deterministic role-group tranche
273_n08-multi-person-normal-activity-03.png,pf_v2_aigc_n08-multi-person-normal-activity,pf_v2_aigc_n08-multi-person-normal-activity,n08-multi-person-normal-activity,0,negative,VAL,second deterministic role-group tranche
274_n08-multi-person-normal-activity-04.png,pf_v2_aigc_n08-multi-person-normal-activity,pf_v2_aigc_n08-multi-person-normal-activity,n08-multi-person-normal-activity,0,negative,VAL,second deterministic role-group tranche
275_n08-multi-person-normal-activity-05.png,pf_v2_aigc_n08-multi-person-normal-activity,pf_v2_aigc_n08-multi-person-normal-activity,n08-multi-person-normal-activity,0,negative,VAL,second deterministic role-group tranche
276_n08-multi-person-normal-activity-06.png,pf_v2_aigc_n08-multi-person-normal-activity,pf_v2_aigc_n08-multi-person-normal-activity,n08-multi-person-normal-activity,0,negative,VAL,second deterministic role-group tranche
277_n08-multi-person-normal-activity-07.png,pf_v2_aigc_n08-multi-person-normal-activity,pf_v2_aigc_n08-multi-person-normal-activity,n08-multi-person-normal-activity,0,negative,VAL,second deterministic role-group tranche
278_n08-multi-person-normal-activity-08.png,pf_v2_aigc_n08-multi-person-normal-activity,pf_v2_aigc_n08-multi-person-normal-activity,n08-multi-person-normal-activity,0,negative,VAL,second deterministic role-group tranche
279_n08-multi-person-normal-activity-09.png,pf_v2_aigc_n08-multi-person-normal-activity,pf_v2_aigc_n08-multi-person-normal-activity,n08-multi-person-normal-activity,0,negative,VAL,second deterministic role-group tranche
27_p03-prone-on-floor-07.png,pf_v2_aigc_p03-prone-on-floor,pf_v2_aigc_p03-prone-on-floor,p03-prone-on-floor,1,positive,DEV,first deterministic role-group tranche
280_n08-multi-person-normal-activity-10.png,pf_v2_aigc_n08-multi-person-normal-activity,pf_v2_aigc_n08-multi-person-normal-activity,n08-multi-person-normal-activity,0,negative,VAL,second deterministic role-group tranche
281_n09-empty-ordinary-environment-01.png,pf_v2_aigc_n09-empty-ordinary-environment,pf_v2_aigc_n09-empty-ordinary-environment,n09-empty-ordinary-environment,0,negative,HOLDOUT,sealed remaining role-group tranche
282_n09-empty-ordinary-environment-02.png,pf_v2_aigc_n09-empty-ordinary-environment,pf_v2_aigc_n09-empty-ordinary-environment,n09-empty-ordinary-environment,0,negative,HOLDOUT,sealed remaining role-group tranche
283_n09-empty-ordinary-environment-03.png,pf_v2_aigc_n09-empty-ordinary-environment,pf_v2_aigc_n09-empty-ordinary-environment,n09-empty-ordinary-environment,0,negative,HOLDOUT,sealed remaining role-group tranche
284_n09-empty-ordinary-environment-04.png,pf_v2_aigc_n09-empty-ordinary-environment,pf_v2_aigc_n09-empty-ordinary-environment,n09-empty-ordinary-environment,0,negative,HOLDOUT,sealed remaining role-group tranche
285_n09-empty-ordinary-environment-05.png,pf_v2_aigc_n09-empty-ordinary-environment,pf_v2_aigc_n09-empty-ordinary-environment,n09-empty-ordinary-environment,0,negative,HOLDOUT,sealed remaining role-group tranche
286_n09-empty-ordinary-environment-06.png,pf_v2_aigc_n09-empty-ordinary-environment,pf_v2_aigc_n09-empty-ordinary-environment,n09-empty-ordinary-environment,0,negative,HOLDOUT,sealed remaining role-group tranche
287_n09-empty-ordinary-environment-07.png,pf_v2_aigc_n09-empty-ordinary-environment,pf_v2_aigc_n09-empty-ordinary-environment,n09-empty-ordinary-environment,0,negative,HOLDOUT,sealed remaining role-group tranche
288_n09-empty-ordinary-environment-08.png,pf_v2_aigc_n09-empty-ordinary-environment,pf_v2_aigc_n09-empty-ordinary-environment,n09-empty-ordinary-environment,0,negative,HOLDOUT,sealed remaining role-group tranche
289_n09-empty-ordinary-environment-09.png,pf_v2_aigc_n09-empty-ordinary-environment,pf_v2_aigc_n09-empty-ordinary-environment,n09-empty-ordinary-environment,0,negative,HOLDOUT,sealed remaining role-group tranche
28_p03-prone-on-floor-08.png,pf_v2_aigc_p03-prone-on-floor,pf_v2_aigc_p03-prone-on-floor,p03-prone-on-floor,1,positive,DEV,first deterministic role-group tranche
290_n09-empty-ordinary-environment-10.png,pf_v2_aigc_n09-empty-ordinary-environment,pf_v2_aigc_n09-empty-ordinary-environment,n09-empty-ordinary-environment,0,negative,HOLDOUT,sealed remaining role-group tranche
291_n10-empty-ordinary-environment-01.png,pf_v2_aigc_n10-empty-ordinary-environment,pf_v2_aigc_n10-empty-ordinary-environment,n10-empty-ordinary-environment,0,negative,HOLDOUT,sealed remaining role-group tranche
292_n10-empty-ordinary-environment-02.png,pf_v2_aigc_n10-empty-ordinary-environment,pf_v2_aigc_n10-empty-ordinary-environment,n10-empty-ordinary-environment,0,negative,HOLDOUT,sealed remaining role-group tranche
293_n10-empty-ordinary-environment-03.png,pf_v2_aigc_n10-empty-ordinary-environment,pf_v2_aigc_n10-empty-ordinary-environment,n10-empty-ordinary-environment,0,negative,HOLDOUT,sealed remaining role-group tranche
294_n10-empty-ordinary-environment-04.png,pf_v2_aigc_n10-empty-ordinary-environment,pf_v2_aigc_n10-empty-ordinary-environment,n10-empty-ordinary-environment,0,negative,HOLDOUT,sealed remaining role-group tranche
295_n10-empty-ordinary-environment-05.png,pf_v2_aigc_n10-empty-ordinary-environment,pf_v2_aigc_n10-empty-ordinary-environment,n10-empty-ordinary-environment,0,negative,HOLDOUT,sealed remaining role-group tranche
296_n10-empty-ordinary-environment-06.png,pf_v2_aigc_n10-empty-ordinary-environment,pf_v2_aigc_n10-empty-ordinary-environment,n10-empty-ordinary-environment,0,negative,HOLDOUT,sealed remaining role-group tranche
297_n10-empty-ordinary-environment-07.png,pf_v2_aigc_n10-empty-ordinary-environment,pf_v2_aigc_n10-empty-ordinary-environment,n10-empty-ordinary-environment,0,negative,HOLDOUT,sealed remaining role-group tranche
298_n10-empty-ordinary-environment-08.png,pf_v2_aigc_n10-empty-ordinary-environment,pf_v2_aigc_n10-empty-ordinary-environment,n10-empty-ordinary-environment,0,negative,HOLDOUT,sealed remaining role-group tranche
299_n10-empty-ordinary-environment-09.png,pf_v2_aigc_n10-empty-ordinary-environment,pf_v2_aigc_n10-empty-ordinary-environment,n10-empty-ordinary-environment,0,negative,HOLDOUT,sealed remaining role-group tranche
29_p03-prone-on-floor-09.png,pf_v2_aigc_p03-prone-on-floor,pf_v2_aigc_p03-prone-on-floor,p03-prone-on-floor,1,positive,DEV,first deterministic role-group tranche
300_n10-empty-ordinary-environment-10.png,pf_v2_aigc_n10-empty-ordinary-environment,pf_v2_aigc_n10-empty-ordinary-environment,n10-empty-ordinary-environment,0,negative,HOLDOUT,sealed remaining role-group tranche
301_h01-sitting-on-floor-01.png,pf_v2_aigc_h01-sitting-on-floor,pf_v2_aigc_h01-sitting-on-floor,h01-sitting-on-floor,0,hard_negative,DEV,first deterministic role-group tranche
302_h01-sitting-on-floor-02.png,pf_v2_aigc_h01-sitting-on-floor,pf_v2_aigc_h01-sitting-on-floor,h01-sitting-on-floor,0,hard_negative,DEV,first deterministic role-group tranche
303_h01-sitting-on-floor-03.png,pf_v2_aigc_h01-sitting-on-floor,pf_v2_aigc_h01-sitting-on-floor,h01-sitting-on-floor,0,hard_negative,DEV,first deterministic role-group tranche
304_h01-sitting-on-floor-04.png,pf_v2_aigc_h01-sitting-on-floor,pf_v2_aigc_h01-sitting-on-floor,h01-sitting-on-floor,0,hard_negative,DEV,first deterministic role-group tranche
305_h01-sitting-on-floor-05.png,pf_v2_aigc_h01-sitting-on-floor,pf_v2_aigc_h01-sitting-on-floor,h01-sitting-on-floor,0,hard_negative,DEV,first deterministic role-group tranche
306_h01-sitting-on-floor-06.png,pf_v2_aigc_h01-sitting-on-floor,pf_v2_aigc_h01-sitting-on-floor,h01-sitting-on-floor,0,hard_negative,DEV,first deterministic role-group tranche
307_h01-sitting-on-floor-07.png,pf_v2_aigc_h01-sitting-on-floor,pf_v2_aigc_h01-sitting-on-floor,h01-sitting-on-floor,0,hard_negative,DEV,first deterministic role-group tranche
308_h01-sitting-on-floor-08.png,pf_v2_aigc_h01-sitting-on-floor,pf_v2_aigc_h01-sitting-on-floor,h01-sitting-on-floor,0,hard_negative,DEV,first deterministic role-group tranche
309_h01-sitting-on-floor-09.png,pf_v2_aigc_h01-sitting-on-floor,pf_v2_aigc_h01-sitting-on-floor,h01-sitting-on-floor,0,hard_negative,DEV,first deterministic role-group tranche
30_p03-prone-on-floor-10.png,pf_v2_aigc_p03-prone-on-floor,pf_v2_aigc_p03-prone-on-floor,p03-prone-on-floor,1,positive,DEV,first deterministic role-group tranche
310_h01-sitting-on-floor-10.png,pf_v2_aigc_h01-sitting-on-floor,pf_v2_aigc_h01-sitting-on-floor,h01-sitting-on-floor,0,hard_negative,DEV,first deterministic role-group tranche
311_h02-sitting-on-floor-01.png,pf_v2_aigc_h02-sitting-on-floor,pf_v2_aigc_h02-sitting-on-floor,h02-sitting-on-floor,0,hard_negative,DEV,first deterministic role-group tranche
312_h02-sitting-on-floor-02.png,pf_v2_aigc_h02-sitting-on-floor,pf_v2_aigc_h02-sitting-on-floor,h02-sitting-on-floor,0,hard_negative,DEV,first deterministic role-group tranche
313_h02-sitting-on-floor-03.png,pf_v2_aigc_h02-sitting-on-floor,pf_v2_aigc_h02-sitting-on-floor,h02-sitting-on-floor,0,hard_negative,DEV,first deterministic role-group tranche
314_h02-sitting-on-floor-04.png,pf_v2_aigc_h02-sitting-on-floor,pf_v2_aigc_h02-sitting-on-floor,h02-sitting-on-floor,0,hard_negative,DEV,first deterministic role-group tranche
315_h02-sitting-on-floor-05.png,pf_v2_aigc_h02-sitting-on-floor,pf_v2_aigc_h02-sitting-on-floor,h02-sitting-on-floor,0,hard_negative,DEV,first deterministic role-group tranche
316_h02-sitting-on-floor-06.png,pf_v2_aigc_h02-sitting-on-floor,pf_v2_aigc_h02-sitting-on-floor,h02-sitting-on-floor,0,hard_negative,DEV,first deterministic role-group tranche
317_h02-sitting-on-floor-07.png,pf_v2_aigc_h02-sitting-on-floor,pf_v2_aigc_h02-sitting-on-floor,h02-sitting-on-floor,0,hard_negative,DEV,first deterministic role-group tranche
318_h02-sitting-on-floor-08.png,pf_v2_aigc_h02-sitting-on-floor,pf_v2_aigc_h02-sitting-on-floor,h02-sitting-on-floor,0,hard_negative,DEV,first deterministic role-group tranche
319_h02-sitting-on-floor-09.png,pf_v2_aigc_h02-sitting-on-floor,pf_v2_aigc_h02-sitting-on-floor,h02-sitting-on-floor,0,hard_negative,DEV,first deterministic role-group tranche
31_p04-prone-on-floor-01.png,pf_v2_aigc_p04-prone-on-floor,pf_v2_aigc_p04-prone-on-floor,p04-prone-on-floor,1,positive,DEV,first deterministic role-group tranche
320_h02-sitting-on-floor-10.png,pf_v2_aigc_h02-sitting-on-floor,pf_v2_aigc_h02-sitting-on-floor,h02-sitting-on-floor,0,hard_negative,DEV,first deterministic role-group tranche
321_h03-kneeling-01.png,pf_v2_aigc_h03-kneeling,pf_v2_aigc_h03-kneeling,h03-kneeling,0,hard_negative,DEV,first deterministic role-group tranche
322_h03-kneeling-02.png,pf_v2_aigc_h03-kneeling,pf_v2_aigc_h03-kneeling,h03-kneeling,0,hard_negative,DEV,first deterministic role-group tranche
323_h03-kneeling-03.png,pf_v2_aigc_h03-kneeling,pf_v2_aigc_h03-kneeling,h03-kneeling,0,hard_negative,DEV,first deterministic role-group tranche
324_h03-kneeling-04.png,pf_v2_aigc_h03-kneeling,pf_v2_aigc_h03-kneeling,h03-kneeling,0,hard_negative,DEV,first deterministic role-group tranche
325_h03-kneeling-05.png,pf_v2_aigc_h03-kneeling,pf_v2_aigc_h03-kneeling,h03-kneeling,0,hard_negative,DEV,first deterministic role-group tranche
326_h03-kneeling-06.png,pf_v2_aigc_h03-kneeling,pf_v2_aigc_h03-kneeling,h03-kneeling,0,hard_negative,DEV,first deterministic role-group tranche
327_h03-kneeling-07.png,pf_v2_aigc_h03-kneeling,pf_v2_aigc_h03-kneeling,h03-kneeling,0,hard_negative,DEV,first deterministic role-group tranche
328_h03-kneeling-08.png,pf_v2_aigc_h03-kneeling,pf_v2_aigc_h03-kneeling,h03-kneeling,0,hard_negative,DEV,first deterministic role-group tranche
329_h03-kneeling-09.png,pf_v2_aigc_h03-kneeling,pf_v2_aigc_h03-kneeling,h03-kneeling,0,hard_negative,DEV,first deterministic role-group tranche
32_p04-prone-on-floor-02.png,pf_v2_aigc_p04-prone-on-floor,pf_v2_aigc_p04-prone-on-floor,p04-prone-on-floor,1,positive,DEV,first deterministic role-group tranche
330_h03-kneeling-10.png,pf_v2_aigc_h03-kneeling,pf_v2_aigc_h03-kneeling,h03-kneeling,0,hard_negative,DEV,first deterministic role-group tranche
331_h04-kneeling-01.png,pf_v2_aigc_h04-kneeling,pf_v2_aigc_h04-kneeling,h04-kneeling,0,hard_negative,DEV,first deterministic role-group tranche
332_h04-kneeling-02.png,pf_v2_aigc_h04-kneeling,pf_v2_aigc_h04-kneeling,h04-kneeling,0,hard_negative,DEV,first deterministic role-group tranche
333_h04-kneeling-03.png,pf_v2_aigc_h04-kneeling,pf_v2_aigc_h04-kneeling,h04-kneeling,0,hard_negative,DEV,first deterministic role-group tranche
334_h04-kneeling-04.png,pf_v2_aigc_h04-kneeling,pf_v2_aigc_h04-kneeling,h04-kneeling,0,hard_negative,DEV,first deterministic role-group tranche
335_h04-kneeling-05.png,pf_v2_aigc_h04-kneeling,pf_v2_aigc_h04-kneeling,h04-kneeling,0,hard_negative,DEV,first deterministic role-group tranche
336_h04-kneeling-06.png,pf_v2_aigc_h04-kneeling,pf_v2_aigc_h04-kneeling,h04-kneeling,0,hard_negative,DEV,first deterministic role-group tranche
337_h04-kneeling-07.png,pf_v2_aigc_h04-kneeling,pf_v2_aigc_h04-kneeling,h04-kneeling,0,hard_negative,DEV,first deterministic role-group tranche
338_h04-kneeling-08.png,pf_v2_aigc_h04-kneeling,pf_v2_aigc_h04-kneeling,h04-kneeling,0,hard_negative,DEV,first deterministic role-group tranche
339_h04-kneeling-09.png,pf_v2_aigc_h04-kneeling,pf_v2_aigc_h04-kneeling,h04-kneeling,0,hard_negative,DEV,first deterministic role-group tranche
33_p04-prone-on-floor-03.png,pf_v2_aigc_p04-prone-on-floor,pf_v2_aigc_p04-prone-on-floor,p04-prone-on-floor,1,positive,DEV,first deterministic role-group tranche
340_h04-kneeling-10.png,pf_v2_aigc_h04-kneeling,pf_v2_aigc_h04-kneeling,h04-kneeling,0,hard_negative,DEV,first deterministic role-group tranche
341_h05-squatting-01.png,pf_v2_aigc_h05-squatting,pf_v2_aigc_h05-squatting,h05-squatting,0,hard_negative,DEV,first deterministic role-group tranche
342_h05-squatting-02.png,pf_v2_aigc_h05-squatting,pf_v2_aigc_h05-squatting,h05-squatting,0,hard_negative,DEV,first deterministic role-group tranche
343_h05-squatting-03.png,pf_v2_aigc_h05-squatting,pf_v2_aigc_h05-squatting,h05-squatting,0,hard_negative,DEV,first deterministic role-group tranche
344_h05-squatting-04.png,pf_v2_aigc_h05-squatting,pf_v2_aigc_h05-squatting,h05-squatting,0,hard_negative,DEV,first deterministic role-group tranche
345_h05-squatting-05.png,pf_v2_aigc_h05-squatting,pf_v2_aigc_h05-squatting,h05-squatting,0,hard_negative,DEV,first deterministic role-group tranche
346_h05-squatting-06.png,pf_v2_aigc_h05-squatting,pf_v2_aigc_h05-squatting,h05-squatting,0,hard_negative,DEV,first deterministic role-group tranche
347_h05-squatting-07.png,pf_v2_aigc_h05-squatting,pf_v2_aigc_h05-squatting,h05-squatting,0,hard_negative,DEV,first deterministic role-group tranche
348_h05-squatting-08.png,pf_v2_aigc_h05-squatting,pf_v2_aigc_h05-squatting,h05-squatting,0,hard_negative,DEV,first deterministic role-group tranche
349_h05-squatting-09.png,pf_v2_aigc_h05-squatting,pf_v2_aigc_h05-squatting,h05-squatting,0,hard_negative,DEV,first deterministic role-group tranche
34_p04-prone-on-floor-04.png,pf_v2_aigc_p04-prone-on-floor,pf_v2_aigc_p04-prone-on-floor,p04-prone-on-floor,1,positive,DEV,first deterministic role-group tranche
350_h05-squatting-10.png,pf_v2_aigc_h05-squatting,pf_v2_aigc_h05-squatting,h05-squatting,0,hard_negative,DEV,first deterministic role-group tranche
351_h06-squatting-01.png,pf_v2_aigc_h06-squatting,pf_v2_aigc_h06-squatting,h06-squatting,0,hard_negative,DEV,first deterministic role-group tranche
352_h06-squatting-02.png,pf_v2_aigc_h06-squatting,pf_v2_aigc_h06-squatting,h06-squatting,0,hard_negative,DEV,first deterministic role-group tranche
353_h06-squatting-03.png,pf_v2_aigc_h06-squatting,pf_v2_aigc_h06-squatting,h06-squatting,0,hard_negative,DEV,first deterministic role-group tranche
354_h06-squatting-04.png,pf_v2_aigc_h06-squatting,pf_v2_aigc_h06-squatting,h06-squatting,0,hard_negative,DEV,first deterministic role-group tranche
355_h06-squatting-05.png,pf_v2_aigc_h06-squatting,pf_v2_aigc_h06-squatting,h06-squatting,0,hard_negative,DEV,first deterministic role-group tranche
356_h06-squatting-06.png,pf_v2_aigc_h06-squatting,pf_v2_aigc_h06-squatting,h06-squatting,0,hard_negative,DEV,first deterministic role-group tranche
357_h06-squatting-07.png,pf_v2_aigc_h06-squatting,pf_v2_aigc_h06-squatting,h06-squatting,0,hard_negative,DEV,first deterministic role-group tranche
358_h06-squatting-08.png,pf_v2_aigc_h06-squatting,pf_v2_aigc_h06-squatting,h06-squatting,0,hard_negative,DEV,first deterministic role-group tranche
359_h06-squatting-09.png,pf_v2_aigc_h06-squatting,pf_v2_aigc_h06-squatting,h06-squatting,0,hard_negative,DEV,first deterministic role-group tranche
35_p04-prone-on-floor-05.png,pf_v2_aigc_p04-prone-on-floor,pf_v2_aigc_p04-prone-on-floor,p04-prone-on-floor,1,positive,DEV,first deterministic role-group tranche
360_h06-squatting-10.png,pf_v2_aigc_h06-squatting,pf_v2_aigc_h06-squatting,h06-squatting,0,hard_negative,DEV,first deterministic role-group tranche
361_h07-deep-bending-picking-up-items-01.png,pf_v2_aigc_h07-deep-bending-picking-up-items,pf_v2_aigc_h07-deep-bending-picking-up-items,h07-deep-bending-picking-up-items,0,hard_negative,DEV,first deterministic role-group tranche
362_h07-deep-bending-picking-up-items-02.png,pf_v2_aigc_h07-deep-bending-picking-up-items,pf_v2_aigc_h07-deep-bending-picking-up-items,h07-deep-bending-picking-up-items,0,hard_negative,DEV,first deterministic role-group tranche
363_h07-deep-bending-picking-up-items-03.png,pf_v2_aigc_h07-deep-bending-picking-up-items,pf_v2_aigc_h07-deep-bending-picking-up-items,h07-deep-bending-picking-up-items,0,hard_negative,DEV,first deterministic role-group tranche
364_h07-deep-bending-picking-up-items-04.png,pf_v2_aigc_h07-deep-bending-picking-up-items,pf_v2_aigc_h07-deep-bending-picking-up-items,h07-deep-bending-picking-up-items,0,hard_negative,DEV,first deterministic role-group tranche
365_h07-deep-bending-picking-up-items-05.png,pf_v2_aigc_h07-deep-bending-picking-up-items,pf_v2_aigc_h07-deep-bending-picking-up-items,h07-deep-bending-picking-up-items,0,hard_negative,DEV,first deterministic role-group tranche
366_h07-deep-bending-picking-up-items-06.png,pf_v2_aigc_h07-deep-bending-picking-up-items,pf_v2_aigc_h07-deep-bending-picking-up-items,h07-deep-bending-picking-up-items,0,hard_negative,DEV,first deterministic role-group tranche
367_h07-deep-bending-picking-up-items-07.png,pf_v2_aigc_h07-deep-bending-picking-up-items,pf_v2_aigc_h07-deep-bending-picking-up-items,h07-deep-bending-picking-up-items,0,hard_negative,DEV,first deterministic role-group tranche
368_h07-deep-bending-picking-up-items-08.png,pf_v2_aigc_h07-deep-bending-picking-up-items,pf_v2_aigc_h07-deep-bending-picking-up-items,h07-deep-bending-picking-up-items,0,hard_negative,DEV,first deterministic role-group tranche
369_h07-deep-bending-picking-up-items-09.png,pf_v2_aigc_h07-deep-bending-picking-up-items,pf_v2_aigc_h07-deep-bending-picking-up-items,h07-deep-bending-picking-up-items,0,hard_negative,DEV,first deterministic role-group tranche
36_p04-prone-on-floor-06.png,pf_v2_aigc_p04-prone-on-floor,pf_v2_aigc_p04-prone-on-floor,p04-prone-on-floor,1,positive,DEV,first deterministic role-group tranche
370_h07-deep-bending-picking-up-items-10.png,pf_v2_aigc_h07-deep-bending-picking-up-items,pf_v2_aigc_h07-deep-bending-picking-up-items,h07-deep-bending-picking-up-items,0,hard_negative,DEV,first deterministic role-group tranche
371_h08-deep-bending-picking-up-items-01.png,pf_v2_aigc_h08-deep-bending-picking-up-items,pf_v2_aigc_h08-deep-bending-picking-up-items,h08-deep-bending-picking-up-items,0,hard_negative,DEV,first deterministic role-group tranche
372_h08-deep-bending-picking-up-items-02.png,pf_v2_aigc_h08-deep-bending-picking-up-items,pf_v2_aigc_h08-deep-bending-picking-up-items,h08-deep-bending-picking-up-items,0,hard_negative,DEV,first deterministic role-group tranche
373_h08-deep-bending-picking-up-items-03.png,pf_v2_aigc_h08-deep-bending-picking-up-items,pf_v2_aigc_h08-deep-bending-picking-up-items,h08-deep-bending-picking-up-items,0,hard_negative,DEV,first deterministic role-group tranche
374_h08-deep-bending-picking-up-items-04.png,pf_v2_aigc_h08-deep-bending-picking-up-items,pf_v2_aigc_h08-deep-bending-picking-up-items,h08-deep-bending-picking-up-items,0,hard_negative,DEV,first deterministic role-group tranche
375_h08-deep-bending-picking-up-items-05.png,pf_v2_aigc_h08-deep-bending-picking-up-items,pf_v2_aigc_h08-deep-bending-picking-up-items,h08-deep-bending-picking-up-items,0,hard_negative,DEV,first deterministic role-group tranche
376_h08-deep-bending-picking-up-items-06.png,pf_v2_aigc_h08-deep-bending-picking-up-items,pf_v2_aigc_h08-deep-bending-picking-up-items,h08-deep-bending-picking-up-items,0,hard_negative,DEV,first deterministic role-group tranche
377_h08-deep-bending-picking-up-items-07.png,pf_v2_aigc_h08-deep-bending-picking-up-items,pf_v2_aigc_h08-deep-bending-picking-up-items,h08-deep-bending-picking-up-items,0,hard_negative,DEV,first deterministic role-group tranche
378_h08-deep-bending-picking-up-items-08.png,pf_v2_aigc_h08-deep-bending-picking-up-items,pf_v2_aigc_h08-deep-bending-picking-up-items,h08-deep-bending-picking-up-items,0,hard_negative,DEV,first deterministic role-group tranche
379_h08-deep-bending-picking-up-items-09.png,pf_v2_aigc_h08-deep-bending-picking-up-items,pf_v2_aigc_h08-deep-bending-picking-up-items,h08-deep-bending-picking-up-items,0,hard_negative,DEV,first deterministic role-group tranche
37_p04-prone-on-floor-07.png,pf_v2_aigc_p04-prone-on-floor,pf_v2_aigc_p04-prone-on-floor,p04-prone-on-floor,1,positive,DEV,first deterministic role-group tranche
380_h08-deep-bending-picking-up-items-10.png,pf_v2_aigc_h08-deep-bending-picking-up-items,pf_v2_aigc_h08-deep-bending-picking-up-items,h08-deep-bending-picking-up-items,0,hard_negative,DEV,first deterministic role-group tranche
381_h09-exercise-push-up-plank-01.png,pf_v2_aigc_h09-exercise-push-up-plank,pf_v2_aigc_h09-exercise-push-up-plank,h09-exercise-push-up-plank,0,hard_negative,DEV,first deterministic role-group tranche
382_h09-exercise-push-up-plank-02.png,pf_v2_aigc_h09-exercise-push-up-plank,pf_v2_aigc_h09-exercise-push-up-plank,h09-exercise-push-up-plank,0,hard_negative,DEV,first deterministic role-group tranche
383_h09-exercise-push-up-plank-03.png,pf_v2_aigc_h09-exercise-push-up-plank,pf_v2_aigc_h09-exercise-push-up-plank,h09-exercise-push-up-plank,0,hard_negative,DEV,first deterministic role-group tranche
384_h09-exercise-push-up-plank-04.png,pf_v2_aigc_h09-exercise-push-up-plank,pf_v2_aigc_h09-exercise-push-up-plank,h09-exercise-push-up-plank,0,hard_negative,DEV,first deterministic role-group tranche
385_h09-exercise-push-up-plank-05.png,pf_v2_aigc_h09-exercise-push-up-plank,pf_v2_aigc_h09-exercise-push-up-plank,h09-exercise-push-up-plank,0,hard_negative,DEV,first deterministic role-group tranche
386_h09-exercise-push-up-plank-06.png,pf_v2_aigc_h09-exercise-push-up-plank,pf_v2_aigc_h09-exercise-push-up-plank,h09-exercise-push-up-plank,0,hard_negative,DEV,first deterministic role-group tranche
387_h09-exercise-push-up-plank-07.png,pf_v2_aigc_h09-exercise-push-up-plank,pf_v2_aigc_h09-exercise-push-up-plank,h09-exercise-push-up-plank,0,hard_negative,DEV,first deterministic role-group tranche
388_h09-exercise-push-up-plank-08.png,pf_v2_aigc_h09-exercise-push-up-plank,pf_v2_aigc_h09-exercise-push-up-plank,h09-exercise-push-up-plank,0,hard_negative,DEV,first deterministic role-group tranche
389_h09-exercise-push-up-plank-09.png,pf_v2_aigc_h09-exercise-push-up-plank,pf_v2_aigc_h09-exercise-push-up-plank,h09-exercise-push-up-plank,0,hard_negative,DEV,first deterministic role-group tranche
38_p04-prone-on-floor-08.png,pf_v2_aigc_p04-prone-on-floor,pf_v2_aigc_p04-prone-on-floor,p04-prone-on-floor,1,positive,DEV,first deterministic role-group tranche
390_h09-exercise-push-up-plank-10.png,pf_v2_aigc_h09-exercise-push-up-plank,pf_v2_aigc_h09-exercise-push-up-plank,h09-exercise-push-up-plank,0,hard_negative,DEV,first deterministic role-group tranche
391_h10-exercise-push-up-plank-01.png,pf_v2_aigc_h10-exercise-push-up-plank,pf_v2_aigc_h10-exercise-push-up-plank,h10-exercise-push-up-plank,0,hard_negative,DEV,first deterministic role-group tranche
392_h10-exercise-push-up-plank-02.png,pf_v2_aigc_h10-exercise-push-up-plank,pf_v2_aigc_h10-exercise-push-up-plank,h10-exercise-push-up-plank,0,hard_negative,DEV,first deterministic role-group tranche
393_h10-exercise-push-up-plank-03.png,pf_v2_aigc_h10-exercise-push-up-plank,pf_v2_aigc_h10-exercise-push-up-plank,h10-exercise-push-up-plank,0,hard_negative,DEV,first deterministic role-group tranche
394_h10-exercise-push-up-plank-04.png,pf_v2_aigc_h10-exercise-push-up-plank,pf_v2_aigc_h10-exercise-push-up-plank,h10-exercise-push-up-plank,0,hard_negative,DEV,first deterministic role-group tranche
395_h10-exercise-push-up-plank-05.png,pf_v2_aigc_h10-exercise-push-up-plank,pf_v2_aigc_h10-exercise-push-up-plank,h10-exercise-push-up-plank,0,hard_negative,DEV,first deterministic role-group tranche
396_h10-exercise-push-up-plank-06.png,pf_v2_aigc_h10-exercise-push-up-plank,pf_v2_aigc_h10-exercise-push-up-plank,h10-exercise-push-up-plank,0,hard_negative,DEV,first deterministic role-group tranche
397_h10-exercise-push-up-plank-07.png,pf_v2_aigc_h10-exercise-push-up-plank,pf_v2_aigc_h10-exercise-push-up-plank,h10-exercise-push-up-plank,0,hard_negative,DEV,first deterministic role-group tranche
398_h10-exercise-push-up-plank-08.png,pf_v2_aigc_h10-exercise-push-up-plank,pf_v2_aigc_h10-exercise-push-up-plank,h10-exercise-push-up-plank,0,hard_negative,DEV,first deterministic role-group tranche
399_h10-exercise-push-up-plank-09.png,pf_v2_aigc_h10-exercise-push-up-plank,pf_v2_aigc_h10-exercise-push-up-plank,h10-exercise-push-up-plank,0,hard_negative,DEV,first deterministic role-group tranche
39_p04-prone-on-floor-09.png,pf_v2_aigc_p04-prone-on-floor,pf_v2_aigc_p04-prone-on-floor,p04-prone-on-floor,1,positive,DEV,first deterministic role-group tranche
400_h10-exercise-push-up-plank-10.png,pf_v2_aigc_h10-exercise-push-up-plank,pf_v2_aigc_h10-exercise-push-up-plank,h10-exercise-push-up-plank,0,hard_negative,DEV,first deterministic role-group tranche
401_h11-crawling-under-equipment-inspection-01.png,pf_v2_aigc_h11-crawling-under-equipment-inspection,pf_v2_aigc_h11-crawling-under-equipment-inspection,h11-crawling-under-equipment-inspection,0,hard_negative,DEV,first deterministic role-group tranche
402_h11-crawling-under-equipment-inspection-02.png,pf_v2_aigc_h11-crawling-under-equipment-inspection,pf_v2_aigc_h11-crawling-under-equipment-inspection,h11-crawling-under-equipment-inspection,0,hard_negative,DEV,first deterministic role-group tranche
403_h11-crawling-under-equipment-inspection-03.png,pf_v2_aigc_h11-crawling-under-equipment-inspection,pf_v2_aigc_h11-crawling-under-equipment-inspection,h11-crawling-under-equipment-inspection,0,hard_negative,DEV,first deterministic role-group tranche
404_h11-crawling-under-equipment-inspection-04.png,pf_v2_aigc_h11-crawling-under-equipment-inspection,pf_v2_aigc_h11-crawling-under-equipment-inspection,h11-crawling-under-equipment-inspection,0,hard_negative,DEV,first deterministic role-group tranche
405_h11-crawling-under-equipment-inspection-05.png,pf_v2_aigc_h11-crawling-under-equipment-inspection,pf_v2_aigc_h11-crawling-under-equipment-inspection,h11-crawling-under-equipment-inspection,0,hard_negative,DEV,first deterministic role-group tranche
406_h11-crawling-under-equipment-inspection-06.png,pf_v2_aigc_h11-crawling-under-equipment-inspection,pf_v2_aigc_h11-crawling-under-equipment-inspection,h11-crawling-under-equipment-inspection,0,hard_negative,DEV,first deterministic role-group tranche
407_h11-crawling-under-equipment-inspection-07.png,pf_v2_aigc_h11-crawling-under-equipment-inspection,pf_v2_aigc_h11-crawling-under-equipment-inspection,h11-crawling-under-equipment-inspection,0,hard_negative,DEV,first deterministic role-group tranche
408_h11-crawling-under-equipment-inspection-08.png,pf_v2_aigc_h11-crawling-under-equipment-inspection,pf_v2_aigc_h11-crawling-under-equipment-inspection,h11-crawling-under-equipment-inspection,0,hard_negative,DEV,first deterministic role-group tranche
409_h11-crawling-under-equipment-inspection-09.png,pf_v2_aigc_h11-crawling-under-equipment-inspection,pf_v2_aigc_h11-crawling-under-equipment-inspection,h11-crawling-under-equipment-inspection,0,hard_negative,DEV,first deterministic role-group tranche
40_p04-prone-on-floor-10.png,pf_v2_aigc_p04-prone-on-floor,pf_v2_aigc_p04-prone-on-floor,p04-prone-on-floor,1,positive,DEV,first deterministic role-group tranche
410_h11-crawling-under-equipment-inspection-10.png,pf_v2_aigc_h11-crawling-under-equipment-inspection,pf_v2_aigc_h11-crawling-under-equipment-inspection,h11-crawling-under-equipment-inspection,0,hard_negative,DEV,first deterministic role-group tranche
411_h12-crawling-under-equipment-inspection-01.png,pf_v2_aigc_h12-crawling-under-equipment-inspection,pf_v2_aigc_h12-crawling-under-equipment-inspection,h12-crawling-under-equipment-inspection,0,hard_negative,VAL,second deterministic role-group tranche
412_h12-crawling-under-equipment-inspection-02.png,pf_v2_aigc_h12-crawling-under-equipment-inspection,pf_v2_aigc_h12-crawling-under-equipment-inspection,h12-crawling-under-equipment-inspection,0,hard_negative,VAL,second deterministic role-group tranche
413_h12-crawling-under-equipment-inspection-03.png,pf_v2_aigc_h12-crawling-under-equipment-inspection,pf_v2_aigc_h12-crawling-under-equipment-inspection,h12-crawling-under-equipment-inspection,0,hard_negative,VAL,second deterministic role-group tranche
414_h12-crawling-under-equipment-inspection-04.png,pf_v2_aigc_h12-crawling-under-equipment-inspection,pf_v2_aigc_h12-crawling-under-equipment-inspection,h12-crawling-under-equipment-inspection,0,hard_negative,VAL,second deterministic role-group tranche
415_h12-crawling-under-equipment-inspection-05.png,pf_v2_aigc_h12-crawling-under-equipment-inspection,pf_v2_aigc_h12-crawling-under-equipment-inspection,h12-crawling-under-equipment-inspection,0,hard_negative,VAL,second deterministic role-group tranche
416_h12-crawling-under-equipment-inspection-06.png,pf_v2_aigc_h12-crawling-under-equipment-inspection,pf_v2_aigc_h12-crawling-under-equipment-inspection,h12-crawling-under-equipment-inspection,0,hard_negative,VAL,second deterministic role-group tranche
417_h12-crawling-under-equipment-inspection-07.png,pf_v2_aigc_h12-crawling-under-equipment-inspection,pf_v2_aigc_h12-crawling-under-equipment-inspection,h12-crawling-under-equipment-inspection,0,hard_negative,VAL,second deterministic role-group tranche
418_h12-crawling-under-equipment-inspection-08.png,pf_v2_aigc_h12-crawling-under-equipment-inspection,pf_v2_aigc_h12-crawling-under-equipment-inspection,h12-crawling-under-equipment-inspection,0,hard_negative,VAL,second deterministic role-group tranche
419_h12-crawling-under-equipment-inspection-09.png,pf_v2_aigc_h12-crawling-under-equipment-inspection,pf_v2_aigc_h12-crawling-under-equipment-inspection,h12-crawling-under-equipment-inspection,0,hard_negative,VAL,second deterministic role-group tranche
41_p05-side-lying-on-floor-01.png,pf_v2_aigc_p05-side-lying-on-floor,pf_v2_aigc_p05-side-lying-on-floor,p05-side-lying-on-floor,1,positive,DEV,first deterministic role-group tranche
420_h12-crawling-under-equipment-inspection-10.png,pf_v2_aigc_h12-crawling-under-equipment-inspection,pf_v2_aigc_h12-crawling-under-equipment-inspection,h12-crawling-under-equipment-inspection,0,hard_negative,VAL,second deterministic role-group tranche
421_h13-normal-lying-on-bed-01.png,pf_v2_aigc_h13-normal-lying-on-bed,pf_v2_aigc_h13-normal-lying-on-bed,h13-normal-lying-on-bed,0,hard_negative,VAL,second deterministic role-group tranche
422_h13-normal-lying-on-bed-02.png,pf_v2_aigc_h13-normal-lying-on-bed,pf_v2_aigc_h13-normal-lying-on-bed,h13-normal-lying-on-bed,0,hard_negative,VAL,second deterministic role-group tranche
423_h13-normal-lying-on-bed-03.png,pf_v2_aigc_h13-normal-lying-on-bed,pf_v2_aigc_h13-normal-lying-on-bed,h13-normal-lying-on-bed,0,hard_negative,VAL,second deterministic role-group tranche
424_h13-normal-lying-on-bed-04.png,pf_v2_aigc_h13-normal-lying-on-bed,pf_v2_aigc_h13-normal-lying-on-bed,h13-normal-lying-on-bed,0,hard_negative,VAL,second deterministic role-group tranche
425_h13-normal-lying-on-bed-05.png,pf_v2_aigc_h13-normal-lying-on-bed,pf_v2_aigc_h13-normal-lying-on-bed,h13-normal-lying-on-bed,0,hard_negative,VAL,second deterministic role-group tranche
426_h13-normal-lying-on-bed-06.png,pf_v2_aigc_h13-normal-lying-on-bed,pf_v2_aigc_h13-normal-lying-on-bed,h13-normal-lying-on-bed,0,hard_negative,VAL,second deterministic role-group tranche
427_h13-normal-lying-on-bed-07.png,pf_v2_aigc_h13-normal-lying-on-bed,pf_v2_aigc_h13-normal-lying-on-bed,h13-normal-lying-on-bed,0,hard_negative,VAL,second deterministic role-group tranche
428_h13-normal-lying-on-bed-08.png,pf_v2_aigc_h13-normal-lying-on-bed,pf_v2_aigc_h13-normal-lying-on-bed,h13-normal-lying-on-bed,0,hard_negative,VAL,second deterministic role-group tranche
429_h13-normal-lying-on-bed-09.png,pf_v2_aigc_h13-normal-lying-on-bed,pf_v2_aigc_h13-normal-lying-on-bed,h13-normal-lying-on-bed,0,hard_negative,VAL,second deterministic role-group tranche
42_p05-side-lying-on-floor-02.png,pf_v2_aigc_p05-side-lying-on-floor,pf_v2_aigc_p05-side-lying-on-floor,p05-side-lying-on-floor,1,positive,DEV,first deterministic role-group tranche
430_h13-normal-lying-on-bed-10.png,pf_v2_aigc_h13-normal-lying-on-bed,pf_v2_aigc_h13-normal-lying-on-bed,h13-normal-lying-on-bed,0,hard_negative,VAL,second deterministic role-group tranche
431_h14-normal-lying-on-bed-01.png,pf_v2_aigc_h14-normal-lying-on-bed,pf_v2_aigc_h14-normal-lying-on-bed,h14-normal-lying-on-bed,0,hard_negative,VAL,second deterministic role-group tranche
432_h14-normal-lying-on-bed-02.png,pf_v2_aigc_h14-normal-lying-on-bed,pf_v2_aigc_h14-normal-lying-on-bed,h14-normal-lying-on-bed,0,hard_negative,VAL,second deterministic role-group tranche
433_h14-normal-lying-on-bed-03.png,pf_v2_aigc_h14-normal-lying-on-bed,pf_v2_aigc_h14-normal-lying-on-bed,h14-normal-lying-on-bed,0,hard_negative,VAL,second deterministic role-group tranche
434_h14-normal-lying-on-bed-04.png,pf_v2_aigc_h14-normal-lying-on-bed,pf_v2_aigc_h14-normal-lying-on-bed,h14-normal-lying-on-bed,0,hard_negative,VAL,second deterministic role-group tranche
435_h14-normal-lying-on-bed-05.png,pf_v2_aigc_h14-normal-lying-on-bed,pf_v2_aigc_h14-normal-lying-on-bed,h14-normal-lying-on-bed,0,hard_negative,VAL,second deterministic role-group tranche
436_h14-normal-lying-on-bed-06.png,pf_v2_aigc_h14-normal-lying-on-bed,pf_v2_aigc_h14-normal-lying-on-bed,h14-normal-lying-on-bed,0,hard_negative,VAL,second deterministic role-group tranche
437_h14-normal-lying-on-bed-07.png,pf_v2_aigc_h14-normal-lying-on-bed,pf_v2_aigc_h14-normal-lying-on-bed,h14-normal-lying-on-bed,0,hard_negative,VAL,second deterministic role-group tranche
438_h14-normal-lying-on-bed-08.png,pf_v2_aigc_h14-normal-lying-on-bed,pf_v2_aigc_h14-normal-lying-on-bed,h14-normal-lying-on-bed,0,hard_negative,VAL,second deterministic role-group tranche
439_h14-normal-lying-on-bed-09.png,pf_v2_aigc_h14-normal-lying-on-bed,pf_v2_aigc_h14-normal-lying-on-bed,h14-normal-lying-on-bed,0,hard_negative,VAL,second deterministic role-group tranche
43_p05-side-lying-on-floor-03.png,pf_v2_aigc_p05-side-lying-on-floor,pf_v2_aigc_p05-side-lying-on-floor,p05-side-lying-on-floor,1,positive,DEV,first deterministic role-group tranche
440_h14-normal-lying-on-bed-10.png,pf_v2_aigc_h14-normal-lying-on-bed,pf_v2_aigc_h14-normal-lying-on-bed,h14-normal-lying-on-bed,0,hard_negative,VAL,second deterministic role-group tranche
441_h15-normal-lying-on-sofa-or-recliner-01.png,pf_v2_aigc_h15-normal-lying-on-sofa-or-recliner,pf_v2_aigc_h15-normal-lying-on-sofa-or-recliner,h15-normal-lying-on-sofa-or-recliner,0,hard_negative,VAL,second deterministic role-group tranche
442_h15-normal-lying-on-sofa-or-recliner-02.png,pf_v2_aigc_h15-normal-lying-on-sofa-or-recliner,pf_v2_aigc_h15-normal-lying-on-sofa-or-recliner,h15-normal-lying-on-sofa-or-recliner,0,hard_negative,VAL,second deterministic role-group tranche
443_h15-normal-lying-on-sofa-or-recliner-03.png,pf_v2_aigc_h15-normal-lying-on-sofa-or-recliner,pf_v2_aigc_h15-normal-lying-on-sofa-or-recliner,h15-normal-lying-on-sofa-or-recliner,0,hard_negative,VAL,second deterministic role-group tranche
444_h15-normal-lying-on-sofa-or-recliner-04.png,pf_v2_aigc_h15-normal-lying-on-sofa-or-recliner,pf_v2_aigc_h15-normal-lying-on-sofa-or-recliner,h15-normal-lying-on-sofa-or-recliner,0,hard_negative,VAL,second deterministic role-group tranche
445_h15-normal-lying-on-sofa-or-recliner-05.png,pf_v2_aigc_h15-normal-lying-on-sofa-or-recliner,pf_v2_aigc_h15-normal-lying-on-sofa-or-recliner,h15-normal-lying-on-sofa-or-recliner,0,hard_negative,VAL,second deterministic role-group tranche
446_h15-normal-lying-on-sofa-or-recliner-06.png,pf_v2_aigc_h15-normal-lying-on-sofa-or-recliner,pf_v2_aigc_h15-normal-lying-on-sofa-or-recliner,h15-normal-lying-on-sofa-or-recliner,0,hard_negative,VAL,second deterministic role-group tranche
447_h15-normal-lying-on-sofa-or-recliner-07.png,pf_v2_aigc_h15-normal-lying-on-sofa-or-recliner,pf_v2_aigc_h15-normal-lying-on-sofa-or-recliner,h15-normal-lying-on-sofa-or-recliner,0,hard_negative,VAL,second deterministic role-group tranche
448_h15-normal-lying-on-sofa-or-recliner-08.png,pf_v2_aigc_h15-normal-lying-on-sofa-or-recliner,pf_v2_aigc_h15-normal-lying-on-sofa-or-recliner,h15-normal-lying-on-sofa-or-recliner,0,hard_negative,VAL,second deterministic role-group tranche
449_h15-normal-lying-on-sofa-or-recliner-09.png,pf_v2_aigc_h15-normal-lying-on-sofa-or-recliner,pf_v2_aigc_h15-normal-lying-on-sofa-or-recliner,h15-normal-lying-on-sofa-or-recliner,0,hard_negative,VAL,second deterministic role-group tranche
44_p05-side-lying-on-floor-04.png,pf_v2_aigc_p05-side-lying-on-floor,pf_v2_aigc_p05-side-lying-on-floor,p05-side-lying-on-floor,1,positive,DEV,first deterministic role-group tranche
450_h15-normal-lying-on-sofa-or-recliner-10.png,pf_v2_aigc_h15-normal-lying-on-sofa-or-recliner,pf_v2_aigc_h15-normal-lying-on-sofa-or-recliner,h15-normal-lying-on-sofa-or-recliner,0,hard_negative,VAL,second deterministic role-group tranche
451_h16-dummy-mannequin-poster-01.png,pf_v2_aigc_h16-dummy-mannequin-poster,pf_v2_aigc_h16-dummy-mannequin-poster,h16-dummy-mannequin-poster,0,hard_negative,HOLDOUT,sealed remaining role-group tranche
452_h16-dummy-mannequin-poster-02.png,pf_v2_aigc_h16-dummy-mannequin-poster,pf_v2_aigc_h16-dummy-mannequin-poster,h16-dummy-mannequin-poster,0,hard_negative,HOLDOUT,sealed remaining role-group tranche
453_h16-dummy-mannequin-poster-03.png,pf_v2_aigc_h16-dummy-mannequin-poster,pf_v2_aigc_h16-dummy-mannequin-poster,h16-dummy-mannequin-poster,0,hard_negative,HOLDOUT,sealed remaining role-group tranche
454_h16-dummy-mannequin-poster-04.png,pf_v2_aigc_h16-dummy-mannequin-poster,pf_v2_aigc_h16-dummy-mannequin-poster,h16-dummy-mannequin-poster,0,hard_negative,HOLDOUT,sealed remaining role-group tranche
455_h16-dummy-mannequin-poster-05.png,pf_v2_aigc_h16-dummy-mannequin-poster,pf_v2_aigc_h16-dummy-mannequin-poster,h16-dummy-mannequin-poster,0,hard_negative,HOLDOUT,sealed remaining role-group tranche
456_h16-dummy-mannequin-poster-06.png,pf_v2_aigc_h16-dummy-mannequin-poster,pf_v2_aigc_h16-dummy-mannequin-poster,h16-dummy-mannequin-poster,0,hard_negative,HOLDOUT,sealed remaining role-group tranche
457_h16-dummy-mannequin-poster-07.png,pf_v2_aigc_h16-dummy-mannequin-poster,pf_v2_aigc_h16-dummy-mannequin-poster,h16-dummy-mannequin-poster,0,hard_negative,HOLDOUT,sealed remaining role-group tranche
458_h16-dummy-mannequin-poster-08.png,pf_v2_aigc_h16-dummy-mannequin-poster,pf_v2_aigc_h16-dummy-mannequin-poster,h16-dummy-mannequin-poster,0,hard_negative,HOLDOUT,sealed remaining role-group tranche
459_h16-dummy-mannequin-poster-09.png,pf_v2_aigc_h16-dummy-mannequin-poster,pf_v2_aigc_h16-dummy-mannequin-poster,h16-dummy-mannequin-poster,0,hard_negative,HOLDOUT,sealed remaining role-group tranche
45_p05-side-lying-on-floor-05.png,pf_v2_aigc_p05-side-lying-on-floor,pf_v2_aigc_p05-side-lying-on-floor,p05-side-lying-on-floor,1,positive,DEV,first deterministic role-group tranche
460_h16-dummy-mannequin-poster-10.png,pf_v2_aigc_h16-dummy-mannequin-poster,pf_v2_aigc_h16-dummy-mannequin-poster,h16-dummy-mannequin-poster,0,hard_negative,HOLDOUT,sealed remaining role-group tranche
461_h17-partial-body-causing-illusion-01.png,pf_v2_aigc_h17-partial-body-causing-illusion,pf_v2_aigc_h17-partial-body-causing-illusion,h17-partial-body-causing-illusion,0,hard_negative,HOLDOUT,sealed remaining role-group tranche
462_h17-partial-body-causing-illusion-02.png,pf_v2_aigc_h17-partial-body-causing-illusion,pf_v2_aigc_h17-partial-body-causing-illusion,h17-partial-body-causing-illusion,0,hard_negative,HOLDOUT,sealed remaining role-group tranche
463_h17-partial-body-causing-illusion-03.png,pf_v2_aigc_h17-partial-body-causing-illusion,pf_v2_aigc_h17-partial-body-causing-illusion,h17-partial-body-causing-illusion,0,hard_negative,HOLDOUT,sealed remaining role-group tranche
464_h17-partial-body-causing-illusion-04.png,pf_v2_aigc_h17-partial-body-causing-illusion,pf_v2_aigc_h17-partial-body-causing-illusion,h17-partial-body-causing-illusion,0,hard_negative,HOLDOUT,sealed remaining role-group tranche
465_h17-partial-body-causing-illusion-05.png,pf_v2_aigc_h17-partial-body-causing-illusion,pf_v2_aigc_h17-partial-body-causing-illusion,h17-partial-body-causing-illusion,0,hard_negative,HOLDOUT,sealed remaining role-group tranche
466_h17-partial-body-causing-illusion-06.png,pf_v2_aigc_h17-partial-body-causing-illusion,pf_v2_aigc_h17-partial-body-causing-illusion,h17-partial-body-causing-illusion,0,hard_negative,HOLDOUT,sealed remaining role-group tranche
467_h17-partial-body-causing-illusion-07.png,pf_v2_aigc_h17-partial-body-causing-illusion,pf_v2_aigc_h17-partial-body-causing-illusion,h17-partial-body-causing-illusion,0,hard_negative,HOLDOUT,sealed remaining role-group tranche
468_h17-partial-body-causing-illusion-08.png,pf_v2_aigc_h17-partial-body-causing-illusion,pf_v2_aigc_h17-partial-body-causing-illusion,h17-partial-body-causing-illusion,0,hard_negative,HOLDOUT,sealed remaining role-group tranche
469_h17-partial-body-causing-illusion-09.png,pf_v2_aigc_h17-partial-body-causing-illusion,pf_v2_aigc_h17-partial-body-causing-illusion,h17-partial-body-causing-illusion,0,hard_negative,HOLDOUT,sealed remaining role-group tranche
46_p05-side-lying-on-floor-06.png,pf_v2_aigc_p05-side-lying-on-floor,pf_v2_aigc_p05-side-lying-on-floor,p05-side-lying-on-floor,1,positive,DEV,first deterministic role-group tranche
470_h17-partial-body-causing-illusion-10.png,pf_v2_aigc_h17-partial-body-causing-illusion,pf_v2_aigc_h17-partial-body-causing-illusion,h17-partial-body-causing-illusion,0,hard_negative,HOLDOUT,sealed remaining role-group tranche
471_h18-screen-mirror-photo-depiction-01.png,pf_v2_aigc_h18-screen-mirror-photo-depiction,pf_v2_aigc_h18-screen-mirror-photo-depiction,h18-screen-mirror-photo-depiction,0,hard_negative,HOLDOUT,sealed remaining role-group tranche
472_h18-screen-mirror-photo-depiction-02.png,pf_v2_aigc_h18-screen-mirror-photo-depiction,pf_v2_aigc_h18-screen-mirror-photo-depiction,h18-screen-mirror-photo-depiction,0,hard_negative,HOLDOUT,sealed remaining role-group tranche
473_h18-screen-mirror-photo-depiction-03.png,pf_v2_aigc_h18-screen-mirror-photo-depiction,pf_v2_aigc_h18-screen-mirror-photo-depiction,h18-screen-mirror-photo-depiction,0,hard_negative,HOLDOUT,sealed remaining role-group tranche
474_h18-screen-mirror-photo-depiction-04.png,pf_v2_aigc_h18-screen-mirror-photo-depiction,pf_v2_aigc_h18-screen-mirror-photo-depiction,h18-screen-mirror-photo-depiction,0,hard_negative,HOLDOUT,sealed remaining role-group tranche
475_h18-screen-mirror-photo-depiction-05.png,pf_v2_aigc_h18-screen-mirror-photo-depiction,pf_v2_aigc_h18-screen-mirror-photo-depiction,h18-screen-mirror-photo-depiction,0,hard_negative,HOLDOUT,sealed remaining role-group tranche
476_h18-screen-mirror-photo-depiction-06.png,pf_v2_aigc_h18-screen-mirror-photo-depiction,pf_v2_aigc_h18-screen-mirror-photo-depiction,h18-screen-mirror-photo-depiction,0,hard_negative,HOLDOUT,sealed remaining role-group tranche
477_h18-screen-mirror-photo-depiction-07.png,pf_v2_aigc_h18-screen-mirror-photo-depiction,pf_v2_aigc_h18-screen-mirror-photo-depiction,h18-screen-mirror-photo-depiction,0,hard_negative,HOLDOUT,sealed remaining role-group tranche
478_h18-screen-mirror-photo-depiction-08.png,pf_v2_aigc_h18-screen-mirror-photo-depiction,pf_v2_aigc_h18-screen-mirror-photo-depiction,h18-screen-mirror-photo-depiction,0,hard_negative,HOLDOUT,sealed remaining role-group tranche
479_h18-screen-mirror-photo-depiction-09.png,pf_v2_aigc_h18-screen-mirror-photo-depiction,pf_v2_aigc_h18-screen-mirror-photo-depiction,h18-screen-mirror-photo-depiction,0,hard_negative,HOLDOUT,sealed remaining role-group tranche
47_p05-side-lying-on-floor-07.png,pf_v2_aigc_p05-side-lying-on-floor,pf_v2_aigc_p05-side-lying-on-floor,p05-side-lying-on-floor,1,positive,DEV,first deterministic role-group tranche
480_h18-screen-mirror-photo-depiction-10.png,pf_v2_aigc_h18-screen-mirror-photo-depiction,pf_v2_aigc_h18-screen-mirror-photo-depiction,h18-screen-mirror-photo-depiction,0,hard_negative,HOLDOUT,sealed remaining role-group tranche
481_u01-severely-occluded-tiny-blurry-01.png,pf_v2_aigc_u01-severely-occluded-tiny-blurry,pf_v2_aigc_u01-severely-occluded-tiny-blurry,u01-severely-occluded-tiny-blurry,uncertain,uncertain,DEV,uncertain qualitative pool; excluded from formal metrics and holdout
482_u01-severely-occluded-tiny-blurry-02.png,pf_v2_aigc_u01-severely-occluded-tiny-blurry,pf_v2_aigc_u01-severely-occluded-tiny-blurry,u01-severely-occluded-tiny-blurry,uncertain,uncertain,DEV,uncertain qualitative pool; excluded from formal metrics and holdout
483_u01-severely-occluded-tiny-blurry-03.png,pf_v2_aigc_u01-severely-occluded-tiny-blurry,pf_v2_aigc_u01-severely-occluded-tiny-blurry,u01-severely-occluded-tiny-blurry,uncertain,uncertain,DEV,uncertain qualitative pool; excluded from formal metrics and holdout
484_u01-severely-occluded-tiny-blurry-04.png,pf_v2_aigc_u01-severely-occluded-tiny-blurry,pf_v2_aigc_u01-severely-occluded-tiny-blurry,u01-severely-occluded-tiny-blurry,uncertain,uncertain,DEV,uncertain qualitative pool; excluded from formal metrics and holdout
485_u01-severely-occluded-tiny-blurry-05.png,pf_v2_aigc_u01-severely-occluded-tiny-blurry,pf_v2_aigc_u01-severely-occluded-tiny-blurry,u01-severely-occluded-tiny-blurry,uncertain,uncertain,DEV,uncertain qualitative pool; excluded from formal metrics and holdout
486_u01-severely-occluded-tiny-blurry-06.png,pf_v2_aigc_u01-severely-occluded-tiny-blurry,pf_v2_aigc_u01-severely-occluded-tiny-blurry,u01-severely-occluded-tiny-blurry,uncertain,uncertain,DEV,uncertain qualitative pool; excluded from formal metrics and holdout
487_u01-severely-occluded-tiny-blurry-07.png,pf_v2_aigc_u01-severely-occluded-tiny-blurry,pf_v2_aigc_u01-severely-occluded-tiny-blurry,u01-severely-occluded-tiny-blurry,uncertain,uncertain,DEV,uncertain qualitative pool; excluded from formal metrics and holdout
488_u01-severely-occluded-tiny-blurry-08.png,pf_v2_aigc_u01-severely-occluded-tiny-blurry,pf_v2_aigc_u01-severely-occluded-tiny-blurry,u01-severely-occluded-tiny-blurry,uncertain,uncertain,DEV,uncertain qualitative pool; excluded from formal metrics and holdout
489_u01-severely-occluded-tiny-blurry-09.png,pf_v2_aigc_u01-severely-occluded-tiny-blurry,pf_v2_aigc_u01-severely-occluded-tiny-blurry,u01-severely-occluded-tiny-blurry,uncertain,uncertain,DEV,uncertain qualitative pool; excluded from formal metrics and holdout
48_p05-side-lying-on-floor-08.png,pf_v2_aigc_p05-side-lying-on-floor,pf_v2_aigc_p05-side-lying-on-floor,p05-side-lying-on-floor,1,positive,DEV,first deterministic role-group tranche
490_u01-severely-occluded-tiny-blurry-10.png,pf_v2_aigc_u01-severely-occluded-tiny-blurry,pf_v2_aigc_u01-severely-occluded-tiny-blurry,u01-severely-occluded-tiny-blurry,uncertain,uncertain,DEV,uncertain qualitative pool; excluded from formal metrics and holdout
491_u02-unclear-support-surface-partial-body-01.png,pf_v2_aigc_u02-unclear-support-surface-partial-body,pf_v2_aigc_u02-unclear-support-surface-partial-body,u02-unclear-support-surface-partial-body,uncertain,uncertain,DEV,uncertain qualitative pool; excluded from formal metrics and holdout
492_u02-unclear-support-surface-partial-body-02.png,pf_v2_aigc_u02-unclear-support-surface-partial-body,pf_v2_aigc_u02-unclear-support-surface-partial-body,u02-unclear-support-surface-partial-body,uncertain,uncertain,DEV,uncertain qualitative pool; excluded from formal metrics and holdout
493_u02-unclear-support-surface-partial-body-03.png,pf_v2_aigc_u02-unclear-support-surface-partial-body,pf_v2_aigc_u02-unclear-support-surface-partial-body,u02-unclear-support-surface-partial-body,uncertain,uncertain,DEV,uncertain qualitative pool; excluded from formal metrics and holdout
494_u02-unclear-support-surface-partial-body-04.png,pf_v2_aigc_u02-unclear-support-surface-partial-body,pf_v2_aigc_u02-unclear-support-surface-partial-body,u02-unclear-support-surface-partial-body,uncertain,uncertain,DEV,uncertain qualitative pool; excluded from formal metrics and holdout
495_u02-unclear-support-surface-partial-body-05.png,pf_v2_aigc_u02-unclear-support-surface-partial-body,pf_v2_aigc_u02-unclear-support-surface-partial-body,u02-unclear-support-surface-partial-body,uncertain,uncertain,DEV,uncertain qualitative pool; excluded from formal metrics and holdout
496_u02-unclear-support-surface-partial-body-06.png,pf_v2_aigc_u02-unclear-support-surface-partial-body,pf_v2_aigc_u02-unclear-support-surface-partial-body,u02-unclear-support-surface-partial-body,uncertain,uncertain,DEV,uncertain qualitative pool; excluded from formal metrics and holdout
497_u02-unclear-support-surface-partial-body-07.png,pf_v2_aigc_u02-unclear-support-surface-partial-body,pf_v2_aigc_u02-unclear-support-surface-partial-body,u02-unclear-support-surface-partial-body,uncertain,uncertain,DEV,uncertain qualitative pool; excluded from formal metrics and holdout
498_u02-unclear-support-surface-partial-body-08.png,pf_v2_aigc_u02-unclear-support-surface-partial-body,pf_v2_aigc_u02-unclear-support-surface-partial-body,u02-unclear-support-surface-partial-body,uncertain,uncertain,DEV,uncertain qualitative pool; excluded from formal metrics and holdout
499_u02-unclear-support-surface-partial-body-09.png,pf_v2_aigc_u02-unclear-support-surface-partial-body,pf_v2_aigc_u02-unclear-support-surface-partial-body,u02-unclear-support-surface-partial-body,uncertain,uncertain,DEV,uncertain qualitative pool; excluded from formal metrics and holdout
49_p05-side-lying-on-floor-09.png,pf_v2_aigc_p05-side-lying-on-floor,pf_v2_aigc_p05-side-lying-on-floor,p05-side-lying-on-floor,1,positive,DEV,first deterministic role-group tranche
500_u02-unclear-support-surface-partial-body-10.png,pf_v2_aigc_u02-unclear-support-surface-partial-body,pf_v2_aigc_u02-unclear-support-surface-partial-body,u02-unclear-support-surface-partial-body,uncertain,uncertain,DEV,uncertain qualitative pool; excluded from formal metrics and holdout
50_p05-side-lying-on-floor-10.png,pf_v2_aigc_p05-side-lying-on-floor,pf_v2_aigc_p05-side-lying-on-floor,p05-side-lying-on-floor,1,positive,DEV,first deterministic role-group tranche
51_p06-side-lying-on-floor-01.png,pf_v2_aigc_p06-side-lying-on-floor,pf_v2_aigc_p06-side-lying-on-floor,p06-side-lying-on-floor,1,positive,DEV,first deterministic role-group tranche
52_p06-side-lying-on-floor-02.png,pf_v2_aigc_p06-side-lying-on-floor,pf_v2_aigc_p06-side-lying-on-floor,p06-side-lying-on-floor,1,positive,DEV,first deterministic role-group tranche
53_p06-side-lying-on-floor-03.png,pf_v2_aigc_p06-side-lying-on-floor,pf_v2_aigc_p06-side-lying-on-floor,p06-side-lying-on-floor,1,positive,DEV,first deterministic role-group tranche
54_p06-side-lying-on-floor-04.png,pf_v2_aigc_p06-side-lying-on-floor,pf_v2_aigc_p06-side-lying-on-floor,p06-side-lying-on-floor,1,positive,DEV,first deterministic role-group tranche
55_p06-side-lying-on-floor-05.png,pf_v2_aigc_p06-side-lying-on-floor,pf_v2_aigc_p06-side-lying-on-floor,p06-side-lying-on-floor,1,positive,DEV,first deterministic role-group tranche
56_p06-side-lying-on-floor-06.png,pf_v2_aigc_p06-side-lying-on-floor,pf_v2_aigc_p06-side-lying-on-floor,p06-side-lying-on-floor,1,positive,DEV,first deterministic role-group tranche
57_p06-side-lying-on-floor-07.png,pf_v2_aigc_p06-side-lying-on-floor,pf_v2_aigc_p06-side-lying-on-floor,p06-side-lying-on-floor,1,positive,DEV,first deterministic role-group tranche
58_p06-side-lying-on-floor-08.png,pf_v2_aigc_p06-side-lying-on-floor,pf_v2_aigc_p06-side-lying-on-floor,p06-side-lying-on-floor,1,positive,DEV,first deterministic role-group tranche
59_p06-side-lying-on-floor-09.png,pf_v2_aigc_p06-side-lying-on-floor,pf_v2_aigc_p06-side-lying-on-floor,p06-side-lying-on-floor,1,positive,DEV,first deterministic role-group tranche
60_p06-side-lying-on-floor-10.png,pf_v2_aigc_p06-side-lying-on-floor,pf_v2_aigc_p06-side-lying-on-floor,p06-side-lying-on-floor,1,positive,DEV,first deterministic role-group tranche
61_p07-irregular-sprawled-posture-01.png,pf_v2_aigc_p07-irregular-sprawled-posture,pf_v2_aigc_p07-irregular-sprawled-posture,p07-irregular-sprawled-posture,1,positive,DEV,first deterministic role-group tranche
62_p07-irregular-sprawled-posture-02.png,pf_v2_aigc_p07-irregular-sprawled-posture,pf_v2_aigc_p07-irregular-sprawled-posture,p07-irregular-sprawled-posture,1,positive,DEV,first deterministic role-group tranche
63_p07-irregular-sprawled-posture-03.png,pf_v2_aigc_p07-irregular-sprawled-posture,pf_v2_aigc_p07-irregular-sprawled-posture,p07-irregular-sprawled-posture,1,positive,DEV,first deterministic role-group tranche
64_p07-irregular-sprawled-posture-04.png,pf_v2_aigc_p07-irregular-sprawled-posture,pf_v2_aigc_p07-irregular-sprawled-posture,p07-irregular-sprawled-posture,1,positive,DEV,first deterministic role-group tranche
65_p07-irregular-sprawled-posture-05.png,pf_v2_aigc_p07-irregular-sprawled-posture,pf_v2_aigc_p07-irregular-sprawled-posture,p07-irregular-sprawled-posture,1,positive,DEV,first deterministic role-group tranche
66_p07-irregular-sprawled-posture-06.png,pf_v2_aigc_p07-irregular-sprawled-posture,pf_v2_aigc_p07-irregular-sprawled-posture,p07-irregular-sprawled-posture,1,positive,DEV,first deterministic role-group tranche
67_p07-irregular-sprawled-posture-07.png,pf_v2_aigc_p07-irregular-sprawled-posture,pf_v2_aigc_p07-irregular-sprawled-posture,p07-irregular-sprawled-posture,1,positive,DEV,first deterministic role-group tranche
68_p07-irregular-sprawled-posture-08.png,pf_v2_aigc_p07-irregular-sprawled-posture,pf_v2_aigc_p07-irregular-sprawled-posture,p07-irregular-sprawled-posture,1,positive,DEV,first deterministic role-group tranche
69_p07-irregular-sprawled-posture-09.png,pf_v2_aigc_p07-irregular-sprawled-posture,pf_v2_aigc_p07-irregular-sprawled-posture,p07-irregular-sprawled-posture,1,positive,DEV,first deterministic role-group tranche
70_p07-irregular-sprawled-posture-10.png,pf_v2_aigc_p07-irregular-sprawled-posture,pf_v2_aigc_p07-irregular-sprawled-posture,p07-irregular-sprawled-posture,1,positive,DEV,first deterministic role-group tranche
71_p08-irregular-sprawled-posture-01.png,pf_v2_aigc_p08-irregular-sprawled-posture,pf_v2_aigc_p08-irregular-sprawled-posture,p08-irregular-sprawled-posture,1,positive,DEV,first deterministic role-group tranche
72_p08-irregular-sprawled-posture-02.png,pf_v2_aigc_p08-irregular-sprawled-posture,pf_v2_aigc_p08-irregular-sprawled-posture,p08-irregular-sprawled-posture,1,positive,DEV,first deterministic role-group tranche
73_p08-irregular-sprawled-posture-03.png,pf_v2_aigc_p08-irregular-sprawled-posture,pf_v2_aigc_p08-irregular-sprawled-posture,p08-irregular-sprawled-posture,1,positive,DEV,first deterministic role-group tranche
74_p08-irregular-sprawled-posture-04.png,pf_v2_aigc_p08-irregular-sprawled-posture,pf_v2_aigc_p08-irregular-sprawled-posture,p08-irregular-sprawled-posture,1,positive,DEV,first deterministic role-group tranche
75_p08-irregular-sprawled-posture-05.png,pf_v2_aigc_p08-irregular-sprawled-posture,pf_v2_aigc_p08-irregular-sprawled-posture,p08-irregular-sprawled-posture,1,positive,DEV,first deterministic role-group tranche
76_p08-irregular-sprawled-posture-06.png,pf_v2_aigc_p08-irregular-sprawled-posture,pf_v2_aigc_p08-irregular-sprawled-posture,p08-irregular-sprawled-posture,1,positive,DEV,first deterministic role-group tranche
77_p08-irregular-sprawled-posture-07.png,pf_v2_aigc_p08-irregular-sprawled-posture,pf_v2_aigc_p08-irregular-sprawled-posture,p08-irregular-sprawled-posture,1,positive,DEV,first deterministic role-group tranche
78_p08-irregular-sprawled-posture-08.png,pf_v2_aigc_p08-irregular-sprawled-posture,pf_v2_aigc_p08-irregular-sprawled-posture,p08-irregular-sprawled-posture,1,positive,DEV,first deterministic role-group tranche
79_p08-irregular-sprawled-posture-09.png,pf_v2_aigc_p08-irregular-sprawled-posture,pf_v2_aigc_p08-irregular-sprawled-posture,p08-irregular-sprawled-posture,1,positive,DEV,first deterministic role-group tranche
80_p08-irregular-sprawled-posture-10.png,pf_v2_aigc_p08-irregular-sprawled-posture,pf_v2_aigc_p08-irregular-sprawled-posture,p08-irregular-sprawled-posture,1,positive,DEV,first deterministic role-group tranche
81_p09-partially-occluded-fallen-person-01.png,pf_v2_aigc_p09-partially-occluded-fallen-person,pf_v2_aigc_p09-partially-occluded-fallen-person,p09-partially-occluded-fallen-person,1,positive,DEV,first deterministic role-group tranche
82_p09-partially-occluded-fallen-person-02.png,pf_v2_aigc_p09-partially-occluded-fallen-person,pf_v2_aigc_p09-partially-occluded-fallen-person,p09-partially-occluded-fallen-person,1,positive,DEV,first deterministic role-group tranche
83_p09-partially-occluded-fallen-person-03.png,pf_v2_aigc_p09-partially-occluded-fallen-person,pf_v2_aigc_p09-partially-occluded-fallen-person,p09-partially-occluded-fallen-person,1,positive,DEV,first deterministic role-group tranche
84_p09-partially-occluded-fallen-person-04.png,pf_v2_aigc_p09-partially-occluded-fallen-person,pf_v2_aigc_p09-partially-occluded-fallen-person,p09-partially-occluded-fallen-person,1,positive,DEV,first deterministic role-group tranche
85_p09-partially-occluded-fallen-person-05.png,pf_v2_aigc_p09-partially-occluded-fallen-person,pf_v2_aigc_p09-partially-occluded-fallen-person,p09-partially-occluded-fallen-person,1,positive,DEV,first deterministic role-group tranche
86_p09-partially-occluded-fallen-person-06.png,pf_v2_aigc_p09-partially-occluded-fallen-person,pf_v2_aigc_p09-partially-occluded-fallen-person,p09-partially-occluded-fallen-person,1,positive,DEV,first deterministic role-group tranche
87_p09-partially-occluded-fallen-person-07.png,pf_v2_aigc_p09-partially-occluded-fallen-person,pf_v2_aigc_p09-partially-occluded-fallen-person,p09-partially-occluded-fallen-person,1,positive,DEV,first deterministic role-group tranche
88_p09-partially-occluded-fallen-person-08.png,pf_v2_aigc_p09-partially-occluded-fallen-person,pf_v2_aigc_p09-partially-occluded-fallen-person,p09-partially-occluded-fallen-person,1,positive,DEV,first deterministic role-group tranche
89_p09-partially-occluded-fallen-person-09.png,pf_v2_aigc_p09-partially-occluded-fallen-person,pf_v2_aigc_p09-partially-occluded-fallen-person,p09-partially-occluded-fallen-person,1,positive,DEV,first deterministic role-group tranche
90_p09-partially-occluded-fallen-person-10.png,pf_v2_aigc_p09-partially-occluded-fallen-person,pf_v2_aigc_p09-partially-occluded-fallen-person,p09-partially-occluded-fallen-person,1,positive,DEV,first deterministic role-group tranche
91_p10-partially-occluded-fallen-person-01.png,pf_v2_aigc_p10-partially-occluded-fallen-person,pf_v2_aigc_p10-partially-occluded-fallen-person,p10-partially-occluded-fallen-person,1,positive,DEV,first deterministic role-group tranche
92_p10-partially-occluded-fallen-person-02.png,pf_v2_aigc_p10-partially-occluded-fallen-person,pf_v2_aigc_p10-partially-occluded-fallen-person,p10-partially-occluded-fallen-person,1,positive,DEV,first deterministic role-group tranche
93_p10-partially-occluded-fallen-person-03.png,pf_v2_aigc_p10-partially-occluded-fallen-person,pf_v2_aigc_p10-partially-occluded-fallen-person,p10-partially-occluded-fallen-person,1,positive,DEV,first deterministic role-group tranche
94_p10-partially-occluded-fallen-person-04.png,pf_v2_aigc_p10-partially-occluded-fallen-person,pf_v2_aigc_p10-partially-occluded-fallen-person,p10-partially-occluded-fallen-person,1,positive,DEV,first deterministic role-group tranche
95_p10-partially-occluded-fallen-person-05.png,pf_v2_aigc_p10-partially-occluded-fallen-person,pf_v2_aigc_p10-partially-occluded-fallen-person,p10-partially-occluded-fallen-person,1,positive,DEV,first deterministic role-group tranche
96_p10-partially-occluded-fallen-person-06.png,pf_v2_aigc_p10-partially-occluded-fallen-person,pf_v2_aigc_p10-partially-occluded-fallen-person,p10-partially-occluded-fallen-person,1,positive,DEV,first deterministic role-group tranche
97_p10-partially-occluded-fallen-person-07.png,pf_v2_aigc_p10-partially-occluded-fallen-person,pf_v2_aigc_p10-partially-occluded-fallen-person,p10-partially-occluded-fallen-person,1,positive,DEV,first deterministic role-group tranche
98_p10-partially-occluded-fallen-person-08.png,pf_v2_aigc_p10-partially-occluded-fallen-person,pf_v2_aigc_p10-partially-occluded-fallen-person,p10-partially-occluded-fallen-person,1,positive,DEV,first deterministic role-group tranche
99_p10-partially-occluded-fallen-person-09.png,pf_v2_aigc_p10-partially-occluded-fallen-person,pf_v2_aigc_p10-partially-occluded-fallen-person,p10-partially-occluded-fallen-person,1,positive,DEV,first deterministic role-group tranche
