review_row_id,prompt_id,image_path,image_path_uri,raw_path,group_id,planned_split,planned_role,taxonomy,provider,historical_adapter_version,accept_reject_uncertain,reviewed_event_label,reviewed_sample_role,semantic_alignment,image_artifact_status,review_status,reviewer,review_timestamp,notes
PFV2-FC-0001,PF_P4D_HN_SIT_G001_V01,/home/yanbo/下载/batches/batch-person-fallen-v2-p4d-hardneg-fullregen-r2-camera1p5m/final/PF_P4D_HN_SIT_G001_V01.png,file:///home/yanbo/%E4%B8%8B%E8%BD%BD/batches/batch-person-fallen-v2-p4d-hardneg-fullregen-r2-camera1p5m/final/PF_P4D_HN_SIT_G001_V01.png,/home/yanbo/下载/batches/batch-person-fallen-v2-p4d-hardneg-fullregen-r2-camera1p5m/generated_raw/PF_P4D_HN_SIT_G001_V01.png,PF_P4D_HN_SIT_G001,NEW_DESIGN,hard_negative,floor_sitting,codex,LEGACY_NO_ADAPTER,,,,,,unreviewed,,,
PFV2-FC-0002,PF_P4D_HN_SIT_G001_V02,/home/yanbo/下载/batches/batch-person-fallen-v2-p4d-hardneg-fullregen-r2-camera1p5m/final/PF_P4D_HN_SIT_G001_V02.png,file:///home/yanbo/%E4%B8%8B%E8%BD%BD/batches/batch-person-fallen-v2-p4d-hardneg-fullregen-r2-camera1p5m/final/PF_P4D_HN_SIT_G001_V02.png,/home/yanbo/下载/batches/batch-person-fallen-v2-p4d-hardneg-fullregen-r2-camera1p5m/generated_raw/PF_P4D_HN_SIT_G001_V02.png,PF_P4D_HN_SIT_G001,NEW_DESIGN,hard_negative,floor_sitting,codex,LEGACY_NO_ADAPTER,,,,,,unreviewed,,,
PFV2-FC-0003,PF_P4D_HN_SIT_G001_V03,/home/yanbo/下载/batches/batch-person-fallen-v2-p4d-hardneg-fullregen-r2-camera1p5m/final/PF_P4D_HN_SIT_G001_V03.png,file:///home/yanbo/%E4%B8%8B%E8%BD%BD/batches/batch-person-fallen-v2-p4d-hardneg-fullregen-r2-camera1p5m/final/PF_P4D_HN_SIT_G001_V03.png,/home/yanbo/下载/batches/batch-person-fallen-v2-p4d-hardneg-fullregen-r2-camera1p5m/generated_raw/PF_P4D_HN_SIT_G001_V03.png,PF_P4D_HN_SIT_G001,NEW_DESIGN,hard_negative,floor_sitting,codex,LEGACY_NO_ADAPTER,,,,,,unreviewed,,,
PFV2-FC-0004,PF_P4D_HN_SIT_G001_V04,/home/yanbo/下载/batches/batch-person-fallen-v2-p4d-hardneg-fullregen-r2-camera1p5m/final/PF_P4D_HN_SIT_G001_V04.png,file:///home/yanbo/%E4%B8%8B%E8%BD%BD/batches/batch-person-fallen-v2-p4d-hardneg-fullregen-r2-camera1p5m/final/PF_P4D_HN_SIT_G001_V04.png,/home/yanbo/下载/batches/batch-person-fallen-v2-p4d-hardneg-fullregen-r2-camera1p5m/generated_raw/PF_P4D_HN_SIT_G001_V04.png,PF_P4D_HN_SIT_G001,NEW_DESIGN,hard_negative,floor_sitting,codex,LEGACY_NO_ADAPTER,,,,,,unreviewed,,,
PFV2-FC-0005,PF_P4D_HN_SIT_G001_V05,/home/yanbo/下载/batches/batch-person-fallen-v2-p4d-hardneg-fullregen-r2-camera1p5m/final/PF_P4D_HN_SIT_G001_V05.png,file:///home/yanbo/%E4%B8%8B%E8%BD%BD/batches/batch-person-fallen-v2-p4d-hardneg-fullregen-r2-camera1p5m/final/PF_P4D_HN_SIT_G001_V05.png,/home/yanbo/下载/batches/batch-person-fallen-v2-p4d-hardneg-fullregen-r2-camera1p5m/generated_raw/PF_P4D_HN_SIT_G001_V05.png,PF_P4D_HN_SIT_G001,NEW_DESIGN,hard_negative,floor_sitting,codex,LEGACY_NO_ADAPTER,,,,,,unreviewed,,,
PFV2-FC-0006,PF_P4D_HN_SIT_G002_V01,/home/yanbo/下载/batches/batch-person-fallen-v2-p4d-hardneg-fullregen-r2-camera1p5m/final/PF_P4D_HN_SIT_G002_V01.png,file:///home/yanbo/%E4%B8%8B%E8%BD%BD/batches/batch-person-fallen-v2-p4d-hardneg-fullregen-r2-camera1p5m/final/PF_P4D_HN_SIT_G002_V01.png,/home/yanbo/下载/batches/batch-person-fallen-v2-p4d-hardneg-fullregen-r2-camera1p5m/generated_raw/PF_P4D_HN_SIT_G002_V01.png,PF_P4D_HN_SIT_G002,NEW_DESIGN,hard_negative,floor_sitting,codex,LEGACY_NO_ADAPTER,,,,,,unreviewed,,,
PFV2-FC-0007,PF_P4D_HN_SIT_G002_V02,/home/yanbo/下载/batches/batch-person-fallen-v2-p4d-hardneg-fullregen-r2-camera1p5m/final/PF_P4D_HN_SIT_G002_V02.png,file:///home/yanbo/%E4%B8%8B%E8%BD%BD/batches/batch-person-fallen-v2-p4d-hardneg-fullregen-r2-camera1p5m/final/PF_P4D_HN_SIT_G002_V02.png,/home/yanbo/下载/batches/batch-person-fallen-v2-p4d-hardneg-fullregen-r2-camera1p5m/generated_raw/PF_P4D_HN_SIT_G002_V02.png,PF_P4D_HN_SIT_G002,NEW_DESIGN,hard_negative,floor_sitting,codex,LEGACY_NO_ADAPTER,,,,,,unreviewed,,,
PFV2-FC-0008,PF_P4D_HN_SIT_G002_V03,/home/yanbo/下载/batches/batch-person-fallen-v2-p4d-hardneg-fullregen-r2-camera1p5m/final/PF_P4D_HN_SIT_G002_V03.png,file:///home/yanbo/%E4%B8%8B%E8%BD%BD/batches/batch-person-fallen-v2-p4d-hardneg-fullregen-r2-camera1p5m/final/PF_P4D_HN_SIT_G002_V03.png,/home/yanbo/下载/batches/batch-person-fallen-v2-p4d-hardneg-fullregen-r2-camera1p5m/generated_raw/PF_P4D_HN_SIT_G002_V03.png,PF_P4D_HN_SIT_G002,NEW_DESIGN,hard_negative,floor_sitting,codex,LEGACY_NO_ADAPTER,,,,,,unreviewed,,,
PFV2-FC-0009,PF_P4D_HN_SIT_G002_V04,/home/yanbo/下载/batches/batch-person-fallen-v2-p4d-hardneg-fullregen-r2-camera1p5m/final/PF_P4D_HN_SIT_G002_V04.png,file:///home/yanbo/%E4%B8%8B%E8%BD%BD/batches/batch-person-fallen-v2-p4d-hardneg-fullregen-r2-camera1p5m/final/PF_P4D_HN_SIT_G002_V04.png,/home/yanbo/下载/batches/batch-person-fallen-v2-p4d-hardneg-fullregen-r2-camera1p5m/generated_raw/PF_P4D_HN_SIT_G002_V04.png,PF_P4D_HN_SIT_G002,NEW_DESIGN,hard_negative,floor_sitting,codex,LEGACY_NO_ADAPTER,,,,,,unreviewed,,,
PFV2-FC-0010,PF_P4D_HN_SIT_G002_V05,/home/yanbo/下载/batches/batch-person-fallen-v2-p4d-hardneg-fullregen-r2-camera1p5m/final/PF_P4D_HN_SIT_G002_V05.png,file:///home/yanbo/%E4%B8%8B%E8%BD%BD/batches/batch-person-fallen-v2-p4d-hardneg-fullregen-r2-camera1p5m/final/PF_P4D_HN_SIT_G002_V05.png,/home/yanbo/下载/batches/batch-person-fallen-v2-p4d-hardneg-fullregen-r2-camera1p5m/generated_raw/PF_P4D_HN_SIT_G002_V05.png,PF_P4D_HN_SIT_G002,NEW_DESIGN,hard_negative,floor_sitting,codex,LEGACY_NO_ADAPTER,,,,,,unreviewed,,,
PFV2-FC-0011,PF_P4D_HN_SIT_G003_V01,/home/yanbo/下载/batches/batch-person-fallen-v2-p4d-hardneg-fullregen-r2-camera1p5m/final/PF_P4D_HN_SIT_G003_V01.png,file:///home/yanbo/%E4%B8%8B%E8%BD%BD/batches/batch-person-fallen-v2-p4d-hardneg-fullregen-r2-camera1p5m/final/PF_P4D_HN_SIT_G003_V01.png,/home/yanbo/下载/batches/batch-person-fallen-v2-p4d-hardneg-fullregen-r2-camera1p5m/generated_raw/PF_P4D_HN_SIT_G003_V01.png,PF_P4D_HN_SIT_G003,NEW_DESIGN,hard_negative,floor_sitting,codex,LEGACY_NO_ADAPTER,,,,,,unreviewed,,,
PFV2-FC-0012,PF_P4D_HN_SIT_G003_V02,/home/yanbo/下载/batches/batch-person-fallen-v2-p4d-hardneg-fullregen-r2-camera1p5m/final/PF_P4D_HN_SIT_G003_V02.png,file:///home/yanbo/%E4%B8%8B%E8%BD%BD/batches/batch-person-fallen-v2-p4d-hardneg-fullregen-r2-camera1p5m/final/PF_P4D_HN_SIT_G003_V02.png,/home/yanbo/下载/batches/batch-person-fallen-v2-p4d-hardneg-fullregen-r2-camera1p5m/generated_raw/PF_P4D_HN_SIT_G003_V02.png,PF_P4D_HN_SIT_G003,NEW_DESIGN,hard_negative,floor_sitting,codex,LEGACY_NO_ADAPTER,,,,,,unreviewed,,,
PFV2-FC-0013,PF_P4D_HN_SIT_G003_V03,/home/yanbo/下载/batches/batch-person-fallen-v2-p4d-hardneg-fullregen-r2-camera1p5m/final/PF_P4D_HN_SIT_G003_V03.png,file:///home/yanbo/%E4%B8%8B%E8%BD%BD/batches/batch-person-fallen-v2-p4d-hardneg-fullregen-r2-camera1p5m/final/PF_P4D_HN_SIT_G003_V03.png,/home/yanbo/下载/batches/batch-person-fallen-v2-p4d-hardneg-fullregen-r2-camera1p5m/generated_raw/PF_P4D_HN_SIT_G003_V03.png,PF_P4D_HN_SIT_G003,NEW_DESIGN,hard_negative,floor_sitting,codex,LEGACY_NO_ADAPTER,,,,,,unreviewed,,,
PFV2-FC-0014,PF_P4D_HN_SIT_G003_V04,/home/yanbo/下载/batches/batch-person-fallen-v2-p4d-hardneg-fullregen-r2-camera1p5m/final/PF_P4D_HN_SIT_G003_V04.png,file:///home/yanbo/%E4%B8%8B%E8%BD%BD/batches/batch-person-fallen-v2-p4d-hardneg-fullregen-r2-camera1p5m/final/PF_P4D_HN_SIT_G003_V04.png,/home/yanbo/下载/batches/batch-person-fallen-v2-p4d-hardneg-fullregen-r2-camera1p5m/generated_raw/PF_P4D_HN_SIT_G003_V04.png,PF_P4D_HN_SIT_G003,NEW_DESIGN,hard_negative,floor_sitting,codex,LEGACY_NO_ADAPTER,,,,,,unreviewed,,,
PFV2-FC-0015,PF_P4D_HN_SIT_G003_V05,/home/yanbo/下载/batches/batch-person-fallen-v2-p4d-hardneg-fullregen-r2-camera1p5m/final/PF_P4D_HN_SIT_G003_V05.png,file:///home/yanbo/%E4%B8%8B%E8%BD%BD/batches/batch-person-fallen-v2-p4d-hardneg-fullregen-r2-camera1p5m/final/PF_P4D_HN_SIT_G003_V05.png,/home/yanbo/下载/batches/batch-person-fallen-v2-p4d-hardneg-fullregen-r2-camera1p5m/generated_raw/PF_P4D_HN_SIT_G003_V05.png,PF_P4D_HN_SIT_G003,NEW_DESIGN,hard_negative,floor_sitting,codex,LEGACY_NO_ADAPTER,,,,,,unreviewed,,,
PFV2-FC-0016,PF_P4D_HN_SIT_G004_V01,/home/yanbo/下载/batches/batch-person-fallen-v2-p4d-hardneg-fullregen-r2-camera1p5m/final/PF_P4D_HN_SIT_G004_V01.png,file:///home/yanbo/%E4%B8%8B%E8%BD%BD/batches/batch-person-fallen-v2-p4d-hardneg-fullregen-r2-camera1p5m/final/PF_P4D_HN_SIT_G004_V01.png,/home/yanbo/下载/batches/batch-person-fallen-v2-p4d-hardneg-fullregen-r2-camera1p5m/generated_raw/PF_P4D_HN_SIT_G004_V01.png,PF_P4D_HN_SIT_G004,NEW_DESIGN,hard_negative,floor_sitting,codex,LEGACY_NO_ADAPTER,,,,,,unreviewed,,,
PFV2-FC-0017,PF_P4D_HN_SIT_G004_V02,/home/yanbo/下载/batches/batch-person-fallen-v2-p4d-hardneg-fullregen-r2-camera1p5m/final/PF_P4D_HN_SIT_G004_V02.png,file:///home/yanbo/%E4%B8%8B%E8%BD%BD/batches/batch-person-fallen-v2-p4d-hardneg-fullregen-r2-camera1p5m/final/PF_P4D_HN_SIT_G004_V02.png,/home/yanbo/下载/batches/batch-person-fallen-v2-p4d-hardneg-fullregen-r2-camera1p5m/generated_raw/PF_P4D_HN_SIT_G004_V02.png,PF_P4D_HN_SIT_G004,NEW_DESIGN,hard_negative,floor_sitting,codex,LEGACY_NO_ADAPTER,,,,,,unreviewed,,,
PFV2-FC-0018,PF_P4D_HN_SIT_G004_V03,/home/yanbo/下载/batches/batch-person-fallen-v2-p4d-hardneg-fullregen-r2-camera1p5m/final/PF_P4D_HN_SIT_G004_V03.png,file:///home/yanbo/%E4%B8%8B%E8%BD%BD/batches/batch-person-fallen-v2-p4d-hardneg-fullregen-r2-camera1p5m/final/PF_P4D_HN_SIT_G004_V03.png,/home/yanbo/下载/batches/batch-person-fallen-v2-p4d-hardneg-fullregen-r2-camera1p5m/generated_raw/PF_P4D_HN_SIT_G004_V03.png,PF_P4D_HN_SIT_G004,NEW_DESIGN,hard_negative,floor_sitting,codex,LEGACY_NO_ADAPTER,,,,,,unreviewed,,,
PFV2-FC-0019,PF_P4D_HN_SIT_G004_V04,/home/yanbo/下载/batches/batch-person-fallen-v2-p4d-hardneg-fullregen-r2-camera1p5m/final/PF_P4D_HN_SIT_G004_V04.png,file:///home/yanbo/%E4%B8%8B%E8%BD%BD/batches/batch-person-fallen-v2-p4d-hardneg-fullregen-r2-camera1p5m/final/PF_P4D_HN_SIT_G004_V04.png,/home/yanbo/下载/batches/batch-person-fallen-v2-p4d-hardneg-fullregen-r2-camera1p5m/generated_raw/PF_P4D_HN_SIT_G004_V04.png,PF_P4D_HN_SIT_G004,NEW_DESIGN,hard_negative,floor_sitting,codex,LEGACY_NO_ADAPTER,,,,,,unreviewed,,,
PFV2-FC-0020,PF_P4D_HN_SIT_G004_V05,/home/yanbo/下载/batches/batch-person-fallen-v2-p4d-hardneg-fullregen-r2-camera1p5m/final/PF_P4D_HN_SIT_G004_V05.png,file:///home/yanbo/%E4%B8%8B%E8%BD%BD/batches/batch-person-fallen-v2-p4d-hardneg-fullregen-r2-camera1p5m/final/PF_P4D_HN_SIT_G004_V05.png,/home/yanbo/下载/batches/batch-person-fallen-v2-p4d-hardneg-fullregen-r2-camera1p5m/generated_raw/PF_P4D_HN_SIT_G004_V05.png,PF_P4D_HN_SIT_G004,NEW_DESIGN,hard_negative,floor_sitting,codex,LEGACY_NO_ADAPTER,,,,,,unreviewed,,,
PFV2-FC-0021,PF_P4D_HN_SIT_G005_V01,/home/yanbo/下载/batches/batch-person-fallen-v2-p4d-hardneg-fullregen-r2-camera1p5m/final/PF_P4D_HN_SIT_G005_V01.png,file:///home/yanbo/%E4%B8%8B%E8%BD%BD/batches/batch-person-fallen-v2-p4d-hardneg-fullregen-r2-camera1p5m/final/PF_P4D_HN_SIT_G005_V01.png,/home/yanbo/下载/batches/batch-person-fallen-v2-p4d-hardneg-fullregen-r2-camera1p5m/generated_raw/PF_P4D_HN_SIT_G005_V01.png,PF_P4D_HN_SIT_G005,NEW_DESIGN,hard_negative,floor_sitting,codex,LEGACY_NO_ADAPTER,,,,,,unreviewed,,,
PFV2-FC-0022,PF_P4D_HN_SIT_G005_V02,/home/yanbo/下载/batches/batch-person-fallen-v2-p4d-hardneg-fullregen-r2-camera1p5m/final/PF_P4D_HN_SIT_G005_V02.png,file:///home/yanbo/%E4%B8%8B%E8%BD%BD/batches/batch-person-fallen-v2-p4d-hardneg-fullregen-r2-camera1p5m/final/PF_P4D_HN_SIT_G005_V02.png,/home/yanbo/下载/batches/batch-person-fallen-v2-p4d-hardneg-fullregen-r2-camera1p5m/generated_raw/PF_P4D_HN_SIT_G005_V02.png,PF_P4D_HN_SIT_G005,NEW_DESIGN,hard_negative,floor_sitting,codex,LEGACY_NO_ADAPTER,,,,,,unreviewed,,,
PFV2-FC-0023,PF_P4D_HN_SIT_G005_V03,/home/yanbo/下载/batches/batch-person-fallen-v2-p4d-hardneg-fullregen-r2-camera1p5m/final/PF_P4D_HN_SIT_G005_V03.png,file:///home/yanbo/%E4%B8%8B%E8%BD%BD/batches/batch-person-fallen-v2-p4d-hardneg-fullregen-r2-camera1p5m/final/PF_P4D_HN_SIT_G005_V03.png,/home/yanbo/下载/batches/batch-person-fallen-v2-p4d-hardneg-fullregen-r2-camera1p5m/generated_raw/PF_P4D_HN_SIT_G005_V03.png,PF_P4D_HN_SIT_G005,NEW_DESIGN,hard_negative,floor_sitting,codex,LEGACY_NO_ADAPTER,,,,,,unreviewed,,,
PFV2-FC-0024,PF_P4D_HN_SIT_G005_V04,/home/yanbo/下载/batches/batch-person-fallen-v2-p4d-hardneg-fullregen-r2-camera1p5m/final/PF_P4D_HN_SIT_G005_V04.png,file:///home/yanbo/%E4%B8%8B%E8%BD%BD/batches/batch-person-fallen-v2-p4d-hardneg-fullregen-r2-camera1p5m/final/PF_P4D_HN_SIT_G005_V04.png,/home/yanbo/下载/batches/batch-person-fallen-v2-p4d-hardneg-fullregen-r2-camera1p5m/generated_raw/PF_P4D_HN_SIT_G005_V04.png,PF_P4D_HN_SIT_G005,NEW_DESIGN,hard_negative,floor_sitting,codex,LEGACY_NO_ADAPTER,,,,,,unreviewed,,,
PFV2-FC-0025,PF_P4D_HN_SIT_G005_V05,/home/yanbo/下载/batches/batch-person-fallen-v2-p4d-hardneg-fullregen-r2-camera1p5m/final/PF_P4D_HN_SIT_G005_V05.png,file:///home/yanbo/%E4%B8%8B%E8%BD%BD/batches/batch-person-fallen-v2-p4d-hardneg-fullregen-r2-camera1p5m/final/PF_P4D_HN_SIT_G005_V05.png,/home/yanbo/下载/batches/batch-person-fallen-v2-p4d-hardneg-fullregen-r2-camera1p5m/generated_raw/PF_P4D_HN_SIT_G005_V05.png,PF_P4D_HN_SIT_G005,NEW_DESIGN,hard_negative,floor_sitting,codex,LEGACY_NO_ADAPTER,,,,,,unreviewed,,,
PFV2-FC-0026,PF_P4D_HN_SIT_G006_V01,/home/yanbo/下载/batches/batch-person-fallen-v2-p4d-hardneg-fullregen-r2-camera1p5m/final/PF_P4D_HN_SIT_G006_V01.png,file:///home/yanbo/%E4%B8%8B%E8%BD%BD/batches/batch-person-fallen-v2-p4d-hardneg-fullregen-r2-camera1p5m/final/PF_P4D_HN_SIT_G006_V01.png,/home/yanbo/下载/batches/batch-person-fallen-v2-p4d-hardneg-fullregen-r2-camera1p5m/generated_raw/PF_P4D_HN_SIT_G006_V01.png,PF_P4D_HN_SIT_G006,NEW_DESIGN,hard_negative,floor_sitting,codex,LEGACY_NO_ADAPTER,,,,,,unreviewed,,,
PFV2-FC-0027,PF_P4D_HN_SIT_G006_V02,/home/yanbo/下载/batches/batch-person-fallen-v2-p4d-hardneg-fullregen-r2-camera1p5m/final/PF_P4D_HN_SIT_G006_V02.png,file:///home/yanbo/%E4%B8%8B%E8%BD%BD/batches/batch-person-fallen-v2-p4d-hardneg-fullregen-r2-camera1p5m/final/PF_P4D_HN_SIT_G006_V02.png,/home/yanbo/下载/batches/batch-person-fallen-v2-p4d-hardneg-fullregen-r2-camera1p5m/generated_raw/PF_P4D_HN_SIT_G006_V02.png,PF_P4D_HN_SIT_G006,NEW_DESIGN,hard_negative,floor_sitting,codex,LEGACY_NO_ADAPTER,,,,,,unreviewed,,,
PFV2-FC-0028,PF_P4D_HN_SIT_G006_V03,/home/yanbo/下载/batches/batch-person-fallen-v2-p4d-hardneg-fullregen-r2-camera1p5m/final/PF_P4D_HN_SIT_G006_V03.png,file:///home/yanbo/%E4%B8%8B%E8%BD%BD/batches/batch-person-fallen-v2-p4d-hardneg-fullregen-r2-camera1p5m/final/PF_P4D_HN_SIT_G006_V03.png,/home/yanbo/下载/batches/batch-person-fallen-v2-p4d-hardneg-fullregen-r2-camera1p5m/generated_raw/PF_P4D_HN_SIT_G006_V03.png,PF_P4D_HN_SIT_G006,NEW_DESIGN,hard_negative,floor_sitting,codex,LEGACY_NO_ADAPTER,,,,,,unreviewed,,,
PFV2-FC-0029,PF_P4D_HN_SIT_G006_V04,/home/yanbo/下载/batches/batch-person-fallen-v2-p4d-hardneg-fullregen-r2-camera1p5m/final/PF_P4D_HN_SIT_G006_V04.png,file:///home/yanbo/%E4%B8%8B%E8%BD%BD/batches/batch-person-fallen-v2-p4d-hardneg-fullregen-r2-camera1p5m/final/PF_P4D_HN_SIT_G006_V04.png,/home/yanbo/下载/batches/batch-person-fallen-v2-p4d-hardneg-fullregen-r2-camera1p5m/generated_raw/PF_P4D_HN_SIT_G006_V04.png,PF_P4D_HN_SIT_G006,NEW_DESIGN,hard_negative,floor_sitting,codex,LEGACY_NO_ADAPTER,,,,,,unreviewed,,,
PFV2-FC-0030,PF_P4D_HN_SIT_G006_V05,/home/yanbo/下载/batches/batch-person-fallen-v2-p4d-hardneg-fullregen-r2-camera1p5m/final/PF_P4D_HN_SIT_G006_V05.png,file:///home/yanbo/%E4%B8%8B%E8%BD%BD/batches/batch-person-fallen-v2-p4d-hardneg-fullregen-r2-camera1p5m/final/PF_P4D_HN_SIT_G006_V05.png,/home/yanbo/下载/batches/batch-person-fallen-v2-p4d-hardneg-fullregen-r2-camera1p5m/generated_raw/PF_P4D_HN_SIT_G006_V05.png,PF_P4D_HN_SIT_G006,NEW_DESIGN,hard_negative,floor_sitting,codex,LEGACY_NO_ADAPTER,,,,,,unreviewed,,,
PFV2-FC-0031,PF_P4D_HN_SIT_G007_V01,/home/yanbo/下载/batches/batch-person-fallen-v2-p4d-hardneg-fullregen-r2-camera1p5m/final/PF_P4D_HN_SIT_G007_V01.png,file:///home/yanbo/%E4%B8%8B%E8%BD%BD/batches/batch-person-fallen-v2-p4d-hardneg-fullregen-r2-camera1p5m/final/PF_P4D_HN_SIT_G007_V01.png,/home/yanbo/下载/batches/batch-person-fallen-v2-p4d-hardneg-fullregen-r2-camera1p5m/generated_raw/PF_P4D_HN_SIT_G007_V01.png,PF_P4D_HN_SIT_G007,NEW_DESIGN,hard_negative,floor_sitting,codex,LEGACY_NO_ADAPTER,,,,,,unreviewed,,,
PFV2-FC-0032,PF_P4D_HN_SIT_G007_V02,/home/yanbo/下载/batches/batch-person-fallen-v2-p4d-hardneg-fullregen-r2-camera1p5m/final/PF_P4D_HN_SIT_G007_V02.png,file:///home/yanbo/%E4%B8%8B%E8%BD%BD/batches/batch-person-fallen-v2-p4d-hardneg-fullregen-r2-camera1p5m/final/PF_P4D_HN_SIT_G007_V02.png,/home/yanbo/下载/batches/batch-person-fallen-v2-p4d-hardneg-fullregen-r2-camera1p5m/generated_raw/PF_P4D_HN_SIT_G007_V02.png,PF_P4D_HN_SIT_G007,NEW_DESIGN,hard_negative,floor_sitting,codex,LEGACY_NO_ADAPTER,,,,,,unreviewed,,,
PFV2-FC-0033,PF_P4D_HN_SIT_G007_V03,/home/yanbo/下载/batches/batch-person-fallen-v2-p4d-hardneg-fullregen-r2-camera1p5m/final/PF_P4D_HN_SIT_G007_V03.png,file:///home/yanbo/%E4%B8%8B%E8%BD%BD/batches/batch-person-fallen-v2-p4d-hardneg-fullregen-r2-camera1p5m/final/PF_P4D_HN_SIT_G007_V03.png,/home/yanbo/下载/batches/batch-person-fallen-v2-p4d-hardneg-fullregen-r2-camera1p5m/generated_raw/PF_P4D_HN_SIT_G007_V03.png,PF_P4D_HN_SIT_G007,NEW_DESIGN,hard_negative,floor_sitting,codex,LEGACY_NO_ADAPTER,,,,,,unreviewed,,,
PFV2-FC-0034,PF_P4D_HN_SIT_G007_V04,/home/yanbo/下载/batches/batch-person-fallen-v2-p4d-hardneg-fullregen-r2-camera1p5m/final/PF_P4D_HN_SIT_G007_V04.png,file:///home/yanbo/%E4%B8%8B%E8%BD%BD/batches/batch-person-fallen-v2-p4d-hardneg-fullregen-r2-camera1p5m/final/PF_P4D_HN_SIT_G007_V04.png,/home/yanbo/下载/batches/batch-person-fallen-v2-p4d-hardneg-fullregen-r2-camera1p5m/generated_raw/PF_P4D_HN_SIT_G007_V04.png,PF_P4D_HN_SIT_G007,NEW_DESIGN,hard_negative,floor_sitting,codex,LEGACY_NO_ADAPTER,,,,,,unreviewed,,,
PFV2-FC-0035,PF_P4D_HN_SIT_G007_V05,/home/yanbo/下载/batches/batch-person-fallen-v2-p4d-hardneg-fullregen-r2-camera1p5m/final/PF_P4D_HN_SIT_G007_V05.png,file:///home/yanbo/%E4%B8%8B%E8%BD%BD/batches/batch-person-fallen-v2-p4d-hardneg-fullregen-r2-camera1p5m/final/PF_P4D_HN_SIT_G007_V05.png,/home/yanbo/下载/batches/batch-person-fallen-v2-p4d-hardneg-fullregen-r2-camera1p5m/generated_raw/PF_P4D_HN_SIT_G007_V05.png,PF_P4D_HN_SIT_G007,NEW_DESIGN,hard_negative,floor_sitting,codex,LEGACY_NO_ADAPTER,,,,,,unreviewed,,,
PFV2-FC-0036,PF_P4D_HN_SIT_G008_V01,/home/yanbo/下载/batches/batch-person-fallen-v2-p4d-hardneg-fullregen-r2-camera1p5m/final/PF_P4D_HN_SIT_G008_V01.png,file:///home/yanbo/%E4%B8%8B%E8%BD%BD/batches/batch-person-fallen-v2-p4d-hardneg-fullregen-r2-camera1p5m/final/PF_P4D_HN_SIT_G008_V01.png,/home/yanbo/下载/batches/batch-person-fallen-v2-p4d-hardneg-fullregen-r2-camera1p5m/generated_raw/PF_P4D_HN_SIT_G008_V01.png,PF_P4D_HN_SIT_G008,NEW_SCREEN,hard_negative,floor_sitting,codex,LEGACY_NO_ADAPTER,,,,,,unreviewed,,,
PFV2-FC-0037,PF_P4D_HN_SIT_G008_V02,/home/yanbo/下载/batches/batch-person-fallen-v2-p4d-hardneg-fullregen-r2-camera1p5m/final/PF_P4D_HN_SIT_G008_V02.png,file:///home/yanbo/%E4%B8%8B%E8%BD%BD/batches/batch-person-fallen-v2-p4d-hardneg-fullregen-r2-camera1p5m/final/PF_P4D_HN_SIT_G008_V02.png,/home/yanbo/下载/batches/batch-person-fallen-v2-p4d-hardneg-fullregen-r2-camera1p5m/generated_raw/PF_P4D_HN_SIT_G008_V02.png,PF_P4D_HN_SIT_G008,NEW_SCREEN,hard_negative,floor_sitting,codex,LEGACY_NO_ADAPTER,,,,,,unreviewed,,,
PFV2-FC-0038,PF_P4D_HN_SIT_G008_V03,/home/yanbo/下载/batches/batch-person-fallen-v2-p4d-hardneg-fullregen-r2-camera1p5m/final/PF_P4D_HN_SIT_G008_V03.png,file:///home/yanbo/%E4%B8%8B%E8%BD%BD/batches/batch-person-fallen-v2-p4d-hardneg-fullregen-r2-camera1p5m/final/PF_P4D_HN_SIT_G008_V03.png,/home/yanbo/下载/batches/batch-person-fallen-v2-p4d-hardneg-fullregen-r2-camera1p5m/generated_raw/PF_P4D_HN_SIT_G008_V03.png,PF_P4D_HN_SIT_G008,NEW_SCREEN,hard_negative,floor_sitting,codex,LEGACY_NO_ADAPTER,,,,,,unreviewed,,,
PFV2-FC-0039,PF_P4D_HN_SIT_G008_V04,/home/yanbo/下载/batches/batch-person-fallen-v2-p4d-hardneg-fullregen-r2-camera1p5m/final/PF_P4D_HN_SIT_G008_V04.png,file:///home/yanbo/%E4%B8%8B%E8%BD%BD/batches/batch-person-fallen-v2-p4d-hardneg-fullregen-r2-camera1p5m/final/PF_P4D_HN_SIT_G008_V04.png,/home/yanbo/下载/batches/batch-person-fallen-v2-p4d-hardneg-fullregen-r2-camera1p5m/generated_raw/PF_P4D_HN_SIT_G008_V04.png,PF_P4D_HN_SIT_G008,NEW_SCREEN,hard_negative,floor_sitting,codex,LEGACY_NO_ADAPTER,,,,,,unreviewed,,,
PFV2-FC-0040,PF_P4D_HN_SIT_G008_V05,/home/yanbo/下载/batches/batch-person-fallen-v2-p4d-hardneg-fullregen-r2-camera1p5m/final/PF_P4D_HN_SIT_G008_V05.png,file:///home/yanbo/%E4%B8%8B%E8%BD%BD/batches/batch-person-fallen-v2-p4d-hardneg-fullregen-r2-camera1p5m/final/PF_P4D_HN_SIT_G008_V05.png,/home/yanbo/下载/batches/batch-person-fallen-v2-p4d-hardneg-fullregen-r2-camera1p5m/generated_raw/PF_P4D_HN_SIT_G008_V05.png,PF_P4D_HN_SIT_G008,NEW_SCREEN,hard_negative,floor_sitting,codex,LEGACY_NO_ADAPTER,,,,,,unreviewed,,,
PFV2-FC-0041,PF_P4D_HN_SIT_G009_V01,/home/yanbo/下载/batches/batch-person-fallen-v2-p4d-hardneg-fullregen-r2-camera1p5m/final/PF_P4D_HN_SIT_G009_V01.png,file:///home/yanbo/%E4%B8%8B%E8%BD%BD/batches/batch-person-fallen-v2-p4d-hardneg-fullregen-r2-camera1p5m/final/PF_P4D_HN_SIT_G009_V01.png,/home/yanbo/下载/batches/batch-person-fallen-v2-p4d-hardneg-fullregen-r2-camera1p5m/generated_raw/PF_P4D_HN_SIT_G009_V01.png,PF_P4D_HN_SIT_G009,NEW_SCREEN,hard_negative,floor_sitting,codex,LEGACY_NO_ADAPTER,,,,,,unreviewed,,,
PFV2-FC-0042,PF_P4D_HN_SIT_G009_V02,/home/yanbo/下载/batches/batch-person-fallen-v2-p4d-hardneg-fullregen-r2-camera1p5m/final/PF_P4D_HN_SIT_G009_V02.png,file:///home/yanbo/%E4%B8%8B%E8%BD%BD/batches/batch-person-fallen-v2-p4d-hardneg-fullregen-r2-camera1p5m/final/PF_P4D_HN_SIT_G009_V02.png,/home/yanbo/下载/batches/batch-person-fallen-v2-p4d-hardneg-fullregen-r2-camera1p5m/generated_raw/PF_P4D_HN_SIT_G009_V02.png,PF_P4D_HN_SIT_G009,NEW_SCREEN,hard_negative,floor_sitting,codex,LEGACY_NO_ADAPTER,,,,,,unreviewed,,,
PFV2-FC-0043,PF_P4D_HN_SIT_G009_V03,/home/yanbo/下载/batches/batch-person-fallen-v2-p4d-hardneg-fullregen-r2-camera1p5m/final/PF_P4D_HN_SIT_G009_V03.png,file:///home/yanbo/%E4%B8%8B%E8%BD%BD/batches/batch-person-fallen-v2-p4d-hardneg-fullregen-r2-camera1p5m/final/PF_P4D_HN_SIT_G009_V03.png,/home/yanbo/下载/batches/batch-person-fallen-v2-p4d-hardneg-fullregen-r2-camera1p5m/generated_raw/PF_P4D_HN_SIT_G009_V03.png,PF_P4D_HN_SIT_G009,NEW_SCREEN,hard_negative,floor_sitting,codex,LEGACY_NO_ADAPTER,,,,,,unreviewed,,,
PFV2-FC-0044,PF_P4D_HN_SIT_G009_V04,/home/yanbo/下载/batches/batch-person-fallen-v2-p4d-hardneg-fullregen-r2-camera1p5m/final/PF_P4D_HN_SIT_G009_V04.png,file:///home/yanbo/%E4%B8%8B%E8%BD%BD/batches/batch-person-fallen-v2-p4d-hardneg-fullregen-r2-camera1p5m/final/PF_P4D_HN_SIT_G009_V04.png,/home/yanbo/下载/batches/batch-person-fallen-v2-p4d-hardneg-fullregen-r2-camera1p5m/generated_raw/PF_P4D_HN_SIT_G009_V04.png,PF_P4D_HN_SIT_G009,NEW_SCREEN,hard_negative,floor_sitting,codex,LEGACY_NO_ADAPTER,,,,,,unreviewed,,,
PFV2-FC-0045,PF_P4D_HN_SIT_G009_V05,/home/yanbo/下载/batches/batch-person-fallen-v2-p4d-hardneg-fullregen-r2-camera1p5m/final/PF_P4D_HN_SIT_G009_V05.png,file:///home/yanbo/%E4%B8%8B%E8%BD%BD/batches/batch-person-fallen-v2-p4d-hardneg-fullregen-r2-camera1p5m/final/PF_P4D_HN_SIT_G009_V05.png,/home/yanbo/下载/batches/batch-person-fallen-v2-p4d-hardneg-fullregen-r2-camera1p5m/generated_raw/PF_P4D_HN_SIT_G009_V05.png,PF_P4D_HN_SIT_G009,NEW_SCREEN,hard_negative,floor_sitting,codex,LEGACY_NO_ADAPTER,,,,,,unreviewed,,,
PFV2-FC-0046,PF_P4D_HN_SIT_G010_V01,/home/yanbo/下载/batches/batch-person-fallen-v2-p4d-hardneg-fullregen-r2-camera1p5m/final/PF_P4D_HN_SIT_G010_V01.png,file:///home/yanbo/%E4%B8%8B%E8%BD%BD/batches/batch-person-fallen-v2-p4d-hardneg-fullregen-r2-camera1p5m/final/PF_P4D_HN_SIT_G010_V01.png,/home/yanbo/下载/batches/batch-person-fallen-v2-p4d-hardneg-fullregen-r2-camera1p5m/generated_raw/PF_P4D_HN_SIT_G010_V01.png,PF_P4D_HN_SIT_G010,NEW_SCREEN,hard_negative,floor_sitting,codex,LEGACY_NO_ADAPTER,,,,,,unreviewed,,,
PFV2-FC-0047,PF_P4D_HN_SIT_G010_V02,/home/yanbo/下载/batches/batch-person-fallen-v2-p4d-hardneg-fullregen-r2-camera1p5m/final/PF_P4D_HN_SIT_G010_V02.png,file:///home/yanbo/%E4%B8%8B%E8%BD%BD/batches/batch-person-fallen-v2-p4d-hardneg-fullregen-r2-camera1p5m/final/PF_P4D_HN_SIT_G010_V02.png,/home/yanbo/下载/batches/batch-person-fallen-v2-p4d-hardneg-fullregen-r2-camera1p5m/generated_raw/PF_P4D_HN_SIT_G010_V02.png,PF_P4D_HN_SIT_G010,NEW_SCREEN,hard_negative,floor_sitting,codex,LEGACY_NO_ADAPTER,,,,,,unreviewed,,,
PFV2-FC-0048,PF_P4D_HN_SIT_G010_V03,/home/yanbo/下载/batches/batch-person-fallen-v2-p4d-hardneg-fullregen-r2-camera1p5m/final/PF_P4D_HN_SIT_G010_V03.png,file:///home/yanbo/%E4%B8%8B%E8%BD%BD/batches/batch-person-fallen-v2-p4d-hardneg-fullregen-r2-camera1p5m/final/PF_P4D_HN_SIT_G010_V03.png,/home/yanbo/下载/batches/batch-person-fallen-v2-p4d-hardneg-fullregen-r2-camera1p5m/generated_raw/PF_P4D_HN_SIT_G010_V03.png,PF_P4D_HN_SIT_G010,NEW_SCREEN,hard_negative,floor_sitting,codex,LEGACY_NO_ADAPTER,,,,,,unreviewed,,,
PFV2-FC-0049,PF_P4D_HN_SIT_G010_V04,/home/yanbo/下载/batches/batch-person-fallen-v2-p4d-hardneg-fullregen-r2-camera1p5m/final/PF_P4D_HN_SIT_G010_V04.png,file:///home/yanbo/%E4%B8%8B%E8%BD%BD/batches/batch-person-fallen-v2-p4d-hardneg-fullregen-r2-camera1p5m/final/PF_P4D_HN_SIT_G010_V04.png,/home/yanbo/下载/batches/batch-person-fallen-v2-p4d-hardneg-fullregen-r2-camera1p5m/generated_raw/PF_P4D_HN_SIT_G010_V04.png,PF_P4D_HN_SIT_G010,NEW_SCREEN,hard_negative,floor_sitting,codex,LEGACY_NO_ADAPTER,,,,,,unreviewed,,,
PFV2-FC-0050,PF_P4D_HN_SIT_G010_V05,/home/yanbo/下载/batches/batch-person-fallen-v2-p4d-hardneg-fullregen-r2-camera1p5m/final/PF_P4D_HN_SIT_G010_V05.png,file:///home/yanbo/%E4%B8%8B%E8%BD%BD/batches/batch-person-fallen-v2-p4d-hardneg-fullregen-r2-camera1p5m/final/PF_P4D_HN_SIT_G010_V05.png,/home/yanbo/下载/batches/batch-person-fallen-v2-p4d-hardneg-fullregen-r2-camera1p5m/generated_raw/PF_P4D_HN_SIT_G010_V05.png,PF_P4D_HN_SIT_G010,NEW_SCREEN,hard_negative,floor_sitting,codex,LEGACY_NO_ADAPTER,,,,,,unreviewed,,,
PFV2-FC-0051,PF_P4D_HN_SIT_G011_V01,/home/yanbo/下载/batches/batch-person-fallen-v2-p4d-hardneg-fullregen-r2-camera1p5m/final/PF_P4D_HN_SIT_G011_V01.png,file:///home/yanbo/%E4%B8%8B%E8%BD%BD/batches/batch-person-fallen-v2-p4d-hardneg-fullregen-r2-camera1p5m/final/PF_P4D_HN_SIT_G011_V01.png,/home/yanbo/下载/batches/batch-person-fallen-v2-p4d-hardneg-fullregen-r2-camera1p5m/generated_raw/PF_P4D_HN_SIT_G011_V01.png,PF_P4D_HN_SIT_G011,NEW_SCREEN,hard_negative,floor_sitting,codex,LEGACY_NO_ADAPTER,,,,,,unreviewed,,,
PFV2-FC-0052,PF_P4D_HN_SIT_G011_V02,/home/yanbo/下载/batches/batch-person-fallen-v2-p4d-hardneg-fullregen-r2-camera1p5m/final/PF_P4D_HN_SIT_G011_V02.png,file:///home/yanbo/%E4%B8%8B%E8%BD%BD/batches/batch-person-fallen-v2-p4d-hardneg-fullregen-r2-camera1p5m/final/PF_P4D_HN_SIT_G011_V02.png,/home/yanbo/下载/batches/batch-person-fallen-v2-p4d-hardneg-fullregen-r2-camera1p5m/generated_raw/PF_P4D_HN_SIT_G011_V02.png,PF_P4D_HN_SIT_G011,NEW_SCREEN,hard_negative,floor_sitting,codex,LEGACY_NO_ADAPTER,,,,,,unreviewed,,,
PFV2-FC-0053,PF_P4D_HN_SIT_G011_V03,/home/yanbo/下载/batches/batch-person-fallen-v2-p4d-hardneg-fullregen-r2-camera1p5m/final/PF_P4D_HN_SIT_G011_V03.png,file:///home/yanbo/%E4%B8%8B%E8%BD%BD/batches/batch-person-fallen-v2-p4d-hardneg-fullregen-r2-camera1p5m/final/PF_P4D_HN_SIT_G011_V03.png,/home/yanbo/下载/batches/batch-person-fallen-v2-p4d-hardneg-fullregen-r2-camera1p5m/generated_raw/PF_P4D_HN_SIT_G011_V03.png,PF_P4D_HN_SIT_G011,NEW_SCREEN,hard_negative,floor_sitting,codex,LEGACY_NO_ADAPTER,,,,,,unreviewed,,,
PFV2-FC-0054,PF_P4D_HN_SIT_G011_V04,/home/yanbo/下载/batches/batch-person-fallen-v2-p4d-hardneg-fullregen-r2-camera1p5m/final/PF_P4D_HN_SIT_G011_V04.png,file:///home/yanbo/%E4%B8%8B%E8%BD%BD/batches/batch-person-fallen-v2-p4d-hardneg-fullregen-r2-camera1p5m/final/PF_P4D_HN_SIT_G011_V04.png,/home/yanbo/下载/batches/batch-person-fallen-v2-p4d-hardneg-fullregen-r2-camera1p5m/generated_raw/PF_P4D_HN_SIT_G011_V04.png,PF_P4D_HN_SIT_G011,NEW_SCREEN,hard_negative,floor_sitting,codex,LEGACY_NO_ADAPTER,,,,,,unreviewed,,,
PFV2-FC-0055,PF_P4D_HN_SIT_G011_V05,/home/yanbo/下载/batches/batch-person-fallen-v2-p4d-hardneg-fullregen-r2-camera1p5m/final/PF_P4D_HN_SIT_G011_V05.png,file:///home/yanbo/%E4%B8%8B%E8%BD%BD/batches/batch-person-fallen-v2-p4d-hardneg-fullregen-r2-camera1p5m/final/PF_P4D_HN_SIT_G011_V05.png,/home/yanbo/下载/batches/batch-person-fallen-v2-p4d-hardneg-fullregen-r2-camera1p5m/generated_raw/PF_P4D_HN_SIT_G011_V05.png,PF_P4D_HN_SIT_G011,NEW_SCREEN,hard_negative,floor_sitting,codex,LEGACY_NO_ADAPTER,,,,,,unreviewed,,,
PFV2-FC-0056,PF_P4D_HN_SIT_G012_V01,/home/yanbo/下载/batches/batch-person-fallen-v2-p4d-hardneg-fullregen-r2-camera1p5m/final/PF_P4D_HN_SIT_G012_V01.png,file:///home/yanbo/%E4%B8%8B%E8%BD%BD/batches/batch-person-fallen-v2-p4d-hardneg-fullregen-r2-camera1p5m/final/PF_P4D_HN_SIT_G012_V01.png,/home/yanbo/下载/batches/batch-person-fallen-v2-p4d-hardneg-fullregen-r2-camera1p5m/generated_raw/PF_P4D_HN_SIT_G012_V01.png,PF_P4D_HN_SIT_G012,NEW_SCREEN,hard_negative,floor_sitting,codex,LEGACY_NO_ADAPTER,,,,,,unreviewed,,,
PFV2-FC-0057,PF_P4D_HN_SIT_G012_V02,/home/yanbo/下载/batches/batch-person-fallen-v2-p4d-hardneg-fullregen-r2-camera1p5m/final/PF_P4D_HN_SIT_G012_V02.png,file:///home/yanbo/%E4%B8%8B%E8%BD%BD/batches/batch-person-fallen-v2-p4d-hardneg-fullregen-r2-camera1p5m/final/PF_P4D_HN_SIT_G012_V02.png,/home/yanbo/下载/batches/batch-person-fallen-v2-p4d-hardneg-fullregen-r2-camera1p5m/generated_raw/PF_P4D_HN_SIT_G012_V02.png,PF_P4D_HN_SIT_G012,NEW_SCREEN,hard_negative,floor_sitting,codex,LEGACY_NO_ADAPTER,,,,,,unreviewed,,,
PFV2-FC-0058,PF_P4D_HN_SIT_G012_V03,/home/yanbo/下载/batches/batch-person-fallen-v2-p4d-hardneg-fullregen-r2-camera1p5m/final/PF_P4D_HN_SIT_G012_V03.png,file:///home/yanbo/%E4%B8%8B%E8%BD%BD/batches/batch-person-fallen-v2-p4d-hardneg-fullregen-r2-camera1p5m/final/PF_P4D_HN_SIT_G012_V03.png,/home/yanbo/下载/batches/batch-person-fallen-v2-p4d-hardneg-fullregen-r2-camera1p5m/generated_raw/PF_P4D_HN_SIT_G012_V03.png,PF_P4D_HN_SIT_G012,NEW_SCREEN,hard_negative,floor_sitting,codex,LEGACY_NO_ADAPTER,,,,,,unreviewed,,,
PFV2-FC-0059,PF_P4D_HN_SIT_G012_V04,/home/yanbo/下载/batches/batch-person-fallen-v2-p4d-hardneg-fullregen-r2-camera1p5m/final/PF_P4D_HN_SIT_G012_V04.png,file:///home/yanbo/%E4%B8%8B%E8%BD%BD/batches/batch-person-fallen-v2-p4d-hardneg-fullregen-r2-camera1p5m/final/PF_P4D_HN_SIT_G012_V04.png,/home/yanbo/下载/batches/batch-person-fallen-v2-p4d-hardneg-fullregen-r2-camera1p5m/generated_raw/PF_P4D_HN_SIT_G012_V04.png,PF_P4D_HN_SIT_G012,NEW_SCREEN,hard_negative,floor_sitting,codex,LEGACY_NO_ADAPTER,,,,,,unreviewed,,,
PFV2-FC-0060,PF_P4D_HN_SIT_G012_V05,/home/yanbo/下载/batches/batch-person-fallen-v2-p4d-hardneg-fullregen-r2-camera1p5m/final/PF_P4D_HN_SIT_G012_V05.png,file:///home/yanbo/%E4%B8%8B%E8%BD%BD/batches/batch-person-fallen-v2-p4d-hardneg-fullregen-r2-camera1p5m/final/PF_P4D_HN_SIT_G012_V05.png,/home/yanbo/下载/batches/batch-person-fallen-v2-p4d-hardneg-fullregen-r2-camera1p5m/generated_raw/PF_P4D_HN_SIT_G012_V05.png,PF_P4D_HN_SIT_G012,NEW_SCREEN,hard_negative,floor_sitting,codex,LEGACY_NO_ADAPTER,,,,,,unreviewed,,,
PFV2-FC-0061,PF_P4D_HN_KNEEL_G001_V01,/home/yanbo/下载/batches/batch-person-fallen-v2-p4d-hardneg-fullregen-r2-camera1p5m/final/PF_P4D_HN_KNEEL_G001_V01.png,file:///home/yanbo/%E4%B8%8B%E8%BD%BD/batches/batch-person-fallen-v2-p4d-hardneg-fullregen-r2-camera1p5m/final/PF_P4D_HN_KNEEL_G001_V01.png,/home/yanbo/下载/batches/batch-person-fallen-v2-p4d-hardneg-fullregen-r2-camera1p5m/generated_raw/PF_P4D_HN_KNEEL_G001_V01.png,PF_P4D_HN_KNEEL_G001,NEW_DESIGN,hard_negative,kneeling_half_kneeling,codex,LEGACY_NO_ADAPTER,,,,,,unreviewed,,,
PFV2-FC-0062,PF_P4D_HN_KNEEL_G001_V02,/home/yanbo/下载/batches/batch-person-fallen-v2-p4d-hardneg-fullregen-r2-camera1p5m/final/PF_P4D_HN_KNEEL_G001_V02.png,file:///home/yanbo/%E4%B8%8B%E8%BD%BD/batches/batch-person-fallen-v2-p4d-hardneg-fullregen-r2-camera1p5m/final/PF_P4D_HN_KNEEL_G001_V02.png,/home/yanbo/下载/batches/batch-person-fallen-v2-p4d-hardneg-fullregen-r2-camera1p5m/generated_raw/PF_P4D_HN_KNEEL_G001_V02.png,PF_P4D_HN_KNEEL_G001,NEW_DESIGN,hard_negative,kneeling_half_kneeling,codex,LEGACY_NO_ADAPTER,,,,,,unreviewed,,,
PFV2-FC-0063,PF_P4D_HN_KNEEL_G001_V03,/home/yanbo/下载/batches/batch-person-fallen-v2-p4d-hardneg-fullregen-r2-camera1p5m/final/PF_P4D_HN_KNEEL_G001_V03.png,file:///home/yanbo/%E4%B8%8B%E8%BD%BD/batches/batch-person-fallen-v2-p4d-hardneg-fullregen-r2-camera1p5m/final/PF_P4D_HN_KNEEL_G001_V03.png,/home/yanbo/下载/batches/batch-person-fallen-v2-p4d-hardneg-fullregen-r2-camera1p5m/generated_raw/PF_P4D_HN_KNEEL_G001_V03.png,PF_P4D_HN_KNEEL_G001,NEW_DESIGN,hard_negative,kneeling_half_kneeling,codex,LEGACY_NO_ADAPTER,,,,,,unreviewed,,,
PFV2-FC-0064,PF_P4D_HN_KNEEL_G001_V04,/home/yanbo/下载/batches/batch-person-fallen-v2-p4d-hardneg-fullregen-r2-camera1p5m/final/PF_P4D_HN_KNEEL_G001_V04.png,file:///home/yanbo/%E4%B8%8B%E8%BD%BD/batches/batch-person-fallen-v2-p4d-hardneg-fullregen-r2-camera1p5m/final/PF_P4D_HN_KNEEL_G001_V04.png,/home/yanbo/下载/batches/batch-person-fallen-v2-p4d-hardneg-fullregen-r2-camera1p5m/generated_raw/PF_P4D_HN_KNEEL_G001_V04.png,PF_P4D_HN_KNEEL_G001,NEW_DESIGN,hard_negative,kneeling_half_kneeling,codex,LEGACY_NO_ADAPTER,,,,,,unreviewed,,,
PFV2-FC-0065,PF_P4D_HN_KNEEL_G001_V05,/home/yanbo/下载/batches/batch-person-fallen-v2-p4d-hardneg-fullregen-r2-camera1p5m/final/PF_P4D_HN_KNEEL_G001_V05.png,file:///home/yanbo/%E4%B8%8B%E8%BD%BD/batches/batch-person-fallen-v2-p4d-hardneg-fullregen-r2-camera1p5m/final/PF_P4D_HN_KNEEL_G001_V05.png,/home/yanbo/下载/batches/batch-person-fallen-v2-p4d-hardneg-fullregen-r2-camera1p5m/generated_raw/PF_P4D_HN_KNEEL_G001_V05.png,PF_P4D_HN_KNEEL_G001,NEW_DESIGN,hard_negative,kneeling_half_kneeling,codex,LEGACY_NO_ADAPTER,,,,,,unreviewed,,,
PFV2-FC-0066,PF_P4D_HN_KNEEL_G002_V01,/home/yanbo/下载/batches/batch-person-fallen-v2-p4d-hardneg-fullregen-r2-camera1p5m/final/PF_P4D_HN_KNEEL_G002_V01.png,file:///home/yanbo/%E4%B8%8B%E8%BD%BD/batches/batch-person-fallen-v2-p4d-hardneg-fullregen-r2-camera1p5m/final/PF_P4D_HN_KNEEL_G002_V01.png,/home/yanbo/下载/batches/batch-person-fallen-v2-p4d-hardneg-fullregen-r2-camera1p5m/generated_raw/PF_P4D_HN_KNEEL_G002_V01.png,PF_P4D_HN_KNEEL_G002,NEW_DESIGN,hard_negative,kneeling_half_kneeling,codex,LEGACY_NO_ADAPTER,,,,,,unreviewed,,,
PFV2-FC-0067,PF_P4D_HN_KNEEL_G002_V02,/home/yanbo/下载/batches/batch-person-fallen-v2-p4d-hardneg-fullregen-r2-camera1p5m/final/PF_P4D_HN_KNEEL_G002_V02.png,file:///home/yanbo/%E4%B8%8B%E8%BD%BD/batches/batch-person-fallen-v2-p4d-hardneg-fullregen-r2-camera1p5m/final/PF_P4D_HN_KNEEL_G002_V02.png,/home/yanbo/下载/batches/batch-person-fallen-v2-p4d-hardneg-fullregen-r2-camera1p5m/generated_raw/PF_P4D_HN_KNEEL_G002_V02.png,PF_P4D_HN_KNEEL_G002,NEW_DESIGN,hard_negative,kneeling_half_kneeling,codex,LEGACY_NO_ADAPTER,,,,,,unreviewed,,,
PFV2-FC-0068,PF_P4D_HN_KNEEL_G002_V03,/home/yanbo/下载/batches/batch-person-fallen-v2-p4d-hardneg-fullregen-r2-camera1p5m/final/PF_P4D_HN_KNEEL_G002_V03.png,file:///home/yanbo/%E4%B8%8B%E8%BD%BD/batches/batch-person-fallen-v2-p4d-hardneg-fullregen-r2-camera1p5m/final/PF_P4D_HN_KNEEL_G002_V03.png,/home/yanbo/下载/batches/batch-person-fallen-v2-p4d-hardneg-fullregen-r2-camera1p5m/generated_raw/PF_P4D_HN_KNEEL_G002_V03.png,PF_P4D_HN_KNEEL_G002,NEW_DESIGN,hard_negative,kneeling_half_kneeling,codex,LEGACY_NO_ADAPTER,,,,,,unreviewed,,,
PFV2-FC-0069,PF_P4D_HN_KNEEL_G002_V04,/home/yanbo/下载/batches/batch-person-fallen-v2-p4d-hardneg-fullregen-r2-camera1p5m/final/PF_P4D_HN_KNEEL_G002_V04.png,file:///home/yanbo/%E4%B8%8B%E8%BD%BD/batches/batch-person-fallen-v2-p4d-hardneg-fullregen-r2-camera1p5m/final/PF_P4D_HN_KNEEL_G002_V04.png,/home/yanbo/下载/batches/batch-person-fallen-v2-p4d-hardneg-fullregen-r2-camera1p5m/generated_raw/PF_P4D_HN_KNEEL_G002_V04.png,PF_P4D_HN_KNEEL_G002,NEW_DESIGN,hard_negative,kneeling_half_kneeling,codex,LEGACY_NO_ADAPTER,,,,,,unreviewed,,,
PFV2-FC-0070,PF_P4D_HN_KNEEL_G002_V05,/home/yanbo/下载/batches/batch-person-fallen-v2-p4d-hardneg-fullregen-r2-camera1p5m/final/PF_P4D_HN_KNEEL_G002_V05.png,file:///home/yanbo/%E4%B8%8B%E8%BD%BD/batches/batch-person-fallen-v2-p4d-hardneg-fullregen-r2-camera1p5m/final/PF_P4D_HN_KNEEL_G002_V05.png,/home/yanbo/下载/batches/batch-person-fallen-v2-p4d-hardneg-fullregen-r2-camera1p5m/generated_raw/PF_P4D_HN_KNEEL_G002_V05.png,PF_P4D_HN_KNEEL_G002,NEW_DESIGN,hard_negative,kneeling_half_kneeling,codex,LEGACY_NO_ADAPTER,,,,,,unreviewed,,,
PFV2-FC-0071,PF_P4D_HN_KNEEL_G003_V01,/home/yanbo/下载/batches/batch-person-fallen-v2-p4d-hardneg-fullregen-r2-camera1p5m/final/PF_P4D_HN_KNEEL_G003_V01.png,file:///home/yanbo/%E4%B8%8B%E8%BD%BD/batches/batch-person-fallen-v2-p4d-hardneg-fullregen-r2-camera1p5m/final/PF_P4D_HN_KNEEL_G003_V01.png,/home/yanbo/下载/batches/batch-person-fallen-v2-p4d-hardneg-fullregen-r2-camera1p5m/generated_raw/PF_P4D_HN_KNEEL_G003_V01.png,PF_P4D_HN_KNEEL_G003,NEW_DESIGN,hard_negative,kneeling_half_kneeling,codex,LEGACY_NO_ADAPTER,,,,,,unreviewed,,,
PFV2-FC-0072,PF_P4D_HN_KNEEL_G003_V02,/home/yanbo/下载/batches/batch-person-fallen-v2-p4d-hardneg-fullregen-r2-camera1p5m/final/PF_P4D_HN_KNEEL_G003_V02.png,file:///home/yanbo/%E4%B8%8B%E8%BD%BD/batches/batch-person-fallen-v2-p4d-hardneg-fullregen-r2-camera1p5m/final/PF_P4D_HN_KNEEL_G003_V02.png,/home/yanbo/下载/batches/batch-person-fallen-v2-p4d-hardneg-fullregen-r2-camera1p5m/generated_raw/PF_P4D_HN_KNEEL_G003_V02.png,PF_P4D_HN_KNEEL_G003,NEW_DESIGN,hard_negative,kneeling_half_kneeling,codex,LEGACY_NO_ADAPTER,,,,,,unreviewed,,,
PFV2-FC-0073,PF_P4D_HN_KNEEL_G003_V03,/home/yanbo/下载/batches/batch-person-fallen-v2-p4d-hardneg-fullregen-r2-camera1p5m/final/PF_P4D_HN_KNEEL_G003_V03.png,file:///home/yanbo/%E4%B8%8B%E8%BD%BD/batches/batch-person-fallen-v2-p4d-hardneg-fullregen-r2-camera1p5m/final/PF_P4D_HN_KNEEL_G003_V03.png,/home/yanbo/下载/batches/batch-person-fallen-v2-p4d-hardneg-fullregen-r2-camera1p5m/generated_raw/PF_P4D_HN_KNEEL_G003_V03.png,PF_P4D_HN_KNEEL_G003,NEW_DESIGN,hard_negative,kneeling_half_kneeling,codex,LEGACY_NO_ADAPTER,,,,,,unreviewed,,,
PFV2-FC-0074,PF_P4D_HN_KNEEL_G003_V04,/home/yanbo/下载/batches/batch-person-fallen-v2-p4d-hardneg-fullregen-r2-camera1p5m/final/PF_P4D_HN_KNEEL_G003_V04.png,file:///home/yanbo/%E4%B8%8B%E8%BD%BD/batches/batch-person-fallen-v2-p4d-hardneg-fullregen-r2-camera1p5m/final/PF_P4D_HN_KNEEL_G003_V04.png,/home/yanbo/下载/batches/batch-person-fallen-v2-p4d-hardneg-fullregen-r2-camera1p5m/generated_raw/PF_P4D_HN_KNEEL_G003_V04.png,PF_P4D_HN_KNEEL_G003,NEW_DESIGN,hard_negative,kneeling_half_kneeling,codex,LEGACY_NO_ADAPTER,,,,,,unreviewed,,,
PFV2-FC-0075,PF_P4D_HN_KNEEL_G003_V05,/home/yanbo/下载/batches/batch-person-fallen-v2-p4d-hardneg-fullregen-r2-camera1p5m/final/PF_P4D_HN_KNEEL_G003_V05.png,file:///home/yanbo/%E4%B8%8B%E8%BD%BD/batches/batch-person-fallen-v2-p4d-hardneg-fullregen-r2-camera1p5m/final/PF_P4D_HN_KNEEL_G003_V05.png,/home/yanbo/下载/batches/batch-person-fallen-v2-p4d-hardneg-fullregen-r2-camera1p5m/generated_raw/PF_P4D_HN_KNEEL_G003_V05.png,PF_P4D_HN_KNEEL_G003,NEW_DESIGN,hard_negative,kneeling_half_kneeling,codex,LEGACY_NO_ADAPTER,,,,,,unreviewed,,,
PFV2-FC-0076,PF_P4D_HN_KNEEL_G004_V01,/home/yanbo/下载/batches/batch-person-fallen-v2-p4d-hardneg-fullregen-r2-camera1p5m/final/PF_P4D_HN_KNEEL_G004_V01.png,file:///home/yanbo/%E4%B8%8B%E8%BD%BD/batches/batch-person-fallen-v2-p4d-hardneg-fullregen-r2-camera1p5m/final/PF_P4D_HN_KNEEL_G004_V01.png,/home/yanbo/下载/batches/batch-person-fallen-v2-p4d-hardneg-fullregen-r2-camera1p5m/generated_raw/PF_P4D_HN_KNEEL_G004_V01.png,PF_P4D_HN_KNEEL_G004,NEW_DESIGN,hard_negative,kneeling_half_kneeling,codex,LEGACY_NO_ADAPTER,,,,,,unreviewed,,,
PFV2-FC-0077,PF_P4D_HN_KNEEL_G004_V02,/home/yanbo/下载/batches/batch-person-fallen-v2-p4d-hardneg-fullregen-r2-camera1p5m/final/PF_P4D_HN_KNEEL_G004_V02.png,file:///home/yanbo/%E4%B8%8B%E8%BD%BD/batches/batch-person-fallen-v2-p4d-hardneg-fullregen-r2-camera1p5m/final/PF_P4D_HN_KNEEL_G004_V02.png,/home/yanbo/下载/batches/batch-person-fallen-v2-p4d-hardneg-fullregen-r2-camera1p5m/generated_raw/PF_P4D_HN_KNEEL_G004_V02.png,PF_P4D_HN_KNEEL_G004,NEW_DESIGN,hard_negative,kneeling_half_kneeling,codex,LEGACY_NO_ADAPTER,,,,,,unreviewed,,,
PFV2-FC-0078,PF_P4D_HN_KNEEL_G004_V03,/home/yanbo/下载/batches/batch-person-fallen-v2-p4d-hardneg-fullregen-r2-camera1p5m/final/PF_P4D_HN_KNEEL_G004_V03.png,file:///home/yanbo/%E4%B8%8B%E8%BD%BD/batches/batch-person-fallen-v2-p4d-hardneg-fullregen-r2-camera1p5m/final/PF_P4D_HN_KNEEL_G004_V03.png,/home/yanbo/下载/batches/batch-person-fallen-v2-p4d-hardneg-fullregen-r2-camera1p5m/generated_raw/PF_P4D_HN_KNEEL_G004_V03.png,PF_P4D_HN_KNEEL_G004,NEW_DESIGN,hard_negative,kneeling_half_kneeling,codex,LEGACY_NO_ADAPTER,,,,,,unreviewed,,,
PFV2-FC-0079,PF_P4D_HN_KNEEL_G004_V04,/home/yanbo/下载/batches/batch-person-fallen-v2-p4d-hardneg-fullregen-r2-camera1p5m/final/PF_P4D_HN_KNEEL_G004_V04.png,file:///home/yanbo/%E4%B8%8B%E8%BD%BD/batches/batch-person-fallen-v2-p4d-hardneg-fullregen-r2-camera1p5m/final/PF_P4D_HN_KNEEL_G004_V04.png,/home/yanbo/下载/batches/batch-person-fallen-v2-p4d-hardneg-fullregen-r2-camera1p5m/generated_raw/PF_P4D_HN_KNEEL_G004_V04.png,PF_P4D_HN_KNEEL_G004,NEW_DESIGN,hard_negative,kneeling_half_kneeling,codex,LEGACY_NO_ADAPTER,,,,,,unreviewed,,,
PFV2-FC-0080,PF_P4D_HN_KNEEL_G004_V05,/home/yanbo/下载/batches/batch-person-fallen-v2-p4d-hardneg-fullregen-r2-camera1p5m/final/PF_P4D_HN_KNEEL_G004_V05.png,file:///home/yanbo/%E4%B8%8B%E8%BD%BD/batches/batch-person-fallen-v2-p4d-hardneg-fullregen-r2-camera1p5m/final/PF_P4D_HN_KNEEL_G004_V05.png,/home/yanbo/下载/batches/batch-person-fallen-v2-p4d-hardneg-fullregen-r2-camera1p5m/generated_raw/PF_P4D_HN_KNEEL_G004_V05.png,PF_P4D_HN_KNEEL_G004,NEW_DESIGN,hard_negative,kneeling_half_kneeling,codex,LEGACY_NO_ADAPTER,,,,,,unreviewed,,,
PFV2-FC-0081,PF_P4D_HN_KNEEL_G005_V01,/home/yanbo/下载/batches/batch-person-fallen-v2-p4d-hardneg-fullregen-r2-camera1p5m/final/PF_P4D_HN_KNEEL_G005_V01.png,file:///home/yanbo/%E4%B8%8B%E8%BD%BD/batches/batch-person-fallen-v2-p4d-hardneg-fullregen-r2-camera1p5m/final/PF_P4D_HN_KNEEL_G005_V01.png,/home/yanbo/下载/batches/batch-person-fallen-v2-p4d-hardneg-fullregen-r2-camera1p5m/generated_raw/PF_P4D_HN_KNEEL_G005_V01.png,PF_P4D_HN_KNEEL_G005,NEW_DESIGN,hard_negative,kneeling_half_kneeling,codex,LEGACY_NO_ADAPTER,,,,,,unreviewed,,,
PFV2-FC-0082,PF_P4D_HN_KNEEL_G005_V02,/home/yanbo/下载/batches/batch-person-fallen-v2-p4d-hardneg-fullregen-r2-camera1p5m/final/PF_P4D_HN_KNEEL_G005_V02.png,file:///home/yanbo/%E4%B8%8B%E8%BD%BD/batches/batch-person-fallen-v2-p4d-hardneg-fullregen-r2-camera1p5m/final/PF_P4D_HN_KNEEL_G005_V02.png,/home/yanbo/下载/batches/batch-person-fallen-v2-p4d-hardneg-fullregen-r2-camera1p5m/generated_raw/PF_P4D_HN_KNEEL_G005_V02.png,PF_P4D_HN_KNEEL_G005,NEW_DESIGN,hard_negative,kneeling_half_kneeling,codex,LEGACY_NO_ADAPTER,,,,,,unreviewed,,,
PFV2-FC-0083,PF_P4D_HN_KNEEL_G005_V03,/home/yanbo/下载/batches/batch-person-fallen-v2-p4d-hardneg-fullregen-r2-camera1p5m/final/PF_P4D_HN_KNEEL_G005_V03.png,file:///home/yanbo/%E4%B8%8B%E8%BD%BD/batches/batch-person-fallen-v2-p4d-hardneg-fullregen-r2-camera1p5m/final/PF_P4D_HN_KNEEL_G005_V03.png,/home/yanbo/下载/batches/batch-person-fallen-v2-p4d-hardneg-fullregen-r2-camera1p5m/generated_raw/PF_P4D_HN_KNEEL_G005_V03.png,PF_P4D_HN_KNEEL_G005,NEW_DESIGN,hard_negative,kneeling_half_kneeling,codex,LEGACY_NO_ADAPTER,,,,,,unreviewed,,,
PFV2-FC-0084,PF_P4D_HN_KNEEL_G005_V04,/home/yanbo/下载/batches/batch-person-fallen-v2-p4d-hardneg-fullregen-r2-camera1p5m/final/PF_P4D_HN_KNEEL_G005_V04.png,file:///home/yanbo/%E4%B8%8B%E8%BD%BD/batches/batch-person-fallen-v2-p4d-hardneg-fullregen-r2-camera1p5m/final/PF_P4D_HN_KNEEL_G005_V04.png,/home/yanbo/下载/batches/batch-person-fallen-v2-p4d-hardneg-fullregen-r2-camera1p5m/generated_raw/PF_P4D_HN_KNEEL_G005_V04.png,PF_P4D_HN_KNEEL_G005,NEW_DESIGN,hard_negative,kneeling_half_kneeling,codex,LEGACY_NO_ADAPTER,,,,,,unreviewed,,,
PFV2-FC-0085,PF_P4D_HN_KNEEL_G005_V05,/home/yanbo/下载/batches/batch-person-fallen-v2-p4d-hardneg-fullregen-r2-camera1p5m/final/PF_P4D_HN_KNEEL_G005_V05.png,file:///home/yanbo/%E4%B8%8B%E8%BD%BD/batches/batch-person-fallen-v2-p4d-hardneg-fullregen-r2-camera1p5m/final/PF_P4D_HN_KNEEL_G005_V05.png,/home/yanbo/下载/batches/batch-person-fallen-v2-p4d-hardneg-fullregen-r2-camera1p5m/generated_raw/PF_P4D_HN_KNEEL_G005_V05.png,PF_P4D_HN_KNEEL_G005,NEW_DESIGN,hard_negative,kneeling_half_kneeling,codex,LEGACY_NO_ADAPTER,,,,,,unreviewed,,,
PFV2-FC-0086,PF_P4D_HN_KNEEL_G006_V01,/home/yanbo/下载/batches/batch-person-fallen-v2-p4d-hardneg-fullregen-r2-camera1p5m/final/PF_P4D_HN_KNEEL_G006_V01.png,file:///home/yanbo/%E4%B8%8B%E8%BD%BD/batches/batch-person-fallen-v2-p4d-hardneg-fullregen-r2-camera1p5m/final/PF_P4D_HN_KNEEL_G006_V01.png,/home/yanbo/下载/batches/batch-person-fallen-v2-p4d-hardneg-fullregen-r2-camera1p5m/generated_raw/PF_P4D_HN_KNEEL_G006_V01.png,PF_P4D_HN_KNEEL_G006,NEW_DESIGN,hard_negative,kneeling_half_kneeling,codex,LEGACY_NO_ADAPTER,,,,,,unreviewed,,,
PFV2-FC-0087,PF_P4D_HN_KNEEL_G006_V02,/home/yanbo/下载/batches/batch-person-fallen-v2-p4d-hardneg-fullregen-r2-camera1p5m/final/PF_P4D_HN_KNEEL_G006_V02.png,file:///home/yanbo/%E4%B8%8B%E8%BD%BD/batches/batch-person-fallen-v2-p4d-hardneg-fullregen-r2-camera1p5m/final/PF_P4D_HN_KNEEL_G006_V02.png,/home/yanbo/下载/batches/batch-person-fallen-v2-p4d-hardneg-fullregen-r2-camera1p5m/generated_raw/PF_P4D_HN_KNEEL_G006_V02.png,PF_P4D_HN_KNEEL_G006,NEW_DESIGN,hard_negative,kneeling_half_kneeling,codex,LEGACY_NO_ADAPTER,,,,,,unreviewed,,,
PFV2-FC-0088,PF_P4D_HN_KNEEL_G006_V03,/home/yanbo/下载/batches/batch-person-fallen-v2-p4d-hardneg-fullregen-r2-camera1p5m/final/PF_P4D_HN_KNEEL_G006_V03.png,file:///home/yanbo/%E4%B8%8B%E8%BD%BD/batches/batch-person-fallen-v2-p4d-hardneg-fullregen-r2-camera1p5m/final/PF_P4D_HN_KNEEL_G006_V03.png,/home/yanbo/下载/batches/batch-person-fallen-v2-p4d-hardneg-fullregen-r2-camera1p5m/generated_raw/PF_P4D_HN_KNEEL_G006_V03.png,PF_P4D_HN_KNEEL_G006,NEW_DESIGN,hard_negative,kneeling_half_kneeling,codex,LEGACY_NO_ADAPTER,,,,,,unreviewed,,,
PFV2-FC-0089,PF_P4D_HN_KNEEL_G006_V04,/home/yanbo/下载/batches/batch-person-fallen-v2-p4d-hardneg-fullregen-r2-camera1p5m/final/PF_P4D_HN_KNEEL_G006_V04.png,file:///home/yanbo/%E4%B8%8B%E8%BD%BD/batches/batch-person-fallen-v2-p4d-hardneg-fullregen-r2-camera1p5m/final/PF_P4D_HN_KNEEL_G006_V04.png,/home/yanbo/下载/batches/batch-person-fallen-v2-p4d-hardneg-fullregen-r2-camera1p5m/generated_raw/PF_P4D_HN_KNEEL_G006_V04.png,PF_P4D_HN_KNEEL_G006,NEW_DESIGN,hard_negative,kneeling_half_kneeling,codex,LEGACY_NO_ADAPTER,,,,,,unreviewed,,,
PFV2-FC-0090,PF_P4D_HN_KNEEL_G006_V05,/home/yanbo/下载/batches/batch-person-fallen-v2-p4d-hardneg-fullregen-r2-camera1p5m/final/PF_P4D_HN_KNEEL_G006_V05.png,file:///home/yanbo/%E4%B8%8B%E8%BD%BD/batches/batch-person-fallen-v2-p4d-hardneg-fullregen-r2-camera1p5m/final/PF_P4D_HN_KNEEL_G006_V05.png,/home/yanbo/下载/batches/batch-person-fallen-v2-p4d-hardneg-fullregen-r2-camera1p5m/generated_raw/PF_P4D_HN_KNEEL_G006_V05.png,PF_P4D_HN_KNEEL_G006,NEW_DESIGN,hard_negative,kneeling_half_kneeling,codex,LEGACY_NO_ADAPTER,,,,,,unreviewed,,,
PFV2-FC-0091,PF_P4D_HN_KNEEL_G007_V01,/home/yanbo/下载/batches/batch-person-fallen-v2-p4d-hardneg-fullregen-r2-camera1p5m/final/PF_P4D_HN_KNEEL_G007_V01.png,file:///home/yanbo/%E4%B8%8B%E8%BD%BD/batches/batch-person-fallen-v2-p4d-hardneg-fullregen-r2-camera1p5m/final/PF_P4D_HN_KNEEL_G007_V01.png,/home/yanbo/下载/batches/batch-person-fallen-v2-p4d-hardneg-fullregen-r2-camera1p5m/generated_raw/PF_P4D_HN_KNEEL_G007_V01.png,PF_P4D_HN_KNEEL_G007,NEW_DESIGN,hard_negative,kneeling_half_kneeling,codex,LEGACY_NO_ADAPTER,,,,,,unreviewed,,,
PFV2-FC-0092,PF_P4D_HN_KNEEL_G007_V02,/home/yanbo/下载/batches/batch-person-fallen-v2-p4d-hardneg-fullregen-r2-camera1p5m/final/PF_P4D_HN_KNEEL_G007_V02.png,file:///home/yanbo/%E4%B8%8B%E8%BD%BD/batches/batch-person-fallen-v2-p4d-hardneg-fullregen-r2-camera1p5m/final/PF_P4D_HN_KNEEL_G007_V02.png,/home/yanbo/下载/batches/batch-person-fallen-v2-p4d-hardneg-fullregen-r2-camera1p5m/generated_raw/PF_P4D_HN_KNEEL_G007_V02.png,PF_P4D_HN_KNEEL_G007,NEW_DESIGN,hard_negative,kneeling_half_kneeling,codex,LEGACY_NO_ADAPTER,,,,,,unreviewed,,,
PFV2-FC-0093,PF_P4D_HN_KNEEL_G007_V03,/home/yanbo/下载/batches/batch-person-fallen-v2-p4d-hardneg-fullregen-r2-camera1p5m/final/PF_P4D_HN_KNEEL_G007_V03.png,file:///home/yanbo/%E4%B8%8B%E8%BD%BD/batches/batch-person-fallen-v2-p4d-hardneg-fullregen-r2-camera1p5m/final/PF_P4D_HN_KNEEL_G007_V03.png,/home/yanbo/下载/batches/batch-person-fallen-v2-p4d-hardneg-fullregen-r2-camera1p5m/generated_raw/PF_P4D_HN_KNEEL_G007_V03.png,PF_P4D_HN_KNEEL_G007,NEW_DESIGN,hard_negative,kneeling_half_kneeling,codex,LEGACY_NO_ADAPTER,,,,,,unreviewed,,,
PFV2-FC-0094,PF_P4D_HN_KNEEL_G007_V04,/home/yanbo/下载/batches/batch-person-fallen-v2-p4d-hardneg-fullregen-r2-camera1p5m/final/PF_P4D_HN_KNEEL_G007_V04.png,file:///home/yanbo/%E4%B8%8B%E8%BD%BD/batches/batch-person-fallen-v2-p4d-hardneg-fullregen-r2-camera1p5m/final/PF_P4D_HN_KNEEL_G007_V04.png,/home/yanbo/下载/batches/batch-person-fallen-v2-p4d-hardneg-fullregen-r2-camera1p5m/generated_raw/PF_P4D_HN_KNEEL_G007_V04.png,PF_P4D_HN_KNEEL_G007,NEW_DESIGN,hard_negative,kneeling_half_kneeling,codex,LEGACY_NO_ADAPTER,,,,,,unreviewed,,,
PFV2-FC-0095,PF_P4D_HN_KNEEL_G007_V05,/home/yanbo/下载/batches/batch-person-fallen-v2-p4d-hardneg-fullregen-r2-camera1p5m/final/PF_P4D_HN_KNEEL_G007_V05.png,file:///home/yanbo/%E4%B8%8B%E8%BD%BD/batches/batch-person-fallen-v2-p4d-hardneg-fullregen-r2-camera1p5m/final/PF_P4D_HN_KNEEL_G007_V05.png,/home/yanbo/下载/batches/batch-person-fallen-v2-p4d-hardneg-fullregen-r2-camera1p5m/generated_raw/PF_P4D_HN_KNEEL_G007_V05.png,PF_P4D_HN_KNEEL_G007,NEW_DESIGN,hard_negative,kneeling_half_kneeling,codex,LEGACY_NO_ADAPTER,,,,,,unreviewed,,,
PFV2-FC-0096,PF_P4D_HN_KNEEL_G008_V01,/home/yanbo/下载/batches/batch-person-fallen-v2-p4d-hardneg-fullregen-r2-camera1p5m/final/PF_P4D_HN_KNEEL_G008_V01.png,file:///home/yanbo/%E4%B8%8B%E8%BD%BD/batches/batch-person-fallen-v2-p4d-hardneg-fullregen-r2-camera1p5m/final/PF_P4D_HN_KNEEL_G008_V01.png,/home/yanbo/下载/batches/batch-person-fallen-v2-p4d-hardneg-fullregen-r2-camera1p5m/generated_raw/PF_P4D_HN_KNEEL_G008_V01.png,PF_P4D_HN_KNEEL_G008,NEW_SCREEN,hard_negative,kneeling_half_kneeling,codex,LEGACY_NO_ADAPTER,,,,,,unreviewed,,,
PFV2-FC-0097,PF_P4D_HN_KNEEL_G008_V02,/home/yanbo/下载/batches/batch-person-fallen-v2-p4d-hardneg-fullregen-r2-camera1p5m/final/PF_P4D_HN_KNEEL_G008_V02.png,file:///home/yanbo/%E4%B8%8B%E8%BD%BD/batches/batch-person-fallen-v2-p4d-hardneg-fullregen-r2-camera1p5m/final/PF_P4D_HN_KNEEL_G008_V02.png,/home/yanbo/下载/batches/batch-person-fallen-v2-p4d-hardneg-fullregen-r2-camera1p5m/generated_raw/PF_P4D_HN_KNEEL_G008_V02.png,PF_P4D_HN_KNEEL_G008,NEW_SCREEN,hard_negative,kneeling_half_kneeling,codex,LEGACY_NO_ADAPTER,,,,,,unreviewed,,,
PFV2-FC-0098,PF_P4D_HN_KNEEL_G008_V03,/home/yanbo/下载/batches/batch-person-fallen-v2-p4d-hardneg-fullregen-r2-camera1p5m/final/PF_P4D_HN_KNEEL_G008_V03.png,file:///home/yanbo/%E4%B8%8B%E8%BD%BD/batches/batch-person-fallen-v2-p4d-hardneg-fullregen-r2-camera1p5m/final/PF_P4D_HN_KNEEL_G008_V03.png,/home/yanbo/下载/batches/batch-person-fallen-v2-p4d-hardneg-fullregen-r2-camera1p5m/generated_raw/PF_P4D_HN_KNEEL_G008_V03.png,PF_P4D_HN_KNEEL_G008,NEW_SCREEN,hard_negative,kneeling_half_kneeling,codex,LEGACY_NO_ADAPTER,,,,,,unreviewed,,,
PFV2-FC-0099,PF_P4D_HN_KNEEL_G008_V04,/home/yanbo/下载/batches/batch-person-fallen-v2-p4d-hardneg-fullregen-r2-camera1p5m/final/PF_P4D_HN_KNEEL_G008_V04.png,file:///home/yanbo/%E4%B8%8B%E8%BD%BD/batches/batch-person-fallen-v2-p4d-hardneg-fullregen-r2-camera1p5m/final/PF_P4D_HN_KNEEL_G008_V04.png,/home/yanbo/下载/batches/batch-person-fallen-v2-p4d-hardneg-fullregen-r2-camera1p5m/generated_raw/PF_P4D_HN_KNEEL_G008_V04.png,PF_P4D_HN_KNEEL_G008,NEW_SCREEN,hard_negative,kneeling_half_kneeling,codex,LEGACY_NO_ADAPTER,,,,,,unreviewed,,,
PFV2-FC-0100,PF_P4D_HN_KNEEL_G008_V05,/home/yanbo/下载/batches/batch-person-fallen-v2-p4d-hardneg-fullregen-r2-camera1p5m/final/PF_P4D_HN_KNEEL_G008_V05.png,file:///home/yanbo/%E4%B8%8B%E8%BD%BD/batches/batch-person-fallen-v2-p4d-hardneg-fullregen-r2-camera1p5m/final/PF_P4D_HN_KNEEL_G008_V05.png,/home/yanbo/下载/batches/batch-person-fallen-v2-p4d-hardneg-fullregen-r2-camera1p5m/generated_raw/PF_P4D_HN_KNEEL_G008_V05.png,PF_P4D_HN_KNEEL_G008,NEW_SCREEN,hard_negative,kneeling_half_kneeling,codex,LEGACY_NO_ADAPTER,,,,,,unreviewed,,,
PFV2-FC-0101,PF_P4D_HN_KNEEL_G009_V01,/home/yanbo/下载/batches/batch-person-fallen-v2-p4d-hardneg-fullregen-r2-camera1p5m/final/PF_P4D_HN_KNEEL_G009_V01.png,file:///home/yanbo/%E4%B8%8B%E8%BD%BD/batches/batch-person-fallen-v2-p4d-hardneg-fullregen-r2-camera1p5m/final/PF_P4D_HN_KNEEL_G009_V01.png,/home/yanbo/下载/batches/batch-person-fallen-v2-p4d-hardneg-fullregen-r2-camera1p5m/generated_raw/PF_P4D_HN_KNEEL_G009_V01.png,PF_P4D_HN_KNEEL_G009,NEW_SCREEN,hard_negative,kneeling_half_kneeling,codex,LEGACY_NO_ADAPTER,,,,,,unreviewed,,,
PFV2-FC-0102,PF_P4D_HN_KNEEL_G009_V02,/home/yanbo/下载/batches/batch-person-fallen-v2-p4d-hardneg-fullregen-r2-camera1p5m/final/PF_P4D_HN_KNEEL_G009_V02.png,file:///home/yanbo/%E4%B8%8B%E8%BD%BD/batches/batch-person-fallen-v2-p4d-hardneg-fullregen-r2-camera1p5m/final/PF_P4D_HN_KNEEL_G009_V02.png,/home/yanbo/下载/batches/batch-person-fallen-v2-p4d-hardneg-fullregen-r2-camera1p5m/generated_raw/PF_P4D_HN_KNEEL_G009_V02.png,PF_P4D_HN_KNEEL_G009,NEW_SCREEN,hard_negative,kneeling_half_kneeling,codex,LEGACY_NO_ADAPTER,,,,,,unreviewed,,,
PFV2-FC-0103,PF_P4D_HN_KNEEL_G009_V03,/home/yanbo/net_vlm_person_fallen_v2_optimization/08_p4d_new_hard_negative_dev_revision/02_generation/gr3_fullregen/06_execution/quota_campaign_window_01_authorized_20260830_05/08_final/PF_P4D_HN_KNEEL_G009_V03.png,file:///home/yanbo/net_vlm_person_fallen_v2_optimization/08_p4d_new_hard_negative_dev_revision/02_generation/gr3_fullregen/06_execution/quota_campaign_window_01_authorized_20260830_05/08_final/PF_P4D_HN_KNEEL_G009_V03.png,/home/yanbo/net_vlm_person_fallen_v2_optimization/08_p4d_new_hard_negative_dev_revision/02_generation/gr3_fullregen/06_execution/quota_campaign_window_01_authorized_20260830_05/07_generated_raw/PF_P4D_HN_KNEEL_G009_V03.png,PF_P4D_HN_KNEEL_G009,NEW_SCREEN,hard_negative,kneeling_half_kneeling,codex,LEGACY_NO_ADAPTER,,,,,,unreviewed,,,
PFV2-FC-0104,PF_P4D_HN_KNEEL_G009_V04,/home/yanbo/net_vlm_person_fallen_v2_optimization/08_p4d_new_hard_negative_dev_revision/02_generation/gr3_fullregen/06_execution/quota_campaign_window_01_authorized_20260830_05/08_final/PF_P4D_HN_KNEEL_G009_V04.png,file:///home/yanbo/net_vlm_person_fallen_v2_optimization/08_p4d_new_hard_negative_dev_revision/02_generation/gr3_fullregen/06_execution/quota_campaign_window_01_authorized_20260830_05/08_final/PF_P4D_HN_KNEEL_G009_V04.png,/home/yanbo/net_vlm_person_fallen_v2_optimization/08_p4d_new_hard_negative_dev_revision/02_generation/gr3_fullregen/06_execution/quota_campaign_window_01_authorized_20260830_05/07_generated_raw/PF_P4D_HN_KNEEL_G009_V04.png,PF_P4D_HN_KNEEL_G009,NEW_SCREEN,hard_negative,kneeling_half_kneeling,codex,LEGACY_NO_ADAPTER,,,,,,unreviewed,,,
PFV2-FC-0105,PF_P4D_HN_KNEEL_G009_V05,/home/yanbo/net_vlm_person_fallen_v2_optimization/08_p4d_new_hard_negative_dev_revision/02_generation/gr3_fullregen/06_execution/quota_campaign_window_01_authorized_20260830_05/08_final/PF_P4D_HN_KNEEL_G009_V05.png,file:///home/yanbo/net_vlm_person_fallen_v2_optimization/08_p4d_new_hard_negative_dev_revision/02_generation/gr3_fullregen/06_execution/quota_campaign_window_01_authorized_20260830_05/08_final/PF_P4D_HN_KNEEL_G009_V05.png,/home/yanbo/net_vlm_person_fallen_v2_optimization/08_p4d_new_hard_negative_dev_revision/02_generation/gr3_fullregen/06_execution/quota_campaign_window_01_authorized_20260830_05/07_generated_raw/PF_P4D_HN_KNEEL_G009_V05.png,PF_P4D_HN_KNEEL_G009,NEW_SCREEN,hard_negative,kneeling_half_kneeling,codex,LEGACY_NO_ADAPTER,,,,,,unreviewed,,,
PFV2-FC-0106,PF_P4D_HN_PLANK_G001_V01,/home/yanbo/net_vlm_person_fallen_v2_optimization/08_p4d_new_hard_negative_dev_revision/02_generation/gr3_fullregen/06_execution/quota_campaign_window_05_gr3q8_authorized_20260831_01/08_final/PF_P4D_HN_PLANK_G001_V01.png,file:///home/yanbo/net_vlm_person_fallen_v2_optimization/08_p4d_new_hard_negative_dev_revision/02_generation/gr3_fullregen/06_execution/quota_campaign_window_05_gr3q8_authorized_20260831_01/08_final/PF_P4D_HN_PLANK_G001_V01.png,/home/yanbo/net_vlm_person_fallen_v2_optimization/08_p4d_new_hard_negative_dev_revision/02_generation/gr3_fullregen/06_execution/quota_campaign_window_05_gr3q8_authorized_20260831_01/07_generated_raw/PF_P4D_HN_PLANK_G001_V01.png,PF_P4D_HN_PLANK_G001,NEW_DESIGN,hard_negative,pushup_plank,codex,CODEX_SAFE_STAGED_CV_V1,,,,,,unreviewed,,,
PFV2-FC-0107,PF_P4D_HN_PLANK_G001_V02,/home/yanbo/net_vlm_person_fallen_v2_optimization/08_p4d_new_hard_negative_dev_revision/02_generation/gr3_fullregen/06_execution/quota_campaign_window_05_gr3q8_authorized_20260831_01/08_final/PF_P4D_HN_PLANK_G001_V02.png,file:///home/yanbo/net_vlm_person_fallen_v2_optimization/08_p4d_new_hard_negative_dev_revision/02_generation/gr3_fullregen/06_execution/quota_campaign_window_05_gr3q8_authorized_20260831_01/08_final/PF_P4D_HN_PLANK_G001_V02.png,/home/yanbo/net_vlm_person_fallen_v2_optimization/08_p4d_new_hard_negative_dev_revision/02_generation/gr3_fullregen/06_execution/quota_campaign_window_05_gr3q8_authorized_20260831_01/07_generated_raw/PF_P4D_HN_PLANK_G001_V02.png,PF_P4D_HN_PLANK_G001,NEW_DESIGN,hard_negative,pushup_plank,codex,CODEX_SAFE_STAGED_CV_V1,,,,,,unreviewed,,,
PFV2-FC-0108,PF_P4D_HN_PLANK_G001_V03,/home/yanbo/net_vlm_person_fallen_v2_optimization/08_p4d_new_hard_negative_dev_revision/02_generation/gr3_fullregen/06_execution/quota_campaign_window_05_gr3q8_authorized_20260831_01/08_final/PF_P4D_HN_PLANK_G001_V03.png,file:///home/yanbo/net_vlm_person_fallen_v2_optimization/08_p4d_new_hard_negative_dev_revision/02_generation/gr3_fullregen/06_execution/quota_campaign_window_05_gr3q8_authorized_20260831_01/08_final/PF_P4D_HN_PLANK_G001_V03.png,/home/yanbo/net_vlm_person_fallen_v2_optimization/08_p4d_new_hard_negative_dev_revision/02_generation/gr3_fullregen/06_execution/quota_campaign_window_05_gr3q8_authorized_20260831_01/07_generated_raw/PF_P4D_HN_PLANK_G001_V03.png,PF_P4D_HN_PLANK_G001,NEW_DESIGN,hard_negative,pushup_plank,codex,CODEX_SAFE_STAGED_CV_V1,,,,,,unreviewed,,,
PFV2-FC-0109,PF_P4D_HN_PLANK_G001_V04,/home/yanbo/net_vlm_person_fallen_v2_optimization/08_p4d_new_hard_negative_dev_revision/02_generation/gr3_fullregen/06_execution/quota_campaign_window_05_gr3q8_authorized_20260831_01/08_final/PF_P4D_HN_PLANK_G001_V04.png,file:///home/yanbo/net_vlm_person_fallen_v2_optimization/08_p4d_new_hard_negative_dev_revision/02_generation/gr3_fullregen/06_execution/quota_campaign_window_05_gr3q8_authorized_20260831_01/08_final/PF_P4D_HN_PLANK_G001_V04.png,/home/yanbo/net_vlm_person_fallen_v2_optimization/08_p4d_new_hard_negative_dev_revision/02_generation/gr3_fullregen/06_execution/quota_campaign_window_05_gr3q8_authorized_20260831_01/07_generated_raw/PF_P4D_HN_PLANK_G001_V04.png,PF_P4D_HN_PLANK_G001,NEW_DESIGN,hard_negative,pushup_plank,codex,CODEX_SAFE_STAGED_CV_V1,,,,,,unreviewed,,,
PFV2-FC-0110,PF_P4D_HN_PLANK_G001_V05,/home/yanbo/net_vlm_person_fallen_v2_optimization/08_p4d_new_hard_negative_dev_revision/02_generation/gr3_fullregen/06_execution/quota_campaign_window_05_gr3q8_authorized_20260831_01/08_final/PF_P4D_HN_PLANK_G001_V05.png,file:///home/yanbo/net_vlm_person_fallen_v2_optimization/08_p4d_new_hard_negative_dev_revision/02_generation/gr3_fullregen/06_execution/quota_campaign_window_05_gr3q8_authorized_20260831_01/08_final/PF_P4D_HN_PLANK_G001_V05.png,/home/yanbo/net_vlm_person_fallen_v2_optimization/08_p4d_new_hard_negative_dev_revision/02_generation/gr3_fullregen/06_execution/quota_campaign_window_05_gr3q8_authorized_20260831_01/07_generated_raw/PF_P4D_HN_PLANK_G001_V05.png,PF_P4D_HN_PLANK_G001,NEW_DESIGN,hard_negative,pushup_plank,codex,CODEX_SAFE_STAGED_CV_V1,,,,,,unreviewed,,,
PFV2-FC-0111,PF_P4D_HN_PLANK_G002_V01,/home/yanbo/net_vlm_person_fallen_v2_optimization/08_p4d_new_hard_negative_dev_revision/02_generation/gr3_fullregen/06_execution/quota_campaign_window_07_gr3q10_authorized_20260901_01/08_final/PF_P4D_HN_PLANK_G002_V01.png,file:///home/yanbo/net_vlm_person_fallen_v2_optimization/08_p4d_new_hard_negative_dev_revision/02_generation/gr3_fullregen/06_execution/quota_campaign_window_07_gr3q10_authorized_20260901_01/08_final/PF_P4D_HN_PLANK_G002_V01.png,/home/yanbo/net_vlm_person_fallen_v2_optimization/08_p4d_new_hard_negative_dev_revision/02_generation/gr3_fullregen/06_execution/quota_campaign_window_07_gr3q10_authorized_20260901_01/07_generated_raw/PF_P4D_HN_PLANK_G002_V01.png,PF_P4D_HN_PLANK_G002,NEW_DESIGN,hard_negative,pushup_plank,codex,CODEX_SAFE_STAGED_CV_V1,,,,,,unreviewed,,,
PFV2-FC-0112,PF_P4D_HN_CRAWL_G001_V01,/home/yanbo/net_vlm_person_fallen_v2_optimization/08_p4d_new_hard_negative_dev_revision/02_generation/gr3_fullregen/06_execution/quota_campaign_window_03_gr3q6_authorized_20260831_01/08_final/PF_P4D_HN_CRAWL_G001_V01.png,file:///home/yanbo/net_vlm_person_fallen_v2_optimization/08_p4d_new_hard_negative_dev_revision/02_generation/gr3_fullregen/06_execution/quota_campaign_window_03_gr3q6_authorized_20260831_01/08_final/PF_P4D_HN_CRAWL_G001_V01.png,/home/yanbo/net_vlm_person_fallen_v2_optimization/08_p4d_new_hard_negative_dev_revision/02_generation/gr3_fullregen/06_execution/quota_campaign_window_03_gr3q6_authorized_20260831_01/07_generated_raw/PF_P4D_HN_CRAWL_G001_V01.png,PF_P4D_HN_CRAWL_G001,NEW_DESIGN,hard_negative,crawling_quadruped_support,codex,CODEX_SAFE_STAGED_CV_V1,,,,,,unreviewed,,,
PFV2-FC-0113,PF_P4D_HN_CRAWL_G001_V02,/home/yanbo/net_vlm_person_fallen_v2_optimization/08_p4d_new_hard_negative_dev_revision/02_generation/gr3_fullregen/06_execution/quota_campaign_window_03_gr3q6_authorized_20260831_01/08_final/PF_P4D_HN_CRAWL_G001_V02.png,file:///home/yanbo/net_vlm_person_fallen_v2_optimization/08_p4d_new_hard_negative_dev_revision/02_generation/gr3_fullregen/06_execution/quota_campaign_window_03_gr3q6_authorized_20260831_01/08_final/PF_P4D_HN_CRAWL_G001_V02.png,/home/yanbo/net_vlm_person_fallen_v2_optimization/08_p4d_new_hard_negative_dev_revision/02_generation/gr3_fullregen/06_execution/quota_campaign_window_03_gr3q6_authorized_20260831_01/07_generated_raw/PF_P4D_HN_CRAWL_G001_V02.png,PF_P4D_HN_CRAWL_G001,NEW_DESIGN,hard_negative,crawling_quadruped_support,codex,CODEX_SAFE_STAGED_CV_V1,,,,,,unreviewed,,,
PFV2-FC-0114,PF_P4D_HN_CRAWL_G001_V03,/home/yanbo/net_vlm_person_fallen_v2_optimization/08_p4d_new_hard_negative_dev_revision/02_generation/gr3_fullregen/06_execution/quota_campaign_window_03_gr3q6_authorized_20260831_01/08_final/PF_P4D_HN_CRAWL_G001_V03.png,file:///home/yanbo/net_vlm_person_fallen_v2_optimization/08_p4d_new_hard_negative_dev_revision/02_generation/gr3_fullregen/06_execution/quota_campaign_window_03_gr3q6_authorized_20260831_01/08_final/PF_P4D_HN_CRAWL_G001_V03.png,/home/yanbo/net_vlm_person_fallen_v2_optimization/08_p4d_new_hard_negative_dev_revision/02_generation/gr3_fullregen/06_execution/quota_campaign_window_03_gr3q6_authorized_20260831_01/07_generated_raw/PF_P4D_HN_CRAWL_G001_V03.png,PF_P4D_HN_CRAWL_G001,NEW_DESIGN,hard_negative,crawling_quadruped_support,codex,CODEX_SAFE_STAGED_CV_V1,,,,,,unreviewed,,,
PFV2-FC-0115,PF_P4D_HN_CRAWL_G001_V04,/home/yanbo/net_vlm_person_fallen_v2_optimization/08_p4d_new_hard_negative_dev_revision/02_generation/gr3_fullregen/06_execution/quota_campaign_window_03_gr3q6_authorized_20260831_01/08_final/PF_P4D_HN_CRAWL_G001_V04.png,file:///home/yanbo/net_vlm_person_fallen_v2_optimization/08_p4d_new_hard_negative_dev_revision/02_generation/gr3_fullregen/06_execution/quota_campaign_window_03_gr3q6_authorized_20260831_01/08_final/PF_P4D_HN_CRAWL_G001_V04.png,/home/yanbo/net_vlm_person_fallen_v2_optimization/08_p4d_new_hard_negative_dev_revision/02_generation/gr3_fullregen/06_execution/quota_campaign_window_03_gr3q6_authorized_20260831_01/07_generated_raw/PF_P4D_HN_CRAWL_G001_V04.png,PF_P4D_HN_CRAWL_G001,NEW_DESIGN,hard_negative,crawling_quadruped_support,codex,CODEX_SAFE_STAGED_CV_V1,,,,,,unreviewed,,,
PFV2-FC-0116,PF_P4D_HN_CRAWL_G001_V05,/home/yanbo/net_vlm_person_fallen_v2_optimization/08_p4d_new_hard_negative_dev_revision/02_generation/gr3_fullregen/06_execution/quota_campaign_window_03_gr3q6_authorized_20260831_01/08_final/PF_P4D_HN_CRAWL_G001_V05.png,file:///home/yanbo/net_vlm_person_fallen_v2_optimization/08_p4d_new_hard_negative_dev_revision/02_generation/gr3_fullregen/06_execution/quota_campaign_window_03_gr3q6_authorized_20260831_01/08_final/PF_P4D_HN_CRAWL_G001_V05.png,/home/yanbo/net_vlm_person_fallen_v2_optimization/08_p4d_new_hard_negative_dev_revision/02_generation/gr3_fullregen/06_execution/quota_campaign_window_03_gr3q6_authorized_20260831_01/07_generated_raw/PF_P4D_HN_CRAWL_G001_V05.png,PF_P4D_HN_CRAWL_G001,NEW_DESIGN,hard_negative,crawling_quadruped_support,codex,CODEX_SAFE_STAGED_CV_V1,,,,,,unreviewed,,,
PFV2-FC-0117,PF_P4D_HN_MAINT_G002_V01,/home/yanbo/net_vlm_person_fallen_v2_optimization/08_p4d_new_hard_negative_dev_revision/02_generation/gr3_fullregen/06_execution/quota_campaign_window_07_gr3q10_authorized_20260901_01/08_final/PF_P4D_HN_MAINT_G002_V01.png,file:///home/yanbo/net_vlm_person_fallen_v2_optimization/08_p4d_new_hard_negative_dev_revision/02_generation/gr3_fullregen/06_execution/quota_campaign_window_07_gr3q10_authorized_20260901_01/08_final/PF_P4D_HN_MAINT_G002_V01.png,/home/yanbo/net_vlm_person_fallen_v2_optimization/08_p4d_new_hard_negative_dev_revision/02_generation/gr3_fullregen/06_execution/quota_campaign_window_07_gr3q10_authorized_20260901_01/07_generated_raw/PF_P4D_HN_MAINT_G002_V01.png,PF_P4D_HN_MAINT_G002,NEW_DESIGN,hard_negative,ground_maintenance,codex,CODEX_SAFE_STAGED_CV_V1,,,,,,unreviewed,,,
PFV2-FC-0118,PF_P4D_HN_MAINT_G002_V02,/home/yanbo/net_vlm_person_fallen_v2_optimization/08_p4d_new_hard_negative_dev_revision/02_generation/gr3_fullregen/06_execution/quota_campaign_window_07_gr3q10_authorized_20260901_01/08_final/PF_P4D_HN_MAINT_G002_V02.png,file:///home/yanbo/net_vlm_person_fallen_v2_optimization/08_p4d_new_hard_negative_dev_revision/02_generation/gr3_fullregen/06_execution/quota_campaign_window_07_gr3q10_authorized_20260901_01/08_final/PF_P4D_HN_MAINT_G002_V02.png,/home/yanbo/net_vlm_person_fallen_v2_optimization/08_p4d_new_hard_negative_dev_revision/02_generation/gr3_fullregen/06_execution/quota_campaign_window_07_gr3q10_authorized_20260901_01/07_generated_raw/PF_P4D_HN_MAINT_G002_V02.png,PF_P4D_HN_MAINT_G002,NEW_DESIGN,hard_negative,ground_maintenance,codex,CODEX_SAFE_STAGED_CV_V1,,,,,,unreviewed,,,
PFV2-FC-0119,PF_P4D_HN_MAINT_G002_V03,/home/yanbo/net_vlm_person_fallen_v2_optimization/08_p4d_new_hard_negative_dev_revision/02_generation/gr3_fullregen/06_execution/quota_campaign_window_07_gr3q10_authorized_20260901_01/08_final/PF_P4D_HN_MAINT_G002_V03.png,file:///home/yanbo/net_vlm_person_fallen_v2_optimization/08_p4d_new_hard_negative_dev_revision/02_generation/gr3_fullregen/06_execution/quota_campaign_window_07_gr3q10_authorized_20260901_01/08_final/PF_P4D_HN_MAINT_G002_V03.png,/home/yanbo/net_vlm_person_fallen_v2_optimization/08_p4d_new_hard_negative_dev_revision/02_generation/gr3_fullregen/06_execution/quota_campaign_window_07_gr3q10_authorized_20260901_01/07_generated_raw/PF_P4D_HN_MAINT_G002_V03.png,PF_P4D_HN_MAINT_G002,NEW_DESIGN,hard_negative,ground_maintenance,codex,CODEX_SAFE_STAGED_CV_V1,,,,,,unreviewed,,,
PFV2-FC-0120,PF_P4D_HN_MAINT_G002_V04,/home/yanbo/net_vlm_person_fallen_v2_optimization/08_p4d_new_hard_negative_dev_revision/02_generation/gr3_fullregen/06_execution/quota_campaign_window_07_gr3q10_authorized_20260901_01/08_final/PF_P4D_HN_MAINT_G002_V04.png,file:///home/yanbo/net_vlm_person_fallen_v2_optimization/08_p4d_new_hard_negative_dev_revision/02_generation/gr3_fullregen/06_execution/quota_campaign_window_07_gr3q10_authorized_20260901_01/08_final/PF_P4D_HN_MAINT_G002_V04.png,/home/yanbo/net_vlm_person_fallen_v2_optimization/08_p4d_new_hard_negative_dev_revision/02_generation/gr3_fullregen/06_execution/quota_campaign_window_07_gr3q10_authorized_20260901_01/07_generated_raw/PF_P4D_HN_MAINT_G002_V04.png,PF_P4D_HN_MAINT_G002,NEW_DESIGN,hard_negative,ground_maintenance,codex,CODEX_SAFE_STAGED_CV_V1,,,,,,unreviewed,,,
PFV2-FC-0121,PF_P4D_HN_MAINT_G002_V05,/home/yanbo/net_vlm_person_fallen_v2_optimization/08_p4d_new_hard_negative_dev_revision/02_generation/gr3_fullregen/06_execution/quota_campaign_window_07_gr3q10_authorized_20260901_01/08_final/PF_P4D_HN_MAINT_G002_V05.png,file:///home/yanbo/net_vlm_person_fallen_v2_optimization/08_p4d_new_hard_negative_dev_revision/02_generation/gr3_fullregen/06_execution/quota_campaign_window_07_gr3q10_authorized_20260901_01/08_final/PF_P4D_HN_MAINT_G002_V05.png,/home/yanbo/net_vlm_person_fallen_v2_optimization/08_p4d_new_hard_negative_dev_revision/02_generation/gr3_fullregen/06_execution/quota_campaign_window_07_gr3q10_authorized_20260901_01/07_generated_raw/PF_P4D_HN_MAINT_G002_V05.png,PF_P4D_HN_MAINT_G002,NEW_DESIGN,hard_negative,ground_maintenance,codex,CODEX_SAFE_STAGED_CV_V1,,,,,,unreviewed,,,
PFV2-FC-0122,PF_P4D_HN_MAINT_G006_V01,/home/yanbo/net_vlm_person_fallen_v2_optimization/08_p4d_new_hard_negative_dev_revision/02_generation/gr3_fullregen/06_execution/quota_campaign_window_03_gr3q6_authorized_20260831_01/08_final/PF_P4D_HN_MAINT_G006_V01.png,file:///home/yanbo/net_vlm_person_fallen_v2_optimization/08_p4d_new_hard_negative_dev_revision/02_generation/gr3_fullregen/06_execution/quota_campaign_window_03_gr3q6_authorized_20260831_01/08_final/PF_P4D_HN_MAINT_G006_V01.png,/home/yanbo/net_vlm_person_fallen_v2_optimization/08_p4d_new_hard_negative_dev_revision/02_generation/gr3_fullregen/06_execution/quota_campaign_window_03_gr3q6_authorized_20260831_01/07_generated_raw/PF_P4D_HN_MAINT_G006_V01.png,PF_P4D_HN_MAINT_G006,NEW_SCREEN,hard_negative,ground_maintenance,codex,CODEX_SAFE_STAGED_CV_V1,,,,,,unreviewed,,,
PFV2-FC-0123,PF_P4D_HN_SQUAT_G006_V01,/home/yanbo/net_vlm_person_fallen_v2_optimization/08_p4d_new_hard_negative_dev_revision/02_generation/gr3_fullregen/06_execution/quota_campaign_window_04_gr3q7_authorized_20260831_01/08_final/PF_P4D_HN_SQUAT_G006_V01.png,file:///home/yanbo/net_vlm_person_fallen_v2_optimization/08_p4d_new_hard_negative_dev_revision/02_generation/gr3_fullregen/06_execution/quota_campaign_window_04_gr3q7_authorized_20260831_01/08_final/PF_P4D_HN_SQUAT_G006_V01.png,/home/yanbo/net_vlm_person_fallen_v2_optimization/08_p4d_new_hard_negative_dev_revision/02_generation/gr3_fullregen/06_execution/quota_campaign_window_04_gr3q7_authorized_20260831_01/07_generated_raw/PF_P4D_HN_SQUAT_G006_V01.png,PF_P4D_HN_SQUAT_G006,NEW_SCREEN,hard_negative,squat_crouch_deep_bend,codex,CODEX_SAFE_STAGED_CV_V1,,,,,,unreviewed,,,
PFV2-FC-0124,PF_P4D_HN_SQUAT_G006_V02,/home/yanbo/net_vlm_person_fallen_v2_optimization/08_p4d_new_hard_negative_dev_revision/02_generation/gr3_fullregen/06_execution/quota_campaign_window_04_gr3q7_authorized_20260831_01/08_final/PF_P4D_HN_SQUAT_G006_V02.png,file:///home/yanbo/net_vlm_person_fallen_v2_optimization/08_p4d_new_hard_negative_dev_revision/02_generation/gr3_fullregen/06_execution/quota_campaign_window_04_gr3q7_authorized_20260831_01/08_final/PF_P4D_HN_SQUAT_G006_V02.png,/home/yanbo/net_vlm_person_fallen_v2_optimization/08_p4d_new_hard_negative_dev_revision/02_generation/gr3_fullregen/06_execution/quota_campaign_window_04_gr3q7_authorized_20260831_01/07_generated_raw/PF_P4D_HN_SQUAT_G006_V02.png,PF_P4D_HN_SQUAT_G006,NEW_SCREEN,hard_negative,squat_crouch_deep_bend,codex,CODEX_SAFE_STAGED_CV_V1,,,,,,unreviewed,,,
PFV2-FC-0125,PF_P4D_HN_SQUAT_G006_V03,/home/yanbo/net_vlm_person_fallen_v2_optimization/08_p4d_new_hard_negative_dev_revision/02_generation/gr3_fullregen/06_execution/quota_campaign_window_04_gr3q7_authorized_20260831_01/08_final/PF_P4D_HN_SQUAT_G006_V03.png,file:///home/yanbo/net_vlm_person_fallen_v2_optimization/08_p4d_new_hard_negative_dev_revision/02_generation/gr3_fullregen/06_execution/quota_campaign_window_04_gr3q7_authorized_20260831_01/08_final/PF_P4D_HN_SQUAT_G006_V03.png,/home/yanbo/net_vlm_person_fallen_v2_optimization/08_p4d_new_hard_negative_dev_revision/02_generation/gr3_fullregen/06_execution/quota_campaign_window_04_gr3q7_authorized_20260831_01/07_generated_raw/PF_P4D_HN_SQUAT_G006_V03.png,PF_P4D_HN_SQUAT_G006,NEW_SCREEN,hard_negative,squat_crouch_deep_bend,codex,CODEX_SAFE_STAGED_CV_V1,,,,,,unreviewed,,,
PFV2-FC-0126,PF_P4D_HN_SQUAT_G006_V04,/home/yanbo/net_vlm_person_fallen_v2_optimization/08_p4d_new_hard_negative_dev_revision/02_generation/gr3_fullregen/06_execution/quota_campaign_window_04_gr3q7_authorized_20260831_01/08_final/PF_P4D_HN_SQUAT_G006_V04.png,file:///home/yanbo/net_vlm_person_fallen_v2_optimization/08_p4d_new_hard_negative_dev_revision/02_generation/gr3_fullregen/06_execution/quota_campaign_window_04_gr3q7_authorized_20260831_01/08_final/PF_P4D_HN_SQUAT_G006_V04.png,/home/yanbo/net_vlm_person_fallen_v2_optimization/08_p4d_new_hard_negative_dev_revision/02_generation/gr3_fullregen/06_execution/quota_campaign_window_04_gr3q7_authorized_20260831_01/07_generated_raw/PF_P4D_HN_SQUAT_G006_V04.png,PF_P4D_HN_SQUAT_G006,NEW_SCREEN,hard_negative,squat_crouch_deep_bend,codex,CODEX_SAFE_STAGED_CV_V1,,,,,,unreviewed,,,
PFV2-FC-0127,PF_P4D_HN_SQUAT_G006_V05,/home/yanbo/net_vlm_person_fallen_v2_optimization/08_p4d_new_hard_negative_dev_revision/02_generation/gr3_fullregen/06_execution/quota_campaign_window_04_gr3q7_authorized_20260831_01/08_final/PF_P4D_HN_SQUAT_G006_V05.png,file:///home/yanbo/net_vlm_person_fallen_v2_optimization/08_p4d_new_hard_negative_dev_revision/02_generation/gr3_fullregen/06_execution/quota_campaign_window_04_gr3q7_authorized_20260831_01/08_final/PF_P4D_HN_SQUAT_G006_V05.png,/home/yanbo/net_vlm_person_fallen_v2_optimization/08_p4d_new_hard_negative_dev_revision/02_generation/gr3_fullregen/06_execution/quota_campaign_window_04_gr3q7_authorized_20260831_01/07_generated_raw/PF_P4D_HN_SQUAT_G006_V05.png,PF_P4D_HN_SQUAT_G006,NEW_SCREEN,hard_negative,squat_crouch_deep_bend,codex,CODEX_SAFE_STAGED_CV_V1,,,,,,unreviewed,,,
PFV2-FC-0128,PF_P4D_HN_MIX_G003_V01,/home/yanbo/net_vlm_person_fallen_v2_optimization/08_p4d_new_hard_negative_dev_revision/02_generation/gr3_fullregen/06_execution/quota_campaign_window_05_gr3q8_authorized_20260831_01/08_final/PF_P4D_HN_MIX_G003_V01.png,file:///home/yanbo/net_vlm_person_fallen_v2_optimization/08_p4d_new_hard_negative_dev_revision/02_generation/gr3_fullregen/06_execution/quota_campaign_window_05_gr3q8_authorized_20260831_01/08_final/PF_P4D_HN_MIX_G003_V01.png,/home/yanbo/net_vlm_person_fallen_v2_optimization/08_p4d_new_hard_negative_dev_revision/02_generation/gr3_fullregen/06_execution/quota_campaign_window_05_gr3q8_authorized_20260831_01/07_generated_raw/PF_P4D_HN_MIX_G003_V01.png,PF_P4D_HN_MIX_G003,NEW_SCREEN,hard_negative,mixed_hard_negative,codex,CODEX_SAFE_STAGED_CV_V1,,,,,,unreviewed,,,
PFV2-FC-0129,PF_P4D_HN_MIX_G003_V02,/home/yanbo/net_vlm_person_fallen_v2_optimization/08_p4d_new_hard_negative_dev_revision/02_generation/gr3_fullregen/06_execution/quota_campaign_window_05_gr3q8_authorized_20260831_01/08_final/PF_P4D_HN_MIX_G003_V02.png,file:///home/yanbo/net_vlm_person_fallen_v2_optimization/08_p4d_new_hard_negative_dev_revision/02_generation/gr3_fullregen/06_execution/quota_campaign_window_05_gr3q8_authorized_20260831_01/08_final/PF_P4D_HN_MIX_G003_V02.png,/home/yanbo/net_vlm_person_fallen_v2_optimization/08_p4d_new_hard_negative_dev_revision/02_generation/gr3_fullregen/06_execution/quota_campaign_window_05_gr3q8_authorized_20260831_01/07_generated_raw/PF_P4D_HN_MIX_G003_V02.png,PF_P4D_HN_MIX_G003,NEW_SCREEN,hard_negative,mixed_hard_negative,codex,CODEX_SAFE_STAGED_CV_V1,,,,,,unreviewed,,,
PFV2-FC-0130,PF_P4D_HN_MIX_G003_V03,/home/yanbo/net_vlm_person_fallen_v2_optimization/08_p4d_new_hard_negative_dev_revision/02_generation/gr3_fullregen/06_execution/quota_campaign_window_05_gr3q8_authorized_20260831_01/08_final/PF_P4D_HN_MIX_G003_V03.png,file:///home/yanbo/net_vlm_person_fallen_v2_optimization/08_p4d_new_hard_negative_dev_revision/02_generation/gr3_fullregen/06_execution/quota_campaign_window_05_gr3q8_authorized_20260831_01/08_final/PF_P4D_HN_MIX_G003_V03.png,/home/yanbo/net_vlm_person_fallen_v2_optimization/08_p4d_new_hard_negative_dev_revision/02_generation/gr3_fullregen/06_execution/quota_campaign_window_05_gr3q8_authorized_20260831_01/07_generated_raw/PF_P4D_HN_MIX_G003_V03.png,PF_P4D_HN_MIX_G003,NEW_SCREEN,hard_negative,mixed_hard_negative,codex,CODEX_SAFE_STAGED_CV_V1,,,,,,unreviewed,,,
PFV2-FC-0131,PF_P4D_HN_MIX_G003_V04,/home/yanbo/net_vlm_person_fallen_v2_optimization/08_p4d_new_hard_negative_dev_revision/02_generation/gr3_fullregen/06_execution/quota_campaign_window_05_gr3q8_authorized_20260831_01/08_final/PF_P4D_HN_MIX_G003_V04.png,file:///home/yanbo/net_vlm_person_fallen_v2_optimization/08_p4d_new_hard_negative_dev_revision/02_generation/gr3_fullregen/06_execution/quota_campaign_window_05_gr3q8_authorized_20260831_01/08_final/PF_P4D_HN_MIX_G003_V04.png,/home/yanbo/net_vlm_person_fallen_v2_optimization/08_p4d_new_hard_negative_dev_revision/02_generation/gr3_fullregen/06_execution/quota_campaign_window_05_gr3q8_authorized_20260831_01/07_generated_raw/PF_P4D_HN_MIX_G003_V04.png,PF_P4D_HN_MIX_G003,NEW_SCREEN,hard_negative,mixed_hard_negative,codex,CODEX_SAFE_STAGED_CV_V1,,,,,,unreviewed,,,
PFV2-FC-0132,PF_P4D_HN_MIX_G003_V05,/home/yanbo/net_vlm_person_fallen_v2_optimization/08_p4d_new_hard_negative_dev_revision/02_generation/gr3_fullregen/06_execution/quota_campaign_window_05_gr3q8_authorized_20260831_01/08_final/PF_P4D_HN_MIX_G003_V05.png,file:///home/yanbo/net_vlm_person_fallen_v2_optimization/08_p4d_new_hard_negative_dev_revision/02_generation/gr3_fullregen/06_execution/quota_campaign_window_05_gr3q8_authorized_20260831_01/08_final/PF_P4D_HN_MIX_G003_V05.png,/home/yanbo/net_vlm_person_fallen_v2_optimization/08_p4d_new_hard_negative_dev_revision/02_generation/gr3_fullregen/06_execution/quota_campaign_window_05_gr3q8_authorized_20260831_01/07_generated_raw/PF_P4D_HN_MIX_G003_V05.png,PF_P4D_HN_MIX_G003,NEW_SCREEN,hard_negative,mixed_hard_negative,codex,CODEX_SAFE_STAGED_CV_V1,,,,,,unreviewed,,,
PFV2-FC-0133,PF_P4D_POS_SUPINE_G001_V01,/home/yanbo/net_vlm_person_fallen_v2_optimization/08_p4d_new_hard_negative_dev_revision/02_generation/gr3_fullregen/06_execution/quota_campaign_window_05_gr3q8_authorized_20260831_01/08_final/PF_P4D_POS_SUPINE_G001_V01.png,file:///home/yanbo/net_vlm_person_fallen_v2_optimization/08_p4d_new_hard_negative_dev_revision/02_generation/gr3_fullregen/06_execution/quota_campaign_window_05_gr3q8_authorized_20260831_01/08_final/PF_P4D_POS_SUPINE_G001_V01.png,/home/yanbo/net_vlm_person_fallen_v2_optimization/08_p4d_new_hard_negative_dev_revision/02_generation/gr3_fullregen/06_execution/quota_campaign_window_05_gr3q8_authorized_20260831_01/07_generated_raw/PF_P4D_POS_SUPINE_G001_V01.png,PF_P4D_POS_SUPINE_G001,NEW_DESIGN,positive,supine_ground_lying,codex,CODEX_SAFE_STAGED_CV_V1,,,,,,unreviewed,,,
PFV2-FC-0134,PF_P4D_POS_SUPINE_G001_V02,/home/yanbo/net_vlm_person_fallen_v2_optimization/08_p4d_new_hard_negative_dev_revision/02_generation/gr3_fullregen/06_execution/quota_campaign_window_05_gr3q8_authorized_20260831_01/08_final/PF_P4D_POS_SUPINE_G001_V02.png,file:///home/yanbo/net_vlm_person_fallen_v2_optimization/08_p4d_new_hard_negative_dev_revision/02_generation/gr3_fullregen/06_execution/quota_campaign_window_05_gr3q8_authorized_20260831_01/08_final/PF_P4D_POS_SUPINE_G001_V02.png,/home/yanbo/net_vlm_person_fallen_v2_optimization/08_p4d_new_hard_negative_dev_revision/02_generation/gr3_fullregen/06_execution/quota_campaign_window_05_gr3q8_authorized_20260831_01/07_generated_raw/PF_P4D_POS_SUPINE_G001_V02.png,PF_P4D_POS_SUPINE_G001,NEW_DESIGN,positive,supine_ground_lying,codex,CODEX_SAFE_STAGED_CV_V1,,,,,,unreviewed,,,
PFV2-FC-0135,PF_P4D_POS_SUPINE_G001_V03,/home/yanbo/net_vlm_person_fallen_v2_optimization/08_p4d_new_hard_negative_dev_revision/02_generation/gr3_fullregen/06_execution/quota_campaign_window_05_gr3q8_authorized_20260831_01/08_final/PF_P4D_POS_SUPINE_G001_V03.png,file:///home/yanbo/net_vlm_person_fallen_v2_optimization/08_p4d_new_hard_negative_dev_revision/02_generation/gr3_fullregen/06_execution/quota_campaign_window_05_gr3q8_authorized_20260831_01/08_final/PF_P4D_POS_SUPINE_G001_V03.png,/home/yanbo/net_vlm_person_fallen_v2_optimization/08_p4d_new_hard_negative_dev_revision/02_generation/gr3_fullregen/06_execution/quota_campaign_window_05_gr3q8_authorized_20260831_01/07_generated_raw/PF_P4D_POS_SUPINE_G001_V03.png,PF_P4D_POS_SUPINE_G001,NEW_DESIGN,positive,supine_ground_lying,codex,CODEX_SAFE_STAGED_CV_V1,,,,,,unreviewed,,,
PFV2-FC-0136,PF_P4D_POS_SUPINE_G001_V04,/home/yanbo/net_vlm_person_fallen_v2_optimization/08_p4d_new_hard_negative_dev_revision/02_generation/gr3_fullregen/06_execution/quota_campaign_window_05_gr3q8_authorized_20260831_01/08_final/PF_P4D_POS_SUPINE_G001_V04.png,file:///home/yanbo/net_vlm_person_fallen_v2_optimization/08_p4d_new_hard_negative_dev_revision/02_generation/gr3_fullregen/06_execution/quota_campaign_window_05_gr3q8_authorized_20260831_01/08_final/PF_P4D_POS_SUPINE_G001_V04.png,/home/yanbo/net_vlm_person_fallen_v2_optimization/08_p4d_new_hard_negative_dev_revision/02_generation/gr3_fullregen/06_execution/quota_campaign_window_05_gr3q8_authorized_20260831_01/07_generated_raw/PF_P4D_POS_SUPINE_G001_V04.png,PF_P4D_POS_SUPINE_G001,NEW_DESIGN,positive,supine_ground_lying,codex,CODEX_SAFE_STAGED_CV_V1,,,,,,unreviewed,,,
PFV2-FC-0137,PF_P4D_POS_SUPINE_G001_V05,/home/yanbo/net_vlm_person_fallen_v2_optimization/08_p4d_new_hard_negative_dev_revision/02_generation/gr3_fullregen/06_execution/quota_campaign_window_05_gr3q8_authorized_20260831_01/08_final/PF_P4D_POS_SUPINE_G001_V05.png,file:///home/yanbo/net_vlm_person_fallen_v2_optimization/08_p4d_new_hard_negative_dev_revision/02_generation/gr3_fullregen/06_execution/quota_campaign_window_05_gr3q8_authorized_20260831_01/08_final/PF_P4D_POS_SUPINE_G001_V05.png,/home/yanbo/net_vlm_person_fallen_v2_optimization/08_p4d_new_hard_negative_dev_revision/02_generation/gr3_fullregen/06_execution/quota_campaign_window_05_gr3q8_authorized_20260831_01/07_generated_raw/PF_P4D_POS_SUPINE_G001_V05.png,PF_P4D_POS_SUPINE_G001,NEW_DESIGN,positive,supine_ground_lying,codex,CODEX_SAFE_STAGED_CV_V1,,,,,,unreviewed,,,
PFV2-FC-0138,PF_P4D_POS_SUPINE_G004_V01,/home/yanbo/net_vlm_person_fallen_v2_optimization/08_p4d_new_hard_negative_dev_revision/02_generation/gr3_fullregen/06_execution/quota_campaign_window_01_authorized_20260830_05/08_final/PF_P4D_POS_SUPINE_G004_V01.png,file:///home/yanbo/net_vlm_person_fallen_v2_optimization/08_p4d_new_hard_negative_dev_revision/02_generation/gr3_fullregen/06_execution/quota_campaign_window_01_authorized_20260830_05/08_final/PF_P4D_POS_SUPINE_G004_V01.png,/home/yanbo/net_vlm_person_fallen_v2_optimization/08_p4d_new_hard_negative_dev_revision/02_generation/gr3_fullregen/06_execution/quota_campaign_window_01_authorized_20260830_05/07_generated_raw/PF_P4D_POS_SUPINE_G004_V01.png,PF_P4D_POS_SUPINE_G004,NEW_SCREEN,positive,supine_ground_lying,codex,LEGACY_NO_ADAPTER,,,,,,unreviewed,,,
PFV2-FC-0139,PF_P4D_POS_SUPINE_G004_V02,/home/yanbo/net_vlm_person_fallen_v2_optimization/08_p4d_new_hard_negative_dev_revision/02_generation/gr3_fullregen/06_execution/quota_campaign_window_01_authorized_20260830_05/08_final/PF_P4D_POS_SUPINE_G004_V02.png,file:///home/yanbo/net_vlm_person_fallen_v2_optimization/08_p4d_new_hard_negative_dev_revision/02_generation/gr3_fullregen/06_execution/quota_campaign_window_01_authorized_20260830_05/08_final/PF_P4D_POS_SUPINE_G004_V02.png,/home/yanbo/net_vlm_person_fallen_v2_optimization/08_p4d_new_hard_negative_dev_revision/02_generation/gr3_fullregen/06_execution/quota_campaign_window_01_authorized_20260830_05/07_generated_raw/PF_P4D_POS_SUPINE_G004_V02.png,PF_P4D_POS_SUPINE_G004,NEW_SCREEN,positive,supine_ground_lying,codex,LEGACY_NO_ADAPTER,,,,,,unreviewed,,,
PFV2-FC-0140,PF_P4D_POS_SUPINE_G004_V03,/home/yanbo/net_vlm_person_fallen_v2_optimization/08_p4d_new_hard_negative_dev_revision/02_generation/gr3_fullregen/06_execution/quota_campaign_window_01_authorized_20260830_05/08_final/PF_P4D_POS_SUPINE_G004_V03.png,file:///home/yanbo/net_vlm_person_fallen_v2_optimization/08_p4d_new_hard_negative_dev_revision/02_generation/gr3_fullregen/06_execution/quota_campaign_window_01_authorized_20260830_05/08_final/PF_P4D_POS_SUPINE_G004_V03.png,/home/yanbo/net_vlm_person_fallen_v2_optimization/08_p4d_new_hard_negative_dev_revision/02_generation/gr3_fullregen/06_execution/quota_campaign_window_01_authorized_20260830_05/07_generated_raw/PF_P4D_POS_SUPINE_G004_V03.png,PF_P4D_POS_SUPINE_G004,NEW_SCREEN,positive,supine_ground_lying,codex,LEGACY_NO_ADAPTER,,,,,,unreviewed,,,
PFV2-FC-0141,PF_P4D_POS_SUPINE_G004_V04,/home/yanbo/net_vlm_person_fallen_v2_optimization/08_p4d_new_hard_negative_dev_revision/02_generation/gr3_fullregen/06_execution/quota_campaign_window_01_authorized_20260830_05/08_final/PF_P4D_POS_SUPINE_G004_V04.png,file:///home/yanbo/net_vlm_person_fallen_v2_optimization/08_p4d_new_hard_negative_dev_revision/02_generation/gr3_fullregen/06_execution/quota_campaign_window_01_authorized_20260830_05/08_final/PF_P4D_POS_SUPINE_G004_V04.png,/home/yanbo/net_vlm_person_fallen_v2_optimization/08_p4d_new_hard_negative_dev_revision/02_generation/gr3_fullregen/06_execution/quota_campaign_window_01_authorized_20260830_05/07_generated_raw/PF_P4D_POS_SUPINE_G004_V04.png,PF_P4D_POS_SUPINE_G004,NEW_SCREEN,positive,supine_ground_lying,codex,LEGACY_NO_ADAPTER,,,,,,unreviewed,,,
PFV2-FC-0142,PF_P4D_POS_SUPINE_G004_V05,/home/yanbo/net_vlm_person_fallen_v2_optimization/08_p4d_new_hard_negative_dev_revision/02_generation/gr3_fullregen/06_execution/quota_campaign_window_01_authorized_20260830_05/08_final/PF_P4D_POS_SUPINE_G004_V05.png,file:///home/yanbo/net_vlm_person_fallen_v2_optimization/08_p4d_new_hard_negative_dev_revision/02_generation/gr3_fullregen/06_execution/quota_campaign_window_01_authorized_20260830_05/08_final/PF_P4D_POS_SUPINE_G004_V05.png,/home/yanbo/net_vlm_person_fallen_v2_optimization/08_p4d_new_hard_negative_dev_revision/02_generation/gr3_fullregen/06_execution/quota_campaign_window_01_authorized_20260830_05/07_generated_raw/PF_P4D_POS_SUPINE_G004_V05.png,PF_P4D_POS_SUPINE_G004,NEW_SCREEN,positive,supine_ground_lying,codex,LEGACY_NO_ADAPTER,,,,,,unreviewed,,,
PFV2-FC-0143,PF_P4D_POS_PRONE_G001_V01,/home/yanbo/net_vlm_person_fallen_v2_optimization/08_p4d_new_hard_negative_dev_revision/02_generation/gr3_fullregen/06_execution/quota_campaign_window_05_gr3q8_authorized_20260831_01/08_final/PF_P4D_POS_PRONE_G001_V01.png,file:///home/yanbo/net_vlm_person_fallen_v2_optimization/08_p4d_new_hard_negative_dev_revision/02_generation/gr3_fullregen/06_execution/quota_campaign_window_05_gr3q8_authorized_20260831_01/08_final/PF_P4D_POS_PRONE_G001_V01.png,/home/yanbo/net_vlm_person_fallen_v2_optimization/08_p4d_new_hard_negative_dev_revision/02_generation/gr3_fullregen/06_execution/quota_campaign_window_05_gr3q8_authorized_20260831_01/07_generated_raw/PF_P4D_POS_PRONE_G001_V01.png,PF_P4D_POS_PRONE_G001,NEW_DESIGN,positive,prone_ground_lying,codex,CODEX_SAFE_STAGED_CV_V1,,,,,,unreviewed,,,
PFV2-FC-0144,PF_P4D_POS_PRONE_G001_V02,/home/yanbo/net_vlm_person_fallen_v2_optimization/08_p4d_new_hard_negative_dev_revision/02_generation/gr3_fullregen/06_execution/quota_campaign_window_05_gr3q8_authorized_20260831_01/08_final/PF_P4D_POS_PRONE_G001_V02.png,file:///home/yanbo/net_vlm_person_fallen_v2_optimization/08_p4d_new_hard_negative_dev_revision/02_generation/gr3_fullregen/06_execution/quota_campaign_window_05_gr3q8_authorized_20260831_01/08_final/PF_P4D_POS_PRONE_G001_V02.png,/home/yanbo/net_vlm_person_fallen_v2_optimization/08_p4d_new_hard_negative_dev_revision/02_generation/gr3_fullregen/06_execution/quota_campaign_window_05_gr3q8_authorized_20260831_01/07_generated_raw/PF_P4D_POS_PRONE_G001_V02.png,PF_P4D_POS_PRONE_G001,NEW_DESIGN,positive,prone_ground_lying,codex,CODEX_SAFE_STAGED_CV_V1,,,,,,unreviewed,,,
PFV2-FC-0145,PF_P4D_POS_PRONE_G001_V03,/home/yanbo/net_vlm_person_fallen_v2_optimization/08_p4d_new_hard_negative_dev_revision/02_generation/gr3_fullregen/06_execution/quota_campaign_window_05_gr3q8_authorized_20260831_01/08_final/PF_P4D_POS_PRONE_G001_V03.png,file:///home/yanbo/net_vlm_person_fallen_v2_optimization/08_p4d_new_hard_negative_dev_revision/02_generation/gr3_fullregen/06_execution/quota_campaign_window_05_gr3q8_authorized_20260831_01/08_final/PF_P4D_POS_PRONE_G001_V03.png,/home/yanbo/net_vlm_person_fallen_v2_optimization/08_p4d_new_hard_negative_dev_revision/02_generation/gr3_fullregen/06_execution/quota_campaign_window_05_gr3q8_authorized_20260831_01/07_generated_raw/PF_P4D_POS_PRONE_G001_V03.png,PF_P4D_POS_PRONE_G001,NEW_DESIGN,positive,prone_ground_lying,codex,CODEX_SAFE_STAGED_CV_V1,,,,,,unreviewed,,,
PFV2-FC-0146,PF_P4D_POS_PRONE_G001_V04,/home/yanbo/net_vlm_person_fallen_v2_optimization/08_p4d_new_hard_negative_dev_revision/02_generation/gr3_fullregen/06_execution/quota_campaign_window_05_gr3q8_authorized_20260831_01/08_final/PF_P4D_POS_PRONE_G001_V04.png,file:///home/yanbo/net_vlm_person_fallen_v2_optimization/08_p4d_new_hard_negative_dev_revision/02_generation/gr3_fullregen/06_execution/quota_campaign_window_05_gr3q8_authorized_20260831_01/08_final/PF_P4D_POS_PRONE_G001_V04.png,/home/yanbo/net_vlm_person_fallen_v2_optimization/08_p4d_new_hard_negative_dev_revision/02_generation/gr3_fullregen/06_execution/quota_campaign_window_05_gr3q8_authorized_20260831_01/07_generated_raw/PF_P4D_POS_PRONE_G001_V04.png,PF_P4D_POS_PRONE_G001,NEW_DESIGN,positive,prone_ground_lying,codex,CODEX_SAFE_STAGED_CV_V1,,,,,,unreviewed,,,
PFV2-FC-0147,PF_P4D_POS_PRONE_G001_V05,/home/yanbo/net_vlm_person_fallen_v2_optimization/08_p4d_new_hard_negative_dev_revision/02_generation/gr3_fullregen/06_execution/quota_campaign_window_05_gr3q8_authorized_20260831_01/08_final/PF_P4D_POS_PRONE_G001_V05.png,file:///home/yanbo/net_vlm_person_fallen_v2_optimization/08_p4d_new_hard_negative_dev_revision/02_generation/gr3_fullregen/06_execution/quota_campaign_window_05_gr3q8_authorized_20260831_01/08_final/PF_P4D_POS_PRONE_G001_V05.png,/home/yanbo/net_vlm_person_fallen_v2_optimization/08_p4d_new_hard_negative_dev_revision/02_generation/gr3_fullregen/06_execution/quota_campaign_window_05_gr3q8_authorized_20260831_01/07_generated_raw/PF_P4D_POS_PRONE_G001_V05.png,PF_P4D_POS_PRONE_G001,NEW_DESIGN,positive,prone_ground_lying,codex,CODEX_SAFE_STAGED_CV_V1,,,,,,unreviewed,,,
PFV2-FC-0148,PF_P4D_POS_PRONE_G004_V01,/home/yanbo/net_vlm_person_fallen_v2_optimization/08_p4d_new_hard_negative_dev_revision/02_generation/gr3_fullregen/06_execution/quota_campaign_window_01_authorized_20260830_05/08_final/PF_P4D_POS_PRONE_G004_V01.png,file:///home/yanbo/net_vlm_person_fallen_v2_optimization/08_p4d_new_hard_negative_dev_revision/02_generation/gr3_fullregen/06_execution/quota_campaign_window_01_authorized_20260830_05/08_final/PF_P4D_POS_PRONE_G004_V01.png,/home/yanbo/net_vlm_person_fallen_v2_optimization/08_p4d_new_hard_negative_dev_revision/02_generation/gr3_fullregen/06_execution/quota_campaign_window_01_authorized_20260830_05/07_generated_raw/PF_P4D_POS_PRONE_G004_V01.png,PF_P4D_POS_PRONE_G004,NEW_SCREEN,positive,prone_ground_lying,codex,LEGACY_NO_ADAPTER,,,,,,unreviewed,,,
PFV2-FC-0149,PF_P4D_POS_PRONE_G004_V02,/home/yanbo/net_vlm_person_fallen_v2_optimization/08_p4d_new_hard_negative_dev_revision/02_generation/gr3_fullregen/06_execution/quota_campaign_window_01_authorized_20260830_05/08_final/PF_P4D_POS_PRONE_G004_V02.png,file:///home/yanbo/net_vlm_person_fallen_v2_optimization/08_p4d_new_hard_negative_dev_revision/02_generation/gr3_fullregen/06_execution/quota_campaign_window_01_authorized_20260830_05/08_final/PF_P4D_POS_PRONE_G004_V02.png,/home/yanbo/net_vlm_person_fallen_v2_optimization/08_p4d_new_hard_negative_dev_revision/02_generation/gr3_fullregen/06_execution/quota_campaign_window_01_authorized_20260830_05/07_generated_raw/PF_P4D_POS_PRONE_G004_V02.png,PF_P4D_POS_PRONE_G004,NEW_SCREEN,positive,prone_ground_lying,codex,LEGACY_NO_ADAPTER,,,,,,unreviewed,,,
PFV2-FC-0150,PF_P4D_POS_PRONE_G004_V03,/home/yanbo/net_vlm_person_fallen_v2_optimization/08_p4d_new_hard_negative_dev_revision/02_generation/gr3_fullregen/06_execution/quota_campaign_window_01_authorized_20260830_05/08_final/PF_P4D_POS_PRONE_G004_V03.png,file:///home/yanbo/net_vlm_person_fallen_v2_optimization/08_p4d_new_hard_negative_dev_revision/02_generation/gr3_fullregen/06_execution/quota_campaign_window_01_authorized_20260830_05/08_final/PF_P4D_POS_PRONE_G004_V03.png,/home/yanbo/net_vlm_person_fallen_v2_optimization/08_p4d_new_hard_negative_dev_revision/02_generation/gr3_fullregen/06_execution/quota_campaign_window_01_authorized_20260830_05/07_generated_raw/PF_P4D_POS_PRONE_G004_V03.png,PF_P4D_POS_PRONE_G004,NEW_SCREEN,positive,prone_ground_lying,codex,LEGACY_NO_ADAPTER,,,,,,unreviewed,,,
PFV2-FC-0151,PF_P4D_POS_PRONE_G004_V04,/home/yanbo/net_vlm_person_fallen_v2_optimization/08_p4d_new_hard_negative_dev_revision/02_generation/gr3_fullregen/06_execution/quota_campaign_window_01_authorized_20260830_05/08_final/PF_P4D_POS_PRONE_G004_V04.png,file:///home/yanbo/net_vlm_person_fallen_v2_optimization/08_p4d_new_hard_negative_dev_revision/02_generation/gr3_fullregen/06_execution/quota_campaign_window_01_authorized_20260830_05/08_final/PF_P4D_POS_PRONE_G004_V04.png,/home/yanbo/net_vlm_person_fallen_v2_optimization/08_p4d_new_hard_negative_dev_revision/02_generation/gr3_fullregen/06_execution/quota_campaign_window_01_authorized_20260830_05/07_generated_raw/PF_P4D_POS_PRONE_G004_V04.png,PF_P4D_POS_PRONE_G004,NEW_SCREEN,positive,prone_ground_lying,codex,LEGACY_NO_ADAPTER,,,,,,unreviewed,,,
PFV2-FC-0152,PF_P4D_POS_PRONE_G004_V05,/home/yanbo/net_vlm_person_fallen_v2_optimization/08_p4d_new_hard_negative_dev_revision/02_generation/gr3_fullregen/06_execution/quota_campaign_window_01_authorized_20260830_05/08_final/PF_P4D_POS_PRONE_G004_V05.png,file:///home/yanbo/net_vlm_person_fallen_v2_optimization/08_p4d_new_hard_negative_dev_revision/02_generation/gr3_fullregen/06_execution/quota_campaign_window_01_authorized_20260830_05/08_final/PF_P4D_POS_PRONE_G004_V05.png,/home/yanbo/net_vlm_person_fallen_v2_optimization/08_p4d_new_hard_negative_dev_revision/02_generation/gr3_fullregen/06_execution/quota_campaign_window_01_authorized_20260830_05/07_generated_raw/PF_P4D_POS_PRONE_G004_V05.png,PF_P4D_POS_PRONE_G004,NEW_SCREEN,positive,prone_ground_lying,codex,LEGACY_NO_ADAPTER,,,,,,unreviewed,,,
PFV2-FC-0153,PF_P4D_POS_SIDE_G001_V01,/home/yanbo/net_vlm_person_fallen_v2_optimization/08_p4d_new_hard_negative_dev_revision/02_generation/gr3_fullregen/06_execution/quota_campaign_window_01_authorized_20260830_05/08_final/PF_P4D_POS_SIDE_G001_V01.png,file:///home/yanbo/net_vlm_person_fallen_v2_optimization/08_p4d_new_hard_negative_dev_revision/02_generation/gr3_fullregen/06_execution/quota_campaign_window_01_authorized_20260830_05/08_final/PF_P4D_POS_SIDE_G001_V01.png,/home/yanbo/net_vlm_person_fallen_v2_optimization/08_p4d_new_hard_negative_dev_revision/02_generation/gr3_fullregen/06_execution/quota_campaign_window_01_authorized_20260830_05/07_generated_raw/PF_P4D_POS_SIDE_G001_V01.png,PF_P4D_POS_SIDE_G001,NEW_DESIGN,positive,side_lying,codex,LEGACY_NO_ADAPTER,,,,,,unreviewed,,,
PFV2-FC-0154,PF_P4D_POS_SIDE_G001_V02,/home/yanbo/net_vlm_person_fallen_v2_optimization/08_p4d_new_hard_negative_dev_revision/02_generation/gr3_fullregen/06_execution/quota_campaign_window_01_authorized_20260830_05/08_final/PF_P4D_POS_SIDE_G001_V02.png,file:///home/yanbo/net_vlm_person_fallen_v2_optimization/08_p4d_new_hard_negative_dev_revision/02_generation/gr3_fullregen/06_execution/quota_campaign_window_01_authorized_20260830_05/08_final/PF_P4D_POS_SIDE_G001_V02.png,/home/yanbo/net_vlm_person_fallen_v2_optimization/08_p4d_new_hard_negative_dev_revision/02_generation/gr3_fullregen/06_execution/quota_campaign_window_01_authorized_20260830_05/07_generated_raw/PF_P4D_POS_SIDE_G001_V02.png,PF_P4D_POS_SIDE_G001,NEW_DESIGN,positive,side_lying,codex,LEGACY_NO_ADAPTER,,,,,,unreviewed,,,
PFV2-FC-0155,PF_P4D_POS_SIDE_G001_V03,/home/yanbo/net_vlm_person_fallen_v2_optimization/08_p4d_new_hard_negative_dev_revision/02_generation/gr3_fullregen/06_execution/quota_campaign_window_01_authorized_20260830_05/08_final/PF_P4D_POS_SIDE_G001_V03.png,file:///home/yanbo/net_vlm_person_fallen_v2_optimization/08_p4d_new_hard_negative_dev_revision/02_generation/gr3_fullregen/06_execution/quota_campaign_window_01_authorized_20260830_05/08_final/PF_P4D_POS_SIDE_G001_V03.png,/home/yanbo/net_vlm_person_fallen_v2_optimization/08_p4d_new_hard_negative_dev_revision/02_generation/gr3_fullregen/06_execution/quota_campaign_window_01_authorized_20260830_05/07_generated_raw/PF_P4D_POS_SIDE_G001_V03.png,PF_P4D_POS_SIDE_G001,NEW_DESIGN,positive,side_lying,codex,LEGACY_NO_ADAPTER,,,,,,unreviewed,,,
PFV2-FC-0156,PF_P4D_POS_SIDE_G001_V04,/home/yanbo/net_vlm_person_fallen_v2_optimization/08_p4d_new_hard_negative_dev_revision/02_generation/gr3_fullregen/06_execution/quota_campaign_window_01_authorized_20260830_05/08_final/PF_P4D_POS_SIDE_G001_V04.png,file:///home/yanbo/net_vlm_person_fallen_v2_optimization/08_p4d_new_hard_negative_dev_revision/02_generation/gr3_fullregen/06_execution/quota_campaign_window_01_authorized_20260830_05/08_final/PF_P4D_POS_SIDE_G001_V04.png,/home/yanbo/net_vlm_person_fallen_v2_optimization/08_p4d_new_hard_negative_dev_revision/02_generation/gr3_fullregen/06_execution/quota_campaign_window_01_authorized_20260830_05/07_generated_raw/PF_P4D_POS_SIDE_G001_V04.png,PF_P4D_POS_SIDE_G001,NEW_DESIGN,positive,side_lying,codex,LEGACY_NO_ADAPTER,,,,,,unreviewed,,,
PFV2-FC-0157,PF_P4D_POS_SIDE_G001_V05,/home/yanbo/net_vlm_person_fallen_v2_optimization/08_p4d_new_hard_negative_dev_revision/02_generation/gr3_fullregen/06_execution/quota_campaign_window_01_authorized_20260830_05/08_final/PF_P4D_POS_SIDE_G001_V05.png,file:///home/yanbo/net_vlm_person_fallen_v2_optimization/08_p4d_new_hard_negative_dev_revision/02_generation/gr3_fullregen/06_execution/quota_campaign_window_01_authorized_20260830_05/08_final/PF_P4D_POS_SIDE_G001_V05.png,/home/yanbo/net_vlm_person_fallen_v2_optimization/08_p4d_new_hard_negative_dev_revision/02_generation/gr3_fullregen/06_execution/quota_campaign_window_01_authorized_20260830_05/07_generated_raw/PF_P4D_POS_SIDE_G001_V05.png,PF_P4D_POS_SIDE_G001,NEW_DESIGN,positive,side_lying,codex,LEGACY_NO_ADAPTER,,,,,,unreviewed,,,
PFV2-FC-0158,PF_P4D_POS_SIDE_G003_V01,/home/yanbo/net_vlm_person_fallen_v2_optimization/08_p4d_new_hard_negative_dev_revision/02_generation/gr3_fullregen/06_execution/quota_campaign_window_05_gr3q8_authorized_20260831_01/08_final/PF_P4D_POS_SIDE_G003_V01.png,file:///home/yanbo/net_vlm_person_fallen_v2_optimization/08_p4d_new_hard_negative_dev_revision/02_generation/gr3_fullregen/06_execution/quota_campaign_window_05_gr3q8_authorized_20260831_01/08_final/PF_P4D_POS_SIDE_G003_V01.png,/home/yanbo/net_vlm_person_fallen_v2_optimization/08_p4d_new_hard_negative_dev_revision/02_generation/gr3_fullregen/06_execution/quota_campaign_window_05_gr3q8_authorized_20260831_01/07_generated_raw/PF_P4D_POS_SIDE_G003_V01.png,PF_P4D_POS_SIDE_G003,NEW_SCREEN,positive,side_lying,codex,CODEX_SAFE_STAGED_CV_V1,,,,,,unreviewed,,,
PFV2-FC-0159,PF_P4D_POS_SIDE_G003_V02,/home/yanbo/net_vlm_person_fallen_v2_optimization/08_p4d_new_hard_negative_dev_revision/02_generation/gr3_fullregen/06_execution/quota_campaign_window_05_gr3q8_authorized_20260831_01/08_final/PF_P4D_POS_SIDE_G003_V02.png,file:///home/yanbo/net_vlm_person_fallen_v2_optimization/08_p4d_new_hard_negative_dev_revision/02_generation/gr3_fullregen/06_execution/quota_campaign_window_05_gr3q8_authorized_20260831_01/08_final/PF_P4D_POS_SIDE_G003_V02.png,/home/yanbo/net_vlm_person_fallen_v2_optimization/08_p4d_new_hard_negative_dev_revision/02_generation/gr3_fullregen/06_execution/quota_campaign_window_05_gr3q8_authorized_20260831_01/07_generated_raw/PF_P4D_POS_SIDE_G003_V02.png,PF_P4D_POS_SIDE_G003,NEW_SCREEN,positive,side_lying,codex,CODEX_SAFE_STAGED_CV_V1,,,,,,unreviewed,,,
PFV2-FC-0160,PF_P4D_POS_SIDE_G003_V03,/home/yanbo/net_vlm_person_fallen_v2_optimization/08_p4d_new_hard_negative_dev_revision/02_generation/gr3_fullregen/06_execution/quota_campaign_window_05_gr3q8_authorized_20260831_01/08_final/PF_P4D_POS_SIDE_G003_V03.png,file:///home/yanbo/net_vlm_person_fallen_v2_optimization/08_p4d_new_hard_negative_dev_revision/02_generation/gr3_fullregen/06_execution/quota_campaign_window_05_gr3q8_authorized_20260831_01/08_final/PF_P4D_POS_SIDE_G003_V03.png,/home/yanbo/net_vlm_person_fallen_v2_optimization/08_p4d_new_hard_negative_dev_revision/02_generation/gr3_fullregen/06_execution/quota_campaign_window_05_gr3q8_authorized_20260831_01/07_generated_raw/PF_P4D_POS_SIDE_G003_V03.png,PF_P4D_POS_SIDE_G003,NEW_SCREEN,positive,side_lying,codex,CODEX_SAFE_STAGED_CV_V1,,,,,,unreviewed,,,
PFV2-FC-0161,PF_P4D_POS_SIDE_G003_V04,/home/yanbo/net_vlm_person_fallen_v2_optimization/08_p4d_new_hard_negative_dev_revision/02_generation/gr3_fullregen/06_execution/quota_campaign_window_05_gr3q8_authorized_20260831_01/08_final/PF_P4D_POS_SIDE_G003_V04.png,file:///home/yanbo/net_vlm_person_fallen_v2_optimization/08_p4d_new_hard_negative_dev_revision/02_generation/gr3_fullregen/06_execution/quota_campaign_window_05_gr3q8_authorized_20260831_01/08_final/PF_P4D_POS_SIDE_G003_V04.png,/home/yanbo/net_vlm_person_fallen_v2_optimization/08_p4d_new_hard_negative_dev_revision/02_generation/gr3_fullregen/06_execution/quota_campaign_window_05_gr3q8_authorized_20260831_01/07_generated_raw/PF_P4D_POS_SIDE_G003_V04.png,PF_P4D_POS_SIDE_G003,NEW_SCREEN,positive,side_lying,codex,CODEX_SAFE_STAGED_CV_V1,,,,,,unreviewed,,,
PFV2-FC-0162,PF_P4D_POS_SIDE_G003_V05,/home/yanbo/net_vlm_person_fallen_v2_optimization/08_p4d_new_hard_negative_dev_revision/02_generation/gr3_fullregen/06_execution/quota_campaign_window_05_gr3q8_authorized_20260831_01/08_final/PF_P4D_POS_SIDE_G003_V05.png,file:///home/yanbo/net_vlm_person_fallen_v2_optimization/08_p4d_new_hard_negative_dev_revision/02_generation/gr3_fullregen/06_execution/quota_campaign_window_05_gr3q8_authorized_20260831_01/08_final/PF_P4D_POS_SIDE_G003_V05.png,/home/yanbo/net_vlm_person_fallen_v2_optimization/08_p4d_new_hard_negative_dev_revision/02_generation/gr3_fullregen/06_execution/quota_campaign_window_05_gr3q8_authorized_20260831_01/07_generated_raw/PF_P4D_POS_SIDE_G003_V05.png,PF_P4D_POS_SIDE_G003,NEW_SCREEN,positive,side_lying,codex,CODEX_SAFE_STAGED_CV_V1,,,,,,unreviewed,,,
PFV2-FC-0163,PF_P4D_POS_CURLED_G003_V01,/home/yanbo/net_vlm_person_fallen_v2_optimization/08_p4d_new_hard_negative_dev_revision/02_generation/gr3_fullregen/06_execution/quota_campaign_window_01_authorized_20260830_05/08_final/PF_P4D_POS_CURLED_G003_V01.png,file:///home/yanbo/net_vlm_person_fallen_v2_optimization/08_p4d_new_hard_negative_dev_revision/02_generation/gr3_fullregen/06_execution/quota_campaign_window_01_authorized_20260830_05/08_final/PF_P4D_POS_CURLED_G003_V01.png,/home/yanbo/net_vlm_person_fallen_v2_optimization/08_p4d_new_hard_negative_dev_revision/02_generation/gr3_fullregen/06_execution/quota_campaign_window_01_authorized_20260830_05/07_generated_raw/PF_P4D_POS_CURLED_G003_V01.png,PF_P4D_POS_CURLED_G003,NEW_SCREEN,positive,curled_or_partially_occluded_lying,codex,LEGACY_NO_ADAPTER,,,,,,unreviewed,,,
PFV2-FC-0164,PF_P4D_POS_CURLED_G003_V02,/home/yanbo/net_vlm_person_fallen_v2_optimization/08_p4d_new_hard_negative_dev_revision/02_generation/gr3_fullregen/06_execution/quota_campaign_window_01_authorized_20260830_05/08_final/PF_P4D_POS_CURLED_G003_V02.png,file:///home/yanbo/net_vlm_person_fallen_v2_optimization/08_p4d_new_hard_negative_dev_revision/02_generation/gr3_fullregen/06_execution/quota_campaign_window_01_authorized_20260830_05/08_final/PF_P4D_POS_CURLED_G003_V02.png,/home/yanbo/net_vlm_person_fallen_v2_optimization/08_p4d_new_hard_negative_dev_revision/02_generation/gr3_fullregen/06_execution/quota_campaign_window_01_authorized_20260830_05/07_generated_raw/PF_P4D_POS_CURLED_G003_V02.png,PF_P4D_POS_CURLED_G003,NEW_SCREEN,positive,curled_or_partially_occluded_lying,codex,LEGACY_NO_ADAPTER,,,,,,unreviewed,,,
PFV2-FC-0165,PF_P4D_POS_CURLED_G003_V03,/home/yanbo/net_vlm_person_fallen_v2_optimization/08_p4d_new_hard_negative_dev_revision/02_generation/gr3_fullregen/06_execution/quota_campaign_window_02_policy_adapter_20260830_01/08_final/PF_P4D_POS_CURLED_G003_V03.png,file:///home/yanbo/net_vlm_person_fallen_v2_optimization/08_p4d_new_hard_negative_dev_revision/02_generation/gr3_fullregen/06_execution/quota_campaign_window_02_policy_adapter_20260830_01/08_final/PF_P4D_POS_CURLED_G003_V03.png,/home/yanbo/net_vlm_person_fallen_v2_optimization/08_p4d_new_hard_negative_dev_revision/02_generation/gr3_fullregen/06_execution/quota_campaign_window_02_policy_adapter_20260830_01/07_generated_raw/PF_P4D_POS_CURLED_G003_V03.png,PF_P4D_POS_CURLED_G003,NEW_SCREEN,positive,curled_or_partially_occluded_lying,codex,CODEX_SAFE_STAGED_CV_V1,,,,,,unreviewed,,,
PFV2-FC-0166,PF_P4D_POS_CURLED_G003_V04,/home/yanbo/net_vlm_person_fallen_v2_optimization/08_p4d_new_hard_negative_dev_revision/02_generation/gr3_fullregen/06_execution/quota_campaign_window_02_policy_adapter_20260830_01/08_final/PF_P4D_POS_CURLED_G003_V04.png,file:///home/yanbo/net_vlm_person_fallen_v2_optimization/08_p4d_new_hard_negative_dev_revision/02_generation/gr3_fullregen/06_execution/quota_campaign_window_02_policy_adapter_20260830_01/08_final/PF_P4D_POS_CURLED_G003_V04.png,/home/yanbo/net_vlm_person_fallen_v2_optimization/08_p4d_new_hard_negative_dev_revision/02_generation/gr3_fullregen/06_execution/quota_campaign_window_02_policy_adapter_20260830_01/07_generated_raw/PF_P4D_POS_CURLED_G003_V04.png,PF_P4D_POS_CURLED_G003,NEW_SCREEN,positive,curled_or_partially_occluded_lying,codex,CODEX_SAFE_STAGED_CV_V1,,,,,,unreviewed,,,
PFV2-FC-0167,PF_P4D_POS_CURLED_G003_V05,/home/yanbo/net_vlm_person_fallen_v2_optimization/08_p4d_new_hard_negative_dev_revision/02_generation/gr3_fullregen/06_execution/quota_campaign_window_02_policy_adapter_20260830_01/08_final/PF_P4D_POS_CURLED_G003_V05.png,file:///home/yanbo/net_vlm_person_fallen_v2_optimization/08_p4d_new_hard_negative_dev_revision/02_generation/gr3_fullregen/06_execution/quota_campaign_window_02_policy_adapter_20260830_01/08_final/PF_P4D_POS_CURLED_G003_V05.png,/home/yanbo/net_vlm_person_fallen_v2_optimization/08_p4d_new_hard_negative_dev_revision/02_generation/gr3_fullregen/06_execution/quota_campaign_window_02_policy_adapter_20260830_01/07_generated_raw/PF_P4D_POS_CURLED_G003_V05.png,PF_P4D_POS_CURLED_G003,NEW_SCREEN,positive,curled_or_partially_occluded_lying,codex,CODEX_SAFE_STAGED_CV_V1,,,,,,unreviewed,,,
PFV2-FC-0168,PF_P4D_POS_INTENTIONAL_G001_V01,/home/yanbo/net_vlm_person_fallen_v2_optimization/08_p4d_new_hard_negative_dev_revision/02_generation/gr3_fullregen/06_execution/quota_campaign_window_04_gr3q7_authorized_20260831_01/08_final/PF_P4D_POS_INTENTIONAL_G001_V01.png,file:///home/yanbo/net_vlm_person_fallen_v2_optimization/08_p4d_new_hard_negative_dev_revision/02_generation/gr3_fullregen/06_execution/quota_campaign_window_04_gr3q7_authorized_20260831_01/08_final/PF_P4D_POS_INTENTIONAL_G001_V01.png,/home/yanbo/net_vlm_person_fallen_v2_optimization/08_p4d_new_hard_negative_dev_revision/02_generation/gr3_fullregen/06_execution/quota_campaign_window_04_gr3q7_authorized_20260831_01/07_generated_raw/PF_P4D_POS_INTENTIONAL_G001_V01.png,PF_P4D_POS_INTENTIONAL_G001,NEW_DESIGN,positive,intentional_ground_lying,codex,CODEX_SAFE_STAGED_CV_V1,,,,,,unreviewed,,,
PFV2-FC-0169,PF_P4D_POS_INTENTIONAL_G001_V02,/home/yanbo/net_vlm_person_fallen_v2_optimization/08_p4d_new_hard_negative_dev_revision/02_generation/gr3_fullregen/06_execution/quota_campaign_window_04_gr3q7_authorized_20260831_01/08_final/PF_P4D_POS_INTENTIONAL_G001_V02.png,file:///home/yanbo/net_vlm_person_fallen_v2_optimization/08_p4d_new_hard_negative_dev_revision/02_generation/gr3_fullregen/06_execution/quota_campaign_window_04_gr3q7_authorized_20260831_01/08_final/PF_P4D_POS_INTENTIONAL_G001_V02.png,/home/yanbo/net_vlm_person_fallen_v2_optimization/08_p4d_new_hard_negative_dev_revision/02_generation/gr3_fullregen/06_execution/quota_campaign_window_04_gr3q7_authorized_20260831_01/07_generated_raw/PF_P4D_POS_INTENTIONAL_G001_V02.png,PF_P4D_POS_INTENTIONAL_G001,NEW_DESIGN,positive,intentional_ground_lying,codex,CODEX_SAFE_STAGED_CV_V1,,,,,,unreviewed,,,
PFV2-FC-0170,PF_P4D_POS_INTENTIONAL_G001_V03,/home/yanbo/net_vlm_person_fallen_v2_optimization/08_p4d_new_hard_negative_dev_revision/02_generation/gr3_fullregen/06_execution/quota_campaign_window_04_gr3q7_authorized_20260831_01/08_final/PF_P4D_POS_INTENTIONAL_G001_V03.png,file:///home/yanbo/net_vlm_person_fallen_v2_optimization/08_p4d_new_hard_negative_dev_revision/02_generation/gr3_fullregen/06_execution/quota_campaign_window_04_gr3q7_authorized_20260831_01/08_final/PF_P4D_POS_INTENTIONAL_G001_V03.png,/home/yanbo/net_vlm_person_fallen_v2_optimization/08_p4d_new_hard_negative_dev_revision/02_generation/gr3_fullregen/06_execution/quota_campaign_window_04_gr3q7_authorized_20260831_01/07_generated_raw/PF_P4D_POS_INTENTIONAL_G001_V03.png,PF_P4D_POS_INTENTIONAL_G001,NEW_DESIGN,positive,intentional_ground_lying,codex,CODEX_SAFE_STAGED_CV_V1,,,,,,unreviewed,,,
PFV2-FC-0171,PF_P4D_POS_INTENTIONAL_G001_V04,/home/yanbo/net_vlm_person_fallen_v2_optimization/08_p4d_new_hard_negative_dev_revision/02_generation/gr3_fullregen/06_execution/quota_campaign_window_04_gr3q7_authorized_20260831_01/08_final/PF_P4D_POS_INTENTIONAL_G001_V04.png,file:///home/yanbo/net_vlm_person_fallen_v2_optimization/08_p4d_new_hard_negative_dev_revision/02_generation/gr3_fullregen/06_execution/quota_campaign_window_04_gr3q7_authorized_20260831_01/08_final/PF_P4D_POS_INTENTIONAL_G001_V04.png,/home/yanbo/net_vlm_person_fallen_v2_optimization/08_p4d_new_hard_negative_dev_revision/02_generation/gr3_fullregen/06_execution/quota_campaign_window_04_gr3q7_authorized_20260831_01/07_generated_raw/PF_P4D_POS_INTENTIONAL_G001_V04.png,PF_P4D_POS_INTENTIONAL_G001,NEW_DESIGN,positive,intentional_ground_lying,codex,CODEX_SAFE_STAGED_CV_V1,,,,,,unreviewed,,,
PFV2-FC-0172,PF_P4D_POS_INTENTIONAL_G001_V05,/home/yanbo/net_vlm_person_fallen_v2_optimization/08_p4d_new_hard_negative_dev_revision/02_generation/gr3_fullregen/06_execution/quota_campaign_window_04_gr3q7_authorized_20260831_01/08_final/PF_P4D_POS_INTENTIONAL_G001_V05.png,file:///home/yanbo/net_vlm_person_fallen_v2_optimization/08_p4d_new_hard_negative_dev_revision/02_generation/gr3_fullregen/06_execution/quota_campaign_window_04_gr3q7_authorized_20260831_01/08_final/PF_P4D_POS_INTENTIONAL_G001_V05.png,/home/yanbo/net_vlm_person_fallen_v2_optimization/08_p4d_new_hard_negative_dev_revision/02_generation/gr3_fullregen/06_execution/quota_campaign_window_04_gr3q7_authorized_20260831_01/07_generated_raw/PF_P4D_POS_INTENTIONAL_G001_V05.png,PF_P4D_POS_INTENTIONAL_G001,NEW_DESIGN,positive,intentional_ground_lying,codex,CODEX_SAFE_STAGED_CV_V1,,,,,,unreviewed,,,
PFV2-FC-0173,PF_P4D_POS_MULTI_G001_V01,/home/yanbo/net_vlm_person_fallen_v2_optimization/08_p4d_new_hard_negative_dev_revision/02_generation/gr3_fullregen/06_execution/quota_campaign_window_04_gr3q7_authorized_20260831_01/08_final/PF_P4D_POS_MULTI_G001_V01.png,file:///home/yanbo/net_vlm_person_fallen_v2_optimization/08_p4d_new_hard_negative_dev_revision/02_generation/gr3_fullregen/06_execution/quota_campaign_window_04_gr3q7_authorized_20260831_01/08_final/PF_P4D_POS_MULTI_G001_V01.png,/home/yanbo/net_vlm_person_fallen_v2_optimization/08_p4d_new_hard_negative_dev_revision/02_generation/gr3_fullregen/06_execution/quota_campaign_window_04_gr3q7_authorized_20260831_01/07_generated_raw/PF_P4D_POS_MULTI_G001_V01.png,PF_P4D_POS_MULTI_G001,NEW_DESIGN,positive,multi_person_one_lying,codex,CODEX_SAFE_STAGED_CV_V1,,,,,,unreviewed,,,
PFV2-FC-0174,PF_P4D_POS_MULTI_G001_V02,/home/yanbo/net_vlm_person_fallen_v2_optimization/08_p4d_new_hard_negative_dev_revision/02_generation/gr3_fullregen/06_execution/quota_campaign_window_04_gr3q7_authorized_20260831_01/08_final/PF_P4D_POS_MULTI_G001_V02.png,file:///home/yanbo/net_vlm_person_fallen_v2_optimization/08_p4d_new_hard_negative_dev_revision/02_generation/gr3_fullregen/06_execution/quota_campaign_window_04_gr3q7_authorized_20260831_01/08_final/PF_P4D_POS_MULTI_G001_V02.png,/home/yanbo/net_vlm_person_fallen_v2_optimization/08_p4d_new_hard_negative_dev_revision/02_generation/gr3_fullregen/06_execution/quota_campaign_window_04_gr3q7_authorized_20260831_01/07_generated_raw/PF_P4D_POS_MULTI_G001_V02.png,PF_P4D_POS_MULTI_G001,NEW_DESIGN,positive,multi_person_one_lying,codex,CODEX_SAFE_STAGED_CV_V1,,,,,,unreviewed,,,
PFV2-FC-0175,PF_P4D_POS_MULTI_G001_V03,/home/yanbo/net_vlm_person_fallen_v2_optimization/08_p4d_new_hard_negative_dev_revision/02_generation/gr3_fullregen/06_execution/quota_campaign_window_04_gr3q7_authorized_20260831_01/08_final/PF_P4D_POS_MULTI_G001_V03.png,file:///home/yanbo/net_vlm_person_fallen_v2_optimization/08_p4d_new_hard_negative_dev_revision/02_generation/gr3_fullregen/06_execution/quota_campaign_window_04_gr3q7_authorized_20260831_01/08_final/PF_P4D_POS_MULTI_G001_V03.png,/home/yanbo/net_vlm_person_fallen_v2_optimization/08_p4d_new_hard_negative_dev_revision/02_generation/gr3_fullregen/06_execution/quota_campaign_window_04_gr3q7_authorized_20260831_01/07_generated_raw/PF_P4D_POS_MULTI_G001_V03.png,PF_P4D_POS_MULTI_G001,NEW_DESIGN,positive,multi_person_one_lying,codex,CODEX_SAFE_STAGED_CV_V1,,,,,,unreviewed,,,
PFV2-FC-0176,PF_P4D_POS_MULTI_G001_V04,/home/yanbo/net_vlm_person_fallen_v2_optimization/08_p4d_new_hard_negative_dev_revision/02_generation/gr3_fullregen/06_execution/quota_campaign_window_04_gr3q7_authorized_20260831_01/08_final/PF_P4D_POS_MULTI_G001_V04.png,file:///home/yanbo/net_vlm_person_fallen_v2_optimization/08_p4d_new_hard_negative_dev_revision/02_generation/gr3_fullregen/06_execution/quota_campaign_window_04_gr3q7_authorized_20260831_01/08_final/PF_P4D_POS_MULTI_G001_V04.png,/home/yanbo/net_vlm_person_fallen_v2_optimization/08_p4d_new_hard_negative_dev_revision/02_generation/gr3_fullregen/06_execution/quota_campaign_window_04_gr3q7_authorized_20260831_01/07_generated_raw/PF_P4D_POS_MULTI_G001_V04.png,PF_P4D_POS_MULTI_G001,NEW_DESIGN,positive,multi_person_one_lying,codex,CODEX_SAFE_STAGED_CV_V1,,,,,,unreviewed,,,
PFV2-FC-0177,PF_P4D_POS_MULTI_G001_V05,/home/yanbo/net_vlm_person_fallen_v2_optimization/08_p4d_new_hard_negative_dev_revision/02_generation/gr3_fullregen/06_execution/quota_campaign_window_04_gr3q7_authorized_20260831_01/08_final/PF_P4D_POS_MULTI_G001_V05.png,file:///home/yanbo/net_vlm_person_fallen_v2_optimization/08_p4d_new_hard_negative_dev_revision/02_generation/gr3_fullregen/06_execution/quota_campaign_window_04_gr3q7_authorized_20260831_01/08_final/PF_P4D_POS_MULTI_G001_V05.png,/home/yanbo/net_vlm_person_fallen_v2_optimization/08_p4d_new_hard_negative_dev_revision/02_generation/gr3_fullregen/06_execution/quota_campaign_window_04_gr3q7_authorized_20260831_01/07_generated_raw/PF_P4D_POS_MULTI_G001_V05.png,PF_P4D_POS_MULTI_G001,NEW_DESIGN,positive,multi_person_one_lying,codex,CODEX_SAFE_STAGED_CV_V1,,,,,,unreviewed,,,
PFV2-FC-0178,PF_P4D_POS_CORRIDOR_G001_V01,/home/yanbo/net_vlm_person_fallen_v2_optimization/08_p4d_new_hard_negative_dev_revision/02_generation/gr3_fullregen/06_execution/quota_campaign_window_04_gr3q7_authorized_20260831_01/08_final/PF_P4D_POS_CORRIDOR_G001_V01.png,file:///home/yanbo/net_vlm_person_fallen_v2_optimization/08_p4d_new_hard_negative_dev_revision/02_generation/gr3_fullregen/06_execution/quota_campaign_window_04_gr3q7_authorized_20260831_01/08_final/PF_P4D_POS_CORRIDOR_G001_V01.png,/home/yanbo/net_vlm_person_fallen_v2_optimization/08_p4d_new_hard_negative_dev_revision/02_generation/gr3_fullregen/06_execution/quota_campaign_window_04_gr3q7_authorized_20260831_01/07_generated_raw/PF_P4D_POS_CORRIDOR_G001_V01.png,PF_P4D_POS_CORRIDOR_G001,NEW_SCREEN,positive,horizontal_corridor_ground_lying,codex,CODEX_SAFE_STAGED_CV_V1,,,,,,unreviewed,,,
PFV2-FC-0179,PF_P4D_POS_CORRIDOR_G001_V02,/home/yanbo/net_vlm_person_fallen_v2_optimization/08_p4d_new_hard_negative_dev_revision/02_generation/gr3_fullregen/06_execution/quota_campaign_window_04_gr3q7_authorized_20260831_01/08_final/PF_P4D_POS_CORRIDOR_G001_V02.png,file:///home/yanbo/net_vlm_person_fallen_v2_optimization/08_p4d_new_hard_negative_dev_revision/02_generation/gr3_fullregen/06_execution/quota_campaign_window_04_gr3q7_authorized_20260831_01/08_final/PF_P4D_POS_CORRIDOR_G001_V02.png,/home/yanbo/net_vlm_person_fallen_v2_optimization/08_p4d_new_hard_negative_dev_revision/02_generation/gr3_fullregen/06_execution/quota_campaign_window_04_gr3q7_authorized_20260831_01/07_generated_raw/PF_P4D_POS_CORRIDOR_G001_V02.png,PF_P4D_POS_CORRIDOR_G001,NEW_SCREEN,positive,horizontal_corridor_ground_lying,codex,CODEX_SAFE_STAGED_CV_V1,,,,,,unreviewed,,,
PFV2-FC-0180,PF_P4D_POS_CORRIDOR_G001_V03,/home/yanbo/net_vlm_person_fallen_v2_optimization/08_p4d_new_hard_negative_dev_revision/02_generation/gr3_fullregen/06_execution/quota_campaign_window_04_gr3q7_authorized_20260831_01/08_final/PF_P4D_POS_CORRIDOR_G001_V03.png,file:///home/yanbo/net_vlm_person_fallen_v2_optimization/08_p4d_new_hard_negative_dev_revision/02_generation/gr3_fullregen/06_execution/quota_campaign_window_04_gr3q7_authorized_20260831_01/08_final/PF_P4D_POS_CORRIDOR_G001_V03.png,/home/yanbo/net_vlm_person_fallen_v2_optimization/08_p4d_new_hard_negative_dev_revision/02_generation/gr3_fullregen/06_execution/quota_campaign_window_04_gr3q7_authorized_20260831_01/07_generated_raw/PF_P4D_POS_CORRIDOR_G001_V03.png,PF_P4D_POS_CORRIDOR_G001,NEW_SCREEN,positive,horizontal_corridor_ground_lying,codex,CODEX_SAFE_STAGED_CV_V1,,,,,,unreviewed,,,
PFV2-FC-0181,PF_P4D_POS_CORRIDOR_G001_V04,/home/yanbo/net_vlm_person_fallen_v2_optimization/08_p4d_new_hard_negative_dev_revision/02_generation/gr3_fullregen/06_execution/quota_campaign_window_04_gr3q7_authorized_20260831_01/08_final/PF_P4D_POS_CORRIDOR_G001_V04.png,file:///home/yanbo/net_vlm_person_fallen_v2_optimization/08_p4d_new_hard_negative_dev_revision/02_generation/gr3_fullregen/06_execution/quota_campaign_window_04_gr3q7_authorized_20260831_01/08_final/PF_P4D_POS_CORRIDOR_G001_V04.png,/home/yanbo/net_vlm_person_fallen_v2_optimization/08_p4d_new_hard_negative_dev_revision/02_generation/gr3_fullregen/06_execution/quota_campaign_window_04_gr3q7_authorized_20260831_01/07_generated_raw/PF_P4D_POS_CORRIDOR_G001_V04.png,PF_P4D_POS_CORRIDOR_G001,NEW_SCREEN,positive,horizontal_corridor_ground_lying,codex,CODEX_SAFE_STAGED_CV_V1,,,,,,unreviewed,,,
PFV2-FC-0182,PF_P4D_POS_CORRIDOR_G001_V05,/home/yanbo/net_vlm_person_fallen_v2_optimization/08_p4d_new_hard_negative_dev_revision/02_generation/gr3_fullregen/06_execution/quota_campaign_window_04_gr3q7_authorized_20260831_01/08_final/PF_P4D_POS_CORRIDOR_G001_V05.png,file:///home/yanbo/net_vlm_person_fallen_v2_optimization/08_p4d_new_hard_negative_dev_revision/02_generation/gr3_fullregen/06_execution/quota_campaign_window_04_gr3q7_authorized_20260831_01/08_final/PF_P4D_POS_CORRIDOR_G001_V05.png,/home/yanbo/net_vlm_person_fallen_v2_optimization/08_p4d_new_hard_negative_dev_revision/02_generation/gr3_fullregen/06_execution/quota_campaign_window_04_gr3q7_authorized_20260831_01/07_generated_raw/PF_P4D_POS_CORRIDOR_G001_V05.png,PF_P4D_POS_CORRIDOR_G001,NEW_SCREEN,positive,horizontal_corridor_ground_lying,codex,CODEX_SAFE_STAGED_CV_V1,,,,,,unreviewed,,,
PFV2-FC-0183,PF_P4D_NEG_STAND_G003_V01,/home/yanbo/net_vlm_person_fallen_v2_optimization/08_p4d_new_hard_negative_dev_revision/02_generation/gr3_fullregen/06_execution/quota_campaign_window_01_authorized_20260830_05/08_final/PF_P4D_NEG_STAND_G003_V01.png,file:///home/yanbo/net_vlm_person_fallen_v2_optimization/08_p4d_new_hard_negative_dev_revision/02_generation/gr3_fullregen/06_execution/quota_campaign_window_01_authorized_20260830_05/08_final/PF_P4D_NEG_STAND_G003_V01.png,/home/yanbo/net_vlm_person_fallen_v2_optimization/08_p4d_new_hard_negative_dev_revision/02_generation/gr3_fullregen/06_execution/quota_campaign_window_01_authorized_20260830_05/07_generated_raw/PF_P4D_NEG_STAND_G003_V01.png,PF_P4D_NEG_STAND_G003,NEW_SCREEN,ordinary_negative,standing_walking,codex,LEGACY_NO_ADAPTER,,,,,,unreviewed,,,
PFV2-FC-0184,PF_P4D_NEG_STAND_G003_V02,/home/yanbo/net_vlm_person_fallen_v2_optimization/08_p4d_new_hard_negative_dev_revision/02_generation/gr3_fullregen/06_execution/quota_campaign_window_01_authorized_20260830_05/08_final/PF_P4D_NEG_STAND_G003_V02.png,file:///home/yanbo/net_vlm_person_fallen_v2_optimization/08_p4d_new_hard_negative_dev_revision/02_generation/gr3_fullregen/06_execution/quota_campaign_window_01_authorized_20260830_05/08_final/PF_P4D_NEG_STAND_G003_V02.png,/home/yanbo/net_vlm_person_fallen_v2_optimization/08_p4d_new_hard_negative_dev_revision/02_generation/gr3_fullregen/06_execution/quota_campaign_window_01_authorized_20260830_05/07_generated_raw/PF_P4D_NEG_STAND_G003_V02.png,PF_P4D_NEG_STAND_G003,NEW_SCREEN,ordinary_negative,standing_walking,codex,LEGACY_NO_ADAPTER,,,,,,unreviewed,,,
PFV2-FC-0185,PF_P4D_NEG_STAND_G003_V03,/home/yanbo/net_vlm_person_fallen_v2_optimization/08_p4d_new_hard_negative_dev_revision/02_generation/gr3_fullregen/06_execution/quota_campaign_window_01_authorized_20260830_05/08_final/PF_P4D_NEG_STAND_G003_V03.png,file:///home/yanbo/net_vlm_person_fallen_v2_optimization/08_p4d_new_hard_negative_dev_revision/02_generation/gr3_fullregen/06_execution/quota_campaign_window_01_authorized_20260830_05/08_final/PF_P4D_NEG_STAND_G003_V03.png,/home/yanbo/net_vlm_person_fallen_v2_optimization/08_p4d_new_hard_negative_dev_revision/02_generation/gr3_fullregen/06_execution/quota_campaign_window_01_authorized_20260830_05/07_generated_raw/PF_P4D_NEG_STAND_G003_V03.png,PF_P4D_NEG_STAND_G003,NEW_SCREEN,ordinary_negative,standing_walking,codex,LEGACY_NO_ADAPTER,,,,,,unreviewed,,,
PFV2-FC-0186,PF_P4D_NEG_STAND_G003_V04,/home/yanbo/net_vlm_person_fallen_v2_optimization/08_p4d_new_hard_negative_dev_revision/02_generation/gr3_fullregen/06_execution/quota_campaign_window_01_authorized_20260830_05/08_final/PF_P4D_NEG_STAND_G003_V04.png,file:///home/yanbo/net_vlm_person_fallen_v2_optimization/08_p4d_new_hard_negative_dev_revision/02_generation/gr3_fullregen/06_execution/quota_campaign_window_01_authorized_20260830_05/08_final/PF_P4D_NEG_STAND_G003_V04.png,/home/yanbo/net_vlm_person_fallen_v2_optimization/08_p4d_new_hard_negative_dev_revision/02_generation/gr3_fullregen/06_execution/quota_campaign_window_01_authorized_20260830_05/07_generated_raw/PF_P4D_NEG_STAND_G003_V04.png,PF_P4D_NEG_STAND_G003,NEW_SCREEN,ordinary_negative,standing_walking,codex,LEGACY_NO_ADAPTER,,,,,,unreviewed,,,
PFV2-FC-0187,PF_P4D_NEG_STAND_G003_V05,/home/yanbo/net_vlm_person_fallen_v2_optimization/08_p4d_new_hard_negative_dev_revision/02_generation/gr3_fullregen/06_execution/quota_campaign_window_01_authorized_20260830_05/08_final/PF_P4D_NEG_STAND_G003_V05.png,file:///home/yanbo/net_vlm_person_fallen_v2_optimization/08_p4d_new_hard_negative_dev_revision/02_generation/gr3_fullregen/06_execution/quota_campaign_window_01_authorized_20260830_05/08_final/PF_P4D_NEG_STAND_G003_V05.png,/home/yanbo/net_vlm_person_fallen_v2_optimization/08_p4d_new_hard_negative_dev_revision/02_generation/gr3_fullregen/06_execution/quota_campaign_window_01_authorized_20260830_05/07_generated_raw/PF_P4D_NEG_STAND_G003_V05.png,PF_P4D_NEG_STAND_G003,NEW_SCREEN,ordinary_negative,standing_walking,codex,LEGACY_NO_ADAPTER,,,,,,unreviewed,,,
PFV2-FC-0188,PF_P4D_NEG_CHAIR_G001_V01,/home/yanbo/net_vlm_person_fallen_v2_optimization/08_p4d_new_hard_negative_dev_revision/02_generation/gr3_fullregen/06_execution/quota_campaign_window_01_authorized_20260830_05/08_final/PF_P4D_NEG_CHAIR_G001_V01.png,file:///home/yanbo/net_vlm_person_fallen_v2_optimization/08_p4d_new_hard_negative_dev_revision/02_generation/gr3_fullregen/06_execution/quota_campaign_window_01_authorized_20260830_05/08_final/PF_P4D_NEG_CHAIR_G001_V01.png,/home/yanbo/net_vlm_person_fallen_v2_optimization/08_p4d_new_hard_negative_dev_revision/02_generation/gr3_fullregen/06_execution/quota_campaign_window_01_authorized_20260830_05/07_generated_raw/PF_P4D_NEG_CHAIR_G001_V01.png,PF_P4D_NEG_CHAIR_G001,NEW_DESIGN,ordinary_negative,chair_seated_normal_work,codex,LEGACY_NO_ADAPTER,,,,,,unreviewed,,,
PFV2-FC-0189,PF_P4D_NEG_CHAIR_G001_V02,/home/yanbo/net_vlm_person_fallen_v2_optimization/08_p4d_new_hard_negative_dev_revision/02_generation/gr3_fullregen/06_execution/quota_campaign_window_01_authorized_20260830_05/08_final/PF_P4D_NEG_CHAIR_G001_V02.png,file:///home/yanbo/net_vlm_person_fallen_v2_optimization/08_p4d_new_hard_negative_dev_revision/02_generation/gr3_fullregen/06_execution/quota_campaign_window_01_authorized_20260830_05/08_final/PF_P4D_NEG_CHAIR_G001_V02.png,/home/yanbo/net_vlm_person_fallen_v2_optimization/08_p4d_new_hard_negative_dev_revision/02_generation/gr3_fullregen/06_execution/quota_campaign_window_01_authorized_20260830_05/07_generated_raw/PF_P4D_NEG_CHAIR_G001_V02.png,PF_P4D_NEG_CHAIR_G001,NEW_DESIGN,ordinary_negative,chair_seated_normal_work,codex,LEGACY_NO_ADAPTER,,,,,,unreviewed,,,
PFV2-FC-0190,PF_P4D_NEG_CHAIR_G001_V03,/home/yanbo/net_vlm_person_fallen_v2_optimization/08_p4d_new_hard_negative_dev_revision/02_generation/gr3_fullregen/06_execution/quota_campaign_window_01_authorized_20260830_05/08_final/PF_P4D_NEG_CHAIR_G001_V03.png,file:///home/yanbo/net_vlm_person_fallen_v2_optimization/08_p4d_new_hard_negative_dev_revision/02_generation/gr3_fullregen/06_execution/quota_campaign_window_01_authorized_20260830_05/08_final/PF_P4D_NEG_CHAIR_G001_V03.png,/home/yanbo/net_vlm_person_fallen_v2_optimization/08_p4d_new_hard_negative_dev_revision/02_generation/gr3_fullregen/06_execution/quota_campaign_window_01_authorized_20260830_05/07_generated_raw/PF_P4D_NEG_CHAIR_G001_V03.png,PF_P4D_NEG_CHAIR_G001,NEW_DESIGN,ordinary_negative,chair_seated_normal_work,codex,LEGACY_NO_ADAPTER,,,,,,unreviewed,,,
PFV2-FC-0191,PF_P4D_NEG_CHAIR_G001_V04,/home/yanbo/net_vlm_person_fallen_v2_optimization/08_p4d_new_hard_negative_dev_revision/02_generation/gr3_fullregen/06_execution/quota_campaign_window_01_authorized_20260830_05/08_final/PF_P4D_NEG_CHAIR_G001_V04.png,file:///home/yanbo/net_vlm_person_fallen_v2_optimization/08_p4d_new_hard_negative_dev_revision/02_generation/gr3_fullregen/06_execution/quota_campaign_window_01_authorized_20260830_05/08_final/PF_P4D_NEG_CHAIR_G001_V04.png,/home/yanbo/net_vlm_person_fallen_v2_optimization/08_p4d_new_hard_negative_dev_revision/02_generation/gr3_fullregen/06_execution/quota_campaign_window_01_authorized_20260830_05/07_generated_raw/PF_P4D_NEG_CHAIR_G001_V04.png,PF_P4D_NEG_CHAIR_G001,NEW_DESIGN,ordinary_negative,chair_seated_normal_work,codex,LEGACY_NO_ADAPTER,,,,,,unreviewed,,,
PFV2-FC-0192,PF_P4D_NEG_CHAIR_G001_V05,/home/yanbo/net_vlm_person_fallen_v2_optimization/08_p4d_new_hard_negative_dev_revision/02_generation/gr3_fullregen/06_execution/quota_campaign_window_01_authorized_20260830_05/08_final/PF_P4D_NEG_CHAIR_G001_V05.png,file:///home/yanbo/net_vlm_person_fallen_v2_optimization/08_p4d_new_hard_negative_dev_revision/02_generation/gr3_fullregen/06_execution/quota_campaign_window_01_authorized_20260830_05/08_final/PF_P4D_NEG_CHAIR_G001_V05.png,/home/yanbo/net_vlm_person_fallen_v2_optimization/08_p4d_new_hard_negative_dev_revision/02_generation/gr3_fullregen/06_execution/quota_campaign_window_01_authorized_20260830_05/07_generated_raw/PF_P4D_NEG_CHAIR_G001_V05.png,PF_P4D_NEG_CHAIR_G001,NEW_DESIGN,ordinary_negative,chair_seated_normal_work,codex,LEGACY_NO_ADAPTER,,,,,,unreviewed,,,
PFV2-FC-0193,PF_P4D_NEG_CHAIR_G002_V01,/home/yanbo/net_vlm_person_fallen_v2_optimization/08_p4d_new_hard_negative_dev_revision/02_generation/gr3_fullregen/06_execution/quota_campaign_window_02_policy_adapter_20260830_01/08_final/PF_P4D_NEG_CHAIR_G002_V01.png,file:///home/yanbo/net_vlm_person_fallen_v2_optimization/08_p4d_new_hard_negative_dev_revision/02_generation/gr3_fullregen/06_execution/quota_campaign_window_02_policy_adapter_20260830_01/08_final/PF_P4D_NEG_CHAIR_G002_V01.png,/home/yanbo/net_vlm_person_fallen_v2_optimization/08_p4d_new_hard_negative_dev_revision/02_generation/gr3_fullregen/06_execution/quota_campaign_window_02_policy_adapter_20260830_01/07_generated_raw/PF_P4D_NEG_CHAIR_G002_V01.png,PF_P4D_NEG_CHAIR_G002,NEW_DESIGN,ordinary_negative,chair_seated_normal_work,codex,CODEX_SAFE_STAGED_CV_V1,,,,,,unreviewed,,,
PFV2-FC-0194,PF_P4D_NEG_CHAIR_G002_V02,/home/yanbo/net_vlm_person_fallen_v2_optimization/08_p4d_new_hard_negative_dev_revision/02_generation/gr3_fullregen/06_execution/quota_campaign_window_02_policy_adapter_20260830_01/08_final/PF_P4D_NEG_CHAIR_G002_V02.png,file:///home/yanbo/net_vlm_person_fallen_v2_optimization/08_p4d_new_hard_negative_dev_revision/02_generation/gr3_fullregen/06_execution/quota_campaign_window_02_policy_adapter_20260830_01/08_final/PF_P4D_NEG_CHAIR_G002_V02.png,/home/yanbo/net_vlm_person_fallen_v2_optimization/08_p4d_new_hard_negative_dev_revision/02_generation/gr3_fullregen/06_execution/quota_campaign_window_02_policy_adapter_20260830_01/07_generated_raw/PF_P4D_NEG_CHAIR_G002_V02.png,PF_P4D_NEG_CHAIR_G002,NEW_DESIGN,ordinary_negative,chair_seated_normal_work,codex,CODEX_SAFE_STAGED_CV_V1,,,,,,unreviewed,,,
PFV2-FC-0195,PF_P4D_NEG_CHAIR_G002_V03,/home/yanbo/net_vlm_person_fallen_v2_optimization/08_p4d_new_hard_negative_dev_revision/02_generation/gr3_fullregen/06_execution/quota_campaign_window_02_policy_adapter_20260830_01/08_final/PF_P4D_NEG_CHAIR_G002_V03.png,file:///home/yanbo/net_vlm_person_fallen_v2_optimization/08_p4d_new_hard_negative_dev_revision/02_generation/gr3_fullregen/06_execution/quota_campaign_window_02_policy_adapter_20260830_01/08_final/PF_P4D_NEG_CHAIR_G002_V03.png,/home/yanbo/net_vlm_person_fallen_v2_optimization/08_p4d_new_hard_negative_dev_revision/02_generation/gr3_fullregen/06_execution/quota_campaign_window_02_policy_adapter_20260830_01/07_generated_raw/PF_P4D_NEG_CHAIR_G002_V03.png,PF_P4D_NEG_CHAIR_G002,NEW_DESIGN,ordinary_negative,chair_seated_normal_work,codex,CODEX_SAFE_STAGED_CV_V1,,,,,,unreviewed,,,
PFV2-FC-0196,PF_P4D_NEG_CHAIR_G002_V04,/home/yanbo/net_vlm_person_fallen_v2_optimization/08_p4d_new_hard_negative_dev_revision/02_generation/gr3_fullregen/06_execution/quota_campaign_window_02_policy_adapter_20260830_01/08_final/PF_P4D_NEG_CHAIR_G002_V04.png,file:///home/yanbo/net_vlm_person_fallen_v2_optimization/08_p4d_new_hard_negative_dev_revision/02_generation/gr3_fullregen/06_execution/quota_campaign_window_02_policy_adapter_20260830_01/08_final/PF_P4D_NEG_CHAIR_G002_V04.png,/home/yanbo/net_vlm_person_fallen_v2_optimization/08_p4d_new_hard_negative_dev_revision/02_generation/gr3_fullregen/06_execution/quota_campaign_window_02_policy_adapter_20260830_01/07_generated_raw/PF_P4D_NEG_CHAIR_G002_V04.png,PF_P4D_NEG_CHAIR_G002,NEW_DESIGN,ordinary_negative,chair_seated_normal_work,codex,CODEX_SAFE_STAGED_CV_V1,,,,,,unreviewed,,,
PFV2-FC-0197,PF_P4D_NEG_CHAIR_G002_V05,/home/yanbo/net_vlm_person_fallen_v2_optimization/08_p4d_new_hard_negative_dev_revision/02_generation/gr3_fullregen/06_execution/quota_campaign_window_02_policy_adapter_20260830_01/08_final/PF_P4D_NEG_CHAIR_G002_V05.png,file:///home/yanbo/net_vlm_person_fallen_v2_optimization/08_p4d_new_hard_negative_dev_revision/02_generation/gr3_fullregen/06_execution/quota_campaign_window_02_policy_adapter_20260830_01/08_final/PF_P4D_NEG_CHAIR_G002_V05.png,/home/yanbo/net_vlm_person_fallen_v2_optimization/08_p4d_new_hard_negative_dev_revision/02_generation/gr3_fullregen/06_execution/quota_campaign_window_02_policy_adapter_20260830_01/07_generated_raw/PF_P4D_NEG_CHAIR_G002_V05.png,PF_P4D_NEG_CHAIR_G002,NEW_DESIGN,ordinary_negative,chair_seated_normal_work,codex,CODEX_SAFE_STAGED_CV_V1,,,,,,unreviewed,,,
PFV2-FC-0198,PF_P4D_NEG_CHAIR_G003_V01,/home/yanbo/net_vlm_person_fallen_v2_optimization/08_p4d_new_hard_negative_dev_revision/02_generation/gr3_fullregen/06_execution/quota_campaign_window_02_policy_adapter_20260830_01/08_final/PF_P4D_NEG_CHAIR_G003_V01.png,file:///home/yanbo/net_vlm_person_fallen_v2_optimization/08_p4d_new_hard_negative_dev_revision/02_generation/gr3_fullregen/06_execution/quota_campaign_window_02_policy_adapter_20260830_01/08_final/PF_P4D_NEG_CHAIR_G003_V01.png,/home/yanbo/net_vlm_person_fallen_v2_optimization/08_p4d_new_hard_negative_dev_revision/02_generation/gr3_fullregen/06_execution/quota_campaign_window_02_policy_adapter_20260830_01/07_generated_raw/PF_P4D_NEG_CHAIR_G003_V01.png,PF_P4D_NEG_CHAIR_G003,NEW_DESIGN,ordinary_negative,chair_seated_normal_work,codex,CODEX_SAFE_STAGED_CV_V1,,,,,,unreviewed,,,
PFV2-FC-0199,PF_P4D_NEG_CHAIR_G003_V02,/home/yanbo/net_vlm_person_fallen_v2_optimization/08_p4d_new_hard_negative_dev_revision/02_generation/gr3_fullregen/06_execution/quota_campaign_window_02_policy_adapter_20260830_01/08_final/PF_P4D_NEG_CHAIR_G003_V02.png,file:///home/yanbo/net_vlm_person_fallen_v2_optimization/08_p4d_new_hard_negative_dev_revision/02_generation/gr3_fullregen/06_execution/quota_campaign_window_02_policy_adapter_20260830_01/08_final/PF_P4D_NEG_CHAIR_G003_V02.png,/home/yanbo/net_vlm_person_fallen_v2_optimization/08_p4d_new_hard_negative_dev_revision/02_generation/gr3_fullregen/06_execution/quota_campaign_window_02_policy_adapter_20260830_01/07_generated_raw/PF_P4D_NEG_CHAIR_G003_V02.png,PF_P4D_NEG_CHAIR_G003,NEW_DESIGN,ordinary_negative,chair_seated_normal_work,codex,CODEX_SAFE_STAGED_CV_V1,,,,,,unreviewed,,,
PFV2-FC-0200,PF_P4D_NEG_CHAIR_G003_V03,/home/yanbo/net_vlm_person_fallen_v2_optimization/08_p4d_new_hard_negative_dev_revision/02_generation/gr3_fullregen/06_execution/quota_campaign_window_03_gr3q6_authorized_20260831_01/08_final/PF_P4D_NEG_CHAIR_G003_V03.png,file:///home/yanbo/net_vlm_person_fallen_v2_optimization/08_p4d_new_hard_negative_dev_revision/02_generation/gr3_fullregen/06_execution/quota_campaign_window_03_gr3q6_authorized_20260831_01/08_final/PF_P4D_NEG_CHAIR_G003_V03.png,/home/yanbo/net_vlm_person_fallen_v2_optimization/08_p4d_new_hard_negative_dev_revision/02_generation/gr3_fullregen/06_execution/quota_campaign_window_03_gr3q6_authorized_20260831_01/07_generated_raw/PF_P4D_NEG_CHAIR_G003_V03.png,PF_P4D_NEG_CHAIR_G003,NEW_DESIGN,ordinary_negative,chair_seated_normal_work,codex,CODEX_SAFE_STAGED_CV_V1,,,,,,unreviewed,,,
PFV2-FC-0201,PF_P4D_NEG_CHAIR_G003_V04,/home/yanbo/net_vlm_person_fallen_v2_optimization/08_p4d_new_hard_negative_dev_revision/02_generation/gr3_fullregen/06_execution/quota_campaign_window_03_gr3q6_authorized_20260831_01/08_final/PF_P4D_NEG_CHAIR_G003_V04.png,file:///home/yanbo/net_vlm_person_fallen_v2_optimization/08_p4d_new_hard_negative_dev_revision/02_generation/gr3_fullregen/06_execution/quota_campaign_window_03_gr3q6_authorized_20260831_01/08_final/PF_P4D_NEG_CHAIR_G003_V04.png,/home/yanbo/net_vlm_person_fallen_v2_optimization/08_p4d_new_hard_negative_dev_revision/02_generation/gr3_fullregen/06_execution/quota_campaign_window_03_gr3q6_authorized_20260831_01/07_generated_raw/PF_P4D_NEG_CHAIR_G003_V04.png,PF_P4D_NEG_CHAIR_G003,NEW_DESIGN,ordinary_negative,chair_seated_normal_work,codex,CODEX_SAFE_STAGED_CV_V1,,,,,,unreviewed,,,
PFV2-FC-0202,PF_P4D_NEG_CHAIR_G003_V05,/home/yanbo/net_vlm_person_fallen_v2_optimization/08_p4d_new_hard_negative_dev_revision/02_generation/gr3_fullregen/06_execution/quota_campaign_window_03_gr3q6_authorized_20260831_01/08_final/PF_P4D_NEG_CHAIR_G003_V05.png,file:///home/yanbo/net_vlm_person_fallen_v2_optimization/08_p4d_new_hard_negative_dev_revision/02_generation/gr3_fullregen/06_execution/quota_campaign_window_03_gr3q6_authorized_20260831_01/08_final/PF_P4D_NEG_CHAIR_G003_V05.png,/home/yanbo/net_vlm_person_fallen_v2_optimization/08_p4d_new_hard_negative_dev_revision/02_generation/gr3_fullregen/06_execution/quota_campaign_window_03_gr3q6_authorized_20260831_01/07_generated_raw/PF_P4D_NEG_CHAIR_G003_V05.png,PF_P4D_NEG_CHAIR_G003,NEW_DESIGN,ordinary_negative,chair_seated_normal_work,codex,CODEX_SAFE_STAGED_CV_V1,,,,,,unreviewed,,,
