diagnostic_id,expected_v4_outcome,selection_basis,item_id,source_family,prompt_id,media_id,group_id,source_split,v3_split,image_path,image_sha256,image_sha_basis,prompt_path,prompt_sha256,taxonomy,old_role,old_label,ground_truth,metric_stratum,source_provenance_status,gt_type,gt_source,human_semantic_review_required,formal_v3_evaluation,person_detected,detector_confidence,detector_box_area_ratio,full_view_path,full_view_sha256,crop_view_path,crop_view_sha256,view_count,diagnostic_class,expected_pose_family,diagnostic_original_id,diagnostic_original_selection_basis,operational_id,experiment_stratum,experiment_role,phase,request_id
PFV4DEV_0311,NO_ALERT_NORMAL_POSE,ALL_FROZEN_V3_DEV_ROWS_IN_PARENT_ORDER,P4D_PLAN::PF_P4D_HN_SIT_G001_V01,P4D_FROZEN_PLAN_440,PF_P4D_HN_SIT_G001_V01,,PF_P4D_HN_SIT_G001,NEW_DESIGN,V3_DEV,/home/yanbo/下载/batches/batch-person-fallen-v2-p4d-hardneg-fullregen-r2-camera1p5m/final/PF_P4D_HN_SIT_G001_V01.png,e2a581d85bad33fe876ee72c81c6ed053fc8ab9c62975f9daa63beb4393052fa,FAST_CLOSE_EXPECTED_AND_ACTUAL,/home/yanbo/下载/batches/batch_person-fallen-v2-p4d-hardneg-rev1-camera1p5m/prompts/PF_P4D_HN_SIT_G001_V01.txt,8457b5040240fdd57d98ae5bb02251b9dfb94502bf650ebec2ab57018186ef5a,floor_sitting,hard_negative,negative,negative,hard_negative,P4D_FAST_CLOSE_PROVENANCE_MECHANICAL_LINEAGE_PASS,PROMPT_DERIVED_SYNTHETIC_GT,FROZEN_GENERATION_PROMPT_AND_PLANNED_ROLE,false,true,true,0.9072661995887756,0.10659882153272823,/home/yanbo/net_vlm_person_fallen_v2_optimization/13_person_fallen_v4_pose_attributes/prepared_full_dev/PFV4DEV_0311/full_scene.jpg,a5318c14967edd2d4b86114703641c734049845616a93064713066287ee486e3,/home/yanbo/net_vlm_person_fallen_v2_optimization/13_person_fallen_v4_pose_attributes/prepared_full_dev/PFV4DEV_0311/person_crop.jpg,f6e00234cee70c77930c52ed08d9e47ab71b146e8da8b33fe349e8a5dd2ad83d,2,floor_sitting,floor_sitting,PFV4D_0001,FROZEN_TAXONOMY_AND_STABLE_ID_ONLY,PFV4DEV_0311,normal_negative,PILOT_DEV_115,pilot,V5_B0_PILOT_0001
PFV4DEV_0312,NO_ALERT_NORMAL_POSE,ALL_FROZEN_V3_DEV_ROWS_IN_PARENT_ORDER,P4D_PLAN::PF_P4D_HN_SIT_G001_V02,P4D_FROZEN_PLAN_440,PF_P4D_HN_SIT_G001_V02,,PF_P4D_HN_SIT_G001,NEW_DESIGN,V3_DEV,/home/yanbo/下载/batches/batch-person-fallen-v2-p4d-hardneg-fullregen-r2-camera1p5m/final/PF_P4D_HN_SIT_G001_V02.png,d21e3b0133297066faa98825f1b244b103aa41b025a604ab263570ced2abc6ae,FAST_CLOSE_EXPECTED_AND_ACTUAL,/home/yanbo/下载/batches/batch_person-fallen-v2-p4d-hardneg-rev1-camera1p5m/prompts/PF_P4D_HN_SIT_G001_V02.txt,50a601f6f68a7a5b163ed7b7912cb046500a0629ebf1fa884e7e05490af4c4e9,floor_sitting,hard_negative,negative,negative,hard_negative,P4D_FAST_CLOSE_PROVENANCE_MECHANICAL_LINEAGE_PASS,PROMPT_DERIVED_SYNTHETIC_GT,FROZEN_GENERATION_PROMPT_AND_PLANNED_ROLE,false,true,true,0.31163012981414795,0.0367101029434707,/home/yanbo/net_vlm_person_fallen_v2_optimization/13_person_fallen_v4_pose_attributes/prepared_full_dev/PFV4DEV_0312/full_scene.jpg,8c31ab5b43edf647fc26471fd374758919a9448665ad9b4a58002d05c0a5f321,/home/yanbo/net_vlm_person_fallen_v2_optimization/13_person_fallen_v4_pose_attributes/prepared_full_dev/PFV4DEV_0312/person_crop.jpg,8eedcc6a497e40b81d69a29f6fb51febccce3b320c66d5355bb4009e8b5863d7,2,floor_sitting,floor_sitting,PFV4D_0002,FROZEN_TAXONOMY_AND_STABLE_ID_ONLY,PFV4DEV_0312,normal_negative,PILOT_DEV_115,pilot,V5_B0_PILOT_0002
PFV4DEV_0313,NO_ALERT_NORMAL_POSE,ALL_FROZEN_V3_DEV_ROWS_IN_PARENT_ORDER,P4D_PLAN::PF_P4D_HN_SIT_G001_V03,P4D_FROZEN_PLAN_440,PF_P4D_HN_SIT_G001_V03,,PF_P4D_HN_SIT_G001,NEW_DESIGN,V3_DEV,/home/yanbo/下载/batches/batch-person-fallen-v2-p4d-hardneg-fullregen-r2-camera1p5m/final/PF_P4D_HN_SIT_G001_V03.png,674601dc13de3a69747b95d3c61fcef59f1fbf0e4aff3cb3ab4b27dcbfd899d7,FAST_CLOSE_EXPECTED_AND_ACTUAL,/home/yanbo/下载/batches/batch_person-fallen-v2-p4d-hardneg-rev1-camera1p5m/prompts/PF_P4D_HN_SIT_G001_V03.txt,037ce19367f033d97dca0bbc8e7757b3e6dda321dcf44478aaa55198e1a32044,floor_sitting,hard_negative,negative,negative,hard_negative,P4D_FAST_CLOSE_PROVENANCE_MECHANICAL_LINEAGE_PASS,PROMPT_DERIVED_SYNTHETIC_GT,FROZEN_GENERATION_PROMPT_AND_PLANNED_ROLE,false,true,true,0.8354085683822632,0.12756229396292365,/home/yanbo/net_vlm_person_fallen_v2_optimization/13_person_fallen_v4_pose_attributes/prepared_full_dev/PFV4DEV_0313/full_scene.jpg,95c764ada4e95c955572c64e9e5460ff0304d61f5e8faab81f275175fec3c934,/home/yanbo/net_vlm_person_fallen_v2_optimization/13_person_fallen_v4_pose_attributes/prepared_full_dev/PFV4DEV_0313/person_crop.jpg,055e06ec11ba03509a0888ba0d6199dd4ec611563cb51d1e1f82d6354bbb89a0,2,floor_sitting,floor_sitting,PFV4D_0003,FROZEN_TAXONOMY_AND_STABLE_ID_ONLY,PFV4DEV_0313,normal_negative,PILOT_DEV_115,pilot,V5_B0_PILOT_0003
PFV4DEV_0314,NO_ALERT_NORMAL_POSE,ALL_FROZEN_V3_DEV_ROWS_IN_PARENT_ORDER,P4D_PLAN::PF_P4D_HN_SIT_G001_V04,P4D_FROZEN_PLAN_440,PF_P4D_HN_SIT_G001_V04,,PF_P4D_HN_SIT_G001,NEW_DESIGN,V3_DEV,/home/yanbo/下载/batches/batch-person-fallen-v2-p4d-hardneg-fullregen-r2-camera1p5m/final/PF_P4D_HN_SIT_G001_V04.png,6c15404fd1f16c2c4e478e153bd3d7cc723e4e279c80ea6e91832cc998c0aa89,FAST_CLOSE_EXPECTED_AND_ACTUAL,/home/yanbo/下载/batches/batch_person-fallen-v2-p4d-hardneg-rev1-camera1p5m/prompts/PF_P4D_HN_SIT_G001_V04.txt,fe4762f481c9de4f3c83d4bdbb52f90df85ec53d6868333bdf98aeba7b5d25b9,floor_sitting,hard_negative,negative,negative,hard_negative,P4D_FAST_CLOSE_PROVENANCE_MECHANICAL_LINEAGE_PASS,PROMPT_DERIVED_SYNTHETIC_GT,FROZEN_GENERATION_PROMPT_AND_PLANNED_ROLE,false,true,true,0.9370735287666321,0.19563908504166952,/home/yanbo/net_vlm_person_fallen_v2_optimization/13_person_fallen_v4_pose_attributes/prepared_full_dev/PFV4DEV_0314/full_scene.jpg,417ec8415be70a01a6fce18bbeb57a958e7fd8a898832661352beefef8ab3793,/home/yanbo/net_vlm_person_fallen_v2_optimization/13_person_fallen_v4_pose_attributes/prepared_full_dev/PFV4DEV_0314/person_crop.jpg,a3ebd00681a018a4d5665c34c18d69423a3aa04edf661d1b52749fe9c3085079,2,floor_sitting,floor_sitting,PFV4D_0004,FROZEN_TAXONOMY_AND_STABLE_ID_ONLY,PFV4DEV_0314,normal_negative,PILOT_DEV_115,pilot,V5_B0_PILOT_0004
PFV4DEV_0315,NO_ALERT_NORMAL_POSE,ALL_FROZEN_V3_DEV_ROWS_IN_PARENT_ORDER,P4D_PLAN::PF_P4D_HN_SIT_G001_V05,P4D_FROZEN_PLAN_440,PF_P4D_HN_SIT_G001_V05,,PF_P4D_HN_SIT_G001,NEW_DESIGN,V3_DEV,/home/yanbo/下载/batches/batch-person-fallen-v2-p4d-hardneg-fullregen-r2-camera1p5m/final/PF_P4D_HN_SIT_G001_V05.png,8a601a296c493209ea6d0e4d3c42904a94ece62d0d799b801df68eeb49a3ec96,FAST_CLOSE_EXPECTED_AND_ACTUAL,/home/yanbo/下载/batches/batch_person-fallen-v2-p4d-hardneg-rev1-camera1p5m/prompts/PF_P4D_HN_SIT_G001_V05.txt,8903c290d95542423a083d187a94814a17c5f374775fd69ddccfb8aa64b99804,floor_sitting,hard_negative,negative,negative,hard_negative,P4D_FAST_CLOSE_PROVENANCE_MECHANICAL_LINEAGE_PASS,PROMPT_DERIVED_SYNTHETIC_GT,FROZEN_GENERATION_PROMPT_AND_PLANNED_ROLE,false,true,true,0.4389847218990326,0.1094197671301663,/home/yanbo/net_vlm_person_fallen_v2_optimization/13_person_fallen_v4_pose_attributes/prepared_full_dev/PFV4DEV_0315/full_scene.jpg,6db4e0f7736abbd876b08bb9199a29df8a704564d362eefdddf26ee1cc861ba7,/home/yanbo/net_vlm_person_fallen_v2_optimization/13_person_fallen_v4_pose_attributes/prepared_full_dev/PFV4DEV_0315/person_crop.jpg,103261737812ab0e53996d4906a529b114044c7e05e74fa9cfdae786064ca49a,2,floor_sitting,floor_sitting,PFV4D_0005,FROZEN_TAXONOMY_AND_STABLE_ID_ONLY,PFV4DEV_0315,normal_negative,PILOT_DEV_115,pilot,V5_B0_PILOT_0005
PFV4DEV_0316,NO_ALERT_NORMAL_POSE,ALL_FROZEN_V3_DEV_ROWS_IN_PARENT_ORDER,P4D_PLAN::PF_P4D_HN_SIT_G002_V01,P4D_FROZEN_PLAN_440,PF_P4D_HN_SIT_G002_V01,,PF_P4D_HN_SIT_G002,NEW_DESIGN,V3_DEV,/home/yanbo/下载/batches/batch-person-fallen-v2-p4d-hardneg-fullregen-r2-camera1p5m/final/PF_P4D_HN_SIT_G002_V01.png,5d5f299d58ecc1b07020fa3b42f858d18ebaef9a26d8c2764f942d098bfbb183,FAST_CLOSE_EXPECTED_AND_ACTUAL,/home/yanbo/下载/batches/batch_person-fallen-v2-p4d-hardneg-rev1-camera1p5m/prompts/PF_P4D_HN_SIT_G002_V01.txt,47697e2923fb9b4c34e16b6bd0eccfb2bd7735f9ed9c2a4dfbaa2fb44e21ca74,floor_sitting,hard_negative,negative,negative,hard_negative,P4D_FAST_CLOSE_PROVENANCE_MECHANICAL_LINEAGE_PASS,PROMPT_DERIVED_SYNTHETIC_GT,FROZEN_GENERATION_PROMPT_AND_PLANNED_ROLE,false,true,true,0.6082506775856018,0.026413943151613543,/home/yanbo/net_vlm_person_fallen_v2_optimization/13_person_fallen_v4_pose_attributes/prepared_full_dev/PFV4DEV_0316/full_scene.jpg,05fc5a73882ac690dc4ee9d813a6a54f8105aab2ff92cce51898603d49d57a2d,/home/yanbo/net_vlm_person_fallen_v2_optimization/13_person_fallen_v4_pose_attributes/prepared_full_dev/PFV4DEV_0316/person_crop.jpg,a2c7bf9fed2375d8e902357f9578aa29a4ef2bb420ef68a8e42643327f6bbfe7,2,floor_sitting,floor_sitting,PFV4D_0006,FROZEN_TAXONOMY_AND_STABLE_ID_ONLY,PFV4DEV_0316,normal_negative,PILOT_DEV_115,pilot,V5_B0_PILOT_0006
PFV4DEV_0317,NO_ALERT_NORMAL_POSE,ALL_FROZEN_V3_DEV_ROWS_IN_PARENT_ORDER,P4D_PLAN::PF_P4D_HN_SIT_G002_V02,P4D_FROZEN_PLAN_440,PF_P4D_HN_SIT_G002_V02,,PF_P4D_HN_SIT_G002,NEW_DESIGN,V3_DEV,/home/yanbo/下载/batches/batch-person-fallen-v2-p4d-hardneg-fullregen-r2-camera1p5m/final/PF_P4D_HN_SIT_G002_V02.png,2acb0923c09fb9a05e838a3f6a0c204ff7e591bd59e6eefe91bc5f861ebca5a0,FAST_CLOSE_EXPECTED_AND_ACTUAL,/home/yanbo/下载/batches/batch_person-fallen-v2-p4d-hardneg-rev1-camera1p5m/prompts/PF_P4D_HN_SIT_G002_V02.txt,5fea79c209c78eb411266cb3f668d803833209d456edbb8541a2c22eaea3a049,floor_sitting,hard_negative,negative,negative,hard_negative,P4D_FAST_CLOSE_PROVENANCE_MECHANICAL_LINEAGE_PASS,PROMPT_DERIVED_SYNTHETIC_GT,FROZEN_GENERATION_PROMPT_AND_PLANNED_ROLE,false,true,true,0.8965926766395569,0.12177197337036044,/home/yanbo/net_vlm_person_fallen_v2_optimization/13_person_fallen_v4_pose_attributes/prepared_full_dev/PFV4DEV_0317/full_scene.jpg,a219e09cbe9b2cb98fd32dcc6dea2f9889e6c2f2428d9a74b9dca65bec5d9059,/home/yanbo/net_vlm_person_fallen_v2_optimization/13_person_fallen_v4_pose_attributes/prepared_full_dev/PFV4DEV_0317/person_crop.jpg,83d37e44ca43b3d950491a90f1b75ddde8471e324cf3b741ac3ac5b837cd26d7,2,floor_sitting,floor_sitting,PFV4D_0007,FROZEN_TAXONOMY_AND_STABLE_ID_ONLY,PFV4DEV_0317,normal_negative,PILOT_DEV_115,pilot,V5_B0_PILOT_0007
PFV4DEV_0318,NO_ALERT_NORMAL_POSE,ALL_FROZEN_V3_DEV_ROWS_IN_PARENT_ORDER,P4D_PLAN::PF_P4D_HN_SIT_G002_V03,P4D_FROZEN_PLAN_440,PF_P4D_HN_SIT_G002_V03,,PF_P4D_HN_SIT_G002,NEW_DESIGN,V3_DEV,/home/yanbo/下载/batches/batch-person-fallen-v2-p4d-hardneg-fullregen-r2-camera1p5m/final/PF_P4D_HN_SIT_G002_V03.png,a458075e4d53995d5a06b79b7845b3762afb2f5df3a1b4f9f88d8306f605e349,FAST_CLOSE_EXPECTED_AND_ACTUAL,/home/yanbo/下载/batches/batch_person-fallen-v2-p4d-hardneg-rev1-camera1p5m/prompts/PF_P4D_HN_SIT_G002_V03.txt,38481f5dd1bd755cbe76dcc73a2a338d336e94504d599c3fe1b189cb62e5f7fc,floor_sitting,hard_negative,negative,negative,hard_negative,P4D_FAST_CLOSE_PROVENANCE_MECHANICAL_LINEAGE_PASS,PROMPT_DERIVED_SYNTHETIC_GT,FROZEN_GENERATION_PROMPT_AND_PLANNED_ROLE,false,true,true,0.9084184169769287,0.10900542128308177,/home/yanbo/net_vlm_person_fallen_v2_optimization/13_person_fallen_v4_pose_attributes/prepared_full_dev/PFV4DEV_0318/full_scene.jpg,6bab1643c109e9a04a9d8557359e75e0a2c757cd97811dc4615419755865b94d,/home/yanbo/net_vlm_person_fallen_v2_optimization/13_person_fallen_v4_pose_attributes/prepared_full_dev/PFV4DEV_0318/person_crop.jpg,03cb34aeb76d30d01c81679728894f84742f59862b482473e3719d5dd4c5b18b,2,floor_sitting,floor_sitting,PFV4D_0008,FROZEN_TAXONOMY_AND_STABLE_ID_ONLY,PFV4DEV_0318,normal_negative,PILOT_DEV_115,pilot,V5_B0_PILOT_0008
PFV4DEV_0319,NO_ALERT_NORMAL_POSE,ALL_FROZEN_V3_DEV_ROWS_IN_PARENT_ORDER,P4D_PLAN::PF_P4D_HN_SIT_G002_V04,P4D_FROZEN_PLAN_440,PF_P4D_HN_SIT_G002_V04,,PF_P4D_HN_SIT_G002,NEW_DESIGN,V3_DEV,/home/yanbo/下载/batches/batch-person-fallen-v2-p4d-hardneg-fullregen-r2-camera1p5m/final/PF_P4D_HN_SIT_G002_V04.png,0983512e462a6aceae3035e2f75ce3acbb144d94e6ab657a60bd91117a1f2ff2,FAST_CLOSE_EXPECTED_AND_ACTUAL,/home/yanbo/下载/batches/batch_person-fallen-v2-p4d-hardneg-rev1-camera1p5m/prompts/PF_P4D_HN_SIT_G002_V04.txt,7dc530bcd9852562431e2383eb32722bfa8d66315c16aa59d3e24f750203a686,floor_sitting,hard_negative,negative,negative,hard_negative,P4D_FAST_CLOSE_PROVENANCE_MECHANICAL_LINEAGE_PASS,PROMPT_DERIVED_SYNTHETIC_GT,FROZEN_GENERATION_PROMPT_AND_PLANNED_ROLE,false,true,true,0.939516544342041,0.18084914436086152,/home/yanbo/net_vlm_person_fallen_v2_optimization/13_person_fallen_v4_pose_attributes/prepared_full_dev/PFV4DEV_0319/full_scene.jpg,7e3e3960b28c5c49fe66df07647de95c75dc0682b8db6988bd0cdd53b173cfc8,/home/yanbo/net_vlm_person_fallen_v2_optimization/13_person_fallen_v4_pose_attributes/prepared_full_dev/PFV4DEV_0319/person_crop.jpg,af05eeaf1547dce3f3c9f20eed215bc81f2db723f7ea95b1339cfd87b4602c0d,2,floor_sitting,floor_sitting,PFV4D_0009,FROZEN_TAXONOMY_AND_STABLE_ID_ONLY,PFV4DEV_0319,normal_negative,PILOT_DEV_115,pilot,V5_B0_PILOT_0009
PFV4DEV_0320,NO_ALERT_NORMAL_POSE,ALL_FROZEN_V3_DEV_ROWS_IN_PARENT_ORDER,P4D_PLAN::PF_P4D_HN_SIT_G002_V05,P4D_FROZEN_PLAN_440,PF_P4D_HN_SIT_G002_V05,,PF_P4D_HN_SIT_G002,NEW_DESIGN,V3_DEV,/home/yanbo/下载/batches/batch-person-fallen-v2-p4d-hardneg-fullregen-r2-camera1p5m/final/PF_P4D_HN_SIT_G002_V05.png,18ee5f3c112248004e858561f6aa0273a1359b5840fc325cefe6aa803b857b37,FAST_CLOSE_EXPECTED_AND_ACTUAL,/home/yanbo/下载/batches/batch_person-fallen-v2-p4d-hardneg-rev1-camera1p5m/prompts/PF_P4D_HN_SIT_G002_V05.txt,6a6ea6c25eda8bccfb9e2052278695a5b7749a9fffc1b18b850c85c0058b158e,floor_sitting,hard_negative,negative,negative,hard_negative,P4D_FAST_CLOSE_PROVENANCE_MECHANICAL_LINEAGE_PASS,PROMPT_DERIVED_SYNTHETIC_GT,FROZEN_GENERATION_PROMPT_AND_PLANNED_ROLE,false,true,true,0.9162235260009766,0.09036495070387092,/home/yanbo/net_vlm_person_fallen_v2_optimization/13_person_fallen_v4_pose_attributes/prepared_full_dev/PFV4DEV_0320/full_scene.jpg,bc8148e53a7969f4a796de3b518787d216b2509824f11beb75cca9409b22f116,/home/yanbo/net_vlm_person_fallen_v2_optimization/13_person_fallen_v4_pose_attributes/prepared_full_dev/PFV4DEV_0320/person_crop.jpg,fe00f9cb05eb68f4d0dbfa374c07f9b978d71e21ae5e1e470aa4f4e254330672,2,floor_sitting,floor_sitting,PFV4D_0010,FROZEN_TAXONOMY_AND_STABLE_ID_ONLY,PFV4DEV_0320,normal_negative,PILOT_DEV_115,pilot,V5_B0_PILOT_0010
PFV4DEV_0321,NO_ALERT_NORMAL_POSE,ALL_FROZEN_V3_DEV_ROWS_IN_PARENT_ORDER,P4D_PLAN::PF_P4D_HN_SIT_G003_V01,P4D_FROZEN_PLAN_440,PF_P4D_HN_SIT_G003_V01,,PF_P4D_HN_SIT_G003,NEW_DESIGN,V3_DEV,/home/yanbo/下载/batches/batch-person-fallen-v2-p4d-hardneg-fullregen-r2-camera1p5m/final/PF_P4D_HN_SIT_G003_V01.png,82c93c11913b624d905bbe6229fb23e3c28feced12dc8004e04a8a5e7e3f721b,FAST_CLOSE_EXPECTED_AND_ACTUAL,/home/yanbo/下载/batches/batch_person-fallen-v2-p4d-hardneg-rev1-camera1p5m/prompts/PF_P4D_HN_SIT_G003_V01.txt,cd5f06b9d914bfaf65b39d00a6e89f9c26c154fba6ea2bf4304f8308a98fca87,floor_sitting,hard_negative,negative,negative,hard_negative,P4D_FAST_CLOSE_PROVENANCE_MECHANICAL_LINEAGE_PASS,PROMPT_DERIVED_SYNTHETIC_GT,FROZEN_GENERATION_PROMPT_AND_PLANNED_ROLE,false,true,true,0.9052770137786865,0.1313814198883106,/home/yanbo/net_vlm_person_fallen_v2_optimization/13_person_fallen_v4_pose_attributes/prepared_full_dev/PFV4DEV_0321/full_scene.jpg,89b0ec8a713aea4dd5911c6ab04c3b0156d03015c9c93399c771c4ced2056d54,/home/yanbo/net_vlm_person_fallen_v2_optimization/13_person_fallen_v4_pose_attributes/prepared_full_dev/PFV4DEV_0321/person_crop.jpg,751395808c2de14cc40cd50728eac02a9c7cd865b5dea46bba65901ccbb1f81c,2,floor_sitting,floor_sitting,PFV4D_0011,FROZEN_TAXONOMY_AND_STABLE_ID_ONLY,PFV4DEV_0321,normal_negative,PILOT_DEV_115,pilot,V5_B0_PILOT_0011
PFV4DEV_0322,NO_ALERT_NORMAL_POSE,ALL_FROZEN_V3_DEV_ROWS_IN_PARENT_ORDER,P4D_PLAN::PF_P4D_HN_SIT_G003_V02,P4D_FROZEN_PLAN_440,PF_P4D_HN_SIT_G003_V02,,PF_P4D_HN_SIT_G003,NEW_DESIGN,V3_DEV,/home/yanbo/下载/batches/batch-person-fallen-v2-p4d-hardneg-fullregen-r2-camera1p5m/final/PF_P4D_HN_SIT_G003_V02.png,cdf600081cce213b1f9bad1c9f9fbfed646e637c5236cf94207930eeefd4b0b4,FAST_CLOSE_EXPECTED_AND_ACTUAL,/home/yanbo/下载/batches/batch_person-fallen-v2-p4d-hardneg-rev1-camera1p5m/prompts/PF_P4D_HN_SIT_G003_V02.txt,e007e022535ddda747ea46a0737dcd9fad53b20a0b4e0a13d833d07571193db0,floor_sitting,hard_negative,negative,negative,hard_negative,P4D_FAST_CLOSE_PROVENANCE_MECHANICAL_LINEAGE_PASS,PROMPT_DERIVED_SYNTHETIC_GT,FROZEN_GENERATION_PROMPT_AND_PLANNED_ROLE,false,true,true,0.9201222062110901,0.15939780289979857,/home/yanbo/net_vlm_person_fallen_v2_optimization/13_person_fallen_v4_pose_attributes/prepared_full_dev/PFV4DEV_0322/full_scene.jpg,b70a84a399af3336588524ace77ddcd036cab13d62b80801ca1d9b89230d2510,/home/yanbo/net_vlm_person_fallen_v2_optimization/13_person_fallen_v4_pose_attributes/prepared_full_dev/PFV4DEV_0322/person_crop.jpg,1e503512da6ccd9f0170391baa6b23de552818afdb6a7a7ad986936b113a4e40,2,floor_sitting,floor_sitting,PFV4D_0012,FROZEN_TAXONOMY_AND_STABLE_ID_ONLY,PFV4DEV_0322,normal_negative,PILOT_DEV_115,pilot,V5_B0_PILOT_0012
PFV4DEV_0323,NO_ALERT_NORMAL_POSE,ALL_FROZEN_V3_DEV_ROWS_IN_PARENT_ORDER,P4D_PLAN::PF_P4D_HN_SIT_G003_V03,P4D_FROZEN_PLAN_440,PF_P4D_HN_SIT_G003_V03,,PF_P4D_HN_SIT_G003,NEW_DESIGN,V3_DEV,/home/yanbo/下载/batches/batch-person-fallen-v2-p4d-hardneg-fullregen-r2-camera1p5m/final/PF_P4D_HN_SIT_G003_V03.png,46e0ab9a8342d2fcafe30c36d58e79d718b6e4c9599bb81dda89718beddeb572,FAST_CLOSE_EXPECTED_AND_ACTUAL,/home/yanbo/下载/batches/batch_person-fallen-v2-p4d-hardneg-rev1-camera1p5m/prompts/PF_P4D_HN_SIT_G003_V03.txt,adac94a9716abcf12e45f452d0fd74e38f05b30c9a0498e835de033f663a983f,floor_sitting,hard_negative,negative,negative,hard_negative,P4D_FAST_CLOSE_PROVENANCE_MECHANICAL_LINEAGE_PASS,PROMPT_DERIVED_SYNTHETIC_GT,FROZEN_GENERATION_PROMPT_AND_PLANNED_ROLE,false,true,true,0.9031217098236084,0.4582187618595299,/home/yanbo/net_vlm_person_fallen_v2_optimization/13_person_fallen_v4_pose_attributes/prepared_full_dev/PFV4DEV_0323/full_scene.jpg,510a6da0363e0d7d1c1d41d1ca5b0da9bf433a847c815075d34a3bbd3d303909,/home/yanbo/net_vlm_person_fallen_v2_optimization/13_person_fallen_v4_pose_attributes/prepared_full_dev/PFV4DEV_0323/person_crop.jpg,5d542d729fe75f2ac503c983220b9125edcd92dfa674dbe38591487a5b941038,2,floor_sitting,floor_sitting,PFV4D_0013,FROZEN_TAXONOMY_AND_STABLE_ID_ONLY,PFV4DEV_0323,normal_negative,PILOT_DEV_115,pilot,V5_B0_PILOT_0013
PFV4DEV_0324,NO_ALERT_NORMAL_POSE,ALL_FROZEN_V3_DEV_ROWS_IN_PARENT_ORDER,P4D_PLAN::PF_P4D_HN_SIT_G003_V04,P4D_FROZEN_PLAN_440,PF_P4D_HN_SIT_G003_V04,,PF_P4D_HN_SIT_G003,NEW_DESIGN,V3_DEV,/home/yanbo/下载/batches/batch-person-fallen-v2-p4d-hardneg-fullregen-r2-camera1p5m/final/PF_P4D_HN_SIT_G003_V04.png,508aafa44c932eafee7b1820477be13106729fffa88645274c533de97f008c20,FAST_CLOSE_EXPECTED_AND_ACTUAL,/home/yanbo/下载/batches/batch_person-fallen-v2-p4d-hardneg-rev1-camera1p5m/prompts/PF_P4D_HN_SIT_G003_V04.txt,ac6c84c00b43f11805559fe36ae37ddb6c0a2442a7bbe7b29655306856430a94,floor_sitting,hard_negative,negative,negative,hard_negative,P4D_FAST_CLOSE_PROVENANCE_MECHANICAL_LINEAGE_PASS,PROMPT_DERIVED_SYNTHETIC_GT,FROZEN_GENERATION_PROMPT_AND_PLANNED_ROLE,false,true,true,0.9298730492591858,0.19195752236555563,/home/yanbo/net_vlm_person_fallen_v2_optimization/13_person_fallen_v4_pose_attributes/prepared_full_dev/PFV4DEV_0324/full_scene.jpg,079ec3f2b5aeb671d68542922768c756e2a8150d40cc34c13f4249f5c580ebf5,/home/yanbo/net_vlm_person_fallen_v2_optimization/13_person_fallen_v4_pose_attributes/prepared_full_dev/PFV4DEV_0324/person_crop.jpg,91a92f7177db0954a5f3db935dfdf1d4c260b0bf18e3ac51fa3a58822389a3f4,2,floor_sitting,floor_sitting,PFV4D_0014,FROZEN_TAXONOMY_AND_STABLE_ID_ONLY,PFV4DEV_0324,normal_negative,PILOT_DEV_115,pilot,V5_B0_PILOT_0014
PFV4DEV_0325,NO_ALERT_NORMAL_POSE,ALL_FROZEN_V3_DEV_ROWS_IN_PARENT_ORDER,P4D_PLAN::PF_P4D_HN_SIT_G003_V05,P4D_FROZEN_PLAN_440,PF_P4D_HN_SIT_G003_V05,,PF_P4D_HN_SIT_G003,NEW_DESIGN,V3_DEV,/home/yanbo/下载/batches/batch-person-fallen-v2-p4d-hardneg-fullregen-r2-camera1p5m/final/PF_P4D_HN_SIT_G003_V05.png,d4b910a71663ae1b2d90e1edb5af4980842e20eb492d861eb965db1d5c14ab0d,FAST_CLOSE_EXPECTED_AND_ACTUAL,/home/yanbo/下载/batches/batch_person-fallen-v2-p4d-hardneg-rev1-camera1p5m/prompts/PF_P4D_HN_SIT_G003_V05.txt,e3713bde3bd9de2edc811137d47e26178cefb840d9bfdd6a48bb1879e966c718,floor_sitting,hard_negative,negative,negative,hard_negative,P4D_FAST_CLOSE_PROVENANCE_MECHANICAL_LINEAGE_PASS,PROMPT_DERIVED_SYNTHETIC_GT,FROZEN_GENERATION_PROMPT_AND_PLANNED_ROLE,false,true,true,0.8943492770195007,0.08003397734554407,/home/yanbo/net_vlm_person_fallen_v2_optimization/13_person_fallen_v4_pose_attributes/prepared_full_dev/PFV4DEV_0325/full_scene.jpg,79d200abc29a7fba72cc04b06c4127268439b3a9c0bdc088fdceb092845355d9,/home/yanbo/net_vlm_person_fallen_v2_optimization/13_person_fallen_v4_pose_attributes/prepared_full_dev/PFV4DEV_0325/person_crop.jpg,82947727abed54d74764e49f515a9cbcb4b65b671a4126d5cbd758fbd2f82e04,2,floor_sitting,floor_sitting,PFV4D_0015,FROZEN_TAXONOMY_AND_STABLE_ID_ONLY,PFV4DEV_0325,normal_negative,PILOT_DEV_115,pilot,V5_B0_PILOT_0015
PFV4DEV_0326,NO_ALERT_NORMAL_POSE,ALL_FROZEN_V3_DEV_ROWS_IN_PARENT_ORDER,P4D_PLAN::PF_P4D_HN_SIT_G004_V01,P4D_FROZEN_PLAN_440,PF_P4D_HN_SIT_G004_V01,,PF_P4D_HN_SIT_G004,NEW_DESIGN,V3_DEV,/home/yanbo/下载/batches/batch-person-fallen-v2-p4d-hardneg-fullregen-r2-camera1p5m/final/PF_P4D_HN_SIT_G004_V01.png,9cc7238930c1217ea2d18dc48dbdea669e51a458fa066a7b6898b4246cbc93d9,FAST_CLOSE_EXPECTED_AND_ACTUAL,/home/yanbo/下载/batches/batch_person-fallen-v2-p4d-hardneg-rev1-camera1p5m/prompts/PF_P4D_HN_SIT_G004_V01.txt,b679b5073038eec3341843397175850480240eed20cb9c705b36a06a2e1a2485,floor_sitting,hard_negative,negative,negative,hard_negative,P4D_FAST_CLOSE_PROVENANCE_MECHANICAL_LINEAGE_PASS,PROMPT_DERIVED_SYNTHETIC_GT,FROZEN_GENERATION_PROMPT_AND_PLANNED_ROLE,false,true,true,0.9033639430999756,0.06643798256407288,/home/yanbo/net_vlm_person_fallen_v2_optimization/13_person_fallen_v4_pose_attributes/prepared_full_dev/PFV4DEV_0326/full_scene.jpg,346966b1f64514ab74513422699d787d9c753ea47491925d47fd42567d7617ee,/home/yanbo/net_vlm_person_fallen_v2_optimization/13_person_fallen_v4_pose_attributes/prepared_full_dev/PFV4DEV_0326/person_crop.jpg,092f95a236d79e139dd9f59d76046693ed7612b1a480286d239bcd8abbdeff4b,2,floor_sitting,floor_sitting,PFV4D_0016,FROZEN_TAXONOMY_AND_STABLE_ID_ONLY,PFV4DEV_0326,normal_negative,PILOT_DEV_115,pilot,V5_B0_PILOT_0016
PFV4DEV_0327,NO_ALERT_NORMAL_POSE,ALL_FROZEN_V3_DEV_ROWS_IN_PARENT_ORDER,P4D_PLAN::PF_P4D_HN_SIT_G004_V02,P4D_FROZEN_PLAN_440,PF_P4D_HN_SIT_G004_V02,,PF_P4D_HN_SIT_G004,NEW_DESIGN,V3_DEV,/home/yanbo/下载/batches/batch-person-fallen-v2-p4d-hardneg-fullregen-r2-camera1p5m/final/PF_P4D_HN_SIT_G004_V02.png,b4a496f7a6980d1cb33c30bb54ebb18ee79a76b3f689ee24e77f1c812603559e,FAST_CLOSE_EXPECTED_AND_ACTUAL,/home/yanbo/下载/batches/batch_person-fallen-v2-p4d-hardneg-rev1-camera1p5m/prompts/PF_P4D_HN_SIT_G004_V02.txt,4517579bd4a99a33eb794f019ea69b9ffe8d5cf0864148f890fe7ace47c4ed61,floor_sitting,hard_negative,negative,negative,hard_negative,P4D_FAST_CLOSE_PROVENANCE_MECHANICAL_LINEAGE_PASS,PROMPT_DERIVED_SYNTHETIC_GT,FROZEN_GENERATION_PROMPT_AND_PLANNED_ROLE,false,true,true,0.9158511757850647,0.08192863296488617,/home/yanbo/net_vlm_person_fallen_v2_optimization/13_person_fallen_v4_pose_attributes/prepared_full_dev/PFV4DEV_0327/full_scene.jpg,b9dabed1fe233b0d696efaffb99dac912980001c271423ef97dbe6316c838908,/home/yanbo/net_vlm_person_fallen_v2_optimization/13_person_fallen_v4_pose_attributes/prepared_full_dev/PFV4DEV_0327/person_crop.jpg,72ec379c64c2ae5b17f7f74c6f31c2b8c38aa2c0cbf1ecdfb125493310e76346,2,floor_sitting,floor_sitting,PFV4D_0017,FROZEN_TAXONOMY_AND_STABLE_ID_ONLY,PFV4DEV_0327,normal_negative,PILOT_DEV_115,pilot,V5_B0_PILOT_0017
PFV4DEV_0328,NO_ALERT_NORMAL_POSE,ALL_FROZEN_V3_DEV_ROWS_IN_PARENT_ORDER,P4D_PLAN::PF_P4D_HN_SIT_G004_V03,P4D_FROZEN_PLAN_440,PF_P4D_HN_SIT_G004_V03,,PF_P4D_HN_SIT_G004,NEW_DESIGN,V3_DEV,/home/yanbo/下载/batches/batch-person-fallen-v2-p4d-hardneg-fullregen-r2-camera1p5m/final/PF_P4D_HN_SIT_G004_V03.png,352eb78ed02788e59e264fdb495cb474d8ec9d29b877f5edc586785a602ea523,FAST_CLOSE_EXPECTED_AND_ACTUAL,/home/yanbo/下载/batches/batch_person-fallen-v2-p4d-hardneg-rev1-camera1p5m/prompts/PF_P4D_HN_SIT_G004_V03.txt,a75917ee0b99d79614495110c80eda9f42c0b1f2781039beadb627a259d372ea,floor_sitting,hard_negative,negative,negative,hard_negative,P4D_FAST_CLOSE_PROVENANCE_MECHANICAL_LINEAGE_PASS,PROMPT_DERIVED_SYNTHETIC_GT,FROZEN_GENERATION_PROMPT_AND_PLANNED_ROLE,false,true,true,0.9173253178596497,0.12326618698889635,/home/yanbo/net_vlm_person_fallen_v2_optimization/13_person_fallen_v4_pose_attributes/prepared_full_dev/PFV4DEV_0328/full_scene.jpg,679e55882fcf1b211006fa8d7c967329c16a9c60b453f6c256d4bab7340eabac,/home/yanbo/net_vlm_person_fallen_v2_optimization/13_person_fallen_v4_pose_attributes/prepared_full_dev/PFV4DEV_0328/person_crop.jpg,c6ef9bd22dd32b0a6aa6a8946210a7c9ac12e9301ba502190d592c28e0e37b16,2,floor_sitting,floor_sitting,PFV4D_0018,FROZEN_TAXONOMY_AND_STABLE_ID_ONLY,PFV4DEV_0328,normal_negative,PILOT_DEV_115,pilot,V5_B0_PILOT_0018
PFV4DEV_0329,NO_ALERT_NORMAL_POSE,ALL_FROZEN_V3_DEV_ROWS_IN_PARENT_ORDER,P4D_PLAN::PF_P4D_HN_SIT_G004_V04,P4D_FROZEN_PLAN_440,PF_P4D_HN_SIT_G004_V04,,PF_P4D_HN_SIT_G004,NEW_DESIGN,V3_DEV,/home/yanbo/下载/batches/batch-person-fallen-v2-p4d-hardneg-fullregen-r2-camera1p5m/final/PF_P4D_HN_SIT_G004_V04.png,c9270dd2a72642e56e83a834c5160de30f152ae41e126198782de08a499435f5,FAST_CLOSE_EXPECTED_AND_ACTUAL,/home/yanbo/下载/batches/batch_person-fallen-v2-p4d-hardneg-rev1-camera1p5m/prompts/PF_P4D_HN_SIT_G004_V04.txt,c96c21cd2e2302e2a769fa3265c28919918334b67ab6fb268b30edabc0ece664,floor_sitting,hard_negative,negative,negative,hard_negative,P4D_FAST_CLOSE_PROVENANCE_MECHANICAL_LINEAGE_PASS,PROMPT_DERIVED_SYNTHETIC_GT,FROZEN_GENERATION_PROMPT_AND_PLANNED_ROLE,false,true,true,0.9071036577224731,0.09765913873005451,/home/yanbo/net_vlm_person_fallen_v2_optimization/13_person_fallen_v4_pose_attributes/prepared_full_dev/PFV4DEV_0329/full_scene.jpg,28a2da7e8706100dfe73bf53d5af63b28a1571c2113acc839af85c40e63ff4c9,/home/yanbo/net_vlm_person_fallen_v2_optimization/13_person_fallen_v4_pose_attributes/prepared_full_dev/PFV4DEV_0329/person_crop.jpg,7675d01685ee8938860fb2758473b99de2a17fa100e7405018decbb7322d8af3,2,floor_sitting,floor_sitting,PFV4D_0019,FROZEN_TAXONOMY_AND_STABLE_ID_ONLY,PFV4DEV_0329,normal_negative,PILOT_DEV_115,pilot,V5_B0_PILOT_0019
PFV4DEV_0330,NO_ALERT_NORMAL_POSE,ALL_FROZEN_V3_DEV_ROWS_IN_PARENT_ORDER,P4D_PLAN::PF_P4D_HN_SIT_G004_V05,P4D_FROZEN_PLAN_440,PF_P4D_HN_SIT_G004_V05,,PF_P4D_HN_SIT_G004,NEW_DESIGN,V3_DEV,/home/yanbo/下载/batches/batch-person-fallen-v2-p4d-hardneg-fullregen-r2-camera1p5m/final/PF_P4D_HN_SIT_G004_V05.png,cf1efda1ab8c7d25765c3fe7bacae4d6bb400c876d2e09bcfedf9e3d89561c84,FAST_CLOSE_EXPECTED_AND_ACTUAL,/home/yanbo/下载/batches/batch_person-fallen-v2-p4d-hardneg-rev1-camera1p5m/prompts/PF_P4D_HN_SIT_G004_V05.txt,cf0c65aabb6f380434966f03cdf87d1118130b7ffd039bf0721c7bd753a9ea47,floor_sitting,hard_negative,negative,negative,hard_negative,P4D_FAST_CLOSE_PROVENANCE_MECHANICAL_LINEAGE_PASS,PROMPT_DERIVED_SYNTHETIC_GT,FROZEN_GENERATION_PROMPT_AND_PLANNED_ROLE,false,true,true,0.9387765526771545,0.11609721481164646,/home/yanbo/net_vlm_person_fallen_v2_optimization/13_person_fallen_v4_pose_attributes/prepared_full_dev/PFV4DEV_0330/full_scene.jpg,fd9349822d51c8a5c3a3c6edbea5309dcec150a48bc18f672c5de36e4813896d,/home/yanbo/net_vlm_person_fallen_v2_optimization/13_person_fallen_v4_pose_attributes/prepared_full_dev/PFV4DEV_0330/person_crop.jpg,bcf850eed67923c34b2dd10c5ae953c3af5159058146a9d8154031db28e6a9cd,2,floor_sitting,floor_sitting,PFV4D_0020,FROZEN_TAXONOMY_AND_STABLE_ID_ONLY,PFV4DEV_0330,normal_negative,PILOT_DEV_115,pilot,V5_B0_PILOT_0020
PFV4DEV_0331,NO_ALERT_NORMAL_POSE,ALL_FROZEN_V3_DEV_ROWS_IN_PARENT_ORDER,P4D_PLAN::PF_P4D_HN_SIT_G005_V01,P4D_FROZEN_PLAN_440,PF_P4D_HN_SIT_G005_V01,,PF_P4D_HN_SIT_G005,NEW_DESIGN,V3_DEV,/home/yanbo/下载/batches/batch-person-fallen-v2-p4d-hardneg-fullregen-r2-camera1p5m/final/PF_P4D_HN_SIT_G005_V01.png,a3852c0884e2d8f2442ffa6d9629983e06d2bf37874285d2625db3a9769b09e2,FAST_CLOSE_EXPECTED_AND_ACTUAL,/home/yanbo/下载/batches/batch_person-fallen-v2-p4d-hardneg-rev1-camera1p5m/prompts/PF_P4D_HN_SIT_G005_V01.txt,4dea6b9e3b52568663958fbe54ffcf5eec9ace5d0cc7b94860298ea1850301c7,floor_sitting,hard_negative,negative,negative,hard_negative,P4D_FAST_CLOSE_PROVENANCE_MECHANICAL_LINEAGE_PASS,PROMPT_DERIVED_SYNTHETIC_GT,FROZEN_GENERATION_PROMPT_AND_PLANNED_ROLE,false,true,true,0.8636367917060852,0.11269211468765948,/home/yanbo/net_vlm_person_fallen_v2_optimization/13_person_fallen_v4_pose_attributes/prepared_full_dev/PFV4DEV_0331/full_scene.jpg,7e62989160e9bb26d8039b006f63a3ccfdd6abf5c5cf35003b3bd3b39d209b54,/home/yanbo/net_vlm_person_fallen_v2_optimization/13_person_fallen_v4_pose_attributes/prepared_full_dev/PFV4DEV_0331/person_crop.jpg,291400ad32a9af3c173facbab0f564895ea4a269f7b915445773ef7d04026ee0,2,floor_sitting,floor_sitting,PFV4D_0021,FROZEN_TAXONOMY_AND_STABLE_ID_ONLY,PFV4DEV_0331,normal_negative,PILOT_DEV_115,pilot,V5_B0_PILOT_0021
PFV4DEV_0332,NO_ALERT_NORMAL_POSE,ALL_FROZEN_V3_DEV_ROWS_IN_PARENT_ORDER,P4D_PLAN::PF_P4D_HN_SIT_G005_V02,P4D_FROZEN_PLAN_440,PF_P4D_HN_SIT_G005_V02,,PF_P4D_HN_SIT_G005,NEW_DESIGN,V3_DEV,/home/yanbo/下载/batches/batch-person-fallen-v2-p4d-hardneg-fullregen-r2-camera1p5m/final/PF_P4D_HN_SIT_G005_V02.png,abd0a0f74db8549cae12f43562177bf6118439858d02a4ea8ca8302f7474f48c,FAST_CLOSE_EXPECTED_AND_ACTUAL,/home/yanbo/下载/batches/batch_person-fallen-v2-p4d-hardneg-rev1-camera1p5m/prompts/PF_P4D_HN_SIT_G005_V02.txt,30e4de8335a7d375e40993efdd934ec8cfa30ff1f9da7dcfad72d612b43e2740,floor_sitting,hard_negative,negative,negative,hard_negative,P4D_FAST_CLOSE_PROVENANCE_MECHANICAL_LINEAGE_PASS,PROMPT_DERIVED_SYNTHETIC_GT,FROZEN_GENERATION_PROMPT_AND_PLANNED_ROLE,false,true,true,0.9090261459350586,0.08935762391976486,/home/yanbo/net_vlm_person_fallen_v2_optimization/13_person_fallen_v4_pose_attributes/prepared_full_dev/PFV4DEV_0332/full_scene.jpg,124b050ae4b5506a7dd1cae9e0f61f646ff6fb8c7cf3f9e423ad2f44ac187779,/home/yanbo/net_vlm_person_fallen_v2_optimization/13_person_fallen_v4_pose_attributes/prepared_full_dev/PFV4DEV_0332/person_crop.jpg,578c4cc41b02fba1192828621cd8bed6e6f6da471110d7236b578c7803552c0b,2,floor_sitting,floor_sitting,PFV4D_0022,FROZEN_TAXONOMY_AND_STABLE_ID_ONLY,PFV4DEV_0332,normal_negative,PILOT_DEV_115,pilot,V5_B0_PILOT_0022
PFV4DEV_0333,NO_ALERT_NORMAL_POSE,ALL_FROZEN_V3_DEV_ROWS_IN_PARENT_ORDER,P4D_PLAN::PF_P4D_HN_SIT_G005_V03,P4D_FROZEN_PLAN_440,PF_P4D_HN_SIT_G005_V03,,PF_P4D_HN_SIT_G005,NEW_DESIGN,V3_DEV,/home/yanbo/下载/batches/batch-person-fallen-v2-p4d-hardneg-fullregen-r2-camera1p5m/final/PF_P4D_HN_SIT_G005_V03.png,748c25b7370a651e1622c1b1979922a020c1eb989045c1f27579026432da8304,FAST_CLOSE_EXPECTED_AND_ACTUAL,/home/yanbo/下载/batches/batch_person-fallen-v2-p4d-hardneg-rev1-camera1p5m/prompts/PF_P4D_HN_SIT_G005_V03.txt,c40c9c57557f9e6d7c69b4457ff1c7c169c0992c0a2dc157db9f74c485f861ee,floor_sitting,hard_negative,negative,negative,hard_negative,P4D_FAST_CLOSE_PROVENANCE_MECHANICAL_LINEAGE_PASS,PROMPT_DERIVED_SYNTHETIC_GT,FROZEN_GENERATION_PROMPT_AND_PLANNED_ROLE,false,true,true,0.865303099155426,0.13950295195398033,/home/yanbo/net_vlm_person_fallen_v2_optimization/13_person_fallen_v4_pose_attributes/prepared_full_dev/PFV4DEV_0333/full_scene.jpg,5c547daa20a8d70f833abca58615d39a9197087ef4e883b50241dfbbb9a4f039,/home/yanbo/net_vlm_person_fallen_v2_optimization/13_person_fallen_v4_pose_attributes/prepared_full_dev/PFV4DEV_0333/person_crop.jpg,36b54cf6bc671661314e096daf53231485a73252b06db5c97b4217d816aafae5,2,floor_sitting,floor_sitting,PFV4D_0023,FROZEN_TAXONOMY_AND_STABLE_ID_ONLY,PFV4DEV_0333,normal_negative,PILOT_DEV_115,pilot,V5_B0_PILOT_0023
PFV4DEV_0334,NO_ALERT_NORMAL_POSE,ALL_FROZEN_V3_DEV_ROWS_IN_PARENT_ORDER,P4D_PLAN::PF_P4D_HN_SIT_G005_V04,P4D_FROZEN_PLAN_440,PF_P4D_HN_SIT_G005_V04,,PF_P4D_HN_SIT_G005,NEW_DESIGN,V3_DEV,/home/yanbo/下载/batches/batch-person-fallen-v2-p4d-hardneg-fullregen-r2-camera1p5m/final/PF_P4D_HN_SIT_G005_V04.png,417088411826ef61b505ee06ba56da664bf0226172acfad674a1bbc9dc298014,FAST_CLOSE_EXPECTED_AND_ACTUAL,/home/yanbo/下载/batches/batch_person-fallen-v2-p4d-hardneg-rev1-camera1p5m/prompts/PF_P4D_HN_SIT_G005_V04.txt,9385f0dbdc320f7d4a886376831ef1efd2b81d07194abb23515b9d6da1ecef5e,floor_sitting,hard_negative,negative,negative,hard_negative,P4D_FAST_CLOSE_PROVENANCE_MECHANICAL_LINEAGE_PASS,PROMPT_DERIVED_SYNTHETIC_GT,FROZEN_GENERATION_PROMPT_AND_PLANNED_ROLE,false,true,true,0.8976218104362488,0.060911443139945426,/home/yanbo/net_vlm_person_fallen_v2_optimization/13_person_fallen_v4_pose_attributes/prepared_full_dev/PFV4DEV_0334/full_scene.jpg,4691bfc20c2e43795069491fb07170cf7aaaa9f797f23ada5d720172b9c4a602,/home/yanbo/net_vlm_person_fallen_v2_optimization/13_person_fallen_v4_pose_attributes/prepared_full_dev/PFV4DEV_0334/person_crop.jpg,e69777e14f3518e214bbd329ce7d057816e39a02ea9458c6e187956a866a0d2e,2,floor_sitting,floor_sitting,PFV4D_0024,FROZEN_TAXONOMY_AND_STABLE_ID_ONLY,PFV4DEV_0334,normal_negative,PILOT_DEV_115,pilot,V5_B0_PILOT_0024
PFV4DEV_0335,NO_ALERT_NORMAL_POSE,ALL_FROZEN_V3_DEV_ROWS_IN_PARENT_ORDER,P4D_PLAN::PF_P4D_HN_SIT_G005_V05,P4D_FROZEN_PLAN_440,PF_P4D_HN_SIT_G005_V05,,PF_P4D_HN_SIT_G005,NEW_DESIGN,V3_DEV,/home/yanbo/下载/batches/batch-person-fallen-v2-p4d-hardneg-fullregen-r2-camera1p5m/final/PF_P4D_HN_SIT_G005_V05.png,5b31b2b2ba275456a6dbf01081bc441127e29b67ec4f9f61bb94603ad1163c3b,FAST_CLOSE_EXPECTED_AND_ACTUAL,/home/yanbo/下载/batches/batch_person-fallen-v2-p4d-hardneg-rev1-camera1p5m/prompts/PF_P4D_HN_SIT_G005_V05.txt,e77414412a44db6751431c78ef42c4525106381dac6e40e3c07f902125878aa7,floor_sitting,hard_negative,negative,negative,hard_negative,P4D_FAST_CLOSE_PROVENANCE_MECHANICAL_LINEAGE_PASS,PROMPT_DERIVED_SYNTHETIC_GT,FROZEN_GENERATION_PROMPT_AND_PLANNED_ROLE,false,true,true,0.9342571496963501,0.28218479511493166,/home/yanbo/net_vlm_person_fallen_v2_optimization/13_person_fallen_v4_pose_attributes/prepared_full_dev/PFV4DEV_0335/full_scene.jpg,c45dd9d0509c4d562c9a0572d5d2706513fdc9dc93326ebe362eeac0894ca6d3,/home/yanbo/net_vlm_person_fallen_v2_optimization/13_person_fallen_v4_pose_attributes/prepared_full_dev/PFV4DEV_0335/person_crop.jpg,4d22e012b7181d23c04ec2ce0bc9ed483bdecc9b8c76ef759cf9bbfa3113cd45,2,floor_sitting,floor_sitting,PFV4D_0025,FROZEN_TAXONOMY_AND_STABLE_ID_ONLY,PFV4DEV_0335,normal_negative,PILOT_DEV_115,pilot,V5_B0_PILOT_0025
PFV4DEV_0336,NO_ALERT_NORMAL_POSE,ALL_FROZEN_V3_DEV_ROWS_IN_PARENT_ORDER,P4D_PLAN::PF_P4D_HN_SIT_G006_V01,P4D_FROZEN_PLAN_440,PF_P4D_HN_SIT_G006_V01,,PF_P4D_HN_SIT_G006,NEW_DESIGN,V3_DEV,/home/yanbo/下载/batches/batch-person-fallen-v2-p4d-hardneg-fullregen-r2-camera1p5m/final/PF_P4D_HN_SIT_G006_V01.png,3660f6b824b9bb3076897da704c11d0596c8ef1a8c2f59844cca3a65d17e0805,FAST_CLOSE_EXPECTED_AND_ACTUAL,/home/yanbo/下载/batches/batch_person-fallen-v2-p4d-hardneg-rev1-camera1p5m/prompts/PF_P4D_HN_SIT_G006_V01.txt,1671e09668183bad0c1596a3ba206f61602621652e655f01f21f6ae862ce3952,floor_sitting,hard_negative,negative,negative,hard_negative,P4D_FAST_CLOSE_PROVENANCE_MECHANICAL_LINEAGE_PASS,PROMPT_DERIVED_SYNTHETIC_GT,FROZEN_GENERATION_PROMPT_AND_PLANNED_ROLE,false,true,true,0.9124320149421692,0.11358616245309405,/home/yanbo/net_vlm_person_fallen_v2_optimization/13_person_fallen_v4_pose_attributes/prepared_full_dev/PFV4DEV_0336/full_scene.jpg,27ca971a7a1a976378ac01b6de8276fc701be57b2b55b4b9c8124b4ece2a8789,/home/yanbo/net_vlm_person_fallen_v2_optimization/13_person_fallen_v4_pose_attributes/prepared_full_dev/PFV4DEV_0336/person_crop.jpg,195586ff239a2284e7593b1ecc63444d8136986a4a9a10bab411935c8da1eb74,2,floor_sitting,floor_sitting,PFV4D_0026,FROZEN_TAXONOMY_AND_STABLE_ID_ONLY,PFV4DEV_0336,normal_negative,PILOT_DEV_115,pilot,V5_B0_PILOT_0026
PFV4DEV_0337,NO_ALERT_NORMAL_POSE,ALL_FROZEN_V3_DEV_ROWS_IN_PARENT_ORDER,P4D_PLAN::PF_P4D_HN_SIT_G006_V02,P4D_FROZEN_PLAN_440,PF_P4D_HN_SIT_G006_V02,,PF_P4D_HN_SIT_G006,NEW_DESIGN,V3_DEV,/home/yanbo/下载/batches/batch-person-fallen-v2-p4d-hardneg-fullregen-r2-camera1p5m/final/PF_P4D_HN_SIT_G006_V02.png,3fc95c48840f07fec4a1309b6be34d498b921a85f7757b79ea8626e39148b07e,FAST_CLOSE_EXPECTED_AND_ACTUAL,/home/yanbo/下载/batches/batch_person-fallen-v2-p4d-hardneg-rev1-camera1p5m/prompts/PF_P4D_HN_SIT_G006_V02.txt,d235ec52df4266070934f89e7bd63d0dd83345204c79430a08b2d34171abcd41,floor_sitting,hard_negative,negative,negative,hard_negative,P4D_FAST_CLOSE_PROVENANCE_MECHANICAL_LINEAGE_PASS,PROMPT_DERIVED_SYNTHETIC_GT,FROZEN_GENERATION_PROMPT_AND_PLANNED_ROLE,false,true,true,0.9087303280830383,0.06039400741855692,/home/yanbo/net_vlm_person_fallen_v2_optimization/13_person_fallen_v4_pose_attributes/prepared_full_dev/PFV4DEV_0337/full_scene.jpg,44c6007819043558c0e876995cf5a99f3125199fa0e5dbe13e6b557ef1778ee5,/home/yanbo/net_vlm_person_fallen_v2_optimization/13_person_fallen_v4_pose_attributes/prepared_full_dev/PFV4DEV_0337/person_crop.jpg,30d92af72416fcd22404de8a85ffff6d2101ec07c53981594ce354bbff91a281,2,floor_sitting,floor_sitting,PFV4D_0027,FROZEN_TAXONOMY_AND_STABLE_ID_ONLY,PFV4DEV_0337,normal_negative,PILOT_DEV_115,pilot,V5_B0_PILOT_0027
PFV4DEV_0338,NO_ALERT_NORMAL_POSE,ALL_FROZEN_V3_DEV_ROWS_IN_PARENT_ORDER,P4D_PLAN::PF_P4D_HN_SIT_G006_V03,P4D_FROZEN_PLAN_440,PF_P4D_HN_SIT_G006_V03,,PF_P4D_HN_SIT_G006,NEW_DESIGN,V3_DEV,/home/yanbo/下载/batches/batch-person-fallen-v2-p4d-hardneg-fullregen-r2-camera1p5m/final/PF_P4D_HN_SIT_G006_V03.png,3fb6a031562a93c0c4b0eb650169a3e64cd7b02b683434ad1968406d72e538b9,FAST_CLOSE_EXPECTED_AND_ACTUAL,/home/yanbo/下载/batches/batch_person-fallen-v2-p4d-hardneg-rev1-camera1p5m/prompts/PF_P4D_HN_SIT_G006_V03.txt,69216902afe9e6bb218204360553eda0f4e457e27513623ac2778d89f8c72f98,floor_sitting,hard_negative,negative,negative,hard_negative,P4D_FAST_CLOSE_PROVENANCE_MECHANICAL_LINEAGE_PASS,PROMPT_DERIVED_SYNTHETIC_GT,FROZEN_GENERATION_PROMPT_AND_PLANNED_ROLE,false,true,true,0.7994920611381531,0.0526300329383643,/home/yanbo/net_vlm_person_fallen_v2_optimization/13_person_fallen_v4_pose_attributes/prepared_full_dev/PFV4DEV_0338/full_scene.jpg,419811775b2e3619126c7d613750517bc9ebcbe2d1f89d0f61a3fcd26f428407,/home/yanbo/net_vlm_person_fallen_v2_optimization/13_person_fallen_v4_pose_attributes/prepared_full_dev/PFV4DEV_0338/person_crop.jpg,a658eb5ecedbf29ce8474db43a2b352a503851da83c4873f26374b3140998c93,2,floor_sitting,floor_sitting,PFV4D_0028,FROZEN_TAXONOMY_AND_STABLE_ID_ONLY,PFV4DEV_0338,normal_negative,PILOT_DEV_115,pilot,V5_B0_PILOT_0028
PFV4DEV_0339,NO_ALERT_NORMAL_POSE,ALL_FROZEN_V3_DEV_ROWS_IN_PARENT_ORDER,P4D_PLAN::PF_P4D_HN_SIT_G006_V04,P4D_FROZEN_PLAN_440,PF_P4D_HN_SIT_G006_V04,,PF_P4D_HN_SIT_G006,NEW_DESIGN,V3_DEV,/home/yanbo/下载/batches/batch-person-fallen-v2-p4d-hardneg-fullregen-r2-camera1p5m/final/PF_P4D_HN_SIT_G006_V04.png,b003624d2717546d2954cc684c466de4ded2ee1489079c7dc26a0d22503afd01,FAST_CLOSE_EXPECTED_AND_ACTUAL,/home/yanbo/下载/batches/batch_person-fallen-v2-p4d-hardneg-rev1-camera1p5m/prompts/PF_P4D_HN_SIT_G006_V04.txt,14c9dd996051a689c430b5d0d0948a3b56caa364f354189279aa1d6a959b2369,floor_sitting,hard_negative,negative,negative,hard_negative,P4D_FAST_CLOSE_PROVENANCE_MECHANICAL_LINEAGE_PASS,PROMPT_DERIVED_SYNTHETIC_GT,FROZEN_GENERATION_PROMPT_AND_PLANNED_ROLE,false,true,true,0.9058285355567932,0.09431419934899662,/home/yanbo/net_vlm_person_fallen_v2_optimization/13_person_fallen_v4_pose_attributes/prepared_full_dev/PFV4DEV_0339/full_scene.jpg,a842138a9d392e78b3533858e334ce72d9f1917ec89b86357fba0cd7846c7c9f,/home/yanbo/net_vlm_person_fallen_v2_optimization/13_person_fallen_v4_pose_attributes/prepared_full_dev/PFV4DEV_0339/person_crop.jpg,06c5cc61ddf25f90ca408aca6020af84c2baa66b466ecf394e948fb48c408908,2,floor_sitting,floor_sitting,PFV4D_0029,FROZEN_TAXONOMY_AND_STABLE_ID_ONLY,PFV4DEV_0339,normal_negative,PILOT_DEV_115,pilot,V5_B0_PILOT_0029
PFV4DEV_0340,NO_ALERT_NORMAL_POSE,ALL_FROZEN_V3_DEV_ROWS_IN_PARENT_ORDER,P4D_PLAN::PF_P4D_HN_SIT_G006_V05,P4D_FROZEN_PLAN_440,PF_P4D_HN_SIT_G006_V05,,PF_P4D_HN_SIT_G006,NEW_DESIGN,V3_DEV,/home/yanbo/下载/batches/batch-person-fallen-v2-p4d-hardneg-fullregen-r2-camera1p5m/final/PF_P4D_HN_SIT_G006_V05.png,50dfb42a496a45f1dfff553f026d808cda5ed194b08ba509be4e9f4bbf23de0a,FAST_CLOSE_EXPECTED_AND_ACTUAL,/home/yanbo/下载/batches/batch_person-fallen-v2-p4d-hardneg-rev1-camera1p5m/prompts/PF_P4D_HN_SIT_G006_V05.txt,892bdb557c25023462360762586472851f7b33c3ddd6bc09a0347f14e6659c1c,floor_sitting,hard_negative,negative,negative,hard_negative,P4D_FAST_CLOSE_PROVENANCE_MECHANICAL_LINEAGE_PASS,PROMPT_DERIVED_SYNTHETIC_GT,FROZEN_GENERATION_PROMPT_AND_PLANNED_ROLE,false,true,true,0.9122527241706848,0.11032257764270374,/home/yanbo/net_vlm_person_fallen_v2_optimization/13_person_fallen_v4_pose_attributes/prepared_full_dev/PFV4DEV_0340/full_scene.jpg,ef01741244cffb23872138bde6495a3c1d73aca1ad624bc4f9101dca48dfe0cb,/home/yanbo/net_vlm_person_fallen_v2_optimization/13_person_fallen_v4_pose_attributes/prepared_full_dev/PFV4DEV_0340/person_crop.jpg,f7c338a307dc7b8332bbc2f00d0ce9e25f5c3fd03c3c5a0bf388ab0e5270f777,2,floor_sitting,floor_sitting,PFV4D_0030,FROZEN_TAXONOMY_AND_STABLE_ID_ONLY,PFV4DEV_0340,normal_negative,PILOT_DEV_115,pilot,V5_B0_PILOT_0030
PFV4DEV_0341,NO_ALERT_NORMAL_POSE,ALL_FROZEN_V3_DEV_ROWS_IN_PARENT_ORDER,P4D_PLAN::PF_P4D_HN_SIT_G007_V01,P4D_FROZEN_PLAN_440,PF_P4D_HN_SIT_G007_V01,,PF_P4D_HN_SIT_G007,NEW_DESIGN,V3_DEV,/home/yanbo/下载/batches/batch-person-fallen-v2-p4d-hardneg-fullregen-r2-camera1p5m/final/PF_P4D_HN_SIT_G007_V01.png,4fe6e2ba6c988a06a5da39a671d31a1491ca96031fb41f057b8bad4d21908036,FAST_CLOSE_EXPECTED_AND_ACTUAL,/home/yanbo/下载/batches/batch_person-fallen-v2-p4d-hardneg-rev1-camera1p5m/prompts/PF_P4D_HN_SIT_G007_V01.txt,1d5071392d267a8862654b943d3d3a3bd2e51c9527fdf24aa948f8f9fc2fd2ef,floor_sitting,hard_negative,negative,negative,hard_negative,P4D_FAST_CLOSE_PROVENANCE_MECHANICAL_LINEAGE_PASS,PROMPT_DERIVED_SYNTHETIC_GT,FROZEN_GENERATION_PROMPT_AND_PLANNED_ROLE,false,true,true,0.8957822322845459,0.07882268586609927,/home/yanbo/net_vlm_person_fallen_v2_optimization/13_person_fallen_v4_pose_attributes/prepared_full_dev/PFV4DEV_0341/full_scene.jpg,613248d5bb4bad384e7192618c979bcc46d94a5fd543adc56a1016e1fe546ee4,/home/yanbo/net_vlm_person_fallen_v2_optimization/13_person_fallen_v4_pose_attributes/prepared_full_dev/PFV4DEV_0341/person_crop.jpg,8ac8d84e9bc9e0418ef3c619f9e7fd13b60f61e4125ce4d0806f5aa8ac4a1bdb,2,floor_sitting,floor_sitting,PFV4D_0031,FROZEN_TAXONOMY_AND_STABLE_ID_ONLY,PFV4DEV_0341,normal_negative,PILOT_DEV_115,pilot,V5_B0_PILOT_0031
PFV4DEV_0342,NO_ALERT_NORMAL_POSE,ALL_FROZEN_V3_DEV_ROWS_IN_PARENT_ORDER,P4D_PLAN::PF_P4D_HN_SIT_G007_V02,P4D_FROZEN_PLAN_440,PF_P4D_HN_SIT_G007_V02,,PF_P4D_HN_SIT_G007,NEW_DESIGN,V3_DEV,/home/yanbo/下载/batches/batch-person-fallen-v2-p4d-hardneg-fullregen-r2-camera1p5m/final/PF_P4D_HN_SIT_G007_V02.png,1fdc4800ff575a7491a19d4a54c56a4e48441cd42dc5cb9dd491891da64731cb,FAST_CLOSE_EXPECTED_AND_ACTUAL,/home/yanbo/下载/batches/batch_person-fallen-v2-p4d-hardneg-rev1-camera1p5m/prompts/PF_P4D_HN_SIT_G007_V02.txt,c2e0a15aaa37df4a8e42fb3704fa64858950ad49d365cffdf3087d4da517d4b5,floor_sitting,hard_negative,negative,negative,hard_negative,P4D_FAST_CLOSE_PROVENANCE_MECHANICAL_LINEAGE_PASS,PROMPT_DERIVED_SYNTHETIC_GT,FROZEN_GENERATION_PROMPT_AND_PLANNED_ROLE,false,true,true,0.8748135566711426,0.029920245450975252,/home/yanbo/net_vlm_person_fallen_v2_optimization/13_person_fallen_v4_pose_attributes/prepared_full_dev/PFV4DEV_0342/full_scene.jpg,9c14995586ad0c10652779c2fb0548132628d9efbfeddb3371d8e760e4eacacc,/home/yanbo/net_vlm_person_fallen_v2_optimization/13_person_fallen_v4_pose_attributes/prepared_full_dev/PFV4DEV_0342/person_crop.jpg,23eb1fe0aea012005fb48c4bd62908c82ff4b2f619e0f2a98c20d60ffa0b7ba5,2,floor_sitting,floor_sitting,PFV4D_0032,FROZEN_TAXONOMY_AND_STABLE_ID_ONLY,PFV4DEV_0342,normal_negative,PILOT_DEV_115,pilot,V5_B0_PILOT_0032
PFV4DEV_0343,NO_ALERT_NORMAL_POSE,ALL_FROZEN_V3_DEV_ROWS_IN_PARENT_ORDER,P4D_PLAN::PF_P4D_HN_SIT_G007_V03,P4D_FROZEN_PLAN_440,PF_P4D_HN_SIT_G007_V03,,PF_P4D_HN_SIT_G007,NEW_DESIGN,V3_DEV,/home/yanbo/下载/batches/batch-person-fallen-v2-p4d-hardneg-fullregen-r2-camera1p5m/final/PF_P4D_HN_SIT_G007_V03.png,1a413bb13fc064bbf96a28af5159d1bd02145e4d45c3bb1cb4f87855bf55dbce,FAST_CLOSE_EXPECTED_AND_ACTUAL,/home/yanbo/下载/batches/batch_person-fallen-v2-p4d-hardneg-rev1-camera1p5m/prompts/PF_P4D_HN_SIT_G007_V03.txt,fcdaade293c3fe69d0c821f52a077b5cc69df331c725f86c9d119e0dd84804f8,floor_sitting,hard_negative,negative,negative,hard_negative,P4D_FAST_CLOSE_PROVENANCE_MECHANICAL_LINEAGE_PASS,PROMPT_DERIVED_SYNTHETIC_GT,FROZEN_GENERATION_PROMPT_AND_PLANNED_ROLE,false,true,true,0.8380559086799622,0.1074569162427603,/home/yanbo/net_vlm_person_fallen_v2_optimization/13_person_fallen_v4_pose_attributes/prepared_full_dev/PFV4DEV_0343/full_scene.jpg,830062336366adf004926f218b66da0d9134364b51a07fad52832f27760e9f5d,/home/yanbo/net_vlm_person_fallen_v2_optimization/13_person_fallen_v4_pose_attributes/prepared_full_dev/PFV4DEV_0343/person_crop.jpg,a5eb806cee93d4dbd4e798606d10c8b51d2d7f8349ac88cfd2ee561931ec3617,2,floor_sitting,floor_sitting,PFV4D_0033,FROZEN_TAXONOMY_AND_STABLE_ID_ONLY,PFV4DEV_0343,normal_negative,PILOT_DEV_115,pilot,V5_B0_PILOT_0033
PFV4DEV_0344,NO_ALERT_NORMAL_POSE,ALL_FROZEN_V3_DEV_ROWS_IN_PARENT_ORDER,P4D_PLAN::PF_P4D_HN_SIT_G007_V04,P4D_FROZEN_PLAN_440,PF_P4D_HN_SIT_G007_V04,,PF_P4D_HN_SIT_G007,NEW_DESIGN,V3_DEV,/home/yanbo/下载/batches/batch-person-fallen-v2-p4d-hardneg-fullregen-r2-camera1p5m/final/PF_P4D_HN_SIT_G007_V04.png,af6d25edfd980970210e9ace684e295fb059ad083f946dec902cc0dd97c330e8,FAST_CLOSE_EXPECTED_AND_ACTUAL,/home/yanbo/下载/batches/batch_person-fallen-v2-p4d-hardneg-rev1-camera1p5m/prompts/PF_P4D_HN_SIT_G007_V04.txt,22bbdf1d9d98d20dfcdc0f04b765c7f06fb71b8a14cf1ab526ddedc23fb50857,floor_sitting,hard_negative,negative,negative,hard_negative,P4D_FAST_CLOSE_PROVENANCE_MECHANICAL_LINEAGE_PASS,PROMPT_DERIVED_SYNTHETIC_GT,FROZEN_GENERATION_PROMPT_AND_PLANNED_ROLE,false,true,true,0.9011967778205872,0.09891415604191148,/home/yanbo/net_vlm_person_fallen_v2_optimization/13_person_fallen_v4_pose_attributes/prepared_full_dev/PFV4DEV_0344/full_scene.jpg,e8a621b8a05c53e35fc130c4959a04742191d4517707d5b579c5120ee8f317af,/home/yanbo/net_vlm_person_fallen_v2_optimization/13_person_fallen_v4_pose_attributes/prepared_full_dev/PFV4DEV_0344/person_crop.jpg,fe2ffeeb5dc2104cc46dfef42ca699f4ccf00574da93ebb8505fe6e4fdb117cf,2,floor_sitting,floor_sitting,PFV4D_0034,FROZEN_TAXONOMY_AND_STABLE_ID_ONLY,PFV4DEV_0344,normal_negative,PILOT_DEV_115,pilot,V5_B0_PILOT_0034
PFV4DEV_0345,NO_ALERT_NORMAL_POSE,ALL_FROZEN_V3_DEV_ROWS_IN_PARENT_ORDER,P4D_PLAN::PF_P4D_HN_SIT_G007_V05,P4D_FROZEN_PLAN_440,PF_P4D_HN_SIT_G007_V05,,PF_P4D_HN_SIT_G007,NEW_DESIGN,V3_DEV,/home/yanbo/下载/batches/batch-person-fallen-v2-p4d-hardneg-fullregen-r2-camera1p5m/final/PF_P4D_HN_SIT_G007_V05.png,51dc17715bc3ab7e42a821b05ccf428275916c72ff2dc18349f5daaea09ea3ea,FAST_CLOSE_EXPECTED_AND_ACTUAL,/home/yanbo/下载/batches/batch_person-fallen-v2-p4d-hardneg-rev1-camera1p5m/prompts/PF_P4D_HN_SIT_G007_V05.txt,101648056feee5a7c3c43b54fb228ba1a3102a5977903578a606395b640be264,floor_sitting,hard_negative,negative,negative,hard_negative,P4D_FAST_CLOSE_PROVENANCE_MECHANICAL_LINEAGE_PASS,PROMPT_DERIVED_SYNTHETIC_GT,FROZEN_GENERATION_PROMPT_AND_PLANNED_ROLE,false,true,true,0.8967368006706238,0.13190378844705533,/home/yanbo/net_vlm_person_fallen_v2_optimization/13_person_fallen_v4_pose_attributes/prepared_full_dev/PFV4DEV_0345/full_scene.jpg,9e8d3f5cba9415158dba1b7c90b1bcd4b1e32fbb3a3b2cbf4bbb6da5f902a32b,/home/yanbo/net_vlm_person_fallen_v2_optimization/13_person_fallen_v4_pose_attributes/prepared_full_dev/PFV4DEV_0345/person_crop.jpg,303ec71553c48867f5de705d72661bbe01bcc29f51a5f8dfe91ffadd075a4add,2,floor_sitting,floor_sitting,PFV4D_0035,FROZEN_TAXONOMY_AND_STABLE_ID_ONLY,PFV4DEV_0345,normal_negative,PILOT_DEV_115,pilot,V5_B0_PILOT_0035
PFV4DEV_0111,NO_ALERT_NORMAL_POSE,ALL_FROZEN_V3_DEV_ROWS_IN_PARENT_ORDER,V2_ORIGINAL::IMG_003702,V2_ORIGINAL_SYNTHETIC_500,301_h01-sitting-on-floor-01,IMG_003702,pf_v2_aigc_h01-sitting-on-floor,DEV,V3_DEV,/home/yanbo/下载/batches/batch_person-fallen-v2-camera1p5m/final/301_h01-sitting-on-floor-01.png,5f82ee8030a64dfae05bb4583c289b09c8ebc33280dc2f6e4a53a10bbb60b2fc,FROZEN_V2_MANIFEST_EXPECTED_AND_ACTUAL,/home/yanbo/下载/batches/batch_person-fallen-v2-camera1p5m/prompts/301_h01-sitting-on-floor-01.txt,f53d4fbdabfb953bc5195743b9e6574c2f4d6fdb694315bbbd7449214be8c1cc,floor_sitting,hard_negative,0,negative,hard_negative,FROZEN_V2_PROMPT_IMAGE_MAPPING_PASS,PROMPT_DERIVED_SYNTHETIC_GT,FROZEN_GENERATION_PROMPT_AND_PLANNED_ROLE,false,true,true,0.8918288350105286,0.13507011153604792,/home/yanbo/net_vlm_person_fallen_v2_optimization/13_person_fallen_v4_pose_attributes/prepared_full_dev/PFV4DEV_0111/full_scene.jpg,027e6638191e2d4a9e7850e8215a4ba043eba9b7e2e09cc2f9e57c9ddcdadd3d,/home/yanbo/net_vlm_person_fallen_v2_optimization/13_person_fallen_v4_pose_attributes/prepared_full_dev/PFV4DEV_0111/person_crop.jpg,5665ce5154d28f4011f1dfa1f2488cbea39d1e2ddf5f4696927e5688fe87789e,2,floor_sitting,floor_sitting,PFV4D_0036,FROZEN_TAXONOMY_AND_STABLE_ID_ONLY,PFV4DEV_0111,normal_negative,PILOT_DEV_115,pilot,V5_B0_PILOT_0036
PFV4DEV_0112,NO_ALERT_NORMAL_POSE,ALL_FROZEN_V3_DEV_ROWS_IN_PARENT_ORDER,V2_ORIGINAL::IMG_003703,V2_ORIGINAL_SYNTHETIC_500,302_h01-sitting-on-floor-02,IMG_003703,pf_v2_aigc_h01-sitting-on-floor,DEV,V3_DEV,/home/yanbo/下载/batches/batch_person-fallen-v2-camera1p5m/final/302_h01-sitting-on-floor-02.png,5e18806b0d663d3a7b16e0bf3564749c245323f6fc828cd80add4c68d279c87f,FROZEN_V2_MANIFEST_EXPECTED_AND_ACTUAL,/home/yanbo/下载/batches/batch_person-fallen-v2-camera1p5m/prompts/302_h01-sitting-on-floor-02.txt,d092704b65052298cb8d9fb121787c417c27f514b5512e01cbd41e5abf228376,floor_sitting,hard_negative,0,negative,hard_negative,FROZEN_V2_PROMPT_IMAGE_MAPPING_PASS,PROMPT_DERIVED_SYNTHETIC_GT,FROZEN_GENERATION_PROMPT_AND_PLANNED_ROLE,false,true,true,0.9278085827827454,0.4476819275094183,/home/yanbo/net_vlm_person_fallen_v2_optimization/13_person_fallen_v4_pose_attributes/prepared_full_dev/PFV4DEV_0112/full_scene.jpg,347bac76e44054c651596bc915a116f297dd9bb6a22acfbd19165512684032cc,/home/yanbo/net_vlm_person_fallen_v2_optimization/13_person_fallen_v4_pose_attributes/prepared_full_dev/PFV4DEV_0112/person_crop.jpg,06a0f6aa579f0f59685fb7e067b432ced29b1cc0d1b740b66011011c582e0062,2,floor_sitting,floor_sitting,PFV4D_0037,FROZEN_TAXONOMY_AND_STABLE_ID_ONLY,PFV4DEV_0112,normal_negative,PILOT_DEV_115,pilot,V5_B0_PILOT_0037
PFV4DEV_0113,NO_ALERT_NORMAL_POSE,ALL_FROZEN_V3_DEV_ROWS_IN_PARENT_ORDER,V2_ORIGINAL::IMG_003704,V2_ORIGINAL_SYNTHETIC_500,303_h01-sitting-on-floor-03,IMG_003704,pf_v2_aigc_h01-sitting-on-floor,DEV,V3_DEV,/home/yanbo/下载/batches/batch_person-fallen-v2-camera1p5m/final/303_h01-sitting-on-floor-03.png,27d688b997b3048bf57efd35520fa34bd3adccda66575f1ddb0bcc298629ce4b,FROZEN_V2_MANIFEST_EXPECTED_AND_ACTUAL,/home/yanbo/下载/batches/batch_person-fallen-v2-camera1p5m/prompts/303_h01-sitting-on-floor-03.txt,56a3649349223f241a23ad81e505012bf809ee2f6d1ca4bfb3c3b31efe70cd77,floor_sitting,hard_negative,0,negative,hard_negative,FROZEN_V2_PROMPT_IMAGE_MAPPING_PASS,PROMPT_DERIVED_SYNTHETIC_GT,FROZEN_GENERATION_PROMPT_AND_PLANNED_ROLE,false,true,true,0.9084840416908264,0.06334026670156702,/home/yanbo/net_vlm_person_fallen_v2_optimization/13_person_fallen_v4_pose_attributes/prepared_full_dev/PFV4DEV_0113/full_scene.jpg,aa1b9c8129ef38797882156d7489a8696729e50431c85d4db271eda9ec7fadda,/home/yanbo/net_vlm_person_fallen_v2_optimization/13_person_fallen_v4_pose_attributes/prepared_full_dev/PFV4DEV_0113/person_crop.jpg,53f8bfa625a8b2b9630263d8dacb052e48075a4eb4ea67917b53b7b2632c86cc,2,floor_sitting,floor_sitting,PFV4D_0038,FROZEN_TAXONOMY_AND_STABLE_ID_ONLY,PFV4DEV_0113,normal_negative,PILOT_DEV_115,pilot,V5_B0_PILOT_0038
PFV4DEV_0114,NO_ALERT_NORMAL_POSE,ALL_FROZEN_V3_DEV_ROWS_IN_PARENT_ORDER,V2_ORIGINAL::IMG_003705,V2_ORIGINAL_SYNTHETIC_500,304_h01-sitting-on-floor-04,IMG_003705,pf_v2_aigc_h01-sitting-on-floor,DEV,V3_DEV,/home/yanbo/下载/batches/batch_person-fallen-v2-camera1p5m/final/304_h01-sitting-on-floor-04.png,4bca926036b8d0324b411c6828586467b408df92eb1db27af3b8dd25bf443e17,FROZEN_V2_MANIFEST_EXPECTED_AND_ACTUAL,/home/yanbo/下载/batches/batch_person-fallen-v2-camera1p5m/prompts/304_h01-sitting-on-floor-04.txt,baa5ce4b1091059d4ce970693dc4c8fd40b936402795060f55e1f8b527a8cf84,floor_sitting,hard_negative,0,negative,hard_negative,FROZEN_V2_PROMPT_IMAGE_MAPPING_PASS,PROMPT_DERIVED_SYNTHETIC_GT,FROZEN_GENERATION_PROMPT_AND_PLANNED_ROLE,false,true,true,0.9122037887573242,0.24690080480979912,/home/yanbo/net_vlm_person_fallen_v2_optimization/13_person_fallen_v4_pose_attributes/prepared_full_dev/PFV4DEV_0114/full_scene.jpg,f89c52e260eef7c60e413558c3f16a2893e2f7cbcfe1d81ea96cf33c93106385,/home/yanbo/net_vlm_person_fallen_v2_optimization/13_person_fallen_v4_pose_attributes/prepared_full_dev/PFV4DEV_0114/person_crop.jpg,2901601656178a75d38874d91931ec5ae49ec50e3fd46ac2442495df207d2515,2,floor_sitting,floor_sitting,PFV4D_0039,FROZEN_TAXONOMY_AND_STABLE_ID_ONLY,PFV4DEV_0114,normal_negative,PILOT_DEV_115,pilot,V5_B0_PILOT_0039
PFV4DEV_0115,NO_ALERT_NORMAL_POSE,ALL_FROZEN_V3_DEV_ROWS_IN_PARENT_ORDER,V2_ORIGINAL::IMG_003706,V2_ORIGINAL_SYNTHETIC_500,305_h01-sitting-on-floor-05,IMG_003706,pf_v2_aigc_h01-sitting-on-floor,DEV,V3_DEV,/home/yanbo/下载/batches/batch_person-fallen-v2-camera1p5m/final/305_h01-sitting-on-floor-05.png,2b6115e018583759cfe5df4bd1fcd315bb592af2d089c3a701da59fbbbf0e6e0,FROZEN_V2_MANIFEST_EXPECTED_AND_ACTUAL,/home/yanbo/下载/batches/batch_person-fallen-v2-camera1p5m/prompts/305_h01-sitting-on-floor-05.txt,6d534c9bb889259c656de1c622386ff46f4410bc76f0142d2337d5fe8b909781,floor_sitting,hard_negative,0,negative,hard_negative,FROZEN_V2_PROMPT_IMAGE_MAPPING_PASS,PROMPT_DERIVED_SYNTHETIC_GT,FROZEN_GENERATION_PROMPT_AND_PLANNED_ROLE,false,true,true,0.9154045581817627,0.10284554378558015,/home/yanbo/net_vlm_person_fallen_v2_optimization/13_person_fallen_v4_pose_attributes/prepared_full_dev/PFV4DEV_0115/full_scene.jpg,4dd888e216cad140f2d5cef11d6ae8e9de388a1e72933f5a50693f644ecd84b1,/home/yanbo/net_vlm_person_fallen_v2_optimization/13_person_fallen_v4_pose_attributes/prepared_full_dev/PFV4DEV_0115/person_crop.jpg,c04977e16f715e7e6c4a82e4e90d7f0beb8bdb61229657cade050555fb4bf3b9,2,floor_sitting,floor_sitting,PFV4D_0040,FROZEN_TAXONOMY_AND_STABLE_ID_ONLY,PFV4DEV_0115,normal_negative,PILOT_DEV_115,pilot,V5_B0_PILOT_0040
PFV4DEV_0116,NO_ALERT_NORMAL_POSE,ALL_FROZEN_V3_DEV_ROWS_IN_PARENT_ORDER,V2_ORIGINAL::IMG_003707,V2_ORIGINAL_SYNTHETIC_500,306_h01-sitting-on-floor-06,IMG_003707,pf_v2_aigc_h01-sitting-on-floor,DEV,V3_DEV,/home/yanbo/下载/batches/batch_person-fallen-v2-camera1p5m/final/306_h01-sitting-on-floor-06.png,73bc09ee9ef0fd6bbb582bbe0db98cd4469f12a8834626f5fa2cc0b71ba6acbd,FROZEN_V2_MANIFEST_EXPECTED_AND_ACTUAL,/home/yanbo/下载/batches/batch_person-fallen-v2-camera1p5m/prompts/306_h01-sitting-on-floor-06.txt,9b453d26978f6600000458aa4b5b78454da80bf15d9773289eed341a9b799717,floor_sitting,hard_negative,0,negative,hard_negative,FROZEN_V2_PROMPT_IMAGE_MAPPING_PASS,PROMPT_DERIVED_SYNTHETIC_GT,FROZEN_GENERATION_PROMPT_AND_PLANNED_ROLE,false,true,true,0.8571646809577942,0.04119237057652945,/home/yanbo/net_vlm_person_fallen_v2_optimization/13_person_fallen_v4_pose_attributes/prepared_full_dev/PFV4DEV_0116/full_scene.jpg,33c3e764d1c2a3796083bdbff96b76ec0010c3340a2e53407ccd918e92ae5785,/home/yanbo/net_vlm_person_fallen_v2_optimization/13_person_fallen_v4_pose_attributes/prepared_full_dev/PFV4DEV_0116/person_crop.jpg,73e5935d98f89d7f6ff26828082c9635734f15d3c2b8f7ce52edb69f9aa21132,2,floor_sitting,floor_sitting,PFV4D_0041,FROZEN_TAXONOMY_AND_STABLE_ID_ONLY,PFV4DEV_0116,normal_negative,PILOT_DEV_115,pilot,V5_B0_PILOT_0041
PFV4DEV_0117,NO_ALERT_NORMAL_POSE,ALL_FROZEN_V3_DEV_ROWS_IN_PARENT_ORDER,V2_ORIGINAL::IMG_003708,V2_ORIGINAL_SYNTHETIC_500,307_h01-sitting-on-floor-07,IMG_003708,pf_v2_aigc_h01-sitting-on-floor,DEV,V3_DEV,/home/yanbo/下载/batches/batch_person-fallen-v2-camera1p5m/final/307_h01-sitting-on-floor-07.png,aebf6050b3fb73755b48cad44728ca0f55ae95c078047887335bcfcc57776c47,FROZEN_V2_MANIFEST_EXPECTED_AND_ACTUAL,/home/yanbo/下载/batches/batch_person-fallen-v2-camera1p5m/prompts/307_h01-sitting-on-floor-07.txt,a93a0c7e45ef6c5999f3afc9ed9386e14367a27e41f3cbc1326d2fdc51ad96bb,floor_sitting,hard_negative,0,negative,hard_negative,FROZEN_V2_PROMPT_IMAGE_MAPPING_PASS,PROMPT_DERIVED_SYNTHETIC_GT,FROZEN_GENERATION_PROMPT_AND_PLANNED_ROLE,false,true,true,0.8737068772315979,0.10446312805277243,/home/yanbo/net_vlm_person_fallen_v2_optimization/13_person_fallen_v4_pose_attributes/prepared_full_dev/PFV4DEV_0117/full_scene.jpg,d57bc2bce43c5312f40495e16e9f589e3358aefee64dea8020bb4b96610c6a07,/home/yanbo/net_vlm_person_fallen_v2_optimization/13_person_fallen_v4_pose_attributes/prepared_full_dev/PFV4DEV_0117/person_crop.jpg,c42696b14e9f9bb6d1fe8168fa23f2060d4300b4a58f77d25baed628481e3496,2,floor_sitting,floor_sitting,PFV4D_0042,FROZEN_TAXONOMY_AND_STABLE_ID_ONLY,PFV4DEV_0117,normal_negative,PILOT_DEV_115,pilot,V5_B0_PILOT_0042
PFV4DEV_0118,NO_ALERT_NORMAL_POSE,ALL_FROZEN_V3_DEV_ROWS_IN_PARENT_ORDER,V2_ORIGINAL::IMG_003709,V2_ORIGINAL_SYNTHETIC_500,308_h01-sitting-on-floor-08,IMG_003709,pf_v2_aigc_h01-sitting-on-floor,DEV,V3_DEV,/home/yanbo/下载/batches/batch_person-fallen-v2-camera1p5m/final/308_h01-sitting-on-floor-08.png,d9f51b8ff2d02493d7ecd7d16b28d4480d32456bbd87bf21b040cc6b3d4eeb33,FROZEN_V2_MANIFEST_EXPECTED_AND_ACTUAL,/home/yanbo/下载/batches/batch_person-fallen-v2-camera1p5m/prompts/308_h01-sitting-on-floor-08.txt,98119d22c1c103dcd3efc0dc9c6602fd1747ca21018ed75a78ed727284791374,floor_sitting,hard_negative,0,negative,hard_negative,FROZEN_V2_PROMPT_IMAGE_MAPPING_PASS,PROMPT_DERIVED_SYNTHETIC_GT,FROZEN_GENERATION_PROMPT_AND_PLANNED_ROLE,false,true,true,0.8047168254852295,0.01680456777387816,/home/yanbo/net_vlm_person_fallen_v2_optimization/13_person_fallen_v4_pose_attributes/prepared_full_dev/PFV4DEV_0118/full_scene.jpg,80a4286a8a4c70cda9e1b748d598429eac592cba1f4fb24a5d0f372d1460a3ef,/home/yanbo/net_vlm_person_fallen_v2_optimization/13_person_fallen_v4_pose_attributes/prepared_full_dev/PFV4DEV_0118/person_crop.jpg,99c6358be163cbf4709e5594d160390364006c05559d0380cfe554e4cff27471,2,floor_sitting,floor_sitting,PFV4D_0043,FROZEN_TAXONOMY_AND_STABLE_ID_ONLY,PFV4DEV_0118,normal_negative,PILOT_DEV_115,pilot,V5_B0_PILOT_0043
PFV4DEV_0119,NO_ALERT_NORMAL_POSE,ALL_FROZEN_V3_DEV_ROWS_IN_PARENT_ORDER,V2_ORIGINAL::IMG_003710,V2_ORIGINAL_SYNTHETIC_500,309_h01-sitting-on-floor-09,IMG_003710,pf_v2_aigc_h01-sitting-on-floor,DEV,V3_DEV,/home/yanbo/下载/batches/batch_person-fallen-v2-camera1p5m/final/309_h01-sitting-on-floor-09.png,b18857cefb35aee71924a5cca2bd68a70cb29e28e5ec82e53e447f3301f1da13,FROZEN_V2_MANIFEST_EXPECTED_AND_ACTUAL,/home/yanbo/下载/batches/batch_person-fallen-v2-camera1p5m/prompts/309_h01-sitting-on-floor-09.txt,0761a3f3c3b52a37237e6cd50240dc9f0e83a9456413dc19a9a9d1a60e3ea312,floor_sitting,hard_negative,0,negative,hard_negative,FROZEN_V2_PROMPT_IMAGE_MAPPING_PASS,PROMPT_DERIVED_SYNTHETIC_GT,FROZEN_GENERATION_PROMPT_AND_PLANNED_ROLE,false,true,true,0.9248083233833313,0.14275719408422627,/home/yanbo/net_vlm_person_fallen_v2_optimization/13_person_fallen_v4_pose_attributes/prepared_full_dev/PFV4DEV_0119/full_scene.jpg,339e872e31b0eaebb3b2f876f538db2cfea80bb54b561ec1f417c761bdc2de3d,/home/yanbo/net_vlm_person_fallen_v2_optimization/13_person_fallen_v4_pose_attributes/prepared_full_dev/PFV4DEV_0119/person_crop.jpg,82e3bab5521c00deace71dcc830645d92d590f4cc98eb36f11aabf7b90b324ca,2,floor_sitting,floor_sitting,PFV4D_0044,FROZEN_TAXONOMY_AND_STABLE_ID_ONLY,PFV4DEV_0119,normal_negative,PILOT_DEV_115,pilot,V5_B0_PILOT_0044
PFV4DEV_0121,NO_ALERT_NORMAL_POSE,ALL_FROZEN_V3_DEV_ROWS_IN_PARENT_ORDER,V2_ORIGINAL::IMG_003711,V2_ORIGINAL_SYNTHETIC_500,310_h01-sitting-on-floor-10,IMG_003711,pf_v2_aigc_h01-sitting-on-floor,DEV,V3_DEV,/home/yanbo/下载/batches/batch_person-fallen-v2-camera1p5m/final/310_h01-sitting-on-floor-10.png,5785e793610f7f7677b6c4d9b947c828a4e56e2d327d06adba47f377dfb5dc43,FROZEN_V2_MANIFEST_EXPECTED_AND_ACTUAL,/home/yanbo/下载/batches/batch_person-fallen-v2-camera1p5m/prompts/310_h01-sitting-on-floor-10.txt,c91e8bb07b3571e932084867336acfb0091000b4992e1a9e7f3c6fe3f570b65f,floor_sitting,hard_negative,0,negative,hard_negative,FROZEN_V2_PROMPT_IMAGE_MAPPING_PASS,PROMPT_DERIVED_SYNTHETIC_GT,FROZEN_GENERATION_PROMPT_AND_PLANNED_ROLE,false,true,true,0.8918012380599976,0.10574337637401186,/home/yanbo/net_vlm_person_fallen_v2_optimization/13_person_fallen_v4_pose_attributes/prepared_full_dev/PFV4DEV_0121/full_scene.jpg,f83fd2b435fb2f010d245a0f838713b46bdd4bd3e4d092b454ee53f1dc4fd45a,/home/yanbo/net_vlm_person_fallen_v2_optimization/13_person_fallen_v4_pose_attributes/prepared_full_dev/PFV4DEV_0121/person_crop.jpg,3a23c1afbb8d4f20574c57322181b99258a33b1c29d15fd065c2f34e051d21ef,2,floor_sitting,floor_sitting,PFV4D_0045,FROZEN_TAXONOMY_AND_STABLE_ID_ONLY,PFV4DEV_0121,normal_negative,PILOT_DEV_115,pilot,V5_B0_PILOT_0045
PFV4DEV_0122,NO_ALERT_NORMAL_POSE,ALL_FROZEN_V3_DEV_ROWS_IN_PARENT_ORDER,V2_ORIGINAL::IMG_003712,V2_ORIGINAL_SYNTHETIC_500,311_h02-sitting-on-floor-01,IMG_003712,pf_v2_aigc_h02-sitting-on-floor,DEV,V3_DEV,/home/yanbo/下载/batches/batch_person-fallen-v2-camera1p5m/final/311_h02-sitting-on-floor-01.png,a08dc0677c5f0c67aecd4897fe8c39f6112c2732b2182b3d889b03b5a98b617d,FROZEN_V2_MANIFEST_EXPECTED_AND_ACTUAL,/home/yanbo/下载/batches/batch_person-fallen-v2-camera1p5m/prompts/311_h02-sitting-on-floor-01.txt,3fa1db199a0cddb648594d401a005be8a99dfe91b47fa37c3efd9f78209be731,floor_sitting,hard_negative,0,negative,hard_negative,FROZEN_V2_PROMPT_IMAGE_MAPPING_PASS,PROMPT_DERIVED_SYNTHETIC_GT,FROZEN_GENERATION_PROMPT_AND_PLANNED_ROLE,false,true,true,0.9339543581008911,0.16839647215468076,/home/yanbo/net_vlm_person_fallen_v2_optimization/13_person_fallen_v4_pose_attributes/prepared_full_dev/PFV4DEV_0122/full_scene.jpg,b37deb61c8a354d99a35ee838d7f72bbe3b3bcf94207e6a0883874d2018ca0bf,/home/yanbo/net_vlm_person_fallen_v2_optimization/13_person_fallen_v4_pose_attributes/prepared_full_dev/PFV4DEV_0122/person_crop.jpg,8f3015cac0f7fa79d88b16d5d8c446f9be6e144fdd8a6854f0b8c48e0f009d93,2,floor_sitting,floor_sitting,PFV4D_0046,FROZEN_TAXONOMY_AND_STABLE_ID_ONLY,PFV4DEV_0122,normal_negative,PILOT_DEV_115,pilot,V5_B0_PILOT_0046
PFV4DEV_0123,NO_ALERT_NORMAL_POSE,ALL_FROZEN_V3_DEV_ROWS_IN_PARENT_ORDER,V2_ORIGINAL::IMG_003713,V2_ORIGINAL_SYNTHETIC_500,312_h02-sitting-on-floor-02,IMG_003713,pf_v2_aigc_h02-sitting-on-floor,DEV,V3_DEV,/home/yanbo/下载/batches/batch_person-fallen-v2-camera1p5m/final/312_h02-sitting-on-floor-02.png,74c096570ad1109e55ec956d25c76b0c3fe1a9dc51eef03da1642c07d7a765b9,FROZEN_V2_MANIFEST_EXPECTED_AND_ACTUAL,/home/yanbo/下载/batches/batch_person-fallen-v2-camera1p5m/prompts/312_h02-sitting-on-floor-02.txt,575380327386f8c68f43795656cf0daf5135ba021f87557614c233643bca0b4e,floor_sitting,hard_negative,0,negative,hard_negative,FROZEN_V2_PROMPT_IMAGE_MAPPING_PASS,PROMPT_DERIVED_SYNTHETIC_GT,FROZEN_GENERATION_PROMPT_AND_PLANNED_ROLE,false,true,true,0.9317643046379089,0.17169568083995493,/home/yanbo/net_vlm_person_fallen_v2_optimization/13_person_fallen_v4_pose_attributes/prepared_full_dev/PFV4DEV_0123/full_scene.jpg,8f1c1c8dd7e1b3f92fe3f0e3e540914330ae00dc64ff294c1d7271f7d4f190ad,/home/yanbo/net_vlm_person_fallen_v2_optimization/13_person_fallen_v4_pose_attributes/prepared_full_dev/PFV4DEV_0123/person_crop.jpg,fa6e58d9164b484285e5052f688618f9688197324ca179596e5f490c568d07bb,2,floor_sitting,floor_sitting,PFV4D_0047,FROZEN_TAXONOMY_AND_STABLE_ID_ONLY,PFV4DEV_0123,normal_negative,PILOT_DEV_115,pilot,V5_B0_PILOT_0047
PFV4DEV_0124,NO_ALERT_NORMAL_POSE,ALL_FROZEN_V3_DEV_ROWS_IN_PARENT_ORDER,V2_ORIGINAL::IMG_003714,V2_ORIGINAL_SYNTHETIC_500,313_h02-sitting-on-floor-03,IMG_003714,pf_v2_aigc_h02-sitting-on-floor,DEV,V3_DEV,/home/yanbo/下载/batches/batch_person-fallen-v2-camera1p5m/final/313_h02-sitting-on-floor-03.png,26e8e9b1f421aeada92548231e0b832e6d0554ffe2dab403516c7c7a2df75a5c,FROZEN_V2_MANIFEST_EXPECTED_AND_ACTUAL,/home/yanbo/下载/batches/batch_person-fallen-v2-camera1p5m/prompts/313_h02-sitting-on-floor-03.txt,f0da130144c6c9c7badf5f352bc1dd4e3da6c4fd28e95d964ec07dc93902e243,floor_sitting,hard_negative,0,negative,hard_negative,FROZEN_V2_PROMPT_IMAGE_MAPPING_PASS,PROMPT_DERIVED_SYNTHETIC_GT,FROZEN_GENERATION_PROMPT_AND_PLANNED_ROLE,false,true,true,0.8836509585380554,0.07337128360485543,/home/yanbo/net_vlm_person_fallen_v2_optimization/13_person_fallen_v4_pose_attributes/prepared_full_dev/PFV4DEV_0124/full_scene.jpg,7751588c30330c7a770e779684e0a33eb1394e83bcebb4d5e091ea2f55dd340a,/home/yanbo/net_vlm_person_fallen_v2_optimization/13_person_fallen_v4_pose_attributes/prepared_full_dev/PFV4DEV_0124/person_crop.jpg,0edc8569c0024aa940502fb3334923a1415b731e97e00bf8950ff69e166cf002,2,floor_sitting,floor_sitting,PFV4D_0048,FROZEN_TAXONOMY_AND_STABLE_ID_ONLY,PFV4DEV_0124,normal_negative,PILOT_DEV_115,pilot,V5_B0_PILOT_0048
PFV4DEV_0125,NO_ALERT_NORMAL_POSE,ALL_FROZEN_V3_DEV_ROWS_IN_PARENT_ORDER,V2_ORIGINAL::IMG_003715,V2_ORIGINAL_SYNTHETIC_500,314_h02-sitting-on-floor-04,IMG_003715,pf_v2_aigc_h02-sitting-on-floor,DEV,V3_DEV,/home/yanbo/下载/batches/batch_person-fallen-v2-camera1p5m/final/314_h02-sitting-on-floor-04.png,da3050615af0f957ee851f59d0ba1728110d72e2ce5799555015baa71545303d,FROZEN_V2_MANIFEST_EXPECTED_AND_ACTUAL,/home/yanbo/下载/batches/batch_person-fallen-v2-camera1p5m/prompts/314_h02-sitting-on-floor-04.txt,8abc900812d578212771f4ab28156759515d8f997a508afff0145181fb9183e5,floor_sitting,hard_negative,0,negative,hard_negative,FROZEN_V2_PROMPT_IMAGE_MAPPING_PASS,PROMPT_DERIVED_SYNTHETIC_GT,FROZEN_GENERATION_PROMPT_AND_PLANNED_ROLE,false,true,true,0.899158239364624,0.05385826245493566,/home/yanbo/net_vlm_person_fallen_v2_optimization/13_person_fallen_v4_pose_attributes/prepared_full_dev/PFV4DEV_0125/full_scene.jpg,d4b0fb6057760f8bfeb998d7a8b302ec5f3cef8ad4e66a96898769fd2a8e015a,/home/yanbo/net_vlm_person_fallen_v2_optimization/13_person_fallen_v4_pose_attributes/prepared_full_dev/PFV4DEV_0125/person_crop.jpg,034419710f7db71d707c37f0135e62f9656f596de80cd0e914fb06b4755cecfc,2,floor_sitting,floor_sitting,PFV4D_0049,FROZEN_TAXONOMY_AND_STABLE_ID_ONLY,PFV4DEV_0125,normal_negative,PILOT_DEV_115,pilot,V5_B0_PILOT_0049
PFV4DEV_0126,NO_ALERT_NORMAL_POSE,ALL_FROZEN_V3_DEV_ROWS_IN_PARENT_ORDER,V2_ORIGINAL::IMG_003716,V2_ORIGINAL_SYNTHETIC_500,315_h02-sitting-on-floor-05,IMG_003716,pf_v2_aigc_h02-sitting-on-floor,DEV,V3_DEV,/home/yanbo/下载/batches/batch_person-fallen-v2-camera1p5m/final/315_h02-sitting-on-floor-05.png,de763ff98de5ee15d2e08431d68de418de7ea91184c26b17329924d58a43cfea,FROZEN_V2_MANIFEST_EXPECTED_AND_ACTUAL,/home/yanbo/下载/batches/batch_person-fallen-v2-camera1p5m/prompts/315_h02-sitting-on-floor-05.txt,20f1333108a4115c078abb21cda428697ace7af53fa89944a05dbff99490622e,floor_sitting,hard_negative,0,negative,hard_negative,FROZEN_V2_PROMPT_IMAGE_MAPPING_PASS,PROMPT_DERIVED_SYNTHETIC_GT,FROZEN_GENERATION_PROMPT_AND_PLANNED_ROLE,false,true,true,0.8768171668052673,0.08702203454737577,/home/yanbo/net_vlm_person_fallen_v2_optimization/13_person_fallen_v4_pose_attributes/prepared_full_dev/PFV4DEV_0126/full_scene.jpg,c515c3dc3920b36b9ecee1329ba68dc7919b3a48de1484ddc020ceaa5c7a7d82,/home/yanbo/net_vlm_person_fallen_v2_optimization/13_person_fallen_v4_pose_attributes/prepared_full_dev/PFV4DEV_0126/person_crop.jpg,5e1029d77fbbb20509b2abb27dbec17520da3edb0677ea5dea6495e23bba882b,2,floor_sitting,floor_sitting,PFV4D_0050,FROZEN_TAXONOMY_AND_STABLE_ID_ONLY,PFV4DEV_0126,normal_negative,PILOT_DEV_115,pilot,V5_B0_PILOT_0050
PFV4DEV_0127,NO_ALERT_NORMAL_POSE,ALL_FROZEN_V3_DEV_ROWS_IN_PARENT_ORDER,V2_ORIGINAL::IMG_003717,V2_ORIGINAL_SYNTHETIC_500,316_h02-sitting-on-floor-06,IMG_003717,pf_v2_aigc_h02-sitting-on-floor,DEV,V3_DEV,/home/yanbo/下载/batches/batch_person-fallen-v2-camera1p5m/final/316_h02-sitting-on-floor-06.png,51defa65e8ab2e4ac0e0b5d0903a50bd79b93ab562f59ceac93d10e35c3d7026,FROZEN_V2_MANIFEST_EXPECTED_AND_ACTUAL,/home/yanbo/下载/batches/batch_person-fallen-v2-camera1p5m/prompts/316_h02-sitting-on-floor-06.txt,999d3022bd85941bfeb8febed5d2c9943c294edc28d36488e28ae02e342a9fd7,floor_sitting,hard_negative,0,negative,hard_negative,FROZEN_V2_PROMPT_IMAGE_MAPPING_PASS,PROMPT_DERIVED_SYNTHETIC_GT,FROZEN_GENERATION_PROMPT_AND_PLANNED_ROLE,false,true,true,0.9245349764823914,0.12489573697082557,/home/yanbo/net_vlm_person_fallen_v2_optimization/13_person_fallen_v4_pose_attributes/prepared_full_dev/PFV4DEV_0127/full_scene.jpg,b462e27d6bec8835e1ab33c6b36a63dda87db3971f3b15d6fc70fff060824995,/home/yanbo/net_vlm_person_fallen_v2_optimization/13_person_fallen_v4_pose_attributes/prepared_full_dev/PFV4DEV_0127/person_crop.jpg,09c807210206951debcddd2d60debad14b0b13765ae568048042b8ed7e092a6d,2,floor_sitting,floor_sitting,PFV4D_0051,FROZEN_TAXONOMY_AND_STABLE_ID_ONLY,PFV4DEV_0127,normal_negative,PILOT_DEV_115,pilot,V5_B0_PILOT_0051
PFV4DEV_0128,NO_ALERT_NORMAL_POSE,ALL_FROZEN_V3_DEV_ROWS_IN_PARENT_ORDER,V2_ORIGINAL::IMG_003718,V2_ORIGINAL_SYNTHETIC_500,317_h02-sitting-on-floor-07,IMG_003718,pf_v2_aigc_h02-sitting-on-floor,DEV,V3_DEV,/home/yanbo/下载/batches/batch_person-fallen-v2-camera1p5m/final/317_h02-sitting-on-floor-07.png,a492fa3a45b44a5055130be2502affe0940bb028630d22086170baa7a9120e9c,FROZEN_V2_MANIFEST_EXPECTED_AND_ACTUAL,/home/yanbo/下载/batches/batch_person-fallen-v2-camera1p5m/prompts/317_h02-sitting-on-floor-07.txt,a7906e74ebd43c252e0e46e59d4383cdac9b349a74d8649e61d003a316e4c4d7,floor_sitting,hard_negative,0,negative,hard_negative,FROZEN_V2_PROMPT_IMAGE_MAPPING_PASS,PROMPT_DERIVED_SYNTHETIC_GT,FROZEN_GENERATION_PROMPT_AND_PLANNED_ROLE,false,true,true,0.8801469802856445,0.06146624764032485,/home/yanbo/net_vlm_person_fallen_v2_optimization/13_person_fallen_v4_pose_attributes/prepared_full_dev/PFV4DEV_0128/full_scene.jpg,d8716da565237e015babd964be0b3b149dbf49c3fe2371f8529e6562a39a5e3b,/home/yanbo/net_vlm_person_fallen_v2_optimization/13_person_fallen_v4_pose_attributes/prepared_full_dev/PFV4DEV_0128/person_crop.jpg,58753f8aa84f1e93fee8a24eeabcacfab0c63c1c31c1fdca7026493c48aee2a8,2,floor_sitting,floor_sitting,PFV4D_0052,FROZEN_TAXONOMY_AND_STABLE_ID_ONLY,PFV4DEV_0128,normal_negative,PILOT_DEV_115,pilot,V5_B0_PILOT_0052
PFV4DEV_0129,NO_ALERT_NORMAL_POSE,ALL_FROZEN_V3_DEV_ROWS_IN_PARENT_ORDER,V2_ORIGINAL::IMG_003719,V2_ORIGINAL_SYNTHETIC_500,318_h02-sitting-on-floor-08,IMG_003719,pf_v2_aigc_h02-sitting-on-floor,DEV,V3_DEV,/home/yanbo/下载/batches/batch_person-fallen-v2-camera1p5m/final/318_h02-sitting-on-floor-08.png,47c966c7e3000e227ea832590ab7f537270c4f411e1e5f9090b91012315ee2f3,FROZEN_V2_MANIFEST_EXPECTED_AND_ACTUAL,/home/yanbo/下载/batches/batch_person-fallen-v2-camera1p5m/prompts/318_h02-sitting-on-floor-08.txt,76546032bb15e85f574daed5acf7d413364fba659eea78dae6af992179c3f6eb,floor_sitting,hard_negative,0,negative,hard_negative,FROZEN_V2_PROMPT_IMAGE_MAPPING_PASS,PROMPT_DERIVED_SYNTHETIC_GT,FROZEN_GENERATION_PROMPT_AND_PLANNED_ROLE,false,true,true,0.8378166556358337,0.017785412459731257,/home/yanbo/net_vlm_person_fallen_v2_optimization/13_person_fallen_v4_pose_attributes/prepared_full_dev/PFV4DEV_0129/full_scene.jpg,0f1f40ef24200aba130fc154566d9ee4faeec7c2251a3651ba7440463f0e2fad,/home/yanbo/net_vlm_person_fallen_v2_optimization/13_person_fallen_v4_pose_attributes/prepared_full_dev/PFV4DEV_0129/person_crop.jpg,d16f36da4160e1f844ae3d76310fd17e9143821ac533be1365eaf77e6f59329c,2,floor_sitting,floor_sitting,PFV4D_0053,FROZEN_TAXONOMY_AND_STABLE_ID_ONLY,PFV4DEV_0129,normal_negative,PILOT_DEV_115,pilot,V5_B0_PILOT_0053
PFV4DEV_0130,NO_ALERT_NORMAL_POSE,ALL_FROZEN_V3_DEV_ROWS_IN_PARENT_ORDER,V2_ORIGINAL::IMG_003720,V2_ORIGINAL_SYNTHETIC_500,319_h02-sitting-on-floor-09,IMG_003720,pf_v2_aigc_h02-sitting-on-floor,DEV,V3_DEV,/home/yanbo/下载/batches/batch_person-fallen-v2-camera1p5m/final/319_h02-sitting-on-floor-09.png,535a93d41730af7911e98c7078fc4d470a277fdd4048c6e80cb57ed8e7db3439,FROZEN_V2_MANIFEST_EXPECTED_AND_ACTUAL,/home/yanbo/下载/batches/batch_person-fallen-v2-camera1p5m/prompts/319_h02-sitting-on-floor-09.txt,4ed8d3f6c162d61ff48d37d5a665a36e1b62686a8de94356db89985598c60767,floor_sitting,hard_negative,0,negative,hard_negative,FROZEN_V2_PROMPT_IMAGE_MAPPING_PASS,PROMPT_DERIVED_SYNTHETIC_GT,FROZEN_GENERATION_PROMPT_AND_PLANNED_ROLE,false,true,true,0.9147012233734131,0.09548561551556405,/home/yanbo/net_vlm_person_fallen_v2_optimization/13_person_fallen_v4_pose_attributes/prepared_full_dev/PFV4DEV_0130/full_scene.jpg,623a37d71fb82cf5f35737da12d44dcc4bb0134acf25beb6cb22e93170ff81bb,/home/yanbo/net_vlm_person_fallen_v2_optimization/13_person_fallen_v4_pose_attributes/prepared_full_dev/PFV4DEV_0130/person_crop.jpg,351088d10c6a18cc4e0c8fd24849777297d068c5cfc23b5c8cac4d696180bb41,2,floor_sitting,floor_sitting,PFV4D_0054,FROZEN_TAXONOMY_AND_STABLE_ID_ONLY,PFV4DEV_0130,normal_negative,PILOT_DEV_115,pilot,V5_B0_PILOT_0054
PFV4DEV_0132,NO_ALERT_NORMAL_POSE,ALL_FROZEN_V3_DEV_ROWS_IN_PARENT_ORDER,V2_ORIGINAL::IMG_003721,V2_ORIGINAL_SYNTHETIC_500,320_h02-sitting-on-floor-10,IMG_003721,pf_v2_aigc_h02-sitting-on-floor,DEV,V3_DEV,/home/yanbo/下载/batches/batch_person-fallen-v2-camera1p5m/final/320_h02-sitting-on-floor-10.png,87f2d821c7096f9fb25574f6272bb3ccd52ae160cf83b591930e5b2ea4bc6b99,FROZEN_V2_MANIFEST_EXPECTED_AND_ACTUAL,/home/yanbo/下载/batches/batch_person-fallen-v2-camera1p5m/prompts/320_h02-sitting-on-floor-10.txt,2bab1122f652dd8d905e2d9b73147137f864190ad442f4f0c4e01862dc1397c4,floor_sitting,hard_negative,0,negative,hard_negative,FROZEN_V2_PROMPT_IMAGE_MAPPING_PASS,PROMPT_DERIVED_SYNTHETIC_GT,FROZEN_GENERATION_PROMPT_AND_PLANNED_ROLE,false,true,true,0.9260579347610474,0.08951940278172549,/home/yanbo/net_vlm_person_fallen_v2_optimization/13_person_fallen_v4_pose_attributes/prepared_full_dev/PFV4DEV_0132/full_scene.jpg,d4cacfa31ca414cfc7b8d6ade33bfc0e444c9fb6bcab8c54275e9ff41dd23712,/home/yanbo/net_vlm_person_fallen_v2_optimization/13_person_fallen_v4_pose_attributes/prepared_full_dev/PFV4DEV_0132/person_crop.jpg,4676a43701ebcf08de3d8e4d3aaca66fea4a692dd81237a8e0ea7b0ffa582bb5,2,floor_sitting,floor_sitting,PFV4D_0055,FROZEN_TAXONOMY_AND_STABLE_ID_ONLY,PFV4DEV_0132,normal_negative,PILOT_DEV_115,pilot,V5_B0_PILOT_0055
PFV4DEV_0402,ALERT_GROUND_LYING,ALL_FROZEN_V3_DEV_ROWS_IN_PARENT_ORDER,P4D_PLAN::PF_P4D_POS_PRONE_G001_V01,P4D_FROZEN_PLAN_440,PF_P4D_POS_PRONE_G001_V01,,PF_P4D_POS_PRONE_G001,NEW_DESIGN,V3_DEV,/home/yanbo/net_vlm_person_fallen_v2_optimization/08_p4d_new_hard_negative_dev_revision/02_generation/gr3_fullregen/06_execution/quota_campaign_window_05_gr3q8_authorized_20260831_01/08_final/PF_P4D_POS_PRONE_G001_V01.png,44e5213eb3e5ed91efe3db9cea4669d392fafb8d616ba975abd18e7b6ff487b0,FAST_CLOSE_EXPECTED_AND_ACTUAL,/home/yanbo/下载/batches/batch_person-fallen-v2-p4d-hardneg-rev1-camera1p5m/prompts/PF_P4D_POS_PRONE_G001_V01.txt,a323736a5ed2a64780e438a3eebde0f1823ee89ef5a90f83b219b46430e17b5f,prone_ground_lying,positive,positive,positive,positive,P4D_FAST_CLOSE_PROVENANCE_MECHANICAL_LINEAGE_PASS,PROMPT_DERIVED_SYNTHETIC_GT,FROZEN_GENERATION_PROMPT_AND_PLANNED_ROLE,false,true,true,0.8419154286384583,0.0815880620459696,/home/yanbo/net_vlm_person_fallen_v2_optimization/13_person_fallen_v4_pose_attributes/prepared_full_dev/PFV4DEV_0402/full_scene.jpg,101aaabe41fe56f80a51557d54fc911e605f9591583873d3757d33e58ed8e393,/home/yanbo/net_vlm_person_fallen_v2_optimization/13_person_fallen_v4_pose_attributes/prepared_full_dev/PFV4DEV_0402/person_crop.jpg,5dfa01e203e0fa7a5e2eb4aaaf49c841475f785523fa1797ed50140298900efb,2,lying,lying,PFV4D_0056,FROZEN_TAXONOMY_AND_STABLE_ID_ONLY,PFV4DEV_0402,ground_lying,PILOT_DEV_115,pilot,V5_B0_PILOT_0056
PFV4DEV_0403,ALERT_GROUND_LYING,ALL_FROZEN_V3_DEV_ROWS_IN_PARENT_ORDER,P4D_PLAN::PF_P4D_POS_PRONE_G001_V02,P4D_FROZEN_PLAN_440,PF_P4D_POS_PRONE_G001_V02,,PF_P4D_POS_PRONE_G001,NEW_DESIGN,V3_DEV,/home/yanbo/net_vlm_person_fallen_v2_optimization/08_p4d_new_hard_negative_dev_revision/02_generation/gr3_fullregen/06_execution/quota_campaign_window_05_gr3q8_authorized_20260831_01/08_final/PF_P4D_POS_PRONE_G001_V02.png,2b44eaabf8fff5f3df8035f7d2590bc9ab8dd5a71ff93ec0eae05b56b5459977,FAST_CLOSE_EXPECTED_AND_ACTUAL,/home/yanbo/下载/batches/batch_person-fallen-v2-p4d-hardneg-rev1-camera1p5m/prompts/PF_P4D_POS_PRONE_G001_V02.txt,3cf49b6c5800a0f64c98aeb63e16402c934d576c2d0555a2009ec900bf32a443,prone_ground_lying,positive,positive,positive,positive,P4D_FAST_CLOSE_PROVENANCE_MECHANICAL_LINEAGE_PASS,PROMPT_DERIVED_SYNTHETIC_GT,FROZEN_GENERATION_PROMPT_AND_PLANNED_ROLE,false,true,true,0.8363440632820129,0.047115549332132405,/home/yanbo/net_vlm_person_fallen_v2_optimization/13_person_fallen_v4_pose_attributes/prepared_full_dev/PFV4DEV_0403/full_scene.jpg,21ea72e7cb8d161b916be232d72d057a06ca5c272a56f3a2a28dbe84b55dac5a,/home/yanbo/net_vlm_person_fallen_v2_optimization/13_person_fallen_v4_pose_attributes/prepared_full_dev/PFV4DEV_0403/person_crop.jpg,008d069f45970ef4297439e2a9c7950091d54da4c6e82d6ee997b51feef57d19,2,lying,lying,PFV4D_0057,FROZEN_TAXONOMY_AND_STABLE_ID_ONLY,PFV4DEV_0403,ground_lying,PILOT_DEV_115,pilot,V5_B0_PILOT_0057
PFV4DEV_0404,ALERT_GROUND_LYING,ALL_FROZEN_V3_DEV_ROWS_IN_PARENT_ORDER,P4D_PLAN::PF_P4D_POS_PRONE_G001_V03,P4D_FROZEN_PLAN_440,PF_P4D_POS_PRONE_G001_V03,,PF_P4D_POS_PRONE_G001,NEW_DESIGN,V3_DEV,/home/yanbo/net_vlm_person_fallen_v2_optimization/08_p4d_new_hard_negative_dev_revision/02_generation/gr3_fullregen/06_execution/quota_campaign_window_05_gr3q8_authorized_20260831_01/08_final/PF_P4D_POS_PRONE_G001_V03.png,4ff63469df9a231910a897a56257408881bf7deb8ffbc6a390ca0257ca988147,FAST_CLOSE_EXPECTED_AND_ACTUAL,/home/yanbo/下载/batches/batch_person-fallen-v2-p4d-hardneg-rev1-camera1p5m/prompts/PF_P4D_POS_PRONE_G001_V03.txt,94e8865284deea85d8368bdcb4fb87c37b5ccae7bb98749d9bc949355b7efe92,prone_ground_lying,positive,positive,positive,positive,P4D_FAST_CLOSE_PROVENANCE_MECHANICAL_LINEAGE_PASS,PROMPT_DERIVED_SYNTHETIC_GT,FROZEN_GENERATION_PROMPT_AND_PLANNED_ROLE,false,true,true,0.8383229970932007,0.11999196327165312,/home/yanbo/net_vlm_person_fallen_v2_optimization/13_person_fallen_v4_pose_attributes/prepared_full_dev/PFV4DEV_0404/full_scene.jpg,d114b40a99faf26a3d744063a2164cf68716ca09377757ddc144aa11c14cd1a9,/home/yanbo/net_vlm_person_fallen_v2_optimization/13_person_fallen_v4_pose_attributes/prepared_full_dev/PFV4DEV_0404/person_crop.jpg,467fe5a8a315437d2864a52153e67261802815965b1d27ef780323c93a59c402,2,lying,lying,PFV4D_0058,FROZEN_TAXONOMY_AND_STABLE_ID_ONLY,PFV4DEV_0404,ground_lying,PILOT_DEV_115,pilot,V5_B0_PILOT_0058
PFV4DEV_0405,ALERT_GROUND_LYING,ALL_FROZEN_V3_DEV_ROWS_IN_PARENT_ORDER,P4D_PLAN::PF_P4D_POS_PRONE_G001_V04,P4D_FROZEN_PLAN_440,PF_P4D_POS_PRONE_G001_V04,,PF_P4D_POS_PRONE_G001,NEW_DESIGN,V3_DEV,/home/yanbo/net_vlm_person_fallen_v2_optimization/08_p4d_new_hard_negative_dev_revision/02_generation/gr3_fullregen/06_execution/quota_campaign_window_05_gr3q8_authorized_20260831_01/08_final/PF_P4D_POS_PRONE_G001_V04.png,0f9a47785f5255a87ca5b63b577704d9da8d8d75966a94f6e7a2f57dd9912965,FAST_CLOSE_EXPECTED_AND_ACTUAL,/home/yanbo/下载/batches/batch_person-fallen-v2-p4d-hardneg-rev1-camera1p5m/prompts/PF_P4D_POS_PRONE_G001_V04.txt,569f3ab96d127c1a77f213a4f6487594c5a5218b722fc13c4995058cc1aa458d,prone_ground_lying,positive,positive,positive,positive,P4D_FAST_CLOSE_PROVENANCE_MECHANICAL_LINEAGE_PASS,PROMPT_DERIVED_SYNTHETIC_GT,FROZEN_GENERATION_PROMPT_AND_PLANNED_ROLE,false,true,true,0.9139185547828674,0.18869547956017346,/home/yanbo/net_vlm_person_fallen_v2_optimization/13_person_fallen_v4_pose_attributes/prepared_full_dev/PFV4DEV_0405/full_scene.jpg,868a2d628f5b6491ce2655b770fdc7cfd2d88bb890cc0cbf34bf717d12b037d2,/home/yanbo/net_vlm_person_fallen_v2_optimization/13_person_fallen_v4_pose_attributes/prepared_full_dev/PFV4DEV_0405/person_crop.jpg,a728e4fb82b83e3f05194de6552c5937a0d5063d0188e420b4a9b09797851d62,2,lying,lying,PFV4D_0059,FROZEN_TAXONOMY_AND_STABLE_ID_ONLY,PFV4DEV_0405,ground_lying,PILOT_DEV_115,pilot,V5_B0_PILOT_0059
PFV4DEV_0406,ALERT_GROUND_LYING,ALL_FROZEN_V3_DEV_ROWS_IN_PARENT_ORDER,P4D_PLAN::PF_P4D_POS_PRONE_G001_V05,P4D_FROZEN_PLAN_440,PF_P4D_POS_PRONE_G001_V05,,PF_P4D_POS_PRONE_G001,NEW_DESIGN,V3_DEV,/home/yanbo/net_vlm_person_fallen_v2_optimization/08_p4d_new_hard_negative_dev_revision/02_generation/gr3_fullregen/06_execution/quota_campaign_window_05_gr3q8_authorized_20260831_01/08_final/PF_P4D_POS_PRONE_G001_V05.png,88248d505e415a2aa8b8af9e980baf8e7eef22bb497d46d778c990e2b0942ad2,FAST_CLOSE_EXPECTED_AND_ACTUAL,/home/yanbo/下载/batches/batch_person-fallen-v2-p4d-hardneg-rev1-camera1p5m/prompts/PF_P4D_POS_PRONE_G001_V05.txt,6b3a19183abcddd3019246d3529aaff05c0c1394f948fa7cfb9395dff6ed777c,prone_ground_lying,positive,positive,positive,positive,P4D_FAST_CLOSE_PROVENANCE_MECHANICAL_LINEAGE_PASS,PROMPT_DERIVED_SYNTHETIC_GT,FROZEN_GENERATION_PROMPT_AND_PLANNED_ROLE,false,true,true,0.907950758934021,0.10769899094535504,/home/yanbo/net_vlm_person_fallen_v2_optimization/13_person_fallen_v4_pose_attributes/prepared_full_dev/PFV4DEV_0406/full_scene.jpg,403b938bc947cbde7c22bfe5d0edc006385a65f4bdce73213944d8d12ee514e3,/home/yanbo/net_vlm_person_fallen_v2_optimization/13_person_fallen_v4_pose_attributes/prepared_full_dev/PFV4DEV_0406/person_crop.jpg,3cc9cd4616913a85d3eea294f7cb8f9dfb37c78826ad734c7f5b5d3a52a7abc8,2,lying,lying,PFV4D_0060,FROZEN_TAXONOMY_AND_STABLE_ID_ONLY,PFV4DEV_0406,ground_lying,PILOT_DEV_115,pilot,V5_B0_PILOT_0060
PFV4DEV_0061,ALERT_GROUND_LYING,ALL_FROZEN_V3_DEV_ROWS_IN_PARENT_ORDER,V2_ORIGINAL::IMG_004002,V2_ORIGINAL_SYNTHETIC_500,21_p03-prone-on-floor-01,IMG_004002,pf_v2_aigc_p03-prone-on-floor,DEV,V3_DEV,/home/yanbo/下载/batches/batch_person-fallen-v2-camera1p5m/final/21_p03-prone-on-floor-01.png,f0afef1f06a16d9f91cbc9eb9a52cecd79d692a10c0624b6f169255a562f6374,FROZEN_V2_MANIFEST_EXPECTED_AND_ACTUAL,/home/yanbo/下载/batches/batch_person-fallen-v2-camera1p5m/prompts/21_p03-prone-on-floor-01.txt,6a930f25e9052b7138e3d818d094cfc97049267377a7586c4e199432b20ea58b,prone_ground_lying,positive,1,positive,positive,FROZEN_V2_PROMPT_IMAGE_MAPPING_PASS,PROMPT_DERIVED_SYNTHETIC_GT,FROZEN_GENERATION_PROMPT_AND_PLANNED_ROLE,false,true,true,0.9166774749755859,0.24247284510613235,/home/yanbo/net_vlm_person_fallen_v2_optimization/13_person_fallen_v4_pose_attributes/prepared_full_dev/PFV4DEV_0061/full_scene.jpg,933005d400d607899a10af03465fa4f907a58e628c8faea4a07194981c308b25,/home/yanbo/net_vlm_person_fallen_v2_optimization/13_person_fallen_v4_pose_attributes/prepared_full_dev/PFV4DEV_0061/person_crop.jpg,dbad648b6ca780597f62bb384b6469cf4b2b6ba09a8cb920b4b2a095648d9a6f,2,lying,lying,PFV4D_0061,FROZEN_TAXONOMY_AND_STABLE_ID_ONLY,PFV4DEV_0061,ground_lying,PILOT_DEV_115,pilot,V5_B0_PILOT_0061
PFV4DEV_0072,ALERT_GROUND_LYING,ALL_FROZEN_V3_DEV_ROWS_IN_PARENT_ORDER,V2_ORIGINAL::IMG_004003,V2_ORIGINAL_SYNTHETIC_500,22_p03-prone-on-floor-02,IMG_004003,pf_v2_aigc_p03-prone-on-floor,DEV,V3_DEV,/home/yanbo/下载/batches/batch_person-fallen-v2-camera1p5m/final/22_p03-prone-on-floor-02.png,531968ccc4c4000ca558dc91f46f4aa132767e2df19281d2506c4cbbd62c3e0f,FROZEN_V2_MANIFEST_EXPECTED_AND_ACTUAL,/home/yanbo/下载/batches/batch_person-fallen-v2-camera1p5m/prompts/22_p03-prone-on-floor-02.txt,7098ca4f50f689b2580a8069b264bcfba3914acc2561e1b9c8e153b79051fa11,prone_ground_lying,positive,1,positive,positive,FROZEN_V2_PROMPT_IMAGE_MAPPING_PASS,PROMPT_DERIVED_SYNTHETIC_GT,FROZEN_GENERATION_PROMPT_AND_PLANNED_ROLE,false,true,true,0.822796106338501,0.20266174214910143,/home/yanbo/net_vlm_person_fallen_v2_optimization/13_person_fallen_v4_pose_attributes/prepared_full_dev/PFV4DEV_0072/full_scene.jpg,0cb965626041f1f0b9faee96f7c18ce0582937733efbb32896cab618f04a8854,/home/yanbo/net_vlm_person_fallen_v2_optimization/13_person_fallen_v4_pose_attributes/prepared_full_dev/PFV4DEV_0072/person_crop.jpg,9d23d9c7bd1b80bc1235daf9354d747dffb6b4afaa63edc04a24453d6a330c29,2,lying,lying,PFV4D_0062,FROZEN_TAXONOMY_AND_STABLE_ID_ONLY,PFV4DEV_0072,ground_lying,PILOT_DEV_115,pilot,V5_B0_PILOT_0062
PFV4DEV_0083,ALERT_GROUND_LYING,ALL_FROZEN_V3_DEV_ROWS_IN_PARENT_ORDER,V2_ORIGINAL::IMG_004004,V2_ORIGINAL_SYNTHETIC_500,23_p03-prone-on-floor-03,IMG_004004,pf_v2_aigc_p03-prone-on-floor,DEV,V3_DEV,/home/yanbo/下载/batches/batch_person-fallen-v2-camera1p5m/final/23_p03-prone-on-floor-03.png,86547becdc828b66ad9504dc73a3f4554738ec7030b623ec6830ae18fb351a4a,FROZEN_V2_MANIFEST_EXPECTED_AND_ACTUAL,/home/yanbo/下载/batches/batch_person-fallen-v2-camera1p5m/prompts/23_p03-prone-on-floor-03.txt,bd4f337f850716d078e3d01b294614bc3c6c2e7eb5545614afd186284287f0ae,prone_ground_lying,positive,1,positive,positive,FROZEN_V2_PROMPT_IMAGE_MAPPING_PASS,PROMPT_DERIVED_SYNTHETIC_GT,FROZEN_GENERATION_PROMPT_AND_PLANNED_ROLE,false,true,true,0.9359273314476013,0.2192289343564577,/home/yanbo/net_vlm_person_fallen_v2_optimization/13_person_fallen_v4_pose_attributes/prepared_full_dev/PFV4DEV_0083/full_scene.jpg,ef708d3d5cb693f611e07be9392efc75fc07a8cdd041dd34daa890d954b43080,/home/yanbo/net_vlm_person_fallen_v2_optimization/13_person_fallen_v4_pose_attributes/prepared_full_dev/PFV4DEV_0083/person_crop.jpg,8c34eb24bbb28ec0fadc77fff2ed3cac020f9b0cf0816ee789d8aadf4ed193d5,2,lying,lying,PFV4D_0063,FROZEN_TAXONOMY_AND_STABLE_ID_ONLY,PFV4DEV_0083,ground_lying,PILOT_DEV_115,pilot,V5_B0_PILOT_0063
PFV4DEV_0094,ALERT_GROUND_LYING,ALL_FROZEN_V3_DEV_ROWS_IN_PARENT_ORDER,V2_ORIGINAL::IMG_004005,V2_ORIGINAL_SYNTHETIC_500,24_p03-prone-on-floor-04,IMG_004005,pf_v2_aigc_p03-prone-on-floor,DEV,V3_DEV,/home/yanbo/下载/batches/batch_person-fallen-v2-camera1p5m/final/24_p03-prone-on-floor-04.png,fc2bc25c7a7c65641f3f35cd41cab981571e82d00231d5cb3f676954c03684f1,FROZEN_V2_MANIFEST_EXPECTED_AND_ACTUAL,/home/yanbo/下载/batches/batch_person-fallen-v2-camera1p5m/prompts/24_p03-prone-on-floor-04.txt,3afeb315e26aa99f8b576fbaa0b83144c2e824be6a7fe87f3ae78400587328bd,prone_ground_lying,positive,1,positive,positive,FROZEN_V2_PROMPT_IMAGE_MAPPING_PASS,PROMPT_DERIVED_SYNTHETIC_GT,FROZEN_GENERATION_PROMPT_AND_PLANNED_ROLE,false,true,true,0.9319137930870056,0.2374513597072718,/home/yanbo/net_vlm_person_fallen_v2_optimization/13_person_fallen_v4_pose_attributes/prepared_full_dev/PFV4DEV_0094/full_scene.jpg,59ab7bf9b3cf3b27648306735f2e43d18494243c8dedb5818a1fea2f385790f6,/home/yanbo/net_vlm_person_fallen_v2_optimization/13_person_fallen_v4_pose_attributes/prepared_full_dev/PFV4DEV_0094/person_crop.jpg,e26d2c6fdfc490bb64a614edf110d561122eeb315647ed38daf9201c8ccdda75,2,lying,lying,PFV4D_0064,FROZEN_TAXONOMY_AND_STABLE_ID_ONLY,PFV4DEV_0094,ground_lying,PILOT_DEV_115,pilot,V5_B0_PILOT_0064
PFV4DEV_0105,ALERT_GROUND_LYING,ALL_FROZEN_V3_DEV_ROWS_IN_PARENT_ORDER,V2_ORIGINAL::IMG_004006,V2_ORIGINAL_SYNTHETIC_500,25_p03-prone-on-floor-05,IMG_004006,pf_v2_aigc_p03-prone-on-floor,DEV,V3_DEV,/home/yanbo/下载/batches/batch_person-fallen-v2-camera1p5m/final/25_p03-prone-on-floor-05.png,562f3ef69ce6291a666cffda86e701c7f20b92195677ac0bffc96dbf792f87e1,FROZEN_V2_MANIFEST_EXPECTED_AND_ACTUAL,/home/yanbo/下载/batches/batch_person-fallen-v2-camera1p5m/prompts/25_p03-prone-on-floor-05.txt,557a00e8f0ae115d40b3d827ced6a042d16cf552b325a5c183d5cd5be3b784db,prone_ground_lying,positive,1,positive,positive,FROZEN_V2_PROMPT_IMAGE_MAPPING_PASS,PROMPT_DERIVED_SYNTHETIC_GT,FROZEN_GENERATION_PROMPT_AND_PLANNED_ROLE,false,true,true,0.8777728080749512,0.11708359395426894,/home/yanbo/net_vlm_person_fallen_v2_optimization/13_person_fallen_v4_pose_attributes/prepared_full_dev/PFV4DEV_0105/full_scene.jpg,8569c12ca4a00c7262913037b7efb7cb5d1f39933287e059d10afa1eb19ebe5e,/home/yanbo/net_vlm_person_fallen_v2_optimization/13_person_fallen_v4_pose_attributes/prepared_full_dev/PFV4DEV_0105/person_crop.jpg,2b49c0fa214da368859dd57d394fe1bd5c811e04a81d5022fb810e9cd8394d79,2,lying,lying,PFV4D_0065,FROZEN_TAXONOMY_AND_STABLE_ID_ONLY,PFV4DEV_0105,ground_lying,PILOT_DEV_115,pilot,V5_B0_PILOT_0065
PFV4DEV_0107,ALERT_GROUND_LYING,ALL_FROZEN_V3_DEV_ROWS_IN_PARENT_ORDER,V2_ORIGINAL::IMG_004007,V2_ORIGINAL_SYNTHETIC_500,26_p03-prone-on-floor-06,IMG_004007,pf_v2_aigc_p03-prone-on-floor,DEV,V3_DEV,/home/yanbo/下载/batches/batch_person-fallen-v2-camera1p5m/final/26_p03-prone-on-floor-06.png,ffea712d59fccabbaf558579286df4d7fe6c99afeb817ce0bf8dad7d3377a921,FROZEN_V2_MANIFEST_EXPECTED_AND_ACTUAL,/home/yanbo/下载/batches/batch_person-fallen-v2-camera1p5m/prompts/26_p03-prone-on-floor-06.txt,82a6ef69bd5a46a4d18e618910e3c00131ddef244963a362bf5e980eb0811490,prone_ground_lying,positive,1,positive,positive,FROZEN_V2_PROMPT_IMAGE_MAPPING_PASS,PROMPT_DERIVED_SYNTHETIC_GT,FROZEN_GENERATION_PROMPT_AND_PLANNED_ROLE,false,true,true,0.9011613130569458,0.15775217352940807,/home/yanbo/net_vlm_person_fallen_v2_optimization/13_person_fallen_v4_pose_attributes/prepared_full_dev/PFV4DEV_0107/full_scene.jpg,1d3075d2dce7a1f5364e3b69aade979e9f74c4e5ce56a278d0e1a6f8729abee0,/home/yanbo/net_vlm_person_fallen_v2_optimization/13_person_fallen_v4_pose_attributes/prepared_full_dev/PFV4DEV_0107/person_crop.jpg,f624d7550b5bde42a6bfd9729d1c2418845b35d769e1d6f4637c4a422d01e356,2,lying,lying,PFV4D_0066,FROZEN_TAXONOMY_AND_STABLE_ID_ONLY,PFV4DEV_0107,ground_lying,PILOT_DEV_115,pilot,V5_B0_PILOT_0066
PFV4DEV_0108,ALERT_GROUND_LYING,ALL_FROZEN_V3_DEV_ROWS_IN_PARENT_ORDER,V2_ORIGINAL::IMG_004008,V2_ORIGINAL_SYNTHETIC_500,27_p03-prone-on-floor-07,IMG_004008,pf_v2_aigc_p03-prone-on-floor,DEV,V3_DEV,/home/yanbo/下载/batches/batch_person-fallen-v2-camera1p5m/final/27_p03-prone-on-floor-07.png,6609e71caae836680300eb0b9a5b375fed21f3fc3538aa102667e729b25864b6,FROZEN_V2_MANIFEST_EXPECTED_AND_ACTUAL,/home/yanbo/下载/batches/batch_person-fallen-v2-camera1p5m/prompts/27_p03-prone-on-floor-07.txt,069a1407727b7bc0060238dd162129e5bf90c906ac59cb49ff3a525e9f0924c4,prone_ground_lying,positive,1,positive,positive,FROZEN_V2_PROMPT_IMAGE_MAPPING_PASS,PROMPT_DERIVED_SYNTHETIC_GT,FROZEN_GENERATION_PROMPT_AND_PLANNED_ROLE,false,true,true,0.9270421862602234,0.34022717468820857,/home/yanbo/net_vlm_person_fallen_v2_optimization/13_person_fallen_v4_pose_attributes/prepared_full_dev/PFV4DEV_0108/full_scene.jpg,baa3cee0535739ca073bd16fd314ce5e450a21dd318133d4bac11d4a4dd0d058,/home/yanbo/net_vlm_person_fallen_v2_optimization/13_person_fallen_v4_pose_attributes/prepared_full_dev/PFV4DEV_0108/person_crop.jpg,c4d3e42fa3b57103b72ea8c5bfb18f6ad15c7257b733f2d6c5e958c54a0151ff,2,lying,lying,PFV4D_0067,FROZEN_TAXONOMY_AND_STABLE_ID_ONLY,PFV4DEV_0108,ground_lying,PILOT_DEV_115,pilot,V5_B0_PILOT_0067
PFV4DEV_0109,ALERT_GROUND_LYING,ALL_FROZEN_V3_DEV_ROWS_IN_PARENT_ORDER,V2_ORIGINAL::IMG_004009,V2_ORIGINAL_SYNTHETIC_500,28_p03-prone-on-floor-08,IMG_004009,pf_v2_aigc_p03-prone-on-floor,DEV,V3_DEV,/home/yanbo/下载/batches/batch_person-fallen-v2-camera1p5m/final/28_p03-prone-on-floor-08.png,5584ace79f64b843dbea6e6eccf78e5e0700837c1b506bf79c82085f472e285b,FROZEN_V2_MANIFEST_EXPECTED_AND_ACTUAL,/home/yanbo/下载/batches/batch_person-fallen-v2-camera1p5m/prompts/28_p03-prone-on-floor-08.txt,e2d1b1813fad5dc55c2c485d2f96316c75d3840bb8c9880f318c0803c45e6066,prone_ground_lying,positive,1,positive,positive,FROZEN_V2_PROMPT_IMAGE_MAPPING_PASS,PROMPT_DERIVED_SYNTHETIC_GT,FROZEN_GENERATION_PROMPT_AND_PLANNED_ROLE,false,true,true,0.8376479148864746,0.05068424704038652,/home/yanbo/net_vlm_person_fallen_v2_optimization/13_person_fallen_v4_pose_attributes/prepared_full_dev/PFV4DEV_0109/full_scene.jpg,b02ebc642a45c0ef3a09ffa38066e9e64110f4d0274b88c0b7ef0b8fb2c135f9,/home/yanbo/net_vlm_person_fallen_v2_optimization/13_person_fallen_v4_pose_attributes/prepared_full_dev/PFV4DEV_0109/person_crop.jpg,a8be6da14f601eb95a0dd65cb112dde9b0563564fb1f10099982b3b94c36fbca,2,lying,lying,PFV4D_0068,FROZEN_TAXONOMY_AND_STABLE_ID_ONLY,PFV4DEV_0109,ground_lying,PILOT_DEV_115,pilot,V5_B0_PILOT_0068
PFV4DEV_0110,ALERT_GROUND_LYING,ALL_FROZEN_V3_DEV_ROWS_IN_PARENT_ORDER,V2_ORIGINAL::IMG_004010,V2_ORIGINAL_SYNTHETIC_500,29_p03-prone-on-floor-09,IMG_004010,pf_v2_aigc_p03-prone-on-floor,DEV,V3_DEV,/home/yanbo/下载/batches/batch_person-fallen-v2-camera1p5m/final/29_p03-prone-on-floor-09.png,5e672724004a81b5b2d705c84a7bfb3bd5dadec21ca063c60d35dcc09debb938,FROZEN_V2_MANIFEST_EXPECTED_AND_ACTUAL,/home/yanbo/下载/batches/batch_person-fallen-v2-camera1p5m/prompts/29_p03-prone-on-floor-09.txt,65061ebf715ad83d65699016b726f9ad39453bf616c01e6732f16a48f1d7ed34,prone_ground_lying,positive,1,positive,positive,FROZEN_V2_PROMPT_IMAGE_MAPPING_PASS,PROMPT_DERIVED_SYNTHETIC_GT,FROZEN_GENERATION_PROMPT_AND_PLANNED_ROLE,false,true,true,0.8798298239707947,0.07111289840088122,/home/yanbo/net_vlm_person_fallen_v2_optimization/13_person_fallen_v4_pose_attributes/prepared_full_dev/PFV4DEV_0110/full_scene.jpg,afc3d7e535b51f899f5a5ef5c21109a2f7cacf8b9145d30432da7eff119ef78b,/home/yanbo/net_vlm_person_fallen_v2_optimization/13_person_fallen_v4_pose_attributes/prepared_full_dev/PFV4DEV_0110/person_crop.jpg,b0acdaf65257e0fa63bf622f059694955e19a93e9762a0ca257a0b2e1d33a7bf,2,lying,lying,PFV4D_0069,FROZEN_TAXONOMY_AND_STABLE_ID_ONLY,PFV4DEV_0110,ground_lying,PILOT_DEV_115,pilot,V5_B0_PILOT_0069
PFV4DEV_0120,ALERT_GROUND_LYING,ALL_FROZEN_V3_DEV_ROWS_IN_PARENT_ORDER,V2_ORIGINAL::IMG_004011,V2_ORIGINAL_SYNTHETIC_500,30_p03-prone-on-floor-10,IMG_004011,pf_v2_aigc_p03-prone-on-floor,DEV,V3_DEV,/home/yanbo/下载/batches/batch_person-fallen-v2-camera1p5m/final/30_p03-prone-on-floor-10.png,21a5aa9d0b90a82dff6f58e818f3f4cd2c2c7f83a07fac1b12e2a6bcb2b74a4b,FROZEN_V2_MANIFEST_EXPECTED_AND_ACTUAL,/home/yanbo/下载/batches/batch_person-fallen-v2-camera1p5m/prompts/30_p03-prone-on-floor-10.txt,74be16d00249bc2b5a34f514c3142a2587e5ca7bba8732256c341956ed880cec,prone_ground_lying,positive,1,positive,positive,FROZEN_V2_PROMPT_IMAGE_MAPPING_PASS,PROMPT_DERIVED_SYNTHETIC_GT,FROZEN_GENERATION_PROMPT_AND_PLANNED_ROLE,false,true,true,0.8246027827262878,0.15028522583881568,/home/yanbo/net_vlm_person_fallen_v2_optimization/13_person_fallen_v4_pose_attributes/prepared_full_dev/PFV4DEV_0120/full_scene.jpg,12d2a866d221ade32ea0954fae05c181d616c009166023a38a02709e4d49881c,/home/yanbo/net_vlm_person_fallen_v2_optimization/13_person_fallen_v4_pose_attributes/prepared_full_dev/PFV4DEV_0120/person_crop.jpg,e621c79c68f4527b58da0ef816855ebae3682f4d550c9c4e9588703b01525477,2,lying,lying,PFV4D_0070,FROZEN_TAXONOMY_AND_STABLE_ID_ONLY,PFV4DEV_0120,ground_lying,PILOT_DEV_115,pilot,V5_B0_PILOT_0070
PFV4DEV_0131,ALERT_GROUND_LYING,ALL_FROZEN_V3_DEV_ROWS_IN_PARENT_ORDER,V2_ORIGINAL::IMG_004012,V2_ORIGINAL_SYNTHETIC_500,31_p04-prone-on-floor-01,IMG_004012,pf_v2_aigc_p04-prone-on-floor,DEV,V3_DEV,/home/yanbo/下载/batches/batch_person-fallen-v2-camera1p5m/final/31_p04-prone-on-floor-01.png,b0bc6b665f847380a62540bd0387a6356f273185253e134cc9d731120aee9ba7,FROZEN_V2_MANIFEST_EXPECTED_AND_ACTUAL,/home/yanbo/下载/batches/batch_person-fallen-v2-camera1p5m/prompts/31_p04-prone-on-floor-01.txt,950f1d629a056472236b0d35434bd68e21126c2bebf348640f486ac25f231ec4,prone_ground_lying,positive,1,positive,positive,FROZEN_V2_PROMPT_IMAGE_MAPPING_PASS,PROMPT_DERIVED_SYNTHETIC_GT,FROZEN_GENERATION_PROMPT_AND_PLANNED_ROLE,false,true,true,0.915467381477356,0.29845026303071925,/home/yanbo/net_vlm_person_fallen_v2_optimization/13_person_fallen_v4_pose_attributes/prepared_full_dev/PFV4DEV_0131/full_scene.jpg,20d761ba8a3f572da5c3f3fcd5b693222f1fe03ab026265d08b3b4e85b77586f,/home/yanbo/net_vlm_person_fallen_v2_optimization/13_person_fallen_v4_pose_attributes/prepared_full_dev/PFV4DEV_0131/person_crop.jpg,425f7daa2f695159f3359f22f6806bdd059adef2156316b974da0b5cec23b3e3,2,lying,lying,PFV4D_0071,FROZEN_TAXONOMY_AND_STABLE_ID_ONLY,PFV4DEV_0131,ground_lying,PILOT_DEV_115,pilot,V5_B0_PILOT_0071
PFV4DEV_0142,ALERT_GROUND_LYING,ALL_FROZEN_V3_DEV_ROWS_IN_PARENT_ORDER,V2_ORIGINAL::IMG_004013,V2_ORIGINAL_SYNTHETIC_500,32_p04-prone-on-floor-02,IMG_004013,pf_v2_aigc_p04-prone-on-floor,DEV,V3_DEV,/home/yanbo/下载/batches/batch_person-fallen-v2-camera1p5m/final/32_p04-prone-on-floor-02.png,ebdcd19a6884c77a2a854aad2cc33d145633833b0ef739e0c6b5fd302bf87dee,FROZEN_V2_MANIFEST_EXPECTED_AND_ACTUAL,/home/yanbo/下载/batches/batch_person-fallen-v2-camera1p5m/prompts/32_p04-prone-on-floor-02.txt,2aaef391fe27b2308d1be1f26aa54f6a81330ffe2c0dce41ce0c7207ab7798bd,prone_ground_lying,positive,1,positive,positive,FROZEN_V2_PROMPT_IMAGE_MAPPING_PASS,PROMPT_DERIVED_SYNTHETIC_GT,FROZEN_GENERATION_PROMPT_AND_PLANNED_ROLE,false,true,true,0.8852037787437439,0.3058866409720213,/home/yanbo/net_vlm_person_fallen_v2_optimization/13_person_fallen_v4_pose_attributes/prepared_full_dev/PFV4DEV_0142/full_scene.jpg,38525ec8c1e487297d85118f731afe2715776c4fb92c751ba3e0d6b8223401e0,/home/yanbo/net_vlm_person_fallen_v2_optimization/13_person_fallen_v4_pose_attributes/prepared_full_dev/PFV4DEV_0142/person_crop.jpg,efeb173412b604086bdfcff36a6c2cea4d1bc82136c48b38196876a466af3b44,2,lying,lying,PFV4D_0072,FROZEN_TAXONOMY_AND_STABLE_ID_ONLY,PFV4DEV_0142,ground_lying,PILOT_DEV_115,pilot,V5_B0_PILOT_0072
PFV4DEV_0153,ALERT_GROUND_LYING,ALL_FROZEN_V3_DEV_ROWS_IN_PARENT_ORDER,V2_ORIGINAL::IMG_004014,V2_ORIGINAL_SYNTHETIC_500,33_p04-prone-on-floor-03,IMG_004014,pf_v2_aigc_p04-prone-on-floor,DEV,V3_DEV,/home/yanbo/下载/batches/batch_person-fallen-v2-camera1p5m/final/33_p04-prone-on-floor-03.png,a0e0ec4f94be40b43c9f805fbffbb25dc69995126cf2caaf25bdc16b8b8b5d98,FROZEN_V2_MANIFEST_EXPECTED_AND_ACTUAL,/home/yanbo/下载/batches/batch_person-fallen-v2-camera1p5m/prompts/33_p04-prone-on-floor-03.txt,c7a5305992113d2580fa39e9462462449d554b4161173155175691e968539b5c,prone_ground_lying,positive,1,positive,positive,FROZEN_V2_PROMPT_IMAGE_MAPPING_PASS,PROMPT_DERIVED_SYNTHETIC_GT,FROZEN_GENERATION_PROMPT_AND_PLANNED_ROLE,false,true,true,0.9336481094360352,0.2430448103146261,/home/yanbo/net_vlm_person_fallen_v2_optimization/13_person_fallen_v4_pose_attributes/prepared_full_dev/PFV4DEV_0153/full_scene.jpg,746b1e7ec136b1f0a1f06e0f9b22ab0dfd2087e97b47ddf2b7b51c24d5967311,/home/yanbo/net_vlm_person_fallen_v2_optimization/13_person_fallen_v4_pose_attributes/prepared_full_dev/PFV4DEV_0153/person_crop.jpg,eec88ec5a23d647c6271a673ecd3a58890705f0c4705732c1fcd48ed586f4e3f,2,lying,lying,PFV4D_0073,FROZEN_TAXONOMY_AND_STABLE_ID_ONLY,PFV4DEV_0153,ground_lying,PILOT_DEV_115,pilot,V5_B0_PILOT_0073
PFV4DEV_0407,ALERT_GROUND_LYING,ALL_FROZEN_V3_DEV_ROWS_IN_PARENT_ORDER,P4D_PLAN::PF_P4D_POS_SIDE_G001_V01,P4D_FROZEN_PLAN_440,PF_P4D_POS_SIDE_G001_V01,,PF_P4D_POS_SIDE_G001,NEW_DESIGN,V3_DEV,/home/yanbo/net_vlm_person_fallen_v2_optimization/08_p4d_new_hard_negative_dev_revision/02_generation/gr3_fullregen/06_execution/quota_campaign_window_01_authorized_20260830_05/08_final/PF_P4D_POS_SIDE_G001_V01.png,364c38dabcb618fb649b5241411515ef9ef6184903462ded70fae014cdf05da5,FAST_CLOSE_EXPECTED_AND_ACTUAL,/home/yanbo/下载/batches/batch_person-fallen-v2-p4d-hardneg-rev1-camera1p5m/prompts/PF_P4D_POS_SIDE_G001_V01.txt,29632d9981525ca484604d7ab984d434087cb7d2cbdb8f5fa78c0079c5b7e9e9,side_lying,positive,positive,positive,positive,P4D_FAST_CLOSE_PROVENANCE_MECHANICAL_LINEAGE_PASS,PROMPT_DERIVED_SYNTHETIC_GT,FROZEN_GENERATION_PROMPT_AND_PLANNED_ROLE,false,true,true,0.822826623916626,0.08408436594924515,/home/yanbo/net_vlm_person_fallen_v2_optimization/13_person_fallen_v4_pose_attributes/prepared_full_dev/PFV4DEV_0407/full_scene.jpg,f37026d55cfd21883e54b5d3749c55628b6d65a863924ee4238b94583072b4f1,/home/yanbo/net_vlm_person_fallen_v2_optimization/13_person_fallen_v4_pose_attributes/prepared_full_dev/PFV4DEV_0407/person_crop.jpg,07fc7a8210ec0a9e8999ebd366d9815f6039a136264e839258f2865ce188284e,2,lying,lying,PFV4D_0074,FROZEN_TAXONOMY_AND_STABLE_ID_ONLY,PFV4DEV_0407,ground_lying,PILOT_DEV_115,pilot,V5_B0_PILOT_0074
PFV4DEV_0408,ALERT_GROUND_LYING,ALL_FROZEN_V3_DEV_ROWS_IN_PARENT_ORDER,P4D_PLAN::PF_P4D_POS_SIDE_G001_V02,P4D_FROZEN_PLAN_440,PF_P4D_POS_SIDE_G001_V02,,PF_P4D_POS_SIDE_G001,NEW_DESIGN,V3_DEV,/home/yanbo/net_vlm_person_fallen_v2_optimization/08_p4d_new_hard_negative_dev_revision/02_generation/gr3_fullregen/06_execution/quota_campaign_window_01_authorized_20260830_05/08_final/PF_P4D_POS_SIDE_G001_V02.png,d2b75a57f860260b487d5f15a945592ab80636aac0e15a7ab049acfe14fbefbc,FAST_CLOSE_EXPECTED_AND_ACTUAL,/home/yanbo/下载/batches/batch_person-fallen-v2-p4d-hardneg-rev1-camera1p5m/prompts/PF_P4D_POS_SIDE_G001_V02.txt,f0dbc810a043c98768a333afadb8af9899244c67ceaaa5527ceafdfc7d0a402b,side_lying,positive,positive,positive,positive,P4D_FAST_CLOSE_PROVENANCE_MECHANICAL_LINEAGE_PASS,PROMPT_DERIVED_SYNTHETIC_GT,FROZEN_GENERATION_PROMPT_AND_PLANNED_ROLE,false,true,true,0.9226081371307373,0.07787513799056336,/home/yanbo/net_vlm_person_fallen_v2_optimization/13_person_fallen_v4_pose_attributes/prepared_full_dev/PFV4DEV_0408/full_scene.jpg,bdafd4e5b730e7a22b93f905e5da9e37808b201741224d06f84d968e29b81f82,/home/yanbo/net_vlm_person_fallen_v2_optimization/13_person_fallen_v4_pose_attributes/prepared_full_dev/PFV4DEV_0408/person_crop.jpg,71326fd7101242569097fcf7610b229881c0e919c3d2423dfd2c55d6ef4505f5,2,lying,lying,PFV4D_0075,FROZEN_TAXONOMY_AND_STABLE_ID_ONLY,PFV4DEV_0408,ground_lying,PILOT_DEV_115,pilot,V5_B0_PILOT_0075
PFV4DEV_0409,ALERT_GROUND_LYING,ALL_FROZEN_V3_DEV_ROWS_IN_PARENT_ORDER,P4D_PLAN::PF_P4D_POS_SIDE_G001_V03,P4D_FROZEN_PLAN_440,PF_P4D_POS_SIDE_G001_V03,,PF_P4D_POS_SIDE_G001,NEW_DESIGN,V3_DEV,/home/yanbo/net_vlm_person_fallen_v2_optimization/08_p4d_new_hard_negative_dev_revision/02_generation/gr3_fullregen/06_execution/quota_campaign_window_01_authorized_20260830_05/08_final/PF_P4D_POS_SIDE_G001_V03.png,d0fa1fb807894961e1b2f5bbec816990aef2fa91c2601adf4be1cac44d61b3a2,FAST_CLOSE_EXPECTED_AND_ACTUAL,/home/yanbo/下载/batches/batch_person-fallen-v2-p4d-hardneg-rev1-camera1p5m/prompts/PF_P4D_POS_SIDE_G001_V03.txt,66b2d97a988587554faa8a071e3636bb5eb5076871eb3bb5274970184e5112f8,side_lying,positive,positive,positive,positive,P4D_FAST_CLOSE_PROVENANCE_MECHANICAL_LINEAGE_PASS,PROMPT_DERIVED_SYNTHETIC_GT,FROZEN_GENERATION_PROMPT_AND_PLANNED_ROLE,false,true,true,0.8834978342056274,0.10246420953511982,/home/yanbo/net_vlm_person_fallen_v2_optimization/13_person_fallen_v4_pose_attributes/prepared_full_dev/PFV4DEV_0409/full_scene.jpg,c96b3a78eef58e8ae2e70743679429c0917e7d7f7bed8722cdf2c3671ba5172f,/home/yanbo/net_vlm_person_fallen_v2_optimization/13_person_fallen_v4_pose_attributes/prepared_full_dev/PFV4DEV_0409/person_crop.jpg,e0601e568091473b179478f26f085aa3bb89b190af0f16500e326c999382276f,2,lying,lying,PFV4D_0076,FROZEN_TAXONOMY_AND_STABLE_ID_ONLY,PFV4DEV_0409,ground_lying,PILOT_DEV_115,pilot,V5_B0_PILOT_0076
PFV4DEV_0410,ALERT_GROUND_LYING,ALL_FROZEN_V3_DEV_ROWS_IN_PARENT_ORDER,P4D_PLAN::PF_P4D_POS_SIDE_G001_V04,P4D_FROZEN_PLAN_440,PF_P4D_POS_SIDE_G001_V04,,PF_P4D_POS_SIDE_G001,NEW_DESIGN,V3_DEV,/home/yanbo/net_vlm_person_fallen_v2_optimization/08_p4d_new_hard_negative_dev_revision/02_generation/gr3_fullregen/06_execution/quota_campaign_window_01_authorized_20260830_05/08_final/PF_P4D_POS_SIDE_G001_V04.png,996c125e7b5e83d1222b5b20bae00dec92d702263b8505ddd9ed2f3bffaff9c2,FAST_CLOSE_EXPECTED_AND_ACTUAL,/home/yanbo/下载/batches/batch_person-fallen-v2-p4d-hardneg-rev1-camera1p5m/prompts/PF_P4D_POS_SIDE_G001_V04.txt,9958c9fbaf7ffc2e0571d4a3c12a1cdef8b6ef5393665f67c442cae51226ca6c,side_lying,positive,positive,positive,positive,P4D_FAST_CLOSE_PROVENANCE_MECHANICAL_LINEAGE_PASS,PROMPT_DERIVED_SYNTHETIC_GT,FROZEN_GENERATION_PROMPT_AND_PLANNED_ROLE,false,true,true,0.9206005334854126,0.2045441635746371,/home/yanbo/net_vlm_person_fallen_v2_optimization/13_person_fallen_v4_pose_attributes/prepared_full_dev/PFV4DEV_0410/full_scene.jpg,63ea92d48d73972fd647d380235c1f39fbb6fa96ecf7805398f3318f0e39c479,/home/yanbo/net_vlm_person_fallen_v2_optimization/13_person_fallen_v4_pose_attributes/prepared_full_dev/PFV4DEV_0410/person_crop.jpg,328a0e90bb696e964c6aba6d584db9fcecf1fbe4cf7d408ed9706cf72536148d,2,lying,lying,PFV4D_0077,FROZEN_TAXONOMY_AND_STABLE_ID_ONLY,PFV4DEV_0410,ground_lying,PILOT_DEV_115,pilot,V5_B0_PILOT_0077
PFV4DEV_0411,ALERT_GROUND_LYING,ALL_FROZEN_V3_DEV_ROWS_IN_PARENT_ORDER,P4D_PLAN::PF_P4D_POS_SIDE_G001_V05,P4D_FROZEN_PLAN_440,PF_P4D_POS_SIDE_G001_V05,,PF_P4D_POS_SIDE_G001,NEW_DESIGN,V3_DEV,/home/yanbo/net_vlm_person_fallen_v2_optimization/08_p4d_new_hard_negative_dev_revision/02_generation/gr3_fullregen/06_execution/quota_campaign_window_01_authorized_20260830_05/08_final/PF_P4D_POS_SIDE_G001_V05.png,244eaa9aa70cccf4e497f5d0e97b852361fa89c95cb2e219ef16e0a2565b5329,FAST_CLOSE_EXPECTED_AND_ACTUAL,/home/yanbo/下载/batches/batch_person-fallen-v2-p4d-hardneg-rev1-camera1p5m/prompts/PF_P4D_POS_SIDE_G001_V05.txt,6710ee6398b4afd3e3cb5a79fed932d9d8ee954eca2190730c7b14db4ef0a55b,side_lying,positive,positive,positive,positive,P4D_FAST_CLOSE_PROVENANCE_MECHANICAL_LINEAGE_PASS,PROMPT_DERIVED_SYNTHETIC_GT,FROZEN_GENERATION_PROMPT_AND_PLANNED_ROLE,false,true,true,0.8808189630508423,0.10625672445322076,/home/yanbo/net_vlm_person_fallen_v2_optimization/13_person_fallen_v4_pose_attributes/prepared_full_dev/PFV4DEV_0411/full_scene.jpg,004654873440ecc725c78a6b4fe3fad50d09bd9264d8da5f3dfd06d6524b5771,/home/yanbo/net_vlm_person_fallen_v2_optimization/13_person_fallen_v4_pose_attributes/prepared_full_dev/PFV4DEV_0411/person_crop.jpg,3d1993b3dea75b6a6e189bc8cd913d1d9aa31a88393fb28058d9bed1dd476fb3,2,lying,lying,PFV4D_0078,FROZEN_TAXONOMY_AND_STABLE_ID_ONLY,PFV4DEV_0411,ground_lying,PILOT_DEV_115,pilot,V5_B0_PILOT_0078
PFV4DEV_0232,ALERT_GROUND_LYING,ALL_FROZEN_V3_DEV_ROWS_IN_PARENT_ORDER,V2_ORIGINAL::IMG_004022,V2_ORIGINAL_SYNTHETIC_500,41_p05-side-lying-on-floor-01,IMG_004022,pf_v2_aigc_p05-side-lying-on-floor,DEV,V3_DEV,/home/yanbo/下载/batches/batch_person-fallen-v2-camera1p5m/final/41_p05-side-lying-on-floor-01.png,2a56166420080f6334e879608539170bdb9c06953e57519f7df004838705a3e2,FROZEN_V2_MANIFEST_EXPECTED_AND_ACTUAL,/home/yanbo/下载/batches/batch_person-fallen-v2-camera1p5m/prompts/41_p05-side-lying-on-floor-01.txt,a0bdce25515f3790fdf48386eeb35a9907f705f099b15ce202b2bbab2acd80a2,side_lying,positive,1,positive,positive,FROZEN_V2_PROMPT_IMAGE_MAPPING_PASS,PROMPT_DERIVED_SYNTHETIC_GT,FROZEN_GENERATION_PROMPT_AND_PLANNED_ROLE,false,true,true,0.8810646533966064,0.20116240431295557,/home/yanbo/net_vlm_person_fallen_v2_optimization/13_person_fallen_v4_pose_attributes/prepared_full_dev/PFV4DEV_0232/full_scene.jpg,fd38ea81b541e22ae1ec023077713e67f2b169165bee48c04cd8ca8ed264ba20,/home/yanbo/net_vlm_person_fallen_v2_optimization/13_person_fallen_v4_pose_attributes/prepared_full_dev/PFV4DEV_0232/person_crop.jpg,5aa72e51369bc7337a9937c1fb15b996797066e1a36decea1253137c4d8e893e,2,lying,lying,PFV4D_0079,FROZEN_TAXONOMY_AND_STABLE_ID_ONLY,PFV4DEV_0232,ground_lying,PILOT_DEV_115,pilot,V5_B0_PILOT_0079
PFV4DEV_0233,ALERT_GROUND_LYING,ALL_FROZEN_V3_DEV_ROWS_IN_PARENT_ORDER,V2_ORIGINAL::IMG_004023,V2_ORIGINAL_SYNTHETIC_500,42_p05-side-lying-on-floor-02,IMG_004023,pf_v2_aigc_p05-side-lying-on-floor,DEV,V3_DEV,/home/yanbo/下载/batches/batch_person-fallen-v2-camera1p5m/final/42_p05-side-lying-on-floor-02.png,c3e644298d54499a3202d20f1f667081fe45ef7900eff0951afcbd2e1c73dfcd,FROZEN_V2_MANIFEST_EXPECTED_AND_ACTUAL,/home/yanbo/下载/batches/batch_person-fallen-v2-camera1p5m/prompts/42_p05-side-lying-on-floor-02.txt,2b1182d620f18f9aeae2287c1e597e3112c2044cf1215167f4ee52d480e1986b,side_lying,positive,1,positive,positive,FROZEN_V2_PROMPT_IMAGE_MAPPING_PASS,PROMPT_DERIVED_SYNTHETIC_GT,FROZEN_GENERATION_PROMPT_AND_PLANNED_ROLE,false,true,true,0.8450868725776672,0.2776384570723598,/home/yanbo/net_vlm_person_fallen_v2_optimization/13_person_fallen_v4_pose_attributes/prepared_full_dev/PFV4DEV_0233/full_scene.jpg,8b6985ca2962893904e1d7d969e214ad0fe805fa549b4efb6d1c9eee4f9ce05b,/home/yanbo/net_vlm_person_fallen_v2_optimization/13_person_fallen_v4_pose_attributes/prepared_full_dev/PFV4DEV_0233/person_crop.jpg,1869c99207e4e43bf580f881b9b370298cec5798e1b1ad552defc308c30aa307,2,lying,lying,PFV4D_0080,FROZEN_TAXONOMY_AND_STABLE_ID_ONLY,PFV4DEV_0233,ground_lying,PILOT_DEV_115,pilot,V5_B0_PILOT_0080
PFV4DEV_0234,ALERT_GROUND_LYING,ALL_FROZEN_V3_DEV_ROWS_IN_PARENT_ORDER,V2_ORIGINAL::IMG_004024,V2_ORIGINAL_SYNTHETIC_500,43_p05-side-lying-on-floor-03,IMG_004024,pf_v2_aigc_p05-side-lying-on-floor,DEV,V3_DEV,/home/yanbo/下载/batches/batch_person-fallen-v2-camera1p5m/final/43_p05-side-lying-on-floor-03.png,27ab8404612d800fa1e25c2b6dfaab48a4dea15df2e9946e3a192a8ac2dff522,FROZEN_V2_MANIFEST_EXPECTED_AND_ACTUAL,/home/yanbo/下载/batches/batch_person-fallen-v2-camera1p5m/prompts/43_p05-side-lying-on-floor-03.txt,b434394c81cad2814712a9c9f17b2619a562b19ba0b585b7dcdc2122725007fb,side_lying,positive,1,positive,positive,FROZEN_V2_PROMPT_IMAGE_MAPPING_PASS,PROMPT_DERIVED_SYNTHETIC_GT,FROZEN_GENERATION_PROMPT_AND_PLANNED_ROLE,false,true,true,0.9227190017700195,0.14497706054532264,/home/yanbo/net_vlm_person_fallen_v2_optimization/13_person_fallen_v4_pose_attributes/prepared_full_dev/PFV4DEV_0234/full_scene.jpg,6479921bc3bd6dc68b40e936da1b902aeaeb1acf96cf5becaac9db62842a7ecb,/home/yanbo/net_vlm_person_fallen_v2_optimization/13_person_fallen_v4_pose_attributes/prepared_full_dev/PFV4DEV_0234/person_crop.jpg,f60f33dd3f85549cc122a3e1f098f6d3cc13287e31ead7c6f779a415adb6e9b1,2,lying,lying,PFV4D_0081,FROZEN_TAXONOMY_AND_STABLE_ID_ONLY,PFV4DEV_0234,ground_lying,PILOT_DEV_115,pilot,V5_B0_PILOT_0081
PFV4DEV_0235,ALERT_GROUND_LYING,ALL_FROZEN_V3_DEV_ROWS_IN_PARENT_ORDER,V2_ORIGINAL::IMG_004025,V2_ORIGINAL_SYNTHETIC_500,44_p05-side-lying-on-floor-04,IMG_004025,pf_v2_aigc_p05-side-lying-on-floor,DEV,V3_DEV,/home/yanbo/下载/batches/batch_person-fallen-v2-camera1p5m/final/44_p05-side-lying-on-floor-04.png,45e4c31209b3a7baede57f45f9dee5ca938abd06bf17e18f4135b2d72a200f6a,FROZEN_V2_MANIFEST_EXPECTED_AND_ACTUAL,/home/yanbo/下载/batches/batch_person-fallen-v2-camera1p5m/prompts/44_p05-side-lying-on-floor-04.txt,a1323cf2e80c423ec00e97b9a7eaf741e76b60748663be267c230655ddd0ca4b,side_lying,positive,1,positive,positive,FROZEN_V2_PROMPT_IMAGE_MAPPING_PASS,PROMPT_DERIVED_SYNTHETIC_GT,FROZEN_GENERATION_PROMPT_AND_PLANNED_ROLE,false,true,true,0.9301442503929138,0.17428124202148024,/home/yanbo/net_vlm_person_fallen_v2_optimization/13_person_fallen_v4_pose_attributes/prepared_full_dev/PFV4DEV_0235/full_scene.jpg,3ae7f2fce82135d42e18dcad4f287811753ce9c37441944a68da2e742d264116,/home/yanbo/net_vlm_person_fallen_v2_optimization/13_person_fallen_v4_pose_attributes/prepared_full_dev/PFV4DEV_0235/person_crop.jpg,f5f83bb9e42954596e92165a4243003e889913476c8b91c2a9072581ffb68c63,2,lying,lying,PFV4D_0082,FROZEN_TAXONOMY_AND_STABLE_ID_ONLY,PFV4DEV_0235,ground_lying,PILOT_DEV_115,pilot,V5_B0_PILOT_0082
PFV4DEV_0236,ALERT_GROUND_LYING,ALL_FROZEN_V3_DEV_ROWS_IN_PARENT_ORDER,V2_ORIGINAL::IMG_004026,V2_ORIGINAL_SYNTHETIC_500,45_p05-side-lying-on-floor-05,IMG_004026,pf_v2_aigc_p05-side-lying-on-floor,DEV,V3_DEV,/home/yanbo/下载/batches/batch_person-fallen-v2-camera1p5m/final/45_p05-side-lying-on-floor-05.png,bd92eda4b83fdab8da9176185c1497fe9ff75cfbc151e0e9cda00a8d9f89bc13,FROZEN_V2_MANIFEST_EXPECTED_AND_ACTUAL,/home/yanbo/下载/batches/batch_person-fallen-v2-camera1p5m/prompts/45_p05-side-lying-on-floor-05.txt,9453c93ed2e26afba474eb75a38012378bb109a0499705c46911faae9830a5ce,side_lying,positive,1,positive,positive,FROZEN_V2_PROMPT_IMAGE_MAPPING_PASS,PROMPT_DERIVED_SYNTHETIC_GT,FROZEN_GENERATION_PROMPT_AND_PLANNED_ROLE,false,true,true,0.856967568397522,0.15718840985647317,/home/yanbo/net_vlm_person_fallen_v2_optimization/13_person_fallen_v4_pose_attributes/prepared_full_dev/PFV4DEV_0236/full_scene.jpg,b67b0a2f9ddcd03aa22d48bc23431102f9af27b1d7ebfc79179f7e8d41a9e0b7,/home/yanbo/net_vlm_person_fallen_v2_optimization/13_person_fallen_v4_pose_attributes/prepared_full_dev/PFV4DEV_0236/person_crop.jpg,1ca0df5afb971db9d65c5696e77918370d6659292c0cd8a96c5f3b96b381fc64,2,lying,lying,PFV4D_0083,FROZEN_TAXONOMY_AND_STABLE_ID_ONLY,PFV4DEV_0236,ground_lying,PILOT_DEV_115,pilot,V5_B0_PILOT_0083
PFV4DEV_0237,ALERT_GROUND_LYING,ALL_FROZEN_V3_DEV_ROWS_IN_PARENT_ORDER,V2_ORIGINAL::IMG_004027,V2_ORIGINAL_SYNTHETIC_500,46_p05-side-lying-on-floor-06,IMG_004027,pf_v2_aigc_p05-side-lying-on-floor,DEV,V3_DEV,/home/yanbo/下载/batches/batch_person-fallen-v2-camera1p5m/final/46_p05-side-lying-on-floor-06.png,1aa07102c66e87fd6004b84996a0fec67f8f3abc55bed2067e96cd000bf9a0aa,FROZEN_V2_MANIFEST_EXPECTED_AND_ACTUAL,/home/yanbo/下载/batches/batch_person-fallen-v2-camera1p5m/prompts/46_p05-side-lying-on-floor-06.txt,bfcc7c74330f2651c55a983c6313026c807f520d7be154bc5e857be939ebf38c,side_lying,positive,1,positive,positive,FROZEN_V2_PROMPT_IMAGE_MAPPING_PASS,PROMPT_DERIVED_SYNTHETIC_GT,FROZEN_GENERATION_PROMPT_AND_PLANNED_ROLE,false,true,true,0.909896731376648,0.23028954883885927,/home/yanbo/net_vlm_person_fallen_v2_optimization/13_person_fallen_v4_pose_attributes/prepared_full_dev/PFV4DEV_0237/full_scene.jpg,7a8685b310091dae9eddeb8f4d79d07141a234ae45bae458dfcc73991be87328,/home/yanbo/net_vlm_person_fallen_v2_optimization/13_person_fallen_v4_pose_attributes/prepared_full_dev/PFV4DEV_0237/person_crop.jpg,de21c448e7b951f7b5e8e7f536e90d0a976f9e7d9ebf056ed8c34cd1106b765d,2,lying,lying,PFV4D_0084,FROZEN_TAXONOMY_AND_STABLE_ID_ONLY,PFV4DEV_0237,ground_lying,PILOT_DEV_115,pilot,V5_B0_PILOT_0084
PFV4DEV_0238,ALERT_GROUND_LYING,ALL_FROZEN_V3_DEV_ROWS_IN_PARENT_ORDER,V2_ORIGINAL::IMG_004028,V2_ORIGINAL_SYNTHETIC_500,47_p05-side-lying-on-floor-07,IMG_004028,pf_v2_aigc_p05-side-lying-on-floor,DEV,V3_DEV,/home/yanbo/下载/batches/batch_person-fallen-v2-camera1p5m/final/47_p05-side-lying-on-floor-07.png,bbcc10a0ae8771d24f9d903beb69eef522f8742deb28eb3bb147f8cd94d27edd,FROZEN_V2_MANIFEST_EXPECTED_AND_ACTUAL,/home/yanbo/下载/batches/batch_person-fallen-v2-camera1p5m/prompts/47_p05-side-lying-on-floor-07.txt,a14b077718bc9ffaa33559ba4f5be2b620b790528807f00079e337d3fc729703,side_lying,positive,1,positive,positive,FROZEN_V2_PROMPT_IMAGE_MAPPING_PASS,PROMPT_DERIVED_SYNTHETIC_GT,FROZEN_GENERATION_PROMPT_AND_PLANNED_ROLE,false,true,true,0.842073380947113,0.20578883145722046,/home/yanbo/net_vlm_person_fallen_v2_optimization/13_person_fallen_v4_pose_attributes/prepared_full_dev/PFV4DEV_0238/full_scene.jpg,2f8023e21fc2e89ee1e7a69a7062d7d871c844f169ddd724e3a255bb748008ee,/home/yanbo/net_vlm_person_fallen_v2_optimization/13_person_fallen_v4_pose_attributes/prepared_full_dev/PFV4DEV_0238/person_crop.jpg,958660e5983712ffc28f2a5ba5d9cf6a22bb53e04aa6ac12a164ac715cfc6ae1,2,lying,lying,PFV4D_0085,FROZEN_TAXONOMY_AND_STABLE_ID_ONLY,PFV4DEV_0238,ground_lying,PILOT_DEV_115,pilot,V5_B0_PILOT_0085
PFV4DEV_0248,ALERT_GROUND_LYING,ALL_FROZEN_V3_DEV_ROWS_IN_PARENT_ORDER,V2_ORIGINAL::IMG_004029,V2_ORIGINAL_SYNTHETIC_500,48_p05-side-lying-on-floor-08,IMG_004029,pf_v2_aigc_p05-side-lying-on-floor,DEV,V3_DEV,/home/yanbo/下载/batches/batch_person-fallen-v2-camera1p5m/final/48_p05-side-lying-on-floor-08.png,456144ecfb646cade4916bacfb4fa3d5a43cd9dd578dbb9f021842a9b201dfb7,FROZEN_V2_MANIFEST_EXPECTED_AND_ACTUAL,/home/yanbo/下载/batches/batch_person-fallen-v2-camera1p5m/prompts/48_p05-side-lying-on-floor-08.txt,0d830ae131c152cb06070a06cb854be95ddaaa6f928a0fe4f47f2da34abef416,side_lying,positive,1,positive,positive,FROZEN_V2_PROMPT_IMAGE_MAPPING_PASS,PROMPT_DERIVED_SYNTHETIC_GT,FROZEN_GENERATION_PROMPT_AND_PLANNED_ROLE,false,true,true,0.3365907073020935,0.01759827414011751,/home/yanbo/net_vlm_person_fallen_v2_optimization/13_person_fallen_v4_pose_attributes/prepared_full_dev/PFV4DEV_0248/full_scene.jpg,9e440ed871b61a2387b38c83080945177ac810db9f0726de878a7a31b7baa6ed,/home/yanbo/net_vlm_person_fallen_v2_optimization/13_person_fallen_v4_pose_attributes/prepared_full_dev/PFV4DEV_0248/person_crop.jpg,3d4a8c3c0787430a239a513e27f7d66b1de52d5317348d62e31c8685e204a1ba,2,lying,lying,PFV4D_0086,FROZEN_TAXONOMY_AND_STABLE_ID_ONLY,PFV4DEV_0248,ground_lying,PILOT_DEV_115,pilot,V5_B0_PILOT_0086
PFV4DEV_0259,ALERT_GROUND_LYING,ALL_FROZEN_V3_DEV_ROWS_IN_PARENT_ORDER,V2_ORIGINAL::IMG_004030,V2_ORIGINAL_SYNTHETIC_500,49_p05-side-lying-on-floor-09,IMG_004030,pf_v2_aigc_p05-side-lying-on-floor,DEV,V3_DEV,/home/yanbo/下载/batches/batch_person-fallen-v2-camera1p5m/final/49_p05-side-lying-on-floor-09.png,62327680277259c675a6504f4dc31fb69739f19221e2a2a8e631806a19882e15,FROZEN_V2_MANIFEST_EXPECTED_AND_ACTUAL,/home/yanbo/下载/batches/batch_person-fallen-v2-camera1p5m/prompts/49_p05-side-lying-on-floor-09.txt,a76c95e67a410a347b3ef80d90ee50e49b5be994ad77fd0c163c66def6f5c389,side_lying,positive,1,positive,positive,FROZEN_V2_PROMPT_IMAGE_MAPPING_PASS,PROMPT_DERIVED_SYNTHETIC_GT,FROZEN_GENERATION_PROMPT_AND_PLANNED_ROLE,false,true,true,0.8936583399772644,0.24729669739645033,/home/yanbo/net_vlm_person_fallen_v2_optimization/13_person_fallen_v4_pose_attributes/prepared_full_dev/PFV4DEV_0259/full_scene.jpg,3f0f7a1378b88fe377f99c46f6c2b5c9c6b51234ee4e1d8e49f39108635cf3b8,/home/yanbo/net_vlm_person_fallen_v2_optimization/13_person_fallen_v4_pose_attributes/prepared_full_dev/PFV4DEV_0259/person_crop.jpg,b76d3744e149cbf915b0616e421775132b45b87a9f9b743e2c0636a6c40eed38,2,lying,lying,PFV4D_0087,FROZEN_TAXONOMY_AND_STABLE_ID_ONLY,PFV4DEV_0259,ground_lying,PILOT_DEV_115,pilot,V5_B0_PILOT_0087
PFV4DEV_0261,ALERT_GROUND_LYING,ALL_FROZEN_V3_DEV_ROWS_IN_PARENT_ORDER,V2_ORIGINAL::IMG_004031,V2_ORIGINAL_SYNTHETIC_500,50_p05-side-lying-on-floor-10,IMG_004031,pf_v2_aigc_p05-side-lying-on-floor,DEV,V3_DEV,/home/yanbo/下载/batches/batch_person-fallen-v2-camera1p5m/final/50_p05-side-lying-on-floor-10.png,a6c5520e3615d1510868fa7eb35ac9a4a431ad5b9c6797810db0fecb1783bd16,FROZEN_V2_MANIFEST_EXPECTED_AND_ACTUAL,/home/yanbo/下载/batches/batch_person-fallen-v2-camera1p5m/prompts/50_p05-side-lying-on-floor-10.txt,9e9c8c57b9dcac46774358a5f5e0382c33063d2d44ae127d4b12fcd6cc33414a,side_lying,positive,1,positive,positive,FROZEN_V2_PROMPT_IMAGE_MAPPING_PASS,PROMPT_DERIVED_SYNTHETIC_GT,FROZEN_GENERATION_PROMPT_AND_PLANNED_ROLE,false,true,true,0.8623558282852173,0.16960658536774442,/home/yanbo/net_vlm_person_fallen_v2_optimization/13_person_fallen_v4_pose_attributes/prepared_full_dev/PFV4DEV_0261/full_scene.jpg,069b7c84aaa9856d98738648b3873bdbd87588c2476ccae94f33a5a1942ae786,/home/yanbo/net_vlm_person_fallen_v2_optimization/13_person_fallen_v4_pose_attributes/prepared_full_dev/PFV4DEV_0261/person_crop.jpg,da97fc490b3d62c3bb2925c17aae3c1820ae9a82bb6519ff888954edf6ae3bbb,2,lying,lying,PFV4D_0088,FROZEN_TAXONOMY_AND_STABLE_ID_ONLY,PFV4DEV_0261,ground_lying,PILOT_DEV_115,pilot,V5_B0_PILOT_0088
PFV4DEV_0262,ALERT_GROUND_LYING,ALL_FROZEN_V3_DEV_ROWS_IN_PARENT_ORDER,V2_ORIGINAL::IMG_004032,V2_ORIGINAL_SYNTHETIC_500,51_p06-side-lying-on-floor-01,IMG_004032,pf_v2_aigc_p06-side-lying-on-floor,DEV,V3_DEV,/home/yanbo/下载/batches/batch_person-fallen-v2-camera1p5m/final/51_p06-side-lying-on-floor-01.png,543366363d22efbbb907b006f3f86b877eea519fe5c6c98dad0cd699d9078b8f,FROZEN_V2_MANIFEST_EXPECTED_AND_ACTUAL,/home/yanbo/下载/batches/batch_person-fallen-v2-camera1p5m/prompts/51_p06-side-lying-on-floor-01.txt,b3383afcddd32b4948d38686344547b2b8174b4fc38bb5eaa492bab95252a563,side_lying,positive,1,positive,positive,FROZEN_V2_PROMPT_IMAGE_MAPPING_PASS,PROMPT_DERIVED_SYNTHETIC_GT,FROZEN_GENERATION_PROMPT_AND_PLANNED_ROLE,false,true,true,0.884047269821167,0.24672196466757063,/home/yanbo/net_vlm_person_fallen_v2_optimization/13_person_fallen_v4_pose_attributes/prepared_full_dev/PFV4DEV_0262/full_scene.jpg,88eadb8054a650f9ea495f587ea9fc12846207d0b841a6f1797bddf83f9cab4f,/home/yanbo/net_vlm_person_fallen_v2_optimization/13_person_fallen_v4_pose_attributes/prepared_full_dev/PFV4DEV_0262/person_crop.jpg,8cbdaecc63019409f8d26005aba7feead8acc8056742405406b369cc5c1eb386,2,lying,lying,PFV4D_0089,FROZEN_TAXONOMY_AND_STABLE_ID_ONLY,PFV4DEV_0262,ground_lying,PILOT_DEV_115,pilot,V5_B0_PILOT_0089
PFV4DEV_0263,ALERT_GROUND_LYING,ALL_FROZEN_V3_DEV_ROWS_IN_PARENT_ORDER,V2_ORIGINAL::IMG_004033,V2_ORIGINAL_SYNTHETIC_500,52_p06-side-lying-on-floor-02,IMG_004033,pf_v2_aigc_p06-side-lying-on-floor,DEV,V3_DEV,/home/yanbo/下载/batches/batch_person-fallen-v2-camera1p5m/final/52_p06-side-lying-on-floor-02.png,9104b3c0cec7c4dc79881416cab26f85c6798fe75823c2315f7692b1b04991de,FROZEN_V2_MANIFEST_EXPECTED_AND_ACTUAL,/home/yanbo/下载/batches/batch_person-fallen-v2-camera1p5m/prompts/52_p06-side-lying-on-floor-02.txt,0995b77ed24c11db4719a8a41725b589ec1dce8a91bded7a27483ce1702c5f74,side_lying,positive,1,positive,positive,FROZEN_V2_PROMPT_IMAGE_MAPPING_PASS,PROMPT_DERIVED_SYNTHETIC_GT,FROZEN_GENERATION_PROMPT_AND_PLANNED_ROLE,false,true,true,0.8831614255905151,0.1696309972993967,/home/yanbo/net_vlm_person_fallen_v2_optimization/13_person_fallen_v4_pose_attributes/prepared_full_dev/PFV4DEV_0263/full_scene.jpg,503528102a0009b378fa51662d48869b0f2c51e898dfa53185f8baccb7b947d4,/home/yanbo/net_vlm_person_fallen_v2_optimization/13_person_fallen_v4_pose_attributes/prepared_full_dev/PFV4DEV_0263/person_crop.jpg,d35e35bfebf6f0fbb224697a0fe43a9421ff5d321b5e6cac9d956f2d8a74de81,2,lying,lying,PFV4D_0090,FROZEN_TAXONOMY_AND_STABLE_ID_ONLY,PFV4DEV_0263,ground_lying,PILOT_DEV_115,pilot,V5_B0_PILOT_0090
PFV4DEV_0264,ALERT_GROUND_LYING,ALL_FROZEN_V3_DEV_ROWS_IN_PARENT_ORDER,V2_ORIGINAL::IMG_004034,V2_ORIGINAL_SYNTHETIC_500,53_p06-side-lying-on-floor-03,IMG_004034,pf_v2_aigc_p06-side-lying-on-floor,DEV,V3_DEV,/home/yanbo/下载/batches/batch_person-fallen-v2-camera1p5m/final/53_p06-side-lying-on-floor-03.png,40ab0258a86ac7e8afb15911af2081069b68e301b7a5af23371b895ffa142564,FROZEN_V2_MANIFEST_EXPECTED_AND_ACTUAL,/home/yanbo/下载/batches/batch_person-fallen-v2-camera1p5m/prompts/53_p06-side-lying-on-floor-03.txt,a8901e6bcf8de315d11a501ff99c114fad4eb6b6ae73289be714312331863ddf,side_lying,positive,1,positive,positive,FROZEN_V2_PROMPT_IMAGE_MAPPING_PASS,PROMPT_DERIVED_SYNTHETIC_GT,FROZEN_GENERATION_PROMPT_AND_PLANNED_ROLE,false,true,true,0.8930942416191101,0.10746815007703844,/home/yanbo/net_vlm_person_fallen_v2_optimization/13_person_fallen_v4_pose_attributes/prepared_full_dev/PFV4DEV_0264/full_scene.jpg,3dbb721e0c98628df9fcc76acf3ccef910d22fbebace520646c5464abe1623bc,/home/yanbo/net_vlm_person_fallen_v2_optimization/13_person_fallen_v4_pose_attributes/prepared_full_dev/PFV4DEV_0264/person_crop.jpg,034b3c051071b014bae1c2ddb4ff70af1b1111d1c1af132023814545c6d7afb4,2,lying,lying,PFV4D_0091,FROZEN_TAXONOMY_AND_STABLE_ID_ONLY,PFV4DEV_0264,ground_lying,PILOT_DEV_115,pilot,V5_B0_PILOT_0091
PFV4DEV_0397,ALERT_GROUND_LYING,ALL_FROZEN_V3_DEV_ROWS_IN_PARENT_ORDER,P4D_PLAN::PF_P4D_POS_SUPINE_G001_V01,P4D_FROZEN_PLAN_440,PF_P4D_POS_SUPINE_G001_V01,,PF_P4D_POS_SUPINE_G001,NEW_DESIGN,V3_DEV,/home/yanbo/net_vlm_person_fallen_v2_optimization/08_p4d_new_hard_negative_dev_revision/02_generation/gr3_fullregen/06_execution/quota_campaign_window_05_gr3q8_authorized_20260831_01/08_final/PF_P4D_POS_SUPINE_G001_V01.png,e3e039b8e2130df68ff57dea9ba8cb49ac5a1f1ab7ac8cc6327d084589b26b90,FAST_CLOSE_EXPECTED_AND_ACTUAL,/home/yanbo/下载/batches/batch_person-fallen-v2-p4d-hardneg-rev1-camera1p5m/prompts/PF_P4D_POS_SUPINE_G001_V01.txt,80c184f9a3d90728487441566d8fea91ecaae77e585eb5227343e30306e7da7f,supine_ground_lying,positive,positive,positive,positive,P4D_FAST_CLOSE_PROVENANCE_MECHANICAL_LINEAGE_PASS,PROMPT_DERIVED_SYNTHETIC_GT,FROZEN_GENERATION_PROMPT_AND_PLANNED_ROLE,false,true,true,0.879269003868103,0.08251501760387328,/home/yanbo/net_vlm_person_fallen_v2_optimization/13_person_fallen_v4_pose_attributes/prepared_full_dev/PFV4DEV_0397/full_scene.jpg,556d8c059ca12aa6a69016244975638ee4242d0ae0c33f0d1a07229fbd6d3170,/home/yanbo/net_vlm_person_fallen_v2_optimization/13_person_fallen_v4_pose_attributes/prepared_full_dev/PFV4DEV_0397/person_crop.jpg,0222b550cf8575b4d336d37f7c2808df0f93731a976d9b659d3f21d6277c7c64,2,lying,lying,PFV4D_0092,FROZEN_TAXONOMY_AND_STABLE_ID_ONLY,PFV4DEV_0397,ground_lying,PILOT_DEV_115,pilot,V5_B0_PILOT_0092
PFV4DEV_0398,ALERT_GROUND_LYING,ALL_FROZEN_V3_DEV_ROWS_IN_PARENT_ORDER,P4D_PLAN::PF_P4D_POS_SUPINE_G001_V02,P4D_FROZEN_PLAN_440,PF_P4D_POS_SUPINE_G001_V02,,PF_P4D_POS_SUPINE_G001,NEW_DESIGN,V3_DEV,/home/yanbo/net_vlm_person_fallen_v2_optimization/08_p4d_new_hard_negative_dev_revision/02_generation/gr3_fullregen/06_execution/quota_campaign_window_05_gr3q8_authorized_20260831_01/08_final/PF_P4D_POS_SUPINE_G001_V02.png,9eb06de9fbfb73dd717675234cca81ed2374265640fae06a3a4b2ddda116d403,FAST_CLOSE_EXPECTED_AND_ACTUAL,/home/yanbo/下载/batches/batch_person-fallen-v2-p4d-hardneg-rev1-camera1p5m/prompts/PF_P4D_POS_SUPINE_G001_V02.txt,e5dbf5a3b3a07d073c312ad43195f928aee033cb70f655118bf9727507e4b9d9,supine_ground_lying,positive,positive,positive,positive,P4D_FAST_CLOSE_PROVENANCE_MECHANICAL_LINEAGE_PASS,PROMPT_DERIVED_SYNTHETIC_GT,FROZEN_GENERATION_PROMPT_AND_PLANNED_ROLE,false,true,true,0.7472196817398071,0.03487295386666018,/home/yanbo/net_vlm_person_fallen_v2_optimization/13_person_fallen_v4_pose_attributes/prepared_full_dev/PFV4DEV_0398/full_scene.jpg,73b867c48b69e2869de57bd6715116890f1776a22cf2e1073e05342d2cd52e78,/home/yanbo/net_vlm_person_fallen_v2_optimization/13_person_fallen_v4_pose_attributes/prepared_full_dev/PFV4DEV_0398/person_crop.jpg,c86d2ece2c12764a14af1674731a13658e7e4016d0a079ca8de1ef7bda9dc38e,2,lying,lying,PFV4D_0093,FROZEN_TAXONOMY_AND_STABLE_ID_ONLY,PFV4DEV_0398,ground_lying,PILOT_DEV_115,pilot,V5_B0_PILOT_0093
PFV4DEV_0399,ALERT_GROUND_LYING,ALL_FROZEN_V3_DEV_ROWS_IN_PARENT_ORDER,P4D_PLAN::PF_P4D_POS_SUPINE_G001_V03,P4D_FROZEN_PLAN_440,PF_P4D_POS_SUPINE_G001_V03,,PF_P4D_POS_SUPINE_G001,NEW_DESIGN,V3_DEV,/home/yanbo/net_vlm_person_fallen_v2_optimization/08_p4d_new_hard_negative_dev_revision/02_generation/gr3_fullregen/06_execution/quota_campaign_window_05_gr3q8_authorized_20260831_01/08_final/PF_P4D_POS_SUPINE_G001_V03.png,03d8aaca8ea998c335dbe9a16a82425467785c2ae2c7663d0f420cb784d72515,FAST_CLOSE_EXPECTED_AND_ACTUAL,/home/yanbo/下载/batches/batch_person-fallen-v2-p4d-hardneg-rev1-camera1p5m/prompts/PF_P4D_POS_SUPINE_G001_V03.txt,63325762bee694281780c8909d89cf25c05e5d2a33fd282127cb6ac79732f6d9,supine_ground_lying,positive,positive,positive,positive,P4D_FAST_CLOSE_PROVENANCE_MECHANICAL_LINEAGE_PASS,PROMPT_DERIVED_SYNTHETIC_GT,FROZEN_GENERATION_PROMPT_AND_PLANNED_ROLE,false,true,true,0.8357200622558594,0.06216284824082524,/home/yanbo/net_vlm_person_fallen_v2_optimization/13_person_fallen_v4_pose_attributes/prepared_full_dev/PFV4DEV_0399/full_scene.jpg,44ec9404a9d69b5f9edee8f4d61329f04343278b51d488e00dcee2d7acac47ff,/home/yanbo/net_vlm_person_fallen_v2_optimization/13_person_fallen_v4_pose_attributes/prepared_full_dev/PFV4DEV_0399/person_crop.jpg,a3c11fcd191d1e60806a103455d48535a72293a4a9ff6f13a3e0407080f4f9bf,2,lying,lying,PFV4D_0094,FROZEN_TAXONOMY_AND_STABLE_ID_ONLY,PFV4DEV_0399,ground_lying,PILOT_DEV_115,pilot,V5_B0_PILOT_0094
PFV4DEV_0400,ALERT_GROUND_LYING,ALL_FROZEN_V3_DEV_ROWS_IN_PARENT_ORDER,P4D_PLAN::PF_P4D_POS_SUPINE_G001_V04,P4D_FROZEN_PLAN_440,PF_P4D_POS_SUPINE_G001_V04,,PF_P4D_POS_SUPINE_G001,NEW_DESIGN,V3_DEV,/home/yanbo/net_vlm_person_fallen_v2_optimization/08_p4d_new_hard_negative_dev_revision/02_generation/gr3_fullregen/06_execution/quota_campaign_window_05_gr3q8_authorized_20260831_01/08_final/PF_P4D_POS_SUPINE_G001_V04.png,5b0bd30173956a0bffc6529e8e80248139cd2e98db8d58c47d2c635bea96997d,FAST_CLOSE_EXPECTED_AND_ACTUAL,/home/yanbo/下载/batches/batch_person-fallen-v2-p4d-hardneg-rev1-camera1p5m/prompts/PF_P4D_POS_SUPINE_G001_V04.txt,dd7ea143104aebe67054609f9141324bba2e4e42af9b91a538169c011a9fc8ed,supine_ground_lying,positive,positive,positive,positive,P4D_FAST_CLOSE_PROVENANCE_MECHANICAL_LINEAGE_PASS,PROMPT_DERIVED_SYNTHETIC_GT,FROZEN_GENERATION_PROMPT_AND_PLANNED_ROLE,false,true,true,0.9026310443878174,0.20007811612848417,/home/yanbo/net_vlm_person_fallen_v2_optimization/13_person_fallen_v4_pose_attributes/prepared_full_dev/PFV4DEV_0400/full_scene.jpg,ebf7100449f114867a8d59ef3b217ce41d044986b75417585ce44e49f71d82a5,/home/yanbo/net_vlm_person_fallen_v2_optimization/13_person_fallen_v4_pose_attributes/prepared_full_dev/PFV4DEV_0400/person_crop.jpg,79ec0698998250768f01b9703dbf9c9e34bfcacf801b3e342af5a76c4b1fd82d,2,lying,lying,PFV4D_0095,FROZEN_TAXONOMY_AND_STABLE_ID_ONLY,PFV4DEV_0400,ground_lying,PILOT_DEV_115,pilot,V5_B0_PILOT_0095
PFV4DEV_0401,ALERT_GROUND_LYING,ALL_FROZEN_V3_DEV_ROWS_IN_PARENT_ORDER,P4D_PLAN::PF_P4D_POS_SUPINE_G001_V05,P4D_FROZEN_PLAN_440,PF_P4D_POS_SUPINE_G001_V05,,PF_P4D_POS_SUPINE_G001,NEW_DESIGN,V3_DEV,/home/yanbo/net_vlm_person_fallen_v2_optimization/08_p4d_new_hard_negative_dev_revision/02_generation/gr3_fullregen/06_execution/quota_campaign_window_05_gr3q8_authorized_20260831_01/08_final/PF_P4D_POS_SUPINE_G001_V05.png,9273361ba7cea7d5d4a23ccc85d8a3f4b5bdbf992c337a8cb562a5d31b6dc290,FAST_CLOSE_EXPECTED_AND_ACTUAL,/home/yanbo/下载/batches/batch_person-fallen-v2-p4d-hardneg-rev1-camera1p5m/prompts/PF_P4D_POS_SUPINE_G001_V05.txt,3c1c684d63321e001fadbf7f56b88f3a6479a5267fbb86e591090010be4b8cf4,supine_ground_lying,positive,positive,positive,positive,P4D_FAST_CLOSE_PROVENANCE_MECHANICAL_LINEAGE_PASS,PROMPT_DERIVED_SYNTHETIC_GT,FROZEN_GENERATION_PROMPT_AND_PLANNED_ROLE,false,true,true,0.8925914168357849,0.1125389654006048,/home/yanbo/net_vlm_person_fallen_v2_optimization/13_person_fallen_v4_pose_attributes/prepared_full_dev/PFV4DEV_0401/full_scene.jpg,dc61952a6124d81312ba2371d24a285d177d628fa2df507c06329aa36b6cdd78,/home/yanbo/net_vlm_person_fallen_v2_optimization/13_person_fallen_v4_pose_attributes/prepared_full_dev/PFV4DEV_0401/person_crop.jpg,018b2963a76b751a0b45b2a414e9b1bb2f55056b18be6d388605c620b4bd8618,2,lying,lying,PFV4D_0096,FROZEN_TAXONOMY_AND_STABLE_ID_ONLY,PFV4DEV_0401,ground_lying,PILOT_DEV_115,pilot,V5_B0_PILOT_0096
PFV4DEV_0001,ALERT_GROUND_LYING,ALL_FROZEN_V3_DEV_ROWS_IN_PARENT_ORDER,V2_ORIGINAL::IMG_003982,V2_ORIGINAL_SYNTHETIC_500,01_p01-supine-on-floor-01,IMG_003982,pf_v2_aigc_p01-supine-on-floor,DEV,V3_DEV,/home/yanbo/下载/batches/batch_person-fallen-v2-camera1p5m/final/01_p01-supine-on-floor-01.png,3f8831314ec9403dafb006291009877fe8a2d85b9930710f92a6048b23d50c70,FROZEN_V2_MANIFEST_EXPECTED_AND_ACTUAL,/home/yanbo/下载/batches/batch_person-fallen-v2-camera1p5m/prompts/01_p01-supine-on-floor-01.txt,9ee55e2d521004485d60ad1252498f0b142acc01a3c2d29b697b95c77eaa52ed,supine_ground_lying,positive,1,positive,positive,FROZEN_V2_PROMPT_IMAGE_MAPPING_PASS,PROMPT_DERIVED_SYNTHETIC_GT,FROZEN_GENERATION_PROMPT_AND_PLANNED_ROLE,false,true,true,0.9084994792938232,0.22324508997805187,/home/yanbo/net_vlm_person_fallen_v2_optimization/13_person_fallen_v4_pose_attributes/prepared_full_dev/PFV4DEV_0001/full_scene.jpg,9c7acd2b64ec37bc766850bc52db878bbb3b4c20cd8961b8b7d7978ea74e71eb,/home/yanbo/net_vlm_person_fallen_v2_optimization/13_person_fallen_v4_pose_attributes/prepared_full_dev/PFV4DEV_0001/person_crop.jpg,fd656ac1d224b7386656fe33ffe12f268237cb910b990d5594a77d96ba6ca710,2,lying,lying,PFV4D_0097,FROZEN_TAXONOMY_AND_STABLE_ID_ONLY,PFV4DEV_0001,ground_lying,PILOT_DEV_115,pilot,V5_B0_PILOT_0097
PFV4DEV_0002,ALERT_GROUND_LYING,ALL_FROZEN_V3_DEV_ROWS_IN_PARENT_ORDER,V2_ORIGINAL::IMG_003983,V2_ORIGINAL_SYNTHETIC_500,02_p01-supine-on-floor-02,IMG_003983,pf_v2_aigc_p01-supine-on-floor,DEV,V3_DEV,/home/yanbo/下载/batches/batch_person-fallen-v2-camera1p5m/final/02_p01-supine-on-floor-02.png,0efbb9f5706f84c5382a0ba30bec46d35ed7b875072c5dbea115139e58a47d8a,FROZEN_V2_MANIFEST_EXPECTED_AND_ACTUAL,/home/yanbo/下载/batches/batch_person-fallen-v2-camera1p5m/prompts/02_p01-supine-on-floor-02.txt,77213752e5a1bd810c1975f9003c10e5702b376079d86db78f150c74e87a7715,supine_ground_lying,positive,1,positive,positive,FROZEN_V2_PROMPT_IMAGE_MAPPING_PASS,PROMPT_DERIVED_SYNTHETIC_GT,FROZEN_GENERATION_PROMPT_AND_PLANNED_ROLE,false,true,true,0.8016383051872253,0.21514544511464515,/home/yanbo/net_vlm_person_fallen_v2_optimization/13_person_fallen_v4_pose_attributes/prepared_full_dev/PFV4DEV_0002/full_scene.jpg,f0e3fc28d546f49ddf27d83a8ec124b600bd874ef0ad29e301f5ed2b948452b8,/home/yanbo/net_vlm_person_fallen_v2_optimization/13_person_fallen_v4_pose_attributes/prepared_full_dev/PFV4DEV_0002/person_crop.jpg,96eac46ff0064e7031a9290154f5140a1b6a13d9b8a05a6870a6b2b5609107b3,2,lying,lying,PFV4D_0098,FROZEN_TAXONOMY_AND_STABLE_ID_ONLY,PFV4DEV_0002,ground_lying,PILOT_DEV_115,pilot,V5_B0_PILOT_0098
PFV4DEV_0003,ALERT_GROUND_LYING,ALL_FROZEN_V3_DEV_ROWS_IN_PARENT_ORDER,V2_ORIGINAL::IMG_003984,V2_ORIGINAL_SYNTHETIC_500,03_p01-supine-on-floor-03,IMG_003984,pf_v2_aigc_p01-supine-on-floor,DEV,V3_DEV,/home/yanbo/下载/batches/batch_person-fallen-v2-camera1p5m/final/03_p01-supine-on-floor-03.png,00226efe88ae972b085592e830ecd461400e627e3f30514aa0bc5174fefc707d,FROZEN_V2_MANIFEST_EXPECTED_AND_ACTUAL,/home/yanbo/下载/batches/batch_person-fallen-v2-camera1p5m/prompts/03_p01-supine-on-floor-03.txt,6e08ef08b743ce469bfbef5ac0d5c690e51f1177fd182995101a48d412a427a1,supine_ground_lying,positive,1,positive,positive,FROZEN_V2_PROMPT_IMAGE_MAPPING_PASS,PROMPT_DERIVED_SYNTHETIC_GT,FROZEN_GENERATION_PROMPT_AND_PLANNED_ROLE,false,true,true,0.8861992359161377,0.1420238086805716,/home/yanbo/net_vlm_person_fallen_v2_optimization/13_person_fallen_v4_pose_attributes/prepared_full_dev/PFV4DEV_0003/full_scene.jpg,21c141077c08975705ecb371cc9fb21de5c925185d9cecfeabcc1fac0da9b55f,/home/yanbo/net_vlm_person_fallen_v2_optimization/13_person_fallen_v4_pose_attributes/prepared_full_dev/PFV4DEV_0003/person_crop.jpg,ec90fec7f8a1b28a3ec0df11f400eae194327420de21b2e7c500d2dc5ae02ddf,2,lying,lying,PFV4D_0099,FROZEN_TAXONOMY_AND_STABLE_ID_ONLY,PFV4DEV_0003,ground_lying,PILOT_DEV_115,pilot,V5_B0_PILOT_0099
PFV4DEV_0004,ALERT_GROUND_LYING,ALL_FROZEN_V3_DEV_ROWS_IN_PARENT_ORDER,V2_ORIGINAL::IMG_003985,V2_ORIGINAL_SYNTHETIC_500,04_p01-supine-on-floor-04,IMG_003985,pf_v2_aigc_p01-supine-on-floor,DEV,V3_DEV,/home/yanbo/下载/batches/batch_person-fallen-v2-camera1p5m/final/04_p01-supine-on-floor-04.png,b2c04a5ef00e87142592beb2ab5dade093473c24353132baa4f9fa651be1a6a4,FROZEN_V2_MANIFEST_EXPECTED_AND_ACTUAL,/home/yanbo/下载/batches/batch_person-fallen-v2-camera1p5m/prompts/04_p01-supine-on-floor-04.txt,392a05921628a25e7272e4374262e3492429b1739c62ee684b25b8a0af4c8b62,supine_ground_lying,positive,1,positive,positive,FROZEN_V2_PROMPT_IMAGE_MAPPING_PASS,PROMPT_DERIVED_SYNTHETIC_GT,FROZEN_GENERATION_PROMPT_AND_PLANNED_ROLE,false,true,true,0.6839085817337036,0.07128482066822471,/home/yanbo/net_vlm_person_fallen_v2_optimization/13_person_fallen_v4_pose_attributes/prepared_full_dev/PFV4DEV_0004/full_scene.jpg,0a3334d908f344dc8a4838a9f415699535ace32b5acc84c1b64e2ca6f8948768,/home/yanbo/net_vlm_person_fallen_v2_optimization/13_person_fallen_v4_pose_attributes/prepared_full_dev/PFV4DEV_0004/person_crop.jpg,995367e3da549284c93552bdc053e372fb8bb7c9472d31ce9cd2b9c3f2c78872,2,lying,lying,PFV4D_0100,FROZEN_TAXONOMY_AND_STABLE_ID_ONLY,PFV4DEV_0004,ground_lying,PILOT_DEV_115,pilot,V5_B0_PILOT_0100
PFV4DEV_0005,ALERT_GROUND_LYING,ALL_FROZEN_V3_DEV_ROWS_IN_PARENT_ORDER,V2_ORIGINAL::IMG_003986,V2_ORIGINAL_SYNTHETIC_500,05_p01-supine-on-floor-05,IMG_003986,pf_v2_aigc_p01-supine-on-floor,DEV,V3_DEV,/home/yanbo/下载/batches/batch_person-fallen-v2-camera1p5m/final/05_p01-supine-on-floor-05.png,5c47f738bf7bbfe499cb85f5b8ab7601c3229c4405845c536d6e814c64dc6c79,FROZEN_V2_MANIFEST_EXPECTED_AND_ACTUAL,/home/yanbo/下载/batches/batch_person-fallen-v2-camera1p5m/prompts/05_p01-supine-on-floor-05.txt,076ed6a568456429111eead0a9705124adde2399da08c15008c43dd218621222,supine_ground_lying,positive,1,positive,positive,FROZEN_V2_PROMPT_IMAGE_MAPPING_PASS,PROMPT_DERIVED_SYNTHETIC_GT,FROZEN_GENERATION_PROMPT_AND_PLANNED_ROLE,false,true,true,0.9079105854034424,0.17750871587199746,/home/yanbo/net_vlm_person_fallen_v2_optimization/13_person_fallen_v4_pose_attributes/prepared_full_dev/PFV4DEV_0005/full_scene.jpg,7a7b24df1d8c32145ff581a086280bfc995b5cdab2fb5092cfb646c06d277271,/home/yanbo/net_vlm_person_fallen_v2_optimization/13_person_fallen_v4_pose_attributes/prepared_full_dev/PFV4DEV_0005/person_crop.jpg,a66b73b120aa76e5c2f7f29149e4f4f4858c13d9cb5133ef76402cce7a97d0cc,2,lying,lying,PFV4D_0101,FROZEN_TAXONOMY_AND_STABLE_ID_ONLY,PFV4DEV_0005,ground_lying,PILOT_DEV_115,pilot,V5_B0_PILOT_0101
PFV4DEV_0006,ALERT_GROUND_LYING,ALL_FROZEN_V3_DEV_ROWS_IN_PARENT_ORDER,V2_ORIGINAL::IMG_003987,V2_ORIGINAL_SYNTHETIC_500,06_p01-supine-on-floor-06,IMG_003987,pf_v2_aigc_p01-supine-on-floor,DEV,V3_DEV,/home/yanbo/下载/batches/batch_person-fallen-v2-camera1p5m/final/06_p01-supine-on-floor-06.png,9dc8c1e15e4e31d1c22d5a868a207d56530752c6902fa9c678d824ba7a6e8bb6,FROZEN_V2_MANIFEST_EXPECTED_AND_ACTUAL,/home/yanbo/下载/batches/batch_person-fallen-v2-camera1p5m/prompts/06_p01-supine-on-floor-06.txt,08d36f8bc87be7fb318e2e2c321dc0fcab58a710a352801988a93917ec342a28,supine_ground_lying,positive,1,positive,positive,FROZEN_V2_PROMPT_IMAGE_MAPPING_PASS,PROMPT_DERIVED_SYNTHETIC_GT,FROZEN_GENERATION_PROMPT_AND_PLANNED_ROLE,false,true,true,0.9141858816146851,0.16190492614211205,/home/yanbo/net_vlm_person_fallen_v2_optimization/13_person_fallen_v4_pose_attributes/prepared_full_dev/PFV4DEV_0006/full_scene.jpg,71ef02104f699243274e8a41ce7cd7a24b5477793d0a1c305cbde25dbcaa1a28,/home/yanbo/net_vlm_person_fallen_v2_optimization/13_person_fallen_v4_pose_attributes/prepared_full_dev/PFV4DEV_0006/person_crop.jpg,0740994f20f7ea483400fff5f3a5d0044069e05039e8b2c904a06080ff6854d2,2,lying,lying,PFV4D_0102,FROZEN_TAXONOMY_AND_STABLE_ID_ONLY,PFV4DEV_0006,ground_lying,PILOT_DEV_115,pilot,V5_B0_PILOT_0102
PFV4DEV_0007,ALERT_GROUND_LYING,ALL_FROZEN_V3_DEV_ROWS_IN_PARENT_ORDER,V2_ORIGINAL::IMG_003988,V2_ORIGINAL_SYNTHETIC_500,07_p01-supine-on-floor-07,IMG_003988,pf_v2_aigc_p01-supine-on-floor,DEV,V3_DEV,/home/yanbo/下载/batches/batch_person-fallen-v2-camera1p5m/final/07_p01-supine-on-floor-07.png,2d18f5d7a8e1fb5d146ba1167c7a02d08ea63e72f6c3dacfcce8997cd19695b2,FROZEN_V2_MANIFEST_EXPECTED_AND_ACTUAL,/home/yanbo/下载/batches/batch_person-fallen-v2-camera1p5m/prompts/07_p01-supine-on-floor-07.txt,baae53606ba3a56d02eb85c74b638ce39c008e5f36fadfe5fe01c2c70ae007bc,supine_ground_lying,positive,1,positive,positive,FROZEN_V2_PROMPT_IMAGE_MAPPING_PASS,PROMPT_DERIVED_SYNTHETIC_GT,FROZEN_GENERATION_PROMPT_AND_PLANNED_ROLE,false,true,true,0.90265953540802,0.3730084109484677,/home/yanbo/net_vlm_person_fallen_v2_optimization/13_person_fallen_v4_pose_attributes/prepared_full_dev/PFV4DEV_0007/full_scene.jpg,234a5ec78054eec914ad2c1a3b2439e1f46f381147bcc247b657f9fd17acd1b2,/home/yanbo/net_vlm_person_fallen_v2_optimization/13_person_fallen_v4_pose_attributes/prepared_full_dev/PFV4DEV_0007/person_crop.jpg,b7a692d2af26fa997a144d1190cbdc1872ba43c64727db90d0cbb0f30458a44a,2,lying,lying,PFV4D_0103,FROZEN_TAXONOMY_AND_STABLE_ID_ONLY,PFV4DEV_0007,ground_lying,PILOT_DEV_115,pilot,V5_B0_PILOT_0103
PFV4DEV_0008,ALERT_GROUND_LYING,ALL_FROZEN_V3_DEV_ROWS_IN_PARENT_ORDER,V2_ORIGINAL::IMG_003989,V2_ORIGINAL_SYNTHETIC_500,08_p01-supine-on-floor-08,IMG_003989,pf_v2_aigc_p01-supine-on-floor,DEV,V3_DEV,/home/yanbo/下载/batches/batch_person-fallen-v2-camera1p5m/final/08_p01-supine-on-floor-08.png,abc8eeef34ef97fc9ac4511ae695e911ec950c384ff3a959cf1a05e24955588e,FROZEN_V2_MANIFEST_EXPECTED_AND_ACTUAL,/home/yanbo/下载/batches/batch_person-fallen-v2-camera1p5m/prompts/08_p01-supine-on-floor-08.txt,63696c83c3da0ca5e18fd147b8e81a0495ad147a4fdc251d7ec2a8a7bf700679,supine_ground_lying,positive,1,positive,positive,FROZEN_V2_PROMPT_IMAGE_MAPPING_PASS,PROMPT_DERIVED_SYNTHETIC_GT,FROZEN_GENERATION_PROMPT_AND_PLANNED_ROLE,false,true,true,0.8838883638381958,0.06851132741317592,/home/yanbo/net_vlm_person_fallen_v2_optimization/13_person_fallen_v4_pose_attributes/prepared_full_dev/PFV4DEV_0008/full_scene.jpg,a5f6e1c8ce4ad7cacff342586b6c1e327f2de33c0f5cd70d7f18ace8d5cf3a69,/home/yanbo/net_vlm_person_fallen_v2_optimization/13_person_fallen_v4_pose_attributes/prepared_full_dev/PFV4DEV_0008/person_crop.jpg,c81790752aa18a2b61a15677f3a8a750c5cbc93c89f6dda17ce21a0d46b8e35f,2,lying,lying,PFV4D_0104,FROZEN_TAXONOMY_AND_STABLE_ID_ONLY,PFV4DEV_0008,ground_lying,PILOT_DEV_115,pilot,V5_B0_PILOT_0104
PFV4DEV_0009,ALERT_GROUND_LYING,ALL_FROZEN_V3_DEV_ROWS_IN_PARENT_ORDER,V2_ORIGINAL::IMG_003990,V2_ORIGINAL_SYNTHETIC_500,09_p01-supine-on-floor-09,IMG_003990,pf_v2_aigc_p01-supine-on-floor,DEV,V3_DEV,/home/yanbo/下载/batches/batch_person-fallen-v2-camera1p5m/final/09_p01-supine-on-floor-09.png,4791a565447bec69f60b175570fb4bdb5efc1dde5d2474f50073b03398cd012e,FROZEN_V2_MANIFEST_EXPECTED_AND_ACTUAL,/home/yanbo/下载/batches/batch_person-fallen-v2-camera1p5m/prompts/09_p01-supine-on-floor-09.txt,3b1503fb57ea0743aa0e2a5e774fb973dea3bc063760b015fccda254ea7636b4,supine_ground_lying,positive,1,positive,positive,FROZEN_V2_PROMPT_IMAGE_MAPPING_PASS,PROMPT_DERIVED_SYNTHETIC_GT,FROZEN_GENERATION_PROMPT_AND_PLANNED_ROLE,false,true,true,0.9114727973937988,0.1413516001866981,/home/yanbo/net_vlm_person_fallen_v2_optimization/13_person_fallen_v4_pose_attributes/prepared_full_dev/PFV4DEV_0009/full_scene.jpg,c8d47b800545d8809696118a51e33f6b8af24030ba62ae97879dcf0a4ec321b5,/home/yanbo/net_vlm_person_fallen_v2_optimization/13_person_fallen_v4_pose_attributes/prepared_full_dev/PFV4DEV_0009/person_crop.jpg,dedfac8789021fc6d50c3e118569511f6b2a109394265c5a45c9e11369d886e2,2,lying,lying,PFV4D_0105,FROZEN_TAXONOMY_AND_STABLE_ID_ONLY,PFV4DEV_0009,ground_lying,PILOT_DEV_115,pilot,V5_B0_PILOT_0105
PFV4DEV_0020,ALERT_GROUND_LYING,ALL_FROZEN_V3_DEV_ROWS_IN_PARENT_ORDER,V2_ORIGINAL::IMG_003991,V2_ORIGINAL_SYNTHETIC_500,10_p01-supine-on-floor-10,IMG_003991,pf_v2_aigc_p01-supine-on-floor,DEV,V3_DEV,/home/yanbo/下载/batches/batch_person-fallen-v2-camera1p5m/final/10_p01-supine-on-floor-10.png,38ce6cfd624925a391aacf8d6c267d8413b097d6ec4ded21c7df9f4bff2cfeff,FROZEN_V2_MANIFEST_EXPECTED_AND_ACTUAL,/home/yanbo/下载/batches/batch_person-fallen-v2-camera1p5m/prompts/10_p01-supine-on-floor-10.txt,458706b1fd3f5c96306767cb4ba2eb3ab5f5d4306c65417ea3e9b13e70058eab,supine_ground_lying,positive,1,positive,positive,FROZEN_V2_PROMPT_IMAGE_MAPPING_PASS,PROMPT_DERIVED_SYNTHETIC_GT,FROZEN_GENERATION_PROMPT_AND_PLANNED_ROLE,false,true,true,0.9097375273704529,0.27036725059787714,/home/yanbo/net_vlm_person_fallen_v2_optimization/13_person_fallen_v4_pose_attributes/prepared_full_dev/PFV4DEV_0020/full_scene.jpg,f7eee89d90404fcd6794b22d18bffa0c2b8d290ffc54575aaea2cad2fcceea07,/home/yanbo/net_vlm_person_fallen_v2_optimization/13_person_fallen_v4_pose_attributes/prepared_full_dev/PFV4DEV_0020/person_crop.jpg,f0040f1240ef9b8d587699e8bd8f44aa282c5f52bedaacb57e65086f0f0e2d9a,2,lying,lying,PFV4D_0106,FROZEN_TAXONOMY_AND_STABLE_ID_ONLY,PFV4DEV_0020,ground_lying,PILOT_DEV_115,pilot,V5_B0_PILOT_0106
PFV4DEV_0031,ALERT_GROUND_LYING,ALL_FROZEN_V3_DEV_ROWS_IN_PARENT_ORDER,V2_ORIGINAL::IMG_003992,V2_ORIGINAL_SYNTHETIC_500,11_p02-supine-on-floor-01,IMG_003992,pf_v2_aigc_p02-supine-on-floor,DEV,V3_DEV,/home/yanbo/下载/batches/batch_person-fallen-v2-camera1p5m/final/11_p02-supine-on-floor-01.png,b4de656feff104baf2db6ddaddd657dbf850a940b31683a66e179b52e650ffba,FROZEN_V2_MANIFEST_EXPECTED_AND_ACTUAL,/home/yanbo/下载/batches/batch_person-fallen-v2-camera1p5m/prompts/11_p02-supine-on-floor-01.txt,88d99aa46f5c0629fb646fbe1cab63417167e3682794869c0b7687706d7161de,supine_ground_lying,positive,1,positive,positive,FROZEN_V2_PROMPT_IMAGE_MAPPING_PASS,PROMPT_DERIVED_SYNTHETIC_GT,FROZEN_GENERATION_PROMPT_AND_PLANNED_ROLE,false,true,true,0.9340821504592896,0.1953594337167539,/home/yanbo/net_vlm_person_fallen_v2_optimization/13_person_fallen_v4_pose_attributes/prepared_full_dev/PFV4DEV_0031/full_scene.jpg,0af4d8f0d5eaae527d3e868b507b2d5322f726c360225e9f161c516908ac9614,/home/yanbo/net_vlm_person_fallen_v2_optimization/13_person_fallen_v4_pose_attributes/prepared_full_dev/PFV4DEV_0031/person_crop.jpg,2978f73066a3cf8955c496b76fe00732a3b006b8641a39ac60bfdd01b6265e99,2,lying,lying,PFV4D_0107,FROZEN_TAXONOMY_AND_STABLE_ID_ONLY,PFV4DEV_0031,ground_lying,PILOT_DEV_115,pilot,V5_B0_PILOT_0107
PFV4DEV_0033,ALERT_GROUND_LYING,ALL_FROZEN_V3_DEV_ROWS_IN_PARENT_ORDER,V2_ORIGINAL::IMG_003993,V2_ORIGINAL_SYNTHETIC_500,12_p02-supine-on-floor-02,IMG_003993,pf_v2_aigc_p02-supine-on-floor,DEV,V3_DEV,/home/yanbo/下载/batches/batch_person-fallen-v2-camera1p5m/final/12_p02-supine-on-floor-02.png,9bf58dce8362de316637a40ce17ef8cf5a4a65455b6bb9bdc22a40bb860abee4,FROZEN_V2_MANIFEST_EXPECTED_AND_ACTUAL,/home/yanbo/下载/batches/batch_person-fallen-v2-camera1p5m/prompts/12_p02-supine-on-floor-02.txt,6d29651752b91d08f1c1dfed9bd3e3aaa6148c1cdc2f5e33904c68fb42dc4a78,supine_ground_lying,positive,1,positive,positive,FROZEN_V2_PROMPT_IMAGE_MAPPING_PASS,PROMPT_DERIVED_SYNTHETIC_GT,FROZEN_GENERATION_PROMPT_AND_PLANNED_ROLE,false,true,true,0.8312535285949707,0.3219222137732969,/home/yanbo/net_vlm_person_fallen_v2_optimization/13_person_fallen_v4_pose_attributes/prepared_full_dev/PFV4DEV_0033/full_scene.jpg,8c77bf0ef516d1c0996385e243cbdc9f9c0df45504fe05cebe2b6eb68728c34a,/home/yanbo/net_vlm_person_fallen_v2_optimization/13_person_fallen_v4_pose_attributes/prepared_full_dev/PFV4DEV_0033/person_crop.jpg,2db2d5673e8450654da8c0f6e41d120388281deb3e9bef4e4d1a6797eef05294,2,lying,lying,PFV4D_0108,FROZEN_TAXONOMY_AND_STABLE_ID_ONLY,PFV4DEV_0033,ground_lying,PILOT_DEV_115,pilot,V5_B0_PILOT_0108
PFV4DEV_0034,ALERT_GROUND_LYING,ALL_FROZEN_V3_DEV_ROWS_IN_PARENT_ORDER,V2_ORIGINAL::IMG_003994,V2_ORIGINAL_SYNTHETIC_500,13_p02-supine-on-floor-03,IMG_003994,pf_v2_aigc_p02-supine-on-floor,DEV,V3_DEV,/home/yanbo/下载/batches/batch_person-fallen-v2-camera1p5m/final/13_p02-supine-on-floor-03.png,560f13e4a70db0d94d90f60f41b9d100fbae87b7b0cd3a69bd00a4515b4dfb52,FROZEN_V2_MANIFEST_EXPECTED_AND_ACTUAL,/home/yanbo/下载/batches/batch_person-fallen-v2-camera1p5m/prompts/13_p02-supine-on-floor-03.txt,77ebc2b66e870e8314082079789df7ca6cde84323537c9a7c16a33c7bc79af44,supine_ground_lying,positive,1,positive,positive,FROZEN_V2_PROMPT_IMAGE_MAPPING_PASS,PROMPT_DERIVED_SYNTHETIC_GT,FROZEN_GENERATION_PROMPT_AND_PLANNED_ROLE,false,true,true,0.8572590351104736,0.1190114490947518,/home/yanbo/net_vlm_person_fallen_v2_optimization/13_person_fallen_v4_pose_attributes/prepared_full_dev/PFV4DEV_0034/full_scene.jpg,2cc6d76ac3310d19b93de2fed6c6ba26ff8d2d920648d9a61813a92569f2277d,/home/yanbo/net_vlm_person_fallen_v2_optimization/13_person_fallen_v4_pose_attributes/prepared_full_dev/PFV4DEV_0034/person_crop.jpg,81739b7c7ce213661af9e4660bd7b8f388a0f68684924330d21e4a9ab2e1323f,2,lying,lying,PFV4D_0109,FROZEN_TAXONOMY_AND_STABLE_ID_ONLY,PFV4DEV_0034,ground_lying,PILOT_DEV_115,pilot,V5_B0_PILOT_0109
PFV4DEV_0035,ALERT_GROUND_LYING,ALL_FROZEN_V3_DEV_ROWS_IN_PARENT_ORDER,V2_ORIGINAL::IMG_003995,V2_ORIGINAL_SYNTHETIC_500,14_p02-supine-on-floor-04,IMG_003995,pf_v2_aigc_p02-supine-on-floor,DEV,V3_DEV,/home/yanbo/下载/batches/batch_person-fallen-v2-camera1p5m/final/14_p02-supine-on-floor-04.png,5d32e551633bc5f3cbccce2413e955e88ff6bb590eb8acf1a89ec25d9e39aa59,FROZEN_V2_MANIFEST_EXPECTED_AND_ACTUAL,/home/yanbo/下载/batches/batch_person-fallen-v2-camera1p5m/prompts/14_p02-supine-on-floor-04.txt,b9fdd59f226b4a2aeec26650ace9c08dd72f9d1631ca14cc2b299feae24ff449,supine_ground_lying,positive,1,positive,positive,FROZEN_V2_PROMPT_IMAGE_MAPPING_PASS,PROMPT_DERIVED_SYNTHETIC_GT,FROZEN_GENERATION_PROMPT_AND_PLANNED_ROLE,false,true,true,0.9413257837295532,0.1807868675578581,/home/yanbo/net_vlm_person_fallen_v2_optimization/13_person_fallen_v4_pose_attributes/prepared_full_dev/PFV4DEV_0035/full_scene.jpg,68f11c7910e866aea64118b66569ad4e46a1a939a2cf4c7f0610e490d831ab36,/home/yanbo/net_vlm_person_fallen_v2_optimization/13_person_fallen_v4_pose_attributes/prepared_full_dev/PFV4DEV_0035/person_crop.jpg,8b81cef1d1584c74b481f8ae2d9f6848f04368e52d6853a4420a8f3bafefd2d1,2,lying,lying,PFV4D_0110,FROZEN_TAXONOMY_AND_STABLE_ID_ONLY,PFV4DEV_0035,ground_lying,PILOT_DEV_115,pilot,V5_B0_PILOT_0110
PFV4DEV_0417,ALERT_GROUND_LYING,ALL_FROZEN_V3_DEV_ROWS_IN_PARENT_ORDER,P4D_PLAN::PF_P4D_POS_MULTI_G001_V01,P4D_FROZEN_PLAN_440,PF_P4D_POS_MULTI_G001_V01,,PF_P4D_POS_MULTI_G001,NEW_DESIGN,V3_DEV,/home/yanbo/net_vlm_person_fallen_v2_optimization/08_p4d_new_hard_negative_dev_revision/02_generation/gr3_fullregen/06_execution/quota_campaign_window_04_gr3q7_authorized_20260831_01/08_final/PF_P4D_POS_MULTI_G001_V01.png,766f41cdd735818a390ad3355e6ddfce65820ee32ddb96beafa9ae7d59c00c6b,FAST_CLOSE_EXPECTED_AND_ACTUAL,/home/yanbo/下载/batches/batch_person-fallen-v2-p4d-hardneg-rev1-camera1p5m/prompts/PF_P4D_POS_MULTI_G001_V01.txt,7a876243579a35e3cd24d7fb0931169ee7da5a06ea1b2d71ea4ff8c2895d1abf,multi_person_one_lying,positive,positive,positive,positive,P4D_FAST_CLOSE_PROVENANCE_MECHANICAL_LINEAGE_PASS,PROMPT_DERIVED_SYNTHETIC_GT,FROZEN_GENERATION_PROMPT_AND_PLANNED_ROLE,false,true,true,0.9009934663772583,0.06811729920837226,/home/yanbo/net_vlm_person_fallen_v2_optimization/13_person_fallen_v4_pose_attributes/prepared_full_dev/PFV4DEV_0417/full_scene.jpg,8658b8672c2cf235dd2f0085f18fca295af8e3945ef7c3b16e8cbdbb3c4f2d23,/home/yanbo/net_vlm_person_fallen_v2_optimization/13_person_fallen_v4_pose_attributes/prepared_full_dev/PFV4DEV_0417/person_crop.jpg,148170cdc2c9c2a8a9b1a3c24276a1ea1767c35c9ec0e747207571c3ab86b763,2,,,,,PFV4DEV_0417,ground_lying,PILOT_DEV_115,pilot,V5_B0_PILOT_0111
PFV4DEV_0418,ALERT_GROUND_LYING,ALL_FROZEN_V3_DEV_ROWS_IN_PARENT_ORDER,P4D_PLAN::PF_P4D_POS_MULTI_G001_V02,P4D_FROZEN_PLAN_440,PF_P4D_POS_MULTI_G001_V02,,PF_P4D_POS_MULTI_G001,NEW_DESIGN,V3_DEV,/home/yanbo/net_vlm_person_fallen_v2_optimization/08_p4d_new_hard_negative_dev_revision/02_generation/gr3_fullregen/06_execution/quota_campaign_window_04_gr3q7_authorized_20260831_01/08_final/PF_P4D_POS_MULTI_G001_V02.png,4380b9ff73d2652e4bb460f83f45f4b69ad41dc87952826ec40dcb24f1615861,FAST_CLOSE_EXPECTED_AND_ACTUAL,/home/yanbo/下载/batches/batch_person-fallen-v2-p4d-hardneg-rev1-camera1p5m/prompts/PF_P4D_POS_MULTI_G001_V02.txt,a2a987455a4e4b991626982f7412f9df245abe12d930a084feaa7496cc2a4124,multi_person_one_lying,positive,positive,positive,positive,P4D_FAST_CLOSE_PROVENANCE_MECHANICAL_LINEAGE_PASS,PROMPT_DERIVED_SYNTHETIC_GT,FROZEN_GENERATION_PROMPT_AND_PLANNED_ROLE,false,true,true,0.796782374382019,0.04796815794624207,/home/yanbo/net_vlm_person_fallen_v2_optimization/13_person_fallen_v4_pose_attributes/prepared_full_dev/PFV4DEV_0418/full_scene.jpg,4b3abae863902b88299bd28382edd72a40fab5f2a9fb00d6946e2f040ab9c3c2,/home/yanbo/net_vlm_person_fallen_v2_optimization/13_person_fallen_v4_pose_attributes/prepared_full_dev/PFV4DEV_0418/person_crop.jpg,6142764b8a5dcef5537412f063e3361dcc8b653d428b083c7f96fa5ec3ae20fb,2,,,,,PFV4DEV_0418,ground_lying,PILOT_DEV_115,pilot,V5_B0_PILOT_0112
PFV4DEV_0419,ALERT_GROUND_LYING,ALL_FROZEN_V3_DEV_ROWS_IN_PARENT_ORDER,P4D_PLAN::PF_P4D_POS_MULTI_G001_V03,P4D_FROZEN_PLAN_440,PF_P4D_POS_MULTI_G001_V03,,PF_P4D_POS_MULTI_G001,NEW_DESIGN,V3_DEV,/home/yanbo/net_vlm_person_fallen_v2_optimization/08_p4d_new_hard_negative_dev_revision/02_generation/gr3_fullregen/06_execution/quota_campaign_window_04_gr3q7_authorized_20260831_01/08_final/PF_P4D_POS_MULTI_G001_V03.png,078df807ba36c7014717f00fbe459dbb4e8a846d1e9ccad6ce2100fc646c6b35,FAST_CLOSE_EXPECTED_AND_ACTUAL,/home/yanbo/下载/batches/batch_person-fallen-v2-p4d-hardneg-rev1-camera1p5m/prompts/PF_P4D_POS_MULTI_G001_V03.txt,485bccf85bbc8584a1c36cdc6bc58a0d330ca9b0b40d91d5b7919c5e06824507,multi_person_one_lying,positive,positive,positive,positive,P4D_FAST_CLOSE_PROVENANCE_MECHANICAL_LINEAGE_PASS,PROMPT_DERIVED_SYNTHETIC_GT,FROZEN_GENERATION_PROMPT_AND_PLANNED_ROLE,false,true,true,0.9297011494636536,0.19266544127518298,/home/yanbo/net_vlm_person_fallen_v2_optimization/13_person_fallen_v4_pose_attributes/prepared_full_dev/PFV4DEV_0419/full_scene.jpg,e01642ca1bff4c6a92125f9d897d79254bd3aab623386bb6974024c870cd7728,/home/yanbo/net_vlm_person_fallen_v2_optimization/13_person_fallen_v4_pose_attributes/prepared_full_dev/PFV4DEV_0419/person_crop.jpg,0fb2f38e32947e684a2288e4a922735de6df7249e94d1a7401b7ea7e5ea623ea,2,,,,,PFV4DEV_0419,ground_lying,PILOT_DEV_115,pilot,V5_B0_PILOT_0113
PFV4DEV_0420,ALERT_GROUND_LYING,ALL_FROZEN_V3_DEV_ROWS_IN_PARENT_ORDER,P4D_PLAN::PF_P4D_POS_MULTI_G001_V04,P4D_FROZEN_PLAN_440,PF_P4D_POS_MULTI_G001_V04,,PF_P4D_POS_MULTI_G001,NEW_DESIGN,V3_DEV,/home/yanbo/net_vlm_person_fallen_v2_optimization/08_p4d_new_hard_negative_dev_revision/02_generation/gr3_fullregen/06_execution/quota_campaign_window_04_gr3q7_authorized_20260831_01/08_final/PF_P4D_POS_MULTI_G001_V04.png,8711cb681690b1e5df446b55e4f239e7b3ef53a24da029706a1d14213e7a144a,FAST_CLOSE_EXPECTED_AND_ACTUAL,/home/yanbo/下载/batches/batch_person-fallen-v2-p4d-hardneg-rev1-camera1p5m/prompts/PF_P4D_POS_MULTI_G001_V04.txt,2784920efdebadd3c60b94d804ac0b9be96f8239226c507ba9f837674484030c,multi_person_one_lying,positive,positive,positive,positive,P4D_FAST_CLOSE_PROVENANCE_MECHANICAL_LINEAGE_PASS,PROMPT_DERIVED_SYNTHETIC_GT,FROZEN_GENERATION_PROMPT_AND_PLANNED_ROLE,false,true,true,0.9148256182670593,0.13296731309475876,/home/yanbo/net_vlm_person_fallen_v2_optimization/13_person_fallen_v4_pose_attributes/prepared_full_dev/PFV4DEV_0420/full_scene.jpg,a2a37b32fa5aca8fa2a2fa64ab5be14928f8a8d7ab99cf1ab58cd463f77f4a4c,/home/yanbo/net_vlm_person_fallen_v2_optimization/13_person_fallen_v4_pose_attributes/prepared_full_dev/PFV4DEV_0420/person_crop.jpg,b4e91003e66a4b5bc55380d6aef608b8c0461dbd4daee30e9322d4cf970e7ca7,2,,,,,PFV4DEV_0420,ground_lying,PILOT_DEV_115,pilot,V5_B0_PILOT_0114
PFV4DEV_0421,ALERT_GROUND_LYING,ALL_FROZEN_V3_DEV_ROWS_IN_PARENT_ORDER,P4D_PLAN::PF_P4D_POS_MULTI_G001_V05,P4D_FROZEN_PLAN_440,PF_P4D_POS_MULTI_G001_V05,,PF_P4D_POS_MULTI_G001,NEW_DESIGN,V3_DEV,/home/yanbo/net_vlm_person_fallen_v2_optimization/08_p4d_new_hard_negative_dev_revision/02_generation/gr3_fullregen/06_execution/quota_campaign_window_04_gr3q7_authorized_20260831_01/08_final/PF_P4D_POS_MULTI_G001_V05.png,b6b022ff11f89afc87a076e33db60e5a1f369df2037a81e2f9688747def1d67b,FAST_CLOSE_EXPECTED_AND_ACTUAL,/home/yanbo/下载/batches/batch_person-fallen-v2-p4d-hardneg-rev1-camera1p5m/prompts/PF_P4D_POS_MULTI_G001_V05.txt,3e4634fb365ca5323a098344aa43db65b9dac99bd588d0093a22a77491005fc2,multi_person_one_lying,positive,positive,positive,positive,P4D_FAST_CLOSE_PROVENANCE_MECHANICAL_LINEAGE_PASS,PROMPT_DERIVED_SYNTHETIC_GT,FROZEN_GENERATION_PROMPT_AND_PLANNED_ROLE,false,true,true,0.9030756950378418,0.08141155999839764,/home/yanbo/net_vlm_person_fallen_v2_optimization/13_person_fallen_v4_pose_attributes/prepared_full_dev/PFV4DEV_0421/full_scene.jpg,160ffa5d8e292478323b1f8c4c526f92391e0321d4add382f4b8333d16ebca21,/home/yanbo/net_vlm_person_fallen_v2_optimization/13_person_fallen_v4_pose_attributes/prepared_full_dev/PFV4DEV_0421/person_crop.jpg,c5446b7c854997553db214b35b40127209abd737967ca1cb4e689a3ed4c8f98b,2,,,,,PFV4DEV_0421,ground_lying,PILOT_DEV_115,pilot,V5_B0_PILOT_0115
