dataset,request_index,request_id,media_id,timestamp_start_utc,timestamp_end_utc,wall_span_seconds,client_latency_seconds,total_duration_ns,total_duration_seconds,load_duration_ns,load_duration_seconds,prompt_eval_duration_ns,prompt_eval_duration_seconds,eval_duration_ns,eval_duration_seconds,client_overhead_seconds,load_ratio,prompt_eval_ratio,eval_ratio,prompt_eval_count,eval_count,done,done_reason,http_code,prompt_sha256,config_fingerprint,model,format,think,stream,generation_options,high_load,image_sha256,image_path,image_width,image_height,image_bytes,processed_sha256
SCREEN,1,P2_SCREEN_C3_20260826_231841_001,IMG_003702,2026-08-26T15:18:41.598818+00:00,2026-08-26T15:18:43.251984+00:00,1.653166,1.5896389484405518,1580967769,1.580967769,477151135,0.477151135,115217411,0.115217411,468556387,0.468556387,0.008671179440551846,0.30180952727569493,0.07287777351266167,0.2963731432022635,598,60,True,stop,200,685bb9724b1faa96298c1e6cf8139774d82afbc9d2f30cdd154fbe5cb776951e,872e7210a216c9d496b7930f0b9cf4cef059012ab7c9c4aea23138f3dc8086fe,qwen3.5:4b,json,False,False,"{""num_ctx"":8192,""num_predict"":256,""temperature"":0}",False,5f82ee8030a64dfae05bb4583c289b09c8ebc33280dc2f6e4a53a10bbb60b2fc,/home/yanbo/net_vlm_person_fallen_v2_optimization/05_p2_hard_negative_semantic_optimization/04_screening/C3/processed_448x336/IMG_003702.jpg,448,336,18727,027e6638191e2d4a9e7850e8215a4ba043eba9b7e2e09cc2f9e57c9ddcdadd3d
SCREEN,2,P2_SCREEN_C3_20260826_231841_002,IMG_003703,2026-08-26T15:18:43.253043+00:00,2026-08-26T15:18:44.661275+00:00,1.408232,1.3527555465698242,1345120399,1.345120399,469853443,0.469853443,115289460,0.11528946,374200833,0.374200833,0.007635147569824197,0.3493021467441146,0.08570939827074914,0.27819133014278224,598,47,True,stop,200,685bb9724b1faa96298c1e6cf8139774d82afbc9d2f30cdd154fbe5cb776951e,872e7210a216c9d496b7930f0b9cf4cef059012ab7c9c4aea23138f3dc8086fe,qwen3.5:4b,json,False,False,"{""num_ctx"":8192,""num_predict"":256,""temperature"":0}",False,5e18806b0d663d3a7b16e0bf3564749c245323f6fc828cd80add4c68d279c87f,/home/yanbo/net_vlm_person_fallen_v2_optimization/05_p2_hard_negative_semantic_optimization/04_screening/C3/processed_448x336/IMG_003703.jpg,448,336,18029,347bac76e44054c651596bc915a116f297dd9bb6a22acfbd19165512684032cc
SCREEN,3,P2_SCREEN_C3_20260826_231841_003,IMG_003704,2026-08-26T15:18:44.662297+00:00,2026-08-26T15:18:46.216926+00:00,1.554629,1.5010409355163574,1495327750,1.49532775,425658564,0.425658564,115113790,0.11511379,403714265,0.403714265,0.005713185516357466,0.2846590414710086,0.07698231374359234,0.2699837978663875,598,50,True,stop,200,685bb9724b1faa96298c1e6cf8139774d82afbc9d2f30cdd154fbe5cb776951e,872e7210a216c9d496b7930f0b9cf4cef059012ab7c9c4aea23138f3dc8086fe,qwen3.5:4b,json,False,False,"{""num_ctx"":8192,""num_predict"":256,""temperature"":0}",False,27d688b997b3048bf57efd35520fa34bd3adccda66575f1ddb0bcc298629ce4b,/home/yanbo/net_vlm_person_fallen_v2_optimization/05_p2_hard_negative_semantic_optimization/04_screening/C3/processed_448x336/IMG_003704.jpg,448,336,12549,aa1b9c8129ef38797882156d7489a8696729e50431c85d4db271eda9ec7fadda
SCREEN,4,P2_SCREEN_C3_20260826_231841_004,IMG_003705,2026-08-26T15:18:46.217886+00:00,2026-08-26T15:18:47.797549+00:00,1.579663,1.52467942237854,1516835547,1.516835547,451974992,0.451974992,113209092,0.113209092,507303418,0.507303418,0.007843875378540144,0.2979723101122709,0.07463504677478396,0.33444852937640185,598,62,True,stop,200,685bb9724b1faa96298c1e6cf8139774d82afbc9d2f30cdd154fbe5cb776951e,872e7210a216c9d496b7930f0b9cf4cef059012ab7c9c4aea23138f3dc8086fe,qwen3.5:4b,json,False,False,"{""num_ctx"":8192,""num_predict"":256,""temperature"":0}",False,4bca926036b8d0324b411c6828586467b408df92eb1db27af3b8dd25bf443e17,/home/yanbo/net_vlm_person_fallen_v2_optimization/05_p2_hard_negative_semantic_optimization/04_screening/C3/processed_448x336/IMG_003705.jpg,448,336,18392,f89c52e260eef7c60e413558c3f16a2893e2f7cbcfe1d81ea96cf33c93106385
SCREEN,5,P2_SCREEN_C3_20260826_231841_005,IMG_003706,2026-08-26T15:18:47.799189+00:00,2026-08-26T15:18:49.400954+00:00,1.601765,1.5469818115234375,1539191878,1.539191878,421557219,0.421557219,113332411,0.113332411,539883868,0.539883868,0.007789933523437487,0.2738821748122556,0.073631112936525,0.350758002115705,598,66,True,stop,200,685bb9724b1faa96298c1e6cf8139774d82afbc9d2f30cdd154fbe5cb776951e,872e7210a216c9d496b7930f0b9cf4cef059012ab7c9c4aea23138f3dc8086fe,qwen3.5:4b,json,False,False,"{""num_ctx"":8192,""num_predict"":256,""temperature"":0}",False,2b6115e018583759cfe5df4bd1fcd315bb592af2d089c3a701da59fbbbf0e6e0,/home/yanbo/net_vlm_person_fallen_v2_optimization/05_p2_hard_negative_semantic_optimization/04_screening/C3/processed_448x336/IMG_003706.jpg,448,336,11761,4dd888e216cad140f2d5cef11d6ae8e9de388a1e72933f5a50693f644ecd84b1
SCREEN,6,P2_SCREEN_C3_20260826_231841_006,IMG_003707,2026-08-26T15:18:49.402005+00:00,2026-08-26T15:18:51.120221+00:00,1.718216,1.6647536754608154,1656612874,1.656612874,470169554,0.470169554,111951321,0.111951321,556221512,0.556221512,0.008140801460815528,0.283813775311757,0.0675784444012476,0.335758293762964,598,71,True,stop,200,685bb9724b1faa96298c1e6cf8139774d82afbc9d2f30cdd154fbe5cb776951e,872e7210a216c9d496b7930f0b9cf4cef059012ab7c9c4aea23138f3dc8086fe,qwen3.5:4b,json,False,False,"{""num_ctx"":8192,""num_predict"":256,""temperature"":0}",False,73bc09ee9ef0fd6bbb582bbe0db98cd4469f12a8834626f5fa2cc0b71ba6acbd,/home/yanbo/net_vlm_person_fallen_v2_optimization/05_p2_hard_negative_semantic_optimization/04_screening/C3/processed_448x336/IMG_003707.jpg,448,336,14140,33c3e764d1c2a3796083bdbff96b76ec0010c3340a2e53407ccd918e92ae5785
SCREEN,7,P2_SCREEN_C3_20260826_231841_007,IMG_003708,2026-08-26T15:18:51.121377+00:00,2026-08-26T15:18:52.743773+00:00,1.622396,1.564798355102539,1556264525,1.556264525,476039118,0.476039118,140415345,0.140415345,414968005,0.414968005,0.008533830102539053,0.3058857349459919,0.09022588560257774,0.26664361895674515,598,51,True,stop,200,685bb9724b1faa96298c1e6cf8139774d82afbc9d2f30cdd154fbe5cb776951e,872e7210a216c9d496b7930f0b9cf4cef059012ab7c9c4aea23138f3dc8086fe,qwen3.5:4b,json,False,False,"{""num_ctx"":8192,""num_predict"":256,""temperature"":0}",False,aebf6050b3fb73755b48cad44728ca0f55ae95c078047887335bcfcc57776c47,/home/yanbo/net_vlm_person_fallen_v2_optimization/05_p2_hard_negative_semantic_optimization/04_screening/C3/processed_448x336/IMG_003708.jpg,448,336,16860,d57bc2bce43c5312f40495e16e9f589e3358aefee64dea8020bb4b96610c6a07
SCREEN,8,P2_SCREEN_C3_20260826_231841_008,IMG_003709,2026-08-26T15:18:52.744694+00:00,2026-08-26T15:18:54.291565+00:00,1.546871,1.4931185245513916,1483332989,1.483332989,422568106,0.422568106,112670319,0.112670319,413512083,0.413512083,0.009785535551391611,0.2848774409614374,0.07595753605935612,0.2787722554992674,598,51,True,stop,200,685bb9724b1faa96298c1e6cf8139774d82afbc9d2f30cdd154fbe5cb776951e,872e7210a216c9d496b7930f0b9cf4cef059012ab7c9c4aea23138f3dc8086fe,qwen3.5:4b,json,False,False,"{""num_ctx"":8192,""num_predict"":256,""temperature"":0}",False,d9f51b8ff2d02493d7ecd7d16b28d4480d32456bbd87bf21b040cc6b3d4eeb33,/home/yanbo/net_vlm_person_fallen_v2_optimization/05_p2_hard_negative_semantic_optimization/04_screening/C3/processed_448x336/IMG_003709.jpg,448,336,12492,80a4286a8a4c70cda9e1b748d598429eac592cba1f4fb24a5d0f372d1460a3ef
SCREEN,9,P2_SCREEN_C3_20260826_231841_009,IMG_003710,2026-08-26T15:18:54.292726+00:00,2026-08-26T15:18:55.684256+00:00,1.39153,1.3360216617584229,1328084331,1.328084331,422745342,0.422745342,112499090,0.11249909,367536871,0.367536871,0.007937330758422956,0.3183121223045286,0.08470779104463359,0.2767421182683918,598,46,True,stop,200,685bb9724b1faa96298c1e6cf8139774d82afbc9d2f30cdd154fbe5cb776951e,872e7210a216c9d496b7930f0b9cf4cef059012ab7c9c4aea23138f3dc8086fe,qwen3.5:4b,json,False,False,"{""num_ctx"":8192,""num_predict"":256,""temperature"":0}",False,b18857cefb35aee71924a5cca2bd68a70cb29e28e5ec82e53e447f3301f1da13,/home/yanbo/net_vlm_person_fallen_v2_optimization/05_p2_hard_negative_semantic_optimization/04_screening/C3/processed_448x336/IMG_003710.jpg,448,336,21699,339e872e31b0eaebb3b2f876f538db2cfea80bb54b561ec1f417c761bdc2de3d
SCREEN,10,P2_SCREEN_C3_20260826_231841_010,IMG_003711,2026-08-26T15:18:55.685168+00:00,2026-08-26T15:18:57.281548+00:00,1.59638,1.5441792011260986,1536540364,1.536540364,487161421,0.487161421,118153033,0.118153033,402173795,0.402173795,0.0076388371260986965,0.31705084514135157,0.07689549573069335,0.26173981785485984,598,50,True,stop,200,685bb9724b1faa96298c1e6cf8139774d82afbc9d2f30cdd154fbe5cb776951e,872e7210a216c9d496b7930f0b9cf4cef059012ab7c9c4aea23138f3dc8086fe,qwen3.5:4b,json,False,False,"{""num_ctx"":8192,""num_predict"":256,""temperature"":0}",False,5785e793610f7f7677b6c4d9b947c828a4e56e2d327d06adba47f377dfb5dc43,/home/yanbo/net_vlm_person_fallen_v2_optimization/05_p2_hard_negative_semantic_optimization/04_screening/C3/processed_448x336/IMG_003711.jpg,448,336,14159,f83fd2b435fb2f010d245a0f838713b46bdd4bd3e4d092b454ee53f1dc4fd45a
SCREEN,11,P2_SCREEN_C3_20260826_231841_011,IMG_003752,2026-08-26T15:18:57.282632+00:00,2026-08-26T15:18:58.882612+00:00,1.59998,1.543189525604248,1535204536,1.535204536,468300446,0.468300446,133092520,0.13309252,401452280,0.40145228,0.007984989604248094,0.30504107760140176,0.08669367297909025,0.26149758588258887,598,51,True,stop,200,685bb9724b1faa96298c1e6cf8139774d82afbc9d2f30cdd154fbe5cb776951e,872e7210a216c9d496b7930f0b9cf4cef059012ab7c9c4aea23138f3dc8086fe,qwen3.5:4b,json,False,False,"{""num_ctx"":8192,""num_predict"":256,""temperature"":0}",False,9d51842db456f20284d6d821eea6fc180cf491666bb736d8adecd47b93d88344,/home/yanbo/net_vlm_person_fallen_v2_optimization/05_p2_hard_negative_semantic_optimization/04_screening/C3/processed_448x336/IMG_003752.jpg,448,336,21656,25480602b03c270139280773141a8df4043ece6f1b9aad7b2cce48e3dbd069af
SCREEN,12,P2_SCREEN_C3_20260826_231841_012,IMG_003753,2026-08-26T15:18:58.883864+00:00,2026-08-26T15:19:00.495901+00:00,1.612037,1.5563619136810303,1537731740,1.53773174,465505572,0.465505572,126003704,0.126003704,481206790,0.48120679,0.01863017368103037,0.3027222238386001,0.08194127800210459,0.31293285914746094,598,61,True,stop,200,685bb9724b1faa96298c1e6cf8139774d82afbc9d2f30cdd154fbe5cb776951e,872e7210a216c9d496b7930f0b9cf4cef059012ab7c9c4aea23138f3dc8086fe,qwen3.5:4b,json,False,False,"{""num_ctx"":8192,""num_predict"":256,""temperature"":0}",False,21e39b5f62d3e42f57b1f4a6eb3d6e2de4b48a193a7508edd3dc2914c62b7452,/home/yanbo/net_vlm_person_fallen_v2_optimization/05_p2_hard_negative_semantic_optimization/04_screening/C3/processed_448x336/IMG_003753.jpg,448,336,20887,b755802309c2e2ae5deb4dbf25b1108f372c77ff63e6e42d855cf1b713c7cd83
SCREEN,13,P2_SCREEN_C3_20260826_231841_013,IMG_003754,2026-08-26T15:19:00.496969+00:00,2026-08-26T15:19:02.061980+00:00,1.565011,1.5147571563720703,1507040949,1.507040949,486553742,0.486553742,119017187,0.119017187,411168999,0.411168999,0.0077162073720702384,0.3228536970563764,0.07897408964167435,0.27283200185955925,598,51,True,stop,200,685bb9724b1faa96298c1e6cf8139774d82afbc9d2f30cdd154fbe5cb776951e,872e7210a216c9d496b7930f0b9cf4cef059012ab7c9c4aea23138f3dc8086fe,qwen3.5:4b,json,False,False,"{""num_ctx"":8192,""num_predict"":256,""temperature"":0}",False,4db498f7d89028b884b3ad72b466542296ceea8b6434cec90c51d30a21bdcd22,/home/yanbo/net_vlm_person_fallen_v2_optimization/05_p2_hard_negative_semantic_optimization/04_screening/C3/processed_448x336/IMG_003754.jpg,448,336,13628,c37fc0a65558ca0b66c3c846ca877a5a3423f59d0d6e1f47a605711deb865861
SCREEN,14,P2_SCREEN_C3_20260826_231841_014,IMG_003755,2026-08-26T15:19:02.063022+00:00,2026-08-26T15:19:03.586869+00:00,1.523847,1.4728214740753174,1465086287,1.465086287,404766456,0.404766456,116129196,0.116129196,510341622,0.510341622,0.007735187075317285,0.27627482394147884,0.07926440717549355,0.3483355393660851,598,63,True,stop,200,685bb9724b1faa96298c1e6cf8139774d82afbc9d2f30cdd154fbe5cb776951e,872e7210a216c9d496b7930f0b9cf4cef059012ab7c9c4aea23138f3dc8086fe,qwen3.5:4b,json,False,False,"{""num_ctx"":8192,""num_predict"":256,""temperature"":0}",False,5f443d6393dbe2f28eb5fa6a524207ee05b4d6e0649b8ef7fb3096a7391d9ee3,/home/yanbo/net_vlm_person_fallen_v2_optimization/05_p2_hard_negative_semantic_optimization/04_screening/C3/processed_448x336/IMG_003755.jpg,448,336,10691,584dea8fada90b5c99af9127ca60c9e4928f334a3133370fd912d235fa62559c
SCREEN,15,P2_SCREEN_C3_20260826_231841_015,IMG_003756,2026-08-26T15:19:03.587796+00:00,2026-08-26T15:19:05.262645+00:00,1.674849,1.6180853843688965,1611507134,1.611507134,467324706,0.467324706,113224454,0.113224454,503694169,0.503694169,0.006578250368896477,0.28999232838642836,0.07025997689439953,0.31256093030736776,598,64,True,stop,200,685bb9724b1faa96298c1e6cf8139774d82afbc9d2f30cdd154fbe5cb776951e,872e7210a216c9d496b7930f0b9cf4cef059012ab7c9c4aea23138f3dc8086fe,qwen3.5:4b,json,False,False,"{""num_ctx"":8192,""num_predict"":256,""temperature"":0}",False,0677f623922ae8c0833c4608b442c97f115863391363ec031746984b2a1f7bcc,/home/yanbo/net_vlm_person_fallen_v2_optimization/05_p2_hard_negative_semantic_optimization/04_screening/C3/processed_448x336/IMG_003756.jpg,448,336,15656,4150d4318262c34b42f754ca97853526b26b8e8dd0725045cba6918d174a882c
SCREEN,16,P2_SCREEN_C3_20260826_231841_016,IMG_003757,2026-08-26T15:19:05.263717+00:00,2026-08-26T15:19:06.869029+00:00,1.605312,1.5494072437286377,1541626670,1.54162667,408890156,0.408890156,116470895,0.116470895,534986689,0.534986689,0.0077805737286376075,0.2652329282808788,0.07555064871834372,0.3470273960685955,598,68,True,stop,200,685bb9724b1faa96298c1e6cf8139774d82afbc9d2f30cdd154fbe5cb776951e,872e7210a216c9d496b7930f0b9cf4cef059012ab7c9c4aea23138f3dc8086fe,qwen3.5:4b,json,False,False,"{""num_ctx"":8192,""num_predict"":256,""temperature"":0}",False,0701ddbdd49380437869cac2251251f3aa0b305fca47da6de7c2fa171e582854,/home/yanbo/net_vlm_person_fallen_v2_optimization/05_p2_hard_negative_semantic_optimization/04_screening/C3/processed_448x336/IMG_003757.jpg,448,336,15433,09b35ab7c5bdfba5e4c9317c29f7fb46b5c5ed8b7ed38d56e9288e1399879962
SCREEN,17,P2_SCREEN_C3_20260826_231841_017,IMG_003758,2026-08-26T15:19:06.870035+00:00,2026-08-26T15:19:08.477828+00:00,1.607793,1.5527679920196533,1544810409,1.544810409,474991052,0.474991052,134574836,0.134574836,411042825,0.411042825,0.007957583019653214,0.307475305210738,0.08711414372661701,0.26607978727051673,598,51,True,stop,200,685bb9724b1faa96298c1e6cf8139774d82afbc9d2f30cdd154fbe5cb776951e,872e7210a216c9d496b7930f0b9cf4cef059012ab7c9c4aea23138f3dc8086fe,qwen3.5:4b,json,False,False,"{""num_ctx"":8192,""num_predict"":256,""temperature"":0}",False,02d0518049b36e6c2705a4571f7092c9c48fd6f79e4979e7771788eb9107f992,/home/yanbo/net_vlm_person_fallen_v2_optimization/05_p2_hard_negative_semantic_optimization/04_screening/C3/processed_448x336/IMG_003758.jpg,448,336,17214,4e6f3f0fedd872ea114061aea248fb750b36fabb1bb979933357bfabfec6edc4
SCREEN,18,P2_SCREEN_C3_20260826_231841_018,IMG_003759,2026-08-26T15:19:08.479183+00:00,2026-08-26T15:19:10.056118+00:00,1.576935,1.5240294933319092,1516653843,1.516653843,413659043,0.413659043,132384227,0.132384227,438094760,0.43809476,0.007375650331909123,0.2727445322538242,0.08728704154280773,0.2888561302382827,598,54,True,stop,200,685bb9724b1faa96298c1e6cf8139774d82afbc9d2f30cdd154fbe5cb776951e,872e7210a216c9d496b7930f0b9cf4cef059012ab7c9c4aea23138f3dc8086fe,qwen3.5:4b,json,False,False,"{""num_ctx"":8192,""num_predict"":256,""temperature"":0}",False,30bae33ef6a87738d1ee9d7d6ce2d42944cd954b3f4062fd6de26355e168188b,/home/yanbo/net_vlm_person_fallen_v2_optimization/05_p2_hard_negative_semantic_optimization/04_screening/C3/processed_448x336/IMG_003759.jpg,448,336,16383,66747a5729f9dc533dc6473ab9157145cf54a78758cbf17b7dc8705e8a07d067
SCREEN,19,P2_SCREEN_C3_20260826_231841_019,IMG_003760,2026-08-26T15:19:10.057165+00:00,2026-08-26T15:19:11.448353+00:00,1.391188,1.3356640338897705,1327833728,1.327833728,423587832,0.423587832,114428966,0.114428966,377103236,0.377103236,0.007830305889770406,0.31900668213784067,0.08617717985847094,0.2839988381436866,598,48,True,stop,200,685bb9724b1faa96298c1e6cf8139774d82afbc9d2f30cdd154fbe5cb776951e,872e7210a216c9d496b7930f0b9cf4cef059012ab7c9c4aea23138f3dc8086fe,qwen3.5:4b,json,False,False,"{""num_ctx"":8192,""num_predict"":256,""temperature"":0}",False,549d55d23c0e591fd1d4500c7b2ead5eb5f4f6657d9d5bad963feac31c5a9b2f,/home/yanbo/net_vlm_person_fallen_v2_optimization/05_p2_hard_negative_semantic_optimization/04_screening/C3/processed_448x336/IMG_003760.jpg,448,336,18337,16eeb1ea44ec0578ccd4413e95f07517689c588b0ffe1ef2aef22960aee0fcd6
SCREEN,20,P2_SCREEN_C3_20260826_231841_020,IMG_003761,2026-08-26T15:19:11.449529+00:00,2026-08-26T15:19:13.139452+00:00,1.689923,1.6356589794158936,1626457759,1.626457759,469935226,0.469935226,114077991,0.114077991,513480912,0.513480912,0.009201220415893552,0.2889317127356149,0.07013892022018385,0.3157050400839829,598,64,True,stop,200,685bb9724b1faa96298c1e6cf8139774d82afbc9d2f30cdd154fbe5cb776951e,872e7210a216c9d496b7930f0b9cf4cef059012ab7c9c4aea23138f3dc8086fe,qwen3.5:4b,json,False,False,"{""num_ctx"":8192,""num_predict"":256,""temperature"":0}",False,e94ff2a0fe9a16ac49da733e32db3d60fa436f385d1fcb0188577a76ff65c6ac,/home/yanbo/net_vlm_person_fallen_v2_optimization/05_p2_hard_negative_semantic_optimization/04_screening/C3/processed_448x336/IMG_003761.jpg,448,336,15289,ae4060aaffe02ad3f77e7da59bbcc07fa18c6c8b07f28315de322e575de11017
SCREEN,21,P2_SCREEN_C3_20260826_231841_021,IMG_003792,2026-08-26T15:19:13.140646+00:00,2026-08-26T15:19:14.775728+00:00,1.635082,1.5777788162231445,1569569937,1.569569937,424702937,0.424702937,114010968,0.114010968,583476997,0.583476997,0.008208879223144505,0.27058554511547067,0.07263834844971295,0.371743229304729,598,73,True,stop,200,685bb9724b1faa96298c1e6cf8139774d82afbc9d2f30cdd154fbe5cb776951e,872e7210a216c9d496b7930f0b9cf4cef059012ab7c9c4aea23138f3dc8086fe,qwen3.5:4b,json,False,False,"{""num_ctx"":8192,""num_predict"":256,""temperature"":0}",False,89f0c6b751a3fc4538d934f18cbf75abc3b6719bcade4b0b531c203e44d721c3,/home/yanbo/net_vlm_person_fallen_v2_optimization/05_p2_hard_negative_semantic_optimization/04_screening/C3/processed_448x336/IMG_003792.jpg,448,336,19577,6cb95b4d37bd39000297711279653de8b158deba8450f8e7072cbcab9a40b0c9
SCREEN,22,P2_SCREEN_C3_20260826_231841_022,IMG_003793,2026-08-26T15:19:14.777010+00:00,2026-08-26T15:19:16.345423+00:00,1.568413,1.5133280754089355,1505523769,1.505523769,447548014,0.447548014,122908730,0.12290873,423618044,0.423618044,0.00780430640893548,0.29727063977028445,0.08163851845503475,0.2813758591678535,598,53,True,stop,200,685bb9724b1faa96298c1e6cf8139774d82afbc9d2f30cdd154fbe5cb776951e,872e7210a216c9d496b7930f0b9cf4cef059012ab7c9c4aea23138f3dc8086fe,qwen3.5:4b,json,False,False,"{""num_ctx"":8192,""num_predict"":256,""temperature"":0}",False,3e4d7e5fe90a8a30bf63a219aa6473320f0776546f99aee49410053e6c32e758,/home/yanbo/net_vlm_person_fallen_v2_optimization/05_p2_hard_negative_semantic_optimization/04_screening/C3/processed_448x336/IMG_003793.jpg,448,336,16699,17ee44df330ea8f35ddece550ad0a6c289c975e105d60bfa5a9c89e97cb46313
SCREEN,23,P2_SCREEN_C3_20260826_231841_023,IMG_003794,2026-08-26T15:19:16.346329+00:00,2026-08-26T15:19:18.068296+00:00,1.721967,1.667855978012085,1656818499,1.656818499,458768450,0.45876845,113346326,0.113346326,556339154,0.556339154,0.011037479012085072,0.2768972281978366,0.06841203551771786,0.33578762811725466,598,69,True,stop,200,685bb9724b1faa96298c1e6cf8139774d82afbc9d2f30cdd154fbe5cb776951e,872e7210a216c9d496b7930f0b9cf4cef059012ab7c9c4aea23138f3dc8086fe,qwen3.5:4b,json,False,False,"{""num_ctx"":8192,""num_predict"":256,""temperature"":0}",False,5fde9a687c2d7bab3e19ccc3071680f7ba5a21eaa665cb144f86ab38ab1ab627,/home/yanbo/net_vlm_person_fallen_v2_optimization/05_p2_hard_negative_semantic_optimization/04_screening/C3/processed_448x336/IMG_003794.jpg,448,336,12729,3b5b9022385f195624de76af70e9cd6af91d34f98f74818c02ddcc792b11597b
SCREEN,24,P2_SCREEN_C3_20260826_231841_024,IMG_003795,2026-08-26T15:19:18.069217+00:00,2026-08-26T15:19:19.748989+00:00,1.679772,1.627145767211914,1619348776,1.619348776,464114467,0.464114467,121021508,0.121021508,585889203,0.585889203,0.007796991211914017,0.2866056243587144,0.0747346771700033,0.3618054440669797,598,74,True,stop,200,685bb9724b1faa96298c1e6cf8139774d82afbc9d2f30cdd154fbe5cb776951e,872e7210a216c9d496b7930f0b9cf4cef059012ab7c9c4aea23138f3dc8086fe,qwen3.5:4b,json,False,False,"{""num_ctx"":8192,""num_predict"":256,""temperature"":0}",False,703e735086d99182053612c80c9c6ea191cce537dfeb1d2c61626e6efb394b1b,/home/yanbo/net_vlm_person_fallen_v2_optimization/05_p2_hard_negative_semantic_optimization/04_screening/C3/processed_448x336/IMG_003795.jpg,448,336,12610,349dca02aa842f24e018662fdbffaa3e793a8942f2042d7a6becbaf903fc3cda
SCREEN,25,P2_SCREEN_C3_20260826_231841_025,IMG_003796,2026-08-26T15:19:19.750085+00:00,2026-08-26T15:19:21.446470+00:00,1.696385,1.632582187652588,1624088425,1.624088425,428999705,0.428999705,127956828,0.127956828,543760620,0.54376062,0.008493762652587833,0.264147997360427,0.07878686038908256,0.33480973796115815,598,69,True,stop,200,685bb9724b1faa96298c1e6cf8139774d82afbc9d2f30cdd154fbe5cb776951e,872e7210a216c9d496b7930f0b9cf4cef059012ab7c9c4aea23138f3dc8086fe,qwen3.5:4b,json,False,False,"{""num_ctx"":8192,""num_predict"":256,""temperature"":0}",False,57174e902bab4a4d1477fdb6ec7ffa0c7a7458cf89db796153745afe4ffbb19c,/home/yanbo/net_vlm_person_fallen_v2_optimization/05_p2_hard_negative_semantic_optimization/04_screening/C3/processed_448x336/IMG_003796.jpg,448,336,12088,7a01b1e0594cd80509ad9e02a06041a20d260bc6cde1f568e0a6ecc70609481b
SCREEN,26,P2_SCREEN_C3_20260826_231841_026,IMG_003797,2026-08-26T15:19:21.447496+00:00,2026-08-26T15:19:23.083660+00:00,1.636164,1.580758810043335,1574633232,1.574633232,486641362,0.486641362,119868116,0.119868116,492714996,0.492714996,0.006125578043334912,0.3090506107138986,0.07612446731341435,0.31290778448399975,598,60,True,stop,200,685bb9724b1faa96298c1e6cf8139774d82afbc9d2f30cdd154fbe5cb776951e,872e7210a216c9d496b7930f0b9cf4cef059012ab7c9c4aea23138f3dc8086fe,qwen3.5:4b,json,False,False,"{""num_ctx"":8192,""num_predict"":256,""temperature"":0}",False,b9a1657ef4ebf2367368ce7885465511ce790a08431195cf4714d84018599f74,/home/yanbo/net_vlm_person_fallen_v2_optimization/05_p2_hard_negative_semantic_optimization/04_screening/C3/processed_448x336/IMG_003797.jpg,448,336,11397,27c611f4366b13e153100d5989661838afb169a06f2227483489b71c53f19f74
SCREEN,27,P2_SCREEN_C3_20260826_231841_027,IMG_003798,2026-08-26T15:19:23.084698+00:00,2026-08-26T15:19:24.843234+00:00,1.758536,1.705918550491333,1698115296,1.698115296,402990474,0.402990474,142281965,0.142281965,583609502,0.583609502,0.0078032544913329005,0.2373163205992345,0.0837881652295063,0.34368072849630577,598,67,True,stop,200,685bb9724b1faa96298c1e6cf8139774d82afbc9d2f30cdd154fbe5cb776951e,872e7210a216c9d496b7930f0b9cf4cef059012ab7c9c4aea23138f3dc8086fe,qwen3.5:4b,json,False,False,"{""num_ctx"":8192,""num_predict"":256,""temperature"":0}",False,fd83f0b1328d4a65b2fd7492af0781dcc050a19361b41e7a19d46a9630fff142,/home/yanbo/net_vlm_person_fallen_v2_optimization/05_p2_hard_negative_semantic_optimization/04_screening/C3/processed_448x336/IMG_003798.jpg,448,336,16286,2192d987930c283e7653b8dc17a43569e36e0469950ec8cfc27cf2818f75389c
SCREEN,28,P2_SCREEN_C3_20260826_231841_028,IMG_003799,2026-08-26T15:19:24.844185+00:00,2026-08-26T15:19:26.558861+00:00,1.714676,1.6616621017456055,1653535138,1.653535138,505404549,0.505404549,116607269,0.116607269,466142865,0.466142865,0.008126963745605398,0.30565092775186004,0.07051998250308728,0.28190683964769786,598,53,True,stop,200,685bb9724b1faa96298c1e6cf8139774d82afbc9d2f30cdd154fbe5cb776951e,872e7210a216c9d496b7930f0b9cf4cef059012ab7c9c4aea23138f3dc8086fe,qwen3.5:4b,json,False,False,"{""num_ctx"":8192,""num_predict"":256,""temperature"":0}",False,1c9d75f4a8dfc096708c8977808fe92a4f8a9cca8ef2b3b140770ba7d4b5c60f,/home/yanbo/net_vlm_person_fallen_v2_optimization/05_p2_hard_negative_semantic_optimization/04_screening/C3/processed_448x336/IMG_003799.jpg,448,336,14761,174f3fad1ce5b00dcff8d7bc2a5301d56648800696e27599759b3a81d1b17e63
SCREEN,29,P2_SCREEN_C3_20260826_231841_029,IMG_003800,2026-08-26T15:19:26.559888+00:00,2026-08-26T15:19:28.238100+00:00,1.678212,1.6220557689666748,1614149745,1.614149745,472044005,0.472044005,113044862,0.113044862,560771571,0.560771571,0.007906023966674836,0.29244127223153016,0.07003368947036571,0.34740988110740617,598,71,True,stop,200,685bb9724b1faa96298c1e6cf8139774d82afbc9d2f30cdd154fbe5cb776951e,872e7210a216c9d496b7930f0b9cf4cef059012ab7c9c4aea23138f3dc8086fe,qwen3.5:4b,json,False,False,"{""num_ctx"":8192,""num_predict"":256,""temperature"":0}",False,d687192e8099815b736d2f895e63bfa75411bb0b7585600eaa1dc22edd2978d4,/home/yanbo/net_vlm_person_fallen_v2_optimization/05_p2_hard_negative_semantic_optimization/04_screening/C3/processed_448x336/IMG_003800.jpg,448,336,20242,41c2b99339bf6e936211067daf6e4422a6ee5c362ad5df4f1767d3f781528e65
SCREEN,30,P2_SCREEN_C3_20260826_231841_030,IMG_003801,2026-08-26T15:19:28.239032+00:00,2026-08-26T15:19:29.858137+00:00,1.619105,1.5625152587890625,1554663410,1.55466341,427937490,0.42793749,124541273,0.124541273,540348478,0.540348478,0.007851848789062421,0.27526054015769236,0.08010819074979066,0.34756621563506146,598,67,True,stop,200,685bb9724b1faa96298c1e6cf8139774d82afbc9d2f30cdd154fbe5cb776951e,872e7210a216c9d496b7930f0b9cf4cef059012ab7c9c4aea23138f3dc8086fe,qwen3.5:4b,json,False,False,"{""num_ctx"":8192,""num_predict"":256,""temperature"":0}",False,4d7aa71171de2ca38a44896049251c1dbf4395c8907cb6e4cd169e9356424456,/home/yanbo/net_vlm_person_fallen_v2_optimization/05_p2_hard_negative_semantic_optimization/04_screening/C3/processed_448x336/IMG_003801.jpg,448,336,19161,7503d3fac604f19b60cc3e271e1ecf04a0c4524459c8dad20a8174482cbbc595
SCREEN,31,P2_SCREEN_C3_20260826_231841_031,IMG_003802,2026-08-26T15:19:29.859180+00:00,2026-08-26T15:19:31.590964+00:00,1.731784,1.6752805709838867,1666623414,1.666623414,481174568,0.481174568,118935918,0.118935918,488805784,0.488805784,0.008657156983886694,0.2887122333443949,0.07136340279448396,0.29329108177283775,598,58,True,stop,200,685bb9724b1faa96298c1e6cf8139774d82afbc9d2f30cdd154fbe5cb776951e,872e7210a216c9d496b7930f0b9cf4cef059012ab7c9c4aea23138f3dc8086fe,qwen3.5:4b,json,False,False,"{""num_ctx"":8192,""num_predict"":256,""temperature"":0}",False,cac451940fc64ddced44b15628f08b7618922521d8da412d5deaedadf876a3a2,/home/yanbo/net_vlm_person_fallen_v2_optimization/05_p2_hard_negative_semantic_optimization/04_screening/C3/processed_448x336/IMG_003802.jpg,448,336,16280,d9180a4ef0eb9df05b75d31dcb40fd65615066ef8846092ae7c07560c32d0bbe
SCREEN,32,P2_SCREEN_C3_20260826_231841_032,IMG_003803,2026-08-26T15:19:31.592147+00:00,2026-08-26T15:19:33.137873+00:00,1.545726,1.4898240566253662,1480567956,1.480567956,433462192,0.433462192,117557268,0.117557268,415403435,0.415403435,0.009256100625366193,0.29276750874108476,0.07940011636993716,0.2805703266213334,598,50,True,stop,200,685bb9724b1faa96298c1e6cf8139774d82afbc9d2f30cdd154fbe5cb776951e,872e7210a216c9d496b7930f0b9cf4cef059012ab7c9c4aea23138f3dc8086fe,qwen3.5:4b,json,False,False,"{""num_ctx"":8192,""num_predict"":256,""temperature"":0}",False,ef729088133e5ad62aad99296acd23ad386b3cdcfb2531a05fd42e3761149ea0,/home/yanbo/net_vlm_person_fallen_v2_optimization/05_p2_hard_negative_semantic_optimization/04_screening/C3/processed_448x336/IMG_003803.jpg,448,336,18306,c76b31ad214a1abf043bba759a0538b825f31c5290e50651022078adc1e3cd07
SCREEN,33,P2_SCREEN_C3_20260826_231841_033,IMG_003804,2026-08-26T15:19:33.138970+00:00,2026-08-26T15:19:34.898269+00:00,1.759299,1.7033727169036865,1694228399,1.694228399,430285447,0.430285447,130973951,0.130973951,569792538,0.569792538,0.009144317903686527,0.25397133423921553,0.0773059589116237,0.3363138868031688,598,68,True,stop,200,685bb9724b1faa96298c1e6cf8139774d82afbc9d2f30cdd154fbe5cb776951e,872e7210a216c9d496b7930f0b9cf4cef059012ab7c9c4aea23138f3dc8086fe,qwen3.5:4b,json,False,False,"{""num_ctx"":8192,""num_predict"":256,""temperature"":0}",False,1db53aef77ba24f7d2cd4f78fe254555ec844ac3258796d8cd88825b7d1b0f1d,/home/yanbo/net_vlm_person_fallen_v2_optimization/05_p2_hard_negative_semantic_optimization/04_screening/C3/processed_448x336/IMG_003804.jpg,448,336,10812,3a4332bf0c87549b7e65b4e43369449e9105b8a12e7c7c9968a09cae2168198f
SCREEN,34,P2_SCREEN_C3_20260826_231841_034,IMG_003805,2026-08-26T15:19:34.899359+00:00,2026-08-26T15:19:36.482293+00:00,1.582934,1.527881145477295,1520289563,1.520289563,450680861,0.450680861,118972080,0.11897208,424173258,0.424173258,0.007591582477294967,0.29644409326251486,0.07825619730311863,0.2790082023341497,598,50,True,stop,200,685bb9724b1faa96298c1e6cf8139774d82afbc9d2f30cdd154fbe5cb776951e,872e7210a216c9d496b7930f0b9cf4cef059012ab7c9c4aea23138f3dc8086fe,qwen3.5:4b,json,False,False,"{""num_ctx"":8192,""num_predict"":256,""temperature"":0}",False,4abbcee850e7c6b0ed6e043cae4a10892e5502f0705fd8bf2bce014ee8ad9c27,/home/yanbo/net_vlm_person_fallen_v2_optimization/05_p2_hard_negative_semantic_optimization/04_screening/C3/processed_448x336/IMG_003805.jpg,448,336,13129,e6a274d6bdb49f3e979b73fe30c6d5b0046b0658d8c2e32da3e5c64f0aa6dcc3
SCREEN,35,P2_SCREEN_C3_20260826_231841_035,IMG_003806,2026-08-26T15:19:36.483612+00:00,2026-08-26T15:19:38.141372+00:00,1.65776,1.6061127185821533,1596850592,1.596850592,485085794,0.485085794,143253781,0.143253781,420837147,0.420837147,0.009262126582153307,0.3037765689728348,0.08971019688233925,0.2635419676132105,598,50,True,stop,200,685bb9724b1faa96298c1e6cf8139774d82afbc9d2f30cdd154fbe5cb776951e,872e7210a216c9d496b7930f0b9cf4cef059012ab7c9c4aea23138f3dc8086fe,qwen3.5:4b,json,False,False,"{""num_ctx"":8192,""num_predict"":256,""temperature"":0}",False,8820768b55dd9b07c8d0589459ca0a8e5ee5404ee710ad1930f0084083825031,/home/yanbo/net_vlm_person_fallen_v2_optimization/05_p2_hard_negative_semantic_optimization/04_screening/C3/processed_448x336/IMG_003806.jpg,448,336,14898,072204255e08e04d9df089f7dad3798df1d0885025f799ca9a2f224eb95034bf
SCREEN,36,P2_SCREEN_C3_20260826_231841_036,IMG_003807,2026-08-26T15:19:38.142371+00:00,2026-08-26T15:19:39.648282+00:00,1.505911,1.453228235244751,1444309286,1.444309286,425979712,0.425979712,125434177,0.125434177,391400335,0.391400335,0.008918949244751007,0.29493662896798684,0.08684717201215862,0.2709948200111482,598,46,True,stop,200,685bb9724b1faa96298c1e6cf8139774d82afbc9d2f30cdd154fbe5cb776951e,872e7210a216c9d496b7930f0b9cf4cef059012ab7c9c4aea23138f3dc8086fe,qwen3.5:4b,json,False,False,"{""num_ctx"":8192,""num_predict"":256,""temperature"":0}",False,4e023daecd3b5953c668f2e9da36cc495d266016b85340172fac47ecd98715b1,/home/yanbo/net_vlm_person_fallen_v2_optimization/05_p2_hard_negative_semantic_optimization/04_screening/C3/processed_448x336/IMG_003807.jpg,448,336,15613,75731178c6ec3a9c3f79f2b20aaf26b49d9d9ebab48b678a2c1116e82b0c9eb8
SCREEN,37,P2_SCREEN_C3_20260826_231841_037,IMG_003808,2026-08-26T15:19:39.649246+00:00,2026-08-26T15:19:41.425289+00:00,1.776043,1.721208095550537,1712511074,1.712511074,485078019,0.485078019,118399638,0.118399638,554778880,0.55477888,0.008697021550537087,0.2832554056815402,0.06913802765867545,0.3239563751866284,598,65,True,stop,200,685bb9724b1faa96298c1e6cf8139774d82afbc9d2f30cdd154fbe5cb776951e,872e7210a216c9d496b7930f0b9cf4cef059012ab7c9c4aea23138f3dc8086fe,qwen3.5:4b,json,False,False,"{""num_ctx"":8192,""num_predict"":256,""temperature"":0}",False,209808e39feff002661292876bd8f31539dcefb64653374cb63e4ede8437cf9e,/home/yanbo/net_vlm_person_fallen_v2_optimization/05_p2_hard_negative_semantic_optimization/04_screening/C3/processed_448x336/IMG_003808.jpg,448,336,18782,afb08e86a744918f532d8b35e6e315c77c8ed6c57aa9c4970ba4d38edc5710dd
SCREEN,38,P2_SCREEN_C3_20260826_231841_038,IMG_003809,2026-08-26T15:19:41.426517+00:00,2026-08-26T15:19:43.052481+00:00,1.625964,1.578415870666504,1570452075,1.570452075,486045013,0.486045013,121787250,0.12178725,419245254,0.419245254,0.007963795666503959,0.3094936934003542,0.07754916685375451,0.2669583240863941,598,48,True,stop,200,685bb9724b1faa96298c1e6cf8139774d82afbc9d2f30cdd154fbe5cb776951e,872e7210a216c9d496b7930f0b9cf4cef059012ab7c9c4aea23138f3dc8086fe,qwen3.5:4b,json,False,False,"{""num_ctx"":8192,""num_predict"":256,""temperature"":0}",False,06415ce063427d056e000e1530439daae92a6f45181f587e1672d2585c20ad55,/home/yanbo/net_vlm_person_fallen_v2_optimization/05_p2_hard_negative_semantic_optimization/04_screening/C3/processed_448x336/IMG_003809.jpg,448,336,10915,de5a116b3cff3e22285dc26aa30b1d212e8528f82edcbee8423ce725f71259ac
SCREEN,39,P2_SCREEN_C3_20260826_231841_039,IMG_003810,2026-08-26T15:19:43.053514+00:00,2026-08-26T15:19:44.796199+00:00,1.742685,1.6863014698028564,1678371440,1.67837144,445040501,0.445040501,120805699,0.120805699,558023378,0.558023378,0.007930029802856398,0.2651621032111938,0.07197792819925487,0.3324790714980231,598,66,True,stop,200,685bb9724b1faa96298c1e6cf8139774d82afbc9d2f30cdd154fbe5cb776951e,872e7210a216c9d496b7930f0b9cf4cef059012ab7c9c4aea23138f3dc8086fe,qwen3.5:4b,json,False,False,"{""num_ctx"":8192,""num_predict"":256,""temperature"":0}",False,9bdccc82d49745c8bbacebf0606e6b4383e9e62829d105a7d8a6a4128f79ebaf,/home/yanbo/net_vlm_person_fallen_v2_optimization/05_p2_hard_negative_semantic_optimization/04_screening/C3/processed_448x336/IMG_003810.jpg,448,336,21462,d1f9013e8aae61a5c8d802a1e231c1957c101197f216bef07d1bf2052dfa9694
SCREEN,40,P2_SCREEN_C3_20260826_231841_040,IMG_003811,2026-08-26T15:19:44.797178+00:00,2026-08-26T15:19:46.380793+00:00,1.583615,1.528351068496704,1521668498,1.521668498,421462435,0.421462435,120446809,0.120446809,398018715,0.398018715,0.006682570496704177,0.27697388462332484,0.07915443420055608,0.2615672963744302,598,45,True,stop,200,685bb9724b1faa96298c1e6cf8139774d82afbc9d2f30cdd154fbe5cb776951e,872e7210a216c9d496b7930f0b9cf4cef059012ab7c9c4aea23138f3dc8086fe,qwen3.5:4b,json,False,False,"{""num_ctx"":8192,""num_predict"":256,""temperature"":0}",False,d32e9013a0df3097fd0c3d9613f5fa347bbbea3c542225f88ff571cb61a42c38,/home/yanbo/net_vlm_person_fallen_v2_optimization/05_p2_hard_negative_semantic_optimization/04_screening/C3/processed_448x336/IMG_003811.jpg,448,336,17694,af27a2146a51e0cff43b60778d47974169f6f8c20ebef1abae38810439743932
SCREEN,41,P2_SCREEN_C3_20260826_231841_041,IMG_003892,2026-08-26T15:19:46.381834+00:00,2026-08-26T15:19:48.052206+00:00,1.670372,1.6154186725616455,1608388612,1.608388612,441589988,0.441589988,120031255,0.120031255,509511288,0.509511288,0.007030060561645568,0.2745542866352998,0.07462826713921052,0.31678369530758654,598,59,True,stop,200,685bb9724b1faa96298c1e6cf8139774d82afbc9d2f30cdd154fbe5cb776951e,872e7210a216c9d496b7930f0b9cf4cef059012ab7c9c4aea23138f3dc8086fe,qwen3.5:4b,json,False,False,"{""num_ctx"":8192,""num_predict"":256,""temperature"":0}",False,84620ef986b653f83fe4161a06054c03b14bfde35ca3588d66b6dcdfeb104929,/home/yanbo/net_vlm_person_fallen_v2_optimization/05_p2_hard_negative_semantic_optimization/04_screening/C3/processed_448x336/IMG_003892.jpg,448,336,18827,b29d6d3947f2dc42e3a979881af691c1e1fb94481b34b0056a2107f993bdf7fc
SCREEN,42,P2_SCREEN_C3_20260826_231841_042,IMG_003893,2026-08-26T15:19:48.053293+00:00,2026-08-26T15:19:49.872387+00:00,1.819094,1.7632982730865479,1756059174,1.756059174,483598027,0.483598027,124565607,0.124565607,598001586,0.598001586,0.007239099086547851,0.2753882295996023,0.07093474345529087,0.34053612478095224,598,71,True,stop,200,685bb9724b1faa96298c1e6cf8139774d82afbc9d2f30cdd154fbe5cb776951e,872e7210a216c9d496b7930f0b9cf4cef059012ab7c9c4aea23138f3dc8086fe,qwen3.5:4b,json,False,False,"{""num_ctx"":8192,""num_predict"":256,""temperature"":0}",False,2a5c2d55fe21dcfb62d6193ee70d56c16a38f892c0ca6991f871e9220a1e4114,/home/yanbo/net_vlm_person_fallen_v2_optimization/05_p2_hard_negative_semantic_optimization/04_screening/C3/processed_448x336/IMG_003893.jpg,448,336,18264,1cf708016314a5e038ddc03e6d3e1fe66e834f584c3be6ff0af569870b9aba21
SCREEN,43,P2_SCREEN_C3_20260826_231841_043,IMG_003894,2026-08-26T15:19:49.873478+00:00,2026-08-26T15:19:51.526174+00:00,1.652696,1.5988962650299072,1592691927,1.592691927,493439167,0.493439167,133822296,0.133822296,409483705,0.409483705,0.006204338029907275,0.3098145715659172,0.08402271257321442,0.25710163909181416,598,48,True,stop,200,685bb9724b1faa96298c1e6cf8139774d82afbc9d2f30cdd154fbe5cb776951e,872e7210a216c9d496b7930f0b9cf4cef059012ab7c9c4aea23138f3dc8086fe,qwen3.5:4b,json,False,False,"{""num_ctx"":8192,""num_predict"":256,""temperature"":0}",False,df7262d5f0764ffcdeac7c699684178eace0c41aa85f58c6b96a19726c2938a5,/home/yanbo/net_vlm_person_fallen_v2_optimization/05_p2_hard_negative_semantic_optimization/04_screening/C3/processed_448x336/IMG_003894.jpg,448,336,14871,ada8adc08fcca34ff762ad38d8632058d9e5d06fecf0e114408661342c0ffc18
SCREEN,44,P2_SCREEN_C3_20260826_231841_044,IMG_003895,2026-08-26T15:19:51.527141+00:00,2026-08-26T15:19:53.034329+00:00,1.507188,1.4508576393127441,1442795095,1.442795095,440935300,0.4409353,123804746,0.123804746,368890185,0.368890185,0.008062544312744224,0.3056118651415293,0.08580895958757054,0.2556774598682705,598,44,True,stop,200,685bb9724b1faa96298c1e6cf8139774d82afbc9d2f30cdd154fbe5cb776951e,872e7210a216c9d496b7930f0b9cf4cef059012ab7c9c4aea23138f3dc8086fe,qwen3.5:4b,json,False,False,"{""num_ctx"":8192,""num_predict"":256,""temperature"":0}",False,fc149aaea8829ea06f3ed12651debf67d1b41ee5405a8479d2855176ad1207f8,/home/yanbo/net_vlm_person_fallen_v2_optimization/05_p2_hard_negative_semantic_optimization/04_screening/C3/processed_448x336/IMG_003895.jpg,448,336,16074,7b44600b1c11c9bb9085db14a94b27172b989521ab0694a759a13c41aa533da3
SCREEN,45,P2_SCREEN_C3_20260826_231841_045,IMG_003896,2026-08-26T15:19:53.035977+00:00,2026-08-26T15:19:54.652703+00:00,1.616726,1.5604257583618164,1552402619,1.552402619,498235126,0.498235126,118927868,0.118927868,377818972,0.377818972,0.008023139361816423,0.3209445281153574,0.07660890708662223,0.24337692256882232,598,45,True,stop,200,685bb9724b1faa96298c1e6cf8139774d82afbc9d2f30cdd154fbe5cb776951e,872e7210a216c9d496b7930f0b9cf4cef059012ab7c9c4aea23138f3dc8086fe,qwen3.5:4b,json,False,False,"{""num_ctx"":8192,""num_predict"":256,""temperature"":0}",False,3ea5da470a7ca94ea0f92d87746573becb0e70b5d600f444a579417cca00be40,/home/yanbo/net_vlm_person_fallen_v2_optimization/05_p2_hard_negative_semantic_optimization/04_screening/C3/processed_448x336/IMG_003896.jpg,448,336,13170,852f32ed4808098bae750f300b0660457eca8e399496366368956e07d687a7f2
SCREEN,46,P2_SCREEN_C3_20260826_231841_046,IMG_003897,2026-08-26T15:19:54.653641+00:00,2026-08-26T15:19:56.235908+00:00,1.582267,1.5265066623687744,1518259091,1.518259091,475357972,0.475357972,130376604,0.130376604,406544314,0.406544314,0.008247571368774409,0.31309410549085265,0.08587243427215546,0.2677700508496412,598,48,True,stop,200,685bb9724b1faa96298c1e6cf8139774d82afbc9d2f30cdd154fbe5cb776951e,872e7210a216c9d496b7930f0b9cf4cef059012ab7c9c4aea23138f3dc8086fe,qwen3.5:4b,json,False,False,"{""num_ctx"":8192,""num_predict"":256,""temperature"":0}",False,5236377d0e960a946da10b1df70dee4dedb6b1ee8dfab55782303b948b178395,/home/yanbo/net_vlm_person_fallen_v2_optimization/05_p2_hard_negative_semantic_optimization/04_screening/C3/processed_448x336/IMG_003897.jpg,448,336,15147,ddf2228482c27afe5d932c0cac311fa6fcfb40d088c54ef3f13ccbde5ed2da35
SCREEN,47,P2_SCREEN_C3_20260826_231841_047,IMG_003898,2026-08-26T15:19:56.237023+00:00,2026-08-26T15:19:57.899315+00:00,1.662292,1.60699462890625,1598429099,1.598429099,424586406,0.424586406,120807656,0.120807656,471394030,0.47139403,0.008565529906249925,0.2656273001196158,0.07557898944381017,0.2949108160599121,598,56,True,stop,200,685bb9724b1faa96298c1e6cf8139774d82afbc9d2f30cdd154fbe5cb776951e,872e7210a216c9d496b7930f0b9cf4cef059012ab7c9c4aea23138f3dc8086fe,qwen3.5:4b,json,False,False,"{""num_ctx"":8192,""num_predict"":256,""temperature"":0}",False,832f2687a61e8d82e1f5571fe27fb39531c55823e664a34cf284c8af48b2a9d0,/home/yanbo/net_vlm_person_fallen_v2_optimization/05_p2_hard_negative_semantic_optimization/04_screening/C3/processed_448x336/IMG_003898.jpg,448,336,16887,6924632874cf25e02bacd3ec1ae69dc8031a1aa05084e14ad03daa20fbdd8c80
SCREEN,48,P2_SCREEN_C3_20260826_231841_048,IMG_003899,2026-08-26T15:19:57.900422+00:00,2026-08-26T15:19:59.597633+00:00,1.697211,1.6456820964813232,1637959713,1.637959713,479083096,0.479083096,127688606,0.127688606,452302727,0.452302727,0.007722383481323147,0.2924877163935472,0.07795588926062921,0.27613788264156164,598,53,True,stop,200,685bb9724b1faa96298c1e6cf8139774d82afbc9d2f30cdd154fbe5cb776951e,872e7210a216c9d496b7930f0b9cf4cef059012ab7c9c4aea23138f3dc8086fe,qwen3.5:4b,json,False,False,"{""num_ctx"":8192,""num_predict"":256,""temperature"":0}",False,e5272b7ba0585b8642824a52f893afc42fc446c0ea9e9b7b11ed2b6eb4615835,/home/yanbo/net_vlm_person_fallen_v2_optimization/05_p2_hard_negative_semantic_optimization/04_screening/C3/processed_448x336/IMG_003899.jpg,448,336,15064,9f6a9d900b88e4da890428daca137211b6694110536991e74d2b5b7bc0d63f7f
SCREEN,49,P2_SCREEN_C3_20260826_231841_049,IMG_003900,2026-08-26T15:19:59.598810+00:00,2026-08-26T15:20:01.122927+00:00,1.524117,1.4632618427276611,1455455203,1.455455203,423249606,0.423249606,117397180,0.11739718,381006690,0.38100669,0.007806639727661047,0.29080222127592337,0.08066011221645274,0.26177836955384465,598,45,True,stop,200,685bb9724b1faa96298c1e6cf8139774d82afbc9d2f30cdd154fbe5cb776951e,872e7210a216c9d496b7930f0b9cf4cef059012ab7c9c4aea23138f3dc8086fe,qwen3.5:4b,json,False,False,"{""num_ctx"":8192,""num_predict"":256,""temperature"":0}",False,e12aa00ebca5ce986b5df9f5e39d562be46c2c28dec4a2f9fe6d3e9c9554a048,/home/yanbo/net_vlm_person_fallen_v2_optimization/05_p2_hard_negative_semantic_optimization/04_screening/C3/processed_448x336/IMG_003900.jpg,448,336,26692,c7348c51ecd05580ca0c043ff68d650ec50e77c283ee07371f2d5152fc6d9b6e
SCREEN,50,P2_SCREEN_C3_20260826_231841_050,IMG_003901,2026-08-26T15:20:01.123914+00:00,2026-08-26T15:20:02.701054+00:00,1.57714,1.520216941833496,1511757423,1.511757423,477928687,0.477928687,118493994,0.118493994,364608006,0.364608006,0.00845951883349616,0.31614112140529577,0.0783816187684762,0.2411815549590326,598,43,True,stop,200,685bb9724b1faa96298c1e6cf8139774d82afbc9d2f30cdd154fbe5cb776951e,872e7210a216c9d496b7930f0b9cf4cef059012ab7c9c4aea23138f3dc8086fe,qwen3.5:4b,json,False,False,"{""num_ctx"":8192,""num_predict"":256,""temperature"":0}",False,350be842f28a57c01d24f1ba08b664e57ee67df4d22eb4d566fb272af8819347,/home/yanbo/net_vlm_person_fallen_v2_optimization/05_p2_hard_negative_semantic_optimization/04_screening/C3/processed_448x336/IMG_003901.jpg,448,336,17037,d85342502a95aff744306fa2ed350593faa92f5a3af9e40cb0237725f7563260
SCREEN,51,P2_SCREEN_C3_20260826_231841_051,IMG_003902,2026-08-26T15:20:02.702670+00:00,2026-08-26T15:20:04.431891+00:00,1.729221,1.6715104579925537,1663153646,1.663153646,475794748,0.475794748,122756437,0.122756437,493411301,0.493411301,0.00835681199255367,0.28607985145829395,0.07380943865002355,0.29667210975166874,598,58,True,stop,200,685bb9724b1faa96298c1e6cf8139774d82afbc9d2f30cdd154fbe5cb776951e,872e7210a216c9d496b7930f0b9cf4cef059012ab7c9c4aea23138f3dc8086fe,qwen3.5:4b,json,False,False,"{""num_ctx"":8192,""num_predict"":256,""temperature"":0}",False,134dfe24ba4a545900acbfdb83b4a62b70449aaadd890b1c75651779c8f2e888,/home/yanbo/net_vlm_person_fallen_v2_optimization/05_p2_hard_negative_semantic_optimization/04_screening/C3/processed_448x336/IMG_003902.jpg,448,336,17783,e5e65c14e395b063a4d919072935496a0b7b7f639dcc2639511a04b32570214f
SCREEN,52,P2_SCREEN_C3_20260826_231841_052,IMG_003903,2026-08-26T15:20:04.432854+00:00,2026-08-26T15:20:06.290161+00:00,1.857307,1.801041841506958,1793504241,1.793504241,448895328,0.448895328,146569722,0.146569722,608270983,0.608270983,0.007537600506958064,0.2502895269150356,0.08172253995801955,0.3391522412352077,598,72,True,stop,200,685bb9724b1faa96298c1e6cf8139774d82afbc9d2f30cdd154fbe5cb776951e,872e7210a216c9d496b7930f0b9cf4cef059012ab7c9c4aea23138f3dc8086fe,qwen3.5:4b,json,False,False,"{""num_ctx"":8192,""num_predict"":256,""temperature"":0}",False,965a36ac17f63bff6182aea6c810412c18e5e0b5a8edd978ef54aa65f471699a,/home/yanbo/net_vlm_person_fallen_v2_optimization/05_p2_hard_negative_semantic_optimization/04_screening/C3/processed_448x336/IMG_003903.jpg,448,336,17046,15366acf00082bbf39e55ce53989fb178ecde5cbd47dddc96132442a5bfc9e6a
SCREEN,53,P2_SCREEN_C3_20260826_231841_053,IMG_003904,2026-08-26T15:20:06.291214+00:00,2026-08-26T15:20:07.947526+00:00,1.656312,1.597893476486206,1589760678,1.589760678,520834357,0.520834357,119984628,0.119984628,471583591,0.471583591,0.008132798486206072,0.3276180900733035,0.07547339021553029,0.2966381025308012,598,55,True,stop,200,685bb9724b1faa96298c1e6cf8139774d82afbc9d2f30cdd154fbe5cb776951e,872e7210a216c9d496b7930f0b9cf4cef059012ab7c9c4aea23138f3dc8086fe,qwen3.5:4b,json,False,False,"{""num_ctx"":8192,""num_predict"":256,""temperature"":0}",False,b0def42df09f987a7c46fd51ecb0ffb1a9d3017e809f2dcb08e60c5ec55a7c0f,/home/yanbo/net_vlm_person_fallen_v2_optimization/05_p2_hard_negative_semantic_optimization/04_screening/C3/processed_448x336/IMG_003904.jpg,448,336,13450,9bbd4dfeac501d5cc8f604ccbffa9f3f0a7294480565e4234f5b03dec51e8b74
SCREEN,54,P2_SCREEN_C3_20260826_231841_054,IMG_003905,2026-08-26T15:20:07.948691+00:00,2026-08-26T15:20:09.558748+00:00,1.610057,1.5540878772735596,1545863734,1.545863734,482947711,0.482947711,118470339,0.118470339,413403660,0.41340366,0.00822414327355947,0.31241286044685745,0.07663698707353205,0.26742567983679727,598,49,True,stop,200,685bb9724b1faa96298c1e6cf8139774d82afbc9d2f30cdd154fbe5cb776951e,872e7210a216c9d496b7930f0b9cf4cef059012ab7c9c4aea23138f3dc8086fe,qwen3.5:4b,json,False,False,"{""num_ctx"":8192,""num_predict"":256,""temperature"":0}",False,aca00613e4666301061ddffe9cd1b2f87f0ac0326ec85e74625925198bfd7117,/home/yanbo/net_vlm_person_fallen_v2_optimization/05_p2_hard_negative_semantic_optimization/04_screening/C3/processed_448x336/IMG_003905.jpg,448,336,14482,2437033c128e9f6c7eabf136c106735648eca5daa3267c96ef5e36ab9508c677
SCREEN,55,P2_SCREEN_C3_20260826_231841_055,IMG_003906,2026-08-26T15:20:09.559646+00:00,2026-08-26T15:20:11.116018+00:00,1.556372,1.5046484470367432,1496424988,1.496424988,441785832,0.441785832,135173235,0.135173235,412827318,0.412827318,0.008223459036743153,0.29522751594148067,0.09033077907945226,0.2758757180015762,598,49,True,stop,200,685bb9724b1faa96298c1e6cf8139774d82afbc9d2f30cdd154fbe5cb776951e,872e7210a216c9d496b7930f0b9cf4cef059012ab7c9c4aea23138f3dc8086fe,qwen3.5:4b,json,False,False,"{""num_ctx"":8192,""num_predict"":256,""temperature"":0}",False,decbb91e43f7888ab015c46a93a6681e9ed58d0513898f92b2566cf9f62b736b,/home/yanbo/net_vlm_person_fallen_v2_optimization/05_p2_hard_negative_semantic_optimization/04_screening/C3/processed_448x336/IMG_003906.jpg,448,336,15248,2c78d411885411bcc5f4576a083076491eb9b05ba4c285a0c56ca0186164e074
SCREEN,56,P2_SCREEN_C3_20260826_231841_056,IMG_003907,2026-08-26T15:20:11.117110+00:00,2026-08-26T15:20:12.888165+00:00,1.771055,1.7147486209869385,1706456840,1.70645684,486182428,0.486182428,122434723,0.122434723,559147202,0.559147202,0.008291780986938502,0.28490754445333644,0.07174791657783738,0.327665598621293,598,66,True,stop,200,685bb9724b1faa96298c1e6cf8139774d82afbc9d2f30cdd154fbe5cb776951e,872e7210a216c9d496b7930f0b9cf4cef059012ab7c9c4aea23138f3dc8086fe,qwen3.5:4b,json,False,False,"{""num_ctx"":8192,""num_predict"":256,""temperature"":0}",False,918bcd9792f6b32b77c3d03234683d235158ee718233c5e8848c6c07f9d3136f,/home/yanbo/net_vlm_person_fallen_v2_optimization/05_p2_hard_negative_semantic_optimization/04_screening/C3/processed_448x336/IMG_003907.jpg,448,336,15662,f5621a39c60f6b5072f9af81e19cc77b3b32ec1256f5a1faaa40cfe4dde3cb32
SCREEN,57,P2_SCREEN_C3_20260826_231841_057,IMG_003908,2026-08-26T15:20:12.889098+00:00,2026-08-26T15:20:14.692457+00:00,1.803359,1.7481069564819336,1740261407,1.740261407,507011044,0.507011044,119460371,0.119460371,556827329,0.556827329,0.007845549481933611,0.2913418880408465,0.06864507281462687,0.3199676363333845,598,66,True,stop,200,685bb9724b1faa96298c1e6cf8139774d82afbc9d2f30cdd154fbe5cb776951e,872e7210a216c9d496b7930f0b9cf4cef059012ab7c9c4aea23138f3dc8086fe,qwen3.5:4b,json,False,False,"{""num_ctx"":8192,""num_predict"":256,""temperature"":0}",False,70840adc6065155f16f6ee3bea719f65bf73e3ef9ae255e1e6150dba45ac2f84,/home/yanbo/net_vlm_person_fallen_v2_optimization/05_p2_hard_negative_semantic_optimization/04_screening/C3/processed_448x336/IMG_003908.jpg,448,336,17968,3ff83b883f06e3b591a237d2fb789f9380b1973291bbf21f47b69f7f7be3f796
SCREEN,58,P2_SCREEN_C3_20260826_231841_058,IMG_003909,2026-08-26T15:20:14.693426+00:00,2026-08-26T15:20:16.287388+00:00,1.593962,1.5406131744384766,1532599172,1.532599172,435257477,0.435257477,119765893,0.119765893,397673549,0.397673549,0.008014002438476497,0.28399955118858694,0.0781456072716709,0.2594765521640253,598,49,True,stop,200,685bb9724b1faa96298c1e6cf8139774d82afbc9d2f30cdd154fbe5cb776951e,872e7210a216c9d496b7930f0b9cf4cef059012ab7c9c4aea23138f3dc8086fe,qwen3.5:4b,json,False,False,"{""num_ctx"":8192,""num_predict"":256,""temperature"":0}",False,d54811000d65c588d8507882501b378d11f35a8e4bd81d24bdf06c37b63a7c9f,/home/yanbo/net_vlm_person_fallen_v2_optimization/05_p2_hard_negative_semantic_optimization/04_screening/C3/processed_448x336/IMG_003909.jpg,448,336,15382,3ecd07f013ea54142c224c79cc46bfa16b0e8809d6c6a881be5e84d494af3a5a
SCREEN,59,P2_SCREEN_C3_20260826_231841_059,IMG_003910,2026-08-26T15:20:16.288708+00:00,2026-08-26T15:20:17.750048+00:00,1.46134,1.4088823795318604,1400362617,1.400362617,484610804,0.484610804,124658323,0.124658323,383898184,0.383898184,0.008519762531860264,0.346060940300008,0.08901860238675594,0.2741419824691021,598,50,True,stop,200,685bb9724b1faa96298c1e6cf8139774d82afbc9d2f30cdd154fbe5cb776951e,872e7210a216c9d496b7930f0b9cf4cef059012ab7c9c4aea23138f3dc8086fe,qwen3.5:4b,json,False,False,"{""num_ctx"":8192,""num_predict"":256,""temperature"":0}",False,321f3a35a48e0a9f07f6f244168a419b8af6fa0e74498afebb4b61b11e640241,/home/yanbo/net_vlm_person_fallen_v2_optimization/05_p2_hard_negative_semantic_optimization/04_screening/C3/processed_448x336/IMG_003910.jpg,448,336,17379,6759fc192f39c0c7311bd2d20474f061e6cc2ebc6bfbe8374392949722a6c4e0
SCREEN,60,P2_SCREEN_C3_20260826_231841_060,IMG_003911,2026-08-26T15:20:17.750992+00:00,2026-08-26T15:20:19.248482+00:00,1.49749,1.4432902336120605,1437496332,1.437496332,414419194,0.414419194,113380799,0.113380799,407858218,0.407858218,0.005793901612060504,0.2882923488391899,0.0788738005628525,0.2837281799756272,598,50,True,stop,200,685bb9724b1faa96298c1e6cf8139774d82afbc9d2f30cdd154fbe5cb776951e,872e7210a216c9d496b7930f0b9cf4cef059012ab7c9c4aea23138f3dc8086fe,qwen3.5:4b,json,False,False,"{""num_ctx"":8192,""num_predict"":256,""temperature"":0}",False,d2415691cfd3ce59b490d558f1a3b1d4609756643ae69e8afac57b35b82a93d7,/home/yanbo/net_vlm_person_fallen_v2_optimization/05_p2_hard_negative_semantic_optimization/04_screening/C3/processed_448x336/IMG_003911.jpg,448,336,18148,adfdd6dddd6a9f5bad39f9b45c61813e98d279760987faff2485f9f74052d668
SCREEN,61,P2_SCREEN_C3_20260826_231841_061,IMG_003982,2026-08-26T15:20:19.249539+00:00,2026-08-26T15:20:20.952104+00:00,1.702565,1.6444287300109863,1635830178,1.635830178,466526178,0.466526178,125893466,0.125893466,565772729,0.565772729,0.00859855201098636,0.285192304356669,0.07695998502357988,0.3458627531200858,598,71,True,stop,200,685bb9724b1faa96298c1e6cf8139774d82afbc9d2f30cdd154fbe5cb776951e,872e7210a216c9d496b7930f0b9cf4cef059012ab7c9c4aea23138f3dc8086fe,qwen3.5:4b,json,False,False,"{""num_ctx"":8192,""num_predict"":256,""temperature"":0}",False,3f8831314ec9403dafb006291009877fe8a2d85b9930710f92a6048b23d50c70,/home/yanbo/net_vlm_person_fallen_v2_optimization/05_p2_hard_negative_semantic_optimization/04_screening/C3/processed_448x336/IMG_003982.jpg,448,336,17726,9c7acd2b64ec37bc766850bc52db878bbb3b4c20cd8961b8b7d7978ea74e71eb
SCREEN,62,P2_SCREEN_C3_20260826_231841_062,IMG_003983,2026-08-26T15:20:20.953146+00:00,2026-08-26T15:20:22.691844+00:00,1.738698,1.6839699745178223,1676269504,1.676269504,480248606,0.480248606,113943655,0.113943655,537472788,0.537472788,0.0077004705178223,0.28649844482286785,0.0679745439072308,0.32063626207925094,598,65,True,stop,200,685bb9724b1faa96298c1e6cf8139774d82afbc9d2f30cdd154fbe5cb776951e,872e7210a216c9d496b7930f0b9cf4cef059012ab7c9c4aea23138f3dc8086fe,qwen3.5:4b,json,False,False,"{""num_ctx"":8192,""num_predict"":256,""temperature"":0}",False,0efbb9f5706f84c5382a0ba30bec46d35ed7b875072c5dbea115139e58a47d8a,/home/yanbo/net_vlm_person_fallen_v2_optimization/05_p2_hard_negative_semantic_optimization/04_screening/C3/processed_448x336/IMG_003983.jpg,448,336,14410,f0e3fc28d546f49ddf27d83a8ec124b600bd874ef0ad29e301f5ed2b948452b8
SCREEN,63,P2_SCREEN_C3_20260826_231841_063,IMG_003984,2026-08-26T15:20:22.692686+00:00,2026-08-26T15:20:24.420740+00:00,1.728054,1.6715941429138184,1663869858,1.663869858,415114666,0.415114666,114151356,0.114151356,638429255,0.638429255,0.00772428491381838,0.2494874608155802,0.06860594021290335,0.3837014367021486,598,78,True,stop,200,685bb9724b1faa96298c1e6cf8139774d82afbc9d2f30cdd154fbe5cb776951e,872e7210a216c9d496b7930f0b9cf4cef059012ab7c9c4aea23138f3dc8086fe,qwen3.5:4b,json,False,False,"{""num_ctx"":8192,""num_predict"":256,""temperature"":0}",False,00226efe88ae972b085592e830ecd461400e627e3f30514aa0bc5174fefc707d,/home/yanbo/net_vlm_person_fallen_v2_optimization/05_p2_hard_negative_semantic_optimization/04_screening/C3/processed_448x336/IMG_003984.jpg,448,336,12820,21c141077c08975705ecb371cc9fb21de5c925185d9cecfeabcc1fac0da9b55f
SCREEN,64,P2_SCREEN_C3_20260826_231841_064,IMG_003985,2026-08-26T15:20:24.421637+00:00,2026-08-26T15:20:26.081307+00:00,1.65967,1.6036415100097656,1596272624,1.596272624,513358428,0.513358428,122784264,0.122784264,445998000,0.445998,0.007368886009765596,0.3215982159197889,0.0769193571035019,0.27939964220046665,598,55,True,stop,200,685bb9724b1faa96298c1e6cf8139774d82afbc9d2f30cdd154fbe5cb776951e,872e7210a216c9d496b7930f0b9cf4cef059012ab7c9c4aea23138f3dc8086fe,qwen3.5:4b,json,False,False,"{""num_ctx"":8192,""num_predict"":256,""temperature"":0}",False,b2c04a5ef00e87142592beb2ab5dade093473c24353132baa4f9fa651be1a6a4,/home/yanbo/net_vlm_person_fallen_v2_optimization/05_p2_hard_negative_semantic_optimization/04_screening/C3/processed_448x336/IMG_003985.jpg,448,336,18066,0a3334d908f344dc8a4838a9f415699535ace32b5acc84c1b64e2ca6f8948768
SCREEN,65,P2_SCREEN_C3_20260826_231841_065,IMG_003986,2026-08-26T15:20:26.082203+00:00,2026-08-26T15:20:27.760957+00:00,1.678754,1.623734712600708,1616086086,1.616086086,421473177,0.421473177,130009855,0.130009855,552709465,0.552709465,0.007648626600708086,0.26079871651094705,0.08044735743118081,0.34200496482710263,598,70,True,stop,200,685bb9724b1faa96298c1e6cf8139774d82afbc9d2f30cdd154fbe5cb776951e,872e7210a216c9d496b7930f0b9cf4cef059012ab7c9c4aea23138f3dc8086fe,qwen3.5:4b,json,False,False,"{""num_ctx"":8192,""num_predict"":256,""temperature"":0}",False,5c47f738bf7bbfe499cb85f5b8ab7601c3229c4405845c536d6e814c64dc6c79,/home/yanbo/net_vlm_person_fallen_v2_optimization/05_p2_hard_negative_semantic_optimization/04_screening/C3/processed_448x336/IMG_003986.jpg,448,336,12986,7a7b24df1d8c32145ff581a086280bfc995b5cdab2fb5092cfb646c06d277271
SCREEN,66,P2_SCREEN_C3_20260826_231841_066,IMG_003987,2026-08-26T15:20:27.761927+00:00,2026-08-26T15:20:29.351387+00:00,1.58946,1.5354185104370117,1527943371,1.527943371,460706227,0.460706227,112625448,0.112625448,410971510,0.41097151,0.007475139437011613,0.3015204854735418,0.07371048570097824,0.26897038057832573,598,50,True,stop,200,685bb9724b1faa96298c1e6cf8139774d82afbc9d2f30cdd154fbe5cb776951e,872e7210a216c9d496b7930f0b9cf4cef059012ab7c9c4aea23138f3dc8086fe,qwen3.5:4b,json,False,False,"{""num_ctx"":8192,""num_predict"":256,""temperature"":0}",False,9dc8c1e15e4e31d1c22d5a868a207d56530752c6902fa9c678d824ba7a6e8bb6,/home/yanbo/net_vlm_person_fallen_v2_optimization/05_p2_hard_negative_semantic_optimization/04_screening/C3/processed_448x336/IMG_003987.jpg,448,336,15951,71ef02104f699243274e8a41ce7cd7a24b5477793d0a1c305cbde25dbcaa1a28
SCREEN,67,P2_SCREEN_C3_20260826_231841_067,IMG_003988,2026-08-26T15:20:29.352295+00:00,2026-08-26T15:20:30.882682+00:00,1.530387,1.4799981117248535,1472461112,1.472461112,445587553,0.445587553,114270002,0.114270002,425175800,0.4251758,0.007536999724853555,0.3026141399379789,0.07760476733052085,0.288751802363389,598,54,True,stop,200,685bb9724b1faa96298c1e6cf8139774d82afbc9d2f30cdd154fbe5cb776951e,872e7210a216c9d496b7930f0b9cf4cef059012ab7c9c4aea23138f3dc8086fe,qwen3.5:4b,json,False,False,"{""num_ctx"":8192,""num_predict"":256,""temperature"":0}",False,2d18f5d7a8e1fb5d146ba1167c7a02d08ea63e72f6c3dacfcce8997cd19695b2,/home/yanbo/net_vlm_person_fallen_v2_optimization/05_p2_hard_negative_semantic_optimization/04_screening/C3/processed_448x336/IMG_003988.jpg,448,336,14127,234a5ec78054eec914ad2c1a3b2439e1f46f381147bcc247b657f9fd17acd1b2
SCREEN,68,P2_SCREEN_C3_20260826_231841_068,IMG_003989,2026-08-26T15:20:30.883534+00:00,2026-08-26T15:20:32.592267+00:00,1.708733,1.6587121486663818,1650857441,1.650857441,416281414,0.416281414,130307408,0.130307408,556594796,0.556594796,0.007854707666381744,0.2521607279110904,0.07893316816082364,0.33715497303198083,598,66,True,stop,200,685bb9724b1faa96298c1e6cf8139774d82afbc9d2f30cdd154fbe5cb776951e,872e7210a216c9d496b7930f0b9cf4cef059012ab7c9c4aea23138f3dc8086fe,qwen3.5:4b,json,False,False,"{""num_ctx"":8192,""num_predict"":256,""temperature"":0}",False,abc8eeef34ef97fc9ac4511ae695e911ec950c384ff3a959cf1a05e24955588e,/home/yanbo/net_vlm_person_fallen_v2_optimization/05_p2_hard_negative_semantic_optimization/04_screening/C3/processed_448x336/IMG_003989.jpg,448,336,11479,a5f6e1c8ce4ad7cacff342586b6c1e327f2de33c0f5cd70d7f18ace8d5cf3a69
SCREEN,69,P2_SCREEN_C3_20260826_231841_069,IMG_003990,2026-08-26T15:20:32.593301+00:00,2026-08-26T15:20:34.351148+00:00,1.757847,1.7082090377807617,1699983952,1.699983952,477510184,0.477510184,122263099,0.122263099,545380793,0.545380793,0.008225085780761754,0.2808909951404059,0.07192014892620587,0.3208152596725219,598,63,True,stop,200,685bb9724b1faa96298c1e6cf8139774d82afbc9d2f30cdd154fbe5cb776951e,872e7210a216c9d496b7930f0b9cf4cef059012ab7c9c4aea23138f3dc8086fe,qwen3.5:4b,json,False,False,"{""num_ctx"":8192,""num_predict"":256,""temperature"":0}",False,4791a565447bec69f60b175570fb4bdb5efc1dde5d2474f50073b03398cd012e,/home/yanbo/net_vlm_person_fallen_v2_optimization/05_p2_hard_negative_semantic_optimization/04_screening/C3/processed_448x336/IMG_003990.jpg,448,336,19931,c8d47b800545d8809696118a51e33f6b8af24030ba62ae97879dcf0a4ec321b5
SCREEN,70,P2_SCREEN_C3_20260826_231841_070,IMG_003991,2026-08-26T15:20:34.352374+00:00,2026-08-26T15:20:35.946559+00:00,1.594185,1.54002046585083,1531037578,1.531037578,458940181,0.458940181,113561010,0.11356101,383139267,0.383139267,0.008982887850830013,0.29975762031883973,0.07417258180452053,0.2502481144195665,598,47,True,stop,200,685bb9724b1faa96298c1e6cf8139774d82afbc9d2f30cdd154fbe5cb776951e,872e7210a216c9d496b7930f0b9cf4cef059012ab7c9c4aea23138f3dc8086fe,qwen3.5:4b,json,False,False,"{""num_ctx"":8192,""num_predict"":256,""temperature"":0}",False,38ce6cfd624925a391aacf8d6c267d8413b097d6ec4ded21c7df9f4bff2cfeff,/home/yanbo/net_vlm_person_fallen_v2_optimization/05_p2_hard_negative_semantic_optimization/04_screening/C3/processed_448x336/IMG_003991.jpg,448,336,14178,f7eee89d90404fcd6794b22d18bffa0c2b8d290ffc54575aaea2cad2fcceea07
SCREEN,71,P2_SCREEN_C3_20260826_231841_071,IMG_003992,2026-08-26T15:20:35.947620+00:00,2026-08-26T15:20:37.474038+00:00,1.526418,1.4721765518188477,1464544942,1.464544942,443838032,0.443838032,121902256,0.121902256,438151959,0.438151959,0.0076316098188475845,0.3030552489525446,0.08323558567859914,0.29917276447771857,598,54,True,stop,200,685bb9724b1faa96298c1e6cf8139774d82afbc9d2f30cdd154fbe5cb776951e,872e7210a216c9d496b7930f0b9cf4cef059012ab7c9c4aea23138f3dc8086fe,qwen3.5:4b,json,False,False,"{""num_ctx"":8192,""num_predict"":256,""temperature"":0}",False,b4de656feff104baf2db6ddaddd657dbf850a940b31683a66e179b52e650ffba,/home/yanbo/net_vlm_person_fallen_v2_optimization/05_p2_hard_negative_semantic_optimization/04_screening/C3/processed_448x336/IMG_003992.jpg,448,336,17180,0af4d8f0d5eaae527d3e868b507b2d5322f726c360225e9f161c516908ac9614
SCREEN,72,P2_SCREEN_C3_20260826_231841_072,IMG_003993,2026-08-26T15:20:37.475056+00:00,2026-08-26T15:20:39.087049+00:00,1.611993,1.5548431873321533,1546928900,1.5469289,460095626,0.460095626,136411418,0.136411418,442341565,0.442341565,0.00791428733215338,0.29742519258642075,0.08818208645529862,0.2859482197274872,598,55,True,stop,200,685bb9724b1faa96298c1e6cf8139774d82afbc9d2f30cdd154fbe5cb776951e,872e7210a216c9d496b7930f0b9cf4cef059012ab7c9c4aea23138f3dc8086fe,qwen3.5:4b,json,False,False,"{""num_ctx"":8192,""num_predict"":256,""temperature"":0}",False,9bf58dce8362de316637a40ce17ef8cf5a4a65455b6bb9bdc22a40bb860abee4,/home/yanbo/net_vlm_person_fallen_v2_optimization/05_p2_hard_negative_semantic_optimization/04_screening/C3/processed_448x336/IMG_003993.jpg,448,336,16160,8c77bf0ef516d1c0996385e243cbdc9f9c0df45504fe05cebe2b6eb68728c34a
SCREEN,73,P2_SCREEN_C3_20260826_231841_073,IMG_003994,2026-08-26T15:20:39.087953+00:00,2026-08-26T15:20:40.724714+00:00,1.636761,1.5810661315917969,1572493757,1.572493757,434496881,0.434496881,115876694,0.115876694,464085217,0.464085217,0.008572374591796939,0.2763107192418571,0.07368976409869461,0.29512690586790036,598,56,True,stop,200,685bb9724b1faa96298c1e6cf8139774d82afbc9d2f30cdd154fbe5cb776951e,872e7210a216c9d496b7930f0b9cf4cef059012ab7c9c4aea23138f3dc8086fe,qwen3.5:4b,json,False,False,"{""num_ctx"":8192,""num_predict"":256,""temperature"":0}",False,560f13e4a70db0d94d90f60f41b9d100fbae87b7b0cd3a69bd00a4515b4dfb52,/home/yanbo/net_vlm_person_fallen_v2_optimization/05_p2_hard_negative_semantic_optimization/04_screening/C3/processed_448x336/IMG_003994.jpg,448,336,17048,2cc6d76ac3310d19b93de2fed6c6ba26ff8d2d920648d9a61813a92569f2277d
SCREEN,74,P2_SCREEN_C3_20260826_231841_074,IMG_003995,2026-08-26T15:20:40.725704+00:00,2026-08-26T15:20:42.439975+00:00,1.714271,1.662635087966919,1654015870,1.65401587,452743969,0.452743969,132785021,0.132785021,535129726,0.535129726,0.00861921796691889,0.2737240779920691,0.08028037905101841,0.32353361035163464,598,65,True,stop,200,685bb9724b1faa96298c1e6cf8139774d82afbc9d2f30cdd154fbe5cb776951e,872e7210a216c9d496b7930f0b9cf4cef059012ab7c9c4aea23138f3dc8086fe,qwen3.5:4b,json,False,False,"{""num_ctx"":8192,""num_predict"":256,""temperature"":0}",False,5d32e551633bc5f3cbccce2413e955e88ff6bb590eb8acf1a89ec25d9e39aa59,/home/yanbo/net_vlm_person_fallen_v2_optimization/05_p2_hard_negative_semantic_optimization/04_screening/C3/processed_448x336/IMG_003995.jpg,448,336,11285,68f11c7910e866aea64118b66569ad4e46a1a939a2cf4c7f0610e490d831ab36
SCREEN,75,P2_SCREEN_C3_20260826_231841_075,IMG_003996,2026-08-26T15:20:42.441240+00:00,2026-08-26T15:20:44.290458+00:00,1.849218,1.7920386791229248,1783737380,1.78373738,447882886,0.447882886,118781185,0.118781185,635161057,0.635161057,0.008301299122924766,0.2510923923116978,0.06659118451618702,0.3560844012810899,598,73,True,stop,200,685bb9724b1faa96298c1e6cf8139774d82afbc9d2f30cdd154fbe5cb776951e,872e7210a216c9d496b7930f0b9cf4cef059012ab7c9c4aea23138f3dc8086fe,qwen3.5:4b,json,False,False,"{""num_ctx"":8192,""num_predict"":256,""temperature"":0}",False,72e402106d3615e66ed2debf52639aef09664d5d70fdb8cc36336a6dee349d22,/home/yanbo/net_vlm_person_fallen_v2_optimization/05_p2_hard_negative_semantic_optimization/04_screening/C3/processed_448x336/IMG_003996.jpg,448,336,11900,ca131388dad8ff721c52f8d6d1229fd331ae318cbd49501a0680738ae1c17925
SCREEN,76,P2_SCREEN_C3_20260826_231841_076,IMG_003997,2026-08-26T15:20:44.291316+00:00,2026-08-26T15:20:46.201119+00:00,1.909803,1.8576602935791016,1848950026,1.848950026,488601207,0.488601207,119482808,0.119482808,770170370,0.77017037,0.008710267579101538,0.26425874151776557,0.0646219780523154,0.4165447195272113,598,92,True,stop,200,685bb9724b1faa96298c1e6cf8139774d82afbc9d2f30cdd154fbe5cb776951e,872e7210a216c9d496b7930f0b9cf4cef059012ab7c9c4aea23138f3dc8086fe,qwen3.5:4b,json,False,False,"{""num_ctx"":8192,""num_predict"":256,""temperature"":0}",False,2e9ea4788510caf75d1b8e17db7a510b0a68ad2f97d75835a51c421dc1865380,/home/yanbo/net_vlm_person_fallen_v2_optimization/05_p2_hard_negative_semantic_optimization/04_screening/C3/processed_448x336/IMG_003997.jpg,448,336,12688,c4da4a28da1027addb9582f00a9856815b07f0f4410f330dc4b6a2ff5e8ec01a
SCREEN,77,P2_SCREEN_C3_20260826_231841_077,IMG_003998,2026-08-26T15:20:46.202569+00:00,2026-08-26T15:20:47.908107+00:00,1.705538,1.6539688110351562,1643145551,1.643145551,516269374,0.516269374,124095753,0.124095753,463374283,0.463374283,0.010823260035156324,0.3141957653634544,0.07552328698116653,0.28200440473334554,598,54,True,stop,200,685bb9724b1faa96298c1e6cf8139774d82afbc9d2f30cdd154fbe5cb776951e,872e7210a216c9d496b7930f0b9cf4cef059012ab7c9c4aea23138f3dc8086fe,qwen3.5:4b,json,False,False,"{""num_ctx"":8192,""num_predict"":256,""temperature"":0}",False,03f04df8719f4f00db8f20614cc8b2dac09a6f1fdd4e26ec246375a43cce72f9,/home/yanbo/net_vlm_person_fallen_v2_optimization/05_p2_hard_negative_semantic_optimization/04_screening/C3/processed_448x336/IMG_003998.jpg,448,336,14664,2a91be50082d9c8483c074f11c0488d2737ade6105baad7bf8be71d396abb42c
SCREEN,78,P2_SCREEN_C3_20260826_231841_078,IMG_003999,2026-08-26T15:20:47.909237+00:00,2026-08-26T15:20:49.956100+00:00,2.046863,1.992321491241455,1983871098,1.983871098,431735500,0.4317355,131301131,0.131301131,813112733,0.813112733,0.008450393241455023,0.21762275806893175,0.06618430558939468,0.40986167590209027,598,95,True,stop,200,685bb9724b1faa96298c1e6cf8139774d82afbc9d2f30cdd154fbe5cb776951e,872e7210a216c9d496b7930f0b9cf4cef059012ab7c9c4aea23138f3dc8086fe,qwen3.5:4b,json,False,False,"{""num_ctx"":8192,""num_predict"":256,""temperature"":0}",False,6881ae0e92af78ee265a345ee5b2601e4ce3545a239f37f0fc65e19cdbce3046,/home/yanbo/net_vlm_person_fallen_v2_optimization/05_p2_hard_negative_semantic_optimization/04_screening/C3/processed_448x336/IMG_003999.jpg,448,336,15814,61808eda716451dbe52a41ee10d97e225f3dd9dc860aaf3c844bcf6e80b9e260
SCREEN,79,P2_SCREEN_C3_20260826_231841_079,IMG_004000,2026-08-26T15:20:49.957167+00:00,2026-08-26T15:20:51.751932+00:00,1.794765,1.7391061782836914,1730901962,1.730901962,471738123,0.471738123,132933594,0.132933594,562367997,0.562367997,0.008204216283691501,0.27253890362162525,0.07680018679186175,0.3248988153842072,598,67,True,stop,200,685bb9724b1faa96298c1e6cf8139774d82afbc9d2f30cdd154fbe5cb776951e,872e7210a216c9d496b7930f0b9cf4cef059012ab7c9c4aea23138f3dc8086fe,qwen3.5:4b,json,False,False,"{""num_ctx"":8192,""num_predict"":256,""temperature"":0}",False,b874a600936c52aeddb2d3a93719f0fe02937076b115354fa5d3417153f9027f,/home/yanbo/net_vlm_person_fallen_v2_optimization/05_p2_hard_negative_semantic_optimization/04_screening/C3/processed_448x336/IMG_004000.jpg,448,336,19239,3a7da406c633ced46897afb2185008a5f68150d140540955a209172e05866470
SCREEN,80,P2_SCREEN_C3_20260826_231841_080,IMG_004001,2026-08-26T15:20:51.753202+00:00,2026-08-26T15:20:53.340944+00:00,1.587742,1.534219741821289,1525692261,1.525692261,445694354,0.445694354,129552368,0.129552368,424860644,0.424860644,0.008527480821288957,0.29212598463852335,0.08491382653739502,0.2784707341449902,598,50,True,stop,200,685bb9724b1faa96298c1e6cf8139774d82afbc9d2f30cdd154fbe5cb776951e,872e7210a216c9d496b7930f0b9cf4cef059012ab7c9c4aea23138f3dc8086fe,qwen3.5:4b,json,False,False,"{""num_ctx"":8192,""num_predict"":256,""temperature"":0}",False,5bac427ba05af7d58237cbf9d1d3606a4615caa7c3c7a8e01d301442ce4c7f63,/home/yanbo/net_vlm_person_fallen_v2_optimization/05_p2_hard_negative_semantic_optimization/04_screening/C3/processed_448x336/IMG_004001.jpg,448,336,12901,e6c5ff737e0b3d26d9e8d57f480ef0b1a1335471ec7728a6404c7daff238c1d3
SCREEN,81,P2_SCREEN_C3_20260826_231841_081,IMG_004012,2026-08-26T15:20:53.341873+00:00,2026-08-26T15:20:55.158644+00:00,1.816771,1.7606418132781982,1752430198,1.752430198,469310099,0.469310099,120957087,0.120957087,603734533,0.603734533,0.008211615278198137,0.2678053023370692,0.06902248496861385,0.34451274218455347,598,70,True,stop,200,685bb9724b1faa96298c1e6cf8139774d82afbc9d2f30cdd154fbe5cb776951e,872e7210a216c9d496b7930f0b9cf4cef059012ab7c9c4aea23138f3dc8086fe,qwen3.5:4b,json,False,False,"{""num_ctx"":8192,""num_predict"":256,""temperature"":0}",False,b0bc6b665f847380a62540bd0387a6356f273185253e134cc9d731120aee9ba7,/home/yanbo/net_vlm_person_fallen_v2_optimization/05_p2_hard_negative_semantic_optimization/04_screening/C3/processed_448x336/IMG_004012.jpg,448,336,17333,20d761ba8a3f572da5c3f3fcd5b693222f1fe03ab026265d08b3b4e85b77586f
SCREEN,82,P2_SCREEN_C3_20260826_231841_082,IMG_004013,2026-08-26T15:20:55.159598+00:00,2026-08-26T15:20:56.805530+00:00,1.645932,1.590754508972168,1579887627,1.579887627,478502434,0.478502434,122730396,0.122730396,427991238,0.427991238,0.010866881972168008,0.3028711826224081,0.07768299080425674,0.2708997973562837,598,49,True,stop,200,685bb9724b1faa96298c1e6cf8139774d82afbc9d2f30cdd154fbe5cb776951e,872e7210a216c9d496b7930f0b9cf4cef059012ab7c9c4aea23138f3dc8086fe,qwen3.5:4b,json,False,False,"{""num_ctx"":8192,""num_predict"":256,""temperature"":0}",False,ebdcd19a6884c77a2a854aad2cc33d145633833b0ef739e0c6b5fd302bf87dee,/home/yanbo/net_vlm_person_fallen_v2_optimization/05_p2_hard_negative_semantic_optimization/04_screening/C3/processed_448x336/IMG_004013.jpg,448,336,17496,38525ec8c1e487297d85118f731afe2715776c4fb92c751ba3e0d6b8223401e0
SCREEN,83,P2_SCREEN_C3_20260826_231841_083,IMG_004014,2026-08-26T15:20:56.806394+00:00,2026-08-26T15:20:58.674270+00:00,1.867876,1.814213514328003,1805755843,1.805755843,418393977,0.418393977,122822808,0.122822808,710552985,0.710552985,0.008457671328002903,0.23170019281504822,0.06801739475251971,0.3934933882420781,598,85,True,stop,200,685bb9724b1faa96298c1e6cf8139774d82afbc9d2f30cdd154fbe5cb776951e,872e7210a216c9d496b7930f0b9cf4cef059012ab7c9c4aea23138f3dc8086fe,qwen3.5:4b,json,False,False,"{""num_ctx"":8192,""num_predict"":256,""temperature"":0}",False,a0e0ec4f94be40b43c9f805fbffbb25dc69995126cf2caaf25bdc16b8b8b5d98,/home/yanbo/net_vlm_person_fallen_v2_optimization/05_p2_hard_negative_semantic_optimization/04_screening/C3/processed_448x336/IMG_004014.jpg,448,336,13266,746b1e7ec136b1f0a1f06e0f9b22ab0dfd2087e97b47ddf2b7b51c24d5967311
SCREEN,84,P2_SCREEN_C3_20260826_231841_084,IMG_004015,2026-08-26T15:20:58.675342+00:00,2026-08-26T15:21:00.360120+00:00,1.684778,1.6298322677612305,1621616205,1.621616205,487213747,0.487213747,134769923,0.134769923,420715372,0.420715372,0.008216062761230436,0.3004494808930452,0.08310839678615571,0.25944201266784944,598,49,True,stop,200,685bb9724b1faa96298c1e6cf8139774d82afbc9d2f30cdd154fbe5cb776951e,872e7210a216c9d496b7930f0b9cf4cef059012ab7c9c4aea23138f3dc8086fe,qwen3.5:4b,json,False,False,"{""num_ctx"":8192,""num_predict"":256,""temperature"":0}",False,6e170627385d2e2dbdeeb95c19602073232c77b509190eb778642409cf8c0a43,/home/yanbo/net_vlm_person_fallen_v2_optimization/05_p2_hard_negative_semantic_optimization/04_screening/C3/processed_448x336/IMG_004015.jpg,448,336,12426,7c273f4c32b29bf9ec413141ce9b232f2dd2956e759e6776b81a549462db101a
SCREEN,85,P2_SCREEN_C3_20260826_231841_085,IMG_004016,2026-08-26T15:21:00.361227+00:00,2026-08-26T15:21:02.246346+00:00,1.885119,1.8354663848876953,1826907534,1.826907534,445480830,0.44548083,120819715,0.120819715,682442933,0.682442933,0.008558850887695257,0.24384421308101079,0.0661334592755585,0.37355088875559916,598,78,True,stop,200,685bb9724b1faa96298c1e6cf8139774d82afbc9d2f30cdd154fbe5cb776951e,872e7210a216c9d496b7930f0b9cf4cef059012ab7c9c4aea23138f3dc8086fe,qwen3.5:4b,json,False,False,"{""num_ctx"":8192,""num_predict"":256,""temperature"":0}",False,f8e866b52682ef59c44ca191aded4a9fd7248b59937cf0db5cb460fb729f06d1,/home/yanbo/net_vlm_person_fallen_v2_optimization/05_p2_hard_negative_semantic_optimization/04_screening/C3/processed_448x336/IMG_004016.jpg,448,336,9319,651b54000ed2237f98421209e9a87067a260b119b6a8016a6c3d5d7484672157
SCREEN,86,P2_SCREEN_C3_20260826_231841_086,IMG_004017,2026-08-26T15:21:02.247458+00:00,2026-08-26T15:21:04.030380+00:00,1.782922,1.7285125255584717,1720088474,1.720088474,465625867,0.465625867,118770985,0.118770985,593473288,0.593473288,0.008424051558471701,0.27069878906705586,0.06904934646983746,0.3450248617851037,598,70,True,stop,200,685bb9724b1faa96298c1e6cf8139774d82afbc9d2f30cdd154fbe5cb776951e,872e7210a216c9d496b7930f0b9cf4cef059012ab7c9c4aea23138f3dc8086fe,qwen3.5:4b,json,False,False,"{""num_ctx"":8192,""num_predict"":256,""temperature"":0}",False,f1b5913e989719018e6e4aaa961deeb9ff74526f6a8e219894b2361843fb3f7d,/home/yanbo/net_vlm_person_fallen_v2_optimization/05_p2_hard_negative_semantic_optimization/04_screening/C3/processed_448x336/IMG_004017.jpg,448,336,13444,93dfba2b769fb56fd788a0338f4576db15ccda4b1f1ff79a573d0fa5bfc2ccb2
SCREEN,87,P2_SCREEN_C3_20260826_231841_087,IMG_004018,2026-08-26T15:21:04.031518+00:00,2026-08-26T15:21:05.672486+00:00,1.640968,1.5900757312774658,1581918133,1.581918133,474203618,0.474203618,160799673,0.160799673,426507590,0.42650759,0.00815759827746576,0.2997649550300717,0.101648542769438,0.2696141988025369,598,50,True,stop,200,685bb9724b1faa96298c1e6cf8139774d82afbc9d2f30cdd154fbe5cb776951e,872e7210a216c9d496b7930f0b9cf4cef059012ab7c9c4aea23138f3dc8086fe,qwen3.5:4b,json,False,False,"{""num_ctx"":8192,""num_predict"":256,""temperature"":0}",False,0e1ff5321d28285e1d16e15fa827f563e8337975bbab243c95ab0921a4a035d0,/home/yanbo/net_vlm_person_fallen_v2_optimization/05_p2_hard_negative_semantic_optimization/04_screening/C3/processed_448x336/IMG_004018.jpg,448,336,13204,4b95485130786dbc0d6f08eefcbde3861b7786f333c597f93ee9b4da9abe9b09
SCREEN,88,P2_SCREEN_C3_20260826_231841_088,IMG_004019,2026-08-26T15:21:05.673606+00:00,2026-08-26T15:21:07.401100+00:00,1.727494,1.6740775108337402,1665728397,1.665728397,408113887,0.408113887,128472658,0.128472658,570829346,0.570829346,0.008349113833740152,0.2450062613659098,0.07712701436283431,0.34269052927720484,598,67,True,stop,200,685bb9724b1faa96298c1e6cf8139774d82afbc9d2f30cdd154fbe5cb776951e,872e7210a216c9d496b7930f0b9cf4cef059012ab7c9c4aea23138f3dc8086fe,qwen3.5:4b,json,False,False,"{""num_ctx"":8192,""num_predict"":256,""temperature"":0}",False,0b287efdfc3024b27a31b7ea34b57c0bb430c8ec44d51c7e3d7ba4d1866d5a88,/home/yanbo/net_vlm_person_fallen_v2_optimization/05_p2_hard_negative_semantic_optimization/04_screening/C3/processed_448x336/IMG_004019.jpg,448,336,14438,ef94ea393d8c16342b1b7322ca67e2d4b69ed0a6c81e9787c5c52e526f978683
SCREEN,89,P2_SCREEN_C3_20260826_231841_089,IMG_004020,2026-08-26T15:21:07.402399+00:00,2026-08-26T15:21:09.188524+00:00,1.786125,1.7309730052947998,1722235928,1.722235928,471756813,0.471756813,122776439,0.122776439,566200121,0.566200121,0.008737077294799889,0.2739211308568172,0.07128897789432251,0.3287587442549276,598,67,True,stop,200,685bb9724b1faa96298c1e6cf8139774d82afbc9d2f30cdd154fbe5cb776951e,872e7210a216c9d496b7930f0b9cf4cef059012ab7c9c4aea23138f3dc8086fe,qwen3.5:4b,json,False,False,"{""num_ctx"":8192,""num_predict"":256,""temperature"":0}",False,d773a98449579e05400caa96f3404a34bee9c963473ba701f36540506ec3c914,/home/yanbo/net_vlm_person_fallen_v2_optimization/05_p2_hard_negative_semantic_optimization/04_screening/C3/processed_448x336/IMG_004020.jpg,448,336,17306,bf670269807e0e2f2848de19b3727462d4e62143f08b2ae99a8317c5e67040c8
SCREEN,90,P2_SCREEN_C3_20260826_231841_090,IMG_004021,2026-08-26T15:21:09.189853+00:00,2026-08-26T15:21:11.118267+00:00,1.928414,1.8743090629577637,1865741632,1.865741632,438445937,0.438445937,121623709,0.121623709,715414526,0.715414526,0.008567430957763689,0.234998206332569,0.06518786251750425,0.38344780098684106,598,85,True,stop,200,685bb9724b1faa96298c1e6cf8139774d82afbc9d2f30cdd154fbe5cb776951e,872e7210a216c9d496b7930f0b9cf4cef059012ab7c9c4aea23138f3dc8086fe,qwen3.5:4b,json,False,False,"{""num_ctx"":8192,""num_predict"":256,""temperature"":0}",False,38d1d21b30b887accd43d41597b0a96be07060130854671098423feb919a1d43,/home/yanbo/net_vlm_person_fallen_v2_optimization/05_p2_hard_negative_semantic_optimization/04_screening/C3/processed_448x336/IMG_004021.jpg,448,336,16917,eb1f6ba00303e6437aa03f458d3062452a89aaef2b567d020a269518afa05427
SCREEN,91,P2_SCREEN_C3_20260826_231841_091,IMG_004072,2026-08-26T15:21:11.119174+00:00,2026-08-26T15:21:12.917670+00:00,1.798496,1.7424964904785156,1734070200,1.7340702,483662745,0.483662745,128178646,0.128178646,550420562,0.550420562,0.00842629047851573,0.27891762686424115,0.07391779525419445,0.3174153860668386,598,65,True,stop,200,685bb9724b1faa96298c1e6cf8139774d82afbc9d2f30cdd154fbe5cb776951e,872e7210a216c9d496b7930f0b9cf4cef059012ab7c9c4aea23138f3dc8086fe,qwen3.5:4b,json,False,False,"{""num_ctx"":8192,""num_predict"":256,""temperature"":0}",False,663731c7d5fa6323b5b1a136d1cef8a31364fd4e96752a4af1949592156d9a4a,/home/yanbo/net_vlm_person_fallen_v2_optimization/05_p2_hard_negative_semantic_optimization/04_screening/C3/processed_448x336/IMG_004072.jpg,448,336,15949,ce7f31d78befe11be7407365c6f6a9af61a9315e23f936503aa045293ef441bf
SCREEN,92,P2_SCREEN_C3_20260826_231841_092,IMG_004073,2026-08-26T15:21:12.918693+00:00,2026-08-26T15:21:14.672313+00:00,1.75362,1.6999120712280273,1691472673,1.691472673,483748172,0.483748172,133764428,0.133764428,518858674,0.518858674,0.008439398228027306,0.28599230701257683,0.07908163704634677,0.3067496639361906,598,61,True,stop,200,685bb9724b1faa96298c1e6cf8139774d82afbc9d2f30cdd154fbe5cb776951e,872e7210a216c9d496b7930f0b9cf4cef059012ab7c9c4aea23138f3dc8086fe,qwen3.5:4b,json,False,False,"{""num_ctx"":8192,""num_predict"":256,""temperature"":0}",False,7f85564bcb6fd735166050f0605b6719600ab691613a1115ca3fe423ad1fbf60,/home/yanbo/net_vlm_person_fallen_v2_optimization/05_p2_hard_negative_semantic_optimization/04_screening/C3/processed_448x336/IMG_004073.jpg,448,336,21125,fcdd5553c4908a7f3e0f06fc21786b79538bd54c3375d45167ff65a9c36e5006
SCREEN,93,P2_SCREEN_C3_20260826_231841_093,IMG_004074,2026-08-26T15:21:14.673477+00:00,2026-08-26T15:21:16.092157+00:00,1.41868,1.3638935089111328,1356477116,1.356477116,405725865,0.405725865,114152557,0.114152557,380626897,0.380626897,0.00741639291113283,0.2991026241536684,0.08415369168675309,0.2805995711320205,598,47,True,stop,200,685bb9724b1faa96298c1e6cf8139774d82afbc9d2f30cdd154fbe5cb776951e,872e7210a216c9d496b7930f0b9cf4cef059012ab7c9c4aea23138f3dc8086fe,qwen3.5:4b,json,False,False,"{""num_ctx"":8192,""num_predict"":256,""temperature"":0}",False,967ed34a039e4037156c3a5aa25cb2a872e79cc7ad8cf5e588d2d12924e1d7d5,/home/yanbo/net_vlm_person_fallen_v2_optimization/05_p2_hard_negative_semantic_optimization/04_screening/C3/processed_448x336/IMG_004074.jpg,448,336,17853,a2cce85a297009e05aa845d90c0015fda2a05e67904bc1adc45cd5b2cac4f37c
SCREEN,94,P2_SCREEN_C3_20260826_231841_094,IMG_004075,2026-08-26T15:21:16.093131+00:00,2026-08-26T15:21:18.001155+00:00,1.908024,1.8544397354125977,1846051202,1.846051202,463695715,0.463695715,112160369,0.112160369,714446453,0.714446453,0.00838853341259771,0.2511824777653161,0.06075691122677755,0.3870133462311193,598,88,True,stop,200,685bb9724b1faa96298c1e6cf8139774d82afbc9d2f30cdd154fbe5cb776951e,872e7210a216c9d496b7930f0b9cf4cef059012ab7c9c4aea23138f3dc8086fe,qwen3.5:4b,json,False,False,"{""num_ctx"":8192,""num_predict"":256,""temperature"":0}",False,4749ea15173ecae9b6e8419327d00422c0250884826afc7d0b550f3d1508a8ff,/home/yanbo/net_vlm_person_fallen_v2_optimization/05_p2_hard_negative_semantic_optimization/04_screening/C3/processed_448x336/IMG_004075.jpg,448,336,15051,e86821b65c649c9ac36449c3dfcc3448d526c91df8bf4e57b575ed087549476d
SCREEN,95,P2_SCREEN_C3_20260826_231841_095,IMG_004076,2026-08-26T15:21:18.002296+00:00,2026-08-26T15:21:19.549795+00:00,1.547499,1.491600513458252,1485016795,1.485016795,407488819,0.407488819,112803877,0.112803877,450629921,0.450629921,0.006583718458252008,0.27440014171691574,0.0759613476290684,0.3034510602959208,598,57,True,stop,200,685bb9724b1faa96298c1e6cf8139774d82afbc9d2f30cdd154fbe5cb776951e,872e7210a216c9d496b7930f0b9cf4cef059012ab7c9c4aea23138f3dc8086fe,qwen3.5:4b,json,False,False,"{""num_ctx"":8192,""num_predict"":256,""temperature"":0}",False,2593e27c2a3553c972ec437b1d44c2ce43fb21de8b8a1465da02e70ccd9fb748,/home/yanbo/net_vlm_person_fallen_v2_optimization/05_p2_hard_negative_semantic_optimization/04_screening/C3/processed_448x336/IMG_004076.jpg,448,336,15441,4c05ebc33638fd178eef3e6f82ac7d492f589577739946dd61ac27d53a73dcf9
SCREEN,96,P2_SCREEN_C3_20260826_231841_096,IMG_004077,2026-08-26T15:21:19.551227+00:00,2026-08-26T15:21:21.137916+00:00,1.586689,1.5288605690002441,1521078854,1.521078854,437757433,0.437757433,115420836,0.115420836,477335856,0.477335856,0.00778171500024416,0.28779404292474636,0.07588090235853084,0.313814010854693,598,60,True,stop,200,685bb9724b1faa96298c1e6cf8139774d82afbc9d2f30cdd154fbe5cb776951e,872e7210a216c9d496b7930f0b9cf4cef059012ab7c9c4aea23138f3dc8086fe,qwen3.5:4b,json,False,False,"{""num_ctx"":8192,""num_predict"":256,""temperature"":0}",False,b6f296d8a7aa82b277c369a2b321956993c64ad3e6f4b3c7328294c2719d315e,/home/yanbo/net_vlm_person_fallen_v2_optimization/05_p2_hard_negative_semantic_optimization/04_screening/C3/processed_448x336/IMG_004077.jpg,448,336,16260,308722e748fa10254165a9ff8b7631b8c7fad5d3f3fe822b80d52cfe69f3f7b1
SCREEN,97,P2_SCREEN_C3_20260826_231841_097,IMG_004078,2026-08-26T15:21:21.139016+00:00,2026-08-26T15:21:22.834983+00:00,1.695967,1.5876495838165283,1579649074,1.579649074,438427865,0.438427865,113427231,0.113427231,534662255,0.534662255,0.008000509816528334,0.27754763524142073,0.07180533503734388,0.3384690079589158,598,68,True,stop,200,685bb9724b1faa96298c1e6cf8139774d82afbc9d2f30cdd154fbe5cb776951e,872e7210a216c9d496b7930f0b9cf4cef059012ab7c9c4aea23138f3dc8086fe,qwen3.5:4b,json,False,False,"{""num_ctx"":8192,""num_predict"":256,""temperature"":0}",False,bb6ced4cdb8a21b8e00a65a3918e247e8f0fd101a11fdbf5d207a3b33a48cc57,/home/yanbo/net_vlm_person_fallen_v2_optimization/05_p2_hard_negative_semantic_optimization/04_screening/C3/processed_448x336/IMG_004078.jpg,448,336,16523,c62522d55970176c7c8c1f0cb8b287f644787908a2c6315895ed461687f08ded
SCREEN,98,P2_SCREEN_C3_20260826_231841_098,IMG_004079,2026-08-26T15:21:22.836038+00:00,2026-08-26T15:21:24.380666+00:00,1.544628,1.4882943630218506,1480853373,1.480853373,444071608,0.444071608,128384462,0.128384462,407530790,0.40753079,0.007440990021850613,0.2998754745720527,0.086696268746656,0.2751999606648429,598,51,True,stop,200,685bb9724b1faa96298c1e6cf8139774d82afbc9d2f30cdd154fbe5cb776951e,872e7210a216c9d496b7930f0b9cf4cef059012ab7c9c4aea23138f3dc8086fe,qwen3.5:4b,json,False,False,"{""num_ctx"":8192,""num_predict"":256,""temperature"":0}",False,44636d1b9c57594ac54a1a4912e5cf63178ed66566510bbbf7fb5b1b1e874b88,/home/yanbo/net_vlm_person_fallen_v2_optimization/05_p2_hard_negative_semantic_optimization/04_screening/C3/processed_448x336/IMG_004079.jpg,448,336,22374,203cafc4cfd8c285df7cf222efe0f5328aa1d2a4b78c6bd9f0da2fdbb36ffd58
SCREEN,99,P2_SCREEN_C3_20260826_231841_099,IMG_004080,2026-08-26T15:21:24.381626+00:00,2026-08-26T15:21:25.912461+00:00,1.530835,1.4773752689361572,1468786659,1.468786659,466858973,0.466858973,113119709,0.113119709,417011342,0.417011342,0.008588609936157177,0.31785349501870713,0.07701575195203349,0.2839155294914753,598,52,True,stop,200,685bb9724b1faa96298c1e6cf8139774d82afbc9d2f30cdd154fbe5cb776951e,872e7210a216c9d496b7930f0b9cf4cef059012ab7c9c4aea23138f3dc8086fe,qwen3.5:4b,json,False,False,"{""num_ctx"":8192,""num_predict"":256,""temperature"":0}",False,ef5432742429ff4aa120057740cd5954ed171776f8c2317dbe744fcf296252d7,/home/yanbo/net_vlm_person_fallen_v2_optimization/05_p2_hard_negative_semantic_optimization/04_screening/C3/processed_448x336/IMG_004080.jpg,448,336,13228,4f4a1271d3473278b514d86ae8c0ecd3982e97b0c1efbc0c97a30e33fb2e8cce
SCREEN,100,P2_SCREEN_C3_20260826_231841_100,IMG_004081,2026-08-26T15:21:25.913797+00:00,2026-08-26T15:21:27.477366+00:00,1.563569,1.510157585144043,1502547303,1.502547303,470140126,0.470140126,139512684,0.139512684,396739453,0.396739453,0.0076102821440429125,0.3128953910877307,0.09285077662543313,0.26404456765378786,598,50,True,stop,200,685bb9724b1faa96298c1e6cf8139774d82afbc9d2f30cdd154fbe5cb776951e,872e7210a216c9d496b7930f0b9cf4cef059012ab7c9c4aea23138f3dc8086fe,qwen3.5:4b,json,False,False,"{""num_ctx"":8192,""num_predict"":256,""temperature"":0}",False,c1986b13f838a910c7e2958d9851f9d61140c6f9ef8011a98ce6454153f1c5e1,/home/yanbo/net_vlm_person_fallen_v2_optimization/05_p2_hard_negative_semantic_optimization/04_screening/C3/processed_448x336/IMG_004081.jpg,448,336,14655,ccb0339c76a6974dac83a19dfb5f4070bfe9eee2950aab3b90a4d7fec9bbd541
SCREEN,101,P2_SCREEN_C3_20260826_231841_101,IMG_004082,2026-08-26T15:21:27.478338+00:00,2026-08-26T15:21:29.024072+00:00,1.545734,1.48968505859375,1481275322,1.481275322,386574436,0.386574436,118170317,0.118170317,449956479,0.449956479,0.008409736593750106,0.2609740608370171,0.07977606542479077,0.30376289425552183,598,56,True,stop,200,685bb9724b1faa96298c1e6cf8139774d82afbc9d2f30cdd154fbe5cb776951e,872e7210a216c9d496b7930f0b9cf4cef059012ab7c9c4aea23138f3dc8086fe,qwen3.5:4b,json,False,False,"{""num_ctx"":8192,""num_predict"":256,""temperature"":0}",False,f327b0dcb961def4c67f39a4c460daae976157cf6017b79d643f3fc3d55af1e6,/home/yanbo/net_vlm_person_fallen_v2_optimization/05_p2_hard_negative_semantic_optimization/04_screening/C3/processed_448x336/IMG_004082.jpg,448,336,17893,b0a2267699e98c445455b48fff2b7e5ae7ca58968151409b0a7a23c9ba35bfc2
SCREEN,102,P2_SCREEN_C3_20260826_231841_102,IMG_004083,2026-08-26T15:21:29.025180+00:00,2026-08-26T15:21:30.660493+00:00,1.635313,1.5802617073059082,1572316722,1.572316722,507647579,0.507647579,113387363,0.113387363,535612531,0.535612531,0.007944985305908148,0.3228659797971671,0.07211483628805418,0.3406518060297014,598,66,True,stop,200,685bb9724b1faa96298c1e6cf8139774d82afbc9d2f30cdd154fbe5cb776951e,872e7210a216c9d496b7930f0b9cf4cef059012ab7c9c4aea23138f3dc8086fe,qwen3.5:4b,json,False,False,"{""num_ctx"":8192,""num_predict"":256,""temperature"":0}",False,7dd82c1193905c39dd7f736b62b0940445267a7d522c490745e1974ef0adc9a3,/home/yanbo/net_vlm_person_fallen_v2_optimization/05_p2_hard_negative_semantic_optimization/04_screening/C3/processed_448x336/IMG_004083.jpg,448,336,17666,429471ec26476fe5b6270a6a18ff16135e88fb025875c1517fb906695e57ffbe
SCREEN,103,P2_SCREEN_C3_20260826_231841_103,IMG_004084,2026-08-26T15:21:30.661380+00:00,2026-08-26T15:21:32.163806+00:00,1.502426,1.4473052024841309,1439414970,1.43941497,416618663,0.416618663,145342175,0.145342175,404264947,0.404264947,0.007890232484130788,0.28943610541996795,0.10097308839298787,0.28085364917387234,598,52,True,stop,200,685bb9724b1faa96298c1e6cf8139774d82afbc9d2f30cdd154fbe5cb776951e,872e7210a216c9d496b7930f0b9cf4cef059012ab7c9c4aea23138f3dc8086fe,qwen3.5:4b,json,False,False,"{""num_ctx"":8192,""num_predict"":256,""temperature"":0}",False,ec6a6a7279346eb6b1a4a3163a99c66b8b405ccf20e3a0e3cf33d5bfb6930720,/home/yanbo/net_vlm_person_fallen_v2_optimization/05_p2_hard_negative_semantic_optimization/04_screening/C3/processed_448x336/IMG_004084.jpg,448,336,12112,57036627aa79ba548c33d520fbb2721ff956c0be4620b00389c4ddd31572d041
SCREEN,104,P2_SCREEN_C3_20260826_231841_104,IMG_004085,2026-08-26T15:21:32.164806+00:00,2026-08-26T15:21:33.807027+00:00,1.642221,1.5913009643554688,1582701639,1.582701639,454660696,0.454660696,114020089,0.114020089,484432150,0.48443215,0.008599325355468812,0.28726873391454166,0.07204142978713375,0.3060792622329495,598,61,True,stop,200,685bb9724b1faa96298c1e6cf8139774d82afbc9d2f30cdd154fbe5cb776951e,872e7210a216c9d496b7930f0b9cf4cef059012ab7c9c4aea23138f3dc8086fe,qwen3.5:4b,json,False,False,"{""num_ctx"":8192,""num_predict"":256,""temperature"":0}",False,f26f261140525e10c003f8427e3e0bb8d614b6aa4e14ff6856dd039b13a1137d,/home/yanbo/net_vlm_person_fallen_v2_optimization/05_p2_hard_negative_semantic_optimization/04_screening/C3/processed_448x336/IMG_004085.jpg,448,336,12710,5409584025972afa742ceacea6445702a080c056ff92fb28b9adb0740a0f61d3
SCREEN,105,P2_SCREEN_C3_20260826_231841_105,IMG_004086,2026-08-26T15:21:33.808001+00:00,2026-08-26T15:21:35.398818+00:00,1.590817,1.536346435546875,1528539113,1.528539113,480734046,0.480734046,115249578,0.115249578,423425726,0.423425726,0.007807322546875106,0.3145055575689414,0.07539851418901834,0.27701334064586675,598,53,True,stop,200,685bb9724b1faa96298c1e6cf8139774d82afbc9d2f30cdd154fbe5cb776951e,872e7210a216c9d496b7930f0b9cf4cef059012ab7c9c4aea23138f3dc8086fe,qwen3.5:4b,json,False,False,"{""num_ctx"":8192,""num_predict"":256,""temperature"":0}",False,52728e6db03a58114bd6d0faed5cba15585186d757237594ab5c2912ca4ce2ca,/home/yanbo/net_vlm_person_fallen_v2_optimization/05_p2_hard_negative_semantic_optimization/04_screening/C3/processed_448x336/IMG_004086.jpg,448,336,10940,c193cce13bc6956d3bafd41cf6beb23a235f55694f5ab189c6a273972608c597
SCREEN,106,P2_SCREEN_C3_20260826_231841_106,IMG_004087,2026-08-26T15:21:35.399760+00:00,2026-08-26T15:21:36.941272+00:00,1.541512,1.4891088008880615,1481256540,1.48125654,426891641,0.426891641,120326376,0.120326376,416982983,0.416982983,0.007852260888061569,0.28819561600045324,0.08123263779817641,0.2815062561681584,598,52,True,stop,200,685bb9724b1faa96298c1e6cf8139774d82afbc9d2f30cdd154fbe5cb776951e,872e7210a216c9d496b7930f0b9cf4cef059012ab7c9c4aea23138f3dc8086fe,qwen3.5:4b,json,False,False,"{""num_ctx"":8192,""num_predict"":256,""temperature"":0}",False,70f969de8c82a8dc3fda0e7f36862d19da8c5cfc5d9340a33050a3da6e68b349,/home/yanbo/net_vlm_person_fallen_v2_optimization/05_p2_hard_negative_semantic_optimization/04_screening/C3/processed_448x336/IMG_004087.jpg,448,336,12555,d981039d5274d89eec0d95385ab5fa2a91c0a10bae4e499da3f4150914864a5a
SCREEN,107,P2_SCREEN_C3_20260826_231841_107,IMG_004088,2026-08-26T15:21:36.942268+00:00,2026-08-26T15:21:38.578856+00:00,1.636588,1.5811750888824463,1573187597,1.573187597,468122156,0.468122156,114080079,0.114080079,460976988,0.460976988,0.007987491882446296,0.29756283159916114,0.07251524180431229,0.29302099055386843,598,57,True,stop,200,685bb9724b1faa96298c1e6cf8139774d82afbc9d2f30cdd154fbe5cb776951e,872e7210a216c9d496b7930f0b9cf4cef059012ab7c9c4aea23138f3dc8086fe,qwen3.5:4b,json,False,False,"{""num_ctx"":8192,""num_predict"":256,""temperature"":0}",False,d8f59162f45467f3e783a0ce414dafcbbd077df657c422332b88dea4213aded4,/home/yanbo/net_vlm_person_fallen_v2_optimization/05_p2_hard_negative_semantic_optimization/04_screening/C3/processed_448x336/IMG_004088.jpg,448,336,14938,a5d158554cd73386d0f8a64ce3d0bdc2ae2db95e4f795e9d83a0e48147006b97
SCREEN,108,P2_SCREEN_C3_20260826_231841_108,IMG_004089,2026-08-26T15:21:38.579821+00:00,2026-08-26T15:21:40.236494+00:00,1.656673,1.6047096252441406,1596849708,1.596849708,439391188,0.439391188,113103195,0.113103195,510318085,0.510318085,0.007859917244140702,0.2751612664602748,0.07082895430507227,0.3195780306959232,598,64,True,stop,200,685bb9724b1faa96298c1e6cf8139774d82afbc9d2f30cdd154fbe5cb776951e,872e7210a216c9d496b7930f0b9cf4cef059012ab7c9c4aea23138f3dc8086fe,qwen3.5:4b,json,False,False,"{""num_ctx"":8192,""num_predict"":256,""temperature"":0}",False,f35b1ba98530a2038160a370e963a0890fd4bbc846f3a97330e2a8f0b2300ef6,/home/yanbo/net_vlm_person_fallen_v2_optimization/05_p2_hard_negative_semantic_optimization/04_screening/C3/processed_448x336/IMG_004089.jpg,448,336,12601,c0616f9c855349cdc3f1a834126bc427315da80f865fc415fc1cdf11f0dc025f
SCREEN,109,P2_SCREEN_C3_20260826_231841_109,IMG_004090,2026-08-26T15:21:40.237507+00:00,2026-08-26T15:21:41.805407+00:00,1.5679,1.5147168636322021,1506508307,1.506508307,437730190,0.43773019,112432273,0.112432273,455957396,0.455957396,0.008208556632202102,0.29055942669953033,0.07463103421174828,0.3026584014713966,598,52,True,stop,200,685bb9724b1faa96298c1e6cf8139774d82afbc9d2f30cdd154fbe5cb776951e,872e7210a216c9d496b7930f0b9cf4cef059012ab7c9c4aea23138f3dc8086fe,qwen3.5:4b,json,False,False,"{""num_ctx"":8192,""num_predict"":256,""temperature"":0}",False,a845ea4ea68b331dc883ec7e9b81d613a0d71b5a12f0ff22ea26078d325592a8,/home/yanbo/net_vlm_person_fallen_v2_optimization/05_p2_hard_negative_semantic_optimization/04_screening/C3/processed_448x336/IMG_004090.jpg,448,336,17788,d0d87676dc937505f379904120587bc915ca7e096bfccea80aceba71a97515a4
SCREEN,110,P2_SCREEN_C3_20260826_231841_110,IMG_004091,2026-08-26T15:21:41.806379+00:00,2026-08-26T15:21:43.384043+00:00,1.577664,1.5202736854553223,1512113390,1.51211339,488438148,0.488438148,135217945,0.135217945,372551279,0.372551279,0.008160295455322375,0.32301687904502985,0.08942315165928133,0.24637787183406928,598,46,True,stop,200,685bb9724b1faa96298c1e6cf8139774d82afbc9d2f30cdd154fbe5cb776951e,872e7210a216c9d496b7930f0b9cf4cef059012ab7c9c4aea23138f3dc8086fe,qwen3.5:4b,json,False,False,"{""num_ctx"":8192,""num_predict"":256,""temperature"":0}",False,efe45d0ff9a1ad063fa930140a73f54bdf564c3a9b239ebedef1217d31366066,/home/yanbo/net_vlm_person_fallen_v2_optimization/05_p2_hard_negative_semantic_optimization/04_screening/C3/processed_448x336/IMG_004091.jpg,448,336,17192,8627d620cd6b31c36c733faf006387b217ea1235350ca9bc59f2bf5b9fcbe7fb
SCREEN,111,P2_SCREEN_C3_20260826_231841_111,IMG_004192,2026-08-26T15:21:43.385014+00:00,2026-08-26T15:21:44.905165+00:00,1.520151,1.462597370147705,1455966248,1.455966248,415679637,0.415679637,126206467,0.126206467,404291136,0.404291136,0.006631122147705115,0.28550087446807354,0.08668227520614886,0.27767892048003023,598,50,True,stop,200,685bb9724b1faa96298c1e6cf8139774d82afbc9d2f30cdd154fbe5cb776951e,872e7210a216c9d496b7930f0b9cf4cef059012ab7c9c4aea23138f3dc8086fe,qwen3.5:4b,json,False,False,"{""num_ctx"":8192,""num_predict"":256,""temperature"":0}",False,6c3308d03bfb85ef13872b4a2e7f112a79234e20a9d59946f69409fd506295cf,/home/yanbo/net_vlm_person_fallen_v2_optimization/05_p2_hard_negative_semantic_optimization/04_screening/C3/processed_448x336/IMG_004192.jpg,448,336,14781,36b027bbebe1bb49e0ab5bdc2031ff4a3042a48ced440ecaec01957d874516ff
SCREEN,112,P2_SCREEN_C3_20260826_231841_112,IMG_004193,2026-08-26T15:21:44.906183+00:00,2026-08-26T15:21:46.574293+00:00,1.66811,1.6140480041503906,1606367504,1.606367504,502918402,0.502918402,112634134,0.112634134,469193652,0.469193652,0.007680500150390568,0.31307804767445047,0.07011728867742334,0.29208363019773836,598,57,True,stop,200,685bb9724b1faa96298c1e6cf8139774d82afbc9d2f30cdd154fbe5cb776951e,872e7210a216c9d496b7930f0b9cf4cef059012ab7c9c4aea23138f3dc8086fe,qwen3.5:4b,json,False,False,"{""num_ctx"":8192,""num_predict"":256,""temperature"":0}",False,ad5ccfebaccf856f079af18e0be494bdcbf9eeca99fd7deb224d08cedb4ca03b,/home/yanbo/net_vlm_person_fallen_v2_optimization/05_p2_hard_negative_semantic_optimization/04_screening/C3/processed_448x336/IMG_004193.jpg,448,336,14556,7c221242e2e3f1a2dc94904f1ce426ab358166148b42e5e2db79b90201b3bb9f
SCREEN,113,P2_SCREEN_C3_20260826_231841_113,IMG_004194,2026-08-26T15:21:46.575329+00:00,2026-08-26T15:21:48.410124+00:00,1.834795,1.7801659107208252,1772549188,1.772549188,488074498,0.488074498,128417592,0.128417592,614134566,0.614134566,0.007616722720825253,0.2753517370937974,0.07244797090505338,0.3464696890544061,598,77,True,stop,200,685bb9724b1faa96298c1e6cf8139774d82afbc9d2f30cdd154fbe5cb776951e,872e7210a216c9d496b7930f0b9cf4cef059012ab7c9c4aea23138f3dc8086fe,qwen3.5:4b,json,False,False,"{""num_ctx"":8192,""num_predict"":256,""temperature"":0}",False,2be33ac4a9f2bbdabf6fe5f2346839997a0d26aac19d1445af42bf4d6ba16448,/home/yanbo/net_vlm_person_fallen_v2_optimization/05_p2_hard_negative_semantic_optimization/04_screening/C3/processed_448x336/IMG_004194.jpg,448,336,16163,8737e431437b49f9f7c3795780f6da55ecd9d632a86011753fd8430fdf7642cf
SCREEN,114,P2_SCREEN_C3_20260826_231841_114,IMG_004195,2026-08-26T15:21:48.411219+00:00,2026-08-26T15:21:49.973615+00:00,1.562396,1.5119669437408447,1503825284,1.503825284,423602717,0.423602717,156917452,0.156917452,422168750,0.42216875,0.008141659740844798,0.28168346516509296,0.1043455337993905,0.280729918888636,598,54,True,stop,200,685bb9724b1faa96298c1e6cf8139774d82afbc9d2f30cdd154fbe5cb776951e,872e7210a216c9d496b7930f0b9cf4cef059012ab7c9c4aea23138f3dc8086fe,qwen3.5:4b,json,False,False,"{""num_ctx"":8192,""num_predict"":256,""temperature"":0}",False,7751027a80e172832764bd0b04fd0e8a453f101fb85b0fefdf0a8d7335f4a4dc,/home/yanbo/net_vlm_person_fallen_v2_optimization/05_p2_hard_negative_semantic_optimization/04_screening/C3/processed_448x336/IMG_004195.jpg,448,336,9622,c892d2f14519406ed4c743f38955b5ad51d0588dbe2e7113e27c936b523f5b85
SCREEN,115,P2_SCREEN_C3_20260826_231841_115,IMG_004196,2026-08-26T15:21:49.974774+00:00,2026-08-26T15:21:51.500231+00:00,1.525457,1.4727563858032227,1465251612,1.465251612,471937403,0.471937403,129691180,0.12969118,418394380,0.41839438,0.007504773803222564,0.32208625408425756,0.08851120103732736,0.2855443915389461,598,53,True,stop,200,685bb9724b1faa96298c1e6cf8139774d82afbc9d2f30cdd154fbe5cb776951e,872e7210a216c9d496b7930f0b9cf4cef059012ab7c9c4aea23138f3dc8086fe,qwen3.5:4b,json,False,False,"{""num_ctx"":8192,""num_predict"":256,""temperature"":0}",False,dfab34c5d36c51359e3f79cfa0d9e8c2d76f6d91044c49af74b67388bbd09c84,/home/yanbo/net_vlm_person_fallen_v2_optimization/05_p2_hard_negative_semantic_optimization/04_screening/C3/processed_448x336/IMG_004196.jpg,448,336,10352,a2cc2be4ebf7598c331231181f19a233b490f67e8146f1202f9b3ec492a535cd
SCREEN,116,P2_SCREEN_C3_20260826_231841_116,IMG_004197,2026-08-26T15:21:51.501197+00:00,2026-08-26T15:21:53.065154+00:00,1.563957,1.5076429843902588,1499769182,1.499769182,455706377,0.455706377,128955985,0.128955985,351010622,0.351010622,0.0078738023902587,0.303851007521236,0.08598388775266885,0.2340430955728226,598,45,True,stop,200,685bb9724b1faa96298c1e6cf8139774d82afbc9d2f30cdd154fbe5cb776951e,872e7210a216c9d496b7930f0b9cf4cef059012ab7c9c4aea23138f3dc8086fe,qwen3.5:4b,json,False,False,"{""num_ctx"":8192,""num_predict"":256,""temperature"":0}",False,1bd363ac273eef3c3db4f9289e57c2526f110d0cdcb28c1447fd78025e427bf8,/home/yanbo/net_vlm_person_fallen_v2_optimization/05_p2_hard_negative_semantic_optimization/04_screening/C3/processed_448x336/IMG_004197.jpg,448,336,15929,a6f278c26a245f146cb929f61d0327e95cca6d39b216e2867a8219885a6e36d1
SCREEN,117,P2_SCREEN_C3_20260826_231841_117,IMG_004198,2026-08-26T15:21:53.066186+00:00,2026-08-26T15:21:54.537739+00:00,1.471553,1.4168102741241455,1409056352,1.409056352,461567666,0.461567666,125476436,0.125476436,321275335,0.321275335,0.007753922124145607,0.3275721835715482,0.08904997718643407,0.22800744238793938,598,40,True,stop,200,685bb9724b1faa96298c1e6cf8139774d82afbc9d2f30cdd154fbe5cb776951e,872e7210a216c9d496b7930f0b9cf4cef059012ab7c9c4aea23138f3dc8086fe,qwen3.5:4b,json,False,False,"{""num_ctx"":8192,""num_predict"":256,""temperature"":0}",False,90a111dc0af4c91f31a1da651a1334fde32399b9c9752d6fe2f056c105406782,/home/yanbo/net_vlm_person_fallen_v2_optimization/05_p2_hard_negative_semantic_optimization/04_screening/C3/processed_448x336/IMG_004198.jpg,448,336,13819,595fc5772da4fbc5d45585afc84a8ec679cdb14a198d48b7ba89c5488d7c3770
SCREEN,118,P2_SCREEN_C3_20260826_231841_118,IMG_004199,2026-08-26T15:21:54.538788+00:00,2026-08-26T15:21:56.412755+00:00,1.873967,1.822171926498413,1814009110,1.81400911,518310806,0.518310806,144695165,0.144695165,589483640,0.58948364,0.008162816498413106,0.28572668303744075,0.07976540150892626,0.32496178588651076,598,71,True,stop,200,685bb9724b1faa96298c1e6cf8139774d82afbc9d2f30cdd154fbe5cb776951e,872e7210a216c9d496b7930f0b9cf4cef059012ab7c9c4aea23138f3dc8086fe,qwen3.5:4b,json,False,False,"{""num_ctx"":8192,""num_predict"":256,""temperature"":0}",False,4ec2bd96bf61c94c874b8f0039c30fd90a0b66ed0c223eedc09294be71c1cce6,/home/yanbo/net_vlm_person_fallen_v2_optimization/05_p2_hard_negative_semantic_optimization/04_screening/C3/processed_448x336/IMG_004199.jpg,448,336,13771,13a286591adf9e2bf3efaff93c23f2da7a5cde3fc0e7d97dce3dcb8f0b1e9d48
SCREEN,119,P2_SCREEN_C3_20260826_231841_119,IMG_004200,2026-08-26T15:21:56.414116+00:00,2026-08-26T15:21:58.082797+00:00,1.668681,1.6113314628601074,1603490416,1.603490416,428325553,0.428325553,115042972,0.115042972,518439758,0.518439758,0.007841046860107337,0.26712074405064606,0.07174534431392572,0.3233195239752527,598,64,True,stop,200,685bb9724b1faa96298c1e6cf8139774d82afbc9d2f30cdd154fbe5cb776951e,872e7210a216c9d496b7930f0b9cf4cef059012ab7c9c4aea23138f3dc8086fe,qwen3.5:4b,json,False,False,"{""num_ctx"":8192,""num_predict"":256,""temperature"":0}",False,de6e0304d704194197e83db7b5f6b1c3cb1eedbe7ef008c3e5f5ec9e718bd090,/home/yanbo/net_vlm_person_fallen_v2_optimization/05_p2_hard_negative_semantic_optimization/04_screening/C3/processed_448x336/IMG_004200.jpg,448,336,14163,a67dcc0e2a25dbcbd6f0793499b2eba821b01c9df94e654ca7963d7ca0a91e92
SCREEN,120,P2_SCREEN_C3_20260826_231841_120,IMG_004201,2026-08-26T15:21:58.083746+00:00,2026-08-26T15:21:59.576406+00:00,1.49266,1.4401540756225586,1432710292,1.432710292,424417833,0.424417833,113909139,0.113909139,391950817,0.391950817,0.007443783622558486,0.29623423197967785,0.07950605201627182,0.2735729750728977,598,49,True,stop,200,685bb9724b1faa96298c1e6cf8139774d82afbc9d2f30cdd154fbe5cb776951e,872e7210a216c9d496b7930f0b9cf4cef059012ab7c9c4aea23138f3dc8086fe,qwen3.5:4b,json,False,False,"{""num_ctx"":8192,""num_predict"":256,""temperature"":0}",False,ac6398bbca6c770708577ac616f17c5d08fa679bf6bf21e17cf6f101d9b8cb21,/home/yanbo/net_vlm_person_fallen_v2_optimization/05_p2_hard_negative_semantic_optimization/04_screening/C3/processed_448x336/IMG_004201.jpg,448,336,12875,01b0e2dfe529c41a8211ad9464948bac2f8784e91dfe25c76be2147210c615e9
