source,dataset,probe,request_index,request_id,media_id,split,sample_role,scenario_id,group_id,timestamp_start_utc,timestamp_end_utc,wall_span_seconds,client_latency_seconds,total_duration_seconds,load_duration_seconds,prompt_eval_duration_seconds,eval_duration_seconds,client_overhead_seconds,load_ratio,prompt_eval_ratio,eval_ratio,prompt_eval_count,eval_count,done,done_reason,http_code,prompt_sha256,config_fingerprint_without_keep_alive,keep_alive,image_sha256,image_path,image_bytes,high_load,gpu_memory_used,gpu_memory_free,gpu_utilization_gpu,gpu_utilization_memory,runner_pid
historical_raw_derived,SCREEN,P2_C3_SCREEN,1,P2_SCREEN_C3_20260826_231841_001,IMG_003702,SCREEN,,,,2026-08-26T15:18:41.598818+00:00,2026-08-26T15:18:43.251984+00:00,1.653166,1.5896389484405518,1.580967769,0.477151135,0.115217411,0.468556387,0.008671179440551846,0.30180952727569493,0.07287777351266167,0.2963731432022635,598,60,True,stop,200,685bb9724b1faa96298c1e6cf8139774d82afbc9d2f30cdd154fbe5cb776951e,872e7210a216c9d496b7930f0b9cf4cef059012ab7c9c4aea23138f3dc8086fe,historical_omitted,5f82ee8030a64dfae05bb4583c289b09c8ebc33280dc2f6e4a53a10bbb60b2fc,/home/yanbo/net_vlm_person_fallen_v2_optimization/05_p2_hard_negative_semantic_optimization/04_screening/C3/processed_448x336/IMG_003702.jpg,18727,False,unavailable,unavailable,unavailable,unavailable,unavailable
historical_raw_derived,SCREEN,P2_C3_SCREEN,2,P2_SCREEN_C3_20260826_231841_002,IMG_003703,SCREEN,,,,2026-08-26T15:18:43.253043+00:00,2026-08-26T15:18:44.661275+00:00,1.408232,1.3527555465698242,1.345120399,0.469853443,0.11528946,0.374200833,0.007635147569824197,0.3493021467441146,0.08570939827074914,0.27819133014278224,598,47,True,stop,200,685bb9724b1faa96298c1e6cf8139774d82afbc9d2f30cdd154fbe5cb776951e,872e7210a216c9d496b7930f0b9cf4cef059012ab7c9c4aea23138f3dc8086fe,historical_omitted,5e18806b0d663d3a7b16e0bf3564749c245323f6fc828cd80add4c68d279c87f,/home/yanbo/net_vlm_person_fallen_v2_optimization/05_p2_hard_negative_semantic_optimization/04_screening/C3/processed_448x336/IMG_003703.jpg,18029,False,unavailable,unavailable,unavailable,unavailable,unavailable
historical_raw_derived,SCREEN,P2_C3_SCREEN,3,P2_SCREEN_C3_20260826_231841_003,IMG_003704,SCREEN,,,,2026-08-26T15:18:44.662297+00:00,2026-08-26T15:18:46.216926+00:00,1.554629,1.5010409355163574,1.49532775,0.425658564,0.11511379,0.403714265,0.005713185516357466,0.2846590414710086,0.07698231374359234,0.2699837978663875,598,50,True,stop,200,685bb9724b1faa96298c1e6cf8139774d82afbc9d2f30cdd154fbe5cb776951e,872e7210a216c9d496b7930f0b9cf4cef059012ab7c9c4aea23138f3dc8086fe,historical_omitted,27d688b997b3048bf57efd35520fa34bd3adccda66575f1ddb0bcc298629ce4b,/home/yanbo/net_vlm_person_fallen_v2_optimization/05_p2_hard_negative_semantic_optimization/04_screening/C3/processed_448x336/IMG_003704.jpg,12549,False,unavailable,unavailable,unavailable,unavailable,unavailable
historical_raw_derived,SCREEN,P2_C3_SCREEN,4,P2_SCREEN_C3_20260826_231841_004,IMG_003705,SCREEN,,,,2026-08-26T15:18:46.217886+00:00,2026-08-26T15:18:47.797549+00:00,1.579663,1.52467942237854,1.516835547,0.451974992,0.113209092,0.507303418,0.007843875378540144,0.2979723101122709,0.07463504677478396,0.33444852937640185,598,62,True,stop,200,685bb9724b1faa96298c1e6cf8139774d82afbc9d2f30cdd154fbe5cb776951e,872e7210a216c9d496b7930f0b9cf4cef059012ab7c9c4aea23138f3dc8086fe,historical_omitted,4bca926036b8d0324b411c6828586467b408df92eb1db27af3b8dd25bf443e17,/home/yanbo/net_vlm_person_fallen_v2_optimization/05_p2_hard_negative_semantic_optimization/04_screening/C3/processed_448x336/IMG_003705.jpg,18392,False,unavailable,unavailable,unavailable,unavailable,unavailable
historical_raw_derived,SCREEN,P2_C3_SCREEN,5,P2_SCREEN_C3_20260826_231841_005,IMG_003706,SCREEN,,,,2026-08-26T15:18:47.799189+00:00,2026-08-26T15:18:49.400954+00:00,1.601765,1.5469818115234375,1.539191878,0.421557219,0.113332411,0.539883868,0.007789933523437487,0.2738821748122556,0.073631112936525,0.350758002115705,598,66,True,stop,200,685bb9724b1faa96298c1e6cf8139774d82afbc9d2f30cdd154fbe5cb776951e,872e7210a216c9d496b7930f0b9cf4cef059012ab7c9c4aea23138f3dc8086fe,historical_omitted,2b6115e018583759cfe5df4bd1fcd315bb592af2d089c3a701da59fbbbf0e6e0,/home/yanbo/net_vlm_person_fallen_v2_optimization/05_p2_hard_negative_semantic_optimization/04_screening/C3/processed_448x336/IMG_003706.jpg,11761,False,unavailable,unavailable,unavailable,unavailable,unavailable
historical_raw_derived,SCREEN,P2_C3_SCREEN,6,P2_SCREEN_C3_20260826_231841_006,IMG_003707,SCREEN,,,,2026-08-26T15:18:49.402005+00:00,2026-08-26T15:18:51.120221+00:00,1.718216,1.6647536754608154,1.656612874,0.470169554,0.111951321,0.556221512,0.008140801460815528,0.283813775311757,0.0675784444012476,0.335758293762964,598,71,True,stop,200,685bb9724b1faa96298c1e6cf8139774d82afbc9d2f30cdd154fbe5cb776951e,872e7210a216c9d496b7930f0b9cf4cef059012ab7c9c4aea23138f3dc8086fe,historical_omitted,73bc09ee9ef0fd6bbb582bbe0db98cd4469f12a8834626f5fa2cc0b71ba6acbd,/home/yanbo/net_vlm_person_fallen_v2_optimization/05_p2_hard_negative_semantic_optimization/04_screening/C3/processed_448x336/IMG_003707.jpg,14140,False,unavailable,unavailable,unavailable,unavailable,unavailable
historical_raw_derived,SCREEN,P2_C3_SCREEN,7,P2_SCREEN_C3_20260826_231841_007,IMG_003708,SCREEN,,,,2026-08-26T15:18:51.121377+00:00,2026-08-26T15:18:52.743773+00:00,1.622396,1.564798355102539,1.556264525,0.476039118,0.140415345,0.414968005,0.008533830102539053,0.3058857349459919,0.09022588560257774,0.26664361895674515,598,51,True,stop,200,685bb9724b1faa96298c1e6cf8139774d82afbc9d2f30cdd154fbe5cb776951e,872e7210a216c9d496b7930f0b9cf4cef059012ab7c9c4aea23138f3dc8086fe,historical_omitted,aebf6050b3fb73755b48cad44728ca0f55ae95c078047887335bcfcc57776c47,/home/yanbo/net_vlm_person_fallen_v2_optimization/05_p2_hard_negative_semantic_optimization/04_screening/C3/processed_448x336/IMG_003708.jpg,16860,False,unavailable,unavailable,unavailable,unavailable,unavailable
historical_raw_derived,SCREEN,P2_C3_SCREEN,8,P2_SCREEN_C3_20260826_231841_008,IMG_003709,SCREEN,,,,2026-08-26T15:18:52.744694+00:00,2026-08-26T15:18:54.291565+00:00,1.546871,1.4931185245513916,1.483332989,0.422568106,0.112670319,0.413512083,0.009785535551391611,0.2848774409614374,0.07595753605935612,0.2787722554992674,598,51,True,stop,200,685bb9724b1faa96298c1e6cf8139774d82afbc9d2f30cdd154fbe5cb776951e,872e7210a216c9d496b7930f0b9cf4cef059012ab7c9c4aea23138f3dc8086fe,historical_omitted,d9f51b8ff2d02493d7ecd7d16b28d4480d32456bbd87bf21b040cc6b3d4eeb33,/home/yanbo/net_vlm_person_fallen_v2_optimization/05_p2_hard_negative_semantic_optimization/04_screening/C3/processed_448x336/IMG_003709.jpg,12492,False,unavailable,unavailable,unavailable,unavailable,unavailable
historical_raw_derived,SCREEN,P2_C3_SCREEN,9,P2_SCREEN_C3_20260826_231841_009,IMG_003710,SCREEN,,,,2026-08-26T15:18:54.292726+00:00,2026-08-26T15:18:55.684256+00:00,1.39153,1.3360216617584229,1.328084331,0.422745342,0.11249909,0.367536871,0.007937330758422956,0.3183121223045286,0.08470779104463359,0.2767421182683918,598,46,True,stop,200,685bb9724b1faa96298c1e6cf8139774d82afbc9d2f30cdd154fbe5cb776951e,872e7210a216c9d496b7930f0b9cf4cef059012ab7c9c4aea23138f3dc8086fe,historical_omitted,b18857cefb35aee71924a5cca2bd68a70cb29e28e5ec82e53e447f3301f1da13,/home/yanbo/net_vlm_person_fallen_v2_optimization/05_p2_hard_negative_semantic_optimization/04_screening/C3/processed_448x336/IMG_003710.jpg,21699,False,unavailable,unavailable,unavailable,unavailable,unavailable
historical_raw_derived,SCREEN,P2_C3_SCREEN,10,P2_SCREEN_C3_20260826_231841_010,IMG_003711,SCREEN,,,,2026-08-26T15:18:55.685168+00:00,2026-08-26T15:18:57.281548+00:00,1.59638,1.5441792011260986,1.536540364,0.487161421,0.118153033,0.402173795,0.0076388371260986965,0.31705084514135157,0.07689549573069335,0.26173981785485984,598,50,True,stop,200,685bb9724b1faa96298c1e6cf8139774d82afbc9d2f30cdd154fbe5cb776951e,872e7210a216c9d496b7930f0b9cf4cef059012ab7c9c4aea23138f3dc8086fe,historical_omitted,5785e793610f7f7677b6c4d9b947c828a4e56e2d327d06adba47f377dfb5dc43,/home/yanbo/net_vlm_person_fallen_v2_optimization/05_p2_hard_negative_semantic_optimization/04_screening/C3/processed_448x336/IMG_003711.jpg,14159,False,unavailable,unavailable,unavailable,unavailable,unavailable
historical_raw_derived,SCREEN,P2_C3_SCREEN,11,P2_SCREEN_C3_20260826_231841_011,IMG_003752,SCREEN,,,,2026-08-26T15:18:57.282632+00:00,2026-08-26T15:18:58.882612+00:00,1.59998,1.543189525604248,1.535204536,0.468300446,0.13309252,0.40145228,0.007984989604248094,0.30504107760140176,0.08669367297909025,0.26149758588258887,598,51,True,stop,200,685bb9724b1faa96298c1e6cf8139774d82afbc9d2f30cdd154fbe5cb776951e,872e7210a216c9d496b7930f0b9cf4cef059012ab7c9c4aea23138f3dc8086fe,historical_omitted,9d51842db456f20284d6d821eea6fc180cf491666bb736d8adecd47b93d88344,/home/yanbo/net_vlm_person_fallen_v2_optimization/05_p2_hard_negative_semantic_optimization/04_screening/C3/processed_448x336/IMG_003752.jpg,21656,False,unavailable,unavailable,unavailable,unavailable,unavailable
historical_raw_derived,SCREEN,P2_C3_SCREEN,12,P2_SCREEN_C3_20260826_231841_012,IMG_003753,SCREEN,,,,2026-08-26T15:18:58.883864+00:00,2026-08-26T15:19:00.495901+00:00,1.612037,1.5563619136810303,1.53773174,0.465505572,0.126003704,0.48120679,0.01863017368103037,0.3027222238386001,0.08194127800210459,0.31293285914746094,598,61,True,stop,200,685bb9724b1faa96298c1e6cf8139774d82afbc9d2f30cdd154fbe5cb776951e,872e7210a216c9d496b7930f0b9cf4cef059012ab7c9c4aea23138f3dc8086fe,historical_omitted,21e39b5f62d3e42f57b1f4a6eb3d6e2de4b48a193a7508edd3dc2914c62b7452,/home/yanbo/net_vlm_person_fallen_v2_optimization/05_p2_hard_negative_semantic_optimization/04_screening/C3/processed_448x336/IMG_003753.jpg,20887,False,unavailable,unavailable,unavailable,unavailable,unavailable
historical_raw_derived,SCREEN,P2_C3_SCREEN,13,P2_SCREEN_C3_20260826_231841_013,IMG_003754,SCREEN,,,,2026-08-26T15:19:00.496969+00:00,2026-08-26T15:19:02.061980+00:00,1.565011,1.5147571563720703,1.507040949,0.486553742,0.119017187,0.411168999,0.0077162073720702384,0.3228536970563764,0.07897408964167435,0.27283200185955925,598,51,True,stop,200,685bb9724b1faa96298c1e6cf8139774d82afbc9d2f30cdd154fbe5cb776951e,872e7210a216c9d496b7930f0b9cf4cef059012ab7c9c4aea23138f3dc8086fe,historical_omitted,4db498f7d89028b884b3ad72b466542296ceea8b6434cec90c51d30a21bdcd22,/home/yanbo/net_vlm_person_fallen_v2_optimization/05_p2_hard_negative_semantic_optimization/04_screening/C3/processed_448x336/IMG_003754.jpg,13628,False,unavailable,unavailable,unavailable,unavailable,unavailable
historical_raw_derived,SCREEN,P2_C3_SCREEN,14,P2_SCREEN_C3_20260826_231841_014,IMG_003755,SCREEN,,,,2026-08-26T15:19:02.063022+00:00,2026-08-26T15:19:03.586869+00:00,1.523847,1.4728214740753174,1.465086287,0.404766456,0.116129196,0.510341622,0.007735187075317285,0.27627482394147884,0.07926440717549355,0.3483355393660851,598,63,True,stop,200,685bb9724b1faa96298c1e6cf8139774d82afbc9d2f30cdd154fbe5cb776951e,872e7210a216c9d496b7930f0b9cf4cef059012ab7c9c4aea23138f3dc8086fe,historical_omitted,5f443d6393dbe2f28eb5fa6a524207ee05b4d6e0649b8ef7fb3096a7391d9ee3,/home/yanbo/net_vlm_person_fallen_v2_optimization/05_p2_hard_negative_semantic_optimization/04_screening/C3/processed_448x336/IMG_003755.jpg,10691,False,unavailable,unavailable,unavailable,unavailable,unavailable
historical_raw_derived,SCREEN,P2_C3_SCREEN,15,P2_SCREEN_C3_20260826_231841_015,IMG_003756,SCREEN,,,,2026-08-26T15:19:03.587796+00:00,2026-08-26T15:19:05.262645+00:00,1.674849,1.6180853843688965,1.611507134,0.467324706,0.113224454,0.503694169,0.006578250368896477,0.28999232838642836,0.07025997689439953,0.31256093030736776,598,64,True,stop,200,685bb9724b1faa96298c1e6cf8139774d82afbc9d2f30cdd154fbe5cb776951e,872e7210a216c9d496b7930f0b9cf4cef059012ab7c9c4aea23138f3dc8086fe,historical_omitted,0677f623922ae8c0833c4608b442c97f115863391363ec031746984b2a1f7bcc,/home/yanbo/net_vlm_person_fallen_v2_optimization/05_p2_hard_negative_semantic_optimization/04_screening/C3/processed_448x336/IMG_003756.jpg,15656,False,unavailable,unavailable,unavailable,unavailable,unavailable
historical_raw_derived,SCREEN,P2_C3_SCREEN,16,P2_SCREEN_C3_20260826_231841_016,IMG_003757,SCREEN,,,,2026-08-26T15:19:05.263717+00:00,2026-08-26T15:19:06.869029+00:00,1.605312,1.5494072437286377,1.54162667,0.408890156,0.116470895,0.534986689,0.0077805737286376075,0.2652329282808788,0.07555064871834372,0.3470273960685955,598,68,True,stop,200,685bb9724b1faa96298c1e6cf8139774d82afbc9d2f30cdd154fbe5cb776951e,872e7210a216c9d496b7930f0b9cf4cef059012ab7c9c4aea23138f3dc8086fe,historical_omitted,0701ddbdd49380437869cac2251251f3aa0b305fca47da6de7c2fa171e582854,/home/yanbo/net_vlm_person_fallen_v2_optimization/05_p2_hard_negative_semantic_optimization/04_screening/C3/processed_448x336/IMG_003757.jpg,15433,False,unavailable,unavailable,unavailable,unavailable,unavailable
historical_raw_derived,SCREEN,P2_C3_SCREEN,17,P2_SCREEN_C3_20260826_231841_017,IMG_003758,SCREEN,,,,2026-08-26T15:19:06.870035+00:00,2026-08-26T15:19:08.477828+00:00,1.607793,1.5527679920196533,1.544810409,0.474991052,0.134574836,0.411042825,0.007957583019653214,0.307475305210738,0.08711414372661701,0.26607978727051673,598,51,True,stop,200,685bb9724b1faa96298c1e6cf8139774d82afbc9d2f30cdd154fbe5cb776951e,872e7210a216c9d496b7930f0b9cf4cef059012ab7c9c4aea23138f3dc8086fe,historical_omitted,02d0518049b36e6c2705a4571f7092c9c48fd6f79e4979e7771788eb9107f992,/home/yanbo/net_vlm_person_fallen_v2_optimization/05_p2_hard_negative_semantic_optimization/04_screening/C3/processed_448x336/IMG_003758.jpg,17214,False,unavailable,unavailable,unavailable,unavailable,unavailable
historical_raw_derived,SCREEN,P2_C3_SCREEN,18,P2_SCREEN_C3_20260826_231841_018,IMG_003759,SCREEN,,,,2026-08-26T15:19:08.479183+00:00,2026-08-26T15:19:10.056118+00:00,1.576935,1.5240294933319092,1.516653843,0.413659043,0.132384227,0.43809476,0.007375650331909123,0.2727445322538242,0.08728704154280773,0.2888561302382827,598,54,True,stop,200,685bb9724b1faa96298c1e6cf8139774d82afbc9d2f30cdd154fbe5cb776951e,872e7210a216c9d496b7930f0b9cf4cef059012ab7c9c4aea23138f3dc8086fe,historical_omitted,30bae33ef6a87738d1ee9d7d6ce2d42944cd954b3f4062fd6de26355e168188b,/home/yanbo/net_vlm_person_fallen_v2_optimization/05_p2_hard_negative_semantic_optimization/04_screening/C3/processed_448x336/IMG_003759.jpg,16383,False,unavailable,unavailable,unavailable,unavailable,unavailable
historical_raw_derived,SCREEN,P2_C3_SCREEN,19,P2_SCREEN_C3_20260826_231841_019,IMG_003760,SCREEN,,,,2026-08-26T15:19:10.057165+00:00,2026-08-26T15:19:11.448353+00:00,1.391188,1.3356640338897705,1.327833728,0.423587832,0.114428966,0.377103236,0.007830305889770406,0.31900668213784067,0.08617717985847094,0.2839988381436866,598,48,True,stop,200,685bb9724b1faa96298c1e6cf8139774d82afbc9d2f30cdd154fbe5cb776951e,872e7210a216c9d496b7930f0b9cf4cef059012ab7c9c4aea23138f3dc8086fe,historical_omitted,549d55d23c0e591fd1d4500c7b2ead5eb5f4f6657d9d5bad963feac31c5a9b2f,/home/yanbo/net_vlm_person_fallen_v2_optimization/05_p2_hard_negative_semantic_optimization/04_screening/C3/processed_448x336/IMG_003760.jpg,18337,False,unavailable,unavailable,unavailable,unavailable,unavailable
historical_raw_derived,SCREEN,P2_C3_SCREEN,20,P2_SCREEN_C3_20260826_231841_020,IMG_003761,SCREEN,,,,2026-08-26T15:19:11.449529+00:00,2026-08-26T15:19:13.139452+00:00,1.689923,1.6356589794158936,1.626457759,0.469935226,0.114077991,0.513480912,0.009201220415893552,0.2889317127356149,0.07013892022018385,0.3157050400839829,598,64,True,stop,200,685bb9724b1faa96298c1e6cf8139774d82afbc9d2f30cdd154fbe5cb776951e,872e7210a216c9d496b7930f0b9cf4cef059012ab7c9c4aea23138f3dc8086fe,historical_omitted,e94ff2a0fe9a16ac49da733e32db3d60fa436f385d1fcb0188577a76ff65c6ac,/home/yanbo/net_vlm_person_fallen_v2_optimization/05_p2_hard_negative_semantic_optimization/04_screening/C3/processed_448x336/IMG_003761.jpg,15289,False,unavailable,unavailable,unavailable,unavailable,unavailable
historical_raw_derived,SCREEN,P2_C3_SCREEN,21,P2_SCREEN_C3_20260826_231841_021,IMG_003792,SCREEN,,,,2026-08-26T15:19:13.140646+00:00,2026-08-26T15:19:14.775728+00:00,1.635082,1.5777788162231445,1.569569937,0.424702937,0.114010968,0.583476997,0.008208879223144505,0.27058554511547067,0.07263834844971295,0.371743229304729,598,73,True,stop,200,685bb9724b1faa96298c1e6cf8139774d82afbc9d2f30cdd154fbe5cb776951e,872e7210a216c9d496b7930f0b9cf4cef059012ab7c9c4aea23138f3dc8086fe,historical_omitted,89f0c6b751a3fc4538d934f18cbf75abc3b6719bcade4b0b531c203e44d721c3,/home/yanbo/net_vlm_person_fallen_v2_optimization/05_p2_hard_negative_semantic_optimization/04_screening/C3/processed_448x336/IMG_003792.jpg,19577,False,unavailable,unavailable,unavailable,unavailable,unavailable
historical_raw_derived,SCREEN,P2_C3_SCREEN,22,P2_SCREEN_C3_20260826_231841_022,IMG_003793,SCREEN,,,,2026-08-26T15:19:14.777010+00:00,2026-08-26T15:19:16.345423+00:00,1.568413,1.5133280754089355,1.505523769,0.447548014,0.12290873,0.423618044,0.00780430640893548,0.29727063977028445,0.08163851845503475,0.2813758591678535,598,53,True,stop,200,685bb9724b1faa96298c1e6cf8139774d82afbc9d2f30cdd154fbe5cb776951e,872e7210a216c9d496b7930f0b9cf4cef059012ab7c9c4aea23138f3dc8086fe,historical_omitted,3e4d7e5fe90a8a30bf63a219aa6473320f0776546f99aee49410053e6c32e758,/home/yanbo/net_vlm_person_fallen_v2_optimization/05_p2_hard_negative_semantic_optimization/04_screening/C3/processed_448x336/IMG_003793.jpg,16699,False,unavailable,unavailable,unavailable,unavailable,unavailable
historical_raw_derived,SCREEN,P2_C3_SCREEN,23,P2_SCREEN_C3_20260826_231841_023,IMG_003794,SCREEN,,,,2026-08-26T15:19:16.346329+00:00,2026-08-26T15:19:18.068296+00:00,1.721967,1.667855978012085,1.656818499,0.45876845,0.113346326,0.556339154,0.011037479012085072,0.2768972281978366,0.06841203551771786,0.33578762811725466,598,69,True,stop,200,685bb9724b1faa96298c1e6cf8139774d82afbc9d2f30cdd154fbe5cb776951e,872e7210a216c9d496b7930f0b9cf4cef059012ab7c9c4aea23138f3dc8086fe,historical_omitted,5fde9a687c2d7bab3e19ccc3071680f7ba5a21eaa665cb144f86ab38ab1ab627,/home/yanbo/net_vlm_person_fallen_v2_optimization/05_p2_hard_negative_semantic_optimization/04_screening/C3/processed_448x336/IMG_003794.jpg,12729,False,unavailable,unavailable,unavailable,unavailable,unavailable
historical_raw_derived,SCREEN,P2_C3_SCREEN,24,P2_SCREEN_C3_20260826_231841_024,IMG_003795,SCREEN,,,,2026-08-26T15:19:18.069217+00:00,2026-08-26T15:19:19.748989+00:00,1.679772,1.627145767211914,1.619348776,0.464114467,0.121021508,0.585889203,0.007796991211914017,0.2866056243587144,0.0747346771700033,0.3618054440669797,598,74,True,stop,200,685bb9724b1faa96298c1e6cf8139774d82afbc9d2f30cdd154fbe5cb776951e,872e7210a216c9d496b7930f0b9cf4cef059012ab7c9c4aea23138f3dc8086fe,historical_omitted,703e735086d99182053612c80c9c6ea191cce537dfeb1d2c61626e6efb394b1b,/home/yanbo/net_vlm_person_fallen_v2_optimization/05_p2_hard_negative_semantic_optimization/04_screening/C3/processed_448x336/IMG_003795.jpg,12610,False,unavailable,unavailable,unavailable,unavailable,unavailable
historical_raw_derived,SCREEN,P2_C3_SCREEN,25,P2_SCREEN_C3_20260826_231841_025,IMG_003796,SCREEN,,,,2026-08-26T15:19:19.750085+00:00,2026-08-26T15:19:21.446470+00:00,1.696385,1.632582187652588,1.624088425,0.428999705,0.127956828,0.54376062,0.008493762652587833,0.264147997360427,0.07878686038908256,0.33480973796115815,598,69,True,stop,200,685bb9724b1faa96298c1e6cf8139774d82afbc9d2f30cdd154fbe5cb776951e,872e7210a216c9d496b7930f0b9cf4cef059012ab7c9c4aea23138f3dc8086fe,historical_omitted,57174e902bab4a4d1477fdb6ec7ffa0c7a7458cf89db796153745afe4ffbb19c,/home/yanbo/net_vlm_person_fallen_v2_optimization/05_p2_hard_negative_semantic_optimization/04_screening/C3/processed_448x336/IMG_003796.jpg,12088,False,unavailable,unavailable,unavailable,unavailable,unavailable
historical_raw_derived,SCREEN,P2_C3_SCREEN,26,P2_SCREEN_C3_20260826_231841_026,IMG_003797,SCREEN,,,,2026-08-26T15:19:21.447496+00:00,2026-08-26T15:19:23.083660+00:00,1.636164,1.580758810043335,1.574633232,0.486641362,0.119868116,0.492714996,0.006125578043334912,0.3090506107138986,0.07612446731341435,0.31290778448399975,598,60,True,stop,200,685bb9724b1faa96298c1e6cf8139774d82afbc9d2f30cdd154fbe5cb776951e,872e7210a216c9d496b7930f0b9cf4cef059012ab7c9c4aea23138f3dc8086fe,historical_omitted,b9a1657ef4ebf2367368ce7885465511ce790a08431195cf4714d84018599f74,/home/yanbo/net_vlm_person_fallen_v2_optimization/05_p2_hard_negative_semantic_optimization/04_screening/C3/processed_448x336/IMG_003797.jpg,11397,False,unavailable,unavailable,unavailable,unavailable,unavailable
historical_raw_derived,SCREEN,P2_C3_SCREEN,27,P2_SCREEN_C3_20260826_231841_027,IMG_003798,SCREEN,,,,2026-08-26T15:19:23.084698+00:00,2026-08-26T15:19:24.843234+00:00,1.758536,1.705918550491333,1.698115296,0.402990474,0.142281965,0.583609502,0.0078032544913329005,0.2373163205992345,0.0837881652295063,0.34368072849630577,598,67,True,stop,200,685bb9724b1faa96298c1e6cf8139774d82afbc9d2f30cdd154fbe5cb776951e,872e7210a216c9d496b7930f0b9cf4cef059012ab7c9c4aea23138f3dc8086fe,historical_omitted,fd83f0b1328d4a65b2fd7492af0781dcc050a19361b41e7a19d46a9630fff142,/home/yanbo/net_vlm_person_fallen_v2_optimization/05_p2_hard_negative_semantic_optimization/04_screening/C3/processed_448x336/IMG_003798.jpg,16286,False,unavailable,unavailable,unavailable,unavailable,unavailable
historical_raw_derived,SCREEN,P2_C3_SCREEN,28,P2_SCREEN_C3_20260826_231841_028,IMG_003799,SCREEN,,,,2026-08-26T15:19:24.844185+00:00,2026-08-26T15:19:26.558861+00:00,1.714676,1.6616621017456055,1.653535138,0.505404549,0.116607269,0.466142865,0.008126963745605398,0.30565092775186004,0.07051998250308728,0.28190683964769786,598,53,True,stop,200,685bb9724b1faa96298c1e6cf8139774d82afbc9d2f30cdd154fbe5cb776951e,872e7210a216c9d496b7930f0b9cf4cef059012ab7c9c4aea23138f3dc8086fe,historical_omitted,1c9d75f4a8dfc096708c8977808fe92a4f8a9cca8ef2b3b140770ba7d4b5c60f,/home/yanbo/net_vlm_person_fallen_v2_optimization/05_p2_hard_negative_semantic_optimization/04_screening/C3/processed_448x336/IMG_003799.jpg,14761,False,unavailable,unavailable,unavailable,unavailable,unavailable
historical_raw_derived,SCREEN,P2_C3_SCREEN,29,P2_SCREEN_C3_20260826_231841_029,IMG_003800,SCREEN,,,,2026-08-26T15:19:26.559888+00:00,2026-08-26T15:19:28.238100+00:00,1.678212,1.6220557689666748,1.614149745,0.472044005,0.113044862,0.560771571,0.007906023966674836,0.29244127223153016,0.07003368947036571,0.34740988110740617,598,71,True,stop,200,685bb9724b1faa96298c1e6cf8139774d82afbc9d2f30cdd154fbe5cb776951e,872e7210a216c9d496b7930f0b9cf4cef059012ab7c9c4aea23138f3dc8086fe,historical_omitted,d687192e8099815b736d2f895e63bfa75411bb0b7585600eaa1dc22edd2978d4,/home/yanbo/net_vlm_person_fallen_v2_optimization/05_p2_hard_negative_semantic_optimization/04_screening/C3/processed_448x336/IMG_003800.jpg,20242,False,unavailable,unavailable,unavailable,unavailable,unavailable
historical_raw_derived,SCREEN,P2_C3_SCREEN,30,P2_SCREEN_C3_20260826_231841_030,IMG_003801,SCREEN,,,,2026-08-26T15:19:28.239032+00:00,2026-08-26T15:19:29.858137+00:00,1.619105,1.5625152587890625,1.55466341,0.42793749,0.124541273,0.540348478,0.007851848789062421,0.27526054015769236,0.08010819074979066,0.34756621563506146,598,67,True,stop,200,685bb9724b1faa96298c1e6cf8139774d82afbc9d2f30cdd154fbe5cb776951e,872e7210a216c9d496b7930f0b9cf4cef059012ab7c9c4aea23138f3dc8086fe,historical_omitted,4d7aa71171de2ca38a44896049251c1dbf4395c8907cb6e4cd169e9356424456,/home/yanbo/net_vlm_person_fallen_v2_optimization/05_p2_hard_negative_semantic_optimization/04_screening/C3/processed_448x336/IMG_003801.jpg,19161,False,unavailable,unavailable,unavailable,unavailable,unavailable
historical_raw_derived,SCREEN,P2_C3_SCREEN,31,P2_SCREEN_C3_20260826_231841_031,IMG_003802,SCREEN,,,,2026-08-26T15:19:29.859180+00:00,2026-08-26T15:19:31.590964+00:00,1.731784,1.6752805709838867,1.666623414,0.481174568,0.118935918,0.488805784,0.008657156983886694,0.2887122333443949,0.07136340279448396,0.29329108177283775,598,58,True,stop,200,685bb9724b1faa96298c1e6cf8139774d82afbc9d2f30cdd154fbe5cb776951e,872e7210a216c9d496b7930f0b9cf4cef059012ab7c9c4aea23138f3dc8086fe,historical_omitted,cac451940fc64ddced44b15628f08b7618922521d8da412d5deaedadf876a3a2,/home/yanbo/net_vlm_person_fallen_v2_optimization/05_p2_hard_negative_semantic_optimization/04_screening/C3/processed_448x336/IMG_003802.jpg,16280,False,unavailable,unavailable,unavailable,unavailable,unavailable
historical_raw_derived,SCREEN,P2_C3_SCREEN,32,P2_SCREEN_C3_20260826_231841_032,IMG_003803,SCREEN,,,,2026-08-26T15:19:31.592147+00:00,2026-08-26T15:19:33.137873+00:00,1.545726,1.4898240566253662,1.480567956,0.433462192,0.117557268,0.415403435,0.009256100625366193,0.29276750874108476,0.07940011636993716,0.2805703266213334,598,50,True,stop,200,685bb9724b1faa96298c1e6cf8139774d82afbc9d2f30cdd154fbe5cb776951e,872e7210a216c9d496b7930f0b9cf4cef059012ab7c9c4aea23138f3dc8086fe,historical_omitted,ef729088133e5ad62aad99296acd23ad386b3cdcfb2531a05fd42e3761149ea0,/home/yanbo/net_vlm_person_fallen_v2_optimization/05_p2_hard_negative_semantic_optimization/04_screening/C3/processed_448x336/IMG_003803.jpg,18306,False,unavailable,unavailable,unavailable,unavailable,unavailable
historical_raw_derived,SCREEN,P2_C3_SCREEN,33,P2_SCREEN_C3_20260826_231841_033,IMG_003804,SCREEN,,,,2026-08-26T15:19:33.138970+00:00,2026-08-26T15:19:34.898269+00:00,1.759299,1.7033727169036865,1.694228399,0.430285447,0.130973951,0.569792538,0.009144317903686527,0.25397133423921553,0.0773059589116237,0.3363138868031688,598,68,True,stop,200,685bb9724b1faa96298c1e6cf8139774d82afbc9d2f30cdd154fbe5cb776951e,872e7210a216c9d496b7930f0b9cf4cef059012ab7c9c4aea23138f3dc8086fe,historical_omitted,1db53aef77ba24f7d2cd4f78fe254555ec844ac3258796d8cd88825b7d1b0f1d,/home/yanbo/net_vlm_person_fallen_v2_optimization/05_p2_hard_negative_semantic_optimization/04_screening/C3/processed_448x336/IMG_003804.jpg,10812,False,unavailable,unavailable,unavailable,unavailable,unavailable
historical_raw_derived,SCREEN,P2_C3_SCREEN,34,P2_SCREEN_C3_20260826_231841_034,IMG_003805,SCREEN,,,,2026-08-26T15:19:34.899359+00:00,2026-08-26T15:19:36.482293+00:00,1.582934,1.527881145477295,1.520289563,0.450680861,0.11897208,0.424173258,0.007591582477294967,0.29644409326251486,0.07825619730311863,0.2790082023341497,598,50,True,stop,200,685bb9724b1faa96298c1e6cf8139774d82afbc9d2f30cdd154fbe5cb776951e,872e7210a216c9d496b7930f0b9cf4cef059012ab7c9c4aea23138f3dc8086fe,historical_omitted,4abbcee850e7c6b0ed6e043cae4a10892e5502f0705fd8bf2bce014ee8ad9c27,/home/yanbo/net_vlm_person_fallen_v2_optimization/05_p2_hard_negative_semantic_optimization/04_screening/C3/processed_448x336/IMG_003805.jpg,13129,False,unavailable,unavailable,unavailable,unavailable,unavailable
historical_raw_derived,SCREEN,P2_C3_SCREEN,35,P2_SCREEN_C3_20260826_231841_035,IMG_003806,SCREEN,,,,2026-08-26T15:19:36.483612+00:00,2026-08-26T15:19:38.141372+00:00,1.65776,1.6061127185821533,1.596850592,0.485085794,0.143253781,0.420837147,0.009262126582153307,0.3037765689728348,0.08971019688233925,0.2635419676132105,598,50,True,stop,200,685bb9724b1faa96298c1e6cf8139774d82afbc9d2f30cdd154fbe5cb776951e,872e7210a216c9d496b7930f0b9cf4cef059012ab7c9c4aea23138f3dc8086fe,historical_omitted,8820768b55dd9b07c8d0589459ca0a8e5ee5404ee710ad1930f0084083825031,/home/yanbo/net_vlm_person_fallen_v2_optimization/05_p2_hard_negative_semantic_optimization/04_screening/C3/processed_448x336/IMG_003806.jpg,14898,False,unavailable,unavailable,unavailable,unavailable,unavailable
historical_raw_derived,SCREEN,P2_C3_SCREEN,36,P2_SCREEN_C3_20260826_231841_036,IMG_003807,SCREEN,,,,2026-08-26T15:19:38.142371+00:00,2026-08-26T15:19:39.648282+00:00,1.505911,1.453228235244751,1.444309286,0.425979712,0.125434177,0.391400335,0.008918949244751007,0.29493662896798684,0.08684717201215862,0.2709948200111482,598,46,True,stop,200,685bb9724b1faa96298c1e6cf8139774d82afbc9d2f30cdd154fbe5cb776951e,872e7210a216c9d496b7930f0b9cf4cef059012ab7c9c4aea23138f3dc8086fe,historical_omitted,4e023daecd3b5953c668f2e9da36cc495d266016b85340172fac47ecd98715b1,/home/yanbo/net_vlm_person_fallen_v2_optimization/05_p2_hard_negative_semantic_optimization/04_screening/C3/processed_448x336/IMG_003807.jpg,15613,False,unavailable,unavailable,unavailable,unavailable,unavailable
historical_raw_derived,SCREEN,P2_C3_SCREEN,37,P2_SCREEN_C3_20260826_231841_037,IMG_003808,SCREEN,,,,2026-08-26T15:19:39.649246+00:00,2026-08-26T15:19:41.425289+00:00,1.776043,1.721208095550537,1.712511074,0.485078019,0.118399638,0.55477888,0.008697021550537087,0.2832554056815402,0.06913802765867545,0.3239563751866284,598,65,True,stop,200,685bb9724b1faa96298c1e6cf8139774d82afbc9d2f30cdd154fbe5cb776951e,872e7210a216c9d496b7930f0b9cf4cef059012ab7c9c4aea23138f3dc8086fe,historical_omitted,209808e39feff002661292876bd8f31539dcefb64653374cb63e4ede8437cf9e,/home/yanbo/net_vlm_person_fallen_v2_optimization/05_p2_hard_negative_semantic_optimization/04_screening/C3/processed_448x336/IMG_003808.jpg,18782,False,unavailable,unavailable,unavailable,unavailable,unavailable
historical_raw_derived,SCREEN,P2_C3_SCREEN,38,P2_SCREEN_C3_20260826_231841_038,IMG_003809,SCREEN,,,,2026-08-26T15:19:41.426517+00:00,2026-08-26T15:19:43.052481+00:00,1.625964,1.578415870666504,1.570452075,0.486045013,0.12178725,0.419245254,0.007963795666503959,0.3094936934003542,0.07754916685375451,0.2669583240863941,598,48,True,stop,200,685bb9724b1faa96298c1e6cf8139774d82afbc9d2f30cdd154fbe5cb776951e,872e7210a216c9d496b7930f0b9cf4cef059012ab7c9c4aea23138f3dc8086fe,historical_omitted,06415ce063427d056e000e1530439daae92a6f45181f587e1672d2585c20ad55,/home/yanbo/net_vlm_person_fallen_v2_optimization/05_p2_hard_negative_semantic_optimization/04_screening/C3/processed_448x336/IMG_003809.jpg,10915,False,unavailable,unavailable,unavailable,unavailable,unavailable
historical_raw_derived,SCREEN,P2_C3_SCREEN,39,P2_SCREEN_C3_20260826_231841_039,IMG_003810,SCREEN,,,,2026-08-26T15:19:43.053514+00:00,2026-08-26T15:19:44.796199+00:00,1.742685,1.6863014698028564,1.67837144,0.445040501,0.120805699,0.558023378,0.007930029802856398,0.2651621032111938,0.07197792819925487,0.3324790714980231,598,66,True,stop,200,685bb9724b1faa96298c1e6cf8139774d82afbc9d2f30cdd154fbe5cb776951e,872e7210a216c9d496b7930f0b9cf4cef059012ab7c9c4aea23138f3dc8086fe,historical_omitted,9bdccc82d49745c8bbacebf0606e6b4383e9e62829d105a7d8a6a4128f79ebaf,/home/yanbo/net_vlm_person_fallen_v2_optimization/05_p2_hard_negative_semantic_optimization/04_screening/C3/processed_448x336/IMG_003810.jpg,21462,False,unavailable,unavailable,unavailable,unavailable,unavailable
historical_raw_derived,SCREEN,P2_C3_SCREEN,40,P2_SCREEN_C3_20260826_231841_040,IMG_003811,SCREEN,,,,2026-08-26T15:19:44.797178+00:00,2026-08-26T15:19:46.380793+00:00,1.583615,1.528351068496704,1.521668498,0.421462435,0.120446809,0.398018715,0.006682570496704177,0.27697388462332484,0.07915443420055608,0.2615672963744302,598,45,True,stop,200,685bb9724b1faa96298c1e6cf8139774d82afbc9d2f30cdd154fbe5cb776951e,872e7210a216c9d496b7930f0b9cf4cef059012ab7c9c4aea23138f3dc8086fe,historical_omitted,d32e9013a0df3097fd0c3d9613f5fa347bbbea3c542225f88ff571cb61a42c38,/home/yanbo/net_vlm_person_fallen_v2_optimization/05_p2_hard_negative_semantic_optimization/04_screening/C3/processed_448x336/IMG_003811.jpg,17694,False,unavailable,unavailable,unavailable,unavailable,unavailable
historical_raw_derived,SCREEN,P2_C3_SCREEN,41,P2_SCREEN_C3_20260826_231841_041,IMG_003892,SCREEN,,,,2026-08-26T15:19:46.381834+00:00,2026-08-26T15:19:48.052206+00:00,1.670372,1.6154186725616455,1.608388612,0.441589988,0.120031255,0.509511288,0.007030060561645568,0.2745542866352998,0.07462826713921052,0.31678369530758654,598,59,True,stop,200,685bb9724b1faa96298c1e6cf8139774d82afbc9d2f30cdd154fbe5cb776951e,872e7210a216c9d496b7930f0b9cf4cef059012ab7c9c4aea23138f3dc8086fe,historical_omitted,84620ef986b653f83fe4161a06054c03b14bfde35ca3588d66b6dcdfeb104929,/home/yanbo/net_vlm_person_fallen_v2_optimization/05_p2_hard_negative_semantic_optimization/04_screening/C3/processed_448x336/IMG_003892.jpg,18827,False,unavailable,unavailable,unavailable,unavailable,unavailable
historical_raw_derived,SCREEN,P2_C3_SCREEN,42,P2_SCREEN_C3_20260826_231841_042,IMG_003893,SCREEN,,,,2026-08-26T15:19:48.053293+00:00,2026-08-26T15:19:49.872387+00:00,1.819094,1.7632982730865479,1.756059174,0.483598027,0.124565607,0.598001586,0.007239099086547851,0.2753882295996023,0.07093474345529087,0.34053612478095224,598,71,True,stop,200,685bb9724b1faa96298c1e6cf8139774d82afbc9d2f30cdd154fbe5cb776951e,872e7210a216c9d496b7930f0b9cf4cef059012ab7c9c4aea23138f3dc8086fe,historical_omitted,2a5c2d55fe21dcfb62d6193ee70d56c16a38f892c0ca6991f871e9220a1e4114,/home/yanbo/net_vlm_person_fallen_v2_optimization/05_p2_hard_negative_semantic_optimization/04_screening/C3/processed_448x336/IMG_003893.jpg,18264,False,unavailable,unavailable,unavailable,unavailable,unavailable
historical_raw_derived,SCREEN,P2_C3_SCREEN,43,P2_SCREEN_C3_20260826_231841_043,IMG_003894,SCREEN,,,,2026-08-26T15:19:49.873478+00:00,2026-08-26T15:19:51.526174+00:00,1.652696,1.5988962650299072,1.592691927,0.493439167,0.133822296,0.409483705,0.006204338029907275,0.3098145715659172,0.08402271257321442,0.25710163909181416,598,48,True,stop,200,685bb9724b1faa96298c1e6cf8139774d82afbc9d2f30cdd154fbe5cb776951e,872e7210a216c9d496b7930f0b9cf4cef059012ab7c9c4aea23138f3dc8086fe,historical_omitted,df7262d5f0764ffcdeac7c699684178eace0c41aa85f58c6b96a19726c2938a5,/home/yanbo/net_vlm_person_fallen_v2_optimization/05_p2_hard_negative_semantic_optimization/04_screening/C3/processed_448x336/IMG_003894.jpg,14871,False,unavailable,unavailable,unavailable,unavailable,unavailable
historical_raw_derived,SCREEN,P2_C3_SCREEN,44,P2_SCREEN_C3_20260826_231841_044,IMG_003895,SCREEN,,,,2026-08-26T15:19:51.527141+00:00,2026-08-26T15:19:53.034329+00:00,1.507188,1.4508576393127441,1.442795095,0.4409353,0.123804746,0.368890185,0.008062544312744224,0.3056118651415293,0.08580895958757054,0.2556774598682705,598,44,True,stop,200,685bb9724b1faa96298c1e6cf8139774d82afbc9d2f30cdd154fbe5cb776951e,872e7210a216c9d496b7930f0b9cf4cef059012ab7c9c4aea23138f3dc8086fe,historical_omitted,fc149aaea8829ea06f3ed12651debf67d1b41ee5405a8479d2855176ad1207f8,/home/yanbo/net_vlm_person_fallen_v2_optimization/05_p2_hard_negative_semantic_optimization/04_screening/C3/processed_448x336/IMG_003895.jpg,16074,False,unavailable,unavailable,unavailable,unavailable,unavailable
historical_raw_derived,SCREEN,P2_C3_SCREEN,45,P2_SCREEN_C3_20260826_231841_045,IMG_003896,SCREEN,,,,2026-08-26T15:19:53.035977+00:00,2026-08-26T15:19:54.652703+00:00,1.616726,1.5604257583618164,1.552402619,0.498235126,0.118927868,0.377818972,0.008023139361816423,0.3209445281153574,0.07660890708662223,0.24337692256882232,598,45,True,stop,200,685bb9724b1faa96298c1e6cf8139774d82afbc9d2f30cdd154fbe5cb776951e,872e7210a216c9d496b7930f0b9cf4cef059012ab7c9c4aea23138f3dc8086fe,historical_omitted,3ea5da470a7ca94ea0f92d87746573becb0e70b5d600f444a579417cca00be40,/home/yanbo/net_vlm_person_fallen_v2_optimization/05_p2_hard_negative_semantic_optimization/04_screening/C3/processed_448x336/IMG_003896.jpg,13170,False,unavailable,unavailable,unavailable,unavailable,unavailable
historical_raw_derived,SCREEN,P2_C3_SCREEN,46,P2_SCREEN_C3_20260826_231841_046,IMG_003897,SCREEN,,,,2026-08-26T15:19:54.653641+00:00,2026-08-26T15:19:56.235908+00:00,1.582267,1.5265066623687744,1.518259091,0.475357972,0.130376604,0.406544314,0.008247571368774409,0.31309410549085265,0.08587243427215546,0.2677700508496412,598,48,True,stop,200,685bb9724b1faa96298c1e6cf8139774d82afbc9d2f30cdd154fbe5cb776951e,872e7210a216c9d496b7930f0b9cf4cef059012ab7c9c4aea23138f3dc8086fe,historical_omitted,5236377d0e960a946da10b1df70dee4dedb6b1ee8dfab55782303b948b178395,/home/yanbo/net_vlm_person_fallen_v2_optimization/05_p2_hard_negative_semantic_optimization/04_screening/C3/processed_448x336/IMG_003897.jpg,15147,False,unavailable,unavailable,unavailable,unavailable,unavailable
historical_raw_derived,SCREEN,P2_C3_SCREEN,47,P2_SCREEN_C3_20260826_231841_047,IMG_003898,SCREEN,,,,2026-08-26T15:19:56.237023+00:00,2026-08-26T15:19:57.899315+00:00,1.662292,1.60699462890625,1.598429099,0.424586406,0.120807656,0.47139403,0.008565529906249925,0.2656273001196158,0.07557898944381017,0.2949108160599121,598,56,True,stop,200,685bb9724b1faa96298c1e6cf8139774d82afbc9d2f30cdd154fbe5cb776951e,872e7210a216c9d496b7930f0b9cf4cef059012ab7c9c4aea23138f3dc8086fe,historical_omitted,832f2687a61e8d82e1f5571fe27fb39531c55823e664a34cf284c8af48b2a9d0,/home/yanbo/net_vlm_person_fallen_v2_optimization/05_p2_hard_negative_semantic_optimization/04_screening/C3/processed_448x336/IMG_003898.jpg,16887,False,unavailable,unavailable,unavailable,unavailable,unavailable
historical_raw_derived,SCREEN,P2_C3_SCREEN,48,P2_SCREEN_C3_20260826_231841_048,IMG_003899,SCREEN,,,,2026-08-26T15:19:57.900422+00:00,2026-08-26T15:19:59.597633+00:00,1.697211,1.6456820964813232,1.637959713,0.479083096,0.127688606,0.452302727,0.007722383481323147,0.2924877163935472,0.07795588926062921,0.27613788264156164,598,53,True,stop,200,685bb9724b1faa96298c1e6cf8139774d82afbc9d2f30cdd154fbe5cb776951e,872e7210a216c9d496b7930f0b9cf4cef059012ab7c9c4aea23138f3dc8086fe,historical_omitted,e5272b7ba0585b8642824a52f893afc42fc446c0ea9e9b7b11ed2b6eb4615835,/home/yanbo/net_vlm_person_fallen_v2_optimization/05_p2_hard_negative_semantic_optimization/04_screening/C3/processed_448x336/IMG_003899.jpg,15064,False,unavailable,unavailable,unavailable,unavailable,unavailable
historical_raw_derived,SCREEN,P2_C3_SCREEN,49,P2_SCREEN_C3_20260826_231841_049,IMG_003900,SCREEN,,,,2026-08-26T15:19:59.598810+00:00,2026-08-26T15:20:01.122927+00:00,1.524117,1.4632618427276611,1.455455203,0.423249606,0.11739718,0.38100669,0.007806639727661047,0.29080222127592337,0.08066011221645274,0.26177836955384465,598,45,True,stop,200,685bb9724b1faa96298c1e6cf8139774d82afbc9d2f30cdd154fbe5cb776951e,872e7210a216c9d496b7930f0b9cf4cef059012ab7c9c4aea23138f3dc8086fe,historical_omitted,e12aa00ebca5ce986b5df9f5e39d562be46c2c28dec4a2f9fe6d3e9c9554a048,/home/yanbo/net_vlm_person_fallen_v2_optimization/05_p2_hard_negative_semantic_optimization/04_screening/C3/processed_448x336/IMG_003900.jpg,26692,False,unavailable,unavailable,unavailable,unavailable,unavailable
historical_raw_derived,SCREEN,P2_C3_SCREEN,50,P2_SCREEN_C3_20260826_231841_050,IMG_003901,SCREEN,,,,2026-08-26T15:20:01.123914+00:00,2026-08-26T15:20:02.701054+00:00,1.57714,1.520216941833496,1.511757423,0.477928687,0.118493994,0.364608006,0.00845951883349616,0.31614112140529577,0.0783816187684762,0.2411815549590326,598,43,True,stop,200,685bb9724b1faa96298c1e6cf8139774d82afbc9d2f30cdd154fbe5cb776951e,872e7210a216c9d496b7930f0b9cf4cef059012ab7c9c4aea23138f3dc8086fe,historical_omitted,350be842f28a57c01d24f1ba08b664e57ee67df4d22eb4d566fb272af8819347,/home/yanbo/net_vlm_person_fallen_v2_optimization/05_p2_hard_negative_semantic_optimization/04_screening/C3/processed_448x336/IMG_003901.jpg,17037,False,unavailable,unavailable,unavailable,unavailable,unavailable
historical_raw_derived,SCREEN,P2_C3_SCREEN,51,P2_SCREEN_C3_20260826_231841_051,IMG_003902,SCREEN,,,,2026-08-26T15:20:02.702670+00:00,2026-08-26T15:20:04.431891+00:00,1.729221,1.6715104579925537,1.663153646,0.475794748,0.122756437,0.493411301,0.00835681199255367,0.28607985145829395,0.07380943865002355,0.29667210975166874,598,58,True,stop,200,685bb9724b1faa96298c1e6cf8139774d82afbc9d2f30cdd154fbe5cb776951e,872e7210a216c9d496b7930f0b9cf4cef059012ab7c9c4aea23138f3dc8086fe,historical_omitted,134dfe24ba4a545900acbfdb83b4a62b70449aaadd890b1c75651779c8f2e888,/home/yanbo/net_vlm_person_fallen_v2_optimization/05_p2_hard_negative_semantic_optimization/04_screening/C3/processed_448x336/IMG_003902.jpg,17783,False,unavailable,unavailable,unavailable,unavailable,unavailable
historical_raw_derived,SCREEN,P2_C3_SCREEN,52,P2_SCREEN_C3_20260826_231841_052,IMG_003903,SCREEN,,,,2026-08-26T15:20:04.432854+00:00,2026-08-26T15:20:06.290161+00:00,1.857307,1.801041841506958,1.793504241,0.448895328,0.146569722,0.608270983,0.007537600506958064,0.2502895269150356,0.08172253995801955,0.3391522412352077,598,72,True,stop,200,685bb9724b1faa96298c1e6cf8139774d82afbc9d2f30cdd154fbe5cb776951e,872e7210a216c9d496b7930f0b9cf4cef059012ab7c9c4aea23138f3dc8086fe,historical_omitted,965a36ac17f63bff6182aea6c810412c18e5e0b5a8edd978ef54aa65f471699a,/home/yanbo/net_vlm_person_fallen_v2_optimization/05_p2_hard_negative_semantic_optimization/04_screening/C3/processed_448x336/IMG_003903.jpg,17046,False,unavailable,unavailable,unavailable,unavailable,unavailable
historical_raw_derived,SCREEN,P2_C3_SCREEN,53,P2_SCREEN_C3_20260826_231841_053,IMG_003904,SCREEN,,,,2026-08-26T15:20:06.291214+00:00,2026-08-26T15:20:07.947526+00:00,1.656312,1.597893476486206,1.589760678,0.520834357,0.119984628,0.471583591,0.008132798486206072,0.3276180900733035,0.07547339021553029,0.2966381025308012,598,55,True,stop,200,685bb9724b1faa96298c1e6cf8139774d82afbc9d2f30cdd154fbe5cb776951e,872e7210a216c9d496b7930f0b9cf4cef059012ab7c9c4aea23138f3dc8086fe,historical_omitted,b0def42df09f987a7c46fd51ecb0ffb1a9d3017e809f2dcb08e60c5ec55a7c0f,/home/yanbo/net_vlm_person_fallen_v2_optimization/05_p2_hard_negative_semantic_optimization/04_screening/C3/processed_448x336/IMG_003904.jpg,13450,False,unavailable,unavailable,unavailable,unavailable,unavailable
historical_raw_derived,SCREEN,P2_C3_SCREEN,54,P2_SCREEN_C3_20260826_231841_054,IMG_003905,SCREEN,,,,2026-08-26T15:20:07.948691+00:00,2026-08-26T15:20:09.558748+00:00,1.610057,1.5540878772735596,1.545863734,0.482947711,0.118470339,0.41340366,0.00822414327355947,0.31241286044685745,0.07663698707353205,0.26742567983679727,598,49,True,stop,200,685bb9724b1faa96298c1e6cf8139774d82afbc9d2f30cdd154fbe5cb776951e,872e7210a216c9d496b7930f0b9cf4cef059012ab7c9c4aea23138f3dc8086fe,historical_omitted,aca00613e4666301061ddffe9cd1b2f87f0ac0326ec85e74625925198bfd7117,/home/yanbo/net_vlm_person_fallen_v2_optimization/05_p2_hard_negative_semantic_optimization/04_screening/C3/processed_448x336/IMG_003905.jpg,14482,False,unavailable,unavailable,unavailable,unavailable,unavailable
historical_raw_derived,SCREEN,P2_C3_SCREEN,55,P2_SCREEN_C3_20260826_231841_055,IMG_003906,SCREEN,,,,2026-08-26T15:20:09.559646+00:00,2026-08-26T15:20:11.116018+00:00,1.556372,1.5046484470367432,1.496424988,0.441785832,0.135173235,0.412827318,0.008223459036743153,0.29522751594148067,0.09033077907945226,0.2758757180015762,598,49,True,stop,200,685bb9724b1faa96298c1e6cf8139774d82afbc9d2f30cdd154fbe5cb776951e,872e7210a216c9d496b7930f0b9cf4cef059012ab7c9c4aea23138f3dc8086fe,historical_omitted,decbb91e43f7888ab015c46a93a6681e9ed58d0513898f92b2566cf9f62b736b,/home/yanbo/net_vlm_person_fallen_v2_optimization/05_p2_hard_negative_semantic_optimization/04_screening/C3/processed_448x336/IMG_003906.jpg,15248,False,unavailable,unavailable,unavailable,unavailable,unavailable
historical_raw_derived,SCREEN,P2_C3_SCREEN,56,P2_SCREEN_C3_20260826_231841_056,IMG_003907,SCREEN,,,,2026-08-26T15:20:11.117110+00:00,2026-08-26T15:20:12.888165+00:00,1.771055,1.7147486209869385,1.70645684,0.486182428,0.122434723,0.559147202,0.008291780986938502,0.28490754445333644,0.07174791657783738,0.327665598621293,598,66,True,stop,200,685bb9724b1faa96298c1e6cf8139774d82afbc9d2f30cdd154fbe5cb776951e,872e7210a216c9d496b7930f0b9cf4cef059012ab7c9c4aea23138f3dc8086fe,historical_omitted,918bcd9792f6b32b77c3d03234683d235158ee718233c5e8848c6c07f9d3136f,/home/yanbo/net_vlm_person_fallen_v2_optimization/05_p2_hard_negative_semantic_optimization/04_screening/C3/processed_448x336/IMG_003907.jpg,15662,False,unavailable,unavailable,unavailable,unavailable,unavailable
historical_raw_derived,SCREEN,P2_C3_SCREEN,57,P2_SCREEN_C3_20260826_231841_057,IMG_003908,SCREEN,,,,2026-08-26T15:20:12.889098+00:00,2026-08-26T15:20:14.692457+00:00,1.803359,1.7481069564819336,1.740261407,0.507011044,0.119460371,0.556827329,0.007845549481933611,0.2913418880408465,0.06864507281462687,0.3199676363333845,598,66,True,stop,200,685bb9724b1faa96298c1e6cf8139774d82afbc9d2f30cdd154fbe5cb776951e,872e7210a216c9d496b7930f0b9cf4cef059012ab7c9c4aea23138f3dc8086fe,historical_omitted,70840adc6065155f16f6ee3bea719f65bf73e3ef9ae255e1e6150dba45ac2f84,/home/yanbo/net_vlm_person_fallen_v2_optimization/05_p2_hard_negative_semantic_optimization/04_screening/C3/processed_448x336/IMG_003908.jpg,17968,False,unavailable,unavailable,unavailable,unavailable,unavailable
historical_raw_derived,SCREEN,P2_C3_SCREEN,58,P2_SCREEN_C3_20260826_231841_058,IMG_003909,SCREEN,,,,2026-08-26T15:20:14.693426+00:00,2026-08-26T15:20:16.287388+00:00,1.593962,1.5406131744384766,1.532599172,0.435257477,0.119765893,0.397673549,0.008014002438476497,0.28399955118858694,0.0781456072716709,0.2594765521640253,598,49,True,stop,200,685bb9724b1faa96298c1e6cf8139774d82afbc9d2f30cdd154fbe5cb776951e,872e7210a216c9d496b7930f0b9cf4cef059012ab7c9c4aea23138f3dc8086fe,historical_omitted,d54811000d65c588d8507882501b378d11f35a8e4bd81d24bdf06c37b63a7c9f,/home/yanbo/net_vlm_person_fallen_v2_optimization/05_p2_hard_negative_semantic_optimization/04_screening/C3/processed_448x336/IMG_003909.jpg,15382,False,unavailable,unavailable,unavailable,unavailable,unavailable
historical_raw_derived,SCREEN,P2_C3_SCREEN,59,P2_SCREEN_C3_20260826_231841_059,IMG_003910,SCREEN,,,,2026-08-26T15:20:16.288708+00:00,2026-08-26T15:20:17.750048+00:00,1.46134,1.4088823795318604,1.400362617,0.484610804,0.124658323,0.383898184,0.008519762531860264,0.346060940300008,0.08901860238675594,0.2741419824691021,598,50,True,stop,200,685bb9724b1faa96298c1e6cf8139774d82afbc9d2f30cdd154fbe5cb776951e,872e7210a216c9d496b7930f0b9cf4cef059012ab7c9c4aea23138f3dc8086fe,historical_omitted,321f3a35a48e0a9f07f6f244168a419b8af6fa0e74498afebb4b61b11e640241,/home/yanbo/net_vlm_person_fallen_v2_optimization/05_p2_hard_negative_semantic_optimization/04_screening/C3/processed_448x336/IMG_003910.jpg,17379,False,unavailable,unavailable,unavailable,unavailable,unavailable
historical_raw_derived,SCREEN,P2_C3_SCREEN,60,P2_SCREEN_C3_20260826_231841_060,IMG_003911,SCREEN,,,,2026-08-26T15:20:17.750992+00:00,2026-08-26T15:20:19.248482+00:00,1.49749,1.4432902336120605,1.437496332,0.414419194,0.113380799,0.407858218,0.005793901612060504,0.2882923488391899,0.0788738005628525,0.2837281799756272,598,50,True,stop,200,685bb9724b1faa96298c1e6cf8139774d82afbc9d2f30cdd154fbe5cb776951e,872e7210a216c9d496b7930f0b9cf4cef059012ab7c9c4aea23138f3dc8086fe,historical_omitted,d2415691cfd3ce59b490d558f1a3b1d4609756643ae69e8afac57b35b82a93d7,/home/yanbo/net_vlm_person_fallen_v2_optimization/05_p2_hard_negative_semantic_optimization/04_screening/C3/processed_448x336/IMG_003911.jpg,18148,False,unavailable,unavailable,unavailable,unavailable,unavailable
historical_raw_derived,SCREEN,P2_C3_SCREEN,61,P2_SCREEN_C3_20260826_231841_061,IMG_003982,SCREEN,,,,2026-08-26T15:20:19.249539+00:00,2026-08-26T15:20:20.952104+00:00,1.702565,1.6444287300109863,1.635830178,0.466526178,0.125893466,0.565772729,0.00859855201098636,0.285192304356669,0.07695998502357988,0.3458627531200858,598,71,True,stop,200,685bb9724b1faa96298c1e6cf8139774d82afbc9d2f30cdd154fbe5cb776951e,872e7210a216c9d496b7930f0b9cf4cef059012ab7c9c4aea23138f3dc8086fe,historical_omitted,3f8831314ec9403dafb006291009877fe8a2d85b9930710f92a6048b23d50c70,/home/yanbo/net_vlm_person_fallen_v2_optimization/05_p2_hard_negative_semantic_optimization/04_screening/C3/processed_448x336/IMG_003982.jpg,17726,False,unavailable,unavailable,unavailable,unavailable,unavailable
historical_raw_derived,SCREEN,P2_C3_SCREEN,62,P2_SCREEN_C3_20260826_231841_062,IMG_003983,SCREEN,,,,2026-08-26T15:20:20.953146+00:00,2026-08-26T15:20:22.691844+00:00,1.738698,1.6839699745178223,1.676269504,0.480248606,0.113943655,0.537472788,0.0077004705178223,0.28649844482286785,0.0679745439072308,0.32063626207925094,598,65,True,stop,200,685bb9724b1faa96298c1e6cf8139774d82afbc9d2f30cdd154fbe5cb776951e,872e7210a216c9d496b7930f0b9cf4cef059012ab7c9c4aea23138f3dc8086fe,historical_omitted,0efbb9f5706f84c5382a0ba30bec46d35ed7b875072c5dbea115139e58a47d8a,/home/yanbo/net_vlm_person_fallen_v2_optimization/05_p2_hard_negative_semantic_optimization/04_screening/C3/processed_448x336/IMG_003983.jpg,14410,False,unavailable,unavailable,unavailable,unavailable,unavailable
historical_raw_derived,SCREEN,P2_C3_SCREEN,63,P2_SCREEN_C3_20260826_231841_063,IMG_003984,SCREEN,,,,2026-08-26T15:20:22.692686+00:00,2026-08-26T15:20:24.420740+00:00,1.728054,1.6715941429138184,1.663869858,0.415114666,0.114151356,0.638429255,0.00772428491381838,0.2494874608155802,0.06860594021290335,0.3837014367021486,598,78,True,stop,200,685bb9724b1faa96298c1e6cf8139774d82afbc9d2f30cdd154fbe5cb776951e,872e7210a216c9d496b7930f0b9cf4cef059012ab7c9c4aea23138f3dc8086fe,historical_omitted,00226efe88ae972b085592e830ecd461400e627e3f30514aa0bc5174fefc707d,/home/yanbo/net_vlm_person_fallen_v2_optimization/05_p2_hard_negative_semantic_optimization/04_screening/C3/processed_448x336/IMG_003984.jpg,12820,False,unavailable,unavailable,unavailable,unavailable,unavailable
historical_raw_derived,SCREEN,P2_C3_SCREEN,64,P2_SCREEN_C3_20260826_231841_064,IMG_003985,SCREEN,,,,2026-08-26T15:20:24.421637+00:00,2026-08-26T15:20:26.081307+00:00,1.65967,1.6036415100097656,1.596272624,0.513358428,0.122784264,0.445998,0.007368886009765596,0.3215982159197889,0.0769193571035019,0.27939964220046665,598,55,True,stop,200,685bb9724b1faa96298c1e6cf8139774d82afbc9d2f30cdd154fbe5cb776951e,872e7210a216c9d496b7930f0b9cf4cef059012ab7c9c4aea23138f3dc8086fe,historical_omitted,b2c04a5ef00e87142592beb2ab5dade093473c24353132baa4f9fa651be1a6a4,/home/yanbo/net_vlm_person_fallen_v2_optimization/05_p2_hard_negative_semantic_optimization/04_screening/C3/processed_448x336/IMG_003985.jpg,18066,False,unavailable,unavailable,unavailable,unavailable,unavailable
historical_raw_derived,SCREEN,P2_C3_SCREEN,65,P2_SCREEN_C3_20260826_231841_065,IMG_003986,SCREEN,,,,2026-08-26T15:20:26.082203+00:00,2026-08-26T15:20:27.760957+00:00,1.678754,1.623734712600708,1.616086086,0.421473177,0.130009855,0.552709465,0.007648626600708086,0.26079871651094705,0.08044735743118081,0.34200496482710263,598,70,True,stop,200,685bb9724b1faa96298c1e6cf8139774d82afbc9d2f30cdd154fbe5cb776951e,872e7210a216c9d496b7930f0b9cf4cef059012ab7c9c4aea23138f3dc8086fe,historical_omitted,5c47f738bf7bbfe499cb85f5b8ab7601c3229c4405845c536d6e814c64dc6c79,/home/yanbo/net_vlm_person_fallen_v2_optimization/05_p2_hard_negative_semantic_optimization/04_screening/C3/processed_448x336/IMG_003986.jpg,12986,False,unavailable,unavailable,unavailable,unavailable,unavailable
historical_raw_derived,SCREEN,P2_C3_SCREEN,66,P2_SCREEN_C3_20260826_231841_066,IMG_003987,SCREEN,,,,2026-08-26T15:20:27.761927+00:00,2026-08-26T15:20:29.351387+00:00,1.58946,1.5354185104370117,1.527943371,0.460706227,0.112625448,0.41097151,0.007475139437011613,0.3015204854735418,0.07371048570097824,0.26897038057832573,598,50,True,stop,200,685bb9724b1faa96298c1e6cf8139774d82afbc9d2f30cdd154fbe5cb776951e,872e7210a216c9d496b7930f0b9cf4cef059012ab7c9c4aea23138f3dc8086fe,historical_omitted,9dc8c1e15e4e31d1c22d5a868a207d56530752c6902fa9c678d824ba7a6e8bb6,/home/yanbo/net_vlm_person_fallen_v2_optimization/05_p2_hard_negative_semantic_optimization/04_screening/C3/processed_448x336/IMG_003987.jpg,15951,False,unavailable,unavailable,unavailable,unavailable,unavailable
historical_raw_derived,SCREEN,P2_C3_SCREEN,67,P2_SCREEN_C3_20260826_231841_067,IMG_003988,SCREEN,,,,2026-08-26T15:20:29.352295+00:00,2026-08-26T15:20:30.882682+00:00,1.530387,1.4799981117248535,1.472461112,0.445587553,0.114270002,0.4251758,0.007536999724853555,0.3026141399379789,0.07760476733052085,0.288751802363389,598,54,True,stop,200,685bb9724b1faa96298c1e6cf8139774d82afbc9d2f30cdd154fbe5cb776951e,872e7210a216c9d496b7930f0b9cf4cef059012ab7c9c4aea23138f3dc8086fe,historical_omitted,2d18f5d7a8e1fb5d146ba1167c7a02d08ea63e72f6c3dacfcce8997cd19695b2,/home/yanbo/net_vlm_person_fallen_v2_optimization/05_p2_hard_negative_semantic_optimization/04_screening/C3/processed_448x336/IMG_003988.jpg,14127,False,unavailable,unavailable,unavailable,unavailable,unavailable
historical_raw_derived,SCREEN,P2_C3_SCREEN,68,P2_SCREEN_C3_20260826_231841_068,IMG_003989,SCREEN,,,,2026-08-26T15:20:30.883534+00:00,2026-08-26T15:20:32.592267+00:00,1.708733,1.6587121486663818,1.650857441,0.416281414,0.130307408,0.556594796,0.007854707666381744,0.2521607279110904,0.07893316816082364,0.33715497303198083,598,66,True,stop,200,685bb9724b1faa96298c1e6cf8139774d82afbc9d2f30cdd154fbe5cb776951e,872e7210a216c9d496b7930f0b9cf4cef059012ab7c9c4aea23138f3dc8086fe,historical_omitted,abc8eeef34ef97fc9ac4511ae695e911ec950c384ff3a959cf1a05e24955588e,/home/yanbo/net_vlm_person_fallen_v2_optimization/05_p2_hard_negative_semantic_optimization/04_screening/C3/processed_448x336/IMG_003989.jpg,11479,False,unavailable,unavailable,unavailable,unavailable,unavailable
historical_raw_derived,SCREEN,P2_C3_SCREEN,69,P2_SCREEN_C3_20260826_231841_069,IMG_003990,SCREEN,,,,2026-08-26T15:20:32.593301+00:00,2026-08-26T15:20:34.351148+00:00,1.757847,1.7082090377807617,1.699983952,0.477510184,0.122263099,0.545380793,0.008225085780761754,0.2808909951404059,0.07192014892620587,0.3208152596725219,598,63,True,stop,200,685bb9724b1faa96298c1e6cf8139774d82afbc9d2f30cdd154fbe5cb776951e,872e7210a216c9d496b7930f0b9cf4cef059012ab7c9c4aea23138f3dc8086fe,historical_omitted,4791a565447bec69f60b175570fb4bdb5efc1dde5d2474f50073b03398cd012e,/home/yanbo/net_vlm_person_fallen_v2_optimization/05_p2_hard_negative_semantic_optimization/04_screening/C3/processed_448x336/IMG_003990.jpg,19931,False,unavailable,unavailable,unavailable,unavailable,unavailable
historical_raw_derived,SCREEN,P2_C3_SCREEN,70,P2_SCREEN_C3_20260826_231841_070,IMG_003991,SCREEN,,,,2026-08-26T15:20:34.352374+00:00,2026-08-26T15:20:35.946559+00:00,1.594185,1.54002046585083,1.531037578,0.458940181,0.11356101,0.383139267,0.008982887850830013,0.29975762031883973,0.07417258180452053,0.2502481144195665,598,47,True,stop,200,685bb9724b1faa96298c1e6cf8139774d82afbc9d2f30cdd154fbe5cb776951e,872e7210a216c9d496b7930f0b9cf4cef059012ab7c9c4aea23138f3dc8086fe,historical_omitted,38ce6cfd624925a391aacf8d6c267d8413b097d6ec4ded21c7df9f4bff2cfeff,/home/yanbo/net_vlm_person_fallen_v2_optimization/05_p2_hard_negative_semantic_optimization/04_screening/C3/processed_448x336/IMG_003991.jpg,14178,False,unavailable,unavailable,unavailable,unavailable,unavailable
historical_raw_derived,SCREEN,P2_C3_SCREEN,71,P2_SCREEN_C3_20260826_231841_071,IMG_003992,SCREEN,,,,2026-08-26T15:20:35.947620+00:00,2026-08-26T15:20:37.474038+00:00,1.526418,1.4721765518188477,1.464544942,0.443838032,0.121902256,0.438151959,0.0076316098188475845,0.3030552489525446,0.08323558567859914,0.29917276447771857,598,54,True,stop,200,685bb9724b1faa96298c1e6cf8139774d82afbc9d2f30cdd154fbe5cb776951e,872e7210a216c9d496b7930f0b9cf4cef059012ab7c9c4aea23138f3dc8086fe,historical_omitted,b4de656feff104baf2db6ddaddd657dbf850a940b31683a66e179b52e650ffba,/home/yanbo/net_vlm_person_fallen_v2_optimization/05_p2_hard_negative_semantic_optimization/04_screening/C3/processed_448x336/IMG_003992.jpg,17180,False,unavailable,unavailable,unavailable,unavailable,unavailable
historical_raw_derived,SCREEN,P2_C3_SCREEN,72,P2_SCREEN_C3_20260826_231841_072,IMG_003993,SCREEN,,,,2026-08-26T15:20:37.475056+00:00,2026-08-26T15:20:39.087049+00:00,1.611993,1.5548431873321533,1.5469289,0.460095626,0.136411418,0.442341565,0.00791428733215338,0.29742519258642075,0.08818208645529862,0.2859482197274872,598,55,True,stop,200,685bb9724b1faa96298c1e6cf8139774d82afbc9d2f30cdd154fbe5cb776951e,872e7210a216c9d496b7930f0b9cf4cef059012ab7c9c4aea23138f3dc8086fe,historical_omitted,9bf58dce8362de316637a40ce17ef8cf5a4a65455b6bb9bdc22a40bb860abee4,/home/yanbo/net_vlm_person_fallen_v2_optimization/05_p2_hard_negative_semantic_optimization/04_screening/C3/processed_448x336/IMG_003993.jpg,16160,False,unavailable,unavailable,unavailable,unavailable,unavailable
historical_raw_derived,SCREEN,P2_C3_SCREEN,73,P2_SCREEN_C3_20260826_231841_073,IMG_003994,SCREEN,,,,2026-08-26T15:20:39.087953+00:00,2026-08-26T15:20:40.724714+00:00,1.636761,1.5810661315917969,1.572493757,0.434496881,0.115876694,0.464085217,0.008572374591796939,0.2763107192418571,0.07368976409869461,0.29512690586790036,598,56,True,stop,200,685bb9724b1faa96298c1e6cf8139774d82afbc9d2f30cdd154fbe5cb776951e,872e7210a216c9d496b7930f0b9cf4cef059012ab7c9c4aea23138f3dc8086fe,historical_omitted,560f13e4a70db0d94d90f60f41b9d100fbae87b7b0cd3a69bd00a4515b4dfb52,/home/yanbo/net_vlm_person_fallen_v2_optimization/05_p2_hard_negative_semantic_optimization/04_screening/C3/processed_448x336/IMG_003994.jpg,17048,False,unavailable,unavailable,unavailable,unavailable,unavailable
historical_raw_derived,SCREEN,P2_C3_SCREEN,74,P2_SCREEN_C3_20260826_231841_074,IMG_003995,SCREEN,,,,2026-08-26T15:20:40.725704+00:00,2026-08-26T15:20:42.439975+00:00,1.714271,1.662635087966919,1.65401587,0.452743969,0.132785021,0.535129726,0.00861921796691889,0.2737240779920691,0.08028037905101841,0.32353361035163464,598,65,True,stop,200,685bb9724b1faa96298c1e6cf8139774d82afbc9d2f30cdd154fbe5cb776951e,872e7210a216c9d496b7930f0b9cf4cef059012ab7c9c4aea23138f3dc8086fe,historical_omitted,5d32e551633bc5f3cbccce2413e955e88ff6bb590eb8acf1a89ec25d9e39aa59,/home/yanbo/net_vlm_person_fallen_v2_optimization/05_p2_hard_negative_semantic_optimization/04_screening/C3/processed_448x336/IMG_003995.jpg,11285,False,unavailable,unavailable,unavailable,unavailable,unavailable
historical_raw_derived,SCREEN,P2_C3_SCREEN,75,P2_SCREEN_C3_20260826_231841_075,IMG_003996,SCREEN,,,,2026-08-26T15:20:42.441240+00:00,2026-08-26T15:20:44.290458+00:00,1.849218,1.7920386791229248,1.78373738,0.447882886,0.118781185,0.635161057,0.008301299122924766,0.2510923923116978,0.06659118451618702,0.3560844012810899,598,73,True,stop,200,685bb9724b1faa96298c1e6cf8139774d82afbc9d2f30cdd154fbe5cb776951e,872e7210a216c9d496b7930f0b9cf4cef059012ab7c9c4aea23138f3dc8086fe,historical_omitted,72e402106d3615e66ed2debf52639aef09664d5d70fdb8cc36336a6dee349d22,/home/yanbo/net_vlm_person_fallen_v2_optimization/05_p2_hard_negative_semantic_optimization/04_screening/C3/processed_448x336/IMG_003996.jpg,11900,False,unavailable,unavailable,unavailable,unavailable,unavailable
historical_raw_derived,SCREEN,P2_C3_SCREEN,76,P2_SCREEN_C3_20260826_231841_076,IMG_003997,SCREEN,,,,2026-08-26T15:20:44.291316+00:00,2026-08-26T15:20:46.201119+00:00,1.909803,1.8576602935791016,1.848950026,0.488601207,0.119482808,0.77017037,0.008710267579101538,0.26425874151776557,0.0646219780523154,0.4165447195272113,598,92,True,stop,200,685bb9724b1faa96298c1e6cf8139774d82afbc9d2f30cdd154fbe5cb776951e,872e7210a216c9d496b7930f0b9cf4cef059012ab7c9c4aea23138f3dc8086fe,historical_omitted,2e9ea4788510caf75d1b8e17db7a510b0a68ad2f97d75835a51c421dc1865380,/home/yanbo/net_vlm_person_fallen_v2_optimization/05_p2_hard_negative_semantic_optimization/04_screening/C3/processed_448x336/IMG_003997.jpg,12688,False,unavailable,unavailable,unavailable,unavailable,unavailable
historical_raw_derived,SCREEN,P2_C3_SCREEN,77,P2_SCREEN_C3_20260826_231841_077,IMG_003998,SCREEN,,,,2026-08-26T15:20:46.202569+00:00,2026-08-26T15:20:47.908107+00:00,1.705538,1.6539688110351562,1.643145551,0.516269374,0.124095753,0.463374283,0.010823260035156324,0.3141957653634544,0.07552328698116653,0.28200440473334554,598,54,True,stop,200,685bb9724b1faa96298c1e6cf8139774d82afbc9d2f30cdd154fbe5cb776951e,872e7210a216c9d496b7930f0b9cf4cef059012ab7c9c4aea23138f3dc8086fe,historical_omitted,03f04df8719f4f00db8f20614cc8b2dac09a6f1fdd4e26ec246375a43cce72f9,/home/yanbo/net_vlm_person_fallen_v2_optimization/05_p2_hard_negative_semantic_optimization/04_screening/C3/processed_448x336/IMG_003998.jpg,14664,False,unavailable,unavailable,unavailable,unavailable,unavailable
historical_raw_derived,SCREEN,P2_C3_SCREEN,78,P2_SCREEN_C3_20260826_231841_078,IMG_003999,SCREEN,,,,2026-08-26T15:20:47.909237+00:00,2026-08-26T15:20:49.956100+00:00,2.046863,1.992321491241455,1.983871098,0.4317355,0.131301131,0.813112733,0.008450393241455023,0.21762275806893175,0.06618430558939468,0.40986167590209027,598,95,True,stop,200,685bb9724b1faa96298c1e6cf8139774d82afbc9d2f30cdd154fbe5cb776951e,872e7210a216c9d496b7930f0b9cf4cef059012ab7c9c4aea23138f3dc8086fe,historical_omitted,6881ae0e92af78ee265a345ee5b2601e4ce3545a239f37f0fc65e19cdbce3046,/home/yanbo/net_vlm_person_fallen_v2_optimization/05_p2_hard_negative_semantic_optimization/04_screening/C3/processed_448x336/IMG_003999.jpg,15814,False,unavailable,unavailable,unavailable,unavailable,unavailable
historical_raw_derived,SCREEN,P2_C3_SCREEN,79,P2_SCREEN_C3_20260826_231841_079,IMG_004000,SCREEN,,,,2026-08-26T15:20:49.957167+00:00,2026-08-26T15:20:51.751932+00:00,1.794765,1.7391061782836914,1.730901962,0.471738123,0.132933594,0.562367997,0.008204216283691501,0.27253890362162525,0.07680018679186175,0.3248988153842072,598,67,True,stop,200,685bb9724b1faa96298c1e6cf8139774d82afbc9d2f30cdd154fbe5cb776951e,872e7210a216c9d496b7930f0b9cf4cef059012ab7c9c4aea23138f3dc8086fe,historical_omitted,b874a600936c52aeddb2d3a93719f0fe02937076b115354fa5d3417153f9027f,/home/yanbo/net_vlm_person_fallen_v2_optimization/05_p2_hard_negative_semantic_optimization/04_screening/C3/processed_448x336/IMG_004000.jpg,19239,False,unavailable,unavailable,unavailable,unavailable,unavailable
historical_raw_derived,SCREEN,P2_C3_SCREEN,80,P2_SCREEN_C3_20260826_231841_080,IMG_004001,SCREEN,,,,2026-08-26T15:20:51.753202+00:00,2026-08-26T15:20:53.340944+00:00,1.587742,1.534219741821289,1.525692261,0.445694354,0.129552368,0.424860644,0.008527480821288957,0.29212598463852335,0.08491382653739502,0.2784707341449902,598,50,True,stop,200,685bb9724b1faa96298c1e6cf8139774d82afbc9d2f30cdd154fbe5cb776951e,872e7210a216c9d496b7930f0b9cf4cef059012ab7c9c4aea23138f3dc8086fe,historical_omitted,5bac427ba05af7d58237cbf9d1d3606a4615caa7c3c7a8e01d301442ce4c7f63,/home/yanbo/net_vlm_person_fallen_v2_optimization/05_p2_hard_negative_semantic_optimization/04_screening/C3/processed_448x336/IMG_004001.jpg,12901,False,unavailable,unavailable,unavailable,unavailable,unavailable
historical_raw_derived,SCREEN,P2_C3_SCREEN,81,P2_SCREEN_C3_20260826_231841_081,IMG_004012,SCREEN,,,,2026-08-26T15:20:53.341873+00:00,2026-08-26T15:20:55.158644+00:00,1.816771,1.7606418132781982,1.752430198,0.469310099,0.120957087,0.603734533,0.008211615278198137,0.2678053023370692,0.06902248496861385,0.34451274218455347,598,70,True,stop,200,685bb9724b1faa96298c1e6cf8139774d82afbc9d2f30cdd154fbe5cb776951e,872e7210a216c9d496b7930f0b9cf4cef059012ab7c9c4aea23138f3dc8086fe,historical_omitted,b0bc6b665f847380a62540bd0387a6356f273185253e134cc9d731120aee9ba7,/home/yanbo/net_vlm_person_fallen_v2_optimization/05_p2_hard_negative_semantic_optimization/04_screening/C3/processed_448x336/IMG_004012.jpg,17333,False,unavailable,unavailable,unavailable,unavailable,unavailable
historical_raw_derived,SCREEN,P2_C3_SCREEN,82,P2_SCREEN_C3_20260826_231841_082,IMG_004013,SCREEN,,,,2026-08-26T15:20:55.159598+00:00,2026-08-26T15:20:56.805530+00:00,1.645932,1.590754508972168,1.579887627,0.478502434,0.122730396,0.427991238,0.010866881972168008,0.3028711826224081,0.07768299080425674,0.2708997973562837,598,49,True,stop,200,685bb9724b1faa96298c1e6cf8139774d82afbc9d2f30cdd154fbe5cb776951e,872e7210a216c9d496b7930f0b9cf4cef059012ab7c9c4aea23138f3dc8086fe,historical_omitted,ebdcd19a6884c77a2a854aad2cc33d145633833b0ef739e0c6b5fd302bf87dee,/home/yanbo/net_vlm_person_fallen_v2_optimization/05_p2_hard_negative_semantic_optimization/04_screening/C3/processed_448x336/IMG_004013.jpg,17496,False,unavailable,unavailable,unavailable,unavailable,unavailable
historical_raw_derived,SCREEN,P2_C3_SCREEN,83,P2_SCREEN_C3_20260826_231841_083,IMG_004014,SCREEN,,,,2026-08-26T15:20:56.806394+00:00,2026-08-26T15:20:58.674270+00:00,1.867876,1.814213514328003,1.805755843,0.418393977,0.122822808,0.710552985,0.008457671328002903,0.23170019281504822,0.06801739475251971,0.3934933882420781,598,85,True,stop,200,685bb9724b1faa96298c1e6cf8139774d82afbc9d2f30cdd154fbe5cb776951e,872e7210a216c9d496b7930f0b9cf4cef059012ab7c9c4aea23138f3dc8086fe,historical_omitted,a0e0ec4f94be40b43c9f805fbffbb25dc69995126cf2caaf25bdc16b8b8b5d98,/home/yanbo/net_vlm_person_fallen_v2_optimization/05_p2_hard_negative_semantic_optimization/04_screening/C3/processed_448x336/IMG_004014.jpg,13266,False,unavailable,unavailable,unavailable,unavailable,unavailable
historical_raw_derived,SCREEN,P2_C3_SCREEN,84,P2_SCREEN_C3_20260826_231841_084,IMG_004015,SCREEN,,,,2026-08-26T15:20:58.675342+00:00,2026-08-26T15:21:00.360120+00:00,1.684778,1.6298322677612305,1.621616205,0.487213747,0.134769923,0.420715372,0.008216062761230436,0.3004494808930452,0.08310839678615571,0.25944201266784944,598,49,True,stop,200,685bb9724b1faa96298c1e6cf8139774d82afbc9d2f30cdd154fbe5cb776951e,872e7210a216c9d496b7930f0b9cf4cef059012ab7c9c4aea23138f3dc8086fe,historical_omitted,6e170627385d2e2dbdeeb95c19602073232c77b509190eb778642409cf8c0a43,/home/yanbo/net_vlm_person_fallen_v2_optimization/05_p2_hard_negative_semantic_optimization/04_screening/C3/processed_448x336/IMG_004015.jpg,12426,False,unavailable,unavailable,unavailable,unavailable,unavailable
historical_raw_derived,SCREEN,P2_C3_SCREEN,85,P2_SCREEN_C3_20260826_231841_085,IMG_004016,SCREEN,,,,2026-08-26T15:21:00.361227+00:00,2026-08-26T15:21:02.246346+00:00,1.885119,1.8354663848876953,1.826907534,0.44548083,0.120819715,0.682442933,0.008558850887695257,0.24384421308101079,0.0661334592755585,0.37355088875559916,598,78,True,stop,200,685bb9724b1faa96298c1e6cf8139774d82afbc9d2f30cdd154fbe5cb776951e,872e7210a216c9d496b7930f0b9cf4cef059012ab7c9c4aea23138f3dc8086fe,historical_omitted,f8e866b52682ef59c44ca191aded4a9fd7248b59937cf0db5cb460fb729f06d1,/home/yanbo/net_vlm_person_fallen_v2_optimization/05_p2_hard_negative_semantic_optimization/04_screening/C3/processed_448x336/IMG_004016.jpg,9319,False,unavailable,unavailable,unavailable,unavailable,unavailable
historical_raw_derived,SCREEN,P2_C3_SCREEN,86,P2_SCREEN_C3_20260826_231841_086,IMG_004017,SCREEN,,,,2026-08-26T15:21:02.247458+00:00,2026-08-26T15:21:04.030380+00:00,1.782922,1.7285125255584717,1.720088474,0.465625867,0.118770985,0.593473288,0.008424051558471701,0.27069878906705586,0.06904934646983746,0.3450248617851037,598,70,True,stop,200,685bb9724b1faa96298c1e6cf8139774d82afbc9d2f30cdd154fbe5cb776951e,872e7210a216c9d496b7930f0b9cf4cef059012ab7c9c4aea23138f3dc8086fe,historical_omitted,f1b5913e989719018e6e4aaa961deeb9ff74526f6a8e219894b2361843fb3f7d,/home/yanbo/net_vlm_person_fallen_v2_optimization/05_p2_hard_negative_semantic_optimization/04_screening/C3/processed_448x336/IMG_004017.jpg,13444,False,unavailable,unavailable,unavailable,unavailable,unavailable
historical_raw_derived,SCREEN,P2_C3_SCREEN,87,P2_SCREEN_C3_20260826_231841_087,IMG_004018,SCREEN,,,,2026-08-26T15:21:04.031518+00:00,2026-08-26T15:21:05.672486+00:00,1.640968,1.5900757312774658,1.581918133,0.474203618,0.160799673,0.42650759,0.00815759827746576,0.2997649550300717,0.101648542769438,0.2696141988025369,598,50,True,stop,200,685bb9724b1faa96298c1e6cf8139774d82afbc9d2f30cdd154fbe5cb776951e,872e7210a216c9d496b7930f0b9cf4cef059012ab7c9c4aea23138f3dc8086fe,historical_omitted,0e1ff5321d28285e1d16e15fa827f563e8337975bbab243c95ab0921a4a035d0,/home/yanbo/net_vlm_person_fallen_v2_optimization/05_p2_hard_negative_semantic_optimization/04_screening/C3/processed_448x336/IMG_004018.jpg,13204,False,unavailable,unavailable,unavailable,unavailable,unavailable
historical_raw_derived,SCREEN,P2_C3_SCREEN,88,P2_SCREEN_C3_20260826_231841_088,IMG_004019,SCREEN,,,,2026-08-26T15:21:05.673606+00:00,2026-08-26T15:21:07.401100+00:00,1.727494,1.6740775108337402,1.665728397,0.408113887,0.128472658,0.570829346,0.008349113833740152,0.2450062613659098,0.07712701436283431,0.34269052927720484,598,67,True,stop,200,685bb9724b1faa96298c1e6cf8139774d82afbc9d2f30cdd154fbe5cb776951e,872e7210a216c9d496b7930f0b9cf4cef059012ab7c9c4aea23138f3dc8086fe,historical_omitted,0b287efdfc3024b27a31b7ea34b57c0bb430c8ec44d51c7e3d7ba4d1866d5a88,/home/yanbo/net_vlm_person_fallen_v2_optimization/05_p2_hard_negative_semantic_optimization/04_screening/C3/processed_448x336/IMG_004019.jpg,14438,False,unavailable,unavailable,unavailable,unavailable,unavailable
historical_raw_derived,SCREEN,P2_C3_SCREEN,89,P2_SCREEN_C3_20260826_231841_089,IMG_004020,SCREEN,,,,2026-08-26T15:21:07.402399+00:00,2026-08-26T15:21:09.188524+00:00,1.786125,1.7309730052947998,1.722235928,0.471756813,0.122776439,0.566200121,0.008737077294799889,0.2739211308568172,0.07128897789432251,0.3287587442549276,598,67,True,stop,200,685bb9724b1faa96298c1e6cf8139774d82afbc9d2f30cdd154fbe5cb776951e,872e7210a216c9d496b7930f0b9cf4cef059012ab7c9c4aea23138f3dc8086fe,historical_omitted,d773a98449579e05400caa96f3404a34bee9c963473ba701f36540506ec3c914,/home/yanbo/net_vlm_person_fallen_v2_optimization/05_p2_hard_negative_semantic_optimization/04_screening/C3/processed_448x336/IMG_004020.jpg,17306,False,unavailable,unavailable,unavailable,unavailable,unavailable
historical_raw_derived,SCREEN,P2_C3_SCREEN,90,P2_SCREEN_C3_20260826_231841_090,IMG_004021,SCREEN,,,,2026-08-26T15:21:09.189853+00:00,2026-08-26T15:21:11.118267+00:00,1.928414,1.8743090629577637,1.865741632,0.438445937,0.121623709,0.715414526,0.008567430957763689,0.234998206332569,0.06518786251750425,0.38344780098684106,598,85,True,stop,200,685bb9724b1faa96298c1e6cf8139774d82afbc9d2f30cdd154fbe5cb776951e,872e7210a216c9d496b7930f0b9cf4cef059012ab7c9c4aea23138f3dc8086fe,historical_omitted,38d1d21b30b887accd43d41597b0a96be07060130854671098423feb919a1d43,/home/yanbo/net_vlm_person_fallen_v2_optimization/05_p2_hard_negative_semantic_optimization/04_screening/C3/processed_448x336/IMG_004021.jpg,16917,False,unavailable,unavailable,unavailable,unavailable,unavailable
historical_raw_derived,SCREEN,P2_C3_SCREEN,91,P2_SCREEN_C3_20260826_231841_091,IMG_004072,SCREEN,,,,2026-08-26T15:21:11.119174+00:00,2026-08-26T15:21:12.917670+00:00,1.798496,1.7424964904785156,1.7340702,0.483662745,0.128178646,0.550420562,0.00842629047851573,0.27891762686424115,0.07391779525419445,0.3174153860668386,598,65,True,stop,200,685bb9724b1faa96298c1e6cf8139774d82afbc9d2f30cdd154fbe5cb776951e,872e7210a216c9d496b7930f0b9cf4cef059012ab7c9c4aea23138f3dc8086fe,historical_omitted,663731c7d5fa6323b5b1a136d1cef8a31364fd4e96752a4af1949592156d9a4a,/home/yanbo/net_vlm_person_fallen_v2_optimization/05_p2_hard_negative_semantic_optimization/04_screening/C3/processed_448x336/IMG_004072.jpg,15949,False,unavailable,unavailable,unavailable,unavailable,unavailable
historical_raw_derived,SCREEN,P2_C3_SCREEN,92,P2_SCREEN_C3_20260826_231841_092,IMG_004073,SCREEN,,,,2026-08-26T15:21:12.918693+00:00,2026-08-26T15:21:14.672313+00:00,1.75362,1.6999120712280273,1.691472673,0.483748172,0.133764428,0.518858674,0.008439398228027306,0.28599230701257683,0.07908163704634677,0.3067496639361906,598,61,True,stop,200,685bb9724b1faa96298c1e6cf8139774d82afbc9d2f30cdd154fbe5cb776951e,872e7210a216c9d496b7930f0b9cf4cef059012ab7c9c4aea23138f3dc8086fe,historical_omitted,7f85564bcb6fd735166050f0605b6719600ab691613a1115ca3fe423ad1fbf60,/home/yanbo/net_vlm_person_fallen_v2_optimization/05_p2_hard_negative_semantic_optimization/04_screening/C3/processed_448x336/IMG_004073.jpg,21125,False,unavailable,unavailable,unavailable,unavailable,unavailable
historical_raw_derived,SCREEN,P2_C3_SCREEN,93,P2_SCREEN_C3_20260826_231841_093,IMG_004074,SCREEN,,,,2026-08-26T15:21:14.673477+00:00,2026-08-26T15:21:16.092157+00:00,1.41868,1.3638935089111328,1.356477116,0.405725865,0.114152557,0.380626897,0.00741639291113283,0.2991026241536684,0.08415369168675309,0.2805995711320205,598,47,True,stop,200,685bb9724b1faa96298c1e6cf8139774d82afbc9d2f30cdd154fbe5cb776951e,872e7210a216c9d496b7930f0b9cf4cef059012ab7c9c4aea23138f3dc8086fe,historical_omitted,967ed34a039e4037156c3a5aa25cb2a872e79cc7ad8cf5e588d2d12924e1d7d5,/home/yanbo/net_vlm_person_fallen_v2_optimization/05_p2_hard_negative_semantic_optimization/04_screening/C3/processed_448x336/IMG_004074.jpg,17853,False,unavailable,unavailable,unavailable,unavailable,unavailable
historical_raw_derived,SCREEN,P2_C3_SCREEN,94,P2_SCREEN_C3_20260826_231841_094,IMG_004075,SCREEN,,,,2026-08-26T15:21:16.093131+00:00,2026-08-26T15:21:18.001155+00:00,1.908024,1.8544397354125977,1.846051202,0.463695715,0.112160369,0.714446453,0.00838853341259771,0.2511824777653161,0.06075691122677755,0.3870133462311193,598,88,True,stop,200,685bb9724b1faa96298c1e6cf8139774d82afbc9d2f30cdd154fbe5cb776951e,872e7210a216c9d496b7930f0b9cf4cef059012ab7c9c4aea23138f3dc8086fe,historical_omitted,4749ea15173ecae9b6e8419327d00422c0250884826afc7d0b550f3d1508a8ff,/home/yanbo/net_vlm_person_fallen_v2_optimization/05_p2_hard_negative_semantic_optimization/04_screening/C3/processed_448x336/IMG_004075.jpg,15051,False,unavailable,unavailable,unavailable,unavailable,unavailable
historical_raw_derived,SCREEN,P2_C3_SCREEN,95,P2_SCREEN_C3_20260826_231841_095,IMG_004076,SCREEN,,,,2026-08-26T15:21:18.002296+00:00,2026-08-26T15:21:19.549795+00:00,1.547499,1.491600513458252,1.485016795,0.407488819,0.112803877,0.450629921,0.006583718458252008,0.27440014171691574,0.0759613476290684,0.3034510602959208,598,57,True,stop,200,685bb9724b1faa96298c1e6cf8139774d82afbc9d2f30cdd154fbe5cb776951e,872e7210a216c9d496b7930f0b9cf4cef059012ab7c9c4aea23138f3dc8086fe,historical_omitted,2593e27c2a3553c972ec437b1d44c2ce43fb21de8b8a1465da02e70ccd9fb748,/home/yanbo/net_vlm_person_fallen_v2_optimization/05_p2_hard_negative_semantic_optimization/04_screening/C3/processed_448x336/IMG_004076.jpg,15441,False,unavailable,unavailable,unavailable,unavailable,unavailable
historical_raw_derived,SCREEN,P2_C3_SCREEN,96,P2_SCREEN_C3_20260826_231841_096,IMG_004077,SCREEN,,,,2026-08-26T15:21:19.551227+00:00,2026-08-26T15:21:21.137916+00:00,1.586689,1.5288605690002441,1.521078854,0.437757433,0.115420836,0.477335856,0.00778171500024416,0.28779404292474636,0.07588090235853084,0.313814010854693,598,60,True,stop,200,685bb9724b1faa96298c1e6cf8139774d82afbc9d2f30cdd154fbe5cb776951e,872e7210a216c9d496b7930f0b9cf4cef059012ab7c9c4aea23138f3dc8086fe,historical_omitted,b6f296d8a7aa82b277c369a2b321956993c64ad3e6f4b3c7328294c2719d315e,/home/yanbo/net_vlm_person_fallen_v2_optimization/05_p2_hard_negative_semantic_optimization/04_screening/C3/processed_448x336/IMG_004077.jpg,16260,False,unavailable,unavailable,unavailable,unavailable,unavailable
historical_raw_derived,SCREEN,P2_C3_SCREEN,97,P2_SCREEN_C3_20260826_231841_097,IMG_004078,SCREEN,,,,2026-08-26T15:21:21.139016+00:00,2026-08-26T15:21:22.834983+00:00,1.695967,1.5876495838165283,1.579649074,0.438427865,0.113427231,0.534662255,0.008000509816528334,0.27754763524142073,0.07180533503734388,0.3384690079589158,598,68,True,stop,200,685bb9724b1faa96298c1e6cf8139774d82afbc9d2f30cdd154fbe5cb776951e,872e7210a216c9d496b7930f0b9cf4cef059012ab7c9c4aea23138f3dc8086fe,historical_omitted,bb6ced4cdb8a21b8e00a65a3918e247e8f0fd101a11fdbf5d207a3b33a48cc57,/home/yanbo/net_vlm_person_fallen_v2_optimization/05_p2_hard_negative_semantic_optimization/04_screening/C3/processed_448x336/IMG_004078.jpg,16523,False,unavailable,unavailable,unavailable,unavailable,unavailable
historical_raw_derived,SCREEN,P2_C3_SCREEN,98,P2_SCREEN_C3_20260826_231841_098,IMG_004079,SCREEN,,,,2026-08-26T15:21:22.836038+00:00,2026-08-26T15:21:24.380666+00:00,1.544628,1.4882943630218506,1.480853373,0.444071608,0.128384462,0.40753079,0.007440990021850613,0.2998754745720527,0.086696268746656,0.2751999606648429,598,51,True,stop,200,685bb9724b1faa96298c1e6cf8139774d82afbc9d2f30cdd154fbe5cb776951e,872e7210a216c9d496b7930f0b9cf4cef059012ab7c9c4aea23138f3dc8086fe,historical_omitted,44636d1b9c57594ac54a1a4912e5cf63178ed66566510bbbf7fb5b1b1e874b88,/home/yanbo/net_vlm_person_fallen_v2_optimization/05_p2_hard_negative_semantic_optimization/04_screening/C3/processed_448x336/IMG_004079.jpg,22374,False,unavailable,unavailable,unavailable,unavailable,unavailable
historical_raw_derived,SCREEN,P2_C3_SCREEN,99,P2_SCREEN_C3_20260826_231841_099,IMG_004080,SCREEN,,,,2026-08-26T15:21:24.381626+00:00,2026-08-26T15:21:25.912461+00:00,1.530835,1.4773752689361572,1.468786659,0.466858973,0.113119709,0.417011342,0.008588609936157177,0.31785349501870713,0.07701575195203349,0.2839155294914753,598,52,True,stop,200,685bb9724b1faa96298c1e6cf8139774d82afbc9d2f30cdd154fbe5cb776951e,872e7210a216c9d496b7930f0b9cf4cef059012ab7c9c4aea23138f3dc8086fe,historical_omitted,ef5432742429ff4aa120057740cd5954ed171776f8c2317dbe744fcf296252d7,/home/yanbo/net_vlm_person_fallen_v2_optimization/05_p2_hard_negative_semantic_optimization/04_screening/C3/processed_448x336/IMG_004080.jpg,13228,False,unavailable,unavailable,unavailable,unavailable,unavailable
historical_raw_derived,SCREEN,P2_C3_SCREEN,100,P2_SCREEN_C3_20260826_231841_100,IMG_004081,SCREEN,,,,2026-08-26T15:21:25.913797+00:00,2026-08-26T15:21:27.477366+00:00,1.563569,1.510157585144043,1.502547303,0.470140126,0.139512684,0.396739453,0.0076102821440429125,0.3128953910877307,0.09285077662543313,0.26404456765378786,598,50,True,stop,200,685bb9724b1faa96298c1e6cf8139774d82afbc9d2f30cdd154fbe5cb776951e,872e7210a216c9d496b7930f0b9cf4cef059012ab7c9c4aea23138f3dc8086fe,historical_omitted,c1986b13f838a910c7e2958d9851f9d61140c6f9ef8011a98ce6454153f1c5e1,/home/yanbo/net_vlm_person_fallen_v2_optimization/05_p2_hard_negative_semantic_optimization/04_screening/C3/processed_448x336/IMG_004081.jpg,14655,False,unavailable,unavailable,unavailable,unavailable,unavailable
historical_raw_derived,SCREEN,P2_C3_SCREEN,101,P2_SCREEN_C3_20260826_231841_101,IMG_004082,SCREEN,,,,2026-08-26T15:21:27.478338+00:00,2026-08-26T15:21:29.024072+00:00,1.545734,1.48968505859375,1.481275322,0.386574436,0.118170317,0.449956479,0.008409736593750106,0.2609740608370171,0.07977606542479077,0.30376289425552183,598,56,True,stop,200,685bb9724b1faa96298c1e6cf8139774d82afbc9d2f30cdd154fbe5cb776951e,872e7210a216c9d496b7930f0b9cf4cef059012ab7c9c4aea23138f3dc8086fe,historical_omitted,f327b0dcb961def4c67f39a4c460daae976157cf6017b79d643f3fc3d55af1e6,/home/yanbo/net_vlm_person_fallen_v2_optimization/05_p2_hard_negative_semantic_optimization/04_screening/C3/processed_448x336/IMG_004082.jpg,17893,False,unavailable,unavailable,unavailable,unavailable,unavailable
historical_raw_derived,SCREEN,P2_C3_SCREEN,102,P2_SCREEN_C3_20260826_231841_102,IMG_004083,SCREEN,,,,2026-08-26T15:21:29.025180+00:00,2026-08-26T15:21:30.660493+00:00,1.635313,1.5802617073059082,1.572316722,0.507647579,0.113387363,0.535612531,0.007944985305908148,0.3228659797971671,0.07211483628805418,0.3406518060297014,598,66,True,stop,200,685bb9724b1faa96298c1e6cf8139774d82afbc9d2f30cdd154fbe5cb776951e,872e7210a216c9d496b7930f0b9cf4cef059012ab7c9c4aea23138f3dc8086fe,historical_omitted,7dd82c1193905c39dd7f736b62b0940445267a7d522c490745e1974ef0adc9a3,/home/yanbo/net_vlm_person_fallen_v2_optimization/05_p2_hard_negative_semantic_optimization/04_screening/C3/processed_448x336/IMG_004083.jpg,17666,False,unavailable,unavailable,unavailable,unavailable,unavailable
historical_raw_derived,SCREEN,P2_C3_SCREEN,103,P2_SCREEN_C3_20260826_231841_103,IMG_004084,SCREEN,,,,2026-08-26T15:21:30.661380+00:00,2026-08-26T15:21:32.163806+00:00,1.502426,1.4473052024841309,1.43941497,0.416618663,0.145342175,0.404264947,0.007890232484130788,0.28943610541996795,0.10097308839298787,0.28085364917387234,598,52,True,stop,200,685bb9724b1faa96298c1e6cf8139774d82afbc9d2f30cdd154fbe5cb776951e,872e7210a216c9d496b7930f0b9cf4cef059012ab7c9c4aea23138f3dc8086fe,historical_omitted,ec6a6a7279346eb6b1a4a3163a99c66b8b405ccf20e3a0e3cf33d5bfb6930720,/home/yanbo/net_vlm_person_fallen_v2_optimization/05_p2_hard_negative_semantic_optimization/04_screening/C3/processed_448x336/IMG_004084.jpg,12112,False,unavailable,unavailable,unavailable,unavailable,unavailable
historical_raw_derived,SCREEN,P2_C3_SCREEN,104,P2_SCREEN_C3_20260826_231841_104,IMG_004085,SCREEN,,,,2026-08-26T15:21:32.164806+00:00,2026-08-26T15:21:33.807027+00:00,1.642221,1.5913009643554688,1.582701639,0.454660696,0.114020089,0.48443215,0.008599325355468812,0.28726873391454166,0.07204142978713375,0.3060792622329495,598,61,True,stop,200,685bb9724b1faa96298c1e6cf8139774d82afbc9d2f30cdd154fbe5cb776951e,872e7210a216c9d496b7930f0b9cf4cef059012ab7c9c4aea23138f3dc8086fe,historical_omitted,f26f261140525e10c003f8427e3e0bb8d614b6aa4e14ff6856dd039b13a1137d,/home/yanbo/net_vlm_person_fallen_v2_optimization/05_p2_hard_negative_semantic_optimization/04_screening/C3/processed_448x336/IMG_004085.jpg,12710,False,unavailable,unavailable,unavailable,unavailable,unavailable
historical_raw_derived,SCREEN,P2_C3_SCREEN,105,P2_SCREEN_C3_20260826_231841_105,IMG_004086,SCREEN,,,,2026-08-26T15:21:33.808001+00:00,2026-08-26T15:21:35.398818+00:00,1.590817,1.536346435546875,1.528539113,0.480734046,0.115249578,0.423425726,0.007807322546875106,0.3145055575689414,0.07539851418901834,0.27701334064586675,598,53,True,stop,200,685bb9724b1faa96298c1e6cf8139774d82afbc9d2f30cdd154fbe5cb776951e,872e7210a216c9d496b7930f0b9cf4cef059012ab7c9c4aea23138f3dc8086fe,historical_omitted,52728e6db03a58114bd6d0faed5cba15585186d757237594ab5c2912ca4ce2ca,/home/yanbo/net_vlm_person_fallen_v2_optimization/05_p2_hard_negative_semantic_optimization/04_screening/C3/processed_448x336/IMG_004086.jpg,10940,False,unavailable,unavailable,unavailable,unavailable,unavailable
historical_raw_derived,SCREEN,P2_C3_SCREEN,106,P2_SCREEN_C3_20260826_231841_106,IMG_004087,SCREEN,,,,2026-08-26T15:21:35.399760+00:00,2026-08-26T15:21:36.941272+00:00,1.541512,1.4891088008880615,1.48125654,0.426891641,0.120326376,0.416982983,0.007852260888061569,0.28819561600045324,0.08123263779817641,0.2815062561681584,598,52,True,stop,200,685bb9724b1faa96298c1e6cf8139774d82afbc9d2f30cdd154fbe5cb776951e,872e7210a216c9d496b7930f0b9cf4cef059012ab7c9c4aea23138f3dc8086fe,historical_omitted,70f969de8c82a8dc3fda0e7f36862d19da8c5cfc5d9340a33050a3da6e68b349,/home/yanbo/net_vlm_person_fallen_v2_optimization/05_p2_hard_negative_semantic_optimization/04_screening/C3/processed_448x336/IMG_004087.jpg,12555,False,unavailable,unavailable,unavailable,unavailable,unavailable
historical_raw_derived,SCREEN,P2_C3_SCREEN,107,P2_SCREEN_C3_20260826_231841_107,IMG_004088,SCREEN,,,,2026-08-26T15:21:36.942268+00:00,2026-08-26T15:21:38.578856+00:00,1.636588,1.5811750888824463,1.573187597,0.468122156,0.114080079,0.460976988,0.007987491882446296,0.29756283159916114,0.07251524180431229,0.29302099055386843,598,57,True,stop,200,685bb9724b1faa96298c1e6cf8139774d82afbc9d2f30cdd154fbe5cb776951e,872e7210a216c9d496b7930f0b9cf4cef059012ab7c9c4aea23138f3dc8086fe,historical_omitted,d8f59162f45467f3e783a0ce414dafcbbd077df657c422332b88dea4213aded4,/home/yanbo/net_vlm_person_fallen_v2_optimization/05_p2_hard_negative_semantic_optimization/04_screening/C3/processed_448x336/IMG_004088.jpg,14938,False,unavailable,unavailable,unavailable,unavailable,unavailable
historical_raw_derived,SCREEN,P2_C3_SCREEN,108,P2_SCREEN_C3_20260826_231841_108,IMG_004089,SCREEN,,,,2026-08-26T15:21:38.579821+00:00,2026-08-26T15:21:40.236494+00:00,1.656673,1.6047096252441406,1.596849708,0.439391188,0.113103195,0.510318085,0.007859917244140702,0.2751612664602748,0.07082895430507227,0.3195780306959232,598,64,True,stop,200,685bb9724b1faa96298c1e6cf8139774d82afbc9d2f30cdd154fbe5cb776951e,872e7210a216c9d496b7930f0b9cf4cef059012ab7c9c4aea23138f3dc8086fe,historical_omitted,f35b1ba98530a2038160a370e963a0890fd4bbc846f3a97330e2a8f0b2300ef6,/home/yanbo/net_vlm_person_fallen_v2_optimization/05_p2_hard_negative_semantic_optimization/04_screening/C3/processed_448x336/IMG_004089.jpg,12601,False,unavailable,unavailable,unavailable,unavailable,unavailable
historical_raw_derived,SCREEN,P2_C3_SCREEN,109,P2_SCREEN_C3_20260826_231841_109,IMG_004090,SCREEN,,,,2026-08-26T15:21:40.237507+00:00,2026-08-26T15:21:41.805407+00:00,1.5679,1.5147168636322021,1.506508307,0.43773019,0.112432273,0.455957396,0.008208556632202102,0.29055942669953033,0.07463103421174828,0.3026584014713966,598,52,True,stop,200,685bb9724b1faa96298c1e6cf8139774d82afbc9d2f30cdd154fbe5cb776951e,872e7210a216c9d496b7930f0b9cf4cef059012ab7c9c4aea23138f3dc8086fe,historical_omitted,a845ea4ea68b331dc883ec7e9b81d613a0d71b5a12f0ff22ea26078d325592a8,/home/yanbo/net_vlm_person_fallen_v2_optimization/05_p2_hard_negative_semantic_optimization/04_screening/C3/processed_448x336/IMG_004090.jpg,17788,False,unavailable,unavailable,unavailable,unavailable,unavailable
historical_raw_derived,SCREEN,P2_C3_SCREEN,110,P2_SCREEN_C3_20260826_231841_110,IMG_004091,SCREEN,,,,2026-08-26T15:21:41.806379+00:00,2026-08-26T15:21:43.384043+00:00,1.577664,1.5202736854553223,1.51211339,0.488438148,0.135217945,0.372551279,0.008160295455322375,0.32301687904502985,0.08942315165928133,0.24637787183406928,598,46,True,stop,200,685bb9724b1faa96298c1e6cf8139774d82afbc9d2f30cdd154fbe5cb776951e,872e7210a216c9d496b7930f0b9cf4cef059012ab7c9c4aea23138f3dc8086fe,historical_omitted,efe45d0ff9a1ad063fa930140a73f54bdf564c3a9b239ebedef1217d31366066,/home/yanbo/net_vlm_person_fallen_v2_optimization/05_p2_hard_negative_semantic_optimization/04_screening/C3/processed_448x336/IMG_004091.jpg,17192,False,unavailable,unavailable,unavailable,unavailable,unavailable
historical_raw_derived,SCREEN,P2_C3_SCREEN,111,P2_SCREEN_C3_20260826_231841_111,IMG_004192,SCREEN,,,,2026-08-26T15:21:43.385014+00:00,2026-08-26T15:21:44.905165+00:00,1.520151,1.462597370147705,1.455966248,0.415679637,0.126206467,0.404291136,0.006631122147705115,0.28550087446807354,0.08668227520614886,0.27767892048003023,598,50,True,stop,200,685bb9724b1faa96298c1e6cf8139774d82afbc9d2f30cdd154fbe5cb776951e,872e7210a216c9d496b7930f0b9cf4cef059012ab7c9c4aea23138f3dc8086fe,historical_omitted,6c3308d03bfb85ef13872b4a2e7f112a79234e20a9d59946f69409fd506295cf,/home/yanbo/net_vlm_person_fallen_v2_optimization/05_p2_hard_negative_semantic_optimization/04_screening/C3/processed_448x336/IMG_004192.jpg,14781,False,unavailable,unavailable,unavailable,unavailable,unavailable
historical_raw_derived,SCREEN,P2_C3_SCREEN,112,P2_SCREEN_C3_20260826_231841_112,IMG_004193,SCREEN,,,,2026-08-26T15:21:44.906183+00:00,2026-08-26T15:21:46.574293+00:00,1.66811,1.6140480041503906,1.606367504,0.502918402,0.112634134,0.469193652,0.007680500150390568,0.31307804767445047,0.07011728867742334,0.29208363019773836,598,57,True,stop,200,685bb9724b1faa96298c1e6cf8139774d82afbc9d2f30cdd154fbe5cb776951e,872e7210a216c9d496b7930f0b9cf4cef059012ab7c9c4aea23138f3dc8086fe,historical_omitted,ad5ccfebaccf856f079af18e0be494bdcbf9eeca99fd7deb224d08cedb4ca03b,/home/yanbo/net_vlm_person_fallen_v2_optimization/05_p2_hard_negative_semantic_optimization/04_screening/C3/processed_448x336/IMG_004193.jpg,14556,False,unavailable,unavailable,unavailable,unavailable,unavailable
historical_raw_derived,SCREEN,P2_C3_SCREEN,113,P2_SCREEN_C3_20260826_231841_113,IMG_004194,SCREEN,,,,2026-08-26T15:21:46.575329+00:00,2026-08-26T15:21:48.410124+00:00,1.834795,1.7801659107208252,1.772549188,0.488074498,0.128417592,0.614134566,0.007616722720825253,0.2753517370937974,0.07244797090505338,0.3464696890544061,598,77,True,stop,200,685bb9724b1faa96298c1e6cf8139774d82afbc9d2f30cdd154fbe5cb776951e,872e7210a216c9d496b7930f0b9cf4cef059012ab7c9c4aea23138f3dc8086fe,historical_omitted,2be33ac4a9f2bbdabf6fe5f2346839997a0d26aac19d1445af42bf4d6ba16448,/home/yanbo/net_vlm_person_fallen_v2_optimization/05_p2_hard_negative_semantic_optimization/04_screening/C3/processed_448x336/IMG_004194.jpg,16163,False,unavailable,unavailable,unavailable,unavailable,unavailable
historical_raw_derived,SCREEN,P2_C3_SCREEN,114,P2_SCREEN_C3_20260826_231841_114,IMG_004195,SCREEN,,,,2026-08-26T15:21:48.411219+00:00,2026-08-26T15:21:49.973615+00:00,1.562396,1.5119669437408447,1.503825284,0.423602717,0.156917452,0.42216875,0.008141659740844798,0.28168346516509296,0.1043455337993905,0.280729918888636,598,54,True,stop,200,685bb9724b1faa96298c1e6cf8139774d82afbc9d2f30cdd154fbe5cb776951e,872e7210a216c9d496b7930f0b9cf4cef059012ab7c9c4aea23138f3dc8086fe,historical_omitted,7751027a80e172832764bd0b04fd0e8a453f101fb85b0fefdf0a8d7335f4a4dc,/home/yanbo/net_vlm_person_fallen_v2_optimization/05_p2_hard_negative_semantic_optimization/04_screening/C3/processed_448x336/IMG_004195.jpg,9622,False,unavailable,unavailable,unavailable,unavailable,unavailable
historical_raw_derived,SCREEN,P2_C3_SCREEN,115,P2_SCREEN_C3_20260826_231841_115,IMG_004196,SCREEN,,,,2026-08-26T15:21:49.974774+00:00,2026-08-26T15:21:51.500231+00:00,1.525457,1.4727563858032227,1.465251612,0.471937403,0.12969118,0.41839438,0.007504773803222564,0.32208625408425756,0.08851120103732736,0.2855443915389461,598,53,True,stop,200,685bb9724b1faa96298c1e6cf8139774d82afbc9d2f30cdd154fbe5cb776951e,872e7210a216c9d496b7930f0b9cf4cef059012ab7c9c4aea23138f3dc8086fe,historical_omitted,dfab34c5d36c51359e3f79cfa0d9e8c2d76f6d91044c49af74b67388bbd09c84,/home/yanbo/net_vlm_person_fallen_v2_optimization/05_p2_hard_negative_semantic_optimization/04_screening/C3/processed_448x336/IMG_004196.jpg,10352,False,unavailable,unavailable,unavailable,unavailable,unavailable
historical_raw_derived,SCREEN,P2_C3_SCREEN,116,P2_SCREEN_C3_20260826_231841_116,IMG_004197,SCREEN,,,,2026-08-26T15:21:51.501197+00:00,2026-08-26T15:21:53.065154+00:00,1.563957,1.5076429843902588,1.499769182,0.455706377,0.128955985,0.351010622,0.0078738023902587,0.303851007521236,0.08598388775266885,0.2340430955728226,598,45,True,stop,200,685bb9724b1faa96298c1e6cf8139774d82afbc9d2f30cdd154fbe5cb776951e,872e7210a216c9d496b7930f0b9cf4cef059012ab7c9c4aea23138f3dc8086fe,historical_omitted,1bd363ac273eef3c3db4f9289e57c2526f110d0cdcb28c1447fd78025e427bf8,/home/yanbo/net_vlm_person_fallen_v2_optimization/05_p2_hard_negative_semantic_optimization/04_screening/C3/processed_448x336/IMG_004197.jpg,15929,False,unavailable,unavailable,unavailable,unavailable,unavailable
historical_raw_derived,SCREEN,P2_C3_SCREEN,117,P2_SCREEN_C3_20260826_231841_117,IMG_004198,SCREEN,,,,2026-08-26T15:21:53.066186+00:00,2026-08-26T15:21:54.537739+00:00,1.471553,1.4168102741241455,1.409056352,0.461567666,0.125476436,0.321275335,0.007753922124145607,0.3275721835715482,0.08904997718643407,0.22800744238793938,598,40,True,stop,200,685bb9724b1faa96298c1e6cf8139774d82afbc9d2f30cdd154fbe5cb776951e,872e7210a216c9d496b7930f0b9cf4cef059012ab7c9c4aea23138f3dc8086fe,historical_omitted,90a111dc0af4c91f31a1da651a1334fde32399b9c9752d6fe2f056c105406782,/home/yanbo/net_vlm_person_fallen_v2_optimization/05_p2_hard_negative_semantic_optimization/04_screening/C3/processed_448x336/IMG_004198.jpg,13819,False,unavailable,unavailable,unavailable,unavailable,unavailable
historical_raw_derived,SCREEN,P2_C3_SCREEN,118,P2_SCREEN_C3_20260826_231841_118,IMG_004199,SCREEN,,,,2026-08-26T15:21:54.538788+00:00,2026-08-26T15:21:56.412755+00:00,1.873967,1.822171926498413,1.81400911,0.518310806,0.144695165,0.58948364,0.008162816498413106,0.28572668303744075,0.07976540150892626,0.32496178588651076,598,71,True,stop,200,685bb9724b1faa96298c1e6cf8139774d82afbc9d2f30cdd154fbe5cb776951e,872e7210a216c9d496b7930f0b9cf4cef059012ab7c9c4aea23138f3dc8086fe,historical_omitted,4ec2bd96bf61c94c874b8f0039c30fd90a0b66ed0c223eedc09294be71c1cce6,/home/yanbo/net_vlm_person_fallen_v2_optimization/05_p2_hard_negative_semantic_optimization/04_screening/C3/processed_448x336/IMG_004199.jpg,13771,False,unavailable,unavailable,unavailable,unavailable,unavailable
historical_raw_derived,SCREEN,P2_C3_SCREEN,119,P2_SCREEN_C3_20260826_231841_119,IMG_004200,SCREEN,,,,2026-08-26T15:21:56.414116+00:00,2026-08-26T15:21:58.082797+00:00,1.668681,1.6113314628601074,1.603490416,0.428325553,0.115042972,0.518439758,0.007841046860107337,0.26712074405064606,0.07174534431392572,0.3233195239752527,598,64,True,stop,200,685bb9724b1faa96298c1e6cf8139774d82afbc9d2f30cdd154fbe5cb776951e,872e7210a216c9d496b7930f0b9cf4cef059012ab7c9c4aea23138f3dc8086fe,historical_omitted,de6e0304d704194197e83db7b5f6b1c3cb1eedbe7ef008c3e5f5ec9e718bd090,/home/yanbo/net_vlm_person_fallen_v2_optimization/05_p2_hard_negative_semantic_optimization/04_screening/C3/processed_448x336/IMG_004200.jpg,14163,False,unavailable,unavailable,unavailable,unavailable,unavailable
historical_raw_derived,SCREEN,P2_C3_SCREEN,120,P2_SCREEN_C3_20260826_231841_120,IMG_004201,SCREEN,,,,2026-08-26T15:21:58.083746+00:00,2026-08-26T15:21:59.576406+00:00,1.49266,1.4401540756225586,1.432710292,0.424417833,0.113909139,0.391950817,0.007443783622558486,0.29623423197967785,0.07950605201627182,0.2735729750728977,598,49,True,stop,200,685bb9724b1faa96298c1e6cf8139774d82afbc9d2f30cdd154fbe5cb776951e,872e7210a216c9d496b7930f0b9cf4cef059012ab7c9c4aea23138f3dc8086fe,historical_omitted,ac6398bbca6c770708577ac616f17c5d08fa679bf6bf21e17cf6f101d9b8cb21,/home/yanbo/net_vlm_person_fallen_v2_optimization/05_p2_hard_negative_semantic_optimization/04_screening/C3/processed_448x336/IMG_004201.jpg,12875,False,unavailable,unavailable,unavailable,unavailable,unavailable
historical_raw_derived,VAL,P2_C3_VAL,1,P2_VAL_C3_20260827_091522_001,IMG_003812,VAL,,,,2026-08-27T01:15:22.825851+00:00,2026-08-27T01:15:33.776524+00:00,10.950673,10.848431825637817,10.838603587,9.524877227,0.142535815,0.467643169,0.009828238637817677,0.8787919172931368,0.013150754509645488,0.04314607183907888,598,54,True,stop,200,685bb9724b1faa96298c1e6cf8139774d82afbc9d2f30cdd154fbe5cb776951e,872e7210a216c9d496b7930f0b9cf4cef059012ab7c9c4aea23138f3dc8086fe,historical_omitted,52dacbf848906973e13a5dacfd50474d2baabb5751a71e938d316f47c0269aa0,/home/yanbo/net_vlm_person_fallen_v2_optimization/05_p2_hard_negative_semantic_optimization/06_val/processed_448x336/IMG_003812.jpg,17781,True,unavailable,unavailable,unavailable,unavailable,unavailable
historical_raw_derived,VAL,P2_C3_VAL,2,P2_VAL_C3_20260827_091522_002,IMG_003813,VAL,,,,2026-08-27T01:15:33.777648+00:00,2026-08-27T01:15:54.895306+00:00,21.117658,21.026973485946655,21.020914453,19.705314116,0.14241447,0.44546057,0.0060590329466556625,0.9374146952578344,0.006774894133098729,0.021191303118424806,598,52,True,stop,200,685bb9724b1faa96298c1e6cf8139774d82afbc9d2f30cdd154fbe5cb776951e,872e7210a216c9d496b7930f0b9cf4cef059012ab7c9c4aea23138f3dc8086fe,historical_omitted,1060a050b89a8a175bf95ad7d5af45b192fd2259c56e9733d6f19b5eb349b1e6,/home/yanbo/net_vlm_person_fallen_v2_optimization/05_p2_hard_negative_semantic_optimization/06_val/processed_448x336/IMG_003813.jpg,18129,True,unavailable,unavailable,unavailable,unavailable,unavailable
historical_raw_derived,VAL,P2_C3_VAL,3,P2_VAL_C3_20260827_091522_003,IMG_003814,VAL,,,,2026-08-27T01:15:54.896266+00:00,2026-08-27T01:16:15.929090+00:00,21.032824,20.97586417198181,20.968211032,19.67566695,0.157586142,0.444099138,0.007653139981812274,0.9383569690314819,0.007515478633799741,0.021179638898247047,598,51,True,stop,200,685bb9724b1faa96298c1e6cf8139774d82afbc9d2f30cdd154fbe5cb776951e,872e7210a216c9d496b7930f0b9cf4cef059012ab7c9c4aea23138f3dc8086fe,historical_omitted,2cc830e9749cd5eaedf44f02f3810a55ce3928fc243a0a99b0e8bbef93246992,/home/yanbo/net_vlm_person_fallen_v2_optimization/05_p2_hard_negative_semantic_optimization/06_val/processed_448x336/IMG_003814.jpg,14681,True,unavailable,unavailable,unavailable,unavailable,unavailable
historical_raw_derived,VAL,P2_C3_VAL,4,P2_VAL_C3_20260827_091522_004,IMG_003815,VAL,,,,2026-08-27T01:16:15.930069+00:00,2026-08-27T01:16:37.140187+00:00,21.210118,21.15741229057312,21.146446276,19.819996634,0.135695284,0.465443363,0.010966014573121186,0.9372731652076479,0.006416930874763877,0.022010476697838892,598,54,True,stop,200,685bb9724b1faa96298c1e6cf8139774d82afbc9d2f30cdd154fbe5cb776951e,872e7210a216c9d496b7930f0b9cf4cef059012ab7c9c4aea23138f3dc8086fe,historical_omitted,58c5667aefe82b6bfe21b7d6c5037c9a804dffdbd234cf015f799e11b2626454,/home/yanbo/net_vlm_person_fallen_v2_optimization/05_p2_hard_negative_semantic_optimization/06_val/processed_448x336/IMG_003815.jpg,15977,True,unavailable,unavailable,unavailable,unavailable,unavailable
historical_raw_derived,VAL,P2_C3_VAL,5,P2_VAL_C3_20260827_091522_005,IMG_003816,VAL,,,,2026-08-27T01:16:37.141229+00:00,2026-08-27T01:16:54.997282+00:00,17.856053,17.77971053123474,17.773069102,16.451159498,0.14906097,0.452750373,0.006641429234740315,0.9256228850282674,0.008386900942349129,0.02547395558986782,598,52,True,stop,200,685bb9724b1faa96298c1e6cf8139774d82afbc9d2f30cdd154fbe5cb776951e,872e7210a216c9d496b7930f0b9cf4cef059012ab7c9c4aea23138f3dc8086fe,historical_omitted,6cba94f1515684b6125b8651135ff1ff55cf9fdb2455c268a317b6f39890acca,/home/yanbo/net_vlm_person_fallen_v2_optimization/05_p2_hard_negative_semantic_optimization/06_val/processed_448x336/IMG_003816.jpg,12081,True,unavailable,unavailable,unavailable,unavailable,unavailable
historical_raw_derived,VAL,P2_C3_VAL,6,P2_VAL_C3_20260827_091522_006,IMG_003817,VAL,,,,2026-08-27T01:16:54.998360+00:00,2026-08-27T01:17:09.724317+00:00,14.725957,14.64386510848999,14.636455442,13.467917651,0.153279206,0.387793866,0.007409666489989419,0.9201625150549206,0.010472426647790562,0.026495066892166196,598,45,True,stop,200,685bb9724b1faa96298c1e6cf8139774d82afbc9d2f30cdd154fbe5cb776951e,872e7210a216c9d496b7930f0b9cf4cef059012ab7c9c4aea23138f3dc8086fe,historical_omitted,adf62563a50e71af40d77d9a800e13865f73304b1f7546db91499e1e821e6a93,/home/yanbo/net_vlm_person_fallen_v2_optimization/05_p2_hard_negative_semantic_optimization/06_val/processed_448x336/IMG_003817.jpg,14463,True,unavailable,unavailable,unavailable,unavailable,unavailable
historical_raw_derived,VAL,P2_C3_VAL,7,P2_VAL_C3_20260827_091522_007,IMG_003818,VAL,,,,2026-08-27T01:17:09.725458+00:00,2026-08-27T01:17:28.236732+00:00,18.511274,18.457460641860962,18.448528144,16.881565455,0.168298505,0.578025418,0.008932497860961064,0.9150629970711446,0.009122597948538001,0.03133179045440493,598,68,True,stop,200,685bb9724b1faa96298c1e6cf8139774d82afbc9d2f30cdd154fbe5cb776951e,872e7210a216c9d496b7930f0b9cf4cef059012ab7c9c4aea23138f3dc8086fe,historical_omitted,257a990dc10932772e9899ee9ce8a1638fc614b2859943b4589b991e522b6214,/home/yanbo/net_vlm_person_fallen_v2_optimization/05_p2_hard_negative_semantic_optimization/06_val/processed_448x336/IMG_003818.jpg,17413,True,unavailable,unavailable,unavailable,unavailable,unavailable
historical_raw_derived,VAL,P2_C3_VAL,8,P2_VAL_C3_20260827_091522_008,IMG_003819,VAL,,,,2026-08-27T01:17:28.238031+00:00,2026-08-27T01:17:42.992877+00:00,14.754846,14.701349258422852,14.693549595,13.390782699,0.155895569,0.412028045,0.007799663422851211,0.9113374962545938,0.010609796359420803,0.0280414233698988,598,48,True,stop,200,685bb9724b1faa96298c1e6cf8139774d82afbc9d2f30cdd154fbe5cb776951e,872e7210a216c9d496b7930f0b9cf4cef059012ab7c9c4aea23138f3dc8086fe,historical_omitted,996236a1b74dcfde44a2d2a1909a1cc77f3e7065b57bb0780c01846acabd044c,/home/yanbo/net_vlm_person_fallen_v2_optimization/05_p2_hard_negative_semantic_optimization/06_val/processed_448x336/IMG_003819.jpg,16075,True,unavailable,unavailable,unavailable,unavailable,unavailable
historical_raw_derived,VAL,P2_C3_VAL,9,P2_VAL_C3_20260827_091522_009,IMG_003820,VAL,,,,2026-08-27T01:17:42.993980+00:00,2026-08-27T01:17:57.940477+00:00,14.946497,14.891307830810547,14.884052366,13.544627312,0.143104983,0.432221398,0.007255464810546286,0.9100093831260845,0.009614651942968042,0.029039228522692768,598,50,True,stop,200,685bb9724b1faa96298c1e6cf8139774d82afbc9d2f30cdd154fbe5cb776951e,872e7210a216c9d496b7930f0b9cf4cef059012ab7c9c4aea23138f3dc8086fe,historical_omitted,13c3bf3840d3399f6ad13d068963abf376766e7977c5661bdb7cdf93764bdb12,/home/yanbo/net_vlm_person_fallen_v2_optimization/05_p2_hard_negative_semantic_optimization/06_val/processed_448x336/IMG_003820.jpg,16771,True,unavailable,unavailable,unavailable,unavailable,unavailable
historical_raw_derived,VAL,P2_C3_VAL,10,P2_VAL_C3_20260827_091522_010,IMG_003821,VAL,,,,2026-08-27T01:17:57.941414+00:00,2026-08-27T01:18:12.529393+00:00,14.587979,14.531012296676636,14.521060226,13.21847825,0.133594313,0.508165084,0.009952070676636282,0.9102970474795138,0.009200038490357543,0.034995040037787944,598,56,True,stop,200,685bb9724b1faa96298c1e6cf8139774d82afbc9d2f30cdd154fbe5cb776951e,872e7210a216c9d496b7930f0b9cf4cef059012ab7c9c4aea23138f3dc8086fe,historical_omitted,b0aff707e4a2f6cd126e256924de2c81ff4a24a82c42c26a20710d8f9a2fd047,/home/yanbo/net_vlm_person_fallen_v2_optimization/05_p2_hard_negative_semantic_optimization/06_val/processed_448x336/IMG_003821.jpg,18669,True,unavailable,unavailable,unavailable,unavailable,unavailable
historical_raw_derived,VAL,P2_C3_VAL,11,P2_VAL_C3_20260827_091522_011,IMG_003822,VAL,,,,2026-08-27T01:18:12.530473+00:00,2026-08-27T01:18:27.761463+00:00,15.23099,15.173203945159912,15.165993428,13.441533982,0.140255607,0.742919543,0.007210517159911944,0.8862943298645876,0.009248032953848911,0.04898588058388548,598,87,True,stop,200,685bb9724b1faa96298c1e6cf8139774d82afbc9d2f30cdd154fbe5cb776951e,872e7210a216c9d496b7930f0b9cf4cef059012ab7c9c4aea23138f3dc8086fe,historical_omitted,46f6c7a99ea910f38b01fd662f77f2ed0a3e7eb28f481889041aa902ea650162,/home/yanbo/net_vlm_person_fallen_v2_optimization/05_p2_hard_negative_semantic_optimization/06_val/processed_448x336/IMG_003822.jpg,20060,True,unavailable,unavailable,unavailable,unavailable,unavailable
historical_raw_derived,VAL,P2_C3_VAL,12,P2_VAL_C3_20260827_091522_012,IMG_003823,VAL,,,,2026-08-27T01:18:27.762273+00:00,2026-08-27T01:18:42.914079+00:00,15.151806,15.097393035888672,15.090070068,13.425996009,0.141428016,0.825436415,0.0073229678886725935,0.8897239011150231,0.009372257077845664,0.05470063500569294,598,97,True,stop,200,685bb9724b1faa96298c1e6cf8139774d82afbc9d2f30cdd154fbe5cb776951e,872e7210a216c9d496b7930f0b9cf4cef059012ab7c9c4aea23138f3dc8086fe,historical_omitted,c3b8158da16440a5e8486b6bb5d61241b17ecb20a5d9eaf0c0c286df543edcac,/home/yanbo/net_vlm_person_fallen_v2_optimization/05_p2_hard_negative_semantic_optimization/06_val/processed_448x336/IMG_003823.jpg,18802,True,unavailable,unavailable,unavailable,unavailable,unavailable
historical_raw_derived,VAL,P2_C3_VAL,13,P2_VAL_C3_20260827_091522_013,IMG_003824,VAL,,,,2026-08-27T01:18:42.915289+00:00,2026-08-27T01:18:57.588752+00:00,14.673463,14.614869832992554,14.607798624,13.096703601,0.168370286,0.544810655,0.007071208992552869,0.8965555959597269,0.01152605470090303,0.037295876608327484,598,63,True,stop,200,685bb9724b1faa96298c1e6cf8139774d82afbc9d2f30cdd154fbe5cb776951e,872e7210a216c9d496b7930f0b9cf4cef059012ab7c9c4aea23138f3dc8086fe,historical_omitted,c8062dec19242123c02dd2eb19de0e10210819a653974741663ea10855938af2,/home/yanbo/net_vlm_person_fallen_v2_optimization/05_p2_hard_negative_semantic_optimization/06_val/processed_448x336/IMG_003824.jpg,14796,True,unavailable,unavailable,unavailable,unavailable,unavailable
historical_raw_derived,VAL,P2_C3_VAL,14,P2_VAL_C3_20260827_091522_014,IMG_003825,VAL,,,,2026-08-27T01:18:57.589866+00:00,2026-08-27T01:19:12.321369+00:00,14.731503,14.674485683441162,14.667569311,13.148478983,0.132605657,0.70272746,0.006916372441162721,0.8964320334344184,0.009040738392867308,0.0479102873216346,598,83,True,stop,200,685bb9724b1faa96298c1e6cf8139774d82afbc9d2f30cdd154fbe5cb776951e,872e7210a216c9d496b7930f0b9cf4cef059012ab7c9c4aea23138f3dc8086fe,historical_omitted,c9e7f1f277b76a18474b1c9d4a28fff8a629341c530a542b484c00092095551d,/home/yanbo/net_vlm_person_fallen_v2_optimization/05_p2_hard_negative_semantic_optimization/06_val/processed_448x336/IMG_003825.jpg,15796,True,unavailable,unavailable,unavailable,unavailable,unavailable
historical_raw_derived,VAL,P2_C3_VAL,15,P2_VAL_C3_20260827_091522_015,IMG_003826,VAL,,,,2026-08-27T01:19:12.322342+00:00,2026-08-27T01:19:26.863608+00:00,14.541266,14.48708963394165,14.479954433,13.179259047,0.157090609,0.400239265,0.007135200941650766,0.9101726879032369,0.01084883310419738,0.02764092020123003,598,46,True,stop,200,685bb9724b1faa96298c1e6cf8139774d82afbc9d2f30cdd154fbe5cb776951e,872e7210a216c9d496b7930f0b9cf4cef059012ab7c9c4aea23138f3dc8086fe,historical_omitted,60d450dcb20ee65c339dfe8ae9af55afcba6e42d11738af332a85a1d48d8dc94,/home/yanbo/net_vlm_person_fallen_v2_optimization/05_p2_hard_negative_semantic_optimization/06_val/processed_448x336/IMG_003826.jpg,12217,True,unavailable,unavailable,unavailable,unavailable,unavailable
historical_raw_derived,VAL,P2_C3_VAL,16,P2_VAL_C3_20260827_091522_016,IMG_003827,VAL,,,,2026-08-27T01:19:26.864725+00:00,2026-08-27T01:19:41.602353+00:00,14.737628,14.684316396713257,14.67582097,13.156211599,0.160131362,0.608461567,0.008495426713256649,0.8964548985636748,0.01091123708359056,0.04146013829439621,598,70,True,stop,200,685bb9724b1faa96298c1e6cf8139774d82afbc9d2f30cdd154fbe5cb776951e,872e7210a216c9d496b7930f0b9cf4cef059012ab7c9c4aea23138f3dc8086fe,historical_omitted,4eb0f59edac1bb39a44d99a0d4fed42836c0820281a37c15c380473cf88c13af,/home/yanbo/net_vlm_person_fallen_v2_optimization/05_p2_hard_negative_semantic_optimization/06_val/processed_448x336/IMG_003827.jpg,17282,True,unavailable,unavailable,unavailable,unavailable,unavailable
historical_raw_derived,VAL,P2_C3_VAL,17,P2_VAL_C3_20260827_091522_017,IMG_003828,VAL,,,,2026-08-27T01:19:41.603383+00:00,2026-08-27T01:19:56.680092+00:00,15.076709,15.02199935913086,15.013960123,13.373455707,0.150899655,0.65868472,0.008039236130858995,0.8907347293745039,0.010050623137651449,0.043871484578606006,598,77,True,stop,200,685bb9724b1faa96298c1e6cf8139774d82afbc9d2f30cdd154fbe5cb776951e,872e7210a216c9d496b7930f0b9cf4cef059012ab7c9c4aea23138f3dc8086fe,historical_omitted,8f136aac3578b0bd02044d60e08d340715e5d45eb426dcbc9ec287d0ea281233,/home/yanbo/net_vlm_person_fallen_v2_optimization/05_p2_hard_negative_semantic_optimization/06_val/processed_448x336/IMG_003828.jpg,16300,True,unavailable,unavailable,unavailable,unavailable,unavailable
historical_raw_derived,VAL,P2_C3_VAL,18,P2_VAL_C3_20260827_091522_018,IMG_003829,VAL,,,,2026-08-27T01:19:56.680986+00:00,2026-08-27T01:20:10.810419+00:00,14.129433,14.078690767288208,14.071859394,12.720772893,0.144578758,0.562665509,0.006831373288207487,0.903986640061506,0.0102743179811508,0.039985157131395936,598,64,True,stop,200,685bb9724b1faa96298c1e6cf8139774d82afbc9d2f30cdd154fbe5cb776951e,872e7210a216c9d496b7930f0b9cf4cef059012ab7c9c4aea23138f3dc8086fe,historical_omitted,fe1fb50671627bf0006826be2bf62ce7d0324a39637948470ec730c629436747,/home/yanbo/net_vlm_person_fallen_v2_optimization/05_p2_hard_negative_semantic_optimization/06_val/processed_448x336/IMG_003829.jpg,12755,True,unavailable,unavailable,unavailable,unavailable,unavailable
historical_raw_derived,VAL,P2_C3_VAL,19,P2_VAL_C3_20260827_091522_019,IMG_003830,VAL,,,,2026-08-27T01:20:10.811634+00:00,2026-08-27T01:20:25.574019+00:00,14.762385,14.705873489379883,14.700077431,13.146914029,0.145953963,0.552869425,0.005796058379882396,0.8943431822525887,0.009928788721357858,0.03760996685868409,598,64,True,stop,200,685bb9724b1faa96298c1e6cf8139774d82afbc9d2f30cdd154fbe5cb776951e,872e7210a216c9d496b7930f0b9cf4cef059012ab7c9c4aea23138f3dc8086fe,historical_omitted,bd82558ae84a060f0dca6df86e2de9384f62ce55df932edfc9a8fdd16fcc9ef3,/home/yanbo/net_vlm_person_fallen_v2_optimization/05_p2_hard_negative_semantic_optimization/06_val/processed_448x336/IMG_003830.jpg,16332,True,unavailable,unavailable,unavailable,unavailable,unavailable
historical_raw_derived,VAL,P2_C3_VAL,20,P2_VAL_C3_20260827_091522_020,IMG_003831,VAL,,,,2026-08-27T01:20:25.574981+00:00,2026-08-27T01:20:40.550604+00:00,14.975623,14.924388408660889,14.915952591,13.401611459,0.131869402,0.617923998,0.008435817660888745,0.8984750640120883,0.00884083005731511,0.041427055645969504,598,72,True,stop,200,685bb9724b1faa96298c1e6cf8139774d82afbc9d2f30cdd154fbe5cb776951e,872e7210a216c9d496b7930f0b9cf4cef059012ab7c9c4aea23138f3dc8086fe,historical_omitted,f2cdd1e876695c0f778dd80e7aaf3bf1f6fde24df4fb7a0c6c3f58e70096228c,/home/yanbo/net_vlm_person_fallen_v2_optimization/05_p2_hard_negative_semantic_optimization/06_val/processed_448x336/IMG_003831.jpg,14944,True,unavailable,unavailable,unavailable,unavailable,unavailable
historical_raw_derived,VAL,P2_C3_VAL,21,P2_VAL_C3_20260827_091522_021,IMG_003832,VAL,,,,2026-08-27T01:20:40.551622+00:00,2026-08-27T01:20:42.466729+00:00,1.915107,1.8613920211791992,1.851210154,0.519532427,0.158616406,0.600299738,0.010181867179199111,0.2806447587149525,0.08568254968636045,0.32427422499974035,598,71,True,stop,200,685bb9724b1faa96298c1e6cf8139774d82afbc9d2f30cdd154fbe5cb776951e,872e7210a216c9d496b7930f0b9cf4cef059012ab7c9c4aea23138f3dc8086fe,historical_omitted,1f879755c890c0c9cbc47966b6e2625af4567e4eae49a1f6b96979cd18749052,/home/yanbo/net_vlm_person_fallen_v2_optimization/05_p2_hard_negative_semantic_optimization/06_val/processed_448x336/IMG_003832.jpg,18607,False,unavailable,unavailable,unavailable,unavailable,unavailable
historical_raw_derived,VAL,P2_C3_VAL,22,P2_VAL_C3_20260827_091522_022,IMG_003833,VAL,,,,2026-08-27T01:20:42.467730+00:00,2026-08-27T01:20:57.598259+00:00,15.130529,15.076362609863281,15.068420039,13.304314062,0.180873062,0.826675914,0.007942570863281873,0.882926944401991,0.012003452354783405,0.05486148593285839,598,96,True,stop,200,685bb9724b1faa96298c1e6cf8139774d82afbc9d2f30cdd154fbe5cb776951e,872e7210a216c9d496b7930f0b9cf4cef059012ab7c9c4aea23138f3dc8086fe,historical_omitted,0d37a5dd98879d0030be0f39e6eff68f134550cfd5af9679fe58a0f95b9cce47,/home/yanbo/net_vlm_person_fallen_v2_optimization/05_p2_hard_negative_semantic_optimization/06_val/processed_448x336/IMG_003833.jpg,18523,True,unavailable,unavailable,unavailable,unavailable,unavailable
historical_raw_derived,VAL,P2_C3_VAL,23,P2_VAL_C3_20260827_091522_023,IMG_003834,VAL,,,,2026-08-27T01:20:57.599232+00:00,2026-08-27T01:21:12.696756+00:00,15.097524,15.042677402496338,15.034114998,13.396270272,0.146369074,0.654803984,0.00856240449633816,0.8910581217306185,0.009735795822998,0.04355454139383057,598,76,True,stop,200,685bb9724b1faa96298c1e6cf8139774d82afbc9d2f30cdd154fbe5cb776951e,872e7210a216c9d496b7930f0b9cf4cef059012ab7c9c4aea23138f3dc8086fe,historical_omitted,b458f966197df7ac523823bc947830fc050d9cc9ea1ae24ffdf74204f330170a,/home/yanbo/net_vlm_person_fallen_v2_optimization/05_p2_hard_negative_semantic_optimization/06_val/processed_448x336/IMG_003834.jpg,15823,True,unavailable,unavailable,unavailable,unavailable,unavailable
historical_raw_derived,VAL,P2_C3_VAL,24,P2_VAL_C3_20260827_091522_024,IMG_003835,VAL,,,,2026-08-27T01:21:12.697965+00:00,2026-08-27T01:21:27.836290+00:00,15.138325,15.084026336669922,15.077150295,13.709028608,0.156065001,0.539918221,0.006876041669922728,0.9092586025720188,0.010351094069265562,0.03581036273008778,598,63,True,stop,200,685bb9724b1faa96298c1e6cf8139774d82afbc9d2f30cdd154fbe5cb776951e,872e7210a216c9d496b7930f0b9cf4cef059012ab7c9c4aea23138f3dc8086fe,historical_omitted,60ef0ac470b590898e537f1158b8576a7f1c4d242d274a8e2f4d0c3b05319654,/home/yanbo/net_vlm_person_fallen_v2_optimization/05_p2_hard_negative_semantic_optimization/06_val/processed_448x336/IMG_003835.jpg,14691,True,unavailable,unavailable,unavailable,unavailable,unavailable
historical_raw_derived,VAL,P2_C3_VAL,25,P2_VAL_C3_20260827_091522_025,IMG_003836,VAL,,,,2026-08-27T01:21:27.837149+00:00,2026-08-27T01:21:46.007708+00:00,18.170559,18.116815090179443,18.110012876,16.753916201,0.157728692,0.393071709,0.006802214179444377,0.9251189557795872,0.008709474315671381,0.021704662039247466,598,46,True,stop,200,685bb9724b1faa96298c1e6cf8139774d82afbc9d2f30cdd154fbe5cb776951e,872e7210a216c9d496b7930f0b9cf4cef059012ab7c9c4aea23138f3dc8086fe,historical_omitted,aa5b0709cfa39bec15a3ed7c1d4e77727a612281b27099e30089b12f697b8e1a,/home/yanbo/net_vlm_person_fallen_v2_optimization/05_p2_hard_negative_semantic_optimization/06_val/processed_448x336/IMG_003836.jpg,11629,True,unavailable,unavailable,unavailable,unavailable,unavailable
historical_raw_derived,VAL,P2_C3_VAL,26,P2_VAL_C3_20260827_091522_026,IMG_003837,VAL,,,,2026-08-27T01:21:46.008829+00:00,2026-08-27T01:22:01.183912+00:00,15.175083,15.119685649871826,15.111343992,13.559365351,0.154174669,0.620918568,0.008341657871826058,0.8972971138886374,0.010202578214195946,0.04108956611196969,598,73,True,stop,200,685bb9724b1faa96298c1e6cf8139774d82afbc9d2f30cdd154fbe5cb776951e,872e7210a216c9d496b7930f0b9cf4cef059012ab7c9c4aea23138f3dc8086fe,historical_omitted,3549021aef62c2c5676b3262f0aafd3e1075636d4a8443c60898d420de45d8a4,/home/yanbo/net_vlm_person_fallen_v2_optimization/05_p2_hard_negative_semantic_optimization/06_val/processed_448x336/IMG_003837.jpg,17173,True,unavailable,unavailable,unavailable,unavailable,unavailable
historical_raw_derived,VAL,P2_C3_VAL,27,P2_VAL_C3_20260827_091522_027,IMG_003838,VAL,,,,2026-08-27T01:22:01.184841+00:00,2026-08-27T01:22:16.726220+00:00,15.541379,15.48639965057373,15.478692956,13.963642359,0.163776064,0.679686904,0.0077066945737307435,0.902120249990958,0.010580742473899616,0.043911130347509944,598,80,True,stop,200,685bb9724b1faa96298c1e6cf8139774d82afbc9d2f30cdd154fbe5cb776951e,872e7210a216c9d496b7930f0b9cf4cef059012ab7c9c4aea23138f3dc8086fe,historical_omitted,3e68c7b0b82d6437ea1fe4e9fbef1d4099730cfa50bf2d28f5e6b63caa25f908,/home/yanbo/net_vlm_person_fallen_v2_optimization/05_p2_hard_negative_semantic_optimization/06_val/processed_448x336/IMG_003838.jpg,16878,True,unavailable,unavailable,unavailable,unavailable,unavailable
historical_raw_derived,VAL,P2_C3_VAL,28,P2_VAL_C3_20260827_091522_028,IMG_003839,VAL,,,,2026-08-27T01:22:16.727204+00:00,2026-08-27T01:22:31.544435+00:00,14.817231,14.769279718399048,14.76284819,13.336893987,0.187441342,0.525059976,0.0064315283990481475,0.9034092754563509,0.012696827847011817,0.03556630598935936,598,60,True,stop,200,685bb9724b1faa96298c1e6cf8139774d82afbc9d2f30cdd154fbe5cb776951e,872e7210a216c9d496b7930f0b9cf4cef059012ab7c9c4aea23138f3dc8086fe,historical_omitted,98af917191392b811fd9e2e1a9146ccdd8238b52c1405276695f3316ff156df4,/home/yanbo/net_vlm_person_fallen_v2_optimization/05_p2_hard_negative_semantic_optimization/06_val/processed_448x336/IMG_003839.jpg,14741,True,unavailable,unavailable,unavailable,unavailable,unavailable
historical_raw_derived,VAL,P2_C3_VAL,29,P2_VAL_C3_20260827_091522_029,IMG_003840,VAL,,,,2026-08-27T01:22:31.545389+00:00,2026-08-27T01:22:46.708690+00:00,15.163301,15.113672018051147,15.104287402,13.457977863,0.151561511,0.658714332,0.009384616051146821,0.8910038259215057,0.010034337070408983,0.04361108303015856,598,78,True,stop,200,685bb9724b1faa96298c1e6cf8139774d82afbc9d2f30cdd154fbe5cb776951e,872e7210a216c9d496b7930f0b9cf4cef059012ab7c9c4aea23138f3dc8086fe,historical_omitted,9577e3f84bec3724324d2655a020e6f55403ed9cf1a46cae4d389ffd3e55b9d1,/home/yanbo/net_vlm_person_fallen_v2_optimization/05_p2_hard_negative_semantic_optimization/06_val/processed_448x336/IMG_003840.jpg,13515,True,unavailable,unavailable,unavailable,unavailable,unavailable
historical_raw_derived,VAL,P2_C3_VAL,30,P2_VAL_C3_20260827_091522_030,IMG_003841,VAL,,,,2026-08-27T01:22:46.709700+00:00,2026-08-27T01:23:01.736797+00:00,15.027097,14.971638202667236,14.962986728,13.474165566,0.130754814,0.600027232,0.008651474667235703,0.9004997338389672,0.008738550422912598,0.040100766171046485,598,71,True,stop,200,685bb9724b1faa96298c1e6cf8139774d82afbc9d2f30cdd154fbe5cb776951e,872e7210a216c9d496b7930f0b9cf4cef059012ab7c9c4aea23138f3dc8086fe,historical_omitted,32cbd3b84dcb717cb22c14e8c0a1089420313605dab4d481e758fec3e7dcb78c,/home/yanbo/net_vlm_person_fallen_v2_optimization/05_p2_hard_negative_semantic_optimization/06_val/processed_448x336/IMG_003841.jpg,15063,True,unavailable,unavailable,unavailable,unavailable,unavailable
historical_raw_derived,VAL,P2_C3_VAL,31,P2_VAL_C3_20260827_091522_031,IMG_003842,VAL,,,,2026-08-27T01:23:01.737703+00:00,2026-08-27T01:23:17.922020+00:00,16.184317,16.128819942474365,16.119245974,14.360125798,0.154125312,0.71488497,0.009573968474366978,0.8908683334916893,0.0095615708233872,0.04434977735019952,598,83,True,stop,200,685bb9724b1faa96298c1e6cf8139774d82afbc9d2f30cdd154fbe5cb776951e,872e7210a216c9d496b7930f0b9cf4cef059012ab7c9c4aea23138f3dc8086fe,historical_omitted,4c4513995584aae794805f837a42ebacef2f35e2067881081042c9881a6b9c58,/home/yanbo/net_vlm_person_fallen_v2_optimization/05_p2_hard_negative_semantic_optimization/06_val/processed_448x336/IMG_003842.jpg,19055,True,unavailable,unavailable,unavailable,unavailable,unavailable
historical_raw_derived,VAL,P2_C3_VAL,32,P2_VAL_C3_20260827_091522_032,IMG_003843,VAL,,,,2026-08-27T01:23:17.923069+00:00,2026-08-27T01:23:33.439472+00:00,15.516403,15.461805582046509,15.453076073,13.806933712,0.149732132,0.79685744,0.00872950904650871,0.8934747778873501,0.0096894709695771,0.05156626656308832,598,95,True,stop,200,685bb9724b1faa96298c1e6cf8139774d82afbc9d2f30cdd154fbe5cb776951e,872e7210a216c9d496b7930f0b9cf4cef059012ab7c9c4aea23138f3dc8086fe,historical_omitted,34fbf5f7d21a4e5ab060526c9d40495bf2224373886d7741bce9ad7d446ab2ed,/home/yanbo/net_vlm_person_fallen_v2_optimization/05_p2_hard_negative_semantic_optimization/06_val/processed_448x336/IMG_003843.jpg,16318,True,unavailable,unavailable,unavailable,unavailable,unavailable
historical_raw_derived,VAL,P2_C3_VAL,33,P2_VAL_C3_20260827_091522_033,IMG_003844,VAL,,,,2026-08-27T01:23:33.440497+00:00,2026-08-27T01:23:48.368854+00:00,14.928357,14.87546992301941,14.86295312,13.402513843,0.157299437,0.582803413,0.01251680301940894,0.9017396297217144,0.010583323228567108,0.03921181802126279,598,68,True,stop,200,685bb9724b1faa96298c1e6cf8139774d82afbc9d2f30cdd154fbe5cb776951e,872e7210a216c9d496b7930f0b9cf4cef059012ab7c9c4aea23138f3dc8086fe,historical_omitted,a431e3f73a598c7ab8ceb4c4b8a4665afcb49728fb40ec498d903fcc4b33ce3b,/home/yanbo/net_vlm_person_fallen_v2_optimization/05_p2_hard_negative_semantic_optimization/06_val/processed_448x336/IMG_003844.jpg,12868,True,unavailable,unavailable,unavailable,unavailable,unavailable
historical_raw_derived,VAL,P2_C3_VAL,34,P2_VAL_C3_20260827_091522_034,IMG_003845,VAL,,,,2026-08-27T01:23:48.373576+00:00,2026-08-27T01:24:02.283626+00:00,13.91005,13.83121919631958,13.822576434,12.185979916,0.136524796,0.744776695,0.008642762319579944,0.8815997490905971,0.009876942743046365,0.05388117754719301,598,93,True,stop,200,685bb9724b1faa96298c1e6cf8139774d82afbc9d2f30cdd154fbe5cb776951e,872e7210a216c9d496b7930f0b9cf4cef059012ab7c9c4aea23138f3dc8086fe,historical_omitted,965273fb442a82450c2da366e22648a4b2900170943e4f915e570b8a82a1125a,/home/yanbo/net_vlm_person_fallen_v2_optimization/05_p2_hard_negative_semantic_optimization/06_val/processed_448x336/IMG_003845.jpg,16799,True,unavailable,unavailable,unavailable,unavailable,unavailable
historical_raw_derived,VAL,P2_C3_VAL,35,P2_VAL_C3_20260827_091522_035,IMG_003846,VAL,,,,2026-08-27T01:24:02.284993+00:00,2026-08-27T01:24:17.525617+00:00,15.240624,15.181984424591064,15.16961894,13.672069978,0.133609782,0.641399754,0.012365484591065012,0.9012797244332098,0.008807721705368032,0.042281863277971045,598,76,True,stop,200,685bb9724b1faa96298c1e6cf8139774d82afbc9d2f30cdd154fbe5cb776951e,872e7210a216c9d496b7930f0b9cf4cef059012ab7c9c4aea23138f3dc8086fe,historical_omitted,7ba099da8a7bd707833fc1c1c6100e824bbbb2cfac01112476ef5fae4947da45,/home/yanbo/net_vlm_person_fallen_v2_optimization/05_p2_hard_negative_semantic_optimization/06_val/processed_448x336/IMG_003846.jpg,14579,True,unavailable,unavailable,unavailable,unavailable,unavailable
historical_raw_derived,VAL,P2_C3_VAL,36,P2_VAL_C3_20260827_091522_036,IMG_003847,VAL,,,,2026-08-27T01:24:17.526800+00:00,2026-08-27T01:24:35.723210+00:00,18.19641,18.141266345977783,18.133519755,16.678316658,0.167641644,0.545146967,0.007746590977784962,0.9197506542215141,0.009244848560289889,0.030062942791329043,598,65,True,stop,200,685bb9724b1faa96298c1e6cf8139774d82afbc9d2f30cdd154fbe5cb776951e,872e7210a216c9d496b7930f0b9cf4cef059012ab7c9c4aea23138f3dc8086fe,historical_omitted,d7502e188ce03a477fe78877b55ac552b8f1a8f6368bdaac687940e6f3d8eea3,/home/yanbo/net_vlm_person_fallen_v2_optimization/05_p2_hard_negative_semantic_optimization/06_val/processed_448x336/IMG_003847.jpg,12110,True,unavailable,unavailable,unavailable,unavailable,unavailable
historical_raw_derived,VAL,P2_C3_VAL,37,P2_VAL_C3_20260827_091522_037,IMG_003848,VAL,,,,2026-08-27T01:24:35.724188+00:00,2026-08-27T01:24:50.626328+00:00,14.90214,14.845999002456665,14.837115066,13.324320926,0.139860914,0.672591203,0.008883936456664188,0.8980398727602615,0.009426422412838083,0.04533166993772777,598,85,True,stop,200,685bb9724b1faa96298c1e6cf8139774d82afbc9d2f30cdd154fbe5cb776951e,872e7210a216c9d496b7930f0b9cf4cef059012ab7c9c4aea23138f3dc8086fe,historical_omitted,94a8e171cf5bb824c72eb84d510654101b8ae1e27a4dac2da7077d92b98a7406,/home/yanbo/net_vlm_person_fallen_v2_optimization/05_p2_hard_negative_semantic_optimization/06_val/processed_448x336/IMG_003848.jpg,16879,True,unavailable,unavailable,unavailable,unavailable,unavailable
historical_raw_derived,VAL,P2_C3_VAL,38,P2_VAL_C3_20260827_091522_038,IMG_003849,VAL,,,,2026-08-27T01:24:50.627496+00:00,2026-08-27T01:25:03.024798+00:00,12.397302,12.342301845550537,12.333601849,11.013370024,0.133637701,0.384509406,0.008699996550536326,0.892956506853102,0.010835253370112255,0.031175759580010745,598,46,True,stop,200,685bb9724b1faa96298c1e6cf8139774d82afbc9d2f30cdd154fbe5cb776951e,872e7210a216c9d496b7930f0b9cf4cef059012ab7c9c4aea23138f3dc8086fe,historical_omitted,618fcec7f36972fa4094a8d0b184794972a509eb6a945ed8fc79c5c6aa1689ae,/home/yanbo/net_vlm_person_fallen_v2_optimization/05_p2_hard_negative_semantic_optimization/06_val/processed_448x336/IMG_003849.jpg,12015,True,unavailable,unavailable,unavailable,unavailable,unavailable
historical_raw_derived,VAL,P2_C3_VAL,39,P2_VAL_C3_20260827_091522_039,IMG_003850,VAL,,,,2026-08-27T01:25:03.026380+00:00,2026-08-27T01:25:17.978598+00:00,14.952218,14.895365238189697,14.887015882,13.367338823,0.139429009,0.661377881,0.008349356189697232,0.8979192961809457,0.009365813142483755,0.04442649126207199,598,77,True,stop,200,685bb9724b1faa96298c1e6cf8139774d82afbc9d2f30cdd154fbe5cb776951e,872e7210a216c9d496b7930f0b9cf4cef059012ab7c9c4aea23138f3dc8086fe,historical_omitted,0d314b9a6a543ece3ab8175a9ef93c6745c3609b946fea7a062b120f45270b4c,/home/yanbo/net_vlm_person_fallen_v2_optimization/05_p2_hard_negative_semantic_optimization/06_val/processed_448x336/IMG_003850.jpg,13867,True,unavailable,unavailable,unavailable,unavailable,unavailable
historical_raw_derived,VAL,P2_C3_VAL,40,P2_VAL_C3_20260827_091522_040,IMG_003851,VAL,,,,2026-08-27T01:25:17.979730+00:00,2026-08-27T01:25:33.286514+00:00,15.306784,15.25020956993103,15.241835444,13.663403001,0.145769119,0.597355549,0.008374125931030818,0.8964407896411614,0.00956375100200826,0.03919183822675051,598,68,True,stop,200,685bb9724b1faa96298c1e6cf8139774d82afbc9d2f30cdd154fbe5cb776951e,872e7210a216c9d496b7930f0b9cf4cef059012ab7c9c4aea23138f3dc8086fe,historical_omitted,6cc5bac47452b51c8da4f6cc683fdf863623a5e1aa68f461f6e5e62e66465c2e,/home/yanbo/net_vlm_person_fallen_v2_optimization/05_p2_hard_negative_semantic_optimization/06_val/processed_448x336/IMG_003851.jpg,16628,True,unavailable,unavailable,unavailable,unavailable,unavailable
historical_raw_derived,VAL,P2_C3_VAL,41,P2_VAL_C3_20260827_091522_041,IMG_003942,VAL,,,,2026-08-27T01:25:33.287905+00:00,2026-08-27T01:25:50.951631+00:00,17.663726,17.602155447006226,17.59595502,16.229784315,0.155258632,0.463350904,0.006200427006223919,0.9223588203398351,0.008823541082227658,0.026332807936445837,598,55,True,stop,200,685bb9724b1faa96298c1e6cf8139774d82afbc9d2f30cdd154fbe5cb776951e,872e7210a216c9d496b7930f0b9cf4cef059012ab7c9c4aea23138f3dc8086fe,historical_omitted,0f86a510ad912179633dea734f4457dc1945b5bbe1a9a123613bae400af636ee,/home/yanbo/net_vlm_person_fallen_v2_optimization/05_p2_hard_negative_semantic_optimization/06_val/processed_448x336/IMG_003942.jpg,24884,True,unavailable,unavailable,unavailable,unavailable,unavailable
historical_raw_derived,VAL,P2_C3_VAL,42,P2_VAL_C3_20260827_091522_042,IMG_003943,VAL,,,,2026-08-27T01:25:50.952695+00:00,2026-08-27T01:26:05.689886+00:00,14.737191,14.680410146713257,14.671621277,13.120646056,0.140270186,0.587878566,0.008788869713256986,0.8942874007093279,0.00956064659465378,0.040069093585559566,598,69,True,stop,200,685bb9724b1faa96298c1e6cf8139774d82afbc9d2f30cdd154fbe5cb776951e,872e7210a216c9d496b7930f0b9cf4cef059012ab7c9c4aea23138f3dc8086fe,historical_omitted,e9e96ce08e4925312a49684d8381e0129c3b5722dbecbd610b4a40481f41cffb,/home/yanbo/net_vlm_person_fallen_v2_optimization/05_p2_hard_negative_semantic_optimization/06_val/processed_448x336/IMG_003943.jpg,16741,True,unavailable,unavailable,unavailable,unavailable,unavailable
historical_raw_derived,VAL,P2_C3_VAL,43,P2_VAL_C3_20260827_091522_043,IMG_003944,VAL,,,,2026-08-27T01:26:05.690973+00:00,2026-08-27T01:26:20.365154+00:00,14.674181,14.619266271591187,14.609962516,13.325079531,0.170871737,0.435535472,0.009303755591187013,0.9120543270666938,0.011695562997705914,0.029810854854899614,598,51,True,stop,200,685bb9724b1faa96298c1e6cf8139774d82afbc9d2f30cdd154fbe5cb776951e,872e7210a216c9d496b7930f0b9cf4cef059012ab7c9c4aea23138f3dc8086fe,historical_omitted,acc221510be882f798e7e1c06e2b25f23bdf1419dbc036d0b4f22689505c7bc6,/home/yanbo/net_vlm_person_fallen_v2_optimization/05_p2_hard_negative_semantic_optimization/06_val/processed_448x336/IMG_003944.jpg,11560,True,unavailable,unavailable,unavailable,unavailable,unavailable
historical_raw_derived,VAL,P2_C3_VAL,44,P2_VAL_C3_20260827_091522_044,IMG_003945,VAL,,,,2026-08-27T01:26:20.366146+00:00,2026-08-27T01:26:35.098892+00:00,14.732746,14.6730215549469,14.666353646,13.427042608,0.134218979,0.451872263,0.0066679089469001696,0.9154997167044312,0.009151489336724534,0.0308101300368712,598,53,True,stop,200,685bb9724b1faa96298c1e6cf8139774d82afbc9d2f30cdd154fbe5cb776951e,872e7210a216c9d496b7930f0b9cf4cef059012ab7c9c4aea23138f3dc8086fe,historical_omitted,d15359dc17844ccf5775d2e324f7af0dc44b728120bc9257ab9d57ed9bf91549,/home/yanbo/net_vlm_person_fallen_v2_optimization/05_p2_hard_negative_semantic_optimization/06_val/processed_448x336/IMG_003945.jpg,15721,True,unavailable,unavailable,unavailable,unavailable,unavailable
historical_raw_derived,VAL,P2_C3_VAL,45,P2_VAL_C3_20260827_091522_045,IMG_003946,VAL,,,,2026-08-27T01:26:35.100301+00:00,2026-08-27T01:26:50.826545+00:00,15.726244,15.669197082519531,15.661252743,14.292481995,0.146888174,0.397102316,0.007944339519530885,0.912601452102113,0.009379082019198853,0.025355718505819403,598,45,True,stop,200,685bb9724b1faa96298c1e6cf8139774d82afbc9d2f30cdd154fbe5cb776951e,872e7210a216c9d496b7930f0b9cf4cef059012ab7c9c4aea23138f3dc8086fe,historical_omitted,8307f620f96d4c6cbe58314eb71ed9be3ccf45d23727e8b6592f9477bb37fa6b,/home/yanbo/net_vlm_person_fallen_v2_optimization/05_p2_hard_negative_semantic_optimization/06_val/processed_448x336/IMG_003946.jpg,12420,True,unavailable,unavailable,unavailable,unavailable,unavailable
historical_raw_derived,VAL,P2_C3_VAL,46,P2_VAL_C3_20260827_091522_046,IMG_003947,VAL,,,,2026-08-27T01:26:50.827692+00:00,2026-08-27T01:27:09.086926+00:00,18.259234,18.20112109184265,18.192857609,16.797328865,0.166763946,0.423257412,0.00826348284265066,0.9232924934613003,0.009166451449468935,0.023265031865616025,598,49,True,stop,200,685bb9724b1faa96298c1e6cf8139774d82afbc9d2f30cdd154fbe5cb776951e,872e7210a216c9d496b7930f0b9cf4cef059012ab7c9c4aea23138f3dc8086fe,historical_omitted,5cba43b31c38a875466a807fac5daaf80e715c1a1cacc3bed578bc9716930cdd,/home/yanbo/net_vlm_person_fallen_v2_optimization/05_p2_hard_negative_semantic_optimization/06_val/processed_448x336/IMG_003947.jpg,12902,True,unavailable,unavailable,unavailable,unavailable,unavailable
historical_raw_derived,VAL,P2_C3_VAL,47,P2_VAL_C3_20260827_091522_047,IMG_003948,VAL,,,,2026-08-27T01:27:09.088296+00:00,2026-08-27T01:27:24.591270+00:00,15.502974,15.443591356277466,15.436618916,14.096349851,0.14303292,0.472948443,0.006972440277465353,0.9131759958386472,0.009265819204213618,0.030638085034915944,598,57,True,stop,200,685bb9724b1faa96298c1e6cf8139774d82afbc9d2f30cdd154fbe5cb776951e,872e7210a216c9d496b7930f0b9cf4cef059012ab7c9c4aea23138f3dc8086fe,historical_omitted,00533f22a7b735ce2dd0ba71594e60a7ac5dfbea9803ebbfe380b15f7c4ca55e,/home/yanbo/net_vlm_person_fallen_v2_optimization/05_p2_hard_negative_semantic_optimization/06_val/processed_448x336/IMG_003948.jpg,14831,True,unavailable,unavailable,unavailable,unavailable,unavailable
historical_raw_derived,VAL,P2_C3_VAL,48,P2_VAL_C3_20260827_091522_048,IMG_003949,VAL,,,,2026-08-27T01:27:24.592620+00:00,2026-08-27T01:27:39.538166+00:00,14.945546,14.896119832992554,14.887694939,13.613495489,0.131013711,0.387796375,0.008424893992554416,0.9144125766130464,0.00880013403933975,0.02604811400212961,598,45,True,stop,200,685bb9724b1faa96298c1e6cf8139774d82afbc9d2f30cdd154fbe5cb776951e,872e7210a216c9d496b7930f0b9cf4cef059012ab7c9c4aea23138f3dc8086fe,historical_omitted,04d272b852fd59fbf31c8d1bd6846056e4e67a3dbbb13979b3e6d5628d3c5fbf,/home/yanbo/net_vlm_person_fallen_v2_optimization/05_p2_hard_negative_semantic_optimization/06_val/processed_448x336/IMG_003949.jpg,13289,True,unavailable,unavailable,unavailable,unavailable,unavailable
historical_raw_derived,VAL,P2_C3_VAL,49,P2_VAL_C3_20260827_091522_049,IMG_003950,VAL,,,,2026-08-27T01:27:39.539297+00:00,2026-08-27T01:27:54.542650+00:00,15.003353,14.944195985794067,14.937905377,13.587935622,0.149186743,0.475789136,0.006290608794067509,0.9096279082689492,0.009987125988206077,0.03185112798562615,598,54,True,stop,200,685bb9724b1faa96298c1e6cf8139774d82afbc9d2f30cdd154fbe5cb776951e,872e7210a216c9d496b7930f0b9cf4cef059012ab7c9c4aea23138f3dc8086fe,historical_omitted,b52e224f7c9bd37635012043f162b27d00b45efe2df6f03805c7bc1edaba3b8f,/home/yanbo/net_vlm_person_fallen_v2_optimization/05_p2_hard_negative_semantic_optimization/06_val/processed_448x336/IMG_003950.jpg,20687,True,unavailable,unavailable,unavailable,unavailable,unavailable
historical_raw_derived,VAL,P2_C3_VAL,50,P2_VAL_C3_20260827_091522_050,IMG_003951,VAL,,,,2026-08-27T01:27:54.543884+00:00,2026-08-27T01:28:09.288618+00:00,14.744734,14.688388109207153,14.679311755,13.356076031,0.132957317,0.408747824,0.009076354207152804,0.9098571005177211,0.009057462585377185,0.027845162690326688,598,47,True,stop,200,685bb9724b1faa96298c1e6cf8139774d82afbc9d2f30cdd154fbe5cb776951e,872e7210a216c9d496b7930f0b9cf4cef059012ab7c9c4aea23138f3dc8086fe,historical_omitted,8d6788595b06d3e93c60d1a37e08fd1f6674d7e682ac5e208670a407130ca387,/home/yanbo/net_vlm_person_fallen_v2_optimization/05_p2_hard_negative_semantic_optimization/06_val/processed_448x336/IMG_003951.jpg,14215,True,unavailable,unavailable,unavailable,unavailable,unavailable
historical_raw_derived,VAL,P2_C3_VAL,51,P2_VAL_C3_20260827_091522_051,IMG_003952,VAL,,,,2026-08-27T01:28:09.289884+00:00,2026-08-27T01:28:24.450985+00:00,15.161101,15.102611780166626,15.094522776,13.772764165,0.158299972,0.404186015,0.008089004166626168,0.9124345545324845,0.01048724589370218,0.026776998584059113,598,46,True,stop,200,685bb9724b1faa96298c1e6cf8139774d82afbc9d2f30cdd154fbe5cb776951e,872e7210a216c9d496b7930f0b9cf4cef059012ab7c9c4aea23138f3dc8086fe,historical_omitted,e74b50e0d919b056cade5af81e31a42fb9de0d4a42efc691d09fda59ff3070fd,/home/yanbo/net_vlm_person_fallen_v2_optimization/05_p2_hard_negative_semantic_optimization/06_val/processed_448x336/IMG_003952.jpg,22061,True,unavailable,unavailable,unavailable,unavailable,unavailable
historical_raw_derived,VAL,P2_C3_VAL,52,P2_VAL_C3_20260827_091522_052,IMG_003953,VAL,,,,2026-08-27T01:28:24.452066+00:00,2026-08-27T01:28:40.290457+00:00,15.838391,15.779301166534424,15.771242408,14.234154384,0.15181109,0.519648686,0.00805875853442295,0.9025385582038667,0.009625816791896715,0.03294912807480576,598,61,True,stop,200,685bb9724b1faa96298c1e6cf8139774d82afbc9d2f30cdd154fbe5cb776951e,872e7210a216c9d496b7930f0b9cf4cef059012ab7c9c4aea23138f3dc8086fe,historical_omitted,3a7d548ee86198d44e926fda2d9fd05e7188f76974f8bc0e6663f03981120003,/home/yanbo/net_vlm_person_fallen_v2_optimization/05_p2_hard_negative_semantic_optimization/06_val/processed_448x336/IMG_003953.jpg,21164,True,unavailable,unavailable,unavailable,unavailable,unavailable
historical_raw_derived,VAL,P2_C3_VAL,53,P2_VAL_C3_20260827_091522_053,IMG_003954,VAL,,,,2026-08-27T01:28:40.292738+00:00,2026-08-27T01:28:55.660139+00:00,15.367401,15.312395334243774,15.303561551,13.931445938,0.160197938,0.40881952,0.008833783243774818,0.9103401121087176,0.010468016707491989,0.026714011548069082,598,46,True,stop,200,685bb9724b1faa96298c1e6cf8139774d82afbc9d2f30cdd154fbe5cb776951e,872e7210a216c9d496b7930f0b9cf4cef059012ab7c9c4aea23138f3dc8086fe,historical_omitted,a3389fa90175ef6b7dd3e30e9280de3efd67dd48742937b417471d97b928d2ce,/home/yanbo/net_vlm_person_fallen_v2_optimization/05_p2_hard_negative_semantic_optimization/06_val/processed_448x336/IMG_003954.jpg,15661,True,unavailable,unavailable,unavailable,unavailable,unavailable
historical_raw_derived,VAL,P2_C3_VAL,54,P2_VAL_C3_20260827_091522_054,IMG_003955,VAL,,,,2026-08-27T01:28:55.662071+00:00,2026-08-27T01:29:11.043140+00:00,15.381069,15.28292179107666,15.27369569,13.762809121,0.130740333,0.571518057,0.009226101076659887,0.9010791756189559,0.008559836181992178,0.03741845252123129,598,66,True,stop,200,685bb9724b1faa96298c1e6cf8139774d82afbc9d2f30cdd154fbe5cb776951e,872e7210a216c9d496b7930f0b9cf4cef059012ab7c9c4aea23138f3dc8086fe,historical_omitted,f63a9dcfc130083a98a6e072eca29224a6fcf9b87295cc01035cddc7993cbf46,/home/yanbo/net_vlm_person_fallen_v2_optimization/05_p2_hard_negative_semantic_optimization/06_val/processed_448x336/IMG_003955.jpg,16393,True,unavailable,unavailable,unavailable,unavailable,unavailable
historical_raw_derived,VAL,P2_C3_VAL,55,P2_VAL_C3_20260827_091522_055,IMG_003956,VAL,,,,2026-08-27T01:29:11.044471+00:00,2026-08-27T01:29:26.630877+00:00,15.586406,15.531131029129028,15.522320476,14.008745123,0.136767582,0.580866913,0.008810553129027454,0.9024903940528589,0.008811026818539448,0.037421396749159605,598,67,True,stop,200,685bb9724b1faa96298c1e6cf8139774d82afbc9d2f30cdd154fbe5cb776951e,872e7210a216c9d496b7930f0b9cf4cef059012ab7c9c4aea23138f3dc8086fe,historical_omitted,ace8bebe3612865ba94b98237bbac400737c66e91d581e5d44be58dd67103825,/home/yanbo/net_vlm_person_fallen_v2_optimization/05_p2_hard_negative_semantic_optimization/06_val/processed_448x336/IMG_003956.jpg,18419,True,unavailable,unavailable,unavailable,unavailable,unavailable
historical_raw_derived,VAL,P2_C3_VAL,56,P2_VAL_C3_20260827_091522_056,IMG_003957,VAL,,,,2026-08-27T01:29:26.631976+00:00,2026-08-27T01:29:42.129789+00:00,15.497813,15.440457582473755,15.434488771,14.114056068,0.152632029,0.402112489,0.0059688114737550535,0.9144492102983695,0.009889023942715984,0.02605285442013038,598,46,True,stop,200,685bb9724b1faa96298c1e6cf8139774d82afbc9d2f30cdd154fbe5cb776951e,872e7210a216c9d496b7930f0b9cf4cef059012ab7c9c4aea23138f3dc8086fe,historical_omitted,88bb0cd0b836c73715058a3a30fa6ebf4fb466280c4a62f775ecdf3490a602f7,/home/yanbo/net_vlm_person_fallen_v2_optimization/05_p2_hard_negative_semantic_optimization/06_val/processed_448x336/IMG_003957.jpg,16166,True,unavailable,unavailable,unavailable,unavailable,unavailable
historical_raw_derived,VAL,P2_C3_VAL,57,P2_VAL_C3_20260827_091522_057,IMG_003958,VAL,,,,2026-08-27T01:29:42.131003+00:00,2026-08-27T01:29:57.527345+00:00,15.396342,15.34110140800476,15.332849343,13.935102823,0.149653241,0.430262776,0.008252065004761278,0.9088397408249419,0.009760302058163906,0.02806150157579358,598,49,True,stop,200,685bb9724b1faa96298c1e6cf8139774d82afbc9d2f30cdd154fbe5cb776951e,872e7210a216c9d496b7930f0b9cf4cef059012ab7c9c4aea23138f3dc8086fe,historical_omitted,867239e2cbd3fcf7d403a985f450c3c8862854b339efa18130652c25be8790ac,/home/yanbo/net_vlm_person_fallen_v2_optimization/05_p2_hard_negative_semantic_optimization/06_val/processed_448x336/IMG_003958.jpg,17305,True,unavailable,unavailable,unavailable,unavailable,unavailable
historical_raw_derived,VAL,P2_C3_VAL,58,P2_VAL_C3_20260827_091522_058,IMG_003959,VAL,,,,2026-08-27T01:29:57.528300+00:00,2026-08-27T01:30:12.930842+00:00,15.402542,15.348214149475098,15.338724279,13.99948279,0.142942404,0.39068994,0.009489870475098527,0.9126888609091479,0.009319054270745327,0.0254708235765661,598,46,True,stop,200,685bb9724b1faa96298c1e6cf8139774d82afbc9d2f30cdd154fbe5cb776951e,872e7210a216c9d496b7930f0b9cf4cef059012ab7c9c4aea23138f3dc8086fe,historical_omitted,c5a16d8f66e68e54d9eac3959bcfa04972eb2bb6439e14920befb9ad075626b2,/home/yanbo/net_vlm_person_fallen_v2_optimization/05_p2_hard_negative_semantic_optimization/06_val/processed_448x336/IMG_003959.jpg,15209,True,unavailable,unavailable,unavailable,unavailable,unavailable
historical_raw_derived,VAL,P2_C3_VAL,59,P2_VAL_C3_20260827_091522_059,IMG_003960,VAL,,,,2026-08-27T01:30:12.932497+00:00,2026-08-27T01:30:28.199163+00:00,15.266666,15.209483861923218,15.200540601,13.824958869,0.163430194,0.418883284,0.008943260923217622,0.9095044203947914,0.010751604057374669,0.027557130696551864,598,48,True,stop,200,685bb9724b1faa96298c1e6cf8139774d82afbc9d2f30cdd154fbe5cb776951e,872e7210a216c9d496b7930f0b9cf4cef059012ab7c9c4aea23138f3dc8086fe,historical_omitted,52f50e02c7fb5442b2cb713f7d7949a3d9c3b99c94801770fd23caf83c5fb3c7,/home/yanbo/net_vlm_person_fallen_v2_optimization/05_p2_hard_negative_semantic_optimization/06_val/processed_448x336/IMG_003960.jpg,17157,True,unavailable,unavailable,unavailable,unavailable,unavailable
historical_raw_derived,VAL,P2_C3_VAL,60,P2_VAL_C3_20260827_091522_060,IMG_003961,VAL,,,,2026-08-27T01:30:28.200298+00:00,2026-08-27T01:30:43.608620+00:00,15.408322,15.351912498474121,15.343489336,14.076193169,0.152417444,0.391635695,0.008423162474121781,0.9174049566400403,0.009933688528227229,0.025524552233442504,598,45,True,stop,200,685bb9724b1faa96298c1e6cf8139774d82afbc9d2f30cdd154fbe5cb776951e,872e7210a216c9d496b7930f0b9cf4cef059012ab7c9c4aea23138f3dc8086fe,historical_omitted,cc16082b0347ea0a78146dc2ee0b1957b0121913b788c67a76f73498a5b1d5d6,/home/yanbo/net_vlm_person_fallen_v2_optimization/05_p2_hard_negative_semantic_optimization/06_val/processed_448x336/IMG_003961.jpg,16593,True,unavailable,unavailable,unavailable,unavailable,unavailable
historical_raw_derived,VAL,P2_C3_VAL,61,P2_VAL_C3_20260827_091522_061,IMG_004102,VAL,,,,2026-08-27T01:30:43.609894+00:00,2026-08-27T01:30:59.227752+00:00,15.617858,15.56141471862793,15.554124432,14.240624342,0.141873757,0.432355267,0.007290286627929632,0.9155529393028582,0.009121294973577462,0.027796824494376655,598,50,True,stop,200,685bb9724b1faa96298c1e6cf8139774d82afbc9d2f30cdd154fbe5cb776951e,872e7210a216c9d496b7930f0b9cf4cef059012ab7c9c4aea23138f3dc8086fe,historical_omitted,c52e27d28166379f0bf4e7014d269248cc2878c8b7666f6623a1d37a0020d1cc,/home/yanbo/net_vlm_person_fallen_v2_optimization/05_p2_hard_negative_semantic_optimization/06_val/processed_448x336/IMG_004102.jpg,21607,True,unavailable,unavailable,unavailable,unavailable,unavailable
historical_raw_derived,VAL,P2_C3_VAL,62,P2_VAL_C3_20260827_091522_062,IMG_004103,VAL,,,,2026-08-27T01:30:59.228727+00:00,2026-08-27T01:31:14.983025+00:00,15.754298,15.699459075927734,15.692502955,14.281850439,0.131813697,0.472241242,0.006956120927734233,0.9101065954841491,0.008399787935550528,0.03009343017835997,598,54,True,stop,200,685bb9724b1faa96298c1e6cf8139774d82afbc9d2f30cdd154fbe5cb776951e,872e7210a216c9d496b7930f0b9cf4cef059012ab7c9c4aea23138f3dc8086fe,historical_omitted,25860012ebf9600a4fdee82d33b2ac5b3d7d0e4ab8e7da58bf18b9a7dc1f163f,/home/yanbo/net_vlm_person_fallen_v2_optimization/05_p2_hard_negative_semantic_optimization/06_val/processed_448x336/IMG_004103.jpg,19784,True,unavailable,unavailable,unavailable,unavailable,unavailable
historical_raw_derived,VAL,P2_C3_VAL,63,P2_VAL_C3_20260827_091522_063,IMG_004104,VAL,,,,2026-08-27T01:31:14.984148+00:00,2026-08-27T01:31:29.683999+00:00,14.699851,14.64695405960083,14.638663019,13.383533404,0.139823497,0.419744119,0.008291040600829191,0.9142592726281814,0.009551657608247317,0.02867366496893879,598,48,True,stop,200,685bb9724b1faa96298c1e6cf8139774d82afbc9d2f30cdd154fbe5cb776951e,872e7210a216c9d496b7930f0b9cf4cef059012ab7c9c4aea23138f3dc8086fe,historical_omitted,771b0ace516d4c2c30fc25a7af11f23ad483de9c257c18411115d2977c1ae5b2,/home/yanbo/net_vlm_person_fallen_v2_optimization/05_p2_hard_negative_semantic_optimization/06_val/processed_448x336/IMG_004104.jpg,10758,True,unavailable,unavailable,unavailable,unavailable,unavailable
historical_raw_derived,VAL,P2_C3_VAL,64,P2_VAL_C3_20260827_091522_064,IMG_004105,VAL,,,,2026-08-27T01:31:29.685350+00:00,2026-08-27T01:31:45.332835+00:00,15.647485,15.589924812316895,15.582114368,14.111810347,0.140093072,0.457015767,0.007810444316895371,0.905641558887575,0.008990633022672473,0.02932950921850146,598,52,True,stop,200,685bb9724b1faa96298c1e6cf8139774d82afbc9d2f30cdd154fbe5cb776951e,872e7210a216c9d496b7930f0b9cf4cef059012ab7c9c4aea23138f3dc8086fe,historical_omitted,e45842d8c9a5a6acaefd80a5cae41a9e188428ec65dd44a47945bd1fce7147e6,/home/yanbo/net_vlm_person_fallen_v2_optimization/05_p2_hard_negative_semantic_optimization/06_val/processed_448x336/IMG_004105.jpg,17547,True,unavailable,unavailable,unavailable,unavailable,unavailable
historical_raw_derived,VAL,P2_C3_VAL,65,P2_VAL_C3_20260827_091522_065,IMG_004106,VAL,,,,2026-08-27T01:31:45.333835+00:00,2026-08-27T01:31:46.954073+00:00,1.620238,1.5665724277496338,1.556742342,0.50097417,0.129960412,0.454276911,0.009830085749633843,0.3218093042657152,0.08348228765528111,0.2918125233340637,598,54,True,stop,200,685bb9724b1faa96298c1e6cf8139774d82afbc9d2f30cdd154fbe5cb776951e,872e7210a216c9d496b7930f0b9cf4cef059012ab7c9c4aea23138f3dc8086fe,historical_omitted,7a5f34441fd413216c2b9f8986c63217e803e97536356b527de20889e445f81b,/home/yanbo/net_vlm_person_fallen_v2_optimization/05_p2_hard_negative_semantic_optimization/06_val/processed_448x336/IMG_004106.jpg,13496,False,unavailable,unavailable,unavailable,unavailable,unavailable
historical_raw_derived,VAL,P2_C3_VAL,66,P2_VAL_C3_20260827_091522_066,IMG_004107,VAL,,,,2026-08-27T01:31:46.955308+00:00,2026-08-27T01:31:48.668197+00:00,1.712889,1.6575734615325928,1.647818864,0.487611923,0.125231034,0.492181094,0.00975459753259278,0.2959135458713865,0.07599805824288706,0.29868640586214334,598,58,True,stop,200,685bb9724b1faa96298c1e6cf8139774d82afbc9d2f30cdd154fbe5cb776951e,872e7210a216c9d496b7930f0b9cf4cef059012ab7c9c4aea23138f3dc8086fe,historical_omitted,99cb3837b7ae580e12c124c8254c72e6969a6b4eab30d48fa4304f231dd3cdc7,/home/yanbo/net_vlm_person_fallen_v2_optimization/05_p2_hard_negative_semantic_optimization/06_val/processed_448x336/IMG_004107.jpg,18873,False,unavailable,unavailable,unavailable,unavailable,unavailable
historical_raw_derived,VAL,P2_C3_VAL,67,P2_VAL_C3_20260827_091522_067,IMG_004108,VAL,,,,2026-08-27T01:31:48.669935+00:00,2026-08-27T01:31:50.397340+00:00,1.727405,1.6609666347503662,1.639526381,0.466371995,0.125111352,0.472513724,0.02144025375036618,0.28445531612339453,0.07630944731959151,0.2882013546569459,598,54,True,stop,200,685bb9724b1faa96298c1e6cf8139774d82afbc9d2f30cdd154fbe5cb776951e,872e7210a216c9d496b7930f0b9cf4cef059012ab7c9c4aea23138f3dc8086fe,historical_omitted,30fbf8f91e9d4c43c8f3bd055e10c04ab652a1e808669b0cbf75b75888bd16cf,/home/yanbo/net_vlm_person_fallen_v2_optimization/05_p2_hard_negative_semantic_optimization/06_val/processed_448x336/IMG_004108.jpg,17709,False,unavailable,unavailable,unavailable,unavailable,unavailable
historical_raw_derived,VAL,P2_C3_VAL,68,P2_VAL_C3_20260827_091522_068,IMG_004109,VAL,,,,2026-08-27T01:31:50.398504+00:00,2026-08-27T01:31:51.943132+00:00,1.544628,1.4936633110046387,1.484197112,0.430156286,0.137661511,0.407476395,0.009466199004638742,0.2898242305702587,0.09275150172910455,0.27454331483701205,598,50,True,stop,200,685bb9724b1faa96298c1e6cf8139774d82afbc9d2f30cdd154fbe5cb776951e,872e7210a216c9d496b7930f0b9cf4cef059012ab7c9c4aea23138f3dc8086fe,historical_omitted,7d8f0c1464e4c7566b8b7cbca3914e4a510015d240297a75da22a21e949e80c0,/home/yanbo/net_vlm_person_fallen_v2_optimization/05_p2_hard_negative_semantic_optimization/06_val/processed_448x336/IMG_004109.jpg,16156,False,unavailable,unavailable,unavailable,unavailable,unavailable
historical_raw_derived,VAL,P2_C3_VAL,69,P2_VAL_C3_20260827_091522_069,IMG_004110,VAL,,,,2026-08-27T01:31:51.944039+00:00,2026-08-27T01:31:53.760497+00:00,1.816458,1.7633764743804932,1.755521159,0.490363217,0.124721427,0.569576497,0.007855315380493222,0.2793262926431068,0.07104524281042858,0.3244486653322075,598,65,True,stop,200,685bb9724b1faa96298c1e6cf8139774d82afbc9d2f30cdd154fbe5cb776951e,872e7210a216c9d496b7930f0b9cf4cef059012ab7c9c4aea23138f3dc8086fe,historical_omitted,f78d8ca52d5bc3ed76775ddad8cee820d472856a9ceea09669d20568c1fe8d09,/home/yanbo/net_vlm_person_fallen_v2_optimization/05_p2_hard_negative_semantic_optimization/06_val/processed_448x336/IMG_004110.jpg,20962,False,unavailable,unavailable,unavailable,unavailable,unavailable
historical_raw_derived,VAL,P2_C3_VAL,70,P2_VAL_C3_20260827_091522_070,IMG_004111,VAL,,,,2026-08-27T01:31:53.761610+00:00,2026-08-27T01:31:55.442503+00:00,1.680893,1.6245226860046387,1.616289413,0.481253381,0.122363327,0.462037044,0.008233273004638608,0.29775198496582617,0.07570632215729299,0.28586281657466994,598,54,True,stop,200,685bb9724b1faa96298c1e6cf8139774d82afbc9d2f30cdd154fbe5cb776951e,872e7210a216c9d496b7930f0b9cf4cef059012ab7c9c4aea23138f3dc8086fe,historical_omitted,921827a544364c2ea9c94f4a919f980641f4f42318a453d1a7a7cb29c5e73795,/home/yanbo/net_vlm_person_fallen_v2_optimization/05_p2_hard_negative_semantic_optimization/06_val/processed_448x336/IMG_004111.jpg,15543,False,unavailable,unavailable,unavailable,unavailable,unavailable
historical_raw_derived,VAL,P2_C3_VAL,71,P2_VAL_C3_20260827_091522_071,IMG_004112,VAL,,,,2026-08-27T01:31:55.443816+00:00,2026-08-27T01:31:57.139133+00:00,1.695317,1.6393942832946777,1.631076615,0.436025612,0.124212794,0.494605804,0.008317668294677727,0.26732380808488265,0.07615386846803637,0.30323885429502034,598,58,True,stop,200,685bb9724b1faa96298c1e6cf8139774d82afbc9d2f30cdd154fbe5cb776951e,872e7210a216c9d496b7930f0b9cf4cef059012ab7c9c4aea23138f3dc8086fe,historical_omitted,6758e8af8c38f7003789531610b7d7864e0248cee328bb432ebb82554016971e,/home/yanbo/net_vlm_person_fallen_v2_optimization/05_p2_hard_negative_semantic_optimization/06_val/processed_448x336/IMG_004112.jpg,19319,False,unavailable,unavailable,unavailable,unavailable,unavailable
historical_raw_derived,VAL,P2_C3_VAL,72,P2_VAL_C3_20260827_091522_072,IMG_004113,VAL,,,,2026-08-27T01:31:57.140167+00:00,2026-08-27T01:31:58.823610+00:00,1.683443,1.6252858638763428,1.61683303,0.462871012,0.126504816,0.46787278,0.008452833876342769,0.2862825062399919,0.0782423501083473,0.2893760650102503,598,54,True,stop,200,685bb9724b1faa96298c1e6cf8139774d82afbc9d2f30cdd154fbe5cb776951e,872e7210a216c9d496b7930f0b9cf4cef059012ab7c9c4aea23138f3dc8086fe,historical_omitted,35841787251043fed8fc37689f30d4616c2c36546d43917e035ec5a0929a44d2,/home/yanbo/net_vlm_person_fallen_v2_optimization/05_p2_hard_negative_semantic_optimization/06_val/processed_448x336/IMG_004113.jpg,20377,False,unavailable,unavailable,unavailable,unavailable,unavailable
historical_raw_derived,VAL,P2_C3_VAL,73,P2_VAL_C3_20260827_091522_073,IMG_004114,VAL,,,,2026-08-27T01:31:58.824770+00:00,2026-08-27T01:32:00.429535+00:00,1.604765,1.5510447025299072,1.542963757,0.478832553,0.122708794,0.412772991,0.008080945529907124,0.3103329879445768,0.07952798206912128,0.2675195636497377,598,49,True,stop,200,685bb9724b1faa96298c1e6cf8139774d82afbc9d2f30cdd154fbe5cb776951e,872e7210a216c9d496b7930f0b9cf4cef059012ab7c9c4aea23138f3dc8086fe,historical_omitted,6ecbdbfe9e463de38f9fda73623b695ca2057fd6b280a94d1edd659acb5cf93a,/home/yanbo/net_vlm_person_fallen_v2_optimization/05_p2_hard_negative_semantic_optimization/06_val/processed_448x336/IMG_004114.jpg,13387,False,unavailable,unavailable,unavailable,unavailable,unavailable
historical_raw_derived,VAL,P2_C3_VAL,74,P2_VAL_C3_20260827_091522_074,IMG_004115,VAL,,,,2026-08-27T01:32:00.430713+00:00,2026-08-27T01:32:02.283715+00:00,1.853002,1.7949442863464355,1.786906283,0.442879275,0.155424425,0.604904218,0.008038003346435563,0.24784695157960895,0.0869796174979368,0.3385203934615076,598,72,True,stop,200,685bb9724b1faa96298c1e6cf8139774d82afbc9d2f30cdd154fbe5cb776951e,872e7210a216c9d496b7930f0b9cf4cef059012ab7c9c4aea23138f3dc8086fe,historical_omitted,f8dc7665581f06955e7e51fcb1d794d700397c5f2497c479ad21d0d821edf8ad,/home/yanbo/net_vlm_person_fallen_v2_optimization/05_p2_hard_negative_semantic_optimization/06_val/processed_448x336/IMG_004115.jpg,16339,False,unavailable,unavailable,unavailable,unavailable,unavailable
historical_raw_derived,VAL,P2_C3_VAL,75,P2_VAL_C3_20260827_091522_075,IMG_004116,VAL,,,,2026-08-27T01:32:02.284863+00:00,2026-08-27T01:32:04.072294+00:00,1.787431,1.7300381660461426,1.721712118,0.563242689,0.137332033,0.465455752,0.008326048046142676,0.3271410377562319,0.07976480595346544,0.27034470346917777,598,55,True,stop,200,685bb9724b1faa96298c1e6cf8139774d82afbc9d2f30cdd154fbe5cb776951e,872e7210a216c9d496b7930f0b9cf4cef059012ab7c9c4aea23138f3dc8086fe,historical_omitted,6dedb4240116565288e9a37accf8ac9d9a5b27997daca1cccb208dcbc603ada2,/home/yanbo/net_vlm_person_fallen_v2_optimization/05_p2_hard_negative_semantic_optimization/06_val/processed_448x336/IMG_004116.jpg,16476,False,unavailable,unavailable,unavailable,unavailable,unavailable
historical_raw_derived,VAL,P2_C3_VAL,76,P2_VAL_C3_20260827_091522_076,IMG_004117,VAL,,,,2026-08-27T01:32:04.074018+00:00,2026-08-27T01:32:05.750961+00:00,1.676943,1.6206600666046143,1.613033488,0.402303689,0.137176178,0.532107171,0.0076265786046143536,0.2494081443397783,0.08504236212112666,0.32987980408253004,598,63,True,stop,200,685bb9724b1faa96298c1e6cf8139774d82afbc9d2f30cdd154fbe5cb776951e,872e7210a216c9d496b7930f0b9cf4cef059012ab7c9c4aea23138f3dc8086fe,historical_omitted,53eb38450e8698b310091c2fd508870414d28cdbe07e33e7a9ece2da0b18bc28,/home/yanbo/net_vlm_person_fallen_v2_optimization/05_p2_hard_negative_semantic_optimization/06_val/processed_448x336/IMG_004117.jpg,15655,False,unavailable,unavailable,unavailable,unavailable,unavailable
historical_raw_derived,VAL,P2_C3_VAL,77,P2_VAL_C3_20260827_091522_077,IMG_004118,VAL,,,,2026-08-27T01:32:05.752029+00:00,2026-08-27T01:32:07.425241+00:00,1.673212,1.6171674728393555,1.608796469,0.470030307,0.128289846,0.456240566,0.008371003839355406,0.2921626918364401,0.07974274463676735,0.2835912278472312,598,54,True,stop,200,685bb9724b1faa96298c1e6cf8139774d82afbc9d2f30cdd154fbe5cb776951e,872e7210a216c9d496b7930f0b9cf4cef059012ab7c9c4aea23138f3dc8086fe,historical_omitted,b7550d1504c6d43d4d342a8e154d080f3b9d5b6cdf4d64fc8e2ece062c50fa0a,/home/yanbo/net_vlm_person_fallen_v2_optimization/05_p2_hard_negative_semantic_optimization/06_val/processed_448x336/IMG_004118.jpg,19388,False,unavailable,unavailable,unavailable,unavailable,unavailable
historical_raw_derived,VAL,P2_C3_VAL,78,P2_VAL_C3_20260827_091522_078,IMG_004119,VAL,,,,2026-08-27T01:32:07.426388+00:00,2026-08-27T01:32:09.148308+00:00,1.72192,1.670104742050171,1.660653667,0.499214948,0.157379272,0.468888129,0.009451075050170843,0.30061352220528953,0.09476947248387341,0.2823515452484771,598,56,True,stop,200,685bb9724b1faa96298c1e6cf8139774d82afbc9d2f30cdd154fbe5cb776951e,872e7210a216c9d496b7930f0b9cf4cef059012ab7c9c4aea23138f3dc8086fe,historical_omitted,450dd9643001f245eaa5d70daa8823790d9e7f56d84b62a051ba2706e056c2f8,/home/yanbo/net_vlm_person_fallen_v2_optimization/05_p2_hard_negative_semantic_optimization/06_val/processed_448x336/IMG_004119.jpg,14876,False,unavailable,unavailable,unavailable,unavailable,unavailable
historical_raw_derived,VAL,P2_C3_VAL,79,P2_VAL_C3_20260827_091522_079,IMG_004120,VAL,,,,2026-08-27T01:32:09.149913+00:00,2026-08-27T01:32:10.851806+00:00,1.701893,1.6476891040802002,1.639413552,0.427932283,0.122342404,0.543445737,0.008275552080200255,0.261027659846989,0.07462571225591529,0.33148788866422646,598,64,True,stop,200,685bb9724b1faa96298c1e6cf8139774d82afbc9d2f30cdd154fbe5cb776951e,872e7210a216c9d496b7930f0b9cf4cef059012ab7c9c4aea23138f3dc8086fe,historical_omitted,a0f85291d3074380372602c5b29b8d86e00b0462f33eeae4efd04867127a8cb5,/home/yanbo/net_vlm_person_fallen_v2_optimization/05_p2_hard_negative_semantic_optimization/06_val/processed_448x336/IMG_004120.jpg,15322,False,unavailable,unavailable,unavailable,unavailable,unavailable
historical_raw_derived,VAL,P2_C3_VAL,80,P2_VAL_C3_20260827_091522_080,IMG_004121,VAL,,,,2026-08-27T01:32:10.853573+00:00,2026-08-27T01:32:12.521993+00:00,1.66842,1.61395263671875,1.606008644,0.468645928,0.121948786,0.434801828,0.007943992718749904,0.2918078490740676,0.07593283289949715,0.2707344257606623,598,50,True,stop,200,685bb9724b1faa96298c1e6cf8139774d82afbc9d2f30cdd154fbe5cb776951e,872e7210a216c9d496b7930f0b9cf4cef059012ab7c9c4aea23138f3dc8086fe,historical_omitted,04e15104110c832d8c810e34bf62c039d91dc7ade3b070e480b6d05d227744cb,/home/yanbo/net_vlm_person_fallen_v2_optimization/05_p2_hard_negative_semantic_optimization/06_val/processed_448x336/IMG_004121.jpg,16975,False,unavailable,unavailable,unavailable,unavailable,unavailable
historical_raw_derived,VAL,P2_C3_VAL,81,P2_VAL_C3_20260827_091522_081,IMG_004122,VAL,,,,2026-08-27T01:32:12.522985+00:00,2026-08-27T01:32:14.183901+00:00,1.660916,1.6050224304199219,1.598861547,0.489874993,0.141127858,0.501701986,0.006160883419921825,0.30638987717177235,0.08826771665426762,0.31378701110259427,598,60,True,stop,200,685bb9724b1faa96298c1e6cf8139774d82afbc9d2f30cdd154fbe5cb776951e,872e7210a216c9d496b7930f0b9cf4cef059012ab7c9c4aea23138f3dc8086fe,historical_omitted,4135013549e0f3cde667b25bcad2ba4e1979c7250427f33633aa44d5d172e6b4,/home/yanbo/net_vlm_person_fallen_v2_optimization/05_p2_hard_negative_semantic_optimization/06_val/processed_448x336/IMG_004122.jpg,15031,False,unavailable,unavailable,unavailable,unavailable,unavailable
historical_raw_derived,VAL,P2_C3_VAL,82,P2_VAL_C3_20260827_091522_082,IMG_004123,VAL,,,,2026-08-27T01:32:14.185099+00:00,2026-08-27T01:32:15.731679+00:00,1.54658,1.4915473461151123,1.483107668,0.414366891,0.129209303,0.402225931,0.00843967811511237,0.27939097068979624,0.08712064928788434,0.2712048084428082,598,47,True,stop,200,685bb9724b1faa96298c1e6cf8139774d82afbc9d2f30cdd154fbe5cb776951e,872e7210a216c9d496b7930f0b9cf4cef059012ab7c9c4aea23138f3dc8086fe,historical_omitted,6358d7ad3faaac7d4decf4fd6b4bdb0fe676236cf08930002f2bd2e8f43145a4,/home/yanbo/net_vlm_person_fallen_v2_optimization/05_p2_hard_negative_semantic_optimization/06_val/processed_448x336/IMG_004123.jpg,15120,False,unavailable,unavailable,unavailable,unavailable,unavailable
historical_raw_derived,VAL,P2_C3_VAL,83,P2_VAL_C3_20260827_091522_083,IMG_004124,VAL,,,,2026-08-27T01:32:15.733083+00:00,2026-08-27T01:32:17.337579+00:00,1.604496,1.552250862121582,1.544004755,0.489194829,0.125760877,0.400569678,0.008246107121582025,0.3168350533998194,0.08145109436531495,0.25943552097415656,598,47,True,stop,200,685bb9724b1faa96298c1e6cf8139774d82afbc9d2f30cdd154fbe5cb776951e,872e7210a216c9d496b7930f0b9cf4cef059012ab7c9c4aea23138f3dc8086fe,historical_omitted,5d847470e681641cec0bc293fa78093159f3fba120119f0f47a9e1459b9d0af2,/home/yanbo/net_vlm_person_fallen_v2_optimization/05_p2_hard_negative_semantic_optimization/06_val/processed_448x336/IMG_004124.jpg,11728,False,unavailable,unavailable,unavailable,unavailable,unavailable
historical_raw_derived,VAL,P2_C3_VAL,84,P2_VAL_C3_20260827_091522_084,IMG_004125,VAL,,,,2026-08-27T01:32:17.338598+00:00,2026-08-27T01:32:19.216790+00:00,1.878192,1.8322632312774658,1.824131371,0.548544428,0.126027369,0.596325226,0.008131860277465819,0.3007154181550447,0.069088976267598,0.32690914452783676,598,69,True,stop,200,685bb9724b1faa96298c1e6cf8139774d82afbc9d2f30cdd154fbe5cb776951e,872e7210a216c9d496b7930f0b9cf4cef059012ab7c9c4aea23138f3dc8086fe,historical_omitted,651d085cacfda0c5e22c6d535021f963394359054b14a585256786174e1ffcd8,/home/yanbo/net_vlm_person_fallen_v2_optimization/05_p2_hard_negative_semantic_optimization/06_val/processed_448x336/IMG_004125.jpg,9582,False,unavailable,unavailable,unavailable,unavailable,unavailable
historical_raw_derived,VAL,P2_C3_VAL,85,P2_VAL_C3_20260827_091522_085,IMG_004126,VAL,,,,2026-08-27T01:32:19.217755+00:00,2026-08-27T01:32:20.855742+00:00,1.637987,1.5843522548675537,1.575711597,0.398398342,0.142633821,0.546105951,0.008640657867553747,0.2528370945282825,0.0905202584480312,0.34657735085515146,598,64,True,stop,200,685bb9724b1faa96298c1e6cf8139774d82afbc9d2f30cdd154fbe5cb776951e,872e7210a216c9d496b7930f0b9cf4cef059012ab7c9c4aea23138f3dc8086fe,historical_omitted,6f09b5476bc7f5eab501ffdbdb51420faa910402c87d41c077911a10bb40efdb,/home/yanbo/net_vlm_person_fallen_v2_optimization/05_p2_hard_negative_semantic_optimization/06_val/processed_448x336/IMG_004126.jpg,12997,False,unavailable,unavailable,unavailable,unavailable,unavailable
historical_raw_derived,VAL,P2_C3_VAL,86,P2_VAL_C3_20260827_091522_086,IMG_004127,VAL,,,,2026-08-27T01:32:20.856901+00:00,2026-08-27T01:32:22.591957+00:00,1.735056,1.6806666851043701,1.672634738,0.482922756,0.123524025,0.520852885,0.008031947104370163,0.2887197934065626,0.0738499698671211,0.31139666848172326,598,61,True,stop,200,685bb9724b1faa96298c1e6cf8139774d82afbc9d2f30cdd154fbe5cb776951e,872e7210a216c9d496b7930f0b9cf4cef059012ab7c9c4aea23138f3dc8086fe,historical_omitted,8258539a334cd708b993308f910bfb2dced41983a61f4440e140d86dc678a24a,/home/yanbo/net_vlm_person_fallen_v2_optimization/05_p2_hard_negative_semantic_optimization/06_val/processed_448x336/IMG_004127.jpg,12003,False,unavailable,unavailable,unavailable,unavailable,unavailable
historical_raw_derived,VAL,P2_C3_VAL,87,P2_VAL_C3_20260827_091522_087,IMG_004128,VAL,,,,2026-08-27T01:32:22.593504+00:00,2026-08-27T01:32:24.292463+00:00,1.698959,1.6423652172088623,1.632605581,0.474039314,0.123925098,0.476424477,0.009759636208862332,0.2903575238972554,0.07590633000537317,0.291818478721714,598,57,True,stop,200,685bb9724b1faa96298c1e6cf8139774d82afbc9d2f30cdd154fbe5cb776951e,872e7210a216c9d496b7930f0b9cf4cef059012ab7c9c4aea23138f3dc8086fe,historical_omitted,07c28fb3697ce4496e5bce8d075eafd75577adfb2ff210e7f05b02b688b3bdfb,/home/yanbo/net_vlm_person_fallen_v2_optimization/05_p2_hard_negative_semantic_optimization/06_val/processed_448x336/IMG_004128.jpg,17135,False,unavailable,unavailable,unavailable,unavailable,unavailable
historical_raw_derived,VAL,P2_C3_VAL,88,P2_VAL_C3_20260827_091522_088,IMG_004129,VAL,,,,2026-08-27T01:32:24.293395+00:00,2026-08-27T01:32:26.025391+00:00,1.731996,1.6801426410675049,1.671865412,0.429908177,0.123290015,0.527111909,0.008277229067504832,0.25714281419681645,0.07374398328661637,0.3152836976090274,598,64,True,stop,200,685bb9724b1faa96298c1e6cf8139774d82afbc9d2f30cdd154fbe5cb776951e,872e7210a216c9d496b7930f0b9cf4cef059012ab7c9c4aea23138f3dc8086fe,historical_omitted,0b24ae9b7e0a76c86ddd34c7674ae5894296ee663cdf5c8b84fb06f05a63453e,/home/yanbo/net_vlm_person_fallen_v2_optimization/05_p2_hard_negative_semantic_optimization/06_val/processed_448x336/IMG_004129.jpg,11626,False,unavailable,unavailable,unavailable,unavailable,unavailable
historical_raw_derived,VAL,P2_C3_VAL,89,P2_VAL_C3_20260827_091522_089,IMG_004130,VAL,,,,2026-08-27T01:32:26.026282+00:00,2026-08-27T01:32:27.873346+00:00,1.847064,1.7991065979003906,1.789885986,0.482754386,0.128705213,0.592023221,0.009220611900390585,0.2697123670311814,0.07190693374142101,0.3307602973768409,598,70,True,stop,200,685bb9724b1faa96298c1e6cf8139774d82afbc9d2f30cdd154fbe5cb776951e,872e7210a216c9d496b7930f0b9cf4cef059012ab7c9c4aea23138f3dc8086fe,historical_omitted,0fdaecc05b08523b66c02dbb421201e067f9d1a7e39a0c8359bfaedba36a912c,/home/yanbo/net_vlm_person_fallen_v2_optimization/05_p2_hard_negative_semantic_optimization/06_val/processed_448x336/IMG_004130.jpg,11603,False,unavailable,unavailable,unavailable,unavailable,unavailable
historical_raw_derived,VAL,P2_C3_VAL,90,P2_VAL_C3_20260827_091522_090,IMG_004131,VAL,,,,2026-08-27T01:32:27.874368+00:00,2026-08-27T01:32:29.460577+00:00,1.586209,1.5356202125549316,1.528575093,0.432233711,0.122595475,0.434341214,0.0070451195549317,0.28276903959732386,0.080202454927741,0.2841477765724657,598,50,True,stop,200,685bb9724b1faa96298c1e6cf8139774d82afbc9d2f30cdd154fbe5cb776951e,872e7210a216c9d496b7930f0b9cf4cef059012ab7c9c4aea23138f3dc8086fe,historical_omitted,e18de79c3e44756e41a26bd69430787bd3c57680f10858097f8eab3c8941804d,/home/yanbo/net_vlm_person_fallen_v2_optimization/05_p2_hard_negative_semantic_optimization/06_val/processed_448x336/IMG_004131.jpg,12460,False,unavailable,unavailable,unavailable,unavailable,unavailable
historical_raw_derived,VAL,P2_C3_VAL,91,P2_VAL_C3_20260827_091522_091,IMG_004132,VAL,,,,2026-08-27T01:32:29.461612+00:00,2026-08-27T01:32:31.131348+00:00,1.669736,1.613981008529663,1.604614684,0.509956909,0.125809836,0.42786214,0.009366324529663128,0.31780645788979955,0.07840501352410659,0.26664478660597873,598,50,True,stop,200,685bb9724b1faa96298c1e6cf8139774d82afbc9d2f30cdd154fbe5cb776951e,872e7210a216c9d496b7930f0b9cf4cef059012ab7c9c4aea23138f3dc8086fe,historical_omitted,5cf380c66e6e35edb104538bd3ab918322674acfc19441da318597dcab67a478,/home/yanbo/net_vlm_person_fallen_v2_optimization/05_p2_hard_negative_semantic_optimization/06_val/processed_448x336/IMG_004132.jpg,19331,False,unavailable,unavailable,unavailable,unavailable,unavailable
historical_raw_derived,VAL,P2_C3_VAL,92,P2_VAL_C3_20260827_091522_092,IMG_004133,VAL,,,,2026-08-27T01:32:31.132526+00:00,2026-08-27T01:32:32.770179+00:00,1.637653,1.5815584659576416,1.572033613,0.484155675,0.13315181,0.468494014,0.009524852957641494,0.30798048527477634,0.08470035812141379,0.2980178096230058,598,56,True,stop,200,685bb9724b1faa96298c1e6cf8139774d82afbc9d2f30cdd154fbe5cb776951e,872e7210a216c9d496b7930f0b9cf4cef059012ab7c9c4aea23138f3dc8086fe,historical_omitted,af3e8bd79b1ca10fa6927cf7da2ec620ecd3ff4e72d23296aa950893700c02bf,/home/yanbo/net_vlm_person_fallen_v2_optimization/05_p2_hard_negative_semantic_optimization/06_val/processed_448x336/IMG_004133.jpg,18518,False,unavailable,unavailable,unavailable,unavailable,unavailable
historical_raw_derived,VAL,P2_C3_VAL,93,P2_VAL_C3_20260827_091522_093,IMG_004134,VAL,,,,2026-08-27T01:32:32.771224+00:00,2026-08-27T01:32:34.655552+00:00,1.884328,1.8357036113739014,1.827624663,0.434882729,0.126376257,0.746093835,0.00807894837390144,0.2379496938316377,0.06914781768842873,0.40823143291101455,598,87,True,stop,200,685bb9724b1faa96298c1e6cf8139774d82afbc9d2f30cdd154fbe5cb776951e,872e7210a216c9d496b7930f0b9cf4cef059012ab7c9c4aea23138f3dc8086fe,historical_omitted,68573dcc1a6915087f16611dcd86eca0b7f22eb3a3a817fbdea1f26a010c9920,/home/yanbo/net_vlm_person_fallen_v2_optimization/05_p2_hard_negative_semantic_optimization/06_val/processed_448x336/IMG_004134.jpg,15208,False,unavailable,unavailable,unavailable,unavailable,unavailable
historical_raw_derived,VAL,P2_C3_VAL,94,P2_VAL_C3_20260827_091522_094,IMG_004135,VAL,,,,2026-08-27T01:32:34.656798+00:00,2026-08-27T01:32:36.412100+00:00,1.755302,1.7033143043518066,1.694354806,0.499788603,0.137133613,0.497184307,0.00895949835180665,0.2949728127958578,0.08093559419454911,0.2934357699104021,598,58,True,stop,200,685bb9724b1faa96298c1e6cf8139774d82afbc9d2f30cdd154fbe5cb776951e,872e7210a216c9d496b7930f0b9cf4cef059012ab7c9c4aea23138f3dc8086fe,historical_omitted,0b22f7171b4846d15c4fe910c0aa29c2ab265d8f0b52ff3e717eccd43daf9abc,/home/yanbo/net_vlm_person_fallen_v2_optimization/05_p2_hard_negative_semantic_optimization/06_val/processed_448x336/IMG_004135.jpg,11986,False,unavailable,unavailable,unavailable,unavailable,unavailable
historical_raw_derived,VAL,P2_C3_VAL,95,P2_VAL_C3_20260827_091522_095,IMG_004136,VAL,,,,2026-08-27T01:32:36.413061+00:00,2026-08-27T01:32:38.182948+00:00,1.769887,1.7156968116760254,1.706439403,0.441058851,0.126673464,0.564885652,0.009257408676025314,0.2584673386143088,0.0742326177989691,0.33103176767185793,598,67,True,stop,200,685bb9724b1faa96298c1e6cf8139774d82afbc9d2f30cdd154fbe5cb776951e,872e7210a216c9d496b7930f0b9cf4cef059012ab7c9c4aea23138f3dc8086fe,historical_omitted,74dbbb76d48d53b485ac2196a6d7e1c2a79b027b3bce7e6c3b5100076dc62665,/home/yanbo/net_vlm_person_fallen_v2_optimization/05_p2_hard_negative_semantic_optimization/06_val/processed_448x336/IMG_004136.jpg,14750,False,unavailable,unavailable,unavailable,unavailable,unavailable
historical_raw_derived,VAL,P2_C3_VAL,96,P2_VAL_C3_20260827_091522_096,IMG_004137,VAL,,,,2026-08-27T01:32:38.184044+00:00,2026-08-27T01:32:40.234328+00:00,2.050284,1.9943506717681885,1.985761749,0.396939096,0.119804368,0.864074922,0.008588922768188567,0.1998926085669102,0.060331692893335113,0.4351352434072896,598,102,True,stop,200,685bb9724b1faa96298c1e6cf8139774d82afbc9d2f30cdd154fbe5cb776951e,872e7210a216c9d496b7930f0b9cf4cef059012ab7c9c4aea23138f3dc8086fe,historical_omitted,818e2cf7659da136bf39484dd1f0826628fb3590fccfb85f2aab3388126e9bf8,/home/yanbo/net_vlm_person_fallen_v2_optimization/05_p2_hard_negative_semantic_optimization/06_val/processed_448x336/IMG_004137.jpg,16869,False,unavailable,unavailable,unavailable,unavailable,unavailable
historical_raw_derived,VAL,P2_C3_VAL,97,P2_VAL_C3_20260827_091522_097,IMG_004138,VAL,,,,2026-08-27T01:32:40.235553+00:00,2026-08-27T01:32:41.838821+00:00,1.603268,1.5504143238067627,1.540738847,0.442417662,0.12613759,0.480483572,0.009675476806762617,0.28714643163663933,0.08186824798089873,0.31185270166683865,598,57,True,stop,200,685bb9724b1faa96298c1e6cf8139774d82afbc9d2f30cdd154fbe5cb776951e,872e7210a216c9d496b7930f0b9cf4cef059012ab7c9c4aea23138f3dc8086fe,historical_omitted,c75a527ca5db85a465831aac2f5e6f172973005137333af99943523fda1a0c4a,/home/yanbo/net_vlm_person_fallen_v2_optimization/05_p2_hard_negative_semantic_optimization/06_val/processed_448x336/IMG_004138.jpg,12752,False,unavailable,unavailable,unavailable,unavailable,unavailable
historical_raw_derived,VAL,P2_C3_VAL,98,P2_VAL_C3_20260827_091522_098,IMG_004139,VAL,,,,2026-08-27T01:32:41.839968+00:00,2026-08-27T01:32:43.690891+00:00,1.850923,1.7981624603271484,1.789656479,0.433794443,0.14930595,0.665578596,0.008505981327148415,0.2423897815531558,0.08342715585475216,0.37190299021625817,598,79,True,stop,200,685bb9724b1faa96298c1e6cf8139774d82afbc9d2f30cdd154fbe5cb776951e,872e7210a216c9d496b7930f0b9cf4cef059012ab7c9c4aea23138f3dc8086fe,historical_omitted,2e8e49c0c65da5f31d493959bc317219f25cc620bc3c6a4261531b10e676ba5d,/home/yanbo/net_vlm_person_fallen_v2_optimization/05_p2_hard_negative_semantic_optimization/06_val/processed_448x336/IMG_004139.jpg,15327,False,unavailable,unavailable,unavailable,unavailable,unavailable
historical_raw_derived,VAL,P2_C3_VAL,99,P2_VAL_C3_20260827_091522_099,IMG_004140,VAL,,,,2026-08-27T01:32:43.691807+00:00,2026-08-27T01:32:45.589700+00:00,1.897893,1.8439974784851074,1.83524298,0.471573441,0.146721354,0.645696672,0.008754498485107343,0.2569542268457553,0.07994655508776281,0.35183170786464474,598,78,True,stop,200,685bb9724b1faa96298c1e6cf8139774d82afbc9d2f30cdd154fbe5cb776951e,872e7210a216c9d496b7930f0b9cf4cef059012ab7c9c4aea23138f3dc8086fe,historical_omitted,67a931690a7dccf8e50c8b162b03388c6b4220f5a4b98776babba81ea5446428,/home/yanbo/net_vlm_person_fallen_v2_optimization/05_p2_hard_negative_semantic_optimization/06_val/processed_448x336/IMG_004140.jpg,16733,False,unavailable,unavailable,unavailable,unavailable,unavailable
historical_raw_derived,VAL,P2_C3_VAL,100,P2_VAL_C3_20260827_091522_100,IMG_004141,VAL,,,,2026-08-27T01:32:45.590707+00:00,2026-08-27T01:32:47.232253+00:00,1.641546,1.5890400409698486,1.582173356,0.499032506,0.129370061,0.426353478,0.006866684969848658,0.31540949928624634,0.08176731109103572,0.2694733016348431,598,50,True,stop,200,685bb9724b1faa96298c1e6cf8139774d82afbc9d2f30cdd154fbe5cb776951e,872e7210a216c9d496b7930f0b9cf4cef059012ab7c9c4aea23138f3dc8086fe,historical_omitted,972c31b2bd8d9e4e52550bc0790994af8831b04e975e0aa8b0a7eb58071c170b,/home/yanbo/net_vlm_person_fallen_v2_optimization/05_p2_hard_negative_semantic_optimization/06_val/processed_448x336/IMG_004141.jpg,13615,False,unavailable,unavailable,unavailable,unavailable,unavailable
probe,DEV,P2L_A_ATTEMPT_001,1,P2L_A_20260827_102551_001,IMG_003745,DEV,hard_negative,pf_v2_aigc_h05-squatting,pf_v2_aigc_h05-squatting,2026-08-27T02:25:51.465091+00:00,2026-08-27T02:25:58.595237+00:00,7.130146,7.073627,7.066978794,5.839109138,0.125953676,0.430625713,0.006648206000000378,0.8262525342452585,0.017822846179606066,0.06093490946450971,598,51,True,stop,200,685bb9724b1faa96298c1e6cf8139774d82afbc9d2f30cdd154fbe5cb776951e,872e7210a216c9d496b7930f0b9cf4cef059012ab7c9c4aea23138f3dc8086fe,omitted,ea21f40aae14122b6aad0d2b26e191b6a5831ee2cfd5243299715cfeceda9682,/home/yanbo/下载/batches/batch_person-fallen-v2-camera1p5m/final/344_h05-squatting-04.png,13570,True,unavailable,unavailable,unavailable,unavailable,unavailable
probe,DEV,P2L_A,1,P2L_A_20260827_103803_001,IMG_003745,DEV,hard_negative,pf_v2_aigc_h05-squatting,pf_v2_aigc_h05-squatting,2026-08-27T02:38:04.117191+00:00,2026-08-27T02:38:12.485295+00:00,8.368104,8.285873,8.280188171,6.985410339,0.135522362,0.44255028,0.00568482899999978,0.8436294193730105,0.016367063066832808,0.05344688681713294,598,51,True,stop,200,685bb9724b1faa96298c1e6cf8139774d82afbc9d2f30cdd154fbe5cb776951e,872e7210a216c9d496b7930f0b9cf4cef059012ab7c9c4aea23138f3dc8086fe,omitted,ea21f40aae14122b6aad0d2b26e191b6a5831ee2cfd5243299715cfeceda9682,/home/yanbo/下载/batches/batch_person-fallen-v2-camera1p5m/final/344_h05-squatting-04.png,13570,True,unavailable,unavailable,unavailable,unavailable,unavailable
probe,DEV,P2L_A,2,P2L_A_20260827_103803_002,IMG_003745,DEV,hard_negative,pf_v2_aigc_h05-squatting,pf_v2_aigc_h05-squatting,2026-08-27T02:38:12.487577+00:00,2026-08-27T02:38:14.014555+00:00,1.526978,1.52575,1.51851855,0.502385124,0.037306438,0.443926234,0.007231449999999917,0.33083897723870415,0.024567653783353516,0.2923416602319412,598,51,True,stop,200,685bb9724b1faa96298c1e6cf8139774d82afbc9d2f30cdd154fbe5cb776951e,872e7210a216c9d496b7930f0b9cf4cef059012ab7c9c4aea23138f3dc8086fe,omitted,ea21f40aae14122b6aad0d2b26e191b6a5831ee2cfd5243299715cfeceda9682,/home/yanbo/下载/batches/batch_person-fallen-v2-camera1p5m/final/344_h05-squatting-04.png,13570,False,unavailable,unavailable,unavailable,unavailable,unavailable
probe,DEV,P2L_A,3,P2L_A_20260827_103803_003,IMG_003745,DEV,hard_negative,pf_v2_aigc_h05-squatting,pf_v2_aigc_h05-squatting,2026-08-27T02:38:14.017093+00:00,2026-08-27T02:38:15.494185+00:00,1.477092,1.47608,1.469176246,0.486001798,0.037116458,0.451323199,0.006903754000000095,0.33079884004604304,0.025263448208513985,0.30719472917478685,598,51,True,stop,200,685bb9724b1faa96298c1e6cf8139774d82afbc9d2f30cdd154fbe5cb776951e,872e7210a216c9d496b7930f0b9cf4cef059012ab7c9c4aea23138f3dc8086fe,omitted,ea21f40aae14122b6aad0d2b26e191b6a5831ee2cfd5243299715cfeceda9682,/home/yanbo/下载/batches/batch_person-fallen-v2-camera1p5m/final/344_h05-squatting-04.png,13570,False,unavailable,unavailable,unavailable,unavailable,unavailable
probe,DEV,P2L_A,4,P2L_A_20260827_103803_004,IMG_003745,DEV,hard_negative,pf_v2_aigc_h05-squatting,pf_v2_aigc_h05-squatting,2026-08-27T02:38:15.496970+00:00,2026-08-27T02:38:16.934187+00:00,1.437217,1.436256,1.429469103,0.470529581,0.0371949,0.441803109,0.006786897000000014,0.3291638693081987,0.0260200797078718,0.3090679666127768,598,51,True,stop,200,685bb9724b1faa96298c1e6cf8139774d82afbc9d2f30cdd154fbe5cb776951e,872e7210a216c9d496b7930f0b9cf4cef059012ab7c9c4aea23138f3dc8086fe,omitted,ea21f40aae14122b6aad0d2b26e191b6a5831ee2cfd5243299715cfeceda9682,/home/yanbo/下载/batches/batch_person-fallen-v2-camera1p5m/final/344_h05-squatting-04.png,13570,False,unavailable,unavailable,unavailable,unavailable,unavailable
probe,DEV,P2L_A,5,P2L_A_20260827_103803_005,IMG_003745,DEV,hard_negative,pf_v2_aigc_h05-squatting,pf_v2_aigc_h05-squatting,2026-08-27T02:38:16.936643+00:00,2026-08-27T02:38:18.343850+00:00,1.407207,1.40581,1.398611565,0.439411433,0.037786225,0.438257645,0.0071984350000000585,0.31417689085103484,0.02701695448943324,0.31335193842759335,598,51,True,stop,200,685bb9724b1faa96298c1e6cf8139774d82afbc9d2f30cdd154fbe5cb776951e,872e7210a216c9d496b7930f0b9cf4cef059012ab7c9c4aea23138f3dc8086fe,omitted,ea21f40aae14122b6aad0d2b26e191b6a5831ee2cfd5243299715cfeceda9682,/home/yanbo/下载/batches/batch_person-fallen-v2-camera1p5m/final/344_h05-squatting-04.png,13570,False,unavailable,unavailable,unavailable,unavailable,unavailable
probe,DEV,P2L_A,6,P2L_A_20260827_103803_006,IMG_003745,DEV,hard_negative,pf_v2_aigc_h05-squatting,pf_v2_aigc_h05-squatting,2026-08-27T02:38:18.346259+00:00,2026-08-27T02:38:19.798096+00:00,1.451837,1.450764,1.444121057,0.491650868,0.057020416,0.427062334,0.006642942999999901,0.3404498990003994,0.039484512550806185,0.29572474684856004,598,51,True,stop,200,685bb9724b1faa96298c1e6cf8139774d82afbc9d2f30cdd154fbe5cb776951e,872e7210a216c9d496b7930f0b9cf4cef059012ab7c9c4aea23138f3dc8086fe,omitted,ea21f40aae14122b6aad0d2b26e191b6a5831ee2cfd5243299715cfeceda9682,/home/yanbo/下载/batches/batch_person-fallen-v2-camera1p5m/final/344_h05-squatting-04.png,13570,False,unavailable,unavailable,unavailable,unavailable,unavailable
probe,DEV,P2L_A,7,P2L_A_20260827_103803_007,IMG_003745,DEV,hard_negative,pf_v2_aigc_h05-squatting,pf_v2_aigc_h05-squatting,2026-08-27T02:38:19.801142+00:00,2026-08-27T02:38:21.216942+00:00,1.4158,1.414654,1.407511596,0.475735526,0.048453196,0.437099928,0.007142404000000102,0.33799758904437477,0.03442472242338812,0.3105480119966273,598,51,True,stop,200,685bb9724b1faa96298c1e6cf8139774d82afbc9d2f30cdd154fbe5cb776951e,872e7210a216c9d496b7930f0b9cf4cef059012ab7c9c4aea23138f3dc8086fe,omitted,ea21f40aae14122b6aad0d2b26e191b6a5831ee2cfd5243299715cfeceda9682,/home/yanbo/下载/batches/batch_person-fallen-v2-camera1p5m/final/344_h05-squatting-04.png,13570,False,unavailable,unavailable,unavailable,unavailable,unavailable
probe,DEV,P2L_A,8,P2L_A_20260827_103803_008,IMG_003745,DEV,hard_negative,pf_v2_aigc_h05-squatting,pf_v2_aigc_h05-squatting,2026-08-27T02:38:21.219546+00:00,2026-08-27T02:38:22.639149+00:00,1.419603,1.418579,1.410735697,0.478724255,0.036329765,0.435137011,0.007843303000000024,0.33934368855770153,0.025752353950677695,0.30844687061179543,598,51,True,stop,200,685bb9724b1faa96298c1e6cf8139774d82afbc9d2f30cdd154fbe5cb776951e,872e7210a216c9d496b7930f0b9cf4cef059012ab7c9c4aea23138f3dc8086fe,omitted,ea21f40aae14122b6aad0d2b26e191b6a5831ee2cfd5243299715cfeceda9682,/home/yanbo/下载/batches/batch_person-fallen-v2-camera1p5m/final/344_h05-squatting-04.png,13570,False,unavailable,unavailable,unavailable,unavailable,unavailable
probe,DEV,P2L_A,9,P2L_A_20260827_103803_009,IMG_003745,DEV,hard_negative,pf_v2_aigc_h05-squatting,pf_v2_aigc_h05-squatting,2026-08-27T02:38:22.641630+00:00,2026-08-27T02:38:24.022670+00:00,1.38104,1.379429,1.372376929,0.458570999,0.036737184,0.442066339,0.007052070999999938,0.33414362287053573,0.02676901893619635,0.32211729129118866,598,51,True,stop,200,685bb9724b1faa96298c1e6cf8139774d82afbc9d2f30cdd154fbe5cb776951e,872e7210a216c9d496b7930f0b9cf4cef059012ab7c9c4aea23138f3dc8086fe,omitted,ea21f40aae14122b6aad0d2b26e191b6a5831ee2cfd5243299715cfeceda9682,/home/yanbo/下载/batches/batch_person-fallen-v2-camera1p5m/final/344_h05-squatting-04.png,13570,False,unavailable,unavailable,unavailable,unavailable,unavailable
probe,DEV,P2L_A,10,P2L_A_20260827_103803_010,IMG_003745,DEV,hard_negative,pf_v2_aigc_h05-squatting,pf_v2_aigc_h05-squatting,2026-08-27T02:38:24.025264+00:00,2026-08-27T02:38:25.457782+00:00,1.432518,1.431345,1.424356513,0.452019519,0.053464489,0.440346001,0.006988487000000099,0.3173499856773569,0.03753588972426035,0.30915434231598166,598,51,True,stop,200,685bb9724b1faa96298c1e6cf8139774d82afbc9d2f30cdd154fbe5cb776951e,872e7210a216c9d496b7930f0b9cf4cef059012ab7c9c4aea23138f3dc8086fe,omitted,ea21f40aae14122b6aad0d2b26e191b6a5831ee2cfd5243299715cfeceda9682,/home/yanbo/下载/batches/batch_person-fallen-v2-camera1p5m/final/344_h05-squatting-04.png,13570,False,unavailable,unavailable,unavailable,unavailable,unavailable
probe,DEV,P2L_A,11,P2L_A_20260827_103803_011,IMG_003745,DEV,hard_negative,pf_v2_aigc_h05-squatting,pf_v2_aigc_h05-squatting,2026-08-27T02:38:25.460074+00:00,2026-08-27T02:38:26.921611+00:00,1.461537,1.460508,1.439216078,0.488981114,0.037093423,0.442493316,0.021291921999999852,0.33975517747099543,0.025773352290190298,0.3074544001863214,598,51,True,stop,200,685bb9724b1faa96298c1e6cf8139774d82afbc9d2f30cdd154fbe5cb776951e,872e7210a216c9d496b7930f0b9cf4cef059012ab7c9c4aea23138f3dc8086fe,omitted,ea21f40aae14122b6aad0d2b26e191b6a5831ee2cfd5243299715cfeceda9682,/home/yanbo/下载/batches/batch_person-fallen-v2-camera1p5m/final/344_h05-squatting-04.png,13570,False,unavailable,unavailable,unavailable,unavailable,unavailable
probe,DEV,P2L_A,12,P2L_A_20260827_103803_012,IMG_003745,DEV,hard_negative,pf_v2_aigc_h05-squatting,pf_v2_aigc_h05-squatting,2026-08-27T02:38:26.927673+00:00,2026-08-27T02:38:28.364642+00:00,1.436969,1.435105,1.426857688,0.503399451,0.035229212,0.454358963,0.008247312000000173,0.35280284448381516,0.024690067058740904,0.3184332725128787,598,51,True,stop,200,685bb9724b1faa96298c1e6cf8139774d82afbc9d2f30cdd154fbe5cb776951e,872e7210a216c9d496b7930f0b9cf4cef059012ab7c9c4aea23138f3dc8086fe,omitted,ea21f40aae14122b6aad0d2b26e191b6a5831ee2cfd5243299715cfeceda9682,/home/yanbo/下载/batches/batch_person-fallen-v2-camera1p5m/final/344_h05-squatting-04.png,13570,False,unavailable,unavailable,unavailable,unavailable,unavailable
probe,DEV,P2L_A,13,P2L_A_20260827_103803_013,IMG_003745,DEV,hard_negative,pf_v2_aigc_h05-squatting,pf_v2_aigc_h05-squatting,2026-08-27T02:38:28.737828+00:00,2026-08-27T02:38:30.130778+00:00,1.39295,1.391569,1.384328509,0.478245545,0.039632458,0.436233675,0.007240491000000127,0.3454711377326695,0.028629373549945436,0.3151229438416485,598,51,True,stop,200,685bb9724b1faa96298c1e6cf8139774d82afbc9d2f30cdd154fbe5cb776951e,872e7210a216c9d496b7930f0b9cf4cef059012ab7c9c4aea23138f3dc8086fe,omitted,ea21f40aae14122b6aad0d2b26e191b6a5831ee2cfd5243299715cfeceda9682,/home/yanbo/下载/batches/batch_person-fallen-v2-camera1p5m/final/344_h05-squatting-04.png,13570,False,unavailable,unavailable,unavailable,unavailable,unavailable
probe,DEV,P2L_A,14,P2L_A_20260827_103803_014,IMG_003745,DEV,hard_negative,pf_v2_aigc_h05-squatting,pf_v2_aigc_h05-squatting,2026-08-27T02:38:30.133161+00:00,2026-08-27T02:38:31.515066+00:00,1.381905,1.380738,1.372097953,0.462902981,0.036199614,0.440669509,0.008640047000000095,0.3373687570831906,0.026382674736050715,0.3211647594375502,598,51,True,stop,200,685bb9724b1faa96298c1e6cf8139774d82afbc9d2f30cdd154fbe5cb776951e,872e7210a216c9d496b7930f0b9cf4cef059012ab7c9c4aea23138f3dc8086fe,omitted,ea21f40aae14122b6aad0d2b26e191b6a5831ee2cfd5243299715cfeceda9682,/home/yanbo/下载/batches/batch_person-fallen-v2-camera1p5m/final/344_h05-squatting-04.png,13570,False,unavailable,unavailable,unavailable,unavailable,unavailable
probe,DEV,P2L_A,15,P2L_A_20260827_103803_015,IMG_003745,DEV,hard_negative,pf_v2_aigc_h05-squatting,pf_v2_aigc_h05-squatting,2026-08-27T02:38:31.517317+00:00,2026-08-27T02:38:32.805213+00:00,1.287896,1.286844,1.279748116,0.452419693,0.035705373,0.424037715,0.007095884000000163,0.35352245285118283,0.027900313001906384,0.33134466829721043,598,51,True,stop,200,685bb9724b1faa96298c1e6cf8139774d82afbc9d2f30cdd154fbe5cb776951e,872e7210a216c9d496b7930f0b9cf4cef059012ab7c9c4aea23138f3dc8086fe,omitted,ea21f40aae14122b6aad0d2b26e191b6a5831ee2cfd5243299715cfeceda9682,/home/yanbo/下载/batches/batch_person-fallen-v2-camera1p5m/final/344_h05-squatting-04.png,13570,False,unavailable,unavailable,unavailable,unavailable,unavailable
probe,DEV,P2L_A,16,P2L_A_20260827_103803_016,IMG_003745,DEV,hard_negative,pf_v2_aigc_h05-squatting,pf_v2_aigc_h05-squatting,2026-08-27T02:38:32.807358+00:00,2026-08-27T02:38:34.239826+00:00,1.432468,1.431455,1.424176282,0.455688003,0.036135862,0.442933914,0.007278718000000017,0.3199660103593833,0.025373166550178513,0.31101059580768947,598,51,True,stop,200,685bb9724b1faa96298c1e6cf8139774d82afbc9d2f30cdd154fbe5cb776951e,872e7210a216c9d496b7930f0b9cf4cef059012ab7c9c4aea23138f3dc8086fe,omitted,ea21f40aae14122b6aad0d2b26e191b6a5831ee2cfd5243299715cfeceda9682,/home/yanbo/下载/batches/batch_person-fallen-v2-camera1p5m/final/344_h05-squatting-04.png,13570,False,unavailable,unavailable,unavailable,unavailable,unavailable
probe,DEV,P2L_A,17,P2L_A_20260827_103803_017,IMG_003745,DEV,hard_negative,pf_v2_aigc_h05-squatting,pf_v2_aigc_h05-squatting,2026-08-27T02:38:34.242109+00:00,2026-08-27T02:38:35.696015+00:00,1.453906,1.453008,1.445971413,0.491804809,0.0341026,0.441620802,0.007036586999999983,0.3401206998827438,0.02358456031246587,0.30541461472170883,598,51,True,stop,200,685bb9724b1faa96298c1e6cf8139774d82afbc9d2f30cdd154fbe5cb776951e,872e7210a216c9d496b7930f0b9cf4cef059012ab7c9c4aea23138f3dc8086fe,omitted,ea21f40aae14122b6aad0d2b26e191b6a5831ee2cfd5243299715cfeceda9682,/home/yanbo/下载/batches/batch_person-fallen-v2-camera1p5m/final/344_h05-squatting-04.png,13570,False,unavailable,unavailable,unavailable,unavailable,unavailable
probe,DEV,P2L_A,18,P2L_A_20260827_103803_018,IMG_003745,DEV,hard_negative,pf_v2_aigc_h05-squatting,pf_v2_aigc_h05-squatting,2026-08-27T02:38:35.698456+00:00,2026-08-27T02:38:37.070971+00:00,1.372515,1.371212,1.364143198,0.432351328,0.036534331,0.442901949,0.007068802000000041,0.3169398407981506,0.02678188848030308,0.32467408821108235,598,51,True,stop,200,685bb9724b1faa96298c1e6cf8139774d82afbc9d2f30cdd154fbe5cb776951e,872e7210a216c9d496b7930f0b9cf4cef059012ab7c9c4aea23138f3dc8086fe,omitted,ea21f40aae14122b6aad0d2b26e191b6a5831ee2cfd5243299715cfeceda9682,/home/yanbo/下载/batches/batch_person-fallen-v2-camera1p5m/final/344_h05-squatting-04.png,13570,False,unavailable,unavailable,unavailable,unavailable,unavailable
probe,DEV,P2L_A,19,P2L_A_20260827_103803_019,IMG_003745,DEV,hard_negative,pf_v2_aigc_h05-squatting,pf_v2_aigc_h05-squatting,2026-08-27T02:38:37.073580+00:00,2026-08-27T02:38:38.443191+00:00,1.369611,1.368267,1.361255314,0.461662579,0.036620612,0.426873754,0.007011685999999795,0.33914473960319835,0.026902089287270906,0.31358831044387014,598,51,True,stop,200,685bb9724b1faa96298c1e6cf8139774d82afbc9d2f30cdd154fbe5cb776951e,872e7210a216c9d496b7930f0b9cf4cef059012ab7c9c4aea23138f3dc8086fe,omitted,ea21f40aae14122b6aad0d2b26e191b6a5831ee2cfd5243299715cfeceda9682,/home/yanbo/下载/batches/batch_person-fallen-v2-camera1p5m/final/344_h05-squatting-04.png,13570,False,unavailable,unavailable,unavailable,unavailable,unavailable
probe,DEV,P2L_A,20,P2L_A_20260827_103803_020,IMG_003745,DEV,hard_negative,pf_v2_aigc_h05-squatting,pf_v2_aigc_h05-squatting,2026-08-27T02:38:38.445849+00:00,2026-08-27T02:38:39.849314+00:00,1.403465,1.40242,1.394634339,0.45188211,0.055705954,0.43809544,0.007785660999999999,0.3240147595419275,0.039943053488804135,0.3141292507641317,598,51,True,stop,200,685bb9724b1faa96298c1e6cf8139774d82afbc9d2f30cdd154fbe5cb776951e,872e7210a216c9d496b7930f0b9cf4cef059012ab7c9c4aea23138f3dc8086fe,omitted,ea21f40aae14122b6aad0d2b26e191b6a5831ee2cfd5243299715cfeceda9682,/home/yanbo/下载/batches/batch_person-fallen-v2-camera1p5m/final/344_h05-squatting-04.png,13570,False,unavailable,unavailable,unavailable,unavailable,unavailable
probe,DEV,P2L_A,21,P2L_A_20260827_103803_021,IMG_003745,DEV,hard_negative,pf_v2_aigc_h05-squatting,pf_v2_aigc_h05-squatting,2026-08-27T02:38:39.851434+00:00,2026-08-27T02:38:41.271143+00:00,1.419709,1.417943,1.412094696,0.481662866,0.035309906,0.438988199,0.005848303999999915,0.3410981341155041,0.025005338593807734,0.3108773088968532,598,51,True,stop,200,685bb9724b1faa96298c1e6cf8139774d82afbc9d2f30cdd154fbe5cb776951e,872e7210a216c9d496b7930f0b9cf4cef059012ab7c9c4aea23138f3dc8086fe,omitted,ea21f40aae14122b6aad0d2b26e191b6a5831ee2cfd5243299715cfeceda9682,/home/yanbo/下载/batches/batch_person-fallen-v2-camera1p5m/final/344_h05-squatting-04.png,13570,False,unavailable,unavailable,unavailable,unavailable,unavailable
probe,DEV,P2L_A,22,P2L_A_20260827_103803_022,IMG_003745,DEV,hard_negative,pf_v2_aigc_h05-squatting,pf_v2_aigc_h05-squatting,2026-08-27T02:38:41.273679+00:00,2026-08-27T02:38:42.641108+00:00,1.367429,1.366388,1.35915636,0.424044894,0.036434945,0.435390919,0.007231639999999873,0.31199125169086506,0.02680702976661199,0.32033909549597367,598,51,True,stop,200,685bb9724b1faa96298c1e6cf8139774d82afbc9d2f30cdd154fbe5cb776951e,872e7210a216c9d496b7930f0b9cf4cef059012ab7c9c4aea23138f3dc8086fe,omitted,ea21f40aae14122b6aad0d2b26e191b6a5831ee2cfd5243299715cfeceda9682,/home/yanbo/下载/batches/batch_person-fallen-v2-camera1p5m/final/344_h05-squatting-04.png,13570,False,unavailable,unavailable,unavailable,unavailable,unavailable
probe,DEV,P2L_A,23,P2L_A_20260827_103803_023,IMG_003745,DEV,hard_negative,pf_v2_aigc_h05-squatting,pf_v2_aigc_h05-squatting,2026-08-27T02:38:42.644333+00:00,2026-08-27T02:38:44.039349+00:00,1.395016,1.393618,1.386480235,0.437074519,0.036825821,0.44062822,0.007137764999999963,0.31524035320993954,0.0265606534232347,0.31780346295380113,598,51,True,stop,200,685bb9724b1faa96298c1e6cf8139774d82afbc9d2f30cdd154fbe5cb776951e,872e7210a216c9d496b7930f0b9cf4cef059012ab7c9c4aea23138f3dc8086fe,omitted,ea21f40aae14122b6aad0d2b26e191b6a5831ee2cfd5243299715cfeceda9682,/home/yanbo/下载/batches/batch_person-fallen-v2-camera1p5m/final/344_h05-squatting-04.png,13570,False,unavailable,unavailable,unavailable,unavailable,unavailable
probe,DEV,P2L_A,24,P2L_A_20260827_103803_024,IMG_003745,DEV,hard_negative,pf_v2_aigc_h05-squatting,pf_v2_aigc_h05-squatting,2026-08-27T02:38:44.041905+00:00,2026-08-27T02:38:45.489981+00:00,1.448076,1.446645,1.43953193,0.480743553,0.045071273,0.443328849,0.007113069999999944,0.33395824224614457,0.03130967230438578,0.30796736061283475,598,51,True,stop,200,685bb9724b1faa96298c1e6cf8139774d82afbc9d2f30cdd154fbe5cb776951e,872e7210a216c9d496b7930f0b9cf4cef059012ab7c9c4aea23138f3dc8086fe,omitted,ea21f40aae14122b6aad0d2b26e191b6a5831ee2cfd5243299715cfeceda9682,/home/yanbo/下载/batches/batch_person-fallen-v2-camera1p5m/final/344_h05-squatting-04.png,13570,False,unavailable,unavailable,unavailable,unavailable,unavailable
probe,DEV,P2L_B,1,P2L_B_20260827_103851_001,IMG_003745,DEV,hard_negative,pf_v2_aigc_h05-squatting,pf_v2_aigc_h05-squatting,2026-08-27T02:38:51.462820+00:00,2026-08-27T02:38:52.961065+00:00,1.498245,1.43755,1.430174957,0.508403137,0.034394938,0.446456404,0.007375043000000137,0.3554831767341595,0.024049461803014916,0.31216908240129393,598,51,True,stop,200,685bb9724b1faa96298c1e6cf8139774d82afbc9d2f30cdd154fbe5cb776951e,872e7210a216c9d496b7930f0b9cf4cef059012ab7c9c4aea23138f3dc8086fe,30m,ea21f40aae14122b6aad0d2b26e191b6a5831ee2cfd5243299715cfeceda9682,/home/yanbo/下载/batches/batch_person-fallen-v2-camera1p5m/final/344_h05-squatting-04.png,13570,False,unavailable,unavailable,unavailable,unavailable,unavailable
probe,DEV,P2L_B,2,P2L_B_20260827_103851_002,IMG_003745,DEV,hard_negative,pf_v2_aigc_h05-squatting,pf_v2_aigc_h05-squatting,2026-08-27T02:38:52.963840+00:00,2026-08-27T02:38:54.338476+00:00,1.374636,1.373441,1.365885748,0.443442297,0.037500058,0.437889301,0.007555251999999957,0.32465548282446827,0.02745475458317763,0.3205899919822577,598,51,True,stop,200,685bb9724b1faa96298c1e6cf8139774d82afbc9d2f30cdd154fbe5cb776951e,872e7210a216c9d496b7930f0b9cf4cef059012ab7c9c4aea23138f3dc8086fe,30m,ea21f40aae14122b6aad0d2b26e191b6a5831ee2cfd5243299715cfeceda9682,/home/yanbo/下载/batches/batch_person-fallen-v2-camera1p5m/final/344_h05-squatting-04.png,13570,False,unavailable,unavailable,unavailable,unavailable,unavailable
probe,DEV,P2L_B,3,P2L_B_20260827_103851_003,IMG_003745,DEV,hard_negative,pf_v2_aigc_h05-squatting,pf_v2_aigc_h05-squatting,2026-08-27T02:38:54.341389+00:00,2026-08-27T02:38:55.751255+00:00,1.409866,1.408703,1.401186352,0.476861869,0.045174328,0.446490465,0.007516647999999959,0.34032722936484894,0.032240057102697214,0.3186517370531739,598,51,True,stop,200,685bb9724b1faa96298c1e6cf8139774d82afbc9d2f30cdd154fbe5cb776951e,872e7210a216c9d496b7930f0b9cf4cef059012ab7c9c4aea23138f3dc8086fe,30m,ea21f40aae14122b6aad0d2b26e191b6a5831ee2cfd5243299715cfeceda9682,/home/yanbo/下载/batches/batch_person-fallen-v2-camera1p5m/final/344_h05-squatting-04.png,13570,False,unavailable,unavailable,unavailable,unavailable,unavailable
probe,DEV,P2L_B,4,P2L_B_20260827_103851_004,IMG_003745,DEV,hard_negative,pf_v2_aigc_h05-squatting,pf_v2_aigc_h05-squatting,2026-08-27T02:38:55.753561+00:00,2026-08-27T02:38:57.139538+00:00,1.385977,1.385011,1.377732897,0.438109763,0.034636881,0.440054022,0.00727810299999998,0.3179932510532192,0.025140490638948576,0.3194044527485795,598,51,True,stop,200,685bb9724b1faa96298c1e6cf8139774d82afbc9d2f30cdd154fbe5cb776951e,872e7210a216c9d496b7930f0b9cf4cef059012ab7c9c4aea23138f3dc8086fe,30m,ea21f40aae14122b6aad0d2b26e191b6a5831ee2cfd5243299715cfeceda9682,/home/yanbo/下载/batches/batch_person-fallen-v2-camera1p5m/final/344_h05-squatting-04.png,13570,False,unavailable,unavailable,unavailable,unavailable,unavailable
probe,DEV,P2L_B,5,P2L_B_20260827_103851_005,IMG_003745,DEV,hard_negative,pf_v2_aigc_h05-squatting,pf_v2_aigc_h05-squatting,2026-08-27T02:38:57.142255+00:00,2026-08-27T02:38:58.549082+00:00,1.406827,1.405621,1.398348547,0.476467945,0.035413646,0.445367087,0.007272452999999901,0.34073618199282896,0.025325335429407785,0.31849504757271363,598,51,True,stop,200,685bb9724b1faa96298c1e6cf8139774d82afbc9d2f30cdd154fbe5cb776951e,872e7210a216c9d496b7930f0b9cf4cef059012ab7c9c4aea23138f3dc8086fe,30m,ea21f40aae14122b6aad0d2b26e191b6a5831ee2cfd5243299715cfeceda9682,/home/yanbo/下载/batches/batch_person-fallen-v2-camera1p5m/final/344_h05-squatting-04.png,13570,False,unavailable,unavailable,unavailable,unavailable,unavailable
probe,DEV,P2L_B,6,P2L_B_20260827_103851_006,IMG_003745,DEV,hard_negative,pf_v2_aigc_h05-squatting,pf_v2_aigc_h05-squatting,2026-08-27T02:38:58.551435+00:00,2026-08-27T02:38:59.938291+00:00,1.386856,1.3857,1.378380569,0.44175749,0.046845277,0.447137736,0.007319430999999987,0.32049021869228045,0.033985735183415806,0.32439352821434037,598,51,True,stop,200,685bb9724b1faa96298c1e6cf8139774d82afbc9d2f30cdd154fbe5cb776951e,872e7210a216c9d496b7930f0b9cf4cef059012ab7c9c4aea23138f3dc8086fe,30m,ea21f40aae14122b6aad0d2b26e191b6a5831ee2cfd5243299715cfeceda9682,/home/yanbo/下载/batches/batch_person-fallen-v2-camera1p5m/final/344_h05-squatting-04.png,13570,False,unavailable,unavailable,unavailable,unavailable,unavailable
probe,DEV,P2L_B,7,P2L_B_20260827_103851_007,IMG_003745,DEV,hard_negative,pf_v2_aigc_h05-squatting,pf_v2_aigc_h05-squatting,2026-08-27T02:38:59.940678+00:00,2026-08-27T02:39:01.369897+00:00,1.429219,1.428236,1.421356093,0.431542748,0.046619264,0.436240368,0.006879907000000074,0.30361339436703705,0.032799144584241775,0.30691842118131335,598,51,True,stop,200,685bb9724b1faa96298c1e6cf8139774d82afbc9d2f30cdd154fbe5cb776951e,872e7210a216c9d496b7930f0b9cf4cef059012ab7c9c4aea23138f3dc8086fe,30m,ea21f40aae14122b6aad0d2b26e191b6a5831ee2cfd5243299715cfeceda9682,/home/yanbo/下载/batches/batch_person-fallen-v2-camera1p5m/final/344_h05-squatting-04.png,13570,False,unavailable,unavailable,unavailable,unavailable,unavailable
probe,DEV,P2L_B,8,P2L_B_20260827_103851_008,IMG_003745,DEV,hard_negative,pf_v2_aigc_h05-squatting,pf_v2_aigc_h05-squatting,2026-08-27T02:39:01.372235+00:00,2026-08-27T02:39:02.820711+00:00,1.448476,1.447384,1.439994188,0.487652938,0.052250772,0.433172557,0.007389811999999996,0.3386492404370732,0.03628540478525876,0.3008154898191853,598,51,True,stop,200,685bb9724b1faa96298c1e6cf8139774d82afbc9d2f30cdd154fbe5cb776951e,872e7210a216c9d496b7930f0b9cf4cef059012ab7c9c4aea23138f3dc8086fe,30m,ea21f40aae14122b6aad0d2b26e191b6a5831ee2cfd5243299715cfeceda9682,/home/yanbo/下载/batches/batch_person-fallen-v2-camera1p5m/final/344_h05-squatting-04.png,13570,False,unavailable,unavailable,unavailable,unavailable,unavailable
probe,DEV,P2L_B,9,P2L_B_20260827_103851_009,IMG_003745,DEV,hard_negative,pf_v2_aigc_h05-squatting,pf_v2_aigc_h05-squatting,2026-08-27T02:39:02.822933+00:00,2026-08-27T02:39:04.238763+00:00,1.41583,1.414719,1.407108701,0.452919842,0.037864966,0.447821217,0.007610298999999987,0.32187978205103857,0.02690976608494442,0.31825630577207265,598,51,True,stop,200,685bb9724b1faa96298c1e6cf8139774d82afbc9d2f30cdd154fbe5cb776951e,872e7210a216c9d496b7930f0b9cf4cef059012ab7c9c4aea23138f3dc8086fe,30m,ea21f40aae14122b6aad0d2b26e191b6a5831ee2cfd5243299715cfeceda9682,/home/yanbo/下载/batches/batch_person-fallen-v2-camera1p5m/final/344_h05-squatting-04.png,13570,False,unavailable,unavailable,unavailable,unavailable,unavailable
probe,DEV,P2L_B,10,P2L_B_20260827_103851_010,IMG_003745,DEV,hard_negative,pf_v2_aigc_h05-squatting,pf_v2_aigc_h05-squatting,2026-08-27T02:39:04.241187+00:00,2026-08-27T02:39:05.638174+00:00,1.396987,1.395947,1.388882962,0.437899521,0.036892217,0.4502001,0.007064037999999995,0.3152890005716695,0.02656250959179093,0.3241454552453499,598,51,True,stop,200,685bb9724b1faa96298c1e6cf8139774d82afbc9d2f30cdd154fbe5cb776951e,872e7210a216c9d496b7930f0b9cf4cef059012ab7c9c4aea23138f3dc8086fe,30m,ea21f40aae14122b6aad0d2b26e191b6a5831ee2cfd5243299715cfeceda9682,/home/yanbo/下载/batches/batch_person-fallen-v2-camera1p5m/final/344_h05-squatting-04.png,13570,False,unavailable,unavailable,unavailable,unavailable,unavailable
probe,DEV,P2L_B,11,P2L_B_20260827_103851_011,IMG_003745,DEV,hard_negative,pf_v2_aigc_h05-squatting,pf_v2_aigc_h05-squatting,2026-08-27T02:39:05.640837+00:00,2026-08-27T02:39:07.039347+00:00,1.39851,1.397376,1.391198942,0.483711272,0.035075796,0.434851218,0.006177058000000013,0.3476938181857818,0.02521263849552295,0.3125729936042461,598,51,True,stop,200,685bb9724b1faa96298c1e6cf8139774d82afbc9d2f30cdd154fbe5cb776951e,872e7210a216c9d496b7930f0b9cf4cef059012ab7c9c4aea23138f3dc8086fe,30m,ea21f40aae14122b6aad0d2b26e191b6a5831ee2cfd5243299715cfeceda9682,/home/yanbo/下载/batches/batch_person-fallen-v2-camera1p5m/final/344_h05-squatting-04.png,13570,False,unavailable,unavailable,unavailable,unavailable,unavailable
probe,DEV,P2L_B,12,P2L_B_20260827_103851_012,IMG_003745,DEV,hard_negative,pf_v2_aigc_h05-squatting,pf_v2_aigc_h05-squatting,2026-08-27T02:39:07.041876+00:00,2026-08-27T02:39:08.480967+00:00,1.439091,1.438171,1.431263894,0.500138832,0.053409383,0.438005847,0.006907106000000107,0.3494385864805446,0.037316237224943226,0.30602731532330546,598,51,True,stop,200,685bb9724b1faa96298c1e6cf8139774d82afbc9d2f30cdd154fbe5cb776951e,872e7210a216c9d496b7930f0b9cf4cef059012ab7c9c4aea23138f3dc8086fe,30m,ea21f40aae14122b6aad0d2b26e191b6a5831ee2cfd5243299715cfeceda9682,/home/yanbo/下载/batches/batch_person-fallen-v2-camera1p5m/final/344_h05-squatting-04.png,13570,False,unavailable,unavailable,unavailable,unavailable,unavailable
probe,DEV,P2L_B,13,P2L_B_20260827_103851_013,IMG_003745,DEV,hard_negative,pf_v2_aigc_h05-squatting,pf_v2_aigc_h05-squatting,2026-08-27T02:39:08.856117+00:00,2026-08-27T02:39:10.169517+00:00,1.3134,1.312114,1.30515146,0.433499983,0.034925442,0.426574365,0.0069625399999999615,0.33214534579764404,0.026759685040692517,0.3268389746888074,598,51,True,stop,200,685bb9724b1faa96298c1e6cf8139774d82afbc9d2f30cdd154fbe5cb776951e,872e7210a216c9d496b7930f0b9cf4cef059012ab7c9c4aea23138f3dc8086fe,30m,ea21f40aae14122b6aad0d2b26e191b6a5831ee2cfd5243299715cfeceda9682,/home/yanbo/下载/batches/batch_person-fallen-v2-camera1p5m/final/344_h05-squatting-04.png,13570,False,unavailable,unavailable,unavailable,unavailable,unavailable
probe,DEV,P2L_B,14,P2L_B_20260827_103851_014,IMG_003745,DEV,hard_negative,pf_v2_aigc_h05-squatting,pf_v2_aigc_h05-squatting,2026-08-27T02:39:10.172299+00:00,2026-08-27T02:39:11.557503+00:00,1.385204,1.384001,1.376910337,0.46717079,0.035472577,0.433886659,0.0070906630000000526,0.33928918786234663,0.02576244512572063,0.3151161316323243,598,51,True,stop,200,685bb9724b1faa96298c1e6cf8139774d82afbc9d2f30cdd154fbe5cb776951e,872e7210a216c9d496b7930f0b9cf4cef059012ab7c9c4aea23138f3dc8086fe,30m,ea21f40aae14122b6aad0d2b26e191b6a5831ee2cfd5243299715cfeceda9682,/home/yanbo/下载/batches/batch_person-fallen-v2-camera1p5m/final/344_h05-squatting-04.png,13570,False,unavailable,unavailable,unavailable,unavailable,unavailable
probe,DEV,P2L_B,15,P2L_B_20260827_103851_015,IMG_003745,DEV,hard_negative,pf_v2_aigc_h05-squatting,pf_v2_aigc_h05-squatting,2026-08-27T02:39:11.559831+00:00,2026-08-27T02:39:12.933994+00:00,1.374163,1.373137,1.366336201,0.432321125,0.049614106,0.439694852,0.0068007990000000795,0.3164090395054972,0.03631178473035276,0.3218057544535483,598,51,True,stop,200,685bb9724b1faa96298c1e6cf8139774d82afbc9d2f30cdd154fbe5cb776951e,872e7210a216c9d496b7930f0b9cf4cef059012ab7c9c4aea23138f3dc8086fe,30m,ea21f40aae14122b6aad0d2b26e191b6a5831ee2cfd5243299715cfeceda9682,/home/yanbo/下载/batches/batch_person-fallen-v2-camera1p5m/final/344_h05-squatting-04.png,13570,False,unavailable,unavailable,unavailable,unavailable,unavailable
probe,DEV,P2L_B,16,P2L_B_20260827_103851_016,IMG_003745,DEV,hard_negative,pf_v2_aigc_h05-squatting,pf_v2_aigc_h05-squatting,2026-08-27T02:39:12.936492+00:00,2026-08-27T02:39:14.326301+00:00,1.389809,1.388693,1.381694035,0.488337659,0.036241274,0.439220895,0.006998964999999968,0.35343400682771275,0.026229594311015462,0.3178857864867311,598,51,True,stop,200,685bb9724b1faa96298c1e6cf8139774d82afbc9d2f30cdd154fbe5cb776951e,872e7210a216c9d496b7930f0b9cf4cef059012ab7c9c4aea23138f3dc8086fe,30m,ea21f40aae14122b6aad0d2b26e191b6a5831ee2cfd5243299715cfeceda9682,/home/yanbo/下载/batches/batch_person-fallen-v2-camera1p5m/final/344_h05-squatting-04.png,13570,False,unavailable,unavailable,unavailable,unavailable,unavailable
probe,DEV,P2L_B,17,P2L_B_20260827_103851_017,IMG_003745,DEV,hard_negative,pf_v2_aigc_h05-squatting,pf_v2_aigc_h05-squatting,2026-08-27T02:39:14.328456+00:00,2026-08-27T02:39:15.679837+00:00,1.351381,1.350488,1.343341723,0.440983632,0.035684588,0.431110031,0.007146276999999923,0.3282736063726058,0.026564043525952482,0.3209235770904437,598,51,True,stop,200,685bb9724b1faa96298c1e6cf8139774d82afbc9d2f30cdd154fbe5cb776951e,872e7210a216c9d496b7930f0b9cf4cef059012ab7c9c4aea23138f3dc8086fe,30m,ea21f40aae14122b6aad0d2b26e191b6a5831ee2cfd5243299715cfeceda9682,/home/yanbo/下载/batches/batch_person-fallen-v2-camera1p5m/final/344_h05-squatting-04.png,13570,False,unavailable,unavailable,unavailable,unavailable,unavailable
probe,DEV,P2L_B,18,P2L_B_20260827_103851_018,IMG_003745,DEV,hard_negative,pf_v2_aigc_h05-squatting,pf_v2_aigc_h05-squatting,2026-08-27T02:39:15.682424+00:00,2026-08-27T02:39:17.087052+00:00,1.404628,1.403581,1.396520085,0.483084274,0.041974829,0.430721337,0.0070609150000000565,0.34592003307993957,0.030056731335876205,0.30842473490096634,598,51,True,stop,200,685bb9724b1faa96298c1e6cf8139774d82afbc9d2f30cdd154fbe5cb776951e,872e7210a216c9d496b7930f0b9cf4cef059012ab7c9c4aea23138f3dc8086fe,30m,ea21f40aae14122b6aad0d2b26e191b6a5831ee2cfd5243299715cfeceda9682,/home/yanbo/下载/batches/batch_person-fallen-v2-camera1p5m/final/344_h05-squatting-04.png,13570,False,unavailable,unavailable,unavailable,unavailable,unavailable
probe,DEV,P2L_B,19,P2L_B_20260827_103851_019,IMG_003745,DEV,hard_negative,pf_v2_aigc_h05-squatting,pf_v2_aigc_h05-squatting,2026-08-27T02:39:17.089595+00:00,2026-08-27T02:39:18.507717+00:00,1.418122,1.416525,1.408634763,0.482195389,0.035267093,0.443900136,0.007890237000000022,0.34231399200532153,0.02503636423460891,0.3151279150988836,598,51,True,stop,200,685bb9724b1faa96298c1e6cf8139774d82afbc9d2f30cdd154fbe5cb776951e,872e7210a216c9d496b7930f0b9cf4cef059012ab7c9c4aea23138f3dc8086fe,30m,ea21f40aae14122b6aad0d2b26e191b6a5831ee2cfd5243299715cfeceda9682,/home/yanbo/下载/batches/batch_person-fallen-v2-camera1p5m/final/344_h05-squatting-04.png,13570,False,unavailable,unavailable,unavailable,unavailable,unavailable
probe,DEV,P2L_B,20,P2L_B_20260827_103851_020,IMG_003745,DEV,hard_negative,pf_v2_aigc_h05-squatting,pf_v2_aigc_h05-squatting,2026-08-27T02:39:18.509947+00:00,2026-08-27T02:39:19.888096+00:00,1.378149,1.377162,1.369060238,0.447777257,0.05310107,0.432497206,0.008101761999999901,0.3270690686730761,0.03878651101398797,0.3159080908169652,598,51,True,stop,200,685bb9724b1faa96298c1e6cf8139774d82afbc9d2f30cdd154fbe5cb776951e,872e7210a216c9d496b7930f0b9cf4cef059012ab7c9c4aea23138f3dc8086fe,30m,ea21f40aae14122b6aad0d2b26e191b6a5831ee2cfd5243299715cfeceda9682,/home/yanbo/下载/batches/batch_person-fallen-v2-camera1p5m/final/344_h05-squatting-04.png,13570,False,unavailable,unavailable,unavailable,unavailable,unavailable
probe,DEV,P2L_B,21,P2L_B_20260827_103851_021,IMG_003745,DEV,hard_negative,pf_v2_aigc_h05-squatting,pf_v2_aigc_h05-squatting,2026-08-27T02:39:19.890544+00:00,2026-08-27T02:39:21.332249+00:00,1.441705,1.440715,1.433460867,0.49110059,0.033913625,0.436112267,0.007254132999999996,0.3425978352850284,0.023658563537193516,0.30423730221021794,598,51,True,stop,200,685bb9724b1faa96298c1e6cf8139774d82afbc9d2f30cdd154fbe5cb776951e,872e7210a216c9d496b7930f0b9cf4cef059012ab7c9c4aea23138f3dc8086fe,30m,ea21f40aae14122b6aad0d2b26e191b6a5831ee2cfd5243299715cfeceda9682,/home/yanbo/下载/batches/batch_person-fallen-v2-camera1p5m/final/344_h05-squatting-04.png,13570,False,unavailable,unavailable,unavailable,unavailable,unavailable
probe,DEV,P2L_B,22,P2L_B_20260827_103851_022,IMG_003745,DEV,hard_negative,pf_v2_aigc_h05-squatting,pf_v2_aigc_h05-squatting,2026-08-27T02:39:21.334686+00:00,2026-08-27T02:39:22.703012+00:00,1.368326,1.367152,1.359739491,0.423723524,0.036897298,0.436246866,0.0074125089999999005,0.31162110595786174,0.027135564013710037,0.32083120986591984,598,51,True,stop,200,685bb9724b1faa96298c1e6cf8139774d82afbc9d2f30cdd154fbe5cb776951e,872e7210a216c9d496b7930f0b9cf4cef059012ab7c9c4aea23138f3dc8086fe,30m,ea21f40aae14122b6aad0d2b26e191b6a5831ee2cfd5243299715cfeceda9682,/home/yanbo/下载/batches/batch_person-fallen-v2-camera1p5m/final/344_h05-squatting-04.png,13570,False,unavailable,unavailable,unavailable,unavailable,unavailable
probe,DEV,P2L_B,23,P2L_B_20260827_103851_023,IMG_003745,DEV,hard_negative,pf_v2_aigc_h05-squatting,pf_v2_aigc_h05-squatting,2026-08-27T02:39:22.705787+00:00,2026-08-27T02:39:24.091407+00:00,1.38562,1.384478,1.377498783,0.466559872,0.034421059,0.440628504,0.0069792170000000375,0.33870075077953804,0.02498808668638947,0.31987578460169136,598,51,True,stop,200,685bb9724b1faa96298c1e6cf8139774d82afbc9d2f30cdd154fbe5cb776951e,872e7210a216c9d496b7930f0b9cf4cef059012ab7c9c4aea23138f3dc8086fe,30m,ea21f40aae14122b6aad0d2b26e191b6a5831ee2cfd5243299715cfeceda9682,/home/yanbo/下载/batches/batch_person-fallen-v2-camera1p5m/final/344_h05-squatting-04.png,13570,False,unavailable,unavailable,unavailable,unavailable,unavailable
probe,DEV,P2L_B,24,P2L_B_20260827_103851_024,IMG_003745,DEV,hard_negative,pf_v2_aigc_h05-squatting,pf_v2_aigc_h05-squatting,2026-08-27T02:39:24.093781+00:00,2026-08-27T02:39:25.513081+00:00,1.4193,1.418136,1.410855507,0.477245471,0.055482554,0.434972802,0.00728049300000011,0.33826672443218525,0.03932546864276443,0.30830428760554857,598,51,True,stop,200,685bb9724b1faa96298c1e6cf8139774d82afbc9d2f30cdd154fbe5cb776951e,872e7210a216c9d496b7930f0b9cf4cef059012ab7c9c4aea23138f3dc8086fe,30m,ea21f40aae14122b6aad0d2b26e191b6a5831ee2cfd5243299715cfeceda9682,/home/yanbo/下载/batches/batch_person-fallen-v2-camera1p5m/final/344_h05-squatting-04.png,13570,False,unavailable,unavailable,unavailable,unavailable,unavailable
probe,DEV,P2L_C,1,P2L_C_20260827_103933_001,IMG_004002,DEV,positive,pf_v2_aigc_p03-prone-on-floor,pf_v2_aigc_p03-prone-on-floor,2026-08-27T02:39:33.966023+00:00,2026-08-27T02:39:35.829345+00:00,1.863322,1.796118,1.788336093,0.440024236,0.125306222,0.640043447,0.007781907000000032,0.2460523151785429,0.07006860874221588,0.3578988588919566,598,75,True,stop,200,685bb9724b1faa96298c1e6cf8139774d82afbc9d2f30cdd154fbe5cb776951e,872e7210a216c9d496b7930f0b9cf4cef059012ab7c9c4aea23138f3dc8086fe,omitted,f0afef1f06a16d9f91cbc9eb9a52cecd79d692a10c0624b6f169255a562f6374,/home/yanbo/下载/batches/batch_person-fallen-v2-camera1p5m/final/21_p03-prone-on-floor-01.png,19849,False,unavailable,unavailable,unavailable,unavailable,unavailable
probe,DEV,P2L_C,2,P2L_C_20260827_103933_002,IMG_004022,DEV,positive,pf_v2_aigc_p05-side-lying-on-floor,pf_v2_aigc_p05-side-lying-on-floor,2026-08-27T02:39:35.832057+00:00,2026-08-27T02:39:37.680236+00:00,1.848179,1.740794,1.733529926,0.45564446,0.126031944,0.600903624,0.007264073999999843,0.2628419926106311,0.07270249109042494,0.3466358526538641,598,70,True,stop,200,685bb9724b1faa96298c1e6cf8139774d82afbc9d2f30cdd154fbe5cb776951e,872e7210a216c9d496b7930f0b9cf4cef059012ab7c9c4aea23138f3dc8086fe,omitted,2a56166420080f6334e879608539170bdb9c06953e57519f7df004838705a3e2,/home/yanbo/下载/batches/batch_person-fallen-v2-camera1p5m/final/41_p05-side-lying-on-floor-01.png,19445,False,unavailable,unavailable,unavailable,unavailable,unavailable
probe,DEV,P2L_C,3,P2L_C_20260827_103933_003,IMG_004032,DEV,positive,pf_v2_aigc_p06-side-lying-on-floor,pf_v2_aigc_p06-side-lying-on-floor,2026-08-27T02:39:37.682648+00:00,2026-08-27T02:39:39.664322+00:00,1.981674,1.910301,1.902706781,0.438094978,0.12783194,0.719612717,0.007594219000000013,0.23024828753159315,0.06718425627979091,0.3782047366340888,598,86,True,stop,200,685bb9724b1faa96298c1e6cf8139774d82afbc9d2f30cdd154fbe5cb776951e,872e7210a216c9d496b7930f0b9cf4cef059012ab7c9c4aea23138f3dc8086fe,omitted,543366363d22efbbb907b006f3f86b877eea519fe5c6c98dad0cd699d9078b8f,/home/yanbo/下载/batches/batch_person-fallen-v2-camera1p5m/final/51_p06-side-lying-on-floor-01.png,19823,False,unavailable,unavailable,unavailable,unavailable,unavailable
probe,DEV,P2L_C,4,P2L_C_20260827_103933_004,IMG_004042,DEV,positive,pf_v2_aigc_p07-irregular-sprawled-posture,pf_v2_aigc_p07-irregular-sprawled-posture,2026-08-27T02:39:39.666673+00:00,2026-08-27T02:39:41.422103+00:00,1.75543,1.694997,1.687046435,0.522156688,0.14168957,0.46751704,0.00795056500000002,0.3095093751820767,0.08398676352971872,0.2771216193583907,598,55,True,stop,200,685bb9724b1faa96298c1e6cf8139774d82afbc9d2f30cdd154fbe5cb776951e,872e7210a216c9d496b7930f0b9cf4cef059012ab7c9c4aea23138f3dc8086fe,omitted,cb3fc95186cc9c5c8dba3642c4f7c827e2db6f76e0bc774ca4877489681ba90a,/home/yanbo/下载/batches/batch_person-fallen-v2-camera1p5m/final/61_p07-irregular-sprawled-posture-01.png,14608,False,unavailable,unavailable,unavailable,unavailable,unavailable
probe,DEV,P2L_C,5,P2L_C_20260827_103933_005,IMG_003882,DEV,negative,pf_v2_aigc_n01-normal-standing,pf_v2_aigc_n01-normal-standing,2026-08-27T02:39:41.424481+00:00,2026-08-27T02:39:43.095685+00:00,1.671204,1.608459,1.601295811,0.498538429,0.140271224,0.390610951,0.007163189000000125,0.31133437405838565,0.0875985705054717,0.2439342864177392,598,47,True,stop,200,685bb9724b1faa96298c1e6cf8139774d82afbc9d2f30cdd154fbe5cb776951e,872e7210a216c9d496b7930f0b9cf4cef059012ab7c9c4aea23138f3dc8086fe,omitted,457cfa92c5ab41f354d579c4d14852a123235fc8e559db33a211b7302b050029,/home/yanbo/下载/batches/batch_person-fallen-v2-camera1p5m/final/201_n01-normal-standing-01.png,20131,False,unavailable,unavailable,unavailable,unavailable,unavailable
probe,DEV,P2L_C,6,P2L_C_20260827_103933_006,IMG_003912,DEV,negative,pf_v2_aigc_n04-normal-seated-on-chair-stool,pf_v2_aigc_n04-normal-seated-on-chair-stool,2026-08-27T02:39:43.098002+00:00,2026-08-27T02:39:44.730107+00:00,1.632105,1.564412,1.557188179,0.45103263,0.132434539,0.456396035,0.007223820999999964,0.2896455522091399,0.08504722857904509,0.2930898404925536,598,54,True,stop,200,685bb9724b1faa96298c1e6cf8139774d82afbc9d2f30cdd154fbe5cb776951e,872e7210a216c9d496b7930f0b9cf4cef059012ab7c9c4aea23138f3dc8086fe,omitted,9968329187d7c0273dcc1769c05d88e846009f0fd54a7d280664fca6706c0a46,/home/yanbo/下载/batches/batch_person-fallen-v2-camera1p5m/final/231_n04-normal-seated-on-chair-stool-01.png,25261,False,unavailable,unavailable,unavailable,unavailable,unavailable
probe,DEV,P2L_C,7,P2L_C_20260827_103933_007,IMG_003922,DEV,negative,pf_v2_aigc_n05-normal-work-activity,pf_v2_aigc_n05-normal-work-activity,2026-08-27T02:39:44.732733+00:00,2026-08-27T02:39:46.554509+00:00,1.821776,1.755782,1.748140179,0.554933283,0.129011115,0.532656429,0.007641820999999993,0.3174420962725324,0.07379906746025315,0.3046989225456158,598,64,True,stop,200,685bb9724b1faa96298c1e6cf8139774d82afbc9d2f30cdd154fbe5cb776951e,872e7210a216c9d496b7930f0b9cf4cef059012ab7c9c4aea23138f3dc8086fe,omitted,9f097226ab0671e7a218fd1c82a58aebe647087f9a516133b29a28046bfc2abc,/home/yanbo/下载/batches/batch_person-fallen-v2-camera1p5m/final/241_n05-normal-work-activity-01.png,20901,False,unavailable,unavailable,unavailable,unavailable,unavailable
probe,DEV,P2L_C,8,P2L_C_20260827_103933_008,IMG_003932,DEV,negative,pf_v2_aigc_n06-normal-work-activity,pf_v2_aigc_n06-normal-work-activity,2026-08-27T02:39:46.558865+00:00,2026-08-27T02:39:48.191825+00:00,1.63296,1.564871,1.557854673,0.46932176,0.154302851,0.414157311,0.007016326999999878,0.3012615798726689,0.09904829614360311,0.26585105669866294,598,48,True,stop,200,685bb9724b1faa96298c1e6cf8139774d82afbc9d2f30cdd154fbe5cb776951e,872e7210a216c9d496b7930f0b9cf4cef059012ab7c9c4aea23138f3dc8086fe,omitted,0d5585e07f3b9fedc834975e2be54f134752f0ccb301ee4e02cd2c06106f94c8,/home/yanbo/下载/batches/batch_person-fallen-v2-camera1p5m/final/251_n06-normal-work-activity-01.png,17657,False,unavailable,unavailable,unavailable,unavailable,unavailable
probe,DEV,P2L_C,9,P2L_C_20260827_103933_009,IMG_003712,DEV,hard_negative,pf_v2_aigc_h02-sitting-on-floor,pf_v2_aigc_h02-sitting-on-floor,2026-08-27T02:39:48.194208+00:00,2026-08-27T02:39:49.875389+00:00,1.681181,1.622174,1.614377666,0.44024228,0.129679215,0.526615435,0.007796334000000016,0.27270092325472,0.08032768151538587,0.32620336993685833,598,62,True,stop,200,685bb9724b1faa96298c1e6cf8139774d82afbc9d2f30cdd154fbe5cb776951e,872e7210a216c9d496b7930f0b9cf4cef059012ab7c9c4aea23138f3dc8086fe,omitted,a08dc0677c5f0c67aecd4897fe8c39f6112c2732b2182b3d889b03b5a98b617d,/home/yanbo/下载/batches/batch_person-fallen-v2-camera1p5m/final/311_h02-sitting-on-floor-01.png,14028,False,unavailable,unavailable,unavailable,unavailable,unavailable
probe,DEV,P2L_C,10,P2L_C_20260827_103933_010,IMG_003722,DEV,hard_negative,pf_v2_aigc_h03-kneeling,pf_v2_aigc_h03-kneeling,2026-08-27T02:39:49.878063+00:00,2026-08-27T02:39:51.718332+00:00,1.840269,1.776742,1.769284312,0.505548759,0.132978122,0.549838121,0.007457688000000129,0.28573630341441697,0.07515927264944856,0.3107686635046589,598,65,True,stop,200,685bb9724b1faa96298c1e6cf8139774d82afbc9d2f30cdd154fbe5cb776951e,872e7210a216c9d496b7930f0b9cf4cef059012ab7c9c4aea23138f3dc8086fe,omitted,8abaec058bf120acbbc5434c306d186beb4b4ab37623f024a025f10b349d0950,/home/yanbo/下载/batches/batch_person-fallen-v2-camera1p5m/final/321_h03-kneeling-01.png,21395,False,unavailable,unavailable,unavailable,unavailable,unavailable
probe,DEV,P2L_C,11,P2L_C_20260827_103933_011,IMG_003732,DEV,hard_negative,pf_v2_aigc_h04-kneeling,pf_v2_aigc_h04-kneeling,2026-08-27T02:39:51.720650+00:00,2026-08-27T02:39:53.560905+00:00,1.840255,1.76101,1.752384915,0.50551093,0.132730272,0.545759811,0.008625085000000032,0.28847025883009275,0.07574264698575085,0.31143831833316143,598,65,True,stop,200,685bb9724b1faa96298c1e6cf8139774d82afbc9d2f30cdd154fbe5cb776951e,872e7210a216c9d496b7930f0b9cf4cef059012ab7c9c4aea23138f3dc8086fe,omitted,5c88c36cb9519b09e448c3487508aa73ed4bd2a763f46680bf9322017a3df9e0,/home/yanbo/下载/batches/batch_person-fallen-v2-camera1p5m/final/331_h04-kneeling-01.png,17118,False,unavailable,unavailable,unavailable,unavailable,unavailable
probe,DEV,P2L_C,12,P2L_C_20260827_103933_012,IMG_003742,DEV,hard_negative,pf_v2_aigc_h05-squatting,pf_v2_aigc_h05-squatting,2026-08-27T02:39:53.563651+00:00,2026-08-27T02:39:55.138256+00:00,1.574605,1.50176,1.496442346,0.423649443,0.135792669,0.380773889,0.0053176539999999495,0.2831044203823941,0.09074366905145038,0.254452762592432,598,45,True,stop,200,685bb9724b1faa96298c1e6cf8139774d82afbc9d2f30cdd154fbe5cb776951e,872e7210a216c9d496b7930f0b9cf4cef059012ab7c9c4aea23138f3dc8086fe,omitted,c9a1818d75502dd3d49f09aec32fd72a5c3d4f4753628f8e446bd05431687831,/home/yanbo/下载/batches/batch_person-fallen-v2-camera1p5m/final/341_h05-squatting-01.png,18767,False,unavailable,unavailable,unavailable,unavailable,unavailable
probe,DEV,P2L_C,13,P2L_C_20260827_103933_013,IMG_003762,DEV,hard_negative,pf_v2_aigc_h07-deep-bending-picking-up-items,pf_v2_aigc_h07-deep-bending-picking-up-items,2026-08-27T02:39:55.140431+00:00,2026-08-27T02:39:56.944771+00:00,1.80434,1.745578,1.737560431,0.445651,0.133832795,0.636517754,0.008017569000000169,0.2564808636575127,0.077023390157991,0.36632841232098706,598,73,True,stop,200,685bb9724b1faa96298c1e6cf8139774d82afbc9d2f30cdd154fbe5cb776951e,872e7210a216c9d496b7930f0b9cf4cef059012ab7c9c4aea23138f3dc8086fe,omitted,3cd2d69225587134247c61e84a90055f9263867f885b60900d79f8b8694c91d7,/home/yanbo/下载/batches/batch_person-fallen-v2-camera1p5m/final/361_h07-deep-bending-picking-up-items-01.png,17713,False,unavailable,unavailable,unavailable,unavailable,unavailable
probe,DEV,P2L_C,14,P2L_C_20260827_103933_014,IMG_003772,DEV,hard_negative,pf_v2_aigc_h08-deep-bending-picking-up-items,pf_v2_aigc_h08-deep-bending-picking-up-items,2026-08-27T02:39:56.947305+00:00,2026-08-27T02:39:58.416828+00:00,1.469523,1.407156,1.399170524,0.425364323,0.125338579,0.41091458,0.007985475999999991,0.30401178105435844,0.08958063141701804,0.29368441726835576,598,48,True,stop,200,685bb9724b1faa96298c1e6cf8139774d82afbc9d2f30cdd154fbe5cb776951e,872e7210a216c9d496b7930f0b9cf4cef059012ab7c9c4aea23138f3dc8086fe,omitted,f04fb21225a9ff7f6c6452c2b9958413bffe162dafc13672883e5f8b88f90b19,/home/yanbo/下载/batches/batch_person-fallen-v2-camera1p5m/final/371_h08-deep-bending-picking-up-items-01.png,17487,False,unavailable,unavailable,unavailable,unavailable,unavailable
probe,DEV,P2L_C,15,P2L_C_20260827_103933_015,IMG_003782,DEV,hard_negative,pf_v2_aigc_h09-exercise-push-up-plank,pf_v2_aigc_h09-exercise-push-up-plank,2026-08-27T02:39:58.419303+00:00,2026-08-27T02:40:00.280133+00:00,1.86083,1.798596,1.791045165,0.482724808,0.126875316,0.613375633,0.007550834999999978,0.26952129261352264,0.07083870271914666,0.34246798739997153,598,72,True,stop,200,685bb9724b1faa96298c1e6cf8139774d82afbc9d2f30cdd154fbe5cb776951e,872e7210a216c9d496b7930f0b9cf4cef059012ab7c9c4aea23138f3dc8086fe,omitted,44e8623e2ad766479925476c92fbab18bc3c1e7ba9e45c5654134bc13c936f2c,/home/yanbo/下载/batches/batch_person-fallen-v2-camera1p5m/final/381_h09-exercise-push-up-plank-01.png,18950,False,unavailable,unavailable,unavailable,unavailable,unavailable
probe,DEV,P2L_C,16,P2L_C_20260827_103933_016,IMG_003713,DEV,hard_negative,pf_v2_aigc_h02-sitting-on-floor,pf_v2_aigc_h02-sitting-on-floor,2026-08-27T02:40:00.282555+00:00,2026-08-27T02:40:01.859456+00:00,1.576901,1.513582,1.506178898,0.435603462,0.128097013,0.512041968,0.00740310200000005,0.2892109712720195,0.08504767472847705,0.3399609227562024,598,61,True,stop,200,685bb9724b1faa96298c1e6cf8139774d82afbc9d2f30cdd154fbe5cb776951e,872e7210a216c9d496b7930f0b9cf4cef059012ab7c9c4aea23138f3dc8086fe,omitted,74c096570ad1109e55ec956d25c76b0c3fe1a9dc51eef03da1642c07d7a765b9,/home/yanbo/下载/batches/batch_person-fallen-v2-camera1p5m/final/312_h02-sitting-on-floor-02.png,16301,False,unavailable,unavailable,unavailable,unavailable,unavailable
