request_id,media_id,split,event_label,sample_role,scenario_id,group_id,image_sha256,predicted_status,predicted_binary_alert,evidence,response_nonempty,thinking_present,http_ok,json_ok,schema_ok,canonical_ok,attempt_count,latency_seconds,done,done_reason,eval_count,is_correct,error_type,real_person,support_surface,torso_pelvis_state,active_nonlying_support,nonlying_posture_type,direct_status,direct_alert,rule_status,rule_alert,direct_is_correct,rule_is_correct,structured_conflict,conflict_reason,rule_canonical_ok
P3_DESIGN_C3_BASELINE_20260827_112220_001,IMG_003712,DEV,0,hard_negative,pf_v2_aigc_h02-sitting-on-floor,pf_v2_aigc_h02-sitting-on-floor,a08dc0677c5f0c67aecd4897fe8c39f6112c2732b2182b3d889b03b5a98b617d,negative,false,"The person is in a floor-sitting posture with buttocks contacting the industrial floor, knees bent, and torso upright. The legs are actively supporting the body in a seated position, not a lying state.",true,false,true,true,true,true,1,6.895656,true,stop,62,true,,,,,,,negative,false,protocol_failure,,true,,false,,false
P3_DESIGN_C3_BASELINE_20260827_112220_002,IMG_003713,DEV,0,hard_negative,pf_v2_aigc_h02-sitting-on-floor,pf_v2_aigc_h02-sitting-on-floor,74c096570ad1109e55ec956d25c76b0c3fe1a9dc51eef03da1642c07d7a765b9,negative,false,"The person is sitting on the floor with legs crossed (floor sitting), supported by buttocks and feet, not lying. Torso is upright, not horizontally collapsed. No prone or supine posture.",true,false,true,true,true,true,1,1.541495,true,stop,61,true,,,,,,,negative,false,protocol_failure,,true,,false,,false
P3_DESIGN_C3_BASELINE_20260827_112220_003,IMG_003714,DEV,0,hard_negative,pf_v2_aigc_h02-sitting-on-floor,pf_v2_aigc_h02-sitting-on-floor,26e8e9b1f421aeada92548231e0b832e6d0554ffe2dab403516c7c7a2df75a5c,negative,false,"The person is sitting on the floor with legs extended and torso upright, supported by buttocks and back, not in a lying or collapsed state.",true,false,true,true,true,true,1,1.466540,true,stop,50,true,,,,,,,negative,false,protocol_failure,,true,,false,,false
P3_DESIGN_C3_BASELINE_20260827_112220_004,IMG_003715,DEV,0,hard_negative,pf_v2_aigc_h02-sitting-on-floor,pf_v2_aigc_h02-sitting-on-floor,da3050615af0f957ee851f59d0ba1728110d72e2ce5799555015baa71545303d,negative,false,"The person is sitting on the floor with legs extended and torso upright, supported by buttocks and back, not in a lying or collapsed state.",true,false,true,true,true,true,1,1.515785,true,stop,50,true,,,,,,,negative,false,protocol_failure,,true,,false,,false
P3_DESIGN_C3_BASELINE_20260827_112220_005,IMG_003716,DEV,0,hard_negative,pf_v2_aigc_h02-sitting-on-floor,pf_v2_aigc_h02-sitting-on-floor,de763ff98de5ee15d2e08431d68de418de7ea91184c26b17329924d58a43cfea,negative,false,"The person is sitting on the floor with legs bent and torso upright, supported by buttocks and back, not lying horizontally.",true,false,true,true,true,true,1,1.357044,true,stop,46,true,,,,,,,negative,false,protocol_failure,,true,,false,,false
P3_DESIGN_C3_BASELINE_20260827_112220_006,IMG_003717,DEV,0,hard_negative,pf_v2_aigc_h02-sitting-on-floor,pf_v2_aigc_h02-sitting-on-floor,51defa65e8ab2e4ac0e0b5d0903a50bd79b93ab562f59ceac93d10e35c3d7026,negative,false,"The person is sitting on the floor with legs bent and torso upright, supported by buttocks and back against the wall. This is a seated posture, not a lying state.",true,false,true,true,true,true,1,1.541623,true,stop,56,true,,,,,,,negative,false,protocol_failure,,true,,false,,false
P3_DESIGN_C3_BASELINE_20260827_112220_007,IMG_003718,DEV,0,hard_negative,pf_v2_aigc_h02-sitting-on-floor,pf_v2_aigc_h02-sitting-on-floor,a492fa3a45b44a5055130be2502affe0940bb028630d22086170baa7a9120e9c,negative,false,"The person is in a seated position on the floor, supported by buttocks and legs, with torso upright. This is a floor sitting state, not a lying state.",true,false,true,true,true,true,1,1.538342,true,stop,55,true,,,,,,,negative,false,protocol_failure,,true,,false,,false
P3_DESIGN_C3_BASELINE_20260827_112220_008,IMG_003719,DEV,0,hard_negative,pf_v2_aigc_h02-sitting-on-floor,pf_v2_aigc_h02-sitting-on-floor,47c966c7e3000e227ea832590ab7f537270c4f411e1e5f9090b91012315ee2f3,negative,false,"The person is sitting on the floor with legs extended, not lying. Torso is upright and supported by buttocks, not prone or supine. No horizontal collapse or lying posture detected.",true,false,true,true,true,true,1,1.592408,true,stop,59,true,,,,,,,negative,false,protocol_failure,,true,,false,,false
P3_DESIGN_C3_BASELINE_20260827_112220_009,IMG_003720,DEV,0,hard_negative,pf_v2_aigc_h02-sitting-on-floor,pf_v2_aigc_h02-sitting-on-floor,535a93d41730af7911e98c7078fc4d470a277fdd4048c6e80cb57ed8e7db3439,negative,false,"The person is in a floor-sitting posture with torso and pelvis supported by buttocks, not lying. Hands and feet are actively supporting an upright torso, which is a non-lying state.",true,false,true,true,true,true,1,1.540956,true,stop,61,true,,,,,,,negative,false,protocol_failure,,true,,false,,false
P3_DESIGN_C3_BASELINE_20260827_112220_010,IMG_003721,DEV,0,hard_negative,pf_v2_aigc_h02-sitting-on-floor,pf_v2_aigc_h02-sitting-on-floor,87f2d821c7096f9fb25574f6272bb3ccd52ae160cf83b591930e5b2ea4bc6b99,negative,false,"The person is sitting on the floor with legs bent and torso upright, supported by buttocks and back against the wall. This is a floor sitting posture, not a lying state.",true,false,true,true,true,true,1,1.535588,true,stop,57,true,,,,,,,negative,false,protocol_failure,,true,,false,,false
P3_DESIGN_C3_BASELINE_20260827_112220_011,IMG_003722,DEV,0,hard_negative,pf_v2_aigc_h03-kneeling,pf_v2_aigc_h03-kneeling,8abaec058bf120acbbc5434c306d186beb4b4ab37623f024a025f10b349d0950,negative,false,"The person is in a kneeling position on the industrial floor, with knees and shins supporting their weight. The torso is upright and supported by the knees, not lying horizontally. This is a clear non-lying state.",true,false,true,true,true,true,1,1.625695,true,stop,65,true,,,,,,,negative,false,protocol_failure,,true,,false,,false
P3_DESIGN_C3_BASELINE_20260827_112220_012,IMG_003723,DEV,0,hard_negative,pf_v2_aigc_h03-kneeling,pf_v2_aigc_h03-kneeling,bbf2f9c60794f8bc935d2c5b0b8b4f103c4e98e20d82758d877739c54216a75c,negative,false,"The person is in a kneeling position on the industrial floor, with knees and shins supporting the body. The torso is upright and supported by the knees, not lying horizontally. This is a clear non-lying state.",true,false,true,true,true,true,1,1.617539,true,stop,65,true,,,,,,,negative,false,protocol_failure,,true,,false,,false
P3_DESIGN_C3_BASELINE_20260827_112220_013,IMG_003724,DEV,0,hard_negative,pf_v2_aigc_h03-kneeling,pf_v2_aigc_h03-kneeling,571f202fd7c667dc9f715fafd3e988e9d01f736b0771132dffa4771b057e7be2,negative,false,"The person is in a kneeling or squatting position with knees on the floor, not lying. The torso is upright and supported by the knees and feet, not resting horizontally on the ground.",true,false,true,true,true,true,1,1.534523,true,stop,59,true,,,,,,,negative,false,protocol_failure,,true,,false,,false
P3_DESIGN_C3_BASELINE_20260827_112220_014,IMG_003725,DEV,0,hard_negative,pf_v2_aigc_h03-kneeling,pf_v2_aigc_h03-kneeling,16392ce139623dcead3dc9e6c9c492a2b1dc95c6b12bbdf467e79045a5b6473b,negative,false,"The person is in a kneeling position on the floor, with knees and shins supporting their weight. The torso is upright and supported by the knees, not lying horizontally. This is a clear non-lying state.",true,false,true,true,true,true,1,1.618513,true,stop,64,true,,,,,,,negative,false,protocol_failure,,true,,false,,false
P3_DESIGN_C3_BASELINE_20260827_112220_015,IMG_003726,DEV,0,hard_negative,pf_v2_aigc_h03-kneeling,pf_v2_aigc_h03-kneeling,0c2c8ab08df945d01ae69aea7d9c57f73a9db4e3c88a362ea2e0216b2a433e06,negative,false,"The person is in a kneeling/half-kneeling posture on the floor, supported by knees and feet, with torso upright and bent forward. This is an active non-lying state, not a prone or collapsed position.",true,false,true,true,true,true,1,1.600693,true,stop,66,true,,,,,,,negative,false,protocol_failure,,true,,false,,false
P3_DESIGN_C3_BASELINE_20260827_112220_016,IMG_003727,DEV,0,hard_negative,pf_v2_aigc_h03-kneeling,pf_v2_aigc_h03-kneeling,32aebc215aa35c65df2b994cf493dc70b1234b21fcf72caa58f454761fd3d3d8,negative,false,"The person is in a kneeling position on the floor, supported by their knees and shins, with their torso upright and not lying horizontally. This is a supported non-lying posture.",true,false,true,true,true,true,1,1.456247,true,stop,58,true,,,,,,,negative,false,protocol_failure,,true,,false,,false
P3_DESIGN_C3_BASELINE_20260827_112220_017,IMG_003728,DEV,0,hard_negative,pf_v2_aigc_h03-kneeling,pf_v2_aigc_h03-kneeling,59c6841fe35ddf9c5c53fa57c3908516e081068c1c9272b3beadbc2375a14b42,negative,false,"The person is in a kneeling position with knees on the floor and torso upright, supported by hands and knees. This is a floor sitting/kneeling state, not a lying state.",true,false,true,true,true,true,1,1.554150,true,stop,58,true,,,,,,,negative,false,protocol_failure,,true,,false,,false
P3_DESIGN_C3_BASELINE_20260827_112220_018,IMG_003729,DEV,0,hard_negative,pf_v2_aigc_h03-kneeling,pf_v2_aigc_h03-kneeling,5ffddfb69084de8140cc48c025565813a115bdcb4ab7f3795a3edef67341cb2e,negative,false,"The person is in a kneeling/half-kneeling posture with knees and hands supporting the body, not lying supine or horizontally collapsed on the floor.",true,false,true,true,true,true,1,1.371630,true,stop,52,true,,,,,,,negative,false,protocol_failure,,true,,false,,false
P3_DESIGN_C3_BASELINE_20260827_112220_019,IMG_003730,DEV,0,hard_negative,pf_v2_aigc_h03-kneeling,pf_v2_aigc_h03-kneeling,5edf07d26c5eb6d7cae80f2a262e808ea87dbfb5f683430326b265e8a2028eb6,negative,false,"The person is in a kneeling/half-kneeling posture with knees on the ground and torso supported by hands and knees, not lying supine or prone. This is an active supporting posture, not a collapsed or lying state.",true,false,true,true,true,true,1,1.652055,true,stop,67,true,,,,,,,negative,false,protocol_failure,,true,,false,,false
P3_DESIGN_C3_BASELINE_20260827_112220_020,IMG_003731,DEV,0,hard_negative,pf_v2_aigc_h03-kneeling,pf_v2_aigc_h03-kneeling,2945077368eabff86b0a88694c309b66a40b7b4224c9ade8d5cf2056b3e0fd12,negative,false,"The person is in a kneeling position with one knee on the floor and the other leg bent, supporting their torso. The torso is elevated and not lying flat on the ground. This is a supported kneeling posture, not a prone or supine lying state.",true,false,true,true,true,true,1,1.724492,true,stop,72,true,,,,,,,negative,false,protocol_failure,,true,,false,,false
P3_DESIGN_C3_BASELINE_20260827_112220_021,IMG_003732,DEV,0,hard_negative,pf_v2_aigc_h04-kneeling,pf_v2_aigc_h04-kneeling,5c88c36cb9519b09e448c3487508aa73ed4bd2a763f46680bf9322017a3df9e0,negative,false,"The person is in a kneeling position on the industrial floor, with knees and shins supporting their weight. The torso is upright and supported by the knees, not lying horizontally. This is a clear non-lying state.",true,false,true,true,true,true,1,1.551115,true,stop,65,true,,,,,,,negative,false,protocol_failure,,true,,false,,false
P3_DESIGN_C3_BASELINE_20260827_112220_022,IMG_003733,DEV,0,hard_negative,pf_v2_aigc_h04-kneeling,pf_v2_aigc_h04-kneeling,1a97fb68f1b7856a23da903b44dd63534a8c2936bf4554b90da171c6d99128ed,negative,false,"The person is in a kneeling/half-kneeling posture on an industrial floor, supported by knees and shins, with torso elevated and actively engaged in ground maintenance. This is a non-lying state.",true,false,true,true,true,true,1,1.717759,true,stop,63,true,,,,,,,negative,false,protocol_failure,,true,,false,,false
P3_DESIGN_C3_BASELINE_20260827_112220_023,IMG_003734,DEV,0,hard_negative,pf_v2_aigc_h04-kneeling,pf_v2_aigc_h04-kneeling,fb291c9e0e88809b9c1bbf3023a4e133b56f9db057cd1b019396c800187c6d46,negative,false,"The person is in a kneeling/half-kneeling posture on the carpeted floor, supported by knees and shins, with torso upright and hands engaged in an activity. This is a supported non-lying state.",true,false,true,true,true,true,1,1.571362,true,stop,65,true,,,,,,,negative,false,protocol_failure,,true,,false,,false
P3_DESIGN_C3_BASELINE_20260827_112220_024,IMG_003735,DEV,0,hard_negative,pf_v2_aigc_h04-kneeling,pf_v2_aigc_h04-kneeling,81dc5bb723c3ef2385587823a37b33ea00c313aa9142416f4225c1f7bd9cc780,negative,false,"The person is in a kneeling/half-kneeling posture on the floor, with knees and shins supporting their weight. The torso is upright and supported by the knees, not lying horizontally. This is a non-lying state.",true,false,true,true,true,true,1,1.649299,true,stop,68,true,,,,,,,negative,false,protocol_failure,,true,,false,,false
P3_DESIGN_C3_BASELINE_20260827_112220_025,IMG_003736,DEV,0,hard_negative,pf_v2_aigc_h04-kneeling,pf_v2_aigc_h04-kneeling,a5f49b6be5465bc6bc6b528ff6582663251262079bbf4ef39c09f8f94af1fd6a,negative,false,"The person is in a kneeling or crouching posture on the floor, actively engaged in an activity (possibly cleaning or maintenance). The torso is upright and supported by knees/shins, not lying horizontally. This is a supported non-lying state.",true,false,true,true,true,true,1,1.621501,true,stop,71,true,,,,,,,negative,false,protocol_failure,,true,,false,,false
P3_DESIGN_C3_BASELINE_20260827_112220_026,IMG_003737,DEV,0,hard_negative,pf_v2_aigc_h04-kneeling,pf_v2_aigc_h04-kneeling,a34dc5ac505694fb09bf451aa1f857cb16f576943981e81bbde97849691e2244,negative,false,"The person is in a kneeling position on the floor, supported by their knees and shins, with the torso upright and not lying horizontally.",true,false,true,true,true,true,1,1.447371,true,stop,49,true,,,,,,,negative,false,protocol_failure,,true,,false,,false
P3_DESIGN_C3_BASELINE_20260827_112220_027,IMG_003738,DEV,0,hard_negative,pf_v2_aigc_h04-kneeling,pf_v2_aigc_h04-kneeling,cf0fab739e5b2dba3b00eaabca7a446d0681ad5c6c05a8dbb6b0d7c28861bfcd,negative,false,"The person is in a kneeling position on the industrial floor, supported by their knees and shins, with the torso upright and not lying horizontally.",true,false,true,true,true,true,1,1.415338,true,stop,50,true,,,,,,,negative,false,protocol_failure,,true,,false,,false
P3_DESIGN_C3_BASELINE_20260827_112220_028,IMG_003739,DEV,0,hard_negative,pf_v2_aigc_h04-kneeling,pf_v2_aigc_h04-kneeling,c8cb3323d15195f6ab37a8612bda59fe1b5c5709447488b249b6ad10f803b39d,positive,true,"A person is lying prone on the concrete floor with torso and pelvis fully supported horizontally; hands are placed flat on the ground supporting the upper body, consistent with a collapsed lying state.",true,false,true,true,true,true,1,1.599290,true,stop,58,false,,,,,,,positive,true,protocol_failure,,false,,false,,false
P3_DESIGN_C3_BASELINE_20260827_112220_029,IMG_003740,DEV,0,hard_negative,pf_v2_aigc_h04-kneeling,pf_v2_aigc_h04-kneeling,95ef71cca5f36a01b13631fe23712631906745bb360b3232c4788152083d3e8e,negative,false,"The person is in a kneeling/half-kneeling posture on a concrete floor, supported by knees and hands, not lying supine or prone.",true,false,true,true,true,true,1,1.426446,true,stop,51,true,,,,,,,negative,false,protocol_failure,,true,,false,,false
P3_DESIGN_C3_BASELINE_20260827_112220_030,IMG_003741,DEV,0,hard_negative,pf_v2_aigc_h04-kneeling,pf_v2_aigc_h04-kneeling,0fd7a8679875274d283899f60951ec8bbfb07d48c512677d4326f8c28f1490dd,negative,false,"The person is in a kneeling/half-kneeling posture on the floor, supported by their knees and shins, with torso upright. This is an active non-lying state.",true,false,true,true,true,true,1,1.547616,true,stop,58,true,,,,,,,negative,false,protocol_failure,,true,,false,,false
P3_DESIGN_C3_BASELINE_20260827_112220_031,IMG_003742,DEV,0,hard_negative,pf_v2_aigc_h05-squatting,pf_v2_aigc_h05-squatting,c9a1818d75502dd3d49f09aec32fd72a5c3d4f4753628f8e446bd05431687831,negative,false,"The person is in a kneeling or squatting posture, supported by knees and hands, not lying horizontally on the floor.",true,false,true,true,true,true,1,1.419291,true,stop,45,true,,,,,,,negative,false,protocol_failure,,true,,false,,false
P3_DESIGN_C3_BASELINE_20260827_112220_032,IMG_003743,DEV,0,hard_negative,pf_v2_aigc_h05-squatting,pf_v2_aigc_h05-squatting,c01f918d19a67837bd2ac6ffef2744eda19c79753cb42a35e8813f6607eed406,negative,false,"The person is in a squatting/crouching position on the industrial floor, supported by feet and knees, with torso upright. This is an active non-lying posture.",true,false,true,true,true,true,1,1.468920,true,stop,56,true,,,,,,,negative,false,protocol_failure,,true,,false,,false
P3_DESIGN_C3_BASELINE_20260827_112220_033,IMG_003744,DEV,0,hard_negative,pf_v2_aigc_h05-squatting,pf_v2_aigc_h05-squatting,1ed23067edcea8314d40a89b2f0099b09a4158392f566ffda462ffbf94f69dec,negative,false,"The person is in a squatting/crouching posture with knees bent and torso upright, actively supporting themselves on their feet and hands. The torso is not lying horizontally or collapsed on the floor.",true,false,true,true,true,true,1,1.567858,true,stop,60,true,,,,,,,negative,false,protocol_failure,,true,,false,,false
P3_DESIGN_C3_BASELINE_20260827_112220_034,IMG_003745,DEV,0,hard_negative,pf_v2_aigc_h05-squatting,pf_v2_aigc_h05-squatting,ea21f40aae14122b6aad0d2b26e191b6a5831ee2cfd5243299715cfeceda9682,negative,false,"The person is in a squatting/crouching position with knees bent and torso upright, supported by feet and legs, not lying on the floor.",true,false,true,true,true,true,1,1.445925,true,stop,51,true,,,,,,,negative,false,protocol_failure,,true,,false,,false
P3_DESIGN_C3_BASELINE_20260827_112220_035,IMG_003746,DEV,0,hard_negative,pf_v2_aigc_h05-squatting,pf_v2_aigc_h05-squatting,1e4dc4cdacc66d3065bdf94b0485b2471346e343c932d4b151577c9ce4914840,negative,false,"The person is in a kneeling or crouching posture with knees on the floor, not lying. The torso is upright and supported by the knees, not resting horizontally on the floor.",true,false,true,true,true,true,1,1.496096,true,stop,58,true,,,,,,,negative,false,protocol_failure,,true,,false,,false
P3_DESIGN_C3_BASELINE_20260827_112220_036,IMG_003747,DEV,0,hard_negative,pf_v2_aigc_h05-squatting,pf_v2_aigc_h05-squatting,ebc7a165a2f361248ae7b5da7d777e9a8cefcac5782919f245795395f5e4dad4,negative,false,"The person is in a squatting/crouching position with knees bent and torso upright, supported by feet and hands on the floor. The torso is not lying horizontally; the person is actively engaged in maintenance work near the wall.",true,false,true,true,true,true,1,1.722623,true,stop,67,true,,,,,,,negative,false,protocol_failure,,true,,false,,false
P3_DESIGN_C3_BASELINE_20260827_112220_037,IMG_003748,DEV,0,hard_negative,pf_v2_aigc_h05-squatting,pf_v2_aigc_h05-squatting,f7ed8f5d26dcd88e619f034c2433fcc5e45099454abf424c90e0f40b041529f1,negative,false,"The person is in a kneeling/squatting posture on the floor, supported by knees and shins, with torso upright. This is a non-lying state.",true,false,true,true,true,true,1,1.573784,true,stop,54,true,,,,,,,negative,false,protocol_failure,,true,,false,,false
P3_DESIGN_C3_BASELINE_20260827_112220_038,IMG_003749,DEV,0,hard_negative,pf_v2_aigc_h05-squatting,pf_v2_aigc_h05-squatting,57fb50e97101ae1cda04436212fb0824c636fe0e3c9191df396359df86b78885,negative,false,"The person is in a kneeling or crouching posture with knees on the floor and torso upright, not lying horizontally. The torso/pelvis is supported by knees and feet, not as a collapsed body.",true,false,true,true,true,true,1,1.573578,true,stop,63,true,,,,,,,negative,false,protocol_failure,,true,,false,,false
P3_DESIGN_C3_BASELINE_20260827_112220_039,IMG_003750,DEV,0,hard_negative,pf_v2_aigc_h05-squatting,pf_v2_aigc_h05-squatting,1d65e08d16ef340f6405ccb60f352ea7050ebc21d5a07c0596a4300c3832ec60,negative,false,"The person is in a squatting/crouching position with knees bent and torso upright, supported by feet and legs. The torso is not lying horizontally; the person is actively supporting themselves in a non-lying posture on the floor.",true,false,true,true,true,true,1,1.466266,true,stop,68,true,,,,,,,negative,false,protocol_failure,,true,,false,,false
P3_DESIGN_C3_BASELINE_20260827_112220_040,IMG_003751,DEV,0,hard_negative,pf_v2_aigc_h05-squatting,pf_v2_aigc_h05-squatting,96b35071dbdb8c08a0b6cdcea3b29254263c2e8f23bc580f16a05affdaef1cb4,negative,false,"The person in the foreground is in a kneeling or squatting position on the floor, with knees and shins supporting their weight, not lying supine or prone. The person in the background is standing upright. No one is lying on the floor.",true,false,true,true,true,true,1,1.677401,true,stop,71,true,,,,,,,negative,false,protocol_failure,,true,,false,,false
P3_DESIGN_C3_BASELINE_20260827_112220_041,IMG_003762,DEV,0,hard_negative,pf_v2_aigc_h07-deep-bending-picking-up-items,pf_v2_aigc_h07-deep-bending-picking-up-items,3cd2d69225587134247c61e84a90055f9263867f885b60900d79f8b8694c91d7,negative,false,"The person is in a kneeling or crouching posture, actively supporting themselves on their knees and hands while working on the floor. The torso is upright and supported by the knees, not lying horizontally. This is a ground maintenance activity, not a fallen state.",true,false,true,true,true,true,1,1.648292,true,stop,73,true,,,,,,,negative,false,protocol_failure,,true,,false,,false
P3_DESIGN_C3_BASELINE_20260827_112220_042,IMG_003763,DEV,0,hard_negative,pf_v2_aigc_h07-deep-bending-picking-up-items,pf_v2_aigc_h07-deep-bending-picking-up-items,7bf20fa13e69139b8874c930ee245517752c005e62842c8cf2cfcef474aec026,negative,false,"The person is in a bending/picking posture, with torso upright and supported by legs, not lying on the floor.",true,false,true,true,true,true,1,1.479082,true,stop,45,true,,,,,,,negative,false,protocol_failure,,true,,false,,false
P3_DESIGN_C3_BASELINE_20260827_112220_043,IMG_003764,DEV,0,hard_negative,pf_v2_aigc_h07-deep-bending-picking-up-items,pf_v2_aigc_h07-deep-bending-picking-up-items,4e2129d39ced0b8e46b950449cd4ad48a5fa5bfc7391129916c226441a2ef9de,negative,false,"The person is in a squatting/crouching posture with knees bent and torso upright, supported by feet and hands on the floor. The torso is not lying horizontally; the body is actively supporting itself in a kneeling/squatting position, not a prone or collapsed state.",true,false,true,true,true,true,1,1.846562,true,stop,76,true,,,,,,,negative,false,protocol_failure,,true,,false,,false
P3_DESIGN_C3_BASELINE_20260827_112220_044,IMG_003765,DEV,0,hard_negative,pf_v2_aigc_h07-deep-bending-picking-up-items,pf_v2_aigc_h07-deep-bending-picking-up-items,73297f5338a958b2cbfb7d2852f21215f4f3c2796efdd1c0d411aca59420b63c,negative,false,"The person is in a squatting/crouching posture with knees bent and torso upright, actively supporting themselves on their feet. The torso is not lying horizontally; the person is clearly in a standing/squatting state, not prone or supine.",true,false,true,true,true,true,1,1.764347,true,stop,71,true,,,,,,,negative,false,protocol_failure,,true,,false,,false
P3_DESIGN_C3_BASELINE_20260827_112220_045,IMG_003766,DEV,0,hard_negative,pf_v2_aigc_h07-deep-bending-picking-up-items,pf_v2_aigc_h07-deep-bending-picking-up-items,bc4efb01b55985b35af985f38408d386d11cfd7fd11f6a739d781c11df2a5519,negative,false,"The person is in a bending/picking posture with knees bent and torso leaning forward, actively supporting themselves with legs and hands on the floor. The torso is not horizontally collapsed or lying; it is elevated and angled, consistent with ground maintenance or picking up an object.",true,false,true,true,true,true,1,1.764648,true,stop,74,true,,,,,,,negative,false,protocol_failure,,true,,false,,false
P3_DESIGN_C3_BASELINE_20260827_112220_046,IMG_003767,DEV,0,hard_negative,pf_v2_aigc_h07-deep-bending-picking-up-items,pf_v2_aigc_h07-deep-bending-picking-up-items,831c2c6bfb1688043d0446b34aafb679bf35a3f31111dcd322a6256278fdef1d,negative,false,"The person is in a bending/picking posture with torso supported by legs and hands, not lying on the floor.",true,false,true,true,true,true,1,1.430573,true,stop,44,true,,,,,,,negative,false,protocol_failure,,true,,false,,false
P3_DESIGN_C3_BASELINE_20260827_112220_047,IMG_003768,DEV,0,hard_negative,pf_v2_aigc_h07-deep-bending-picking-up-items,pf_v2_aigc_h07-deep-bending-picking-up-items,79425afdceda6470c49498d375bdeb97e3b0ec24b6a4362771a0071f0c98f474,negative,false,"The person is in a squatting/crouching posture with knees bent and torso upright, actively reaching toward the floor. The torso is not lying or horizontally collapsed; the body is supported by legs and feet, not prone or supine.",true,false,true,true,true,true,1,1.795628,true,stop,69,true,,,,,,,negative,false,protocol_failure,,true,,false,,false
P3_DESIGN_C3_BASELINE_20260827_112220_048,IMG_003769,DEV,0,hard_negative,pf_v2_aigc_h07-deep-bending-picking-up-items,pf_v2_aigc_h07-deep-bending-picking-up-items,eb3a93d5001918d6667baef0276e5a9ab6386e2d4e3a911e3bfb5b11e7990f18,negative,false,"The person is in a squatting/crouching posture with knees bent and torso upright, actively supporting themselves on their feet. This is a non-lying state.",true,false,true,true,true,true,1,1.569906,true,stop,54,true,,,,,,,negative,false,protocol_failure,,true,,false,,false
P3_DESIGN_C3_BASELINE_20260827_112220_049,IMG_003770,DEV,0,hard_negative,pf_v2_aigc_h07-deep-bending-picking-up-items,pf_v2_aigc_h07-deep-bending-picking-up-items,31e8875b4138b283db834f0e157c46911c3afc0b6a3e61e4dade64dc5ae0b9dd,negative,false,"The person is in a bending/picking posture with torso supported by legs and arms, not lying on the ground.",true,false,true,true,true,true,1,1.568707,true,stop,44,true,,,,,,,negative,false,protocol_failure,,true,,false,,false
P3_DESIGN_C3_BASELINE_20260827_112220_050,IMG_003771,DEV,0,hard_negative,pf_v2_aigc_h07-deep-bending-picking-up-items,pf_v2_aigc_h07-deep-bending-picking-up-items,7972361e975c8ecd25f7e1913a677d6a3a4398700459712f51f483a610003079,negative,false,"The central person is in a bending/picking posture with torso supported by legs and hands, not lying. The person on the sofa is in a seated state. The person in the background is standing. No one is in a prone or lying state.",true,false,true,true,true,true,1,1.733052,true,stop,71,true,,,,,,,negative,false,protocol_failure,,true,,false,,false
P3_DESIGN_C3_BASELINE_20260827_112220_051,IMG_003772,DEV,0,hard_negative,pf_v2_aigc_h08-deep-bending-picking-up-items,pf_v2_aigc_h08-deep-bending-picking-up-items,f04fb21225a9ff7f6c6452c2b9958413bffe162dafc13672883e5f8b88f90b19,negative,false,"The person is in a bending/picking posture, with torso and pelvis supported by legs and feet, not lying on the floor.",true,false,true,true,true,true,1,1.515168,true,stop,48,true,,,,,,,negative,false,protocol_failure,,true,,false,,false
P3_DESIGN_C3_BASELINE_20260827_112220_052,IMG_003773,DEV,0,hard_negative,pf_v2_aigc_h08-deep-bending-picking-up-items,pf_v2_aigc_h08-deep-bending-picking-up-items,4b1351f2a093e5e070086aba2464c9f523abb19afe101a9b27134d10c88311a2,negative,false,The person is in a bending/picking posture with torso upright and supported by legs; hands are reaching toward the floor but the body is not lying or collapsed.,true,false,true,true,true,true,1,1.537059,true,stop,53,true,,,,,,,negative,false,protocol_failure,,true,,false,,false
P3_DESIGN_C3_BASELINE_20260827_112220_053,IMG_003774,DEV,0,hard_negative,pf_v2_aigc_h08-deep-bending-picking-up-items,pf_v2_aigc_h08-deep-bending-picking-up-items,21a12c82ab225ee00d3c587a42019afc9d9f89044201cc7d65d40a513e89779a,negative,false,"The person is in a bending/picking posture with torso upright and supported by legs/feet, not lying on the floor.",true,false,true,true,true,true,1,1.460761,true,stop,47,true,,,,,,,negative,false,protocol_failure,,true,,false,,false
P3_DESIGN_C3_BASELINE_20260827_112220_054,IMG_003775,DEV,0,hard_negative,pf_v2_aigc_h08-deep-bending-picking-up-items,pf_v2_aigc_h08-deep-bending-picking-up-items,4af3beb43796a537b6d2a6b06b4cdee75b0dfaf302f41b74ac9c42815cb454d2,negative,false,"The person is in a bending/picking posture with torso upright and supported by legs, not lying on the floor.",true,false,true,true,true,true,1,1.418452,true,stop,44,true,,,,,,,negative,false,protocol_failure,,true,,false,,false
P3_DESIGN_C3_BASELINE_20260827_112220_055,IMG_003776,DEV,0,hard_negative,pf_v2_aigc_h08-deep-bending-picking-up-items,pf_v2_aigc_h08-deep-bending-picking-up-items,684d51921547237aa0163f511155f18a911860610defed850f7af3353bdd43a7,negative,false,"The person is in a bending/picking posture with torso upright and knees bent, actively supporting themselves on legs and hands; this is a non-lying state.",true,false,true,true,true,true,1,1.569166,true,stop,53,true,,,,,,,negative,false,protocol_failure,,true,,false,,false
P3_DESIGN_C3_BASELINE_20260827_112220_056,IMG_003777,DEV,0,hard_negative,pf_v2_aigc_h08-deep-bending-picking-up-items,pf_v2_aigc_h08-deep-bending-picking-up-items,5ed852acfb613f62d806ae9387a129a8441078e95bf98a8681a85b2019d7c1ff,negative,false,"The person is in a bending/picking posture with torso upright and supported by legs, not lying on the floor.",true,false,true,true,true,true,1,1.413469,true,stop,44,true,,,,,,,negative,false,protocol_failure,,true,,false,,false
P3_DESIGN_C3_BASELINE_20260827_112220_057,IMG_003778,DEV,0,hard_negative,pf_v2_aigc_h08-deep-bending-picking-up-items,pf_v2_aigc_h08-deep-bending-picking-up-items,98746b30c8fb3d5defaae1cabb25c4d708a6c9ba8306a1785888431a99b2e8f9,negative,false,"The person is in a bending/picking posture with torso upright and supported by legs, not lying on the floor.",true,false,true,true,true,true,1,1.539439,true,stop,44,true,,,,,,,negative,false,protocol_failure,,true,,false,,false
P3_DESIGN_C3_BASELINE_20260827_112220_058,IMG_003779,DEV,0,hard_negative,pf_v2_aigc_h08-deep-bending-picking-up-items,pf_v2_aigc_h08-deep-bending-picking-up-items,9b9c53476c8f197ebb4c7069c8ffa54f1a72385f8db028076dd3824d0888e142,negative,false,The person is in a bending/picking posture with torso supported by legs and hands reaching toward the floor; not lying or horizontally collapsed.,true,false,true,true,true,true,1,1.484158,true,stop,48,true,,,,,,,negative,false,protocol_failure,,true,,false,,false
P3_DESIGN_C3_BASELINE_20260827_112220_059,IMG_003780,DEV,0,hard_negative,pf_v2_aigc_h08-deep-bending-picking-up-items,pf_v2_aigc_h08-deep-bending-picking-up-items,3ca6ded7e9efd01403f5f564bf3bbaa2ce7cc53a9e4d4c9c5327c6e862dd35ae,negative,false,"The person is in a bending/picking posture with torso supported by legs and hands, not lying on the ground.",true,false,true,true,true,true,1,1.498601,true,stop,44,true,,,,,,,negative,false,protocol_failure,,true,,false,,false
P3_DESIGN_C3_BASELINE_20260827_112220_060,IMG_003781,DEV,0,hard_negative,pf_v2_aigc_h08-deep-bending-picking-up-items,pf_v2_aigc_h08-deep-bending-picking-up-items,bddb297fd24794a0fb12903c66b06983947d457f7cd37306d8b8b8cada0f3978,negative,false,"The person in the foreground is in a bending/picking posture, with torso and pelvis supported by legs and feet, not lying. The person in the background is seated at a table. No one is in a prone, supine, or horizontally collapsed lying state.",true,false,true,true,true,true,1,1.725431,true,stop,75,true,,,,,,,negative,false,protocol_failure,,true,,false,,false
P3_DESIGN_C3_BASELINE_20260827_112220_061,IMG_003782,DEV,0,hard_negative,pf_v2_aigc_h09-exercise-push-up-plank,pf_v2_aigc_h09-exercise-push-up-plank,44e8623e2ad766479925476c92fbab18bc3c1e7ba9e45c5654134bc13c936f2c,negative,false,"The person is in a push-up/plank position, actively supporting their body weight with hands and feet on the industrial floor. The torso is elevated and supported by limbs, not lying horizontally. This is an exercise posture, not a fallen or lying state.",true,false,true,true,true,true,1,1.729990,true,stop,72,true,,,,,,,negative,false,protocol_failure,,true,,false,,false
P3_DESIGN_C3_BASELINE_20260827_112220_062,IMG_003783,DEV,0,hard_negative,pf_v2_aigc_h09-exercise-push-up-plank,pf_v2_aigc_h09-exercise-push-up-plank,7dedf3f76b5dee1261b3a17ffca7cddd821fba988c617c2009b9040b935b1821,negative,false,"The person is in a plank/push-up position on a mat, supported by hands and feet, which is an active exercise posture rather than a lying state.",true,false,true,true,true,true,1,1.509482,true,stop,53,true,,,,,,,negative,false,protocol_failure,,true,,false,,false
P3_DESIGN_C3_BASELINE_20260827_112220_063,IMG_003784,DEV,0,hard_negative,pf_v2_aigc_h09-exercise-push-up-plank,pf_v2_aigc_h09-exercise-push-up-plank,fe68b7260d64c41240854528bd9b8288ee9273426440d9565c628b7b96b5d279,negative,false,"The person is in a push-up/plank position, actively supporting their body weight with hands and feet on the floor. The torso is elevated and supported by limbs, not lying horizontally. This is an exercise posture, not a fallen or lying state.",true,false,true,true,true,true,1,1.688389,true,stop,71,true,,,,,,,negative,false,protocol_failure,,true,,false,,false
P3_DESIGN_C3_BASELINE_20260827_112220_064,IMG_003785,DEV,0,hard_negative,pf_v2_aigc_h09-exercise-push-up-plank,pf_v2_aigc_h09-exercise-push-up-plank,a77070411d9ef6b04478c49bacf57f784dccc1ec7c4ba101221f19a027028dec,negative,false,"The person is in a plank/push-up position with hands and feet supporting the body, not lying supine or prone. The torso is elevated and actively supported by limbs, which is an exercise posture, not a fallen or lying state.",true,false,true,true,true,true,1,1.632483,true,stop,69,true,,,,,,,negative,false,protocol_failure,,true,,false,,false
P3_DESIGN_C3_BASELINE_20260827_112220_065,IMG_003786,DEV,0,hard_negative,pf_v2_aigc_h09-exercise-push-up-plank,pf_v2_aigc_h09-exercise-push-up-plank,f7e3f93d49290d8262bf2f119da7e4d34e03675776f035ed52eb7b863efcd793,positive,true,"The person is lying prone on the industrial floor with torso and pelvis fully supported; hands are placed flat on the ground supporting the upper body, and feet are extended on the floor, indicating a collapsed lying state rather than an active exercise posture.",true,false,true,true,true,true,1,1.687622,true,stop,70,false,,,,,,,positive,true,protocol_failure,,false,,false,,false
P3_DESIGN_C3_BASELINE_20260827_112220_066,IMG_003787,DEV,0,hard_negative,pf_v2_aigc_h09-exercise-push-up-plank,pf_v2_aigc_h09-exercise-push-up-plank,4b03baae4546eb6f47fb73a16830c7a1ba949f331babc98b0bbccba0c05b7c11,negative,false,"The person is in a plank/push-up position, actively supported by hands and feet on the floor. The torso is elevated and supported by limbs, not lying horizontally.",true,false,true,true,true,true,1,1.528179,true,stop,55,true,,,,,,,negative,false,protocol_failure,,true,,false,,false
P3_DESIGN_C3_BASELINE_20260827_112220_067,IMG_003788,DEV,0,hard_negative,pf_v2_aigc_h09-exercise-push-up-plank,pf_v2_aigc_h09-exercise-push-up-plank,4708f5506f9bc32adfa05ccf4926c76a7841034d02e658a652a832c7cb4a4adc,negative,false,"The person is in a plank/push-up position on the floor, actively supported by hands and feet, which is an exercise posture rather than a lying state.",true,false,true,true,true,true,1,1.517298,true,stop,53,true,,,,,,,negative,false,protocol_failure,,true,,false,,false
P3_DESIGN_C3_BASELINE_20260827_112220_068,IMG_003789,DEV,0,hard_negative,pf_v2_aigc_h09-exercise-push-up-plank,pf_v2_aigc_h09-exercise-push-up-plank,21f4286a344ea0ac02c3f5ce64d9873282b0e088c68b5f15cb1aaee753ab9c96,negative,false,"The person is in a push-up/plank position, actively supporting their body weight with hands and feet on the floor. This is an exercise posture, not a lying state.",true,false,true,true,true,true,1,1.564718,true,stop,56,true,,,,,,,negative,false,protocol_failure,,true,,false,,false
P3_DESIGN_C3_BASELINE_20260827_112220_069,IMG_003790,DEV,0,hard_negative,pf_v2_aigc_h09-exercise-push-up-plank,pf_v2_aigc_h09-exercise-push-up-plank,f1247d624540a5c7d88d0ec34acd267160c564003bea77c3aae1df5cfcafe50b,negative,false,"The person is in a push-up/plank position, actively supporting their body weight with hands and feet on the ground. The torso is elevated and supported by limbs, not lying horizontally. This is an exercise posture, not a fallen or lying state.",true,false,true,true,true,true,1,1.658436,true,stop,71,true,,,,,,,negative,false,protocol_failure,,true,,false,,false
P3_DESIGN_C3_BASELINE_20260827_112220_070,IMG_003791,DEV,0,hard_negative,pf_v2_aigc_h09-exercise-push-up-plank,pf_v2_aigc_h09-exercise-push-up-plank,38734fed0f3668e0742c0ab92ea498ec156e09d8300ecf9c3c49cc36154805b7,negative,false,"The person is in a push-up/plank position, actively supporting their body weight with hands and feet on the floor, which is an exercise posture and not a lying state.",true,false,true,true,true,true,1,1.639924,true,stop,56,true,,,,,,,negative,false,protocol_failure,,true,,false,,false
P3_DESIGN_C3_BASELINE_20260827_112220_071,IMG_003882,DEV,0,negative,pf_v2_aigc_n01-normal-standing,pf_v2_aigc_n01-normal-standing,457cfa92c5ab41f354d579c4d14852a123235fc8e559db33a211b7302b050029,negative,false,"Two individuals are standing upright on an industrial floor; both have an erect torso and are supported by legs, not lying or collapsed.",true,false,true,true,true,true,1,1.538646,true,stop,47,true,,,,,,,negative,false,protocol_failure,,true,,false,,false
P3_DESIGN_C3_BASELINE_20260827_112220_072,IMG_003883,DEV,0,negative,pf_v2_aigc_n01-normal-standing,pf_v2_aigc_n01-normal-standing,920c606e31ac7bcaa90a07a65cb3c274e2f1c2c9c013bc9a6d0a9d606b5c9679,negative,false,"Both visible individuals are standing upright on the industrial floor; no one is lying, kneeling, or in a collapsed posture.",true,false,true,true,true,true,1,1.524177,true,stop,45,true,,,,,,,negative,false,protocol_failure,,true,,false,,false
P3_DESIGN_C3_BASELINE_20260827_112220_073,IMG_003884,DEV,0,negative,pf_v2_aigc_n01-normal-standing,pf_v2_aigc_n01-normal-standing,a1cd8e89742ed199a07308870b4962f4340aef43264a81c77a6a79722d89d926,negative,false,All visible individuals are standing upright or seated in office chairs; no one is lying on the floor or any non-rest surface.,true,false,true,true,true,true,1,1.514567,true,stop,46,true,,,,,,,negative,false,protocol_failure,,true,,false,,false
P3_DESIGN_C3_BASELINE_20260827_112220_074,IMG_003885,DEV,0,negative,pf_v2_aigc_n01-normal-standing,pf_v2_aigc_n01-normal-standing,ce9dc025af14a475e18224fc33de4e53f4c219f05c455b849eda6519a28280f2,negative,false,"All visible individuals are standing upright on the floor; no one is lying, kneeling, or in a collapsed posture.",true,false,true,true,true,true,1,1.496394,true,stop,44,true,,,,,,,negative,false,protocol_failure,,true,,false,,false
P3_DESIGN_C3_BASELINE_20260827_112220_075,IMG_003886,DEV,0,negative,pf_v2_aigc_n01-normal-standing,pf_v2_aigc_n01-normal-standing,4fa6866d8b13f3823e1035a827511e4ffd540a6d33ecd03a46d1cb139a5cbb90,negative,false,"Two people are visible in the corridor; both are standing upright with full torso support. No one is lying, kneeling, or in a prone state on the floor.",true,false,true,true,true,true,1,1.615262,true,stop,54,true,,,,,,,negative,false,protocol_failure,,true,,false,,false
P3_DESIGN_C3_BASELINE_20260827_112220_076,IMG_003887,DEV,0,negative,pf_v2_aigc_n01-normal-standing,pf_v2_aigc_n01-normal-standing,6786cd4c5ce2d5100e95e9ca8a85a3ee6c0074d2661b445a20b694d5bf35814f,negative,false,"The visible person is standing upright on the corridor floor with torso and pelvis in a vertical, supported state. No prone, supine, or lying posture is present. The second person in the background is also standing upright. No one is lying on the floor or any non-rest surface.",true,false,true,true,true,true,1,1.845679,true,stop,79,true,,,,,,,negative,false,protocol_failure,,true,,false,,false
P3_DESIGN_C3_BASELINE_20260827_112220_077,IMG_003888,DEV,0,negative,pf_v2_aigc_n01-normal-standing,pf_v2_aigc_n01-normal-standing,e6d31485e30861fae7d360b9d9e23306e8b4317762269bf9239faa555516baee,negative,false,"Two individuals are visible in a laboratory corridor. Both are standing upright on the floor. The person on the left is standing at a workbench, and the person in the center is walking away. Neither individual is lying, kneeling, or in any prone state; both are in normal upright postures.",true,false,true,true,true,true,1,1.879037,true,stop,81,true,,,,,,,negative,false,protocol_failure,,true,,false,,false
P3_DESIGN_C3_BASELINE_20260827_112220_078,IMG_003889,DEV,0,negative,pf_v2_aigc_n01-normal-standing,pf_v2_aigc_n01-normal-standing,5dbf27cf5cbc6edd6b8d4aedddf6f42e9ac9809a1f40a430e968ab70da572ea4,negative,false,"All visible individuals are standing upright or walking; no person is lying prone, supine, side-lying, or horizontally collapsed on the floor.",true,false,true,true,true,true,1,1.531644,true,stop,50,true,,,,,,,negative,false,protocol_failure,,true,,false,,false
P3_DESIGN_C3_BASELINE_20260827_112220_079,IMG_003890,DEV,0,negative,pf_v2_aigc_n01-normal-standing,pf_v2_aigc_n01-normal-standing,cf12a0c87783adfbb55c87a7b1f10fd0a02c273e0a80097167298edaf9349965,negative,false,"All visible people are standing upright on the road surface; no one is lying, prone, or horizontally collapsed.",true,false,true,true,true,true,1,1.472059,true,stop,43,true,,,,,,,negative,false,protocol_failure,,true,,false,,false
P3_DESIGN_C3_BASELINE_20260827_112220_080,IMG_003891,DEV,0,negative,pf_v2_aigc_n01-normal-standing,pf_v2_aigc_n01-normal-standing,83bedc0973a8c202da41709e7b7ff62f64b014c5d58c8b2a11779b40c3285a87,negative,false,"All visible persons are standing upright on the floor; no one is lying, prone, or horizontally collapsed on a surface.",true,false,true,true,true,true,1,1.514793,true,stop,45,true,,,,,,,negative,false,protocol_failure,,true,,false,,false
P3_DESIGN_C3_BASELINE_20260827_112220_081,IMG_003912,DEV,0,negative,pf_v2_aigc_n04-normal-seated-on-chair-stool,pf_v2_aigc_n04-normal-seated-on-chair-stool,9968329187d7c0273dcc1769c05d88e846009f0fd54a7d280664fca6706c0a46,negative,false,"All visible individuals are in seated or standing postures on chairs or the floor; no one is lying prone, supine, or horizontally collapsed on a support surface.",true,false,true,true,true,true,1,1.555339,true,stop,54,true,,,,,,,negative,false,protocol_failure,,true,,false,,false
P3_DESIGN_C3_BASELINE_20260827_112220_082,IMG_003913,DEV,0,negative,pf_v2_aigc_n04-normal-seated-on-chair-stool,pf_v2_aigc_n04-normal-seated-on-chair-stool,21558e45c831388c100ae3529b6804577a40ca367bb9f836b04e4c3520c2df66,negative,false,"All visible individuals are seated upright on chairs with torso/pelvis supported by the chair back and seat; no one is lying, prone, or collapsed on the floor or ground.",true,false,true,true,true,true,1,1.653543,true,stop,57,true,,,,,,,negative,false,protocol_failure,,true,,false,,false
P3_DESIGN_C3_BASELINE_20260827_112220_083,IMG_003914,DEV,0,negative,pf_v2_aigc_n04-normal-seated-on-chair-stool,pf_v2_aigc_n04-normal-seated-on-chair-stool,8bdf1601258e589a61a1ddaabcf4d9f5d44b83c59f28ad97f6030858e1d7ff54,negative,false,All visible individuals are seated in chairs with upright torso posture; no one is lying on the floor or non-rest surface.,true,false,true,true,true,true,1,1.534201,true,stop,45,true,,,,,,,negative,false,protocol_failure,,true,,false,,false
P3_DESIGN_C3_BASELINE_20260827_112220_084,IMG_003915,DEV,0,negative,pf_v2_aigc_n04-normal-seated-on-chair-stool,pf_v2_aigc_n04-normal-seated-on-chair-stool,181b3cafa82863a1ca5bb12aea16b6dacf16f78f5f346890cc2575880695f72a,negative,false,"All visible individuals are seated on chairs or stools with upright torso posture; no one is lying prone, supine, or horizontally collapsed on the floor or ground.",true,false,true,true,true,true,1,1.580150,true,stop,53,true,,,,,,,negative,false,protocol_failure,,true,,false,,false
P3_DESIGN_C3_BASELINE_20260827_112220_085,IMG_003916,DEV,0,negative,pf_v2_aigc_n04-normal-seated-on-chair-stool,pf_v2_aigc_n04-normal-seated-on-chair-stool,1702a8a274a13fb451ca23ccafdc997a8830cc7adda330b5df0b90ab6aedef73,negative,false,"All visible individuals are in seated or kneeling postures on chairs or the floor; no one is lying prone, supine, or horizontally collapsed on a support surface.",true,false,true,true,true,true,1,1.629758,true,stop,54,true,,,,,,,negative,false,protocol_failure,,true,,false,,false
P3_DESIGN_C3_BASELINE_20260827_112220_086,IMG_003917,DEV,0,negative,pf_v2_aigc_n04-normal-seated-on-chair-stool,pf_v2_aigc_n04-normal-seated-on-chair-stool,ef1b9e81ee1523dbbb21b07d027980742531a74f55e456b369a433de82844d0c,negative,false,"All visible individuals are seated on chairs or benches with upright torso posture; no one is lying prone, supine, or horizontally collapsed on the floor or ground.",true,false,true,true,true,true,1,1.576298,true,stop,53,true,,,,,,,negative,false,protocol_failure,,true,,false,,false
P3_DESIGN_C3_BASELINE_20260827_112220_087,IMG_003918,DEV,0,negative,pf_v2_aigc_n04-normal-seated-on-chair-stool,pf_v2_aigc_n04-normal-seated-on-chair-stool,9cbe78bbf831d21c6e1c849718050658b28230501cc176dd49023302702e5d89,negative,false,"All visible individuals are in upright or seated postures (sitting on chairs or stools, kneeling, or standing). No person is lying prone, supine, or horizontally collapsed on the floor or any non-rest surface.",true,false,true,true,true,true,1,1.713045,true,stop,65,true,,,,,,,negative,false,protocol_failure,,true,,false,,false
P3_DESIGN_C3_BASELINE_20260827_112220_088,IMG_003919,DEV,0,negative,pf_v2_aigc_n04-normal-seated-on-chair-stool,pf_v2_aigc_n04-normal-seated-on-chair-stool,95d750ee89b98302502ce9d5dd13c9cfd0bb861ce62ff17fb6bb95ba2852da1f,negative,false,"All visible individuals are in seated or kneeling postures on chairs or benches; no one is lying prone, supine, or horizontally collapsed on the floor or ground.",true,false,true,true,true,true,1,1.575215,true,stop,54,true,,,,,,,negative,false,protocol_failure,,true,,false,,false
P3_DESIGN_C3_BASELINE_20260827_112220_089,IMG_003920,DEV,0,negative,pf_v2_aigc_n04-normal-seated-on-chair-stool,pf_v2_aigc_n04-normal-seated-on-chair-stool,1d98c7785efcb98a45f71e366224ff1f43a9e4607bd7f11ac5a840e3fedbe349,negative,false,"All visible individuals are seated on benches with upright torso posture; no one is lying prone, supine, or horizontally collapsed on the ground or floor.",true,false,true,true,true,true,1,1.621486,true,stop,51,true,,,,,,,negative,false,protocol_failure,,true,,false,,false
P3_DESIGN_C3_BASELINE_20260827_112220_090,IMG_003921,DEV,0,negative,pf_v2_aigc_n04-normal-seated-on-chair-stool,pf_v2_aigc_n04-normal-seated-on-chair-stool,970f4760193d0f57e0b8a9307c58746c25e11ef6272e39ffb938b3e6b0100fc4,negative,false,"All five visible individuals are in seated or kneeling postures on chairs or a sofa; no one is lying prone, supine, or horizontally collapsed on a floor or ground surface.",true,false,true,true,true,true,1,1.624107,true,stop,57,true,,,,,,,negative,false,protocol_failure,,true,,false,,false
P3_DESIGN_C3_BASELINE_20260827_112220_091,IMG_003922,DEV,0,negative,pf_v2_aigc_n05-normal-work-activity,pf_v2_aigc_n05-normal-work-activity,9f097226ab0671e7a218fd1c82a58aebe647087f9a516133b29a28046bfc2abc,negative,false,"The person is standing upright on the industrial floor, supported by legs and feet. The torso is vertical, not lying or collapsed. There is no prone, supine, side-lying, or horizontally collapsed posture.",true,false,true,true,true,true,1,1.639740,true,stop,64,true,,,,,,,negative,false,protocol_failure,,true,,false,,false
P3_DESIGN_C3_BASELINE_20260827_112220_092,IMG_003923,DEV,0,negative,pf_v2_aigc_n05-normal-work-activity,pf_v2_aigc_n05-normal-work-activity,61f62d3713f09e213c5c6907ba0a919c642e6906a6f69bf8da0bb3a5166322fb,negative,false,"The person is standing upright on the industrial floor, supporting their full body weight with legs. The torso is vertical, not lying or collapsed. There is no prone, supine, or side-lying posture.",true,false,true,true,true,true,1,1.596032,true,stop,63,true,,,,,,,negative,false,protocol_failure,,true,,false,,false
P3_DESIGN_C3_BASELINE_20260827_112220_093,IMG_003924,DEV,0,negative,pf_v2_aigc_n05-normal-work-activity,pf_v2_aigc_n05-normal-work-activity,8365c94dd5b4f02db8356dede98e882f3d6565b8fda4260e81a214c9e1c314b3,negative,false,"The person is standing upright on a flat floor, supporting their full body weight with legs. The torso is vertical, not lying or collapsed. No prone or supine posture is visible.",true,false,true,true,true,true,1,1.512139,true,stop,58,true,,,,,,,negative,false,protocol_failure,,true,,false,,false
P3_DESIGN_C3_BASELINE_20260827_112220_094,IMG_003925,DEV,0,negative,pf_v2_aigc_n05-normal-work-activity,pf_v2_aigc_n05-normal-work-activity,94101fe845662bffc2c777c22fbd05325f40c7430b920dcefbfe616b2d8f8bbb,negative,false,"The person is standing upright, supported by legs and feet on the floor. The torso is vertical, not lying or collapsed. No prone, supine, or horizontally collapsed posture is visible.",true,false,true,true,true,true,1,1.596337,true,stop,59,true,,,,,,,negative,false,protocol_failure,,true,,false,,false
P3_DESIGN_C3_BASELINE_20260827_112220_095,IMG_003926,DEV,0,negative,pf_v2_aigc_n05-normal-work-activity,pf_v2_aigc_n05-normal-work-activity,d9d6cd153d044702ab5b5c7c742b8b9f0bfe1e6fbcc1876b64efb6da24f28b90,negative,false,"The person is standing upright, supported by legs and feet on the floor. The torso is vertical, not lying or collapsed. There is no prone, supine, or horizontally collapsed body state.",true,false,true,true,true,true,1,1.574902,true,stop,60,true,,,,,,,negative,false,protocol_failure,,true,,false,,false
P3_DESIGN_C3_BASELINE_20260827_112220_096,IMG_003927,DEV,0,negative,pf_v2_aigc_n05-normal-work-activity,pf_v2_aigc_n05-normal-work-activity,7f8500c8ea49da59bce9fd30b27e3b866415ba174fea8fd967d9cf75d7b91772,negative,false,"The person is standing upright, bending forward to place an object into a trash bin. The torso is vertical, supported by legs, with no lying or collapsed posture.",true,false,true,true,true,true,1,1.466765,true,stop,54,true,,,,,,,negative,false,protocol_failure,,true,,false,,false
P3_DESIGN_C3_BASELINE_20260827_112220_097,IMG_003928,DEV,0,negative,pf_v2_aigc_n05-normal-work-activity,pf_v2_aigc_n05-normal-work-activity,95620c5fac3a9c5da240bf74298f8edcb95bdd361a43e836056f69e8d81ad366,negative,false,"The person is standing upright on a flat floor, supported by legs and feet. The torso is vertical, not lying or collapsed. No prone, supine, or horizontally collapsed posture is visible.",true,false,true,true,true,true,1,1.533106,true,stop,60,true,,,,,,,negative,false,protocol_failure,,true,,false,,false
P3_DESIGN_C3_BASELINE_20260827_112220_098,IMG_003929,DEV,0,negative,pf_v2_aigc_n05-normal-work-activity,pf_v2_aigc_n05-normal-work-activity,8a82f11e4ece013b8e4753087d1d7fb186f0f67158d1f4e39aa438f5308286fa,negative,false,"The person is standing upright, actively pushing a cart. The torso is vertical and supported by legs, not lying on the floor.",true,false,true,true,true,true,1,1.461818,true,stop,47,true,,,,,,,negative,false,protocol_failure,,true,,false,,false
P3_DESIGN_C3_BASELINE_20260827_112220_099,IMG_003930,DEV,0,negative,pf_v2_aigc_n05-normal-work-activity,pf_v2_aigc_n05-normal-work-activity,f7ba24ba75b052e04cf3929eaeb01599b85303454742cecd2d9ad35189a11a83,negative,false,"The person is standing upright on a paved road surface, supporting their full body weight with legs. The torso is vertical, not lying or collapsed. The individual is actively pushing a cart, which is a supported, upright posture.",true,false,true,true,true,true,1,1.631001,true,stop,66,true,,,,,,,negative,false,protocol_failure,,true,,false,,false
P3_DESIGN_C3_BASELINE_20260827_112220_100,IMG_003931,DEV,0,negative,pf_v2_aigc_n05-normal-work-activity,pf_v2_aigc_n05-normal-work-activity,0b26abc51c7b63fab900a8c777f2c37a368a32a632a96741f4b20d82482e6d7c,negative,false,"The person is standing upright at a table, supported by legs, with torso vertical. No prone or lying state is visible.",true,false,true,true,true,true,1,1.505854,true,stop,46,true,,,,,,,negative,false,protocol_failure,,true,,false,,false
P3_DESIGN_C3_BASELINE_20260827_112220_101,IMG_003932,DEV,0,negative,pf_v2_aigc_n06-normal-work-activity,pf_v2_aigc_n06-normal-work-activity,0d5585e07f3b9fedc834975e2be54f134752f0ccb301ee4e02cd2c06106f94c8,negative,false,"All visible persons are standing upright or bending over machinery; no one is lying prone, supine, or horizontally collapsed on the floor.",true,false,true,true,true,true,1,1.427882,true,stop,48,true,,,,,,,negative,false,protocol_failure,,true,,false,,false
P3_DESIGN_C3_BASELINE_20260827_112220_102,IMG_003933,DEV,0,negative,pf_v2_aigc_n06-normal-work-activity,pf_v2_aigc_n06-normal-work-activity,c8a9bc514c15da3f2da23703dc11bb453d11c54b1bebcec486122e3fb87d5379,negative,false,"Both visible individuals are standing upright on the industrial floor; one is pushing a pallet jack and the other is standing near shelves. Neither person is lying, kneeling, or in a prone state.",true,false,true,true,true,true,1,1.635470,true,stop,59,true,,,,,,,negative,false,protocol_failure,,true,,false,,false
P3_DESIGN_C3_BASELINE_20260827_112220_103,IMG_003934,DEV,0,negative,pf_v2_aigc_n06-normal-work-activity,pf_v2_aigc_n06-normal-work-activity,8c72d44ee172f2ae89a43f5c104baaa598077ae72eecae1fac52666811ee2c15,negative,false,All visible persons are standing or seated in chairs; no one is lying on the floor or other non-rest surfaces.,true,false,true,true,true,true,1,1.381734,true,stop,44,true,,,,,,,negative,false,protocol_failure,,true,,false,,false
P3_DESIGN_C3_BASELINE_20260827_112220_104,IMG_003935,DEV,0,negative,pf_v2_aigc_n06-normal-work-activity,pf_v2_aigc_n06-normal-work-activity,708a9188aea6197ec36ef5ab262e62630b980f9a8a03797a477212ae97dd969d,negative,false,"All visible persons are standing upright; no one is lying, kneeling, or collapsed on the floor.",true,false,true,true,true,true,1,1.449866,true,stop,41,true,,,,,,,negative,false,protocol_failure,,true,,false,,false
P3_DESIGN_C3_BASELINE_20260827_112220_105,IMG_003936,DEV,0,negative,pf_v2_aigc_n06-normal-work-activity,pf_v2_aigc_n06-normal-work-activity,a9dec425e7a51445e33666ad77fc90f0add301fc713c1fbd6a83de6a81d2df72,negative,false,"The visible person is standing upright, supported by legs and feet on the floor. The second person in the background is also standing upright. No one is lying or in a prone/supine state.",true,false,true,true,true,true,1,1.617187,true,stop,61,true,,,,,,,negative,false,protocol_failure,,true,,false,,false
P3_DESIGN_C3_BASELINE_20260827_112220_106,IMG_003937,DEV,0,negative,pf_v2_aigc_n06-normal-work-activity,pf_v2_aigc_n06-normal-work-activity,15b2e5f1094add6b6262cc9d02d72f3cbacf86a9d4023024b7f9cbfc8d7a1dd8,negative,false,"The visible person is standing upright on the corridor floor, supported by legs and feet. The torso is vertical, not lying or collapsed. No other persons are visible in a prone or fallen state.",true,false,true,true,true,true,1,1.566028,true,stop,60,true,,,,,,,negative,false,protocol_failure,,true,,false,,false
P3_DESIGN_C3_BASELINE_20260827_112220_107,IMG_003938,DEV,0,negative,pf_v2_aigc_n06-normal-work-activity,pf_v2_aigc_n06-normal-work-activity,7d581bcff51b91f01017bb3a2479b738f8702d3532dc02bb5be374eb3acbfa33,negative,false,All visible individuals are standing or seated in a chair; no one is lying on the floor or any non-rest surface.,true,false,true,true,true,true,1,1.525869,true,stop,45,true,,,,,,,negative,false,protocol_failure,,true,,false,,false
P3_DESIGN_C3_BASELINE_20260827_112220_108,IMG_003939,DEV,0,negative,pf_v2_aigc_n06-normal-work-activity,pf_v2_aigc_n06-normal-work-activity,2775217a73b3fec9852ead7ed28b5b4d76904b4a4f146e32928fc4c249a2f0b5,negative,false,"The person is standing upright on the floor, supported by legs, with torso vertical. No prone or lying posture is visible.",true,false,true,true,true,true,1,1.531217,true,stop,46,true,,,,,,,negative,false,protocol_failure,,true,,false,,false
P3_DESIGN_C3_BASELINE_20260827_112220_109,IMG_003940,DEV,0,negative,pf_v2_aigc_n06-normal-work-activity,pf_v2_aigc_n06-normal-work-activity,48dc5ad464b297860fc6a28647999f2c6eb1c00a37fd106e0a75d32094aebe81,negative,false,"All visible individuals are standing upright on the ground surface. One person is walking away, another is walking toward the camera, and a third is standing near equipment. No one is lying, prone, or in a collapsed state.",true,false,true,true,true,true,1,1.656666,true,stop,66,true,,,,,,,negative,false,protocol_failure,,true,,false,,false
P3_DESIGN_C3_BASELINE_20260827_112220_110,IMG_003941,DEV,0,negative,pf_v2_aigc_n06-normal-work-activity,pf_v2_aigc_n06-normal-work-activity,bd7cb37950286e8775216a9371b0eece1f9d46cfb09f046e0205804bd042b6a7,negative,false,"All visible individuals are in upright or seated postures (sitting at a table, standing at a counter). No person is lying prone, supine, or side-lying on a floor or non-rest surface.",true,false,true,true,true,true,1,1.713991,true,stop,64,true,,,,,,,negative,false,protocol_failure,,true,,false,,false
P3_DESIGN_C3_BASELINE_20260827_112220_111,IMG_004002,DEV,1,positive,pf_v2_aigc_p03-prone-on-floor,pf_v2_aigc_p03-prone-on-floor,f0afef1f06a16d9f91cbc9eb9a52cecd79d692a10c0624b6f169255a562f6374,positive,true,"The person is lying prone on the industrial floor with the torso and pelvis fully supported by the ground. The arms are extended forward with hands flat on the floor, and legs are extended backward with feet on the floor, indicating a stable, non-resting lying posture.",true,false,true,true,true,true,1,1.811419,true,stop,75,true,,,,,,,positive,true,protocol_failure,,true,,false,,false
P3_DESIGN_C3_BASELINE_20260827_112220_112,IMG_004003,DEV,1,positive,pf_v2_aigc_p03-prone-on-floor,pf_v2_aigc_p03-prone-on-floor,531968ccc4c4000ca558dc91f46f4aa132767e2df19281d2506c4cbbd62c3e0f,positive,true,"The person is lying prone on an industrial warehouse floor with torso and pelvis fully supported; hands are placed under the head for support, and feet are extended without active elevation or flexed-leg support.",true,false,true,true,true,true,1,1.578385,true,stop,61,true,,,,,,,positive,true,protocol_failure,,true,,false,,false
P3_DESIGN_C3_BASELINE_20260827_112220_113,IMG_004004,DEV,1,positive,pf_v2_aigc_p03-prone-on-floor,pf_v2_aigc_p03-prone-on-floor,86547becdc828b66ad9504dc73a3f4554738ec7030b623ec6830ae18fb351a4a,positive,true,"The person is lying prone on a carpeted corridor floor with torso and pelvis fully supported by the ground; hands are extended forward and feet are flat on the floor, indicating a stable non-resting lying posture.",true,false,true,true,true,true,1,1.698510,true,stop,64,true,,,,,,,positive,true,protocol_failure,,true,,false,,false
P3_DESIGN_C3_BASELINE_20260827_112220_114,IMG_004005,DEV,1,positive,pf_v2_aigc_p03-prone-on-floor,pf_v2_aigc_p03-prone-on-floor,fc2bc25c7a7c65641f3f35cd41cab981571e82d00231d5cb3f676954c03684f1,positive,true,"support surface: polished floor; torso/pelvis state: fully supine and horizontally collapsed; decisive supporting-limb clue: hands and feet are the only contact points with the floor, with no knees or shins supporting the body.",true,false,true,true,true,true,1,1.579719,true,stop,68,true,,,,,,,positive,true,protocol_failure,,true,,false,,false
P3_DESIGN_C3_BASELINE_20260827_112220_115,IMG_004006,DEV,1,positive,pf_v2_aigc_p03-prone-on-floor,pf_v2_aigc_p03-prone-on-floor,562f3ef69ce6291a666cffda86e701c7f20b92195677ac0bffc96dbf792f87e1,positive,true,"The person is lying prone on a tiled floor in a corridor. The torso and pelvis are fully supported by the ground, with arms and legs extended flat. There are no active supporting limbs (hands or knees) elevating the body; the posture is a clear horizontal collapse on a non-rest surface.",true,false,true,true,true,true,1,1.784932,true,stop,82,true,,,,,,,positive,true,protocol_failure,,true,,false,,false
P3_DESIGN_C3_BASELINE_20260827_112220_116,IMG_004007,DEV,1,positive,pf_v2_aigc_p03-prone-on-floor,pf_v2_aigc_p03-prone-on-floor,ffea712d59fccabbaf558579286df4d7fe6c99afeb817ce0bf8dad7d3377a921,positive,true,"The person is lying prone on a smooth floor corridor surface. The torso and pelvis are fully supported horizontally on the ground. The arms are extended forward, and the legs are extended backward, with no active limb support (like hands or knees) elevating the body.",true,false,true,true,true,true,1,1.979164,true,stop,75,true,,,,,,,positive,true,protocol_failure,,true,,false,,false
P3_DESIGN_C3_BASELINE_20260827_112220_117,IMG_004008,DEV,1,positive,pf_v2_aigc_p03-prone-on-floor,pf_v2_aigc_p03-prone-on-floor,6609e71caae836680300eb0b9a5b375fed21f3fc3538aa102667e729b25864b6,positive,true,The person is lying prone on an industrial floor with torso and pelvis fully supported; hands and feet are extended and not actively supporting the body in a seated or kneeling posture.,true,false,true,true,true,true,1,1.545406,true,stop,56,true,,,,,,,positive,true,protocol_failure,,true,,false,,false
P3_DESIGN_C3_BASELINE_20260827_112220_118,IMG_004009,DEV,1,positive,pf_v2_aigc_p03-prone-on-floor,pf_v2_aigc_p03-prone-on-floor,5584ace79f64b843dbea6e6eccf78e5e0700837c1b506bf79c82085f472e285b,positive,true,"A person is lying prone on the concrete floor of a parking garage. The torso and pelvis are fully supported by the ground, and the legs are extended. There are no active supporting limbs (hands or knees) elevating the body; the person is in a collapsed, non-resting position on an abnormal surface.",true,false,true,true,true,true,1,1.815419,true,stop,85,true,,,,,,,positive,true,protocol_failure,,true,,false,,false
P3_DESIGN_C3_BASELINE_20260827_112220_119,IMG_004010,DEV,1,positive,pf_v2_aigc_p03-prone-on-floor,pf_v2_aigc_p03-prone-on-floor,5e672724004a81b5b2d705c84a7bfb3bd5dadec21ca063c60d35dcc09debb938,positive,true,"The person is lying prone on a concrete road surface. The torso and pelvis are fully supported by the ground in a horizontal collapsed state. The arms are extended forward, resting on the ground, and the legs are extended backward, indicating a stable lying posture rather than an active exercise or sitting position.",true,false,true,true,true,true,1,1.897191,true,stop,81,true,,,,,,,positive,true,protocol_failure,,true,,false,,false
P3_DESIGN_C3_BASELINE_20260827_112220_120,IMG_004011,DEV,1,positive,pf_v2_aigc_p03-prone-on-floor,pf_v2_aigc_p03-prone-on-floor,21a5aa9d0b90a82dff6f58e818f3f4cd2c2c7f83a07fac1b12e2a6bcb2b74a4b,positive,true,"A person is lying prone on a smooth industrial floor with torso and pelvis fully supported; arms are extended flat on the ground, and legs are straight, indicating a stable non-resting lying state.",true,false,true,true,true,true,1,1.691668,true,stop,61,true,,,,,,,positive,true,protocol_failure,,true,,false,,false
P3_DESIGN_C3_BASELINE_20260827_112220_121,IMG_004022,DEV,1,positive,pf_v2_aigc_p05-side-lying-on-floor,pf_v2_aigc_p05-side-lying-on-floor,2a56166420080f6334e879608539170bdb9c06953e57519f7df004838705a3e2,positive,true,"The person is lying prone on the industrial floor with the torso and pelvis fully supported by the ground. The legs are extended and the arms are resting on the floor, indicating a collapsed lying state rather than a supported posture like kneeling or sitting.",true,false,true,true,true,true,1,1.708157,true,stop,70,true,,,,,,,positive,true,protocol_failure,,true,,false,,false
P3_DESIGN_C3_BASELINE_20260827_112220_122,IMG_004023,DEV,1,positive,pf_v2_aigc_p05-side-lying-on-floor,pf_v2_aigc_p05-side-lying-on-floor,c3e644298d54499a3202d20f1f667081fe45ef7900eff0951afcbd2e1c73dfcd,positive,true,"The person is lying prone on an industrial concrete floor with full body support; hands are extended forward and feet are extended backward, with no active limb support elevating the torso.",true,false,true,true,true,true,1,1.590489,true,stop,56,true,,,,,,,positive,true,protocol_failure,,true,,false,,false
P3_DESIGN_C3_BASELINE_20260827_112220_123,IMG_004024,DEV,1,positive,pf_v2_aigc_p05-side-lying-on-floor,pf_v2_aigc_p05-side-lying-on-floor,27ab8404612d800fa1e25c2b6dfaab48a4dea15df2e9946e3a192a8ac2dff522,positive,true,"A person is lying prone on a carpeted floor in a corridor, with torso and legs fully supported by the ground, hands resting on the floor for stability.",true,false,true,true,true,true,1,1.618111,true,stop,53,true,,,,,,,positive,true,protocol_failure,,true,,false,,false
P3_DESIGN_C3_BASELINE_20260827_112220_124,IMG_004025,DEV,1,positive,pf_v2_aigc_p05-side-lying-on-floor,pf_v2_aigc_p05-side-lying-on-floor,45e4c31209b3a7baede57f45f9dee5ca938abd06bf17e18f4135b2d72a200f6a,positive,true,"support surface: hospital corridor floor; torso/pelvis state: fully supine and horizontally collapsed; decisive supporting-limb clue: arms extended flat on floor, legs extended, no active support from knees or hands lifting the torso.",true,false,true,true,true,true,1,1.736376,true,stop,67,true,,,,,,,positive,true,protocol_failure,,true,,false,,false
P3_DESIGN_C3_BASELINE_20260827_112220_125,IMG_004026,DEV,1,positive,pf_v2_aigc_p05-side-lying-on-floor,pf_v2_aigc_p05-side-lying-on-floor,bd92eda4b83fdab8da9176185c1497fe9ff75cfbc151e0e9cda00a8d9f89bc13,positive,true,"Support surface is a smooth industrial floor; torso/pelvis is fully supine and horizontally collapsed with no active limb support; hands and feet are flat on the ground, confirming a stable lying state.",true,false,true,true,true,true,1,1.627405,true,stop,61,true,,,,,,,positive,true,protocol_failure,,true,,false,,false
P3_DESIGN_C3_BASELINE_20260827_112220_126,IMG_004027,DEV,1,positive,pf_v2_aigc_p05-side-lying-on-floor,pf_v2_aigc_p05-side-lying-on-floor,1aa07102c66e87fd6004b84996a0fec67f8f3abc55bed2067e96cd000bf9a0aa,positive,true,"The person is lying horizontally on a carpeted floor in a corridor. The torso and pelvis are fully supported by the ground, with legs extended and feet flat on the floor. The arms are resting on the floor, not actively supporting the body in a push-up or plank position.",true,false,true,true,true,true,1,1.872560,true,stop,78,true,,,,,,,positive,true,protocol_failure,,true,,false,,false
P3_DESIGN_C3_BASELINE_20260827_112220_127,IMG_004028,DEV,1,positive,pf_v2_aigc_p05-side-lying-on-floor,pf_v2_aigc_p05-side-lying-on-floor,bbcc10a0ae8771d24f9d903beb69eef522f8742deb28eb3bb147f8cd94d27edd,positive,true,"The person is lying prone on an industrial floor with torso and pelvis fully supported; hands are extended forward and feet are extended backward, with no active limb support elevating the torso.",true,false,true,true,true,true,1,1.550377,true,stop,58,true,,,,,,,positive,true,protocol_failure,,true,,false,,false
P3_DESIGN_C3_BASELINE_20260827_112220_128,IMG_004029,DEV,1,positive,pf_v2_aigc_p05-side-lying-on-floor,pf_v2_aigc_p05-side-lying-on-floor,456144ecfb646cade4916bacfb4fa3d5a43cd9dd578dbb9f021842a9b201dfb7,positive,true,"A person is lying prone on the concrete floor of a parking garage. The torso and legs are fully extended and supported by the ground, with no visible active support from limbs.",true,false,true,true,true,true,1,1.623956,true,stop,56,true,,,,,,,positive,true,protocol_failure,,true,,false,,false
P3_DESIGN_C3_BASELINE_20260827_112220_129,IMG_004030,DEV,1,positive,pf_v2_aigc_p05-side-lying-on-floor,pf_v2_aigc_p05-side-lying-on-floor,62327680277259c675a6504f4dc31fb69739f19221e2a2a8e631806a19882e15,positive,true,"The person is lying on their side on a paved road surface. The torso and pelvis are fully supported by the ground in a horizontal, collapsed position. The arms are extended and resting on the ground, and the legs are extended, with no active limb support (like knees or hands) elevating the body from the surface.",true,false,true,true,true,true,1,1.936930,true,stop,87,true,,,,,,,positive,true,protocol_failure,,true,,false,,false
P3_DESIGN_C3_BASELINE_20260827_112220_130,IMG_004031,DEV,1,positive,pf_v2_aigc_p05-side-lying-on-floor,pf_v2_aigc_p05-side-lying-on-floor,a6c5520e3615d1510868fa7eb35ac9a4a431ad5b9c6797810db0fecb1783bd16,positive,true,"A person is lying prone on a polished floor surface with the torso and pelvis fully supported by the ground, hands extended forward, and feet extended backward, showing no active limb support or elevation.",true,false,true,true,true,true,1,1.537504,true,stop,60,true,,,,,,,positive,true,protocol_failure,,true,,false,,false
P3_DESIGN_C3_BASELINE_20260827_112220_131,IMG_004032,DEV,1,positive,pf_v2_aigc_p06-side-lying-on-floor,pf_v2_aigc_p06-side-lying-on-floor,543366363d22efbbb907b006f3f86b877eea519fe5c6c98dad0cd699d9078b8f,positive,true,"The person is lying prone on an industrial concrete floor. The torso and pelvis are fully supported by the ground in a horizontal collapsed state. The arms are extended forward with hands flat on the floor, and the legs are extended backward with feet on the floor, indicating a stable lying posture without active support from knees or elbows.",true,false,true,true,true,true,1,1.864816,true,stop,86,true,,,,,,,positive,true,protocol_failure,,true,,false,,false
P3_DESIGN_C3_BASELINE_20260827_112220_132,IMG_004033,DEV,1,positive,pf_v2_aigc_p06-side-lying-on-floor,pf_v2_aigc_p06-side-lying-on-floor,9104b3c0cec7c4dc79881416cab26f85c6798fe75823c2315f7692b1b04991de,positive,true,"The person is lying on their side on an industrial warehouse floor. The torso and pelvis are fully supported by the ground in a horizontal, collapsed position. The legs are extended and the feet are flat on the floor, with no active limb support (like hands or knees) elevating the body.",true,false,true,true,true,true,1,1.933656,true,stop,81,true,,,,,,,positive,true,protocol_failure,,true,,false,,false
P3_DESIGN_C3_BASELINE_20260827_112220_133,IMG_004034,DEV,1,positive,pf_v2_aigc_p06-side-lying-on-floor,pf_v2_aigc_p06-side-lying-on-floor,40ab0258a86ac7e8afb15911af2081069b68e301b7a5af23371b895ffa142564,positive,true,"The person is lying prone on the carpeted floor in a corridor. The torso and pelvis are fully supported by the ground, and the legs are extended. There are no active supporting limbs (hands or knees) elevating the body; the person is in a collapsed, non-resting position.",true,false,true,true,true,true,1,1.864691,true,stop,81,true,,,,,,,positive,true,protocol_failure,,true,,false,,false
P3_DESIGN_C3_BASELINE_20260827_112220_134,IMG_004035,DEV,1,positive,pf_v2_aigc_p06-side-lying-on-floor,pf_v2_aigc_p06-side-lying-on-floor,6e58218f754b18cfefcf1a55867e1f9ce0beb569d3c45cecc50f06f5b4d96c11,positive,true,"The person is lying prone on a smooth floor surface in a corridor. The torso and pelvis are fully supported by the ground, and the legs are extended with feet flat on the floor, indicating a collapsed lying state rather than sitting or kneeling.",true,false,true,true,true,true,1,1.717556,true,stop,70,true,,,,,,,positive,true,protocol_failure,,true,,false,,false
P3_DESIGN_C3_BASELINE_20260827_112220_135,IMG_004036,DEV,1,positive,pf_v2_aigc_p06-side-lying-on-floor,pf_v2_aigc_p06-side-lying-on-floor,40cd8ba87bfcbb00225de96b16624ec4872550b11252d00d3c2115e271eaadda,positive,true,"A person is lying prone on a carpeted corridor floor with torso and legs fully supported by the ground, hands resting on the floor, and feet extended.",true,false,true,true,true,true,1,1.639763,true,stop,52,true,,,,,,,positive,true,protocol_failure,,true,,false,,false
P3_DESIGN_C3_BASELINE_20260827_112220_136,IMG_004037,DEV,1,positive,pf_v2_aigc_p06-side-lying-on-floor,pf_v2_aigc_p06-side-lying-on-floor,b4ce4b7c71ee6cd208998d8e86e0051c6af3508cc497dbee82600ef9d19ee92e,positive,true,"The person is lying prone on a carpeted floor in a corridor. The torso and pelvis are fully supported by the ground, and the legs are extended. There are no active supporting limbs (hands or knees) elevating the body; the person is in a collapsed, non-resting position.",true,false,true,true,true,true,1,1.844798,true,stop,81,true,,,,,,,positive,true,protocol_failure,,true,,false,,false
P3_DESIGN_C3_BASELINE_20260827_112220_137,IMG_004038,DEV,1,positive,pf_v2_aigc_p06-side-lying-on-floor,pf_v2_aigc_p06-side-lying-on-floor,1e44db1135509a6e0df16af3d900148b4a3e959a17a1519196655ce3761a62e2,positive,true,The person is lying prone on the floor with torso and pelvis fully supported by the ground; no active supporting limbs (hands/knees) are elevating the body.,true,false,true,true,true,true,1,1.665374,true,stop,55,true,,,,,,,positive,true,protocol_failure,,true,,false,,false
P3_DESIGN_C3_BASELINE_20260827_112220_138,IMG_004039,DEV,1,positive,pf_v2_aigc_p06-side-lying-on-floor,pf_v2_aigc_p06-side-lying-on-floor,7e1dc717a13c06a582f22d3f729af0a05f6c6b3fa31fb9fa915c88f5a0f34c50,positive,true,"A person is lying prone on the concrete floor of a parking garage. The torso and pelvis are fully supported by the ground in a horizontal collapsed state. The arms are extended forward, and the legs are extended backward, with no active limb support (like knees or hands) elevating the body.",true,false,true,true,true,true,1,1.870761,true,stop,81,true,,,,,,,positive,true,protocol_failure,,true,,false,,false
P3_DESIGN_C3_BASELINE_20260827_112220_139,IMG_004040,DEV,1,positive,pf_v2_aigc_p06-side-lying-on-floor,pf_v2_aigc_p06-side-lying-on-floor,c23b8a580e2bf51df5820f66f974c76f2a7e2df2b876307aa8d74a8791cc2691,positive,true,"The person is lying on their side on a paved road surface. The torso and pelvis are fully supported by the ground in a collapsed horizontal position. The legs are extended and the arms are resting on the ground, with no active limb support (like hands or knees) elevating the body.",true,false,true,true,true,true,1,1.693075,true,stop,80,true,,,,,,,positive,true,protocol_failure,,true,,false,,false
P3_DESIGN_C3_BASELINE_20260827_112220_140,IMG_004041,DEV,1,positive,pf_v2_aigc_p06-side-lying-on-floor,pf_v2_aigc_p06-side-lying-on-floor,95af36458be5ba10a6c1268ff6a6389338c3afd7d31462322e7ee0a93db19282,positive,true,"The person is lying prone on a concrete floor with torso and pelvis fully supported on the ground, hands extended forward, and feet extended back, forming a collapsed horizontal body state.",true,false,true,true,true,true,1,1.584466,true,stop,57,true,,,,,,,positive,true,protocol_failure,,true,,false,,false
P3_DESIGN_C3_BASELINE_20260827_112220_141,IMG_004042,DEV,1,positive,pf_v2_aigc_p07-irregular-sprawled-posture,pf_v2_aigc_p07-irregular-sprawled-posture,cb3fc95186cc9c5c8dba3642c4f7c827e2db6f76e0bc774ca4877489681ba90a,positive,true,"The person is lying supine on an industrial concrete floor with torso and pelvis fully supported; arms and legs are extended without active support, indicating a collapsed lying state.",true,false,true,true,true,true,1,1.603905,true,stop,55,true,,,,,,,positive,true,protocol_failure,,true,,false,,false
P3_DESIGN_C3_BASELINE_20260827_112220_142,IMG_004043,DEV,1,positive,pf_v2_aigc_p07-irregular-sprawled-posture,pf_v2_aigc_p07-irregular-sprawled-posture,a4b5e371a0c9a8426002ddcb06ff647bc733113b32d853dd1b5e8126ebd82662,positive,true,"The person is lying supine on the industrial floor with torso and pelvis fully supported; arms and legs are extended without active support, indicating a collapsed lying state.",true,false,true,true,true,true,1,1.608146,true,stop,54,true,,,,,,,positive,true,protocol_failure,,true,,false,,false
P3_DESIGN_C3_BASELINE_20260827_112220_143,IMG_004044,DEV,1,positive,pf_v2_aigc_p07-irregular-sprawled-posture,pf_v2_aigc_p07-irregular-sprawled-posture,c155e11cc5dbc7515c11c36d9a08eaa9ac188ad362db12571a3f839a0a2e83a6,positive,true,"The person is lying prone on the carpeted floor with torso and pelvis fully supported by the ground; arms are extended forward without active support, and legs are extended backward, indicating a collapsed lying state rather than sitting, kneeling, or exercise.",true,false,true,true,true,true,1,1.786838,true,stop,70,true,,,,,,,positive,true,protocol_failure,,true,,false,,false
P3_DESIGN_C3_BASELINE_20260827_112220_144,IMG_004045,DEV,1,positive,pf_v2_aigc_p07-irregular-sprawled-posture,pf_v2_aigc_p07-irregular-sprawled-posture,b06508f0ff5e35e38aa70f6e7045bbd6ce1de7735ac0a9f9b75256bfabbff882,positive,true,"The person is lying supine on a hospital corridor floor with torso and pelvis fully supported by the ground; arms and legs are extended without active support, indicating a collapsed lying state.",true,false,true,true,true,true,1,1.606808,true,stop,58,true,,,,,,,positive,true,protocol_failure,,true,,false,,false
P3_DESIGN_C3_BASELINE_20260827_112220_145,IMG_004046,DEV,1,positive,pf_v2_aigc_p07-irregular-sprawled-posture,pf_v2_aigc_p07-irregular-sprawled-posture,0fe945e667d39d7701aa99658ece8ac840c880671c67fa3c45411adafe12808b,positive,true,"The person is lying supine on a concrete floor in a corridor. The torso and pelvis are fully supported by the ground, with legs extended and arms outstretched, showing no active limb support or kneeling posture.",true,false,true,true,true,true,1,1.667534,true,stop,65,true,,,,,,,positive,true,protocol_failure,,true,,false,,false
P3_DESIGN_C3_BASELINE_20260827_112220_146,IMG_004047,DEV,1,positive,pf_v2_aigc_p07-irregular-sprawled-posture,pf_v2_aigc_p07-irregular-sprawled-posture,a6db45bafd81f698513469b4ff4a2d511eb7835a2b68143d6f0d7176ca77f841,positive,true,"A person is lying prone on a tiled floor in a corridor, with torso and legs fully supported by the ground, hands resting on the floor for stability.",true,false,true,true,true,true,1,1.635949,true,stop,52,true,,,,,,,positive,true,protocol_failure,,true,,false,,false
P3_DESIGN_C3_BASELINE_20260827_112220_147,IMG_004048,DEV,1,positive,pf_v2_aigc_p07-irregular-sprawled-posture,pf_v2_aigc_p07-irregular-sprawled-posture,6752cbcf9b14a772e8124d7d7e19378a6675f95622ac0a8153462f610a40bc30,positive,true,"The person is lying supine on a tiled industrial floor with full body contact (torso, legs, arms, and feet) supporting the prone state; no active limb support is visible to elevate the torso.",true,false,true,true,true,true,1,1.695055,true,stop,63,true,,,,,,,positive,true,protocol_failure,,true,,false,,false
P3_DESIGN_C3_BASELINE_20260827_112220_148,IMG_004049,DEV,1,positive,pf_v2_aigc_p07-irregular-sprawled-posture,pf_v2_aigc_p07-irregular-sprawled-posture,f0a0f5419bbb53b7663c9dd28db06adb77f0f0258eeb41fdd3b6d4514e76660e,positive,true,"A person is lying supine on the concrete floor of a parking garage. The torso and pelvis are fully supported by the ground, and the legs are extended. There are no visible active supporting limbs (hands or knees) elevating the body; the person is in a collapsed, prone state on an abnormal non-rest surface.",true,false,true,true,true,true,1,1.913065,true,stop,87,true,,,,,,,positive,true,protocol_failure,,true,,false,,false
P3_DESIGN_C3_BASELINE_20260827_112220_149,IMG_004050,DEV,1,positive,pf_v2_aigc_p07-irregular-sprawled-posture,pf_v2_aigc_p07-irregular-sprawled-posture,d8438107d83700364347ad3c26d071f64fe0431d0dcd4e5b8e60199876d4a51d,positive,true,The person is lying supine on a paved outdoor ground surface. The torso and pelvis are fully supported by the ground with no active limb support (arms and legs are extended or slightly bent but not bearing weight to maintain a non-lying posture).,true,false,true,true,true,true,1,1.813659,true,stop,71,true,,,,,,,positive,true,protocol_failure,,true,,false,,false
P3_DESIGN_C3_BASELINE_20260827_112220_150,IMG_004051,DEV,1,positive,pf_v2_aigc_p07-irregular-sprawled-posture,pf_v2_aigc_p07-irregular-sprawled-posture,d3a538a2a1e5d2abca0f6117f64111daa0d2f3084088fe1bb7ff074b429806f2,positive,true,"A person is lying supine on a concrete floor with torso and legs fully supported by the ground, arms extended, and no active limb support.",true,false,true,true,true,true,1,1.578557,true,stop,50,true,,,,,,,positive,true,protocol_failure,,true,,false,,false
P3_DESIGN_C3_BASELINE_20260827_112220_151,IMG_004052,DEV,1,positive,pf_v2_aigc_p08-irregular-sprawled-posture,pf_v2_aigc_p08-irregular-sprawled-posture,6329713947ec4d5b2cff88fe809abf4feb9e8d016de5890149a64527094f0b52,positive,true,The person is lying supine on an industrial floor with torso and pelvis fully supported; no hands or knees are actively supporting or elevating the body.,true,false,true,true,true,true,1,1.630834,true,stop,52,true,,,,,,,positive,true,protocol_failure,,true,,false,,false
P3_DESIGN_C3_BASELINE_20260827_112220_152,IMG_004053,DEV,1,positive,pf_v2_aigc_p08-irregular-sprawled-posture,pf_v2_aigc_p08-irregular-sprawled-posture,62eed352082d639f7ec1da9a08bf8f4fd2709e3f427db78c21f125784c557919,positive,true,"The person is lying prone on the industrial floor with torso and pelvis fully supported; hands are extended forward and feet are planted, indicating a collapsed lying state rather than sitting or kneeling.",true,false,true,true,true,true,1,1.701453,true,stop,58,true,,,,,,,positive,true,protocol_failure,,true,,false,,false
P3_DESIGN_C3_BASELINE_20260827_112220_153,IMG_004054,DEV,1,positive,pf_v2_aigc_p08-irregular-sprawled-posture,pf_v2_aigc_p08-irregular-sprawled-posture,6b30f078fd10835d53b923b3493e7405c7369707c233f93babed2ed9bce4d9a4,positive,true,"The person is lying prone on the carpeted floor with the torso and pelvis fully supported by the ground. The arms are extended forward, and the legs are extended backward, indicating a collapsed, non-resting posture on an abnormal surface.",true,false,true,true,true,true,1,1.679926,true,stop,69,true,,,,,,,positive,true,protocol_failure,,true,,false,,false
P3_DESIGN_C3_BASELINE_20260827_112220_154,IMG_004055,DEV,1,positive,pf_v2_aigc_p08-irregular-sprawled-posture,pf_v2_aigc_p08-irregular-sprawled-posture,5a679c20b46a78140a1723a94372f44733409706248382250009951f8c54c5af,positive,true,"The person is lying supine on a smooth floor surface in a corridor. The torso and pelvis are fully supported by the ground, with legs extended and arms resting on the floor, indicating a clear lying state without active support from limbs.",true,false,true,true,true,true,1,1.754772,true,stop,69,true,,,,,,,positive,true,protocol_failure,,true,,false,,false
P3_DESIGN_C3_BASELINE_20260827_112220_155,IMG_004056,DEV,1,positive,pf_v2_aigc_p08-irregular-sprawled-posture,pf_v2_aigc_p08-irregular-sprawled-posture,5484e98bd9beb2564cdaa7f1895e38eca19d8ce2e1b14c9b4ca379bb63853c39,positive,true,"A person is lying prone on a smooth floor surface in a corridor, with torso and legs fully extended and supported by the ground, hands resting flat on the floor.",true,false,true,true,true,true,1,1.697530,true,stop,54,true,,,,,,,positive,true,protocol_failure,,true,,false,,false
P3_DESIGN_C3_BASELINE_20260827_112220_156,IMG_004057,DEV,1,positive,pf_v2_aigc_p08-irregular-sprawled-posture,pf_v2_aigc_p08-irregular-sprawled-posture,8d55ff9191c8345510d898d4ce7f4e102bc545da00a04d34b4348b44dbc30b49,positive,true,"The person is lying on their side on a tiled floor corridor. The torso and pelvis are fully supported by the ground in a collapsed horizontal position. The legs are extended and the arms are resting on the floor, with no active limb support (like hands or knees) elevating the body.",true,false,true,true,true,true,1,1.863268,true,stop,80,true,,,,,,,positive,true,protocol_failure,,true,,false,,false
P3_DESIGN_C3_BASELINE_20260827_112220_157,IMG_004058,DEV,1,positive,pf_v2_aigc_p08-irregular-sprawled-posture,pf_v2_aigc_p08-irregular-sprawled-posture,68912e9f3ab5ff7d86ad8b23771f54ae9d1c88fec150a78a012c04b3c15edf4f,positive,true,"The person is lying prone on an industrial floor with torso and pelvis fully supported; hands are extended forward and feet are planted, but the body is in a collapsed horizontal lying state consistent with the positive definition.",true,false,true,true,true,true,1,1.661894,true,stop,63,true,,,,,,,positive,true,protocol_failure,,true,,false,,false
P3_DESIGN_C3_BASELINE_20260827_112220_158,IMG_004059,DEV,1,positive,pf_v2_aigc_p08-irregular-sprawled-posture,pf_v2_aigc_p08-irregular-sprawled-posture,739161dbbfddb42ee17f17a670b0cdbc70de120b7796ccd7720ee8a9d1d8212d,positive,true,"A person is lying prone on the concrete floor of a parking garage. The torso and pelvis are fully supported by the ground, and the legs are extended. There are no active supporting limbs (hands or knees) elevating the body; the person is in a collapsed, horizontal lying state on an abnormal non-rest surface.",true,false,true,true,true,true,1,1.949239,true,stop,86,true,,,,,,,positive,true,protocol_failure,,true,,false,,false
P3_DESIGN_C3_BASELINE_20260827_112220_159,IMG_004060,DEV,1,positive,pf_v2_aigc_p08-irregular-sprawled-posture,pf_v2_aigc_p08-irregular-sprawled-posture,19d4936d216437d25279b52eb0280761729d18816227652dec371e24ae7ee99d,positive,true,"The person is lying on their side on a concrete industrial floor. The torso and pelvis are fully supported by the ground in a collapsed horizontal position. The legs are extended and the feet are flat on the ground, with no active limb support (like hands or knees) elevating the body.",true,false,true,true,true,true,1,1.768712,true,stop,80,true,,,,,,,positive,true,protocol_failure,,true,,false,,false
P3_DESIGN_C3_BASELINE_20260827_112220_160,IMG_004061,DEV,1,positive,pf_v2_aigc_p08-irregular-sprawled-posture,pf_v2_aigc_p08-irregular-sprawled-posture,6e124de18d12ec3eea5142bf50c80b334edefcd5d34dfc410ef75fd60405655c,positive,true,"The person is lying on their side on a flat floor surface. The torso and pelvis are fully supported by the ground, not by hands or knees. The legs are extended and resting on the floor, indicating a stable, non-resting surface posture consistent with a fallen or intentionally lying state.",true,false,true,true,true,true,1,1.830643,true,stop,80,true,,,,,,,positive,true,protocol_failure,,true,,false,,false
P3_DESIGN_C3_BASELINE_20260827_112220_161,IMG_004062,DEV,1,positive,pf_v2_aigc_p09-partially-occluded-fallen-person,pf_v2_aigc_p09-partially-occluded-fallen-person,e62e16f8fb837016a69468b137086d3495628988ef8717a9c6b8d14eecc2e0e4,positive,true,"The person is lying supine on the industrial floor with torso and pelvis fully supported; hands are extended flat on the ground and feet are planted, indicating a collapsed lying state rather than sitting or kneeling.",true,false,true,true,true,true,1,1.644228,true,stop,62,true,,,,,,,positive,true,protocol_failure,,true,,false,,false
P3_DESIGN_C3_BASELINE_20260827_112220_162,IMG_004063,DEV,1,positive,pf_v2_aigc_p09-partially-occluded-fallen-person,pf_v2_aigc_p09-partially-occluded-fallen-person,bbf1df2f25f5b2702af333b76b4a08995937d5989b427028174f4e7b126338d7,positive,true,The person is lying supine on the industrial floor with torso and pelvis fully supported; hands and feet are extended and not actively supporting the body.,true,false,true,true,true,true,1,1.600964,true,stop,51,true,,,,,,,positive,true,protocol_failure,,true,,false,,false
P3_DESIGN_C3_BASELINE_20260827_112220_163,IMG_004064,DEV,1,positive,pf_v2_aigc_p09-partially-occluded-fallen-person,pf_v2_aigc_p09-partially-occluded-fallen-person,0f93f5393507cd1a609576151a94cf082b5e3633e185ce328026a5784947c561,positive,true,"The person is lying prone on a carpeted floor with torso and pelvis fully supported; arms are extended and feet are flat on the ground, indicating a stable non-resting surface.",true,false,true,true,true,true,1,1.581436,true,stop,58,true,,,,,,,positive,true,protocol_failure,,true,,false,,false
P3_DESIGN_C3_BASELINE_20260827_112220_164,IMG_004065,DEV,1,positive,pf_v2_aigc_p09-partially-occluded-fallen-person,pf_v2_aigc_p09-partially-occluded-fallen-person,5c2f3bc886da280fa8217ae4bc973dd735037fad49ec0e1617b0cf9421be1d24,positive,true,"The person is lying prone on the tiled floor of a corridor. The torso and pelvis are fully supported by the ground in a collapsed horizontal state. The arms are extended forward, and the legs are extended backward, with no active limb support (like hands or knees) elevating the body.",true,false,true,true,true,true,1,1.822396,true,stop,80,true,,,,,,,positive,true,protocol_failure,,true,,false,,false
P3_DESIGN_C3_BASELINE_20260827_112220_165,IMG_004066,DEV,1,positive,pf_v2_aigc_p09-partially-occluded-fallen-person,pf_v2_aigc_p09-partially-occluded-fallen-person,da621cc3e61d215a22c281bfb8d53cba5d73c234a7109c2f85b8ea76a3486037,positive,true,"The person is lying prone on the floor in a corridor, with torso and legs fully supported by the ground, hands extended forward without active support.",true,false,true,true,true,true,1,1.571522,true,stop,50,true,,,,,,,positive,true,protocol_failure,,true,,false,,false
P3_DESIGN_C3_BASELINE_20260827_112220_166,IMG_004067,DEV,1,positive,pf_v2_aigc_p09-partially-occluded-fallen-person,pf_v2_aigc_p09-partially-occluded-fallen-person,145e156c1caf26aa510910deff6d1c00dd82d5a67a28768b11caca8386ced559,positive,true,"A person is lying prone on the floor in a corridor with torso and legs fully supported by the ground, hands extended forward, and feet visible, indicating a collapsed lying state.",true,false,true,true,true,true,1,1.585522,true,stop,56,true,,,,,,,positive,true,protocol_failure,,true,,false,,false
P3_DESIGN_C3_BASELINE_20260827_112220_167,IMG_004068,DEV,1,positive,pf_v2_aigc_p09-partially-occluded-fallen-person,pf_v2_aigc_p09-partially-occluded-fallen-person,4b0f60f00bb5d135540bb23d2cfa20481a1b0c9da02f09c5c7de0abe90f61761,positive,true,"The person is lying supine on the industrial floor with torso and pelvis fully supported by the ground; arms and legs are extended without active support, indicating a collapsed lying state.",true,false,true,true,true,true,1,1.566801,true,stop,57,true,,,,,,,positive,true,protocol_failure,,true,,false,,false
P3_DESIGN_C3_BASELINE_20260827_112220_168,IMG_004069,DEV,1,positive,pf_v2_aigc_p09-partially-occluded-fallen-person,pf_v2_aigc_p09-partially-occluded-fallen-person,f0119f65ad035e78e986a6e92519d01dbe2133459c902b93af98639fe24fcd1a,positive,true,"A person is lying prone on the concrete floor of a parking garage, with the torso and pelvis fully supported by the ground. The arms are extended forward, and the legs are extended backward, indicating a collapsed, non-resting posture on an abnormal surface.",true,false,true,true,true,true,1,1.823939,true,stop,73,true,,,,,,,positive,true,protocol_failure,,true,,false,,false
P3_DESIGN_C3_BASELINE_20260827_112220_169,IMG_004070,DEV,1,positive,pf_v2_aigc_p09-partially-occluded-fallen-person,pf_v2_aigc_p09-partially-occluded-fallen-person,c27370d0f1c4f96f05871e8134b8c33126330b4901a9172fcaa1034597aeb759,positive,true,"The person is lying prone on a paved outdoor surface (brick/stone walkway). The torso and pelvis are fully supported by the ground. The arms are extended and resting on the ground, and the legs are extended, indicating a stable, non-resting lying posture.",true,false,true,true,true,true,1,1.768576,true,stop,76,true,,,,,,,positive,true,protocol_failure,,true,,false,,false
P3_DESIGN_C3_BASELINE_20260827_112220_170,IMG_004071,DEV,1,positive,pf_v2_aigc_p09-partially-occluded-fallen-person,pf_v2_aigc_p09-partially-occluded-fallen-person,05b1b4f1a63222037efc034cc5b772813078ba137841efc7d82be001cb5acf69,positive,true,"A person is lying prone on a tiled floor with torso and pelvis fully supported by the ground, hands and feet resting on the surface, showing no active limb support for a seated or kneeling posture.",true,false,true,true,true,true,1,1.614729,true,stop,61,true,,,,,,,positive,true,protocol_failure,,true,,false,,false
P3_DESIGN_C3_BASELINE_20260827_112220_171,IMG_004092,DEV,1,positive,pf_v2_aigc_p12-small-target-far-distance,pf_v2_aigc_p12-small-target-far-distance,13e8ef71870c18d10ac9cc45523bbe4f41cbf083965e4a221e973326dcf56bb4,positive,true,"A person is lying supine on an industrial floor with torso and pelvis fully supported; hands and feet are extended and resting on the ground, indicating a stable non-rest posture.",true,false,true,true,true,true,1,1.636534,true,stop,57,true,,,,,,,positive,true,protocol_failure,,true,,false,,false
P3_DESIGN_C3_BASELINE_20260827_112220_172,IMG_004093,DEV,1,positive,pf_v2_aigc_p12-small-target-far-distance,pf_v2_aigc_p12-small-target-far-distance,4246436d0560d692bc2a83933ff0ccc245b079b9dc388f87f12af3ba4c0efbde,positive,true,"The person is lying supine on the industrial floor with torso and pelvis fully supported; arms and legs are extended without active support, indicating a collapsed lying state.",true,false,true,true,true,true,1,1.460887,true,stop,54,true,,,,,,,positive,true,protocol_failure,,true,,false,,false
P3_DESIGN_C3_BASELINE_20260827_112220_173,IMG_004094,DEV,1,positive,pf_v2_aigc_p12-small-target-far-distance,pf_v2_aigc_p12-small-target-far-distance,4f075f1149ff33cfcbcec68d07edbf4cc29988b3f720ccf0b5d74fdce70facef,positive,true,"A person is lying prone on a carpeted office floor with torso and legs fully supported; hands are extended flat on the ground, and feet are planted, indicating a stable non-rest surface posture.",true,false,true,true,true,true,1,1.609851,true,stop,60,true,,,,,,,positive,true,protocol_failure,,true,,false,,false
P3_DESIGN_C3_BASELINE_20260827_112220_174,IMG_004095,DEV,1,positive,pf_v2_aigc_p12-small-target-far-distance,pf_v2_aigc_p12-small-target-far-distance,e2928c129ae6704a885c150d43502ddb40a423dc0f8553a21174ef5dae51e0f0,positive,true,"The person is lying supine on the floor with torso and pelvis fully supported by the ground, arms and legs extended in a collapsed position, with no active limb support elevating the body.",true,false,true,true,true,true,1,1.569846,true,stop,60,true,,,,,,,positive,true,protocol_failure,,true,,false,,false
P3_DESIGN_C3_BASELINE_20260827_112220_175,IMG_004096,DEV,1,positive,pf_v2_aigc_p12-small-target-far-distance,pf_v2_aigc_p12-small-target-far-distance,622d392259b400aa43fa2e5b1dce8794622f280a4fa06fdaf4da1909f5e5deb0,positive,true,"A person is lying prone on the carpeted floor of a corridor with torso and legs fully supported by the ground, showing no active limb support.",true,false,true,true,true,true,1,1.601822,true,stop,50,true,,,,,,,positive,true,protocol_failure,,true,,false,,false
P3_DESIGN_C3_BASELINE_20260827_112220_176,IMG_004097,DEV,1,positive,pf_v2_aigc_p12-small-target-far-distance,pf_v2_aigc_p12-small-target-far-distance,a14ab07cc237f1a4f11a5051bece00f00a840747d4b99370ef4aae4a0f04676e,positive,true,A person is lying supine on a smooth floor corridor surface with torso and legs fully extended and supported by the ground; no hands or knees are actively supporting or elevating the body.,true,false,true,true,true,true,1,1.705249,true,stop,58,true,,,,,,,positive,true,protocol_failure,,true,,false,,false
P3_DESIGN_C3_BASELINE_20260827_112220_177,IMG_004098,DEV,1,positive,pf_v2_aigc_p12-small-target-far-distance,pf_v2_aigc_p12-small-target-far-distance,8e10fb3e2510598863ef827bd869e44e59f9e066ef57c50ffbde24611b85d0ce,positive,true,A person is lying supine on the industrial floor with torso and legs fully extended and supported by the ground; hands and feet are not actively supporting the body in a seated or kneeling posture.,true,false,true,true,true,true,1,1.626764,true,stop,59,true,,,,,,,positive,true,protocol_failure,,true,,false,,false
P3_DESIGN_C3_BASELINE_20260827_112220_178,IMG_004099,DEV,1,positive,pf_v2_aigc_p12-small-target-far-distance,pf_v2_aigc_p12-small-target-far-distance,653d2f7b8ae607c5a1d8519b1896aebc1d0e8906e07b7e3d07e5acaf8d44dde7,positive,true,"A person is lying supine on the concrete floor of a parking garage. The torso and pelvis are fully supported by the ground, and the legs are extended. There are no visible active supporting limbs (hands or knees) elevating the body; the person is in a collapsed, prone state on an abnormal non-rest surface.",true,false,true,true,true,true,1,1.922228,true,stop,87,true,,,,,,,positive,true,protocol_failure,,true,,false,,false
P3_DESIGN_C3_BASELINE_20260827_112220_179,IMG_004100,DEV,1,positive,pf_v2_aigc_p12-small-target-far-distance,pf_v2_aigc_p12-small-target-far-distance,1d937f7e58326096314cee37f9fd8fe698daca3701c607433ed1e5051c852e0d,positive,true,A person is lying prone on a paved road surface with the torso and pelvis fully supported on the ground; no limbs are actively supporting or elevating the body.,true,false,true,true,true,true,1,1.570317,true,stop,54,true,,,,,,,positive,true,protocol_failure,,true,,false,,false
P3_DESIGN_C3_BASELINE_20260827_112220_180,IMG_004101,DEV,1,positive,pf_v2_aigc_p12-small-target-far-distance,pf_v2_aigc_p12-small-target-far-distance,1f10a05af9f62318af661e1b51e57d9d11f2c1131af580c18997ad8cfeb9a419,positive,true,"A person is lying supine on the floor with torso and pelvis fully supported by the ground, arms and legs extended, showing no active limb support or seated/kneeling posture.",true,false,true,true,true,true,1,1.637598,true,stop,58,true,,,,,,,positive,true,protocol_failure,,true,,false,,false
P3_DESIGN_C3_BASELINE_20260827_112220_181,IMG_004182,DEV,uncertain,uncertain,pf_v2_aigc_u01-severely-occluded-tiny-blurry,pf_v2_aigc_u01-severely-occluded-tiny-blurry,c28f0f3bc296c8b52d6e90ae7618e7aad279755f516654e31039960069cb8f37,negative,false,"No person is visible in the image. The scene contains industrial machinery and a wire mesh cage, but no human body is present.",true,false,true,true,true,true,1,1.572460,true,stop,47,,,,,,,,negative,false,protocol_failure,,,,false,,false
P3_DESIGN_C3_BASELINE_20260827_112220_182,IMG_004183,DEV,uncertain,uncertain,pf_v2_aigc_u01-severely-occluded-tiny-blurry,pf_v2_aigc_u01-severely-occluded-tiny-blurry,dd1742034ee494f2f0de52522923f97876704ec2d7f40ccb3e4a8a4cbc091245,negative,false,"No person is visible in the image. The scene shows an industrial warehouse floor with shelving units, boxes, and equipment, but no human figures are present.",true,false,true,true,true,true,1,1.525890,true,stop,53,,,,,,,,negative,false,protocol_failure,,,,false,,false
P3_DESIGN_C3_BASELINE_20260827_112220_183,IMG_004184,DEV,uncertain,uncertain,pf_v2_aigc_u01-severely-occluded-tiny-blurry,pf_v2_aigc_u01-severely-occluded-tiny-blurry,88985a656737878cc709410da4eb0fab05efb88c4de009116bf70628bb332709,positive,true,"A person is visible lying prone on the carpeted floor in the distance, with torso and legs supported horizontally on the ground surface.",true,false,true,true,true,true,1,1.597748,true,stop,47,,,,,,,,positive,true,protocol_failure,,,,false,,false
P3_DESIGN_C3_BASELINE_20260827_112220_184,IMG_004185,DEV,uncertain,uncertain,pf_v2_aigc_u01-severely-occluded-tiny-blurry,pf_v2_aigc_u01-severely-occluded-tiny-blurry,25f2c8f537284dd7f41222b3d6be8d20bd0f509d1f7f239e3e39c40739877855,positive,true,"A person is clearly visible lying prone on the floor in the middle distance of the corridor. The torso and pelvis are fully supported by the ground in a collapsed state, with no visible active supporting limbs (hands or knees) elevating the body.",true,false,true,true,true,true,1,1.750858,true,stop,71,,,,,,,,positive,true,protocol_failure,,,,false,,false
P3_DESIGN_C3_BASELINE_20260827_112220_185,IMG_004186,DEV,uncertain,uncertain,pf_v2_aigc_u01-severely-occluded-tiny-blurry,pf_v2_aigc_u01-severely-occluded-tiny-blurry,74577dd73f281871070dc3178943ef64b31aaf86fd5b93932cbfd36e8eef36f7,positive,true,"A person is lying prone on the industrial floor in the background corridor, with torso and pelvis fully supported on the ground surface.",true,false,true,true,true,true,1,1.535540,true,stop,47,,,,,,,,positive,true,protocol_failure,,,,false,,false
P3_DESIGN_C3_BASELINE_20260827_112220_186,IMG_004187,DEV,uncertain,uncertain,pf_v2_aigc_u01-severely-occluded-tiny-blurry,pf_v2_aigc_u01-severely-occluded-tiny-blurry,7e4a0770ae2ecf8cc1c8d2a4330c9623a0e1b96bf4354c3164e94cc7b16e09ea,negative,false,No person is visible in the corridor. The floor is empty with no bodies or individuals present.,true,false,true,true,true,true,1,1.512589,true,stop,40,,,,,,,,negative,false,protocol_failure,,,,false,,false
P3_DESIGN_C3_BASELINE_20260827_112220_187,IMG_004188,DEV,uncertain,uncertain,pf_v2_aigc_u01-severely-occluded-tiny-blurry,pf_v2_aigc_u01-severely-occluded-tiny-blurry,b6a20d373c06d1756ded8b4bfcc563353b59d28c395efd4d5ba505cae103d1fd,negative,false,"no person visible in the image; only industrial equipment, tanks, and a corridor are present.",true,false,true,true,true,true,1,1.438277,true,stop,40,,,,,,,,negative,false,protocol_failure,,,,false,,false
P3_DESIGN_C3_BASELINE_20260827_112220_188,IMG_004189,DEV,uncertain,uncertain,pf_v2_aigc_u01-severely-occluded-tiny-blurry,pf_v2_aigc_u01-severely-occluded-tiny-blurry,01b250a89c0615b5a4bd6d294b490fd1e9d354b95c753a2cebb954b293094df1,negative,false,"no person visible in the image; only empty parking space, pillars, and parked cars are present.",true,false,true,true,true,true,1,1.458553,true,stop,41,,,,,,,,negative,false,protocol_failure,,,,false,,false
P3_DESIGN_C3_BASELINE_20260827_112220_189,IMG_004190,DEV,uncertain,uncertain,pf_v2_aigc_u01-severely-occluded-tiny-blurry,pf_v2_aigc_u01-severely-occluded-tiny-blurry,392db083355cfc01773a3223d05f41e93f5a3dd838167b5b6a54a7ef8af149b4,positive,true,"A person is visible lying prone on the paved road surface in the middle distance. The torso and pelvis are supported horizontally on the ground without active limb support, meeting the definition of a fallen person.",true,false,true,true,true,true,1,1.717350,true,stop,61,,,,,,,,positive,true,protocol_failure,,,,false,,false
P3_DESIGN_C3_BASELINE_20260827_112220_190,IMG_004191,DEV,uncertain,uncertain,pf_v2_aigc_u01-severely-occluded-tiny-blurry,pf_v2_aigc_u01-severely-occluded-tiny-blurry,7c41ad0e30fb97508822f9d3439b3222742d7212c8eaa396dfe50209c240a583,negative,false,No person is visible in the image. The objects on the floor (a bag and some clothing) are not human bodies.,true,false,true,true,true,true,1,1.559481,true,stop,46,,,,,,,,negative,false,protocol_failure,,,,false,,false
