item_id,image_sha256,person_idx,conf,x1,y1,x2,y2,area_ratio,level,kp_json,geom_state,features
P4D_PLAN::PF_P4D_HN_SIT_G001_V01,e2a581d85bad33fe876ee72c81c6ed053fc8ab9c62975f9daa63beb4393052fa,0,0.9072661995887756,672.0223388671875,259.7833557128906,1124.795654296875,747.9819946289062,0.10659882153272823,primary,"[[913.4861450195312,329.6884460449219,0.8977530598640442],[901.8264770507812,315.0184326171875,0.3242829442024231],[896.5545654296875,319.4744567871094,0.9401177763938904],[841.7671508789062,328.9768371582031,0.11368152499198914],[858.4305419921875,349.18756103515625,0.9740465879440308],[782.8982543945312,404.34063720703125,0.966343104839325],[883.8268432617188,447.581298828125,0.9909942746162415],[885.098876953125,487.8041687011719,0.642241358757019],[986.6495971679688,573.0239868164062,0.9524596929550171],[988.7559814453125,481.9571533203125,0.5653794407844543],[1052.529541015625,512.7674560546875,0.894481360912323],[737.7996826171875,640.9230346679688,0.9106767773628235],[812.540283203125,668.1080322265625,0.9532933831214905],[952.1217041015625,517.0714111328125,0.8367120623588562],[1065.7039794921875,549.5438232421875,0.9288410544395447],[862.740966796875,633.9259643554688,0.7857072949409485],[956.9290161132812,660.7615356445312,0.8550535440444946]]",GEOM_UPRIGHT_OR_LIMB_SUPPORTED,"{""torso_angle"": 104.28463663353251, ""shoulder_hip_dy"": 0.4681589566434771, ""y_band_ratio"": 0.5402870348127023, ""kp_mean_conf"": 0.8386489823460579, ""visible"": 16, ""bbox_ar"": 0.9274366606900305}"
P4D_PLAN::PF_P4D_HN_SIT_G001_V02,d21e3b0133297066faa98825f1b244b103aa41b025a604ab263570ced2abc6ae,0,0.7935094237327576,848.8040771484375,386.072021484375,1022.69091796875,692.091064453125,0.025661981391151334,primary,"[[899.5382080078125,458.8454895019531,0.9651923179626465],[912.0034790039062,448.11181640625,0.9598404169082642],[894.2071533203125,446.6828918457031,0.8208305835723877],[948.437255859375,442.2810363769531,0.9137898087501526],[897.1034545898438,440.61468505859375,0.3044010400772095],[989.1729125976562,494.8081359863281,0.9930700659751892],[890.3551025390625,484.1886291503906,0.9779804944992065],[982.3998413085938,588.560302734375,0.9771550297737122],[875.707763671875,558.1646118164062,0.8824707269668579],[925.42333984375,614.1171264648438,0.9608009457588196],[863.0881958007812,621.3935546875,0.8518133163452148],[972.7689208984375,609.4970092773438,0.9876340627670288],[902.1917724609375,598.8807983398438,0.9760652184486389],[936.6849975585938,628.8298950195312,0.9578144550323486],[822.4486694335938,612.4912719726562,0.9202823042869568],[946.6755981445312,661.9083862304688,0.859285831451416],[838.8924560546875,649.4236450195312,0.808224081993103]]",GEOM_UPRIGHT_OR_LIMB_SUPPORTED,"{""torso_angle"": 91.14069446732965, ""shoulder_hip_dy"": 0.3747823015443726, ""y_band_ratio"": 0.5807473788427816, ""kp_mean_conf"": 0.8892147470923031, ""visible"": 17, ""bbox_ar"": 0.5682222881733194}"
P4D_PLAN::PF_P4D_HN_SIT_G001_V02,d21e3b0133297066faa98825f1b244b103aa41b025a604ab263570ced2abc6ae,1,0.31163012981414795,776.1740112304688,384.8615417480469,1022.7335815429688,693.5985717773438,0.0367101029434707,primary,"[[899.5382080078125,458.8454895019531,0.9651923179626465],[912.0034790039062,448.11181640625,0.9598404169082642],[894.2071533203125,446.6828918457031,0.8208305835723877],[948.437255859375,442.2810363769531,0.9137898087501526],[897.1034545898438,440.61468505859375,0.3044010400772095],[989.1729125976562,494.8081359863281,0.9930700659751892],[890.3551025390625,484.1886291503906,0.9779804944992065],[982.3998413085938,588.560302734375,0.9771550297737122],[875.707763671875,558.1646118164062,0.8824707269668579],[925.42333984375,614.1171264648438,0.9608009457588196],[863.0881958007812,621.3935546875,0.8518133163452148],[972.7689208984375,609.4970092773438,0.9876340627670288],[902.1917724609375,598.8807983398438,0.9760652184486389],[936.6849975585938,628.8298950195312,0.9578144550323486],[822.4486694335938,612.4912719726562,0.9202823042869568],[946.6755981445312,661.9083862304688,0.859285831451416],[838.8924560546875,649.4236450195312,0.808224081993103]]",GEOM_UPRIGHT_OR_LIMB_SUPPORTED,"{""torso_angle"": 91.14069446732965, ""shoulder_hip_dy"": 0.3714828805257053, ""y_band_ratio"": 0.5756347305122869, ""kp_mean_conf"": 0.8892147470923031, ""visible"": 17, ""bbox_ar"": 0.7986070549720042}"
P4D_PLAN::PF_P4D_HN_SIT_G001_V03,674601dc13de3a69747b95d3c61fcef59f1fbf0e4aff3cb3ab4b27dcbfd899d7,0,0.8354085683822632,817.0878295898438,339.00054931640625,1416.5223388671875,780.271728515625,0.12756229396292365,primary,"[[1221.237060546875,403.6425476074219,0.964584469795227],[1238.6649169921875,393.7605285644531,0.9707932472229004],[1219.8370361328125,388.7535400390625,0.6463034749031067],[1282.2545166015625,405.5182800292969,0.9518646597862244],[1236.466064453125,394.22607421875,0.12991179525852203],[1312.4014892578125,479.4396057128906,0.9986383318901062],[1242.529541015625,452.2355651855469,0.9741566181182861],[1341.5126953125,581.2456665039062,0.9958462119102478],[1184.966064453125,536.8329467773438,0.8406886458396912],[1362.9658203125,679.7940673828125,0.9860892295837402],[1123.4647216796875,577.2090454101562,0.8072579503059387],[1199.6239013671875,641.201171875,0.9985724687576294],[1163.5047607421875,611.04345703125,0.9936289191246033],[1057.3326416015625,634.2777709960938,0.9961487054824829],[1036.8612060546875,604.3037719726562,0.9842087626457214],[938.8881225585938,724.5599365234375,0.9835071563720703],[937.0420532226562,689.1322631835938,0.9613925814628601]]",GEOM_UPRIGHT_OR_LIMB_SUPPORTED,"{""torso_angle"": 120.89282822667388, ""shoulder_hip_dy"": 0.36323407591399304, ""y_band_ratio"": 0.617136092667737, ""kp_mean_conf"": 0.9408550895750523, ""visible"": 16, ""bbox_ar"": 1.3584266037159878}"
P4D_PLAN::PF_P4D_HN_SIT_G001_V04,6c15404fd1f16c2c4e478e153bd3d7cc723e4e279c80ea6e91832cc998c0aa89,0,0.9370735287666321,716.0196533203125,357.4068603515625,1449.5343017578125,910.46630859375,0.19563908504166952,primary,"[[768.4418334960938,460.78192138671875,0.4623321294784546],[774.1052856445312,446.4165344238281,0.6531352400779724],[784.03125,443.87017822265625,0.047892678529024124],[811.915283203125,442.3396911621094,0.9696118831634521],[851.6270141601562,430.78179931640625,0.10646664351224899],[837.6148681640625,506.5746765136719,0.9962422847747803],[896.5927734375,488.5313415527344,0.9638810753822327],[803.771484375,619.0726318359375,0.9850112795829773],[860.569580078125,581.8319702148438,0.6347672343254089],[741.1046142578125,620.3670043945312,0.9064913988113403],[763.9022827148438,615.0488891601562,0.4348905384540558],[1039.4337158203125,684.2640380859375,0.9960944056510925],[1068.574951171875,687.5768432617188,0.9869756698608398],[1094.3388671875,771.724609375,0.9816194772720337],[1082.8690185546875,760.0352783203125,0.9424187541007996],[1370.5177001953125,838.0374755859375,0.9041469097137451],[1307.492431640625,816.1468505859375,0.8326088190078735]]",GEOM_UPRIGHT_OR_LIMB_SUPPORTED,"{""torso_angle"": 45.223967534757485, ""shoulder_hip_dy"": 0.3405916529214378, ""y_band_ratio"": 0.6319503900422521, ""kp_mean_conf"": 0.8433484733104706, ""visible"": 15, ""bbox_ar"": 1.3262853582356489}"
P4D_PLAN::PF_P4D_HN_SIT_G001_V05,8a601a296c493209ea6d0e4d3c42904a94ece62d0d799b801df68eeb49a3ec96,0,0.6579883694648743,966.197021484375,7.118934631347656,1011.6192626953125,104.23063659667969,0.0021272333868991053,background,[],GEOM_UNCERTAIN,null
P4D_PLAN::PF_P4D_HN_SIT_G001_V05,8a601a296c493209ea6d0e4d3c42904a94ece62d0d799b801df68eeb49a3ec96,1,0.5279472470283508,865.087646484375,295.2979736328125,1192.1513671875,653.8780517578125,0.056557935243817394,primary,"[[1139.38037109375,408.5486145019531,0.9203931093215942],[1145.5458984375,394.65435791015625,0.24727801978588104],[1137.4998779296875,391.2289123535156,0.9574404954910278],[1120.412353515625,380.4495849609375,0.028191618621349335],[1107.60498046875,371.3888854980469,0.9726302623748779],[1054.7998046875,409.3465576171875,0.9658081531524658],[1018.0477294921875,408.96820068359375,0.9963170289993286],[1032.9400634765625,513.6098022460938,0.6683171987533569],[990.3673095703125,529.3050537109375,0.9887380599975586],[1096.332763671875,525.1812133789062,0.6698346734046936],[1098.9169921875,549.498046875,0.9600656032562256],[966.4282836914062,567.7612915039062,0.9103437066078186],[937.038818359375,576.5241088867188,0.962956964969635],[1102.8687744140625,591.7894897460938,0.5223984122276306],[1062.1669921875,601.0587768554688,0.7908311486244202],[1084.4000244140625,642.5891723632812,0.22090807557106018],[1044.4041748046875,658.5819091796875,0.4087873697280884]]",GEOM_UPRIGHT_OR_LIMB_SUPPORTED,"{""torso_angle"": 117.45723082379658, ""shoulder_hip_dy"": 0.45452977169608866, ""y_band_ratio"": 0.6961170564781881, ""kp_mean_conf"": 0.760190517641604, ""visible"": 16, ""bbox_ar"": 0.912107896270555}"
P4D_PLAN::PF_P4D_HN_SIT_G001_V05,8a601a296c493209ea6d0e4d3c42904a94ece62d0d799b801df68eeb49a3ec96,2,0.4389847218990326,864.4537353515625,296.022216796875,1435.9888916015625,693.0106201171875,0.1094197671301663,primary,"[[1144.5372314453125,412.7030944824219,0.8973978757858276],[1150.6871337890625,397.7735900878906,0.37801438570022583],[1142.8302001953125,394.2909851074219,0.9001145958900452],[1119.5889892578125,371.852783203125,0.18042084574699402],[1103.892333984375,369.5743408203125,0.9213240742683411],[1032.438720703125,405.7972717285156,0.9733098149299622],[1011.4222412109375,422.0570983886719,0.9979321956634521],[1044.84521484375,509.9041442871094,0.869783341884613],[973.935791015625,549.2333374023438,0.9928832054138184],[1091.1634521484375,534.4647827148438,0.8755124807357788],[1100.657470703125,552.3436889648438,0.9830158352851868],[978.5794067382812,567.7865600585938,0.9914084076881409],[967.0214233398438,591.4077758789062,0.9970523118972778],[1158.5361328125,598.4141845703125,0.9782026410102844],[1159.8800048828125,618.8953857421875,0.9924948215484619],[1330.87255859375,679.0750122070312,0.9268751740455627],[1334.1348876953125,690.1282348632812,0.9614062309265137]]",GEOM_UPRIGHT_OR_LIMB_SUPPORTED,"{""torso_angle"": 106.51792451136694, ""shoulder_hip_dy"": 0.4173169329998902, ""y_band_ratio"": 0.7162198209234627, ""kp_mean_conf"": 0.9147954620420933, ""visible"": 16, ""bbox_ar"": 1.4396772083764204}"
P4D_PLAN::PF_P4D_HN_SIT_G002_V01,5d5f299d58ecc1b07020fa3b42f858d18ebaef9a26d8c2764f942d098bfbb183,0,0.6082506775856018,878.47265625,281.9101257324219,1134.551513671875,495.79718017578125,0.026413943151613543,primary,"[[970.3165283203125,323.90203857421875,0.3111249804496765],[963.313720703125,316.2650451660156,0.03213324025273323],[966.5479125976562,317.5814208984375,0.49247920513153076],[920.02978515625,317.4100341796875,0.06657563149929047],[952.0581665039062,320.7607116699219,0.9596409201622009],[901.31201171875,346.4212646484375,0.9325825572013855],[958.557373046875,354.03729248046875,0.9938415288925171],[938.3670043945312,379.8930358886719,0.44834694266319275],[1005.0946655273438,389.1262512207031,0.9841161370277405],[969.3880004882812,382.161376953125,0.3384392559528351],[1018.9200439453125,382.4902038574219,0.9157286286354065],[905.7654418945312,446.43267822265625,0.8975688219070435],[945.7904663085938,452.9439697265625,0.9677547812461853],[995.1524047851562,386.578125,0.6043227910995483],[1037.5479736328125,391.1327819824219,0.8739431500434875],[995.9686889648438,455.941162109375,0.5036309957504272],[1039.5008544921875,463.4400329589844,0.7513246536254883]]",GEOM_UPRIGHT_OR_LIMB_SUPPORTED,"{""torso_angle"": 92.39319649553693, ""shoulder_hip_dy"": 0.4650073173853285, ""y_band_ratio"": 0.5471054272783735, ""kp_mean_conf"": 0.7316563566525777, ""visible"": 15, ""bbox_ar"": 1.1972620694053677}"
P4D_PLAN::PF_P4D_HN_SIT_G002_V02,2acb0923c09fb9a05e838a3f6a0c204ff7e591bd59e6eefe91bc5f861ebca5a0,0,0.8965926766395569,818.9848022460938,266.9831237792969,1218.732421875,898.6475830078125,0.12177197337036044,primary,"[[1038.6177978515625,358.6818542480469,0.9578409194946289],[1038.532470703125,339.2726135253906,0.509433388710022],[1017.2481079101562,342.9516906738281,0.9672526717185974],[1012.0814819335938,349.24029541015625,0.09352948516607285],[962.658203125,360.9531555175781,0.9711863994598389],[985.1255493164062,464.4302062988281,0.981213390827179],[918.5857543945312,484.2966003417969,0.9967591166496277],[1043.1650390625,612.734375,0.8612585067749023],[999.9827270507812,658.9205932617188,0.9875122904777527],[1127.3837890625,721.8445434570312,0.8320658802986145],[1126.9154052734375,747.9137573242188,0.9714831113815308],[946.1025390625,714.2760009765625,0.9700212478637695],[899.1502685546875,737.4038696289062,0.9856995940208435],[1139.1749267578125,738.4859619140625,0.8404220342636108],[1107.71044921875,772.3473510742188,0.9263486862182617],[1115.27197265625,803.4710083007812,0.5421487092971802],[1107.9415283203125,847.8195190429688,0.6500155329704285]]",GEOM_UPRIGHT_OR_LIMB_SUPPORTED,"{""torso_angle"": 96.62977000469208, ""shoulder_hip_dy"": 0.39811727303695876, ""y_band_ratio"": 0.6069509011356975, ""kp_mean_conf"": 0.8719163425266743, ""visible"": 16, ""bbox_ar"": 0.6328480473907597}"
P4D_PLAN::PF_P4D_HN_SIT_G002_V03,a458075e4d53995d5a06b79b7845b3762afb2f5df3a1b4f9f88d8306f605e349,0,0.9084184169769287,586.2980346679688,277.30279541015625,1198.4378662109375,646.554443359375,0.10900542128308177,primary,"[[1016.858154296875,362.4651794433594,0.9533076882362366],[1025.3585205078125,348.0669250488281,0.9556408524513245],[1010.5299682617188,347.7464599609375,0.6122431755065918],[1064.1358642578125,335.1543273925781,0.9372873902320862],[1025.314453125,335.1831970214844,0.16218815743923187],[1136.37548828125,387.73004150390625,0.9986989498138428],[1059.191650390625,366.0361633300781,0.974918007850647],[1178.2386474609375,487.74114990234375,0.995412290096283],[1040.5582275390625,440.4605712890625,0.8609457015991211],[1165.0916748046875,561.625,0.9847025275230408],[1005.6714477539062,447.4290466308594,0.8298946022987366],[1042.6900634765625,532.3118896484375,0.9984681010246277],[1000.2236938476562,503.24835205078125,0.9936832189559937],[902.3442993164062,538.9427490234375,0.9950049519538879],[878.213623046875,514.3616333007812,0.9820688366889954],[710.388671875,606.21142578125,0.9760257005691528],[715.2454833984375,588.3609008789062,0.9482292532920837]]",GEOM_UPRIGHT_OR_LIMB_SUPPORTED,"{""torso_angle"": 118.44527790531842, ""shoulder_hip_dy"": 0.3815745148739161, ""y_band_ratio"": 0.6504378891335427, ""kp_mean_conf"": 0.9372832030057907, ""visible"": 16, ""bbox_ar"": 1.6577849684428576}"
P4D_PLAN::PF_P4D_HN_SIT_G002_V04,0983512e462a6aceae3035e2f75ce3acbb144d94e6ab657a60bd91117a1f2ff2,0,0.939516544342041,742.63916015625,303.9053649902344,1511.0487060546875,791.9378051757812,0.18084914436086152,primary,"[[1401.1278076171875,401.40008544921875,0.23164419829845428],[1396.09228515625,385.33258056640625,0.15662802755832672],[1415.58251953125,386.560302734375,0.041214291006326675],[1375.330810546875,387.3615417480469,0.8523488640785217],[1463.24609375,397.8544006347656,0.3787733018398285],[1332.7657470703125,435.4207763671875,0.9963656663894653],[1469.376953125,480.8105163574219,0.9849594235420227],[1247.3314208984375,442.190673828125,0.9832310676574707],[1429.9149169921875,615.10107421875,0.8928343057632446],[1300.0169677734375,440.4842834472656,0.9403950572013855],[1458.023193359375,684.4359130859375,0.7597389817237854],[1211.375,688.2169189453125,0.9970852732658386],[1299.1046142578125,691.6331176757812,0.9929787516593933],[1067.263427734375,544.5235595703125,0.9937029480934143],[1147.7021484375,566.1516723632812,0.984671413898468],[885.1110229492188,724.6323852539062,0.98392254114151],[954.619140625,747.0234375,0.9700682759284973]]",GEOM_UPRIGHT_OR_LIMB_SUPPORTED,"{""torso_angle"": 122.1740452929781, ""shoulder_hip_dy"": 0.4749876296340254, ""y_band_ratio"": 0.6384875993373373, ""kp_mean_conf"": 0.8628480046987533, ""visible"": 15, ""bbox_ar"": 1.574505058733991}"
P4D_PLAN::PF_P4D_HN_SIT_G002_V05,18ee5f3c112248004e858561f6aa0273a1359b5840fc325cefe6aa803b857b37,0,0.9162235260009766,692.3858032226562,345.15643310546875,1155.2552490234375,749.9806518554688,0.09036495070387092,primary,"[[984.2481079101562,448.2107849121094,0.8306187987327576],[985.8223266601562,433.7034606933594,0.8995888829231262],[986.2013549804688,429.2208251953125,0.1497686356306076],[1019.771728515625,419.1222839355469,0.9692856669425964],[1029.4801025390625,411.33251953125,0.052713654935359955],[1085.2418212890625,484.4212646484375,0.999005138874054],[1097.1029052734375,437.12896728515625,0.9415472745895386],[1081.8299560546875,623.1842651367188,0.9974833130836487],[1072.3797607421875,529.66259765625,0.6598067283630371],[993.2445068359375,567.7840576171875,0.9918679594993591],[1004.7946166992188,546.8125,0.683864176273346],[1062.825439453125,656.5208129882812,0.9983417987823486],[1073.03955078125,618.4718627929688,0.9873631596565247],[881.9725341796875,623.4820556640625,0.9961012601852417],[887.155517578125,572.4931640625,0.9720568060874939],[795.3526611328125,716.964111328125,0.9814729690551758],[791.4680786132812,678.4449462890625,0.9391201138496399]]",GEOM_UPRIGHT_OR_LIMB_SUPPORTED,"{""torso_angle"": 97.49173868602163, ""shoulder_hip_dy"": 0.4365381657982342, ""y_band_ratio"": 0.6912509950788827, ""kp_mean_conf"": 0.9231682697931926, ""visible"": 15, ""bbox_ar"": 1.1433837808172915}"
P4D_PLAN::PF_P4D_HN_SIT_G003_V01,82c93c11913b624d905bbe6229fb23e3c28feced12dc8004e04a8a5e7e3f721b,0,0.9052770137786865,405.79046630859375,359.6448669433594,957.8955688476562,853.0880737304688,0.1313814198883106,primary,"[[565.6807861328125,436.7539978027344,0.8513849377632141],[551.0505981445312,425.7944641113281,0.31862008571624756],[553.105224609375,425.942138671875,0.8851832151412964],[484.46136474609375,444.8546447753906,0.15918636322021484],[503.15460205078125,458.028076171875,0.9389488101005554],[447.39898681640625,531.5033569335938,0.9452176094055176],[492.7769470214844,580.2107543945312,0.9921724796295166],[536.61328125,608.9674072265625,0.683492124080658],[618.5231323242188,695.041015625,0.9674001336097717],[626.001708984375,603.3212280273438,0.6523172855377197],[712.8982543945312,631.2380981445312,0.9312041997909546],[525.3076171875,750.9016723632812,0.9290605187416077],[553.0462646484375,790.2767944335938,0.9701321125030518],[728.5838623046875,589.3890380859375,0.8931426405906677],[741.2442626953125,629.1262817382812,0.9572019577026367],[864.8394165039062,706.4071655273438,0.8778496384620667],[884.6499633789062,727.7959594726562,0.9284600019454956]]",GEOM_UPRIGHT_OR_LIMB_SUPPORTED,"{""torso_angle"": 72.16468768454119, ""shoulder_hip_dy"": 0.43517100809337683, ""y_band_ratio"": 0.5244239538424631, ""kp_mean_conf"": 0.8576117344200611, ""visible"": 16, ""bbox_ar"": 1.1188827709958973}"
P4D_PLAN::PF_P4D_HN_SIT_G003_V02,cdf600081cce213b1f9bad1c9f9fbfed646e637c5236cf94207930eeefd4b0b4,0,0.9201222062110901,832.065673828125,293.5433349609375,1333.878662109375,952.2095947265625,0.15939780289979857,primary,"[[1056.7060546875,395.0665588378906,0.9474459886550903],[1057.3406982421875,377.2090759277344,0.3526006042957306],[1035.216064453125,380.1463623046875,0.9561437964439392],[1036.7398681640625,386.71392822265625,0.051160432398319244],[969.397705078125,392.2632141113281,0.9809269905090332],[1063.7744140625,478.45166015625,0.9965201616287231],[881.6640014648438,515.7774047851562,0.9991106390953064],[1127.5010986328125,580.2715454101562,0.9736701250076294],[912.7901611328125,682.9102172851562,0.9967687129974365],[1139.4158935546875,680.00927734375,0.9637710452079773],[1056.9510498046875,747.5499267578125,0.9932528138160706],[1055.140625,703.3614501953125,0.9992228746414185],[936.747314453125,735.152587890625,0.9995953440666199],[1209.041015625,764.4085693359375,0.9962982535362244],[1095.6817626953125,812.28076171875,0.9982572197914124],[1120.6527099609375,834.1117553710938,0.9781174063682556],[1086.48828125,873.1787719726562,0.9844534993171692]]",GEOM_UPRIGHT_OR_LIMB_SUPPORTED,"{""torso_angle"": 84.03147014173696, ""shoulder_hip_dy"": 0.3372610685285613, ""y_band_ratio"": 0.599282422568393, ""kp_mean_conf"": 0.9447597172111273, ""visible"": 16, ""bbox_ar"": 0.7618622949653008}"
P4D_PLAN::PF_P4D_HN_SIT_G003_V03,46e0ab9a8342d2fcafe30c36d58e79d718b6e4c9599bb81dda89718beddeb572,0,0.9031217098236084,441.207275390625,180.58218383789062,1769.703125,895.7988891601562,0.4582187618595299,primary,"[[1396.1971435546875,297.2591857910156,0.9468016028404236],[1417.3897705078125,270.2333679199219,0.9479331374168396],[1399.8828125,267.1784362792969,0.27267491817474365],[1498.15234375,283.8113708496094,0.9639297127723694],[1450.645751953125,272.33905029296875,0.0481855608522892],[1575.7071533203125,461.38787841796875,0.9993877410888672],[1475.931884765625,422.978515625,0.9900830388069153],[1623.9786376953125,689.1156005859375,0.9970410466194153],[1481.31103515625,651.9532470703125,0.9280809164047241],[1644.8511962890625,831.7542114257812,0.9891855716705322],[1538.0328369140625,746.7047119140625,0.862998366355896],[1337.882568359375,787.3172607421875,0.99880051612854],[1275.44384765625,728.0460205078125,0.995586633682251],[950.5535888671875,773.529296875,0.9923338890075684],[927.1996459960938,722.0950317382812,0.97219318151474],[650.7177124023438,864.9190673828125,0.9368199110031128],[676.7803344726562,813.37060546875,0.8690910935401917]]",GEOM_UPRIGHT_OR_LIMB_SUPPORTED,"{""torso_angle"": 124.78520262557835, ""shoulder_hip_dy"": 0.4411228670356027, ""y_band_ratio"": 0.6179113945034056, ""kp_mean_conf"": 0.9164338298141956, ""visible"": 16, ""bbox_ar"": 1.8574731822165356}"
P4D_PLAN::PF_P4D_HN_SIT_G003_V04,508aafa44c932eafee7b1820477be13106729fffa88645274c533de97f008c20,0,0.9298730492591858,577.6685791015625,282.48651123046875,1401.857421875,765.4378662109375,0.19195752236555563,primary,"[[1115.608154296875,413.7476806640625,0.9861396551132202],[1128.3848876953125,394.1016845703125,0.975074052810669],[1097.8387451171875,391.2283630371094,0.8365458846092224],[1179.1829833984375,364.6392517089844,0.9342954158782959],[1094.551513671875,362.25799560546875,0.2481297254562378],[1278.181640625,438.5819396972656,0.9994586110115051],[1098.7196044921875,371.76434326171875,0.9961436986923218],[1317.686767578125,588.3649291992188,0.9968806505203247],[964.9764404296875,403.0533142089844,0.9776871800422668],[1310.3580322265625,689.5160522460938,0.9923041462898254],[965.5801391601562,457.85394287109375,0.9657386541366577],[1143.747314453125,646.0946655273438,0.9996746778488159],[1039.429443359375,600.3372802734375,0.9992276430130005],[991.748291015625,669.6699829101562,0.9986573457717896],[928.468017578125,624.4759521484375,0.9972577691078186],[748.57177734375,723.2752685546875,0.9919447302818298],[731.7421875,712.8768920898438,0.9880414009094238]]",GEOM_UPRIGHT_OR_LIMB_SUPPORTED,"{""torso_angle"": 113.95246436426528, ""shoulder_hip_dy"": 0.45147990407795086, ""y_band_ratio"": 0.7278391947097537, ""kp_mean_conf"": 0.9343059553819544, ""visible"": 17, ""bbox_ar"": 1.7065669953587124}"
P4D_PLAN::PF_P4D_HN_SIT_G003_V05,d4b910a71663ae1b2d90e1edb5af4980842e20eb492d861eb965db1d5c14ab0d,0,0.8943492770195007,720.451904296875,309.8288879394531,1143.533203125,702.0902709960938,0.08003397734554407,primary,"[[889.55712890625,419.28839111328125,0.5696119070053101],[881.3726806640625,403.26763916015625,0.06390051543712616],[891.0267333984375,406.21905517578125,0.6731427311897278],[826.5921630859375,389.04083251953125,0.0536903440952301],[864.4901733398438,397.7640380859375,0.9234509468078613],[777.744140625,423.77081298828125,0.9396098256111145],[830.5368041992188,463.1748352050781,0.9928364157676697],[836.033935546875,500.29779052734375,0.7105918526649475],[878.8407592773438,575.488037109375,0.9826022386550903],[916.6963500976562,526.8933715820312,0.6666762828826904],[962.5510864257812,558.4783325195312,0.953789234161377],[788.325439453125,610.5568237304688,0.9633237719535828],[823.4013671875,640.3978881835938,0.9869900345802307],[982.4463500976562,574.5829467773438,0.881843090057373],[1012.812255859375,606.6663208007812,0.9599151015281677],[1008.973388671875,651.3630981445312,0.7280234694480896],[1029.9228515625,669.5597534179688,0.839516818523407]]",GEOM_UPRIGHT_OR_LIMB_SUPPORTED,"{""torso_angle"": 89.45763042373436, ""shoulder_hip_dy"": 0.46398789103864196, ""y_band_ratio"": 0.6265947937939045, ""kp_mean_conf"": 0.8514615813891093, ""visible"": 15, ""bbox_ar"": 1.0785698442485585}"
P4D_PLAN::PF_P4D_HN_SIT_G004_V01,9cc7238930c1217ea2d18dc48dbdea669e51a458fa066a7b6898b4246cbc93d9,0,0.9033639430999756,748.7858276367188,390.7420349121094,1179.77099609375,710.395263671875,0.06643798256407288,primary,"[[904.9661865234375,452.33526611328125,0.9291384220123291],[902.2789916992188,440.3226013183594,0.5902424454689026],[894.1393432617188,443.3591613769531,0.9300650358200073],[880.5546264648438,440.28021240234375,0.16078925132751465],[863.07373046875,448.4788513183594,0.9024850726127625],[858.1809692382812,483.7024230957031,0.9277046918869019],[865.0294799804688,506.2991027832031,0.9942243695259094],[851.2617797851562,552.7332763671875,0.6598410606384277],[845.596435546875,595.0391845703125,0.9796341061592102],[849.331298828125,623.9091796875,0.6291942596435547],[811.7124633789062,666.15478515625,0.9537175893783569],[945.6005859375,599.287353515625,0.9560418725013733],[952.3387451171875,622.7703247070312,0.9863772392272949],[1062.86767578125,545.2246704101562,0.9286293387413025],[1068.7503662109375,566.4388427734375,0.9771504402160645],[1120.146728515625,624.03173828125,0.8994612097740173],[1124.4935302734375,643.1193237304688,0.9520133137702942]]",GEOM_UPRIGHT_OR_LIMB_SUPPORTED,"{""torso_angle"": 53.02173404819762, ""shoulder_hip_dy"": 0.36298108616658314, ""y_band_ratio"": 0.4987182555711799, ""kp_mean_conf"": 0.8872450292110443, ""visible"": 16, ""bbox_ar"": 1.3482897392565891}"
P4D_PLAN::PF_P4D_HN_SIT_G004_V01,9cc7238930c1217ea2d18dc48dbdea669e51a458fa066a7b6898b4246cbc93d9,1,0.765943706035614,1477.48291015625,1.3995895385742188,1557.645751953125,127.9665756225586,0.004892925001040566,background,[],GEOM_UNCERTAIN,null
P4D_PLAN::PF_P4D_HN_SIT_G004_V02,b4a496f7a6980d1cb33c30bb54ebb18ee79a76b3f689ee24e77f1c812603559e,0,0.9158511757850647,587.0272216796875,276.2112121582031,939.0359497070312,758.8333740234375,0.08192863296488617,primary,"[[761.3963012695312,357.4800109863281,0.9600803256034851],[761.413330078125,340.7351989746094,0.6629122495651245],[741.85009765625,347.7733459472656,0.9506083130836487],[751.629638671875,346.70361328125,0.3176915645599365],[695.3882446289062,364.8316345214844,0.9623414278030396],[804.22412109375,429.2152404785156,0.9962452054023743],[622.2233276367188,456.4413146972656,0.9991219639778137],[855.58544921875,542.0462036132812,0.9663810729980469],[627.1115112304688,578.7901611328125,0.9950474500656128],[813.6754760742188,621.0596923828125,0.9477695822715759],[724.52783203125,617.1090698242188,0.9869568347930908],[795.8155517578125,608.4410400390625,0.9977794289588928],[675.875244140625,627.0213012695312,0.9988414645195007],[856.8485107421875,623.364501953125,0.9870856404304504],[720.0086059570312,653.6195068359375,0.9932606816291809],[840.9027099609375,675.6826171875,0.9424467086791992],[769.8351440429688,710.9133911132812,0.9594315886497498]]",GEOM_UPRIGHT_OR_LIMB_SUPPORTED,"{""torso_angle"": 82.6303636616327, ""shoulder_hip_dy"": 0.3624012879774168, ""y_band_ratio"": 0.5836825842105153, ""kp_mean_conf"": 0.9190589119406307, ""visible"": 17, ""bbox_ar"": 0.7293671029670564}"
P4D_PLAN::PF_P4D_HN_SIT_G004_V03,352eb78ed02788e59e264fdb495cb474d8ec9d29b877f5edc586785a602ea523,0,0.9173253178596497,587.9613647460938,420.46856689453125,1189.2723388671875,845.5477294921875,0.12326618698889635,primary,"[[769.1929931640625,494.2539367675781,0.9602335691452026],[774.5980834960938,479.9950866699219,0.7666399478912354],[751.2881469726562,482.33477783203125,0.9521608948707581],[761.2152099609375,488.1587219238281,0.33737438917160034],[705.2855834960938,494.5584716796875,0.9065706729888916],[733.469970703125,562.6354370117188,0.9744765758514404],[684.7359008789062,581.7090454101562,0.9964435696601868],[788.3519897460938,659.542236328125,0.8222558498382568],[646.0966186523438,703.9292602539062,0.9795097708702087],[818.852783203125,718.7457275390625,0.7782317399978638],[655.48974609375,813.7122802734375,0.952997088432312],[832.5086669921875,719.984130859375,0.9825736880302429],[807.6295166015625,746.6861572265625,0.9930186867713928],[955.8975830078125,725.33447265625,0.963629961013794],[950.808837890625,739.46142578125,0.9848451018333435],[1113.2100830078125,745.6124877929688,0.9273218512535095],[1109.08154296875,758.7542724609375,0.9589148163795471]]",GEOM_UPRIGHT_OR_LIMB_SUPPORTED,"{""torso_angle"": 55.45126288354603, ""shoulder_hip_dy"": 0.3791362104111754, ""y_band_ratio"": 0.4613701463293042, ""kp_mean_conf"": 0.8963057749411639, ""visible"": 17, ""bbox_ar"": 1.414585863128378}"
P4D_PLAN::PF_P4D_HN_SIT_G004_V04,c9270dd2a72642e56e83a834c5160de30f152ae41e126198782de08a499435f5,0,0.9071036577224731,781.4110107421875,402.724365234375,1274.258056640625,813.614501953125,0.09765913873005451,primary,"[[992.6898193359375,505.63677978515625,0.9175006747245789],[998.1048583984375,491.9917907714844,0.3910912871360779],[988.5099487304688,489.0086975097656,0.930584192276001],[979.73828125,475.25567626953125,0.09578892588615417],[946.4319458007812,467.8810729980469,0.9455283880233765],[948.5482177734375,511.22259521484375,0.9725894331932068],[853.2449340820312,518.1536865234375,0.9983415603637695],[961.7442626953125,598.2116088867188,0.8356083035469055],[812.127685546875,614.7063598632812,0.9938311576843262],[949.59765625,629.717529296875,0.8035188317298889],[852.8388671875,634.8009033203125,0.9807327389717102],[938.8921508789062,663.7152099609375,0.9934743046760559],[876.6890258789062,678.1939086914062,0.9981403350830078],[1026.119384765625,667.9889526367188,0.9847396612167358],[964.4675903320312,680.3457641601562,0.9952698349952698],[1166.9698486328125,746.7696533203125,0.9565463066101074],[1142.4649658203125,749.6024780273438,0.97845458984375]]",GEOM_UPRIGHT_OR_LIMB_SUPPORTED,"{""torso_angle"": 87.47391757677337, ""shoulder_hip_dy"": 0.38031192402166125, ""y_band_ratio"": 0.5801547944570608, ""kp_mean_conf"": 0.917246975004673, ""visible"": 16, ""bbox_ar"": 1.19946185575096}"
P4D_PLAN::PF_P4D_HN_SIT_G004_V05,cf1efda1ab8c7d25765c3fe7bacae4d6bb400c876d2e09bcfedf9e3d89561c84,0,0.9387765526771545,846.7644653320312,265.7269287109375,1271.4757080078125,832.5571899414062,0.11609721481164646,primary,"[[1079.0609130859375,381.1212463378906,0.9807859063148499],[1089.0604248046875,360.8255615234375,0.9663715958595276],[1065.6273193359375,362.95623779296875,0.8125429153442383],[1134.689208984375,336.6181945800781,0.8915448784828186],[1068.0172119140625,343.9505310058594,0.24077819287776947],[1215.6375732421875,397.0438232421875,0.9985663294792175],[1098.64501953125,380.6882629394531,0.9893786311149597],[1213.279296875,520.9730834960938,0.9948563575744629],[1053.276123046875,468.7026672363281,0.9459455013275146],[1091.1925048828125,509.9436950683594,0.9902869462966919],[1023.5501098632812,487.84259033203125,0.942855179309845],[1180.1016845703125,601.7664184570312,0.9988287091255188],[1103.378173828125,580.7415161132812,0.9970753192901611],[1070.6990966796875,646.0535888671875,0.9967150688171387],[1009.9537963867188,618.3192749023438,0.9923707246780396],[944.8460693359375,736.4932861328125,0.981045126914978],[917.0883178710938,722.5885620117188,0.9691675305366516]]",GEOM_UPRIGHT_OR_LIMB_SUPPORTED,"{""torso_angle"": 94.3517213895427, ""shoulder_hip_dy"": 0.3570520807322363, ""y_band_ratio"": 0.6277099998524811, ""kp_mean_conf"": 0.9228891125496697, ""visible"": 17, ""bbox_ar"": 0.7492741155947159}"
P4D_PLAN::PF_P4D_HN_SIT_G005_V01,a3852c0884e2d8f2442ffa6d9629983e06d2bf37874285d2625db3a9769b09e2,0,0.8636367917060852,722.4439697265625,272.3775329589844,1215.630859375,746.1905517578125,0.11269211468765948,primary,"[[980.1621704101562,395.0836486816406,0.8542948961257935],[984.33984375,377.3113708496094,0.8880030512809753],[981.8849487304688,376.2457580566406,0.22032201290130615],[1022.447998046875,367.0202941894531,0.9730165004730225],[1029.23486328125,364.97991943359375,0.10970724374055862],[1117.96240234375,446.2993469238281,0.9990812540054321],[1083.1107177734375,407.2005615234375,0.9852221608161926],[1112.6646728515625,609.9249877929688,0.9956638216972351],[1025.268310546875,505.021484375,0.8745504021644592],[1002.5066528320312,630.3270263671875,0.9857103228569031],[937.8734130859375,522.137939453125,0.8342946767807007],[1092.7581787109375,646.7999877929688,0.9982155561447144],[1078.6572265625,612.1304321289062,0.9933690428733826],[942.0375366210938,509.6492614746094,0.9957208037376404],[932.2376098632812,469.69610595703125,0.9854974150657654],[795.9024047851562,633.9027099609375,0.9847270250320435],[822.4907836914062,605.1119995117188,0.9697155952453613]]",GEOM_UPRIGHT_OR_LIMB_SUPPORTED,"{""torso_angle"": 94.18380108882263, ""shoulder_hip_dy"": 0.42783808737719314, ""y_band_ratio"": 0.5056835012194136, ""kp_mean_conf"": 0.908587783575058, ""visible"": 16, ""bbox_ar"": 1.0408892750535315}"
P4D_PLAN::PF_P4D_HN_SIT_G005_V02,abd0a0f74db8549cae12f43562177bf6118439858d02a4ea8ca8302f7474f48c,0,0.9090261459350586,847.2903442382812,272.688720703125,1220.18603515625,769.5889892578125,0.08935762391976486,primary,"[[1092.5643310546875,362.0750732421875,0.9838930368423462],[1094.2012939453125,348.5252685546875,0.6763671040534973],[1073.93212890625,350.37188720703125,0.9836603403091431],[1086.478271484375,355.7674255371094,0.06626177579164505],[1018.1539916992188,356.6733703613281,0.9759283661842346],[1115.503173828125,435.1260681152344,0.9963313937187195],[953.2529296875,434.0937194824219,0.9984604120254517],[1178.6632080078125,518.5492553710938,0.9682196974754333],[886.703857421875,530.24072265625,0.9937734007835388],[1191.6846923828125,605.3233032226562,0.9572829008102417],[902.9881591796875,629.2533569335938,0.9889084696769714],[1073.5264892578125,599.7907104492188,0.9979478716850281],[972.7579345703125,605.0757446289062,0.998702883720398],[1147.9281005859375,662.4427490234375,0.9894785284996033],[1055.8262939453125,673.1048583984375,0.9937111139297485],[1021.7664794921875,704.5160522460938,0.9397549629211426],[959.1904907226562,721.7200927734375,0.949455976486206]]",GEOM_UPRIGHT_OR_LIMB_SUPPORTED,"{""torso_angle"": 93.83025949609383, ""shoulder_hip_dy"": 0.33774047703450616, ""y_band_ratio"": 0.5788412514398958, ""kp_mean_conf"": 0.9619922786951065, ""visible"": 16, ""bbox_ar"": 0.7504437298908984}"
P4D_PLAN::PF_P4D_HN_SIT_G005_V02,abd0a0f74db8549cae12f43562177bf6118439858d02a4ea8ca8302f7474f48c,1,0.7576002478599548,639.5581665039062,0.0,696.1844482421875,130.29209899902344,0.0035580425859330312,background,[],GEOM_UNCERTAIN,null
P4D_PLAN::PF_P4D_HN_SIT_G005_V02,abd0a0f74db8549cae12f43562177bf6118439858d02a4ea8ca8302f7474f48c,2,0.20096929371356964,1505.886962890625,51.71044921875,1568.1666259765625,178.17381286621094,0.0037982714509443784,background,[],GEOM_UNCERTAIN,null
P4D_PLAN::PF_P4D_HN_SIT_G005_V03,748c25b7370a651e1622c1b1979922a020c1eb989045c1f27579026432da8304,0,0.865303099155426,576.9746704101562,350.4998474121094,1234.5697021484375,790.3956909179688,0.13950295195398033,primary,"[[736.1429443359375,405.7608337402344,0.7863357663154602],[729.6050415039062,394.4847106933594,0.22277583181858063],[722.068359375,397.57080078125,0.8016344904899597],[694.6788330078125,410.8061828613281,0.15827825665473938],[685.662841796875,424.24212646484375,0.9381331205368042],[693.7781982421875,485.57061767578125,0.971245527267456],[654.3822021484375,520.1180419921875,0.997775137424469],[762.2698364257812,553.1998291015625,0.8050771355628967],[620.51171875,641.9103393554688,0.9904239773750305],[805.6566162109375,583.2301025390625,0.6966906189918518],[624.4517822265625,727.1717529296875,0.9651323556900024],[782.952392578125,652.042236328125,0.9866138100624084],[763.5195922851562,686.160400390625,0.9959375858306885],[973.556396484375,638.645751953125,0.9485561847686768],[968.092529296875,666.6489868164062,0.9847109913825989],[1129.5853271484375,688.7969970703125,0.8777831792831421],[1122.6053466796875,722.6775512695312,0.9420199990272522]]",GEOM_UPRIGHT_OR_LIMB_SUPPORTED,"{""torso_angle"": 59.188118081738104, ""shoulder_hip_dy"": 0.3779462592789334, ""y_band_ratio"": 0.5390069878907409, ""kp_mean_conf"": 0.8694278569892049, ""visible"": 16, ""bbox_ar"": 1.4948880318973101}"
P4D_PLAN::PF_P4D_HN_SIT_G005_V04,417088411826ef61b505ee06ba56da664bf0226172acfad674a1bbc9dc298014,0,0.8976218104362488,761.4603881835938,387.0654602050781,1172.435302734375,694.3980102539062,0.060911443139945426,primary,"[[988.1257934570312,461.43798828125,0.5590577125549316],[985.7970581054688,449.134033203125,0.09900658577680588],[988.55078125,450.7409362792969,0.6511528491973877],[945.2067260742188,430.6264343261719,0.15553157031536102],[973.9765014648438,440.5997314453125,0.9200372695922852],[889.2548828125,449.00604248046875,0.9347861409187317],[930.1673583984375,472.4393310546875,0.9946646690368652],[911.3032836914062,538.6187744140625,0.5539705753326416],[961.0900268554688,587.24560546875,0.9757295250892639],[972.4026489257812,569.4320068359375,0.4275374412536621],[1013.5767211914062,610.5214233398438,0.8943507671356201],[790.3179931640625,561.0535888671875,0.9659810066223145],[831.9381103515625,574.0828857421875,0.9898760914802551],[871.0376586914062,592.5715942382812,0.9166245460510254],[990.771240234375,610.7530517578125,0.9755057692527771],[874.8812255859375,656.9161987304688,0.8486484885215759],[1066.1741943359375,681.9176025390625,0.9243981242179871]]",GEOM_UPRIGHT_OR_LIMB_SUPPORTED,"{""torso_angle"": 132.69676541947024, ""shoulder_hip_dy"": 0.34765452120230694, ""y_band_ratio"": 0.7578486561920936, ""kp_mean_conf"": 0.8354880650838216, ""visible"": 15, ""bbox_ar"": 1.3372319804247441}"
P4D_PLAN::PF_P4D_HN_SIT_G005_V05,5b31b2b2ba275456a6dbf01081bc441127e29b67ec4f9f61bb94603ad1163c3b,0,0.9342571496963501,568.6532592773438,70.0085220336914,1368.4083251953125,801.655517578125,0.28218479511493166,primary,"[[841.4396362304688,262.6024169921875,0.9803996086120605],[847.4730834960938,232.14483642578125,0.6490137577056885],[819.765380859375,239.3656768798828,0.9793110489845276],[807.1080322265625,208.15187072753906,0.1461818814277649],[735.2821655273438,227.58609008789062,0.9747856855392456],[740.7572021484375,282.14044189453125,0.9956236481666565],[655.1912841796875,346.5044860839844,0.9994413256645203],[851.2595825195312,408.5690002441406,0.9731296300888062],[732.9362182617188,534.648193359375,0.9974609613418579],[940.308837890625,438.60498046875,0.9718027114868164],[916.001953125,499.338134765625,0.9949799180030823],[804.3707885742188,551.1878662109375,0.9988539218902588],[750.3316040039062,604.7854614257812,0.999492883682251],[993.876708984375,602.2169799804688,0.9963729381561279],[959.5193481445312,658.4832153320312,0.998382568359375],[1236.760009765625,676.8978881835938,0.9791179895401001],[1250.2159423828125,713.2410278320312,0.9866212606430054]]",GEOM_UPRIGHT_OR_LIMB_SUPPORTED,"{""torso_angle"": 73.24541002970336, ""shoulder_hip_dy"": 0.36037078185895316, ""y_band_ratio"": 0.5892193756863707, ""kp_mean_conf"": 0.9671743661165237, ""visible"": 16, ""bbox_ar"": 1.0930887036894814}"
P4D_PLAN::PF_P4D_HN_SIT_G006_V01,3660f6b824b9bb3076897da704c11d0596c8ef1a8c2f59844cca3a65d17e0805,0,0.9124320149421692,655.19970703125,263.61328125,1170.5853271484375,720.6152954101562,0.11358616245309405,primary,"[[869.3959350585938,357.7472839355469,0.9920597076416016],[879.3880004882812,336.6471252441406,0.9228180646896362],[853.80859375,339.65863037109375,0.9895143508911133],[885.1190185546875,321.0195007324219,0.4019918739795685],[815.4620361328125,326.94976806640625,0.9541552066802979],[886.5551147460938,378.308349609375,0.9926086068153381],[753.1989135742188,391.8515625,0.9990121126174927],[933.0555419921875,468.3267517089844,0.9247035980224609],[708.1176147460938,496.6378173828125,0.9932942390441895],[939.4647216796875,525.0891723632812,0.9070155024528503],[696.4176635742188,584.9696044921875,0.9833444952964783],[881.0017700195312,560.3871459960938,0.9956757426261902],[796.087158203125,575.702392578125,0.9982571005821228],[979.8372802734375,482.4397277832031,0.9933637380599976],[862.3700561523438,495.6797790527344,0.997244119644165],[1063.7105712890625,618.7577514648438,0.9861695766448975],[980.8441772460938,634.5714111328125,0.9920613765716553]]",GEOM_UPRIGHT_OR_LIMB_SUPPORTED,"{""torso_angle"": 84.17441076348143, ""shoulder_hip_dy"": 0.4003588771236835, ""y_band_ratio"": 0.560748210255437, ""kp_mean_conf"": 0.9425464360152974, ""visible"": 17, ""bbox_ar"": 1.127753498120406}"
P4D_PLAN::PF_P4D_HN_SIT_G006_V02,3fc95c48840f07fec4a1309b6be34d498b921a85f7757b79ea8626e39148b07e,0,0.9087303280830383,1241.6170654296875,206.17410278320312,1518.2506103515625,658.8777465820312,0.06039400741855692,primary,"[[1386.394287109375,276.06732177734375,0.908518373966217],[1381.0457763671875,264.4032897949219,0.3212919235229492],[1370.7537841796875,265.9276428222656,0.9196711778640747],[1351.7576904296875,278.1293029785156,0.07418471574783325],[1331.1055908203125,284.4743957519531,0.95790696144104],[1333.3319091796875,354.3251953125,0.978515625],[1317.0830078125,373.8238525390625,0.9963079690933228],[1395.4561767578125,431.4302673339844,0.8752931356430054],[1356.3809814453125,490.2033996582031,0.9898310303688049],[1456.9622802734375,485.0618591308594,0.8550457954406738],[1449.90380859375,529.922607421875,0.9779265522956848],[1330.3458251953125,545.1915283203125,0.9782992601394653],[1318.961669921875,564.2033081054688,0.9904431700706482],[1468.7022705078125,560.5853271484375,0.8783490061759949],[1481.2115478515625,584.5118408203125,0.9480834007263184],[1423.085205078125,610.9413452148438,0.6124700903892517],[1422.4097900390625,635.2522583007812,0.7238356471061707]]",GEOM_UPRIGHT_OR_LIMB_SUPPORTED,"{""torso_angle"": 90.16642917253041, ""shoulder_hip_dy"": 0.42107656277628314, ""y_band_ratio"": 0.6205540132853874, ""kp_mean_conf"": 0.8694868199527264, ""visible"": 16, ""bbox_ar"": 0.6110698438398368}"
P4D_PLAN::PF_P4D_HN_SIT_G006_V03,3fb6a031562a93c0c4b0eb650169a3e64cd7b02b683434ad1968406d72e538b9,0,0.7994920611381531,612.6412353515625,347.9969787597656,1028.747802734375,610.270263671875,0.0526300329383643,primary,"[[777.3968505859375,396.9826354980469,0.785669207572937],[775.1347045898438,389.14617919921875,0.20860333740711212],[773.8560791015625,388.04693603515625,0.8047609329223633],[750.513427734375,390.7985534667969,0.07389681041240692],[743.2337646484375,387.97027587890625,0.8939061760902405],[732.0473022460938,431.8191833496094,0.9412642121315002],[705.5934448242188,438.419677734375,0.9962601661682129],[727.4346313476562,499.01422119140625,0.760574996471405],[672.3892211914062,508.9386291503906,0.9910200238227844],[707.0146484375,549.3019409179688,0.7258623242378235],[657.8002319335938,557.8251953125,0.9747417569160461],[790.02099609375,542.9874267578125,0.986815869808197],[773.7861938476562,556.52197265625,0.9964951872825623],[872.1114501953125,548.4638671875,0.9650878310203552],[861.8624877929688,557.0134887695312,0.9900209903717041],[952.8655395507812,585.0236206054688,0.9155716896057129],[953.5018310546875,587.337158203125,0.9610998034477234]]",GEOM_UPRIGHT_OR_LIMB_SUPPORTED,"{""torso_angle"": 61.1762287961862, ""shoulder_hip_dy"": 0.4370832858689919, ""y_band_ratio"": 0.5929615549888407, ""kp_mean_conf"": 0.8686096565797925, ""visible"": 16, ""bbox_ar"": 1.5865381314847005}"
P4D_PLAN::PF_P4D_HN_SIT_G006_V03,3fb6a031562a93c0c4b0eb650169a3e64cd7b02b683434ad1968406d72e538b9,1,0.3809012472629547,104.91570281982422,9.514228820800781,178.33969116210938,215.68988037109375,0.0073004623051175525,background,[],GEOM_UNCERTAIN,null
P4D_PLAN::PF_P4D_HN_SIT_G006_V04,b003624d2717546d2954cc684c466de4ded2ee1489079c7dc26a0d22503afd01,0,0.9058285355567932,864.5571899414062,460.9866027832031,1397.3515625,828.0511474609375,0.09431419934899662,primary,"[[1228.5999755859375,509.84320068359375,0.4313271939754486],[1230.4901123046875,497.1502380371094,0.3450739085674286],[1235.402587890625,496.8388366699219,0.12487682700157166],[1233.019775390625,505.2827453613281,0.8220580220222473],[1276.1436767578125,504.2036437988281,0.4035908281803131],[1211.219482421875,556.999267578125,0.9905111193656921],[1307.2845458984375,562.2479248046875,0.978621244430542],[1173.95849609375,630.7828369140625,0.9609090089797974],[1333.311767578125,665.9769897460938,0.8683091402053833],[1165.48193359375,655.3346557617188,0.9059149026870728],[1361.20703125,730.4650268554688,0.754336416721344],[1186.469970703125,738.9496459960938,0.9885127544403076],[1253.348876953125,735.1190185546875,0.9798389673233032],[1073.6978759765625,628.0255737304688,0.9774438738822937],[1168.1060791015625,625.39892578125,0.9593381285667419],[1006.704345703125,757.3846435546875,0.9444471597671509],[1118.0032958984375,748.651611328125,0.9217918515205383]]",GEOM_UPRIGHT_OR_LIMB_SUPPORTED,"{""torso_angle"": 102.50356367060972, ""shoulder_hip_dy"": 0.48332299770260506, ""y_band_ratio"": 0.5459131885169992, ""kp_mean_conf"": 0.8270015325397253, ""visible"": 16, ""bbox_ar"": 1.451500506610799}"
P4D_PLAN::PF_P4D_HN_SIT_G006_V05,50dfb42a496a45f1dfff553f026d808cda5ed194b08ba509be4e9f4bbf23de0a,0,0.9122527241706848,566.132080078125,271.24493408203125,1053.2362060546875,740.8876342773438,0.11032257764270374,primary,"[[857.9725952148438,382.4873962402344,0.5976706147193909],[857.9328002929688,368.826416015625,0.7247732281684875],[868.1343994140625,359.62274169921875,0.057516589760780334],[886.2811889648438,363.01202392578125,0.967250645160675],[929.6266479492188,342.67559814453125,0.0778016746044159],[939.6961669921875,447.7039489746094,0.9986139535903931],[992.3536376953125,378.66998291015625,0.9609811305999756],[898.2886962890625,582.4583129882812,0.9948992133140564],[929.5609130859375,460.21380615234375,0.7397429347038269],[826.345703125,525.5386352539062,0.9770151376724243],[837.0348510742188,486.68243408203125,0.652773916721344],[944.717529296875,629.4027709960938,0.9971123933792114],[980.8289794921875,583.4782104492188,0.9865169525146484],[757.4974365234375,623.8178100585938,0.9861654043197632],[775.7129516601562,563.23828125,0.9393503665924072],[668.4974365234375,709.0159301757812,0.914175808429718],[665.9555053710938,663.4578247070312,0.8088108897209167]]",GEOM_UPRIGHT_OR_LIMB_SUPPORTED,"{""torso_angle"": 90.96395719355307, ""shoulder_hip_dy"": 0.4114905324833202, ""y_band_ratio"": 0.7033984497752067, ""kp_mean_conf"": 0.8830568393071493, ""visible"": 15, ""bbox_ar"": 1.03718023462089}"
P4D_PLAN::PF_P4D_HN_SIT_G007_V01,4fe6e2ba6c988a06a5da39a671d31a1491ca96031fb41f057b8bad4d21908036,0,0.8957822322845459,791.84326171875,273.4910888671875,1204.65087890625,669.4302978515625,0.07882268586609927,primary,"[[1144.7823486328125,366.1578369140625,0.9919350147247314],[1151.4744873046875,351.57196044921875,0.9121004343032837],[1129.1363525390625,351.1803894042969,0.9869043231010437],[1155.58740234375,346.3625183105469,0.32274964451789856],[1086.82177734375,344.3194580078125,0.9427561163902283],[1173.18310546875,406.42376708984375,0.9962332844734192],[1042.9468994140625,381.8710632324219,0.9988300204277039],[1178.1080322265625,509.8808288574219,0.9669575095176697],[977.9866333007812,444.18182373046875,0.9946978092193604],[1155.2772216796875,582.8545532226562,0.9604908227920532],[1010.5365600585938,480.3554992675781,0.9898993372917175],[1114.613525390625,548.7130126953125,0.9981325268745422],[1029.113037109375,534.97119140625,0.9989738464355469],[1072.9630126953125,499.71636962890625,0.9962045550346375],[962.2244262695312,489.8405456542969,0.9978284239768982],[976.993896484375,606.1276245117188,0.9886681437492371],[881.6027221679688,606.570556640625,0.9915953278541565]]",GEOM_UPRIGHT_OR_LIMB_SUPPORTED,"{""torso_angle"": 103.77234736268758, ""shoulder_hip_dy"": 0.3730236448885691, ""y_band_ratio"": 0.5675100831377133, ""kp_mean_conf"": 0.9432327729814193, ""visible"": 17, ""bbox_ar"": 1.0426035305934822}"
P4D_PLAN::PF_P4D_HN_SIT_G007_V02,1fdc4800ff575a7491a19d4a54c56a4e48441cd42dc5cb9dd491891da64731cb,0,0.8748135566711426,891.3134765625,329.0134582519531,1117.351318359375,603.4923706054688,0.029920245450975252,primary,"[[979.5361328125,384.421630859375,0.9743982553482056],[992.2245483398438,377.3654479980469,0.971822202205658],[980.006103515625,374.0075988769531,0.8614661693572998],[1026.0758056640625,385.8681335449219,0.9319353103637695],[982.9553833007812,377.31170654296875,0.321645587682724],[1063.0322265625,433.0199890136719,0.9965792298316956],[964.4873657226562,419.84564208984375,0.9953542947769165],[1078.70361328125,493.89697265625,0.9729211926460266],[931.3017578125,469.7088317871094,0.936900794506073],[1024.3104248046875,520.9489135742188,0.9438482522964478],[941.48291015625,512.4115600585938,0.8884066939353943],[1046.197998046875,547.4510498046875,0.9858912825584412],[975.125244140625,539.2826538085938,0.9826724529266357],[1042.28515625,538.213623046875,0.9325475096702576],[921.0355834960938,528.9749145507812,0.9000948667526245],[1057.201416015625,586.1401977539062,0.8230048418045044],[929.8223876953125,574.7925415039062,0.7772617340087891]]",GEOM_UPRIGHT_OR_LIMB_SUPPORTED,"{""torso_angle"": 91.51770040997539, ""shoulder_hip_dy"": 0.42602193098272484, ""y_band_ratio"": 0.6058554889997637, ""kp_mean_conf"": 0.8939265100394979, ""visible"": 17, ""bbox_ar"": 0.8235162397676261}"
P4D_PLAN::PF_P4D_HN_SIT_G007_V03,1a413bb13fc064bbf96a28af5159d1bd02145e4d45c3bb1cb4f87855bf55dbce,0,0.8380559086799622,650.70556640625,254.40797424316406,1212.34423828125,651.1446533203125,0.1074569162427603,primary,"[[1103.0616455078125,319.0668029785156,0.960940957069397],[1117.5194091796875,311.7454833984375,0.9640418291091919],[1101.7093505859375,302.9083557128906,0.5802635550498962],[1155.5438232421875,330.3510437011719,0.9401963949203491],[1115.3280029296875,312.7710876464844,0.10755807161331177],[1174.53955078125,414.9320068359375,0.9990142583847046],[1137.7584228515625,376.69647216796875,0.9648703336715698],[1180.631103515625,533.3604125976562,0.9967665672302246],[1089.2686767578125,478.3853759765625,0.788946270942688],[1112.5133056640625,596.382568359375,0.989331841468811],[1054.0697021484375,541.626953125,0.7786619067192078],[1065.99658203125,558.1166381835938,0.9986488223075867],[1045.9976806640625,520.7593383789062,0.9922671914100647],[910.1402587890625,573.7520751953125,0.9955559372901917],[909.892333984375,525.8453979492188,0.9768247008323669],[743.0291748046875,615.1076049804688,0.9803051948547363],[740.4085693359375,555.6045532226562,0.9449453949928284]]",GEOM_UPRIGHT_OR_LIMB_SUPPORTED,"{""torso_angle"": 124.88887327234093, ""shoulder_hip_dy"": 0.36201278166006967, ""y_band_ratio"": 0.600930403932073, ""kp_mean_conf"": 0.9282238222658634, ""visible"": 16, ""bbox_ar"": 1.4156459472853156}"
P4D_PLAN::PF_P4D_HN_SIT_G007_V03,1a413bb13fc064bbf96a28af5159d1bd02145e4d45c3bb1cb4f87855bf55dbce,1,0.16321364045143127,1030.371826171875,258.13763427734375,1213.824462890625,649.0738525390625,0.034586361896686464,primary,"[[1103.0616455078125,319.0668029785156,0.960940957069397],[1117.5194091796875,311.7454833984375,0.9640418291091919],[1101.7093505859375,302.9083557128906,0.5802635550498962],[1155.5438232421875,330.3510437011719,0.9401963949203491],[1115.3280029296875,312.7710876464844,0.10755807161331177],[1174.53955078125,414.9320068359375,0.9990142583847046],[1137.7584228515625,376.69647216796875,0.9648703336715698],[1180.631103515625,533.3604125976562,0.9967665672302246],[1089.2686767578125,478.3853759765625,0.788946270942688],[1112.5133056640625,596.382568359375,0.989331841468811],[1054.0697021484375,541.626953125,0.7786619067192078],[1065.99658203125,558.1166381835938,0.9986488223075867],[1045.9976806640625,520.7593383789062,0.9922671914100647],[910.1402587890625,573.7520751953125,0.9955559372901917],[909.892333984375,525.8453979492188,0.9768247008323669],[743.0291748046875,615.1076049804688,0.9803051948547363],[740.4085693359375,555.6045532226562,0.9449453949928284]]",GEOM_UPRIGHT_OR_LIMB_SUPPORTED,"{""torso_angle"": 124.88887327234093, ""shoulder_hip_dy"": 0.3673840950779996, ""y_band_ratio"": 0.609846623760226, ""kp_mean_conf"": 0.9282238222658634, ""visible"": 16, ""bbox_ar"": 0.4692648778730821}"
P4D_PLAN::PF_P4D_HN_SIT_G007_V04,af6d25edfd980970210e9ace684e295fb059ad083f946dec902cc0dd97c330e8,0,0.9011967778205872,763.7032470703125,435.27630615234375,1385.2113037109375,765.2935791015625,0.09891415604191148,primary,"[[912.9945068359375,516.2347412109375,0.9790951013565063],[927.9375,501.5640563964844,0.9641081690788269],[904.2218627929688,501.86297607421875,0.861259937286377],[964.9362182617188,491.6434020996094,0.8931416869163513],[895.2836303710938,492.2278137207031,0.3615645468235016],[1012.5438232421875,527.185791015625,0.9970360994338989],[876.8186645507812,548.7249755859375,0.9935332536697388],[1075.1722412109375,596.5426025390625,0.9920056462287903],[837.4721069335938,636.7010498046875,0.9657314419746399],[1058.8441162109375,671.0449829101562,0.9828717708587646],[822.5691528320312,718.2230834960938,0.9494495391845703],[1092.607177734375,656.9652099609375,0.9971163272857666],[1000.755126953125,675.5247802734375,0.9948338270187378],[1188.9056396484375,672.4088134765625,0.9840347766876221],[1063.8900146484375,682.3796997070312,0.9736856818199158],[1321.7918701171875,717.8025512695312,0.9210457801818848],[1200.015380859375,711.504638671875,0.9042474627494812]]",GEOM_UPRIGHT_OR_LIMB_SUPPORTED,"{""torso_angle"": 51.51265520518359, ""shoulder_hip_dy"": 0.38873605211611684, ""y_band_ratio"": 0.5775963135215572, ""kp_mean_conf"": 0.9243977087385514, ""visible"": 17, ""bbox_ar"": 1.883259173335025}"
P4D_PLAN::PF_P4D_HN_SIT_G007_V04,af6d25edfd980970210e9ace684e295fb059ad083f946dec902cc0dd97c330e8,1,0.7761654853820801,1814.5550537109375,39.98652648925781,1918.4736328125,234.1373291015625,0.009729878249854664,background,"[[1868.6851806640625,64.1443862915039,0.10423560440540314],[1869.397705078125,58.5255012512207,0.11033744364976883],[1870.6641845703125,59.881614685058594,0.04656461253762245],[1866.3773193359375,60.359527587890625,0.7859793305397034],[1889.050537109375,61.93798828125,0.3987487256526947],[1852.9556884765625,87.64927673339844,0.9854419231414795],[1902.41064453125,88.36425018310547,0.975006639957428],[1830.5372314453125,124.17607116699219,0.9220847487449646],[1912.0272216796875,125.69129180908203,0.7582279443740845],[1821.9224853515625,151.1151580810547,0.684314489364624],[1902.634765625,151.6387176513672,0.44752269983291626],[1851.8489990234375,164.39622497558594,0.9791889786720276],[1884.6463623046875,164.0478057861328,0.9720048308372498],[1845.0208740234375,217.03240966796875,0.7422880530357361],[1872.19189453125,217.72695922851562,0.654221773147583],[1841.400146484375,241.3538055419922,0.3328118324279785],[1867.1689453125,240.60552978515625,0.269273966550827]]",GEOM_UPRIGHT_OR_LIMB_SUPPORTED,"{""torso_angle"": 97.0573370913759, ""shoulder_hip_dy"": 0.3925569757998885, ""y_band_ratio"": 0.7916759896971574, ""kp_mean_conf"": 0.7076511383056641, ""visible"": 14, ""bbox_ar"": 0.5352467139117377}"
P4D_PLAN::PF_P4D_HN_SIT_G007_V05,51dc17715bc3ab7e42a821b05ccf428275916c72ff2dc18349f5daaea09ea3ea,0,0.8967368006706238,444.5058288574219,326.7532653808594,1014.3876953125,806.704833984375,0.13190378844705533,primary,"[[659.6635131835938,475.4965515136719,0.8801380395889282],[662.1846923828125,454.89312744140625,0.27754005789756775],[654.8703002929688,451.4804382324219,0.8938226699829102],[613.39306640625,434.5037841796875,0.09579194337129593],[599.832275390625,428.702392578125,0.9403119087219238],[543.7759399414062,484.6190185546875,0.9756399393081665],[520.3826293945312,517.3681030273438,0.9978430271148682],[597.85107421875,597.7086181640625,0.8725262880325317],[526.4343872070312,679.3115234375,0.9925056099891663],[664.46044921875,594.7621459960938,0.8757058382034302],[647.2451171875,632.9371948242188,0.9843048453330994],[587.3373413085938,703.0254516601562,0.9923211932182312],[574.1821899414062,738.0088500976562,0.9973328113555908],[754.3888549804688,641.6702880859375,0.9873494505882263],[742.7564697265625,671.2941284179688,0.9955092668533325],[916.2281494140625,750.9324340820312,0.9697521328926086],[924.990478515625,752.3450927734375,0.9835734963417053]]",GEOM_UPRIGHT_OR_LIMB_SUPPORTED,"{""torso_angle"": 77.49669814095603, ""shoulder_hip_dy"": 0.45738696245253324, ""y_band_ratio"": 0.5578189378518659, ""kp_mean_conf"": 0.9135110359638929, ""visible"": 16, ""bbox_ar"": 1.1873736929607854}"
V2_ORIGINAL::IMG_003702,5f82ee8030a64dfae05bb4583c289b09c8ebc33280dc2f6e4a53a10bbb60b2fc,0,0.8918288350105286,844.0149536132812,271.21051025390625,1401.735107421875,773.4003295898438,0.13507011153604792,primary,"[[1016.9935913085938,378.7657775878906,0.9603384137153625],[1021.8607177734375,360.2542724609375,0.5790184736251831],[1006.0147705078125,358.87939453125,0.955248236656189],[996.6162109375,352.4029541015625,0.14251753687858582],[954.4241333007812,348.861328125,0.9438106417655945],[964.1541748046875,412.3458251953125,0.9887630343437195],[890.7719116210938,433.2117919921875,0.9984306693077087],[1029.29150390625,509.5489196777344,0.9462558031082153],[952.3663330078125,565.1145629882812,0.9951829314231873],[1079.515625,513.7931518554688,0.9507498145103455],[1067.8067626953125,541.01416015625,0.9914312362670898],[992.9155883789062,613.2474365234375,0.9959881901741028],[941.7984619140625,639.5572509765625,0.9983335137367249],[1142.49755859375,552.3450927734375,0.9917901754379272],[1077.16455078125,578.8207397460938,0.9965949654579163],[1271.3489990234375,678.221435546875,0.9739925265312195],[1245.3538818359375,689.67041015625,0.9844216108322144]]",GEOM_UPRIGHT_OR_LIMB_SUPPORTED,"{""torso_angle"": 78.91500265385056, ""shoulder_hip_dy"": 0.4054712527336939, ""y_band_ratio"": 0.5522305994328064, ""kp_mean_conf"": 0.9531468898057938, ""visible"": 16, ""bbox_ar"": 1.1105763843362773}"
V2_ORIGINAL::IMG_003702,5f82ee8030a64dfae05bb4583c289b09c8ebc33280dc2f6e4a53a10bbb60b2fc,1,0.8388293981552124,1357.6973876953125,83.76367950439453,1449.2569580078125,321.8144226074219,0.010511103275021463,primary,"[[1417.4189453125,107.28904724121094,0.1773425191640854],[1415.492919921875,102.39445495605469,0.11920803040266037],[1416.882568359375,103.40059661865234,0.12203221768140793],[1402.4501953125,106.46629333496094,0.5597563982009888],[1421.055908203125,107.51116180419922,0.5645105242729187],[1387.8570556640625,132.7100372314453,0.9848612546920776],[1430.5103759765625,134.10780334472656,0.9846578240394592],[1371.453857421875,168.6173095703125,0.8562707304954529],[1440.7532958984375,170.3665008544922,0.8482317328453064],[1371.90625,202.509033203125,0.6597873568534851],[1440.226318359375,203.6865234375,0.6518020033836365],[1390.998046875,199.907958984375,0.9923158884048462],[1419.122314453125,200.444091796875,0.9921280145645142],[1387.0770263671875,252.3102264404297,0.9795039296150208],[1412.0455322265625,252.77098083496094,0.9779182076454163],[1383.6922607421875,300.46771240234375,0.955345094203949],[1406.2364501953125,301.059814453125,0.9536821246147156]]",GEOM_UPRIGHT_OR_LIMB_SUPPORTED,"{""torso_angle"": 93.53409746339727, ""shoulder_hip_dy"": 0.2804742561700072, ""y_band_ratio"": 0.7072012253657138, ""kp_mean_conf"": 0.8543407917022705, ""visible"": 14, ""bbox_ar"": 0.3846220730883138}"
V2_ORIGINAL::IMG_003703,5e18806b0d663d3a7b16e0bf3564749c245323f6fc828cd80add4c68d279c87f,0,0.9278085827827454,514.2091064453125,46.83636474609375,1454.19384765625,1034.419677734375,0.4476819275094183,primary,"[[850.9569091796875,215.59561157226562,0.8785936832427979],[834.0960083007812,192.04400634765625,0.09369751065969467],[831.526123046875,189.6693878173828,0.9357905387878418],[734.2750854492188,202.18228149414062,0.012687448412179947],[737.6394653320312,210.67666625976562,0.9669225215911865],[661.8168334960938,352.7948913574219,0.9428076148033142],[684.6771240234375,360.1820068359375,0.9951713681221008],[864.7443237304688,485.1147155761719,0.7680763006210327],[918.7051391601562,474.98944091796875,0.9925859570503235],[1056.2645263671875,526.802734375,0.8635966181755066],[1115.59521484375,507.098876953125,0.988705575466156],[647.5181274414062,801.9884643554688,0.9688451290130615],[660.7860107421875,828.5892333984375,0.9903784990310669],[941.5620727539062,544.2786254882812,0.9682313203811646],[951.1730346679688,563.1066284179688,0.9915300607681274],[1145.5067138671875,838.605712890625,0.9367824792861938],[1201.0728759765625,861.0188598632812,0.9683391451835632]]",GEOM_UPRIGHT_OR_LIMB_SUPPORTED,"{""torso_angle"": 92.38322960609578, ""shoulder_hip_dy"": 0.46456880523022526, ""y_band_ratio"": 0.5146137665773723, ""kp_mean_conf"": 0.9437571207682292, ""visible"": 15, ""bbox_ar"": 0.9518029809218652}"
V2_ORIGINAL::IMG_003704,27d688b997b3048bf57efd35520fa34bd3adccda66575f1ddb0bcc298629ce4b,0,0.9084840416908264,941.5111083984375,362.4459228515625,1265.6239013671875,767.6825561523438,0.06334026670156702,primary,"[[1110.782958984375,438.86773681640625,0.25513091683387756],[1110.9498291015625,420.802734375,0.21848975121974945],[1123.3961181640625,424.5288391113281,0.057765550911426544],[1097.4927978515625,428.39959716796875,0.8636772036552429],[1175.03466796875,433.8277587890625,0.43915361166000366],[1049.500732421875,501.9730224609375,0.9865952730178833],[1228.6864013671875,511.443603515625,0.9542571306228638],[972.5641479492188,579.4365234375,0.9128547310829163],[1246.8782958984375,587.227294921875,0.6072468757629395],[1018.5386962890625,620.0809936523438,0.7116095423698425],[1219.49853515625,585.8448486328125,0.39102330803871155],[1072.3157958984375,736.8489990234375,0.9321112632751465],[1200.865478515625,742.7763671875,0.8654454946517944],[1009.2161865234375,577.5945434570312,0.8227102756500244],[1196.420654296875,597.1443481445312,0.6885470151901245],[1005.3909912109375,702.1206665039062,0.6593384146690369],[1233.32080078125,723.9728393554688,0.5476698875427246]]",GEOM_UPRIGHT_OR_LIMB_SUPPORTED,"{""torso_angle"": 90.61518278965237, ""shoulder_hip_dy"": 0.5752302505784788, ""y_band_ratio"": 0.5942289638652426, ""kp_mean_conf"": 0.6784912934526801, ""visible"": 16, ""bbox_ar"": 0.7998111876726155}"
V2_ORIGINAL::IMG_003705,4bca926036b8d0324b411c6828586467b408df92eb1db27af3b8dd25bf443e17,0,0.9122037887573242,487.8380126953125,306.7152099609375,1282.72412109375,950.79931640625,0.24690080480979912,primary,"[[801.959716796875,401.7900695800781,0.8543170094490051],[793.47802734375,383.9050598144531,0.16379965841770172],[784.0145874023438,383.841796875,0.9010350108146667],[743.81689453125,399.04010009765625,0.03119857981801033],[724.96142578125,405.1732482910156,0.9636638164520264],[740.9434204101562,496.73291015625,0.9623408913612366],[669.2748413085938,531.4092407226562,0.9976199269294739],[806.0490112304688,641.5230712890625,0.7783273458480835],[634.0103759765625,731.5178833007812,0.9931111335754395],[833.022216796875,695.2146606445312,0.7510299682617188],[613.827392578125,823.067138671875,0.982914388179779],[820.1519165039062,762.84814453125,0.9865585565567017],[782.2291259765625,799.58056640625,0.9964504241943359],[1035.68798828125,628.5177612304688,0.9807224869728088],[1009.2696533203125,660.9229125976562,0.9951867461204529],[1106.6986083984375,820.60546875,0.9660201668739319],[1112.2177734375,846.9100341796875,0.9851985573768616]]",GEOM_UPRIGHT_OR_LIMB_SUPPORTED,"{""torso_angle"": 70.21824983983554, ""shoulder_hip_dy"": 0.414764589524892, ""y_band_ratio"": 0.5436822932272901, ""kp_mean_conf"": 0.9396330952644348, ""visible"": 15, ""bbox_ar"": 1.2341340213864278}"
V2_ORIGINAL::IMG_003706,2b6115e018583759cfe5df4bd1fcd315bb592af2d089c3a701da59fbbbf0e6e0,0,0.9154045581817627,449.89727783203125,371.0481262207031,948.7868041992188,798.5185546875,0.10284554378558015,primary,"[[677.9947509765625,484.33978271484375,0.3281905949115753],[666.3593139648438,467.0962829589844,0.04171541705727577],[684.5584716796875,470.1041564941406,0.4089324176311493],[591.6095581054688,451.3803405761719,0.1859116107225418],[666.6531372070312,466.1933898925781,0.8988756537437439],[524.253662109375,498.6175537109375,0.9296002984046936],[620.3331298828125,543.1618041992188,0.9942141175270081],[588.8009643554688,591.7703857421875,0.6405856013298035],[699.2457275390625,659.6581420898438,0.9800757169723511],[711.5648803710938,600.58935546875,0.5658912658691406],[782.2805786132812,627.2779541015625,0.9278141260147095],[519.706787109375,695.3370971679688,0.9565569162368774],[582.7822265625,727.4022827148438,0.9863079190254211],[713.5632934570312,641.2084350585938,0.8820175528526306],[743.7283325195312,675.1568603515625,0.962826132774353],[835.12060546875,732.6377563476562,0.7849572896957397],[865.2658081054688,756.73779296875,0.8871734142303467]]",GEOM_UPRIGHT_OR_LIMB_SUPPORTED,"{""torso_angle"": 96.30585432628422, ""shoulder_hip_dy"": 0.4455981005973221, ""y_band_ratio"": 0.6038318023157984, ""kp_mean_conf"": 0.8089346011479696, ""visible"": 15, ""bbox_ar"": 1.1670737743346333}"
V2_ORIGINAL::IMG_003707,73bc09ee9ef0fd6bbb582bbe0db98cd4469f12a8834626f5fa2cc0b71ba6acbd,0,0.8636138439178467,1247.630615234375,169.71519470214844,1347.7972412109375,470.5714416503906,0.014533060937874662,primary,"[[1316.366455078125,203.88345336914062,0.18081776797771454],[1313.75341796875,197.87164306640625,0.0798230841755867],[1315.697509765625,197.84701538085938,0.13506093621253967],[1292.787841796875,200.40652465820312,0.4332523047924042],[1317.9051513671875,201.27786254882812,0.6937798857688904],[1276.7696533203125,232.86521911621094,0.9841729402542114],[1324.8104248046875,234.22988891601562,0.9901212453842163],[1258.2667236328125,277.8180236816406,0.8880168199539185],[1337.9029541015625,279.9088439941406,0.9336804151535034],[1256.068115234375,317.24072265625,0.7280786633491516],[1336.148681640625,319.58837890625,0.7878917455673218],[1279.9586181640625,315.9132385253906,0.9950283169746399],[1311.7620849609375,316.7432556152344,0.9957089424133301],[1282.3448486328125,382.2032165527344,0.9839454293251038],[1307.5191650390625,383.0186462402344,0.985416829586029],[1278.6796875,442.9866943359375,0.9598612785339355],[1298.0596923828125,444.4591369628906,0.9626531004905701]]",GEOM_UPRIGHT_OR_LIMB_SUPPORTED,"{""torso_angle"": 93.40800611638186, ""shoulder_hip_dy"": 0.2751503214372025, ""y_band_ratio"": 0.7033057149153404, ""kp_mean_conf"": 0.8801148512533733, ""visible"": 14, ""bbox_ar"": 0.3329384946884439}"
V2_ORIGINAL::IMG_003707,73bc09ee9ef0fd6bbb582bbe0db98cd4469f12a8834626f5fa2cc0b71ba6acbd,1,0.8571646809577942,814.8594360351562,348.2925109863281,1120.5111083984375,627.74951171875,0.04119237057652945,primary,"[[898.424560546875,409.1772766113281,0.9543114900588989],[896.46923828125,398.4193115234375,0.6553653478622437],[887.6978759765625,399.8119201660156,0.9447903037071228],[882.2070922851562,400.4089050292969,0.14701269567012787],[855.0286254882812,405.345703125,0.8677841424942017],[872.879150390625,438.86053466796875,0.9608864784240723],[850.5807495117188,462.3322448730469,0.9945909976959229],[925.7900390625,491.2652282714844,0.8606336116790771],[900.4931030273438,538.3731689453125,0.988610029220581],[948.99560546875,458.22967529296875,0.8977243304252625],[944.1885375976562,470.25433349609375,0.9838395118713379],[924.5859375,567.20361328125,0.9787403345108032],[909.0538330078125,584.66943359375,0.9917610883712769],[993.506103515625,470.5273132324219,0.9664604663848877],[976.6383056640625,486.3432312011719,0.9867656230926514],[1044.46826171875,573.9656982421875,0.9311952590942383],[1031.75244140625,576.7176513671875,0.9613174796104431]]",GEOM_UPRIGHT_OR_LIMB_SUPPORTED,"{""torso_angle"": 66.27338230660823, ""shoulder_hip_dy"": 0.44851312845443614, ""y_band_ratio"": 0.5217579038765691, ""kp_mean_conf"": 0.9327985309064388, ""visible"": 16, ""bbox_ar"": 1.0937341757844907}"
V2_ORIGINAL::IMG_003708,aebf6050b3fb73755b48cad44728ca0f55ae95c078047887335bcfcc57776c47,0,0.8737068772315979,968.4093627929688,294.1885070800781,1407.767578125,787.2138671875,0.10446312805277243,primary,"[[1150.912353515625,382.5400390625,0.8849927186965942],[1146.5853271484375,369.7433166503906,0.2655799090862274],[1142.1141357421875,370.2712097167969,0.8919055461883545],[1105.295654296875,374.337158203125,0.08728582412004471],[1097.734130859375,379.3362121582031,0.9408040642738342],[1076.004150390625,438.2520446777344,0.9829239249229431],[1055.3974609375,467.1170959472656,0.9972656965255737],[1160.6934814453125,490.5566711425781,0.9213305711746216],[1150.021484375,553.391357421875,0.9931917786598206],[1226.02734375,464.0849304199219,0.9251587986946106],[1240.693359375,495.7334289550781,0.9866047501564026],[1071.4837646484375,639.0960083007812,0.9928227663040161],[1058.7747802734375,661.6975708007812,0.9969663023948669],[1194.266845703125,604.6668701171875,0.9782857894897461],[1198.4403076171875,630.299560546875,0.9910879731178284],[1259.463134765625,696.7351684570312,0.9205654859542847],[1306.8114013671875,711.3867797851562,0.9502678513526917]]",GEOM_UPRIGHT_OR_LIMB_SUPPORTED,"{""torso_angle"": 90.16562632954023, ""shoulder_hip_dy"": 0.4010183557194768, ""y_band_ratio"": 0.5539973340274229, ""kp_mean_conf"": 0.913734620437026, ""visible"": 16, ""bbox_ar"": 0.8911472935921644}"
V2_ORIGINAL::IMG_003709,d9f51b8ff2d02493d7ecd7d16b28d4480d32456bbd87bf21b040cc6b3d4eeb33,0,0.8047168254852295,891.0239868164062,342.959228515625,1109.4364013671875,502.501220703125,0.01680456777387816,primary,"[[1045.0299072265625,378.5362243652344,0.8768543601036072],[1048.267578125,369.92279052734375,0.8846553564071655],[1040.62060546875,370.994873046875,0.5123624801635742],[1065.2392578125,370.35345458984375,0.8723124265670776],[1051.750244140625,373.70758056640625,0.1686437875032425],[1079.2679443359375,406.61297607421875,0.9888424873352051],[1071.07763671875,402.8204345703125,0.9685057401657104],[1046.507080078125,442.5332336425781,0.9528200626373291],[1042.0787353515625,432.5532531738281,0.7221763134002686],[1005.4688110351562,427.9197082519531,0.9242860078811646],[1011.9615478515625,422.9703369140625,0.7327700853347778],[1063.28076171875,479.1489562988281,0.9722403287887573],[1055.781005859375,472.239013671875,0.94990473985672],[1001.682373046875,434.8462829589844,0.9596209526062012],[999.8089599609375,430.1685791015625,0.9120047688484192],[960.8256225585938,481.52691650390625,0.9392809271812439],[958.1825561523438,475.7260437011719,0.8955242037773132]]",GEOM_UPRIGHT_OR_LIMB_SUPPORTED,"{""torso_angle"": 102.42813320275825, ""shoulder_hip_dy"": 0.44488149289041506, ""y_band_ratio"": 0.4933276866763379, ""kp_mean_conf"": 0.8790100775659084, ""visible"": 16, ""bbox_ar"": 1.3689964100115688}"
V2_ORIGINAL::IMG_003710,b18857cefb35aee71924a5cca2bd68a70cb29e28e5ec82e53e447f3301f1da13,0,0.9248083233833313,914.1659545898438,152.48789978027344,1487.4522705078125,668.8464965820312,0.14275719408422627,primary,"[[1197.62939453125,245.4342041015625,0.6561798453330994],[1191.7861328125,233.3529510498047,0.09267747402191162],[1193.7117919921875,229.86341857910156,0.6648739576339722],[1149.6273193359375,244.03451538085938,0.08214327692985535],[1162.87060546875,239.88633728027344,0.9282605648040771],[1145.9827880859375,313.8424377441406,0.979393720626831],[1079.346923828125,340.820068359375,0.9980188608169556],[1233.6859130859375,382.38995361328125,0.9224552512168884],[1011.824951171875,502.2601623535156,0.9955334663391113],[1271.0548095703125,394.8266906738281,0.9170094728469849],[997.027099609375,620.6151123046875,0.9894193410873413],[1149.588134765625,526.3777465820312,0.992720365524292],[1116.569091796875,550.5894775390625,0.9974989295005798],[1295.4412841796875,451.1150207519531,0.9743430018424988],[1277.3414306640625,466.5387268066406,0.9911762475967407],[1352.9112548828125,581.7216186523438,0.9187751412391663],[1370.682861328125,589.4082641601562,0.9560247659683228]]",GEOM_UPRIGHT_OR_LIMB_SUPPORTED,"{""torso_angle"": 84.47792842889885, ""shoulder_hip_dy"": 0.408925813023416, ""y_band_ratio"": 0.5336714216105359, ""kp_mean_conf"": 0.9254455288251241, ""visible"": 15, ""bbox_ar"": 1.1102484193520008}"
V2_ORIGINAL::IMG_003711,5785e793610f7f7677b6c4d9b947c828a4e56e2d327d06adba47f377dfb5dc43,0,0.8918012380599976,729.6866455078125,315.7481689453125,1275.8961181640625,717.1865844726562,0.10574337637401186,primary,"[[935.6394653320312,430.8730163574219,0.8674461841583252],[934.2319946289062,414.5751647949219,0.22934506833553314],[934.6556396484375,414.2977600097656,0.8973174691200256],[890.1321411132812,394.8208312988281,0.07787977904081345],[894.7754516601562,398.1346740722656,0.9523974061012268],[818.7509765625,419.1806945800781,0.9709043502807617],[835.2197265625,471.3484802246094,0.9977384805679321],[899.474365234375,484.773681640625,0.8409758806228638],[886.0036010742188,605.239501953125,0.9926498532295227],[953.9503784179688,509.6204528808594,0.8223524689674377],[993.2825317382812,588.2982788085938,0.9792599678039551],[814.0938720703125,598.9703979492188,0.9875563979148865],[822.84619140625,635.2789916992188,0.9956350922584534],[996.736083984375,562.022705078125,0.9685680270195007],[1013.9588012695312,594.91845703125,0.9892422556877136],[1124.46826171875,662.3021850585938,0.9116873145103455],[1133.348388671875,661.2753295898438,0.9516645669937134]]",GEOM_UPRIGHT_OR_LIMB_SUPPORTED,"{""torso_angle"": 92.8365699467864, ""shoulder_hip_dy"": 0.4281107656229498, ""y_band_ratio"": 0.6056258720509909, ""kp_mean_conf"": 0.8971712989732623, ""visible"": 16, ""bbox_ar"": 1.3606308004646985}"
V2_ORIGINAL::IMG_003712,a08dc0677c5f0c67aecd4897fe8c39f6112c2732b2182b3d889b03b5a98b617d,0,0.9339543581008911,677.9503784179688,255.3335418701172,1255.07080078125,860.3839111328125,0.16839647215468076,primary,"[[903.43798828125,411.02215576171875,0.975595235824585],[915.0289916992188,387.03240966796875,0.6314652562141418],[884.9265747070312,384.046875,0.9778739809989929],[903.1131591796875,374.31658935546875,0.07647339999675751],[819.2376708984375,362.3227844238281,0.9751555919647217],[894.8375244140625,434.640869140625,0.9935139417648315],[724.5631713867188,466.67047119140625,0.9982349872589111],[943.6046142578125,548.35302734375,0.9549994468688965],[749.4091186523438,650.189453125,0.9927518367767334],[976.46337890625,614.1664428710938,0.9485568404197693],[908.7744750976562,653.5513916015625,0.9889531135559082],[922.8128051757812,667.6734008789062,0.9958731532096863],[810.7750854492188,705.1544189453125,0.9976844787597656],[1117.889404296875,637.1564331054688,0.9871750473976135],[1003.3522338867188,685.809814453125,0.9934280514717102],[1076.266357421875,752.9329833984375,0.9522924423217773],[1052.401123046875,773.4155883789062,0.9647982120513916]]",GEOM_UPRIGHT_OR_LIMB_SUPPORTED,"{""torso_angle"": 76.3867587591378, ""shoulder_hip_dy"": 0.3896506005498104, ""y_band_ratio"": 0.5599115981882743, ""kp_mean_conf"": 0.9580219760537148, ""visible"": 16, ""bbox_ar"": 0.9538386416763136}"
V2_ORIGINAL::IMG_003712,a08dc0677c5f0c67aecd4897fe8c39f6112c2732b2182b3d889b03b5a98b617d,1,0.23627272248268127,1680.62548828125,6.956634521484375,1744.8577880859375,105.48748016357422,0.00305211362716633,background,[],GEOM_UNCERTAIN,null
V2_ORIGINAL::IMG_003713,74c096570ad1109e55ec956d25c76b0c3fe1a9dc51eef03da1642c07d7a765b9,0,0.9317643046379089,496.12127685546875,238.92901611328125,1061.03173828125,869.167236328125,0.17169568083995493,primary,"[[752.9395141601562,423.482421875,0.9790648221969604],[763.0045166015625,393.7486267089844,0.5914564728736877],[729.691162109375,395.9068908691406,0.9844714999198914],[743.0490112304688,374.6667785644531,0.04670296236872673],[654.4197387695312,374.759765625,0.9828973412513733],[719.90576171875,443.4364013671875,0.9936426877975464],[543.6361694335938,471.24530029296875,0.997787594795227],[765.8934936523438,592.8167114257812,0.9567188024520874],[617.4140625,667.1580810546875,0.9918408393859863],[839.3816528320312,601.4802856445312,0.9530127644538879],[798.3817749023438,619.1863403320312,0.9885699152946472],[693.9580078125,708.8820190429688,0.9930194020271301],[577.5669555664062,747.1312866210938,0.9955098628997803],[940.6658935546875,621.6185913085938,0.9756579995155334],[810.9197998046875,680.00830078125,0.9864333868026733],[884.2994995117188,751.6664428710938,0.9110385775566101],[870.4669189453125,805.0618286132812,0.9269031882286072]]",GEOM_UPRIGHT_OR_LIMB_SUPPORTED,"{""torso_angle"": 89.15511878853806, ""shoulder_hip_dy"": 0.42946586436742135, ""y_band_ratio"": 0.5737916483751465, ""kp_mean_conf"": 0.9505015723407269, ""visible"": 16, ""bbox_ar"": 0.8963443398167875}"
V2_ORIGINAL::IMG_003714,26e8e9b1f421aeada92548231e0b832e6d0554ffe2dab403516c7c7a2df75a5c,0,0.8836509585380554,766.3604736328125,347.4114074707031,1120.7081298828125,776.7713623046875,0.07337128360485543,primary,"[[960.7996215820312,451.2658386230469,0.38379061222076416],[949.4689331054688,431.44390869140625,0.03646843880414963],[962.0986328125,434.38031005859375,0.5295118093490601],[878.517333984375,422.06304931640625,0.05443540960550308],[945.819091796875,433.7013244628906,0.923603355884552],[810.31298828125,472.09747314453125,0.8695960640907288],[931.5256958007812,517.803955078125,0.984398365020752],[848.0886840820312,582.6903076171875,0.4442804157733917],[966.0145263671875,669.2371215820312,0.9576785564422607],[950.0147705078125,559.4805297851562,0.361427366733551],[999.1805419921875,571.2716674804688,0.8809144496917725],[795.4119873046875,722.0418090820312,0.8035816550254822],[880.2010498046875,753.8770751953125,0.9252382516860962],[1016.8313598632812,617.7484741210938,0.5587158203125],[1107.183349609375,656.4419555664062,0.8184028267860413],[937.4771118164062,722.9785766601562,0.4354133903980255],[1014.5903930664062,746.7532348632812,0.6146559715270996]]",GEOM_UPRIGHT_OR_LIMB_SUPPORTED,"{""torso_angle"": 97.759441550483, ""shoulder_hip_dy"": 0.5659790236406772, ""y_band_ratio"": 0.6562782552921911, ""kp_mean_conf"": 0.6994139273961385, ""visible"": 15, ""bbox_ar"": 0.8252927462390187}"
V2_ORIGINAL::IMG_003715,da3050615af0f957ee851f59d0ba1728110d72e2ce5799555015baa71545303d,0,0.899158239364624,653.880615234375,358.7235107421875,959.603759765625,724.02294921875,0.05385826245493566,primary,"[[825.1558837890625,460.3942565917969,0.91407310962677],[824.7936401367188,446.555419921875,0.34737083315849304],[821.6041870117188,447.1366882324219,0.9283316135406494],[801.529052734375,433.0144958496094,0.06998219341039658],[787.3018798828125,432.70843505859375,0.9526683688163757],[779.6912841796875,464.3427429199219,0.9796161651611328],[716.0590209960938,496.20465087890625,0.9966046810150146],[820.4833374023438,538.1951293945312,0.895966112613678],[738.4065551757812,616.6983642578125,0.9904672503471375],[875.6270751953125,579.0606689453125,0.8750033378601074],[839.93212890625,609.7307739257812,0.9787655472755432],[758.46240234375,617.279052734375,0.9821876287460327],[716.02001953125,643.8247680664062,0.9915898442268372],[905.2244262695312,605.861083984375,0.9146937727928162],[875.0797729492188,641.5869750976562,0.9611467123031616],[882.0104370117188,662.4695434570312,0.7119165658950806],[887.3670654296875,681.944091796875,0.7945170402526855]]",GEOM_UPRIGHT_OR_LIMB_SUPPORTED,"{""torso_angle"": 94.04759993980386, ""shoulder_hip_dy"": 0.41138364221881596, ""y_band_ratio"": 0.5956793960166855, ""kp_mean_conf"": 0.8884324114769697, ""visible"": 16, ""bbox_ar"": 0.8369110716573551}"
V2_ORIGINAL::IMG_003716,de763ff98de5ee15d2e08431d68de418de7ea91184c26b17329924d58a43cfea,0,0.8768171668052673,649.11767578125,268.54632568359375,1048.7310791015625,720.10498046875,0.08702203454737577,primary,"[[831.9154052734375,392.2472839355469,0.9769687056541443],[835.000732421875,372.6707458496094,0.6604287028312683],[820.0838012695312,370.3062744140625,0.9793899655342102],[811.4716186523438,361.6922607421875,0.06507270038127899],[765.0450439453125,355.4535827636719,0.9577009677886963],[777.9920654296875,416.94873046875,0.9742887020111084],[705.5460205078125,441.20526123046875,0.9954248070716858],[827.314453125,520.6760864257812,0.8586930632591248],[740.4794311523438,590.6818237304688,0.9856005311012268],[889.7763061523438,511.9270324707031,0.864219605922699],[867.9093627929688,541.5952758789062,0.9771530628204346],[814.6229248046875,616.5297241210938,0.9573054313659668],[764.1304321289062,645.20947265625,0.9789685010910034],[968.4290771484375,556.507080078125,0.8757794499397278],[929.2095947265625,588.1452026367188,0.9386007189750671],[997.1848754882812,670.7529296875,0.6923508048057556],[988.4295043945312,682.3862915039062,0.770168125629425]]",GEOM_UPRIGHT_OR_LIMB_SUPPORTED,"{""torso_angle"": 76.72531069465302, ""shoulder_hip_dy"": 0.4468801569866309, ""y_band_ratio"": 0.5878252099086592, ""kp_mean_conf"": 0.9026900716125965, ""visible"": 16, ""bbox_ar"": 0.8849645535206088}"
V2_ORIGINAL::IMG_003717,51defa65e8ab2e4ac0e0b5d0903a50bd79b93ab562f59ceac93d10e35c3d7026,0,0.9245349764823914,506.783935546875,427.58074951171875,1017.8875122070312,934.295654296875,0.12489573697082557,primary,"[[673.6194458007812,555.257080078125,0.9021810293197632],[674.3589477539062,535.109130859375,0.38752204179763794],[661.07666015625,537.7761840820312,0.8984729647636414],[639.1011352539062,522.7485961914062,0.10667655616998672],[607.6508178710938,528.5625,0.9255954623222351],[600.5293579101562,569.4796142578125,0.9787922501564026],[557.513427734375,626.0370483398438,0.9959273934364319],[656.6734008789062,656.6549072265625,0.9095491170883179],[580.9180908203125,786.5174560546875,0.987324595451355],[702.6403198242188,658.3916625976562,0.9090458750724792],[698.2339477539062,706.0375366210938,0.9808940887451172],[675.5033569335938,769.0431518554688,0.9879412055015564],[648.2177734375,813.57080078125,0.9941839575767517],[837.3948364257812,771.6326293945312,0.9628058671951294],[820.9246826171875,820.1854248046875,0.9825010895729065],[892.9447631835938,811.9303588867188,0.8781301379203796],[902.9617309570312,829.6387939453125,0.9180749654769897]]",GEOM_UPRIGHT_OR_LIMB_SUPPORTED,"{""torso_angle"": 66.82898709694902, ""shoulder_hip_dy"": 0.38196753873185274, ""y_band_ratio"": 0.513423183787747, ""kp_mean_conf"": 0.9124338775873184, ""visible"": 16, ""bbox_ar"": 1.0086610277960164}"
V2_ORIGINAL::IMG_003718,a492fa3a45b44a5055130be2502affe0940bb028630d22086170baa7a9120e9c,0,0.8801469802856445,635.0930786132812,481.5511779785156,977.5021362304688,853.7855224609375,0.06146624764032485,primary,"[[834.488525390625,591.2142333984375,0.8315283060073853],[830.5790405273438,574.75927734375,0.19877012073993683],[830.6927490234375,577.4158325195312,0.8737939596176147],[789.2869873046875,557.9631958007812,0.05483589693903923],[789.757568359375,566.489501953125,0.9298063516616821],[745.9346923828125,584.2505493164062,0.9597455263137817],[718.4046020507812,633.6134643554688,0.9943320751190186],[801.818359375,655.4302368164062,0.847095251083374],[748.451171875,771.7369995117188,0.9878395199775696],[858.6920166015625,664.9319458007812,0.8593618273735046],[854.2899169921875,731.5275268554688,0.9776211380958557],[716.8513793945312,755.5252075195312,0.9777092933654785],[699.0968627929688,788.8017578125,0.9905908703804016],[884.0142211914062,693.76318359375,0.9385050535202026],[864.357666015625,735.1386108398438,0.974750816822052],[905.8837280273438,781.4749755859375,0.8607102036476135],[907.188720703125,804.4458618164062,0.9101452827453613]]",GEOM_UPRIGHT_OR_LIMB_SUPPORTED,"{""torso_angle"": 98.43146337537961, ""shoulder_hip_dy"": 0.43851804179177895, ""y_band_ratio"": 0.5915502310948052, ""kp_mean_conf"": 0.9275690317153931, ""visible"": 15, ""bbox_ar"": 0.91987497309872}"
V2_ORIGINAL::IMG_003719,47c966c7e3000e227ea832590ab7f537270c4f411e1e5f9090b91012315ee2f3,0,0.8378166556358337,1107.261962890625,426.67034912109375,1291.6070556640625,626.72900390625,0.017785412459731257,primary,"[[1191.723388671875,466.59832763671875,0.9499664902687073],[1200.234375,458.0431213378906,0.9513353705406189],[1189.470703125,457.9916687011719,0.7404086589813232],[1227.5450439453125,461.7918395996094,0.923025906085968],[1193.5040283203125,461.7828369140625,0.23143774271011353],[1255.6600341796875,503.8660583496094,0.9917192459106445],[1198.614501953125,498.2682800292969,0.9857432246208191],[1250.6060791015625,554.1088256835938,0.9448473453521729],[1164.3585205078125,534.2695922851562,0.8300048112869263],[1201.798828125,579.1849365234375,0.8942229747772217],[1134.8876953125,565.2133178710938,0.7645350098609924],[1244.839111328125,587.9708862304688,0.9556069374084473],[1205.515625,581.1957397460938,0.9390931129455566],[1198.2706298828125,575.166748046875,0.831647515296936],[1150.53759765625,567.6985473632812,0.7417330741882324],[1195.025390625,607.89404296875,0.6501506567001343],[1154.107177734375,599.2922973632812,0.5624232292175293]]",GEOM_UPRIGHT_OR_LIMB_SUPPORTED,"{""torso_angle"": 91.34433153134745, ""shoulder_hip_dy"": 0.4174582893627693, ""y_band_ratio"": 0.547968109938461, ""kp_mean_conf"": 0.8169353709501379, ""visible"": 17, ""bbox_ar"": 0.9214552250758978}"
V2_ORIGINAL::IMG_003720,535a93d41730af7911e98c7078fc4d470a277fdd4048c6e80cb57ed8e7db3439,0,0.9147012233734131,761.5960693359375,316.5611572265625,1136.7901611328125,844.2852783203125,0.09548561551556405,primary,"[[943.359375,416.7674560546875,0.9595170021057129],[960.4302978515625,406.52288818359375,0.9504188895225525],[946.55712890625,401.4579162597656,0.7062528729438782],[1014.4799194335938,411.9734191894531,0.9428362250328064],[970.8732299804688,399.5285339355469,0.21061816811561584],[1083.353759765625,499.89434814453125,0.9969730377197266],[945.7263793945312,473.0699462890625,0.9940407872200012],[1080.425048828125,639.687744140625,0.9876431226730347],[886.6937866210938,565.4547729492188,0.962323784828186],[955.7124633789062,710.2916259765625,0.9797595143318176],[835.3817749023438,649.8876953125,0.9447265863418579],[1055.106201171875,658.746826171875,0.9985904097557068],[965.1995239257812,635.1932373046875,0.9978444576263428],[1000.2192993164062,734.6232299804688,0.995591938495636],[883.3438720703125,695.6401977539062,0.9933167695999146],[944.4479370117188,791.1103515625,0.9779886603355408],[875.0775756835938,737.2289428710938,0.9749260544776917]]",GEOM_UPRIGHT_OR_LIMB_SUPPORTED,"{""torso_angle"": 91.56588679660024, ""shoulder_hip_dy"": 0.3041132252754726, ""y_band_ratio"": 0.6026641431782076, ""kp_mean_conf"": 0.9160804871250602, ""visible"": 17, ""bbox_ar"": 0.7109663492721454}"
V2_ORIGINAL::IMG_003721,87f2d821c7096f9fb25574f6272bb3ccd52ae160cf83b591930e5b2ea4bc6b99,0,0.9260579347610474,225.9513397216797,307.2658996582031,663.97216796875,731.0526733398438,0.08951940278172549,primary,"[[390.6533508300781,416.3081359863281,0.9917520880699158],[398.7041931152344,397.1466979980469,0.8789066076278687],[373.9466857910156,397.6855773925781,0.9901137351989746],[397.6795654296875,387.6014404296875,0.1723695993423462],[322.8954162597656,386.7398376464844,0.9613227248191833],[389.1353759765625,442.63214111328125,0.9917028546333313],[271.13055419921875,466.5934143066406,0.9982120990753174],[435.5425720214844,524.8192749023438,0.9404692649841309],[282.2659912109375,586.4134521484375,0.9922370314598083],[448.33062744140625,531.6641235351562,0.9421296119689941],[392.8244934082031,565.0806884765625,0.9880727529525757],[419.6531066894531,619.1154174804688,0.9898843765258789],[343.1082763671875,643.6258544921875,0.994724690914154],[532.015380859375,567.9798583984375,0.9688748717308044],[474.8323974609375,594.21533203125,0.9843586683273315],[549.343017578125,661.4700317382812,0.8904078602790833],[537.605224609375,672.6339111328125,0.9237188696861267]]",GEOM_UPRIGHT_OR_LIMB_SUPPORTED,"{""torso_angle"": 73.83144476335612, ""shoulder_hip_dy"": 0.4170914933016578, ""y_band_ratio"": 0.5427299394490174, ""kp_mean_conf"": 0.9641805067658424, ""visible"": 16, ""bbox_ar"": 1.0335877744408386}"
P4D_PLAN::PF_P4D_POS_PRONE_G001_V01,44e5213eb3e5ed91efe3db9cea4669d392fafb8d616ba975abd18e7b6ff487b0,0,0.8419154286384583,700.5291137695312,586.3374633789062,1519.2169189453125,792.9864501953125,0.0815880620459696,primary,"[[1419.2978515625,699.6103515625,0.5963484048843384],[1421.97802734375,695.1365966796875,0.3579773008823395],[1429.6070556640625,691.8197021484375,0.35239583253860474],[1414.664794921875,672.4803466796875,0.6226019859313965],[1428.633544921875,673.2035522460938,0.5181949734687805],[1372.6318359375,663.2168579101562,0.9789364337921143],[1362.1182861328125,667.1303100585938,0.9875059127807617],[1361.2554931640625,693.1690063476562,0.9328891038894653],[1363.0653076171875,726.3846435546875,0.9644758701324463],[1442.6923828125,747.0148315429688,0.8813948631286621],[1455.438720703125,753.763427734375,0.886339545249939],[1104.8985595703125,693.8335571289062,0.9880091547966003],[1084.426513671875,672.9957275390625,0.9893894791603088],[897.7962036132812,706.8160400390625,0.9393396377563477],[867.9656982421875,706.458740234375,0.9396066665649414],[806.8649291992188,680.281494140625,0.8248510360717773],[765.6985473632812,687.0825805664062,0.8175706267356873]]",GEOM_LYING,"{""torso_angle"": 176.173328649659, ""shoulder_hip_dy"": 0.08827073691784093, ""y_band_ratio"": 0.21098183349740396, ""kp_mean_conf"": 0.7986956957508536, ""visible"": 17, ""bbox_ar"": 3.9617315225606715}"
P4D_PLAN::PF_P4D_POS_PRONE_G001_V02,2b44eaabf8fff5f3df8035f7d2590bc9ab8dd5a71ff93ec0eae05b56b5459977,0,0.8363440632820129,723.33935546875,673.0365600585938,1323.4656982421875,835.8336181640625,0.047115549332132405,primary,"[[781.765869140625,787.469970703125,0.8067085146903992],[779.9403686523438,781.4476318359375,0.5742529630661011],[783.0352172851562,781.6825561523438,0.6505615711212158],[779.173095703125,775.2110595703125,0.40698492527008057],[779.5853271484375,766.5369873046875,0.6293488144874573],[813.8676147460938,778.0200805664062,0.9817807674407959],[810.3314208984375,748.92919921875,0.9662354588508606],[839.4425048828125,809.5765380859375,0.9187690615653992],[836.2689208984375,741.6524658203125,0.8566173911094666],[785.2841186523438,791.624267578125,0.8023631572723389],[798.2813110351562,768.9468383789062,0.776669442653656],[979.5388793945312,734.961181640625,0.9845430254936218],[973.4566040039062,738.1624755859375,0.9800983667373657],[1135.734619140625,761.6563110351562,0.959179162979126],[1127.7530517578125,748.0961303710938,0.9537095427513123],[1256.4061279296875,743.5472412109375,0.9163885712623596],[1243.239990234375,740.2733154296875,0.9107696413993835]]",GEOM_LYING,"{""torso_angle"": 9.29713858901214, ""shoulder_hip_dy"": 0.1653150959390267, ""y_band_ratio"": 0.2644943307137981, ""kp_mean_conf"": 0.827940022244173, ""visible"": 17, ""bbox_ar"": 3.686346361275418}"
P4D_PLAN::PF_P4D_POS_PRONE_G001_V03,4ff63469df9a231910a897a56257408881bf7deb8ffbc6a390ca0257ca988147,0,0.8383229970932007,600.3388671875,458.79254150390625,1370.1446533203125,782.0108642578125,0.11999196327165312,primary,"[[1186.2286376953125,743.2172241210938,0.8237706422805786],[1198.3304443359375,735.330322265625,0.6069546341896057],[1188.8297119140625,725.4475708007812,0.7258493900299072],[1223.2838134765625,688.0089111328125,0.3028782904148102],[1172.519287109375,668.7140502929688,0.5518370270729065],[1238.5697021484375,667.57861328125,0.9361260533332825],[1069.61572265625,636.287841796875,0.9764249324798584],[1266.277587890625,696.3003540039062,0.8179177641868591],[866.627197265625,630.0668334960938,0.9458337426185608],[1355.4486083984375,707.4226684570312,0.8304491639137268],[699.8031005859375,541.9414672851562,0.9213119745254517],[1002.4259033203125,540.0252685546875,0.968898594379425],[906.7633666992188,513.6694946289062,0.9801165461540222],[909.102783203125,649.9207763671875,0.9173358678817749],[850.6320190429688,642.1961059570312,0.9467650055885315],[708.979248046875,536.1542358398438,0.7917019724845886],[726.9647827148438,530.5856323242188,0.8373398780822754]]",GEOM_UPRIGHT_OR_LIMB_SUPPORTED,"{""torso_angle"": 147.91217425529885, ""shoulder_hip_dy"": 0.38700109845723124, ""y_band_ratio"": 0.47617696095010037, ""kp_mean_conf"": 0.8165594988009509, ""visible"": 17, ""bbox_ar"": 2.3816898113134863}"
P4D_PLAN::PF_P4D_POS_PRONE_G001_V04,0f9a47785f5255a87ca5b63b577704d9da8d8d75966a94f6e7a2f57dd9912965,0,0.9139185547828674,380.1771240234375,512.2196044921875,1300.0430908203125,937.5847778320312,0.18869547956017346,primary,"[[584.475341796875,752.2326049804688,0.7928943634033203],[586.3312377929688,744.3609008789062,0.7282108664512634],[582.3935546875,740.3190307617188,0.4570554196834564],[618.4478759765625,711.9368286132812,0.6512112021446228],[574.734619140625,699.5117797851562,0.26844388246536255],[705.9373779296875,718.2619018554688,0.9894739985466003],[568.4718627929688,651.1588134765625,0.9632881283760071],[802.1282958984375,798.7219848632812,0.9732436537742615],[490.1961669921875,634.8612670898438,0.8740999698638916],[735.8329467773438,856.3200073242188,0.9510526657104492],[470.3247985839844,705.35546875,0.8891113996505737],[897.6702270507812,598.475341796875,0.9950813055038452],[808.9422607421875,590.3381958007812,0.9909913539886475],[1049.26171875,679.4291381835938,0.9897360801696777],[991.71630859375,646.991943359375,0.9830354452133179],[1183.01220703125,616.2041015625,0.9649579524993896],[1159.5621337890625,594.0357666015625,0.9555118680000305]]",GEOM_LYING,"{""torso_angle"": 22.678858300371463, ""shoulder_hip_dy"": 0.2122966207086254, ""y_band_ratio"": 0.3007385514198723, ""kp_mean_conf"": 0.8480823267908657, ""visible"": 17, ""bbox_ar"": 2.1625323943997454}"
P4D_PLAN::PF_P4D_POS_PRONE_G001_V05,88248d505e415a2aa8b8af9e980baf8e7eef22bb497d46d778c990e2b0942ad2,0,0.907950758934021,526.3609008789062,514.73583984375,1226.38720703125,833.759033203125,0.10769899094535504,primary,"[[1124.2086181640625,783.428466796875,0.5557126998901367],[1122.97119140625,776.87109375,0.5209014415740967],[1132.816162109375,783.1866455078125,0.32636743783950806],[1129.4921875,746.8385620117188,0.660976231098175],[1135.5660400390625,769.2828369140625,0.2718232274055481],[1089.87890625,738.2012329101562,0.9517306089401245],[1102.1348876953125,778.01806640625,0.9295696020126343],[947.0108642578125,739.9080200195312,0.8555751442909241],[1018.0354614257812,799.0759887695312,0.7510321736335754],[859.8341674804688,748.8023071289062,0.8051520586013794],[986.25244140625,772.471435546875,0.6699408292770386],[911.7001342773438,662.566162109375,0.9843024015426636],[913.2749633789062,665.071533203125,0.9772881865501404],[821.8468017578125,651.9816284179688,0.9861654043197632],[809.8660278320312,680.8505859375,0.9796842336654663],[671.6840209960938,551.8280639648438,0.9831417798995972],[649.6257934570312,587.8961791992188,0.978547215461731]]",GEOM_UPRIGHT_OR_LIMB_SUPPORTED,"{""torso_angle"": 152.80625662805394, ""shoulder_hip_dy"": 0.295560962226768, ""y_band_ratio"": 0.7090080193216751, ""kp_mean_conf"": 0.7757594515295589, ""visible"": 17, ""bbox_ar"": 2.194280292855618}"
V2_ORIGINAL::IMG_004002,f0afef1f06a16d9f91cbc9eb9a52cecd79d692a10c0624b6f169255a562f6374,0,0.9166774749755859,502.77520751953125,437.6964111328125,1497.2149658203125,943.2993774414062,0.24247284510613235,primary,"[[814.89990234375,749.239013671875,0.841863751411438],[816.0648803710938,747.8025512695312,0.7350992560386658],[812.3582153320312,741.4500732421875,0.5377457737922668],[838.1024780273438,722.0956420898438,0.48875319957733154],[792.7503662109375,709.2828369140625,0.28635287284851074],[898.6653442382812,695.0006713867188,0.9927512407302856],[761.6288452148438,681.0025634765625,0.9745010137557983],[1006.5577392578125,736.6832885742188,0.9889137148857117],[654.46533203125,706.5496826171875,0.9284597635269165],[955.6758422851562,871.6952514648438,0.975813627243042],[586.1640014648438,842.427978515625,0.9263518452644348],[1077.31591796875,599.9740600585938,0.9983635544776917],[994.878173828125,616.7688598632812,0.996519923210144],[1266.2308349609375,637.29052734375,0.9973462820053101],[1195.92138671875,629.4611206054688,0.9949808716773987],[1372.90283203125,593.3201904296875,0.990959882736206],[1355.6793212890625,557.591064453125,0.9876145124435425]]",GEOM_LYING,"{""torso_angle"": 21.138899410764786, ""shoulder_hip_dy"": 0.15749543174574854, ""y_band_ratio"": 0.27177373569783625, ""kp_mean_conf"": 0.8613171226838056, ""visible"": 17, ""bbox_ar"": 1.9668392485138764}"
V2_ORIGINAL::IMG_004003,531968ccc4c4000ca558dc91f46f4aa132767e2df19281d2506c4cbbd62c3e0f,0,0.822796106338501,383.9165344238281,531.7160034179688,1857.6141357421875,816.8758544921875,0.20266174214910143,primary,"[[617.34033203125,706.2694091796875,0.80121910572052],[609.0510864257812,696.097412109375,0.669614851474762],[629.1124267578125,690.7610473632812,0.29117274284362793],[623.7487182617188,668.8614501953125,0.798341691493988],[663.3643798828125,651.2265625,0.5634710192680359],[706.6746826171875,683.7303466796875,0.9991486072540283],[689.5802001953125,644.6788940429688,0.9922875165939331],[692.493408203125,772.4826049804688,0.9950971007347107],[640.3753662109375,700.7477416992188,0.8976966738700867],[523.2313232421875,719.165283203125,0.9581325650215149],[487.06219482421875,725.689697265625,0.8305917382240295],[1081.294189453125,630.2889404296875,0.9986610412597656],[1059.0755615234375,651.533935546875,0.9958672523498535],[1446.830810546875,701.9035034179688,0.9929656982421875],[1427.8526611328125,690.017822265625,0.9837707281112671],[1672.8251953125,728.6917114257812,0.9443820714950562],[1674.257568359375,705.7115478515625,0.9165645837783813]]",GEOM_LYING,"{""torso_angle"": 3.5824077793858, ""shoulder_hip_dy"": 0.08168464910224807, ""y_band_ratio"": 0.3450793322601448, ""kp_mean_conf"": 0.8605285286903381, ""visible"": 17, ""bbox_ar"": 5.167970160479566}"
V2_ORIGINAL::IMG_004003,531968ccc4c4000ca558dc91f46f4aa132767e2df19281d2506c4cbbd62c3e0f,1,0.5880835056304932,0.3529529571533203,158.04730224609375,61.77326583862305,535.9947509765625,0.011194854626629355,primary,"[[2.7195937633514404,187.46278381347656,0.04254135861992836],[3.183220863342285,177.4376678466797,0.04203925281763077],[1.9817627668380737,176.9848175048828,0.018437594175338745],[2.6497578620910645,182.17913818359375,0.12504848837852478],[11.829081535339355,180.57540893554688,0.03500257432460785],[17.705907821655273,237.91375732421875,0.2889467775821686],[21.43617820739746,235.24783325195312,0.1781458705663681],[37.16804122924805,328.5821533203125,0.19304503500461578],[41.662513732910156,325.3259582519531,0.08279750496149063],[35.94364929199219,388.8960876464844,0.12725041806697845],[37.763511657714844,384.1751708984375,0.0683608204126358],[19.22006607055664,381.2229309082031,0.3515833914279938],[23.690540313720703,378.9033508300781,0.28995659947395325],[20.63526725769043,469.7816162109375,0.2171950489282608],[21.987218856811523,467.8370666503906,0.16984379291534424],[23.53499412536621,540.1537475585938,0.1736924946308136],[18.705408096313477,535.2232055664062,0.14504358172416687]]",GEOM_UNCERTAIN,null
V2_ORIGINAL::IMG_004004,86547becdc828b66ad9504dc73a3f4554738ec7030b623ec6830ae18fb351a4a,0,0.9359273314476013,903.4588623046875,459.1048278808594,1669.0089111328125,1052.917236328125,0.2192289343564577,primary,"[[1051.8668212890625,512.7381591796875,0.26851600408554077],[1052.4404296875,503.3299255371094,0.14963173866271973],[1059.230712890625,499.3406066894531,0.04242437705397606],[1039.32373046875,511.25830078125,0.7294943928718567],[1088.4788818359375,497.74237060546875,0.31027543544769287],[1015.3082885742188,553.3355102539062,0.9977433681488037],[1138.4381103515625,533.3856811523438,0.9889222383499146],[954.56982421875,597.7218017578125,0.9952263832092285],[1253.4920654296875,566.0377807617188,0.9494756460189819],[945.8842163085938,572.6815795898438,0.9782063961029053],[1248.55712890625,563.3619384765625,0.8976060748100281],[1152.0257568359375,668.0045166015625,0.9997743964195251],[1227.0926513671875,674.5814208984375,0.9994655251502991],[1263.829345703125,780.8212890625,0.9994184970855713],[1355.356201171875,778.2664184570312,0.9988411068916321],[1386.8443603515625,893.1602783203125,0.9962155222892761],[1506.5797119140625,889.5028076171875,0.9945791959762573]]",GEOM_UPRIGHT_OR_LIMB_SUPPORTED,"{""torso_angle"": 48.62560126344141, ""shoulder_hip_dy"": 0.2154424044142153, ""y_band_ratio"": 0.605872481022631, ""kp_mean_conf"": 0.8735840121905009, ""visible"": 15, ""bbox_ar"": 1.2892119429264348}"
V2_ORIGINAL::IMG_004005,fc2bc25c7a7c65641f3f35cd41cab981571e82d00231d5cb3f676954c03684f1,0,0.9319137930870056,392.20269775390625,524.1699829101562,1322.0657958984375,1053.6878662109375,0.2374513597072718,primary,"[[1129.0050048828125,564.6576538085938,0.1170179545879364],[1127.7515869140625,549.56689453125,0.053304899483919144],[1136.422119140625,561.1724853515625,0.024635523557662964],[1122.493408203125,537.9120483398438,0.6177302002906799],[1167.409912109375,570.1017456054688,0.20507505536079407],[1088.2913818359375,562.8927612304688,0.9876717329025269],[1205.6788330078125,629.0818481445312,0.9894668459892273],[965.0142211914062,570.6865234375,0.9508301019668579],[1255.7933349609375,690.5606079101562,0.9611229300498962],[960.7039184570312,586.4497680664062,0.8763405084609985],[1271.734130859375,647.7511596679688,0.8691303730010986],[950.5453491210938,695.1383666992188,0.9995126724243164],[1032.220458984375,703.294921875,0.9995183944702148],[753.0006713867188,770.859375,0.9992167949676514],[916.9585571289062,812.6160278320312,0.9992057681083679],[542.4063110351562,830.5975341796875,0.9970604777336121],[768.970703125,880.56591796875,0.9971200227737427]]",GEOM_UPRIGHT_OR_LIMB_SUPPORTED,"{""torso_angle"": 146.43897890416108, ""shoulder_hip_dy"": 0.19494967564857893, ""y_band_ratio"": 0.5999290425434675, ""kp_mean_conf"": 0.8892144198928561, ""visible"": 14, ""bbox_ar"": 1.7560560794437654}"
V2_ORIGINAL::IMG_004006,562f3ef69ce6291a666cffda86e701c7f20b92195677ac0bffc96dbf792f87e1,0,0.8777728080749512,542.2202758789062,522.4429931640625,1339.989990234375,826.7720947265625,0.11708359395426894,primary,"[[812.22509765625,728.9906616210938,0.6073911786079407],[807.4896240234375,717.5088500976562,0.5071425437927246],[808.4097900390625,720.05126953125,0.3320101201534271],[819.0027465820312,678.304931640625,0.5585838556289673],[806.2706909179688,682.3087158203125,0.3660185635089874],[850.2806396484375,662.6702880859375,0.978291392326355],[842.3749389648438,652.8526000976562,0.9258349537849426],[853.2094116210938,679.773681640625,0.9437083005905151],[915.7562255859375,665.6129760742188,0.7546229362487793],[816.4114379882812,685.310302734375,0.8857977986335754],[978.1458129882812,722.5699462890625,0.721498429775238],[993.429931640625,559.0309448242188,0.9892206788063049],[979.4815063476562,570.454833984375,0.9799792766571045],[1128.514892578125,663.7702026367188,0.9825948476791382],[1109.8011474609375,669.5079345703125,0.9717944264411926],[1241.2752685546875,613.0506591796875,0.9550846815109253],[1239.0914306640625,638.2776489257812,0.940971851348877]]",GEOM_UPRIGHT_OR_LIMB_SUPPORTED,"{""torso_angle"": 33.5766709784845, ""shoulder_hip_dy"": 0.3056511986856334, ""y_band_ratio"": 0.3630181575763799, ""kp_mean_conf"": 0.7882674020879409, ""visible"": 17, ""bbox_ar"": 2.621404624991577}"
V2_ORIGINAL::IMG_004007,ffea712d59fccabbaf558579286df4d7fe6c99afeb817ce0bf8dad7d3377a921,0,0.9011613130569458,424.9111633300781,527.37890625,1370.9599609375,873.1484985351562,0.15775217352940807,primary,"[[1118.3631591796875,709.421875,0.9054900407791138],[1131.851806640625,709.378662109375,0.7711459994316101],[1127.242919921875,696.5133056640625,0.8214623928070068],[1140.4405517578125,700.24609375,0.6133888959884644],[1109.4888916015625,679.0843505859375,0.6729516983032227],[1080.78515625,695.3778076171875,0.9765529036521912],[1011.5004272460938,682.0307006835938,0.9877346158027649],[1086.4200439453125,705.83349609375,0.9046690464019775],[906.8927001953125,742.77099609375,0.9600792527198792],[1182.9407958984375,699.1869506835938,0.9016411900520325],[1026.6837158203125,787.2266845703125,0.9189600944519043],[816.2538452148438,614.6333618164062,0.9767947793006897],[768.95654296875,591.251220703125,0.9809788465499878],[627.5092163085938,640.3998413085938,0.9433969259262085],[600.9662475585938,620.448486328125,0.9494468569755554],[523.5568237304688,607.0400390625,0.8644980788230896],[490.93646240234375,580.528076171875,0.8695561289787292]]",GEOM_LYING,"{""torso_angle"": 161.3113103251876, ""shoulder_hip_dy"": 0.24803211388205904, ""y_band_ratio"": 0.3321568293101838, ""kp_mean_conf"": 0.8834557498202604, ""visible"": 17, ""bbox_ar"": 2.736067076792615}"
V2_ORIGINAL::IMG_004008,6609e71caae836680300eb0b9a5b375fed21f3fc3538aa102667e729b25864b6,0,0.9270421862602234,320.62939453125,391.4687805175781,1382.2669677734375,1056.0035400390625,0.34022717468820857,primary,"[[1217.3759765625,493.9809265136719,0.1851908564567566],[1205.896240234375,470.2240905761719,0.03122751973569393],[1215.730224609375,481.7080993652344,0.10892727226018906],[1149.6119384765625,417.3699035644531,0.4797491133213043],[1203.1256103515625,464.81756591796875,0.7618412375450134],[1083.00244140625,432.46466064453125,0.9880586266517639],[1183.0145263671875,521.9668579101562,0.9985461235046387],[960.6216430664062,434.01617431640625,0.9066618084907532],[1205.7137451171875,621.8866577148438,0.9926114678382874],[979.30615234375,471.1116027832031,0.8504840135574341],[1299.989990234375,683.510009765625,0.9616271257400513],[874.8158569335938,566.846923828125,0.9995212554931641],[950.9849853515625,588.9085693359375,0.9997910857200623],[698.9751586914062,734.3905029296875,0.999360978603363],[918.0778198242188,791.0328369140625,0.9996881484985352],[495.6647644042969,845.7451171875,0.9970752000808716],[834.2274169921875,931.3932495117188,0.9980971217155457]]",GEOM_LYING,"{""torso_angle"": 155.42396737156443, ""shoulder_hip_dy"": 0.15147738453466572, ""y_band_ratio"": 0.7507938173564526, ""kp_mean_conf"": 0.9237938076257706, ""visible"": 14, ""bbox_ar"": 1.5975651507027975}"
V2_ORIGINAL::IMG_004009,5584ace79f64b843dbea6e6eccf78e5e0700837c1b506bf79c82085f472e285b,0,0.8376479148864746,463.7005920410156,508.78948974609375,959.159912109375,720.91357421875,0.05068424704038652,primary,"[[793.3471069335938,531.029296875,0.1606185883283615],[790.978515625,525.3290405273438,0.045087844133377075],[795.4735717773438,526.0272216796875,0.09630297124385834],[768.108642578125,528.4923706054688,0.335866779088974],[804.429443359375,535.518310546875,0.5206882953643799],[736.45556640625,547.0572509765625,0.9410824775695801],[829.6069946289062,554.5761108398438,0.9894894957542419],[656.1484985351562,566.6449584960938,0.8076318502426147],[892.7308959960938,580.6005249023438,0.9800602197647095],[655.8612670898438,571.33447265625,0.7082011103630066],[925.9654541015625,579.3601684570312,0.9269003868103027],[688.4185791015625,594.8312377929688,0.9925560355186462],[748.6784057617188,589.538818359375,0.997175931930542],[629.18310546875,645.6093139648438,0.9779810309410095],[715.0438232421875,647.8416137695312,0.9915341734886169],[530.2310180664062,662.8577880859375,0.943051815032959],[648.9662475585938,678.57080078125,0.9699743986129761]]",GEOM_UPRIGHT_OR_LIMB_SUPPORTED,"{""torso_angle"": 147.31816723660287, ""shoulder_hip_dy"": 0.1950195673009555, ""y_band_ratio"": 0.6199840538222343, ""kp_mean_conf"": 0.8630138571773257, ""visible"": 14, ""bbox_ar"": 2.3357051666248974}"
V2_ORIGINAL::IMG_004010,5e672724004a81b5b2d705c84a7bfb3bd5dadec21ca063c60d35dcc09debb938,0,0.8798298239707947,613.8387451171875,500.6209716796875,1290.9422607421875,718.401123046875,0.07111289840088122,primary,"[[715.3811645507812,621.389892578125,0.41432204842567444],[711.9570922851562,613.46044921875,0.2583068609237671],[720.9869995117188,611.8701782226562,0.09178965538740158],[723.5086669921875,598.8343505859375,0.36026695370674133],[730.521728515625,588.509033203125,0.09597478061914444],[777.6106567382812,612.07421875,0.98380047082901],[761.0637817382812,573.0406494140625,0.928609311580658],[777.6974487304688,699.326904296875,0.9857375621795654],[747.0673828125,609.322265625,0.8823211193084717],[659.4844970703125,671.5806884765625,0.9721382260322571],[672.4954833984375,659.4915161132812,0.8959144949913025],[965.5887451171875,589.03564453125,0.9958209991455078],[951.0886840820312,586.0838623046875,0.990623414516449],[1077.0703125,615.7467651367188,0.9849535226821899],[1064.9637451171875,586.6641235351562,0.9691296815872192],[1223.7423095703125,569.3043823242188,0.9449505805969238],[1210.408447265625,547.1612548828125,0.9211037755012512]]",GEOM_LYING,"{""torso_angle"": 1.5146933009587074, ""shoulder_hip_dy"": 0.02294828354507008, ""y_band_ratio"": 0.3149300329866512, ""kp_mean_conf"": 0.8325332681337992, ""visible"": 15, ""bbox_ar"": 3.109114909573976}"
V2_ORIGINAL::IMG_004011,21a5aa9d0b90a82dff6f58e818f3f4cd2c2c7f83a07fac1b12e2a6bcb2b74a4b,0,0.8246027827262878,502.7707214355469,535.9735107421875,1423.7801513671875,874.3320922851562,0.15028522583881568,primary,"[[1237.7264404296875,697.932861328125,0.8318692445755005],[1242.3050537109375,688.75537109375,0.4953060448169708],[1233.9349365234375,688.0016479492188,0.6446773409843445],[1252.552734375,650.807373046875,0.3113566040992737],[1209.4185791015625,663.3020629882812,0.4358139634132385],[1241.029296875,612.3750610351562,0.9775295257568359],[1155.9583740234375,670.3997802734375,0.9936776757240295],[1287.0885009765625,588.58984375,0.9512925148010254],[1107.226806640625,773.9524536132812,0.9920772910118103],[1365.5830078125,618.755859375,0.9505767822265625],[1217.396484375,814.9169311523438,0.9787960648536682],[991.9969482421875,569.6618041992188,0.996394693851471],[937.0829467773438,570.1949462890625,0.9980834722518921],[785.7392578125,635.837646484375,0.984076201915741],[757.0332641601562,656.0081176757812,0.9907248616218567],[621.9791259765625,567.27294921875,0.9502702951431274],[607.2658081054688,582.6224365234375,0.9635446071624756]]",GEOM_LYING,"{""torso_angle"": 163.01519433079156, ""shoulder_hip_dy"": 0.2111932408638542, ""y_band_ratio"": 0.304785622945967, ""kp_mean_conf"": 0.8497686578946955, ""visible"": 17, ""bbox_ar"": 2.7219922300527792}"
V2_ORIGINAL::IMG_004011,21a5aa9d0b90a82dff6f58e818f3f4cd2c2c7f83a07fac1b12e2a6bcb2b74a4b,1,0.8144888281822205,257.4565734863281,82.88439178466797,466.48077392578125,413.3512878417969,0.03331191103397436,primary,"[[370.7317199707031,144.82791137695312,0.9730427265167236],[372.5525817871094,135.2686309814453,0.8055596351623535],[359.3625183105469,135.54986572265625,0.9772344827651978],[370.43402099609375,133.84487915039062,0.2099064439535141],[327.8217468261719,134.08319091796875,0.9501058459281921],[374.6373596191406,162.22714233398438,0.9939829707145691],[300.5226745605469,168.26327514648438,0.9983184337615967],[424.5774841308594,214.72097778320312,0.9199017286300659],[310.76641845703125,229.54409790039062,0.9906733632087708],[416.97100830078125,221.33230590820312,0.8995264172554016],[364.8259582519531,223.61412048339844,0.9774079918861389],[371.3533935546875,272.871826171875,0.9918261766433716],[322.30999755859375,281.9379577636719,0.9955235719680786],[442.3250732421875,294.4444885253906,0.9552950263023376],[402.8515319824219,303.0455627441406,0.9791840314865112],[416.5681457519531,386.3357849121094,0.8635451793670654],[403.072265625,397.478515625,0.9179540872573853]]",GEOM_UPRIGHT_OR_LIMB_SUPPORTED,"{""torso_angle"": 85.28453751382679, ""shoulder_hip_dy"": 0.3393976357866406, ""y_band_ratio"": 0.711875761529672, ""kp_mean_conf"": 0.9058228301651338, ""visible"": 17, ""bbox_ar"": 0.6325117672401245}"
V2_ORIGINAL::IMG_004011,21a5aa9d0b90a82dff6f58e818f3f4cd2c2c7f83a07fac1b12e2a6bcb2b74a4b,2,0.36539992690086365,476.103515625,71.1793212890625,630.1074829101562,250.80894470214844,0.013340892480494707,primary,"[[490.6007080078125,128.53871154785156,0.17238058149814606],[494.38201904296875,120.76918029785156,0.1757991909980774],[497.955078125,119.23011016845703,0.043145690113306046],[503.5497741699219,120.60907745361328,0.8908185958862305],[548.8984985351562,113.45738983154297,0.3842606246471405],[502.86578369140625,166.34902954101562,0.9745674729347229],[589.0078125,154.8036651611328,0.9523507356643677],[496.1158447265625,235.3046875,0.7288464903831482],[622.2052001953125,217.46975708007812,0.47216999530792236],[502.4209289550781,229.06558227539062,0.3058236241340637],[609.311279296875,217.46282958984375,0.1677788496017456],[551.0150756835938,285.2182922363281,0.6817148327827454],[607.4890747070312,280.18231201171875,0.6286215782165527],[517.8605346679688,291.3843688964844,0.05374684929847717],[599.7601318359375,285.8776550292969,0.040116965770721436],[531.7777709960938,338.8028869628906,0.009851498529314995],[625.3850708007812,330.69598388671875,0.007946766912937164]]",GEOM_UPRIGHT_OR_LIMB_SUPPORTED,"{""torso_angle"": 74.74106304098405, ""shoulder_hip_dy"": 0.6798653387593337, ""y_band_ratio"": 0.7260195985340727, ""kp_mean_conf"": 0.668797105550766, ""visible"": 9, ""bbox_ar"": 0.8573417032167375}"
V2_ORIGINAL::IMG_004011,21a5aa9d0b90a82dff6f58e818f3f4cd2c2c7f83a07fac1b12e2a6bcb2b74a4b,3,0.3234720826148987,474.4957580566406,72.97686767578125,658.8333129882812,454.72796630859375,0.03393666286383113,primary,"[[489.2073669433594,133.23779296875,0.43117713928222656],[490.5170593261719,121.51677703857422,0.4773237705230713],[495.20025634765625,119.3298568725586,0.1404266506433487],[503.560302734375,120.226806640625,0.8506250381469727],[541.7157592773438,114.03850555419922,0.2923683524131775],[505.96051025390625,166.32386779785156,0.9665016531944275],[596.4655151367188,155.11607360839844,0.9022477865219116],[500.0091552734375,238.3699951171875,0.8371436595916748],[621.9434814453125,228.32968139648438,0.4953274428844452],[469.3829040527344,241.86172485351562,0.6258918642997742],[584.9453125,239.67532348632812,0.33051544427871704],[546.142333984375,312.7779235839844,0.9257267117500305],[607.1483764648438,303.75286865234375,0.8754768967628479],[495.5305480957031,304.6431884765625,0.8688933849334717],[551.219482421875,288.75299072265625,0.7924518585205078],[527.42431640625,409.9361572265625,0.7703321576118469],[569.5574951171875,385.0276794433594,0.7104977369308472]]",GEOM_UPRIGHT_OR_LIMB_SUPPORTED,"{""torso_angle"": 80.22005326177504, ""shoulder_hip_dy"": 0.3864964002551718, ""y_band_ratio"": 0.667503209632575, ""kp_mean_conf"": 0.6970313061028719, ""visible"": 16, ""bbox_ar"": 0.48287367237925305}"
V2_ORIGINAL::IMG_004011,21a5aa9d0b90a82dff6f58e818f3f4cd2c2c7f83a07fac1b12e2a6bcb2b74a4b,4,0.20340496301651,257.2989196777344,83.83586883544922,438.7621154785156,243.79547119140625,0.013998254553691233,primary,"[[370.7317199707031,144.82791137695312,0.9730427265167236],[372.5525817871094,135.2686309814453,0.8055596351623535],[359.3625183105469,135.54986572265625,0.9772344827651978],[370.43402099609375,133.84487915039062,0.2099064439535141],[327.8217468261719,134.08319091796875,0.9501058459281921],[374.6373596191406,162.22714233398438,0.9939829707145691],[300.5226745605469,168.26327514648438,0.9983184337615967],[424.5774841308594,214.72097778320312,0.9199017286300659],[310.76641845703125,229.54409790039062,0.9906733632087708],[416.97100830078125,221.33230590820312,0.8995264172554016],[364.8259582519531,223.61412048339844,0.9774079918861389],[371.3533935546875,272.871826171875,0.9918261766433716],[322.30999755859375,281.9379577636719,0.9955235719680786],[442.3250732421875,294.4444885253906,0.9552950263023376],[402.8515319824219,303.0455627441406,0.9791840314865112],[416.5681457519531,386.3357849121094,0.8635451793670654],[403.072265625,397.478515625,0.9179540872573853]]",GEOM_UPRIGHT_OR_LIMB_SUPPORTED,"{""torso_angle"": 85.28453751382679, ""shoulder_hip_dy"": 0.7011750565492835, ""y_band_ratio"": 1.4706924112471367, ""kp_mean_conf"": 0.9058228301651338, ""visible"": 17, ""bbox_ar"": 1.1344314009794323}"
V2_ORIGINAL::IMG_004012,b0bc6b665f847380a62540bd0387a6356f273185253e134cc9d731120aee9ba7,0,0.915467381477356,395.6378173828125,430.71990966796875,1653.202880859375,922.8347778320312,0.29845026303071925,primary,"[[753.2817993164062,760.6261596679688,0.9060584306716919],[757.86474609375,756.8036499023438,0.8634077310562134],[749.546630859375,746.6768188476562,0.6204584240913391],[795.6751098632812,739.0631713867188,0.6370954513549805],[732.5753784179688,716.051025390625,0.35079947113990784],[878.37744140625,771.0130615234375,0.9929076433181763],[726.5530395507812,700.6701049804688,0.9746083617210388],[854.9776611328125,868.9717407226562,0.9781595468521118],[608.1218872070312,718.26513671875,0.8626753091812134],[636.0550537109375,893.1394653320312,0.9485596418380737],[509.3314208984375,804.432861328125,0.8764185905456543],[1148.8011474609375,616.9742431640625,0.9928132891654968],[1044.7686767578125,615.8111572265625,0.9861572980880737],[1367.793212890625,630.595703125,0.9877257943153381],[1273.2059326171875,598.0534057617188,0.9790408611297607],[1500.2802734375,589.4859008789062,0.9583691358566284],[1485.8463134765625,554.5731811523438,0.9485300183296204]]",GEOM_LYING,"{""torso_angle"": 22.089647584644446, ""shoulder_hip_dy"": 0.24272561303069276, ""y_band_ratio"": 0.4398157714246026, ""kp_mean_conf"": 0.8743402940385482, ""visible"": 17, ""bbox_ar"": 2.555429930756151}"
V2_ORIGINAL::IMG_004013,ebdcd19a6884c77a2a854aad2cc33d145633833b0ef739e0c6b5fd302bf87dee,0,0.8852037787437439,210.47076416015625,546.3182373046875,1638.7972412109375,990.3949584960938,0.3058866409720213,primary,"[[1320.1959228515625,720.7972412109375,0.7998607754707336],[1329.6434326171875,714.0464477539062,0.41803476214408875],[1323.6173095703125,702.945068359375,0.4861091077327728],[1322.3848876953125,691.6036376953125,0.44055476784706116],[1284.4962158203125,682.0316772460938,0.47288525104522705],[1279.7606201171875,681.121337890625,0.9949678778648376],[1195.022216796875,698.658203125,0.99594646692276],[1335.986083984375,712.2529907226562,0.9814152717590332],[1181.12548828125,825.4784545898438,0.9920733571052551],[1495.98486328125,724.7174072265625,0.9636538624763489],[1373.095947265625,858.1968994140625,0.9649904370307922],[931.417236328125,674.3814697265625,0.9983519315719604],[866.165283203125,648.014892578125,0.9985465407371521],[586.9183959960938,731.154052734375,0.9894472360610962],[538.8626098632812,720.6135864257812,0.9896899461746216],[378.55108642578125,700.728515625,0.9326862096786499],[341.0986633300781,682.07373046875,0.928363561630249]]",GEOM_LYING,"{""torso_angle"": 175.15656065935954, ""shoulder_hip_dy"": 0.0646095325116177, ""y_band_ratio"": 0.1872180102870452, ""kp_mean_conf"": 0.8439751390148612, ""visible"": 17, ""bbox_ar"": 3.2163957462547175}"
V2_ORIGINAL::IMG_004014,a0e0ec4f94be40b43c9f805fbffbb25dc69995126cf2caaf25bdc16b8b8b5d98,0,0.9336481094360352,604.8323974609375,296.7257995605469,1493.0020751953125,864.1598510742188,0.2430448103146261,primary,"[[1189.803955078125,360.32537841796875,0.04664003476500511],[1181.9072265625,345.6089172363281,0.010013915598392487],[1193.6951904296875,350.55303955078125,0.014035607688128948],[1144.615478515625,326.35723876953125,0.4671758711338043],[1211.8974609375,349.3659973144531,0.4330652952194214],[1094.7344970703125,338.8509826660156,0.9893611073493958],[1227.4383544921875,395.55755615234375,0.9977664947509766],[980.653564453125,365.490234375,0.973461389541626],[1300.95703125,473.4939270019531,0.995557963848114],[934.8182373046875,448.7670593261719,0.9459571242332458],[1408.69677734375,496.24053955078125,0.979713499546051],[1001.0187377929688,496.8479309082031,0.9997654557228088],[1087.8687744140625,509.3623352050781,0.9998753070831299],[888.1825561523438,597.1016235351562,0.9993290901184082],[1050.0718994140625,628.681640625,0.9996286630630493],[754.7909545898438,701.1630859375,0.9961220622062683],[966.888427734375,730.1198120117188,0.9974766373634338]]",GEOM_UPRIGHT_OR_LIMB_SUPPORTED,"{""torso_angle"": 130.63923959470776, ""shoulder_hip_dy"": 0.23950071957249558, ""y_band_ratio"": 0.6895406229181433, ""kp_mean_conf"": 0.912446854369981, ""visible"": 14, ""bbox_ar"": 1.5652385953312413}"
P4D_PLAN::PF_P4D_POS_SIDE_G001_V01,364c38dabcb618fb649b5241411515ef9ef6184903462ded70fae014cdf05da5,0,0.822826623916626,481.5766296386719,396.5212097167969,1218.380859375,633.1611938476562,0.08408436594924515,primary,"[[574.8934326171875,547.3846435546875,0.16343644261360168],[568.6660766601562,545.2476196289062,0.08188556134700775],[590.8016967773438,532.7048950195312,0.07986540347337723],[561.7708740234375,533.6572265625,0.23230701684951782],[611.7994384765625,493.1884765625,0.38270139694213867],[578.9863891601562,550.3361206054688,0.9508005380630493],[632.405029296875,453.37261962890625,0.8906471133232117],[592.2454833984375,621.5618896484375,0.7674518823623657],[653.4446411132812,424.46392822265625,0.5952138900756836],[540.7039794921875,604.2755126953125,0.4298568367958069],[639.06591796875,478.0243225097656,0.39049583673477173],[788.5223388671875,506.56707763671875,0.9871318340301514],[814.825927734375,486.4769287109375,0.9827167987823486],[973.7193603515625,567.73388671875,0.9835202097892761],[978.6394653320312,511.726318359375,0.9812247157096863],[1119.99609375,530.15185546875,0.9801170229911804],[1105.8013916015625,475.9168395996094,0.9788641333580017]]",GEOM_LYING,"{""torso_angle"": 1.5585733999690212, ""shoulder_hip_dy"": 0.022533668445526237, ""y_band_ratio"": 0.48327110699349607, ""kp_mean_conf"": 0.7523606589862278, ""visible"": 14, ""bbox_ar"": 3.1136083466303957}"
P4D_PLAN::PF_P4D_POS_SIDE_G001_V02,d2b75a57f860260b487d5f15a945592ab80636aac0e15a7ab049acfe14fbefbc,0,0.9226081371307373,874.8385620117188,530.200439453125,1463.303955078125,804.6123046875,0.07787513799056336,primary,"[[970.2650756835938,603.7769165039062,0.7779654264450073],[969.0271606445312,585.3999633789062,0.7996720671653748],[958.1052856445312,601.1448364257812,0.3007010519504547],[985.2806396484375,562.9564819335938,0.9125911593437195],[959.5258178710938,599.6907348632812,0.2575035095214844],[1037.77734375,575.4876708984375,0.9970910549163818],[1008.2355346679688,620.34814453125,0.9723221063613892],[1042.8057861328125,629.1929931640625,0.992438793182373],[1009.0043334960938,672.2514038085938,0.8015425801277161],[956.1265869140625,680.8382568359375,0.9732145071029663],[931.4378051757812,674.3998413085938,0.7613176703453064],[1188.4410400390625,604.7466430664062,0.9977946281433105],[1165.1458740234375,631.8225708007812,0.9924654960632324],[1227.7354736328125,705.4603271484375,0.993253767490387],[1201.8824462890625,741.5189819335938,0.9780899286270142],[1376.8228759765625,714.731689453125,0.9625712037086487],[1343.6318359375,762.0523681640625,0.9264713525772095]]",GEOM_LYING,"{""torso_angle"": 7.544034838316028, ""shoulder_hip_dy"": 0.07421945549386072, ""y_band_ratio"": 0.6798711021707469, ""kp_mean_conf"": 0.8468827237101162, ""visible"": 17, ""bbox_ar"": 2.144460453864844}"
P4D_PLAN::PF_P4D_POS_SIDE_G001_V03,d0fa1fb807894961e1b2f5bbec816990aef2fa91c2601adf4be1cac44d61b3a2,0,0.8834978342056274,503.5740051269531,551.73291015625,1294.5064697265625,820.3649291992188,0.10246420953511982,primary,"[[1206.237060546875,678.2633666992188,0.8275943994522095],[1218.1348876953125,675.8474731445312,0.5816062688827515],[1211.5938720703125,662.1485595703125,0.6478988528251648],[1231.8687744140625,658.9423828125,0.5465714335441589],[1204.2496337890625,632.9415283203125,0.6266815066337585],[1209.6024169921875,665.5172119140625,0.986470639705658],[1140.0572509765625,616.5341796875,0.9948451519012451],[1179.3162841796875,723.0712280273438,0.9375643134117126],[1055.2843017578125,680.0773315429688,0.9857250452041626],[1198.2613525390625,737.59521484375,0.9025455117225647],[1084.2769775390625,776.7520751953125,0.9520174860954285],[953.6658935546875,651.2074584960938,0.9964950680732727],[905.7566528320312,607.2183837890625,0.9978541731834412],[740.8861694335938,737.3972778320312,0.9897788166999817],[711.0159301757812,692.4520263671875,0.993290901184082],[558.9630126953125,721.6766357421875,0.9636147022247314],[549.8884887695312,690.6663208007812,0.9721159338951111]]",GEOM_LYING,"{""torso_angle"": 177.24093152703588, ""shoulder_hip_dy"": 0.04397381481287093, ""y_band_ratio"": 0.4845993210591405, ""kp_mean_conf"": 0.8766276590964374, ""visible"": 17, ""bbox_ar"": 2.9442970626412803}"
P4D_PLAN::PF_P4D_POS_SIDE_G001_V04,996c125e7b5e83d1222b5b20bae00dec92d702263b8505ddd9ed2f3bffaff9c2,0,0.9206005334854126,240.5284423828125,445.02978515625,1310.4112548828125,841.4683227539062,0.2045441635746371,primary,"[[1198.777587890625,625.7130126953125,0.4958694577217102],[1199.493896484375,619.8406372070312,0.26471635699272156],[1212.28857421875,611.4005126953125,0.19289086759090424],[1189.3385009765625,578.492431640625,0.6094119548797607],[1209.9312744140625,569.0994262695312,0.43903765082359314],[1146.5009765625,544.140869140625,0.9941733479499817],[1131.1363525390625,535.9306030273438,0.9894577264785767],[1111.12109375,600.1779174804688,0.9686846137046814],[1062.490234375,629.9234008789062,0.9570829272270203],[1206.9661865234375,675.1669921875,0.8911496996879578],[1177.7142333984375,693.174560546875,0.8245097398757935],[844.23291015625,567.7295532226562,0.9989472031593323],[823.4697875976562,539.03173828125,0.998501181602478],[588.8700561523438,687.1123046875,0.9966216087341309],[581.818603515625,677.9879760742188,0.9951204657554626],[365.82366943359375,714.3555908203125,0.9840887784957886],[350.3559265136719,708.1950073242188,0.9784411191940308]]",GEOM_LYING,"{""torso_angle"": 177.49442153955198, ""shoulder_hip_dy"": 0.03366198893991593, ""y_band_ratio"": 0.45006973558673424, ""kp_mean_conf"": 0.8366133645176888, ""visible"": 16, ""bbox_ar"": 2.698735645084584}"
P4D_PLAN::PF_P4D_POS_SIDE_G001_V05,244eaa9aa70cccf4e497f5d0e97b852361fa89c95cb2e219ef16e0a2565b5329,0,0.8808189630508423,614.7112426757812,410.87567138671875,1539.361083984375,649.1647338867188,0.10625672445322076,primary,"[[832.6270751953125,548.007080078125,0.9371508955955505],[825.800537109375,530.0261840820312,0.907532811164856],[818.1531372070312,549.6640014648438,0.7254841327667236],[825.399169921875,507.7669372558594,0.8992881178855896],[803.3260498046875,553.9535522460938,0.5517559051513672],[885.4083862304688,482.8002624511719,0.99842369556427],[829.97412109375,569.6947631835938,0.9913721084594727],[1018.6448364257812,476.8956604003906,0.9953476786613464],[792.5283203125,594.4544677734375,0.9366154670715332],[1023.9136962890625,575.0646362304688,0.9852906465530396],[708.8882446289062,616.94091796875,0.9217022061347961],[1097.2628173828125,455.47119140625,0.9985024929046631],[1069.830322265625,515.3250732421875,0.9958102703094482],[1263.761962890625,500.9813537597656,0.9941266775131226],[1268.055908203125,568.430419921875,0.985299825668335],[1457.0548095703125,522.8079833984375,0.9676996469497681],[1457.9461669921875,581.82177734375,0.9463260769844055]]",GEOM_LYING,"{""torso_angle"": 10.251986371953503, ""shoulder_hip_dy"": 0.17142784509114456, ""y_band_ratio"": 0.530240811776663, ""kp_mean_conf"": 0.925748744431664, ""visible"": 17, ""bbox_ar"": 3.880370469410839}"
V2_ORIGINAL::IMG_004022,2a56166420080f6334e879608539170bdb9c06953e57519f7df004838705a3e2,0,0.8810646533966064,392.85638427734375,472.06475830078125,1469.7509765625,859.4103393554688,0.20116240431295557,primary,"[[1281.67822265625,742.6359252929688,0.8287822008132935],[1296.4176025390625,745.8795776367188,0.7081988453865051],[1303.4183349609375,718.5192260742188,0.643740713596344],[1317.9005126953125,720.4818115234375,0.7683393955230713],[1318.1502685546875,661.377685546875,0.6899963021278381],[1264.297119140625,715.9909057617188,0.988562822341919],[1224.5948486328125,625.0484619140625,0.992890477180481],[1165.0550537109375,773.5801391601562,0.8716469407081604],[1081.0316162109375,666.5458374023438,0.9473807215690613],[1143.46337890625,768.5711059570312,0.7591471672058105],[1103.4130859375,736.3862915039062,0.8368284702301025],[976.5728759765625,591.8145751953125,0.9956400394439697],[944.9970703125,530.23681640625,0.9965586066246033],[774.63134765625,713.7726440429688,0.9938066005706787],[758.7603759765625,644.2963256835938,0.9949788451194763],[552.698974609375,676.1166381835938,0.9864511489868164],[558.7973022460938,601.293701171875,0.9881798028945923]]",GEOM_LYING,"{""torso_angle"": 158.8932644157746, ""shoulder_hip_dy"": 0.2826777776552211, ""y_band_ratio"": 0.47955649539020556, ""kp_mean_conf"": 0.8818311235483955, ""visible"": 17, ""bbox_ar"": 2.780190726206102}"
V2_ORIGINAL::IMG_004023,c3e644298d54499a3202d20f1f667081fe45ef7900eff0951afcbd2e1c73dfcd,0,0.8450868725776672,329.28131103515625,535.2638549804688,1859.7352294921875,911.4340209960938,0.2776384570723598,primary,"[[640.925537109375,757.6519775390625,0.9658706784248352],[636.9028930664062,734.6515502929688,0.9311357140541077],[621.1194458007812,755.1903076171875,0.8238725662231445],[665.1874389648438,688.1680908203125,0.8447022438049316],[599.0130615234375,735.1900634765625,0.6757825016975403],[795.9600219726562,657.024658203125,0.9985771179199219],[612.4839477539062,724.2676391601562,0.9967862367630005],[866.03271484375,720.1487426757812,0.9940049052238464],[567.8231201171875,791.2642822265625,0.9723614454269409],[685.3114013671875,794.9419555664062,0.9770469069480896],[573.9813842773438,823.1649169921875,0.9571153521537781],[1155.598876953125,614.5345458984375,0.998049259185791],[1033.4461669921875,681.8624877929688,0.9967508316040039],[1434.732421875,670.8099365234375,0.9882749319076538],[1360.5933837890625,736.43994140625,0.9836297631263733],[1687.940673828125,696.8040771484375,0.9126957654953003],[1675.728271484375,761.8240356445312,0.9062240719795227]]",GEOM_LYING,"{""torso_angle"": 6.206880649790521, ""shoulder_hip_dy"": 0.11284156924388934, ""y_band_ratio"": 0.391550162805776, ""kp_mean_conf"": 0.9366400171728695, ""visible"": 17, ""bbox_ar"": 4.068514881622645}"
V2_ORIGINAL::IMG_004024,27ab8404612d800fa1e25c2b6dfaab48a4dea15df2e9946e3a192a8ac2dff522,0,0.9227190017700195,528.7816772460938,477.9429016113281,1453.07666015625,803.190185546875,0.14497706054532264,primary,"[[1367.4931640625,551.1565551757812,0.4000689387321472],[1365.651611328125,543.2905883789062,0.17850495874881744],[1380.2677001953125,543.7869262695312,0.19923993945121765],[1346.4683837890625,531.58154296875,0.6788960099220276],[1397.0654296875,540.5689086914062,0.661113977432251],[1278.7322998046875,556.3423461914062,0.9870644807815552],[1372.254150390625,571.9957275390625,0.9945555925369263],[1222.130126953125,578.4267578125,0.9126788377761841],[1363.864501953125,632.6348876953125,0.97147536277771],[1297.3319091796875,567.041748046875,0.828947901725769],[1439.97216796875,614.763671875,0.8853153586387634],[1041.2464599609375,635.7322998046875,0.9969475865364075],[1089.8565673828125,622.393798828125,0.9976619482040405],[871.87744140625,680.9458618164062,0.9932657480239868],[915.1375122070312,689.0158081054688,0.9944443106651306],[727.0848999023438,710.8761596679688,0.9788011908531189],[718.819580078125,728.2103271484375,0.9806239008903503]]",GEOM_LYING,"{""torso_angle"": 165.98272241350105, ""shoulder_hip_dy"": 0.1995220733773497, ""y_band_ratio"": 0.5284224940402261, ""kp_mean_conf"": 0.8841240763664245, ""visible"": 15, ""bbox_ar"": 2.8418222951043015}"
V2_ORIGINAL::IMG_004024,27ab8404612d800fa1e25c2b6dfaab48a4dea15df2e9946e3a192a8ac2dff522,1,0.22192586958408356,1425.467041015625,0.0,1489.880126953125,77.76370239257812,0.002415605731593031,background,[],GEOM_UNCERTAIN,null
V2_ORIGINAL::IMG_004025,45e4c31209b3a7baede57f45f9dee5ca938abd06bf17e18f4135b2d72a200f6a,0,0.9301442503929138,464.5400390625,471.9188232421875,1553.28125,803.8522338867188,0.17428124202148024,primary,"[[1286.1072998046875,642.2276611328125,0.9339293837547302],[1298.724365234375,637.4877319335938,0.7542511820793152],[1291.673095703125,622.4956665039062,0.8357014060020447],[1312.0064697265625,601.8840942382812,0.6770534515380859],[1278.4735107421875,579.8450317382812,0.7432129979133606],[1260.4503173828125,594.851806640625,0.9939634203910828],[1189.3289794921875,572.68505859375,0.997890055179596],[1294.8072509765625,666.2449951171875,0.9670613408088684],[1182.73828125,680.5802612304688,0.9932431578636169],[1440.7415771484375,738.9437255859375,0.9441897869110107],[1374.480224609375,718.60400390625,0.971571683883667],[938.1187744140625,573.1517333984375,0.9972513318061829],[881.4609375,540.33544921875,0.9981998205184937],[745.7613525390625,702.72021484375,0.98530513048172],[697.3046264648438,681.7212524414062,0.9896807074546814],[642.7981567382812,682.4124755859375,0.9250240921974182],[585.2406005859375,658.8272094726562,0.936719536781311]]",GEOM_LYING,"{""torso_angle"": 175.09796751171487, ""shoulder_hip_dy"": 0.08141645415000046, ""y_band_ratio"": 0.4892088606256586, ""kp_mean_conf"": 0.9202499109155992, ""visible"": 17, ""bbox_ar"": 3.279998867313291}"
V2_ORIGINAL::IMG_004026,bd92eda4b83fdab8da9176185c1497fe9ff75cfbc151e0e9cda00a8d9f89bc13,0,0.856967568397522,757.5391845703125,619.1890869140625,1894.1533203125,905.958251953125,0.15718840985647317,primary,"[[912.796142578125,710.2266845703125,0.6809093952178955],[897.94189453125,707.3778686523438,0.4218488037586212],[924.1707153320312,701.4911499023438,0.40119144320487976],[867.30615234375,704.9637451171875,0.6506246328353882],[944.4017944335938,695.1953125,0.8341273665428162],[889.7341918945312,727.9773559570312,0.9951366782188416],[1004.7661743164062,720.52490234375,0.9877919554710388],[922.8167724609375,780.9093017578125,0.9474549889564514],[1057.3970947265625,768.11962890625,0.8133317828178406],[875.2567749023438,809.7410888671875,0.7189465761184692],[856.4296875,841.4234619140625,0.6157634854316711],[1228.66552734375,747.6901245117188,0.9934031367301941],[1288.3426513671875,774.0743408203125,0.9890760183334351],[1552.947998046875,755.9763793945312,0.98550945520401],[1593.917724609375,753.8988647460938,0.9808274507522583],[1748.788330078125,850.17724609375,0.9569904804229736],[1762.50439453125,816.134765625,0.9509599804878235]]",GEOM_LYING,"{""torso_angle"": 6.712196610216864, ""shoulder_hip_dy"": 0.12773724647360626, ""y_band_ratio"": 0.45211396327195535, ""kp_mean_conf"": 0.819052566500271, ""visible"": 17, ""bbox_ar"": 3.9635158668030526}"
V2_ORIGINAL::IMG_004027,1aa07102c66e87fd6004b84996a0fec67f8f3abc55bed2067e96cd000bf9a0aa,0,0.909896731376648,408.25592041015625,364.94586181640625,1702.9522705078125,733.7801513671875,0.23028954883885927,primary,"[[1522.160400390625,487.62249755859375,0.9871783256530762],[1566.216064453125,491.3868103027344,0.9403615593910217],[1524.187255859375,450.78582763671875,0.9674040079116821],[1591.9617919921875,513.7125854492188,0.6469308733940125],[1476.8826904296875,425.8763122558594,0.8408112525939941],[1507.3165283203125,552.3644409179688,0.9955926537513733],[1354.4044189453125,450.2939147949219,0.9980231523513794],[1505.028076171875,597.8551025390625,0.9582757353782654],[1270.84716796875,529.4180297851562,0.9911831617355347],[1554.3035888671875,598.8416748046875,0.9273166060447693],[1338.2562255859375,640.610107421875,0.9641916155815125],[1128.236328125,610.0866088867188,0.9964349269866943],[1023.6245727539062,533.406494140625,0.9977557063102722],[822.3192138671875,628.9231567382812,0.9815381765365601],[762.541748046875,532.1129760742188,0.9872055053710938],[556.155029296875,622.5245361328125,0.9357978701591492],[562.4871826171875,500.4081115722656,0.9456583261489868]]",GEOM_LYING,"{""torso_angle"": 168.77835733037176, ""shoulder_hip_dy"": 0.19091872868705032, ""y_band_ratio"": 0.48430757932219215, ""kp_mean_conf"": 0.9448034973705516, ""visible"": 17, ""bbox_ar"": 3.510238572651478}"
V2_ORIGINAL::IMG_004028,bbcc10a0ae8771d24f9d903beb69eef522f8742deb28eb3bb147f8cd94d27edd,0,0.842073380947113,259.83782958984375,512.286865234375,1387.9820556640625,890.5396728515625,0.20578883145722046,primary,"[[475.6466064453125,683.039306640625,0.9128931760787964],[470.191162109375,658.87890625,0.8585377335548401],[457.84344482421875,681.5875244140625,0.635753870010376],[494.4039306640625,615.9408569335938,0.8775770664215088],[452.61065673828125,669.2344970703125,0.6678045392036438],[618.607177734375,599.2760009765625,0.9983193278312683],[502.6335754394531,663.6926879882812,0.9947931170463562],[696.454833984375,680.9857177734375,0.9914138317108154],[464.9163513183594,743.4093017578125,0.9406904578208923],[524.7392578125,760.95849609375,0.9625776410102844],[404.9903259277344,776.8348388671875,0.9002274870872498],[937.7889404296875,582.5787963867188,0.9969097971916199],[857.1286010742188,637.26806640625,0.9941012263298035],[1137.5245361328125,665.1837768554688,0.9828124642372131],[1103.746337890625,719.056640625,0.9712252020835876],[1375.642822265625,700.8856811523438,0.879213809967041],[1357.349609375,758.53857421875,0.8514345288276672]]",GEOM_LYING,"{""torso_angle"": 3.6624871335074993, ""shoulder_hip_dy"": 0.05700132993529111, ""y_band_ratio"": 0.4651909365603762, ""kp_mean_conf"": 0.9068403103772331, ""visible"": 17, ""bbox_ar"": 2.982513819741326}"
V2_ORIGINAL::IMG_004029,456144ecfb646cade4916bacfb4fa3d5a43cd9dd578dbb9f021842a9b201dfb7,0,0.3365907073020935,654.0866088867188,564.123046875,1019.6275634765625,663.9525756835938,0.01759827414011751,primary,"[[677.138427734375,630.6980590820312,0.5301076769828796],[680.4993286132812,623.9675903320312,0.45540016889572144],[678.2420654296875,624.4292602539062,0.27050459384918213],[687.6235961914062,615.569091796875,0.6316966414451599],[699.2303466796875,614.5597534179688,0.34845471382141113],[710.3228759765625,612.538330078125,0.9770343899726868],[697.3580932617188,616.5601806640625,0.9401272535324097],[734.3541259765625,633.0012817382812,0.9134764075279236],[717.7574462890625,645.3536376953125,0.6512824892997742],[772.074462890625,641.2396850585938,0.8584412336349487],[762.0745239257812,644.80126953125,0.6139504313468933],[825.5678100585938,598.238037109375,0.9818753600120544],[809.1454467773438,606.3444213867188,0.9697986245155334],[878.1063232421875,634.8792724609375,0.9711488485336304],[870.5581665039062,641.183349609375,0.944594144821167],[984.3618774414062,620.1441650390625,0.9556993246078491],[965.6517944335938,621.4710083007812,0.9267115592956543]]",GEOM_LYING,"{""torso_angle"": 6.16319559698521, ""shoulder_hip_dy"": 0.12278958209398713, ""y_band_ratio"": 0.430186468998971, ""kp_mean_conf"": 0.7611943448291105, ""visible"": 17, ""bbox_ar"": 3.6616516070180674}"
V2_ORIGINAL::IMG_004030,62327680277259c675a6504f4dc31fb69739f19221e2a2a8e631806a19882e15,0,0.8936583399772644,334.73968505859375,435.8641662597656,1650.111328125,825.7117309570312,0.24729669739645033,primary,"[[595.9662475585938,617.2410888671875,0.9210456013679504],[581.501953125,586.703857421875,0.8997102975845337],[565.7012329101562,627.8161010742188,0.6437930464744568],[599.2679443359375,536.6912841796875,0.9348012208938599],[548.0303344726562,636.097412109375,0.5902364253997803],[714.8202514648438,509.1708068847656,0.9986316561698914],[620.1095581054688,633.5933837890625,0.9958369731903076],[852.1144409179688,514.3584594726562,0.9950698614120483],[603.0326538085938,644.7019653320312,0.9628214836120605],[847.4381713867188,656.5205688476562,0.983096718788147],[593.5299682617188,698.5977172851562,0.9416888952255249],[1028.4600830078125,530.9779052734375,0.9993543028831482],[968.0899658203125,615.6557006835938,0.9986271858215332],[1185.274169921875,612.9609375,0.9969270825386047],[1182.001220703125,724.26123046875,0.9941190481185913],[1474.2564697265625,637.640869140625,0.975264847278595],[1473.7034912109375,779.299072265625,0.9668937921524048]]",GEOM_LYING,"{""torso_angle"": 0.33508442478214207, ""shoulder_hip_dy"": 0.00496272855546488, ""y_band_ratio"": 0.6929074075161308, ""kp_mean_conf"": 0.929289319935967, ""visible"": 17, ""bbox_ar"": 3.3740665895600817}"
V2_ORIGINAL::IMG_004030,62327680277259c675a6504f4dc31fb69739f19221e2a2a8e631806a19882e15,1,0.8526720404624939,737.1246337890625,136.51181030273438,777.9656982421875,267.1487731933594,0.0025729902687965443,background,[],GEOM_UNCERTAIN,null
V2_ORIGINAL::IMG_004031,a6c5520e3615d1510868fa7eb35ac9a4a431ad5b9c6797810db0fecb1783bd16,0,0.8623558282852173,413.098388671875,429.7757568359375,1582.7398681640625,730.4629516601562,0.16960658536774442,primary,"[[699.905517578125,613.4724731445312,0.8591879606246948],[693.0686645507812,593.86181640625,0.770836353302002],[687.21240234375,608.8367309570312,0.6165292263031006],[699.917724609375,548.20947265625,0.8368266224861145],[680.9533081054688,584.6755981445312,0.7670071125030518],[779.1449584960938,519.6343383789062,0.9969197511672974],[697.746337890625,571.8590698242188,0.9920819997787476],[845.6819458007812,578.400634765625,0.9781699180603027],[704.502685546875,641.7275390625,0.8950246572494507],[790.2208251953125,620.9613647460938,0.9052547216415405],[699.837158203125,651.5941772460938,0.8032337427139282],[1056.3013916015625,509.00732421875,0.9950318336486816],[997.4696655273438,562.3402099609375,0.9912145137786865],[1270.354736328125,593.8717041015625,0.9787018299102783],[1238.889404296875,650.4391479492188,0.9671968817710876],[1493.1968994140625,619.3298950195312,0.8914781808853149],[1494.303955078125,678.3677978515625,0.8670921325683594]]",GEOM_LYING,"{""torso_angle"": 2.0000782556544103, ""shoulder_hip_dy"": 0.03349972059038754, ""y_band_ratio"": 0.5632447159308542, ""kp_mean_conf"": 0.8889286728466258, ""visible"": 17, ""bbox_ar"": 3.88989454697583}"
V2_ORIGINAL::IMG_004032,543366363d22efbbb907b006f3f86b877eea519fe5c6c98dad0cd699d9078b8f,0,0.884047269821167,445.0353088378906,452.5081787109375,1536.70166015625,921.1519775390625,0.24672196466757063,primary,"[[647.18212890625,629.4891967773438,0.6638927459716797],[642.2488403320312,609.1333618164062,0.6811681985855103],[648.0414428710938,614.1306762695312,0.16251446306705475],[665.212890625,552.7013549804688,0.8999277353286743],[674.9465942382812,565.4891967773438,0.34319475293159485],[736.8638916015625,537.8882446289062,0.9982227683067322],[722.7069091796875,558.2581176757812,0.9750262498855591],[757.2022705078125,611.0289916992188,0.9917106628417969],[709.9815673828125,631.9662475585938,0.6866883039474487],[615.7117309570312,654.5269775390625,0.9450059533119202],[612.7393798828125,667.6197509765625,0.5747444033622742],[1018.6433715820312,553.1130981445312,0.998609185218811],[999.4903564453125,584.9075927734375,0.9941766262054443],[1192.703125,721.6752319335938,0.9955255389213562],[1192.7427978515625,742.9600219726562,0.9838813543319702],[1422.267333984375,784.2017211914062,0.9670369029045105],[1423.6380615234375,789.5541381835938,0.9319210648536682]]",GEOM_LYING,"{""torso_angle"": 4.287328389528386, ""shoulder_hip_dy"": 0.04467607244349631, ""y_band_ratio"": 0.5370089056635228, ""kp_mean_conf"": 0.8519207779318094, ""visible"": 16, ""bbox_ar"": 2.3294159744525453}"
V2_ORIGINAL::IMG_004033,9104b3c0cec7c4dc79881416cab26f85c6798fe75823c2315f7692b1b04991de,0,0.8831614255905151,333.6995544433594,550.0615234375,1527.3770751953125,844.7364501953125,0.1696309972993967,primary,"[[1393.000244140625,728.943603515625,0.867833137512207],[1411.01220703125,728.7592163085938,0.6798626184463501],[1402.346923828125,706.6453857421875,0.711470365524292],[1419.3856201171875,704.3831176757812,0.8033850789070129],[1389.2296142578125,658.7037353515625,0.8374703526496887],[1379.583251953125,685.2366333007812,0.9967239499092102],[1258.1942138671875,626.2018432617188,0.9981478452682495],[1313.8978271484375,747.3997192382812,0.9619702100753784],[1169.6943359375,707.663330078125,0.9871222376823425],[1325.3023681640625,779.6353149414062,0.8923360705375671],[1264.4952392578125,771.7353515625,0.9295288324356079],[1018.9912719726562,675.5440673828125,0.9980674386024475],[922.453369140625,627.380126953125,0.998487114906311],[799.8917236328125,796.1248168945312,0.9848280549049377],[731.415283203125,760.6847534179688,0.9879634380340576],[529.5084838867188,783.6116333007812,0.9221900701522827],[504.893310546875,748.9830932617188,0.9290173053741455]]",GEOM_LYING,"{""torso_angle"": 179.29946124821782, ""shoulder_hip_dy"": 0.014446906494966605, ""y_band_ratio"": 0.57664551070702, ""kp_mean_conf"": 0.9109649482895347, ""visible"": 17, ""bbox_ar"": 4.050828259755582}"
V2_ORIGINAL::IMG_004034,40ab0258a86ac7e8afb15911af2081069b68e301b7a5af23371b895ffa142564,0,0.8930942416191101,592.8630981445312,554.2352294921875,1423.960693359375,822.3697509765625,0.10746815007703844,primary,"[[727.5812377929688,700.431884765625,0.4913631081581116],[719.2553100585938,690.8635864257812,0.3083140254020691],[723.2416381835938,692.0568237304688,0.34471699595451355],[705.1410522460938,698.3607788085938,0.60563063621521],[731.9136962890625,693.5328369140625,0.7455360293388367],[773.6083374023438,731.1710815429688,0.9767534732818604],[820.052734375,688.5631713867188,0.971988320350647],[832.453369140625,771.8981323242188,0.7551442980766296],[896.219970703125,663.673828125,0.7877233624458313],[788.406005859375,715.881103515625,0.40724655985832214],[871.1991577148438,667.6207275390625,0.5407045483589172],[1016.968017578125,696.298828125,0.9622116088867188],[1044.480712890625,696.4910888671875,0.9660130143165588],[1193.3544921875,669.4969482421875,0.9196571111679077],[1202.1273193359375,648.694580078125,0.9390497803688049],[1320.14306640625,683.8866577148438,0.8896435499191284],[1317.1707763671875,688.6594848632812,0.9119043350219727]]",GEOM_LYING,"{""torso_angle"": 3.296565881441119, ""shoulder_hip_dy"": 0.05024406366688246, ""y_band_ratio"": 0.30759374439463927, ""kp_mean_conf"": 0.7366823974777671, ""visible"": 17, ""bbox_ar"": 3.099554621366702}"
P4D_PLAN::PF_P4D_POS_SUPINE_G001_V01,e3e039b8e2130df68ff57dea9ba8cb49ac5a1f1ab7ac8cc6327d084589b26b90,0,0.879269003868103,661.6376953125,574.7152099609375,1492.3275146484375,780.6923828125,0.08251501760387328,primary,"[[754.1141967773438,601.8973388671875,0.8301392793655396],[751.3589477539062,591.0894165039062,0.7654199600219727],[740.9210815429688,600.455322265625,0.6346378922462463],[754.6184692382812,604.7841796875,0.7696729302406311],[735.6417846679688,624.5953979492188,0.5434108972549438],[808.8739013671875,642.2427978515625,0.9829719662666321],[814.2610473632812,666.2664184570312,0.9635590314865112],[917.7252197265625,672.1580200195312,0.8902511596679688],[911.1908569335938,687.6398315429688,0.7624834179878235],[968.2882690429688,736.5249633789062,0.7173333168029785],[935.45751953125,723.8892822265625,0.6267215013504028],[1034.72216796875,649.3657836914062,0.9752945899963379],[1038.0224609375,680.0413208007812,0.9662851095199585],[1210.734619140625,664.3817138671875,0.9387069344520569],[1220.228271484375,690.9381713867188,0.929863452911377],[1377.154541015625,651.0673217773438,0.8995683789253235],[1380.5504150390625,684.7179565429688,0.89739990234375]]",GEOM_LYING,"{""torso_angle"": 2.6611963760969504, ""shoulder_hip_dy"": 0.050728650884663364, ""y_band_ratio"": 0.23641150551303364, ""kp_mean_conf"": 0.8290423365200267, ""visible"": 17, ""bbox_ar"": 4.032921744850699}"
P4D_PLAN::PF_P4D_POS_SUPINE_G001_V02,9eb06de9fbfb73dd717675234cca81ed2374265640fae06a3a4b2ddda116d403,0,0.7472196817398071,676.68798828125,538.6947021484375,1295.9613037109375,655.4647216796875,0.03487295386666018,primary,"[[731.0972900390625,564.148193359375,0.7644711136817932],[732.5742797851562,553.7094116210938,0.6115654706954956],[723.643798828125,560.2915649414062,0.582077145576477],[742.343994140625,555.7078247070312,0.6349611878395081],[725.7506103515625,567.3052978515625,0.5089107155799866],[776.2194213867188,572.7399291992188,0.9701199531555176],[782.04638671875,594.9735717773438,0.980074405670166],[855.42333984375,589.4541625976562,0.8741344213485718],[873.3424682617188,622.9381713867188,0.9273694753646851],[922.8838500976562,613.1551513671875,0.7771591544151306],[939.3739013671875,623.2385864257812,0.8614376783370972],[941.168212890625,582.3404541015625,0.9863675236701965],[942.7970581054688,608.5411376953125,0.9893636703491211],[1098.2021484375,610.1541137695312,0.9695647358894348],[1107.263671875,634.151123046875,0.9793421626091003],[1217.5123291015625,603.9154663085938,0.943359911441803],[1222.075927734375,632.26416015625,0.9593402147293091]]",GEOM_LYING,"{""torso_angle"": 4.0687868110984775, ""shoulder_hip_dy"": 0.09920393485124088, ""y_band_ratio"": 0.5259157624035626, ""kp_mean_conf"": 0.8423305259031408, ""visible"": 17, ""bbox_ar"": 5.303358840870602}"
P4D_PLAN::PF_P4D_POS_SUPINE_G001_V03,03d8aaca8ea998c335dbe9a16a82425467785c2ae2c7663d0f420cb784d72515,0,0.8357200622558594,611.4180908203125,573.4667358398438,1325.039794921875,754.0958862304688,0.06216284824082524,primary,"[[689.612060546875,622.8618774414062,0.7703821659088135],[682.93798828125,611.4112548828125,0.48051631450653076],[680.1325073242188,622.0968017578125,0.6484082341194153],[676.0433959960938,614.8078002929688,0.5214747190475464],[677.0359497070312,637.3751220703125,0.7646964192390442],[734.0653686523438,624.3499755859375,0.972770094871521],[736.7550659179688,673.938720703125,0.9920103549957275],[851.0812377929688,625.81787109375,0.8615086674690247],[840.0418090820312,700.629150390625,0.9690923690795898],[897.4705810546875,688.9363403320312,0.755210280418396],[882.478271484375,695.7416381835938,0.9230679273605347],[940.3185424804688,631.5545654296875,0.9776290059089661],[941.5487060546875,670.0128173828125,0.9883025288581848],[1092.2291259765625,645.0634765625,0.9052718877792358],[1092.391845703125,685.0757446289062,0.9536181688308716],[1227.8787841796875,661.7305297851562,0.7882094383239746],[1232.185302734375,693.6242065429688,0.8691366314888]]",GEOM_LYING,"{""torso_angle"": 0.45700613632592574, ""shoulder_hip_dy"": 0.009075740311979207, ""y_band_ratio"": 0.3835163416714311, ""kp_mean_conf"": 0.8318414828356575, ""visible"": 17, ""bbox_ar"": 3.950756024475}"
P4D_PLAN::PF_P4D_POS_SUPINE_G001_V04,5b0bd30173956a0bffc6529e8e80248139cd2e98db8d58c47d2c635bea96997d,0,0.9026310443878174,441.27392578125,495.6624755859375,1409.284912109375,924.2546997070312,0.20007811612848417,primary,"[[553.3195190429688,564.5636596679688,0.8712376356124878],[544.1939086914062,553.7699584960938,0.6432257294654846],[537.7640991210938,558.996826171875,0.7165857553482056],[520.0067138671875,568.7188720703125,0.6678376197814941],[511.7186279296875,582.91748046875,0.884964644908905],[565.5487060546875,627.5359497070312,0.9975067973136902],[570.4334106445312,650.6189575195312,0.9959208965301514],[661.6115112304688,732.454833984375,0.9723549485206604],[641.5191650390625,767.2013549804688,0.9469476938247681],[678.9426879882812,766.4412231445312,0.8912370204925537],[667.0421142578125,796.4862670898438,0.8774299621582031],[862.7741088867188,680.9381713867188,0.9967148303985596],[864.1849365234375,722.7022705078125,0.9958016276359558],[1096.925537109375,688.4619140625,0.9907298684120178],[1113.2513427734375,724.0987548828125,0.9900245666503906],[1302.0692138671875,746.3421020507812,0.9645200371742249],[1304.523193359375,780.52294921875,0.9640467166900635]]",GEOM_LYING,"{""torso_angle"": 11.987895262540524, ""shoulder_hip_dy"": 0.14639268704104424, ""y_band_ratio"": 0.35695234514682667, ""kp_mean_conf"": 0.9039462559363421, ""visible"": 17, ""bbox_ar"": 2.2585827083382286}"
P4D_PLAN::PF_P4D_POS_SUPINE_G001_V05,9273361ba7cea7d5d4a23ccc85d8a3f4b5bdbf992c337a8cb562a5d31b6dc290,0,0.8925914168357849,509.0296630859375,493.3999328613281,1342.309326171875,773.450927734375,0.1125389654006048,primary,"[[566.8092651367188,531.5856323242188,0.8044082522392273],[566.9137573242188,522.6258544921875,0.7774051427841187],[566.0114135742188,525.3986206054688,0.4942202568054199],[578.811279296875,522.5292358398438,0.8741381168365479],[582.5814208984375,529.011962890625,0.5830395221710205],[616.6100463867188,555.4103393554688,0.9937044978141785],[644.7821044921875,569.66357421875,0.9786224961280823],[677.0606689453125,611.5729370117188,0.9481282234191895],[699.2656860351562,630.4988403320312,0.7320963740348816],[687.59228515625,659.2489624023438,0.8178587555885315],[667.0369873046875,669.3280639648438,0.5932387113571167],[871.3316040039062,603.5469360351562,0.9948834776878357],[882.3171997070312,630.1957397460938,0.9900708794593811],[1030.6702880859375,653.6096801757812,0.9928427934646606],[1050.8074951171875,668.6737060546875,0.9879118204116821],[1217.116943359375,701.80322265625,0.9835198521614075],[1219.2298583984375,698.4251098632812,0.9785850048065186]]",GEOM_LYING,"{""torso_angle"": 12.448744817014626, ""shoulder_hip_dy"": 0.19401602600321619, ""y_band_ratio"": 0.5227365229219925, ""kp_mean_conf"": 0.8543925986570471, ""visible"": 17, ""bbox_ar"": 2.975456892997938}"
P4D_PLAN::PF_P4D_POS_SUPINE_G001_V05,9273361ba7cea7d5d4a23ccc85d8a3f4b5bdbf992c337a8cb562a5d31b6dc290,1,0.7397576570510864,1095.509033203125,0.9528379440307617,1171.5084228515625,77.83694458007812,0.0028178747964916007,background,[],GEOM_UNCERTAIN,null
P4D_PLAN::PF_P4D_POS_SUPINE_G001_V05,9273361ba7cea7d5d4a23ccc85d8a3f4b5bdbf992c337a8cb562a5d31b6dc290,2,0.21507428586483002,882.9534301757812,0.2749786376953125,963.9435424804688,76.54823303222656,0.002979060300567653,background,[],GEOM_UNCERTAIN,null
V2_ORIGINAL::IMG_003982,3f8831314ec9403dafb006291009877fe8a2d85b9930710f92a6048b23d50c70,0,0.9084994792938232,481.38079833984375,536.4078369140625,1524.0279541015625,980.3941040039062,0.22324508997805187,primary,"[[1426.3187255859375,553.96240234375,0.7337549924850464],[1442.5667724609375,553.8160400390625,0.5332233309745789],[1425.884765625,539.4596557617188,0.3065909147262573],[1452.3934326171875,586.8201293945312,0.5712252259254456],[1415.712646484375,560.6326904296875,0.24405528604984283],[1420.261962890625,639.8677368164062,0.9956657290458679],[1379.2730712890625,601.77099609375,0.9766103029251099],[1434.466552734375,712.5762939453125,0.9875922799110413],[1353.153076171875,695.2321166992188,0.9239941835403442],[1424.234375,782.9190673828125,0.9655663967132568],[1370.0267333984375,761.821533203125,0.852047860622406],[1156.7789306640625,715.0104370117188,0.9992590546607971],[1126.92041015625,671.3138427734375,0.9982336759567261],[967.4906616210938,808.1748046875,0.9980979561805725],[949.4229125976562,764.8727416992188,0.9955359697341919],[751.0596923828125,893.8108520507812,0.9921401143074036],[722.1322631835938,839.438232421875,0.985531210899353]]",GEOM_LYING,"{""torso_angle"": 164.33184724281222, ""shoulder_hip_dy"": 0.1629392141150639, ""y_band_ratio"": 0.6577677680691302, ""kp_mean_conf"": 0.8270073226269554, ""visible"": 17, ""bbox_ar"": 2.348377040118522}"
V2_ORIGINAL::IMG_003983,0efbb9f5706f84c5382a0ba30bec46d35ed7b875072c5dbea115139e58a47d8a,0,0.8016383051872253,330.14666748046875,520.2509765625,1729.10302734375,839.1498413085938,0.21514544511464515,primary,"[[439.3070068359375,572.2513427734375,0.7540347576141357],[438.2798156738281,566.072021484375,0.678530752658844],[444.2765808105469,568.2892456054688,0.3725943863391876],[459.4555969238281,579.8373413085938,0.896338701248169],[483.3442687988281,583.3248291015625,0.7000948786735535],[542.5662841796875,609.1737670898438,0.9974333643913269],[574.3613891601562,617.510986328125,0.993413507938385],[654.1353759765625,679.5521850585938,0.9714424014091492],[664.1697387695312,691.7947387695312,0.888536274433136],[624.8347778320312,719.4036254882812,0.8218263387680054],[628.547607421875,752.3223876953125,0.7187486290931702],[939.6194458007812,623.3763427734375,0.9970983266830444],[946.950439453125,660.1492919921875,0.9953786134719849],[1248.59326171875,644.3139038085938,0.9908071160316467],[1279.910888671875,655.5994262695312,0.9888110160827637],[1548.5401611328125,706.828857421875,0.969540536403656],[1550.375244140625,691.2711791992188,0.9698941707611084]]",GEOM_LYING,"{""torso_angle"": 4.223833760203492, ""shoulder_hip_dy"": 0.08912054514981227, ""y_band_ratio"": 0.3062258951902633, ""kp_mean_conf"": 0.8649719865883098, ""visible"": 17, ""bbox_ar"": 4.386833929236863}"
V2_ORIGINAL::IMG_003984,00226efe88ae972b085592e830ecd461400e627e3f30514aa0bc5174fefc707d,0,0.8861992359161377,620.9265747070312,487.7577209472656,1535.0970458984375,809.9083251953125,0.1420238086805716,primary,"[[811.3878173828125,544.4033813476562,0.1469479203224182],[808.028564453125,534.2601928710938,0.11673992872238159],[818.99267578125,532.501708984375,0.012727051042020321],[806.8429565429688,532.4205322265625,0.5097885727882385],[839.9974975585938,520.9698486328125,0.06345857679843903],[831.7805786132812,563.202392578125,0.9967851638793945],[880.5584106445312,537.879638671875,0.8682712316513062],[758.3140869140625,643.5525512695312,0.9974084496498108],[865.4100952148438,592.0257568359375,0.6502264738082886],[676.1380615234375,647.529052734375,0.9822806715965271],[711.1314697265625,623.802978515625,0.6432037353515625],[1040.240234375,611.7042236328125,0.9992412328720093],[1059.513427734375,619.5204467773438,0.9943798184394836],[1214.6331787109375,702.266357421875,0.9965236783027649],[1196.939208984375,698.5643310546875,0.9789059162139893],[1345.341796875,706.3282470703125,0.9759209156036377],[1291.239013671875,704.6971435546875,0.9280350208282471]]",GEOM_LYING,"{""torso_angle"": 18.568535691843262, ""shoulder_hip_dy"": 0.20199036947940985, ""y_band_ratio"": 0.5228877617399619, ""kp_mean_conf"": 0.8862285293065585, ""visible"": 13, ""bbox_ar"": 2.8377114900194966}"
V2_ORIGINAL::IMG_003985,b2c04a5ef00e87142592beb2ab5dade093473c24353132baa4f9fa651be1a6a4,0,0.6839085817337036,566.1065673828125,616.3004150390625,1348.70556640625,805.1790161132812,0.07128482066822471,primary,"[[637.809814453125,632.15283203125,0.8668375611305237],[636.5202026367188,626.9500122070312,0.6909925937652588],[635.6716918945312,629.0867309570312,0.7221126556396484],[639.50244140625,644.4273071289062,0.6427148580551147],[639.6456909179688,645.8939208984375,0.6845914125442505],[693.9664306640625,670.9638671875,0.9862717390060425],[683.8272705078125,694.5919799804688,0.9917088150978088],[792.0630493164062,703.46142578125,0.9288823008537292],[786.2247314453125,739.80615234375,0.9628680944442749],[849.7667236328125,758.8737182617188,0.8564065098762512],[834.6373901367188,757.8306884765625,0.9232418537139893],[926.1273193359375,673.580322265625,0.990715503692627],[916.0770263671875,706.0938720703125,0.9932115077972412],[1116.5994873046875,698.4779663085938,0.9684667587280273],[1105.8570556640625,723.9555053710938,0.9798266887664795],[1261.349609375,714.4061889648438,0.9278748035430908],[1269.051025390625,722.4388427734375,0.95001220703125]]",GEOM_LYING,"{""torso_angle"": 1.7412879177292002, ""shoulder_hip_dy"": 0.03737413102297657, ""y_band_ratio"": 0.28055924748601346, ""kp_mean_conf"": 0.8862785802168005, ""visible"": 17, ""bbox_ar"": 4.143396841000108}"
V2_ORIGINAL::IMG_003986,5c47f738bf7bbfe499cb85f5b8ab7601c3229c4405845c536d6e814c64dc6c79,0,0.9079105854034424,672.1056518554688,601.7137451171875,1465.1055908203125,1065.8778076171875,0.17750871587199746,primary,"[[800.8782958984375,671.864013671875,0.5040578842163086],[798.0960083007812,661.9292602539062,0.443363755941391],[804.19189453125,661.5946655273438,0.09558462351560593],[802.11181640625,656.2740478515625,0.848450243473053],[829.1541748046875,650.4380493164062,0.2599101662635803],[800.0134887695312,687.8287353515625,0.997660756111145],[897.4442749023438,649.1583251953125,0.9854418039321899],[730.936767578125,749.4558715820312,0.9949312806129456],[978.8073120117188,654.1834716796875,0.9332216382026672],[710.228515625,767.6320190429688,0.9769952297210693],[1021.46875,640.1211547851562,0.8854641318321228],[980.9276733398438,757.9337768554688,0.9997005462646484],[1015.3890991210938,757.6550903320312,0.9992438554763794],[1119.0220947265625,855.3821411132812,0.999330997467041],[1051.3480224609375,853.0621948242188,0.9985517859458923],[1316.990234375,942.9207153320312,0.9963040351867676],[1144.6243896484375,955.5432739257812,0.9944082498550415]]",GEOM_UPRIGHT_OR_LIMB_SUPPORTED,"{""torso_angle"": 30.863056718060406, ""shoulder_hip_dy"": 0.192390817245384, ""y_band_ratio"": 0.6600789968104623, ""kp_mean_conf"": 0.8635647725313902, ""visible"": 16, ""bbox_ar"": 1.7084475146432598}"
V2_ORIGINAL::IMG_003987,9dc8c1e15e4e31d1c22d5a868a207d56530752c6902fa9c678d824ba7a6e8bb6,0,0.9141858816146851,530.3372192382812,544.5580444335938,1234.1373291015625,1021.5770874023438,0.16190492614211205,primary,"[[1034.93701171875,564.6183471679688,0.9742264747619629],[1047.296630859375,560.8475952148438,0.9116731286048889],[1023.0540771484375,553.1444702148438,0.8872109651565552],[1064.890869140625,588.4234008789062,0.6003742218017578],[995.91015625,576.7482299804688,0.4452416002750397],[1089.360107421875,641.4585571289062,0.9956640601158142],[961.5826416015625,626.701171875,0.9920454025268555],[1151.4146728515625,687.298828125,0.9918901920318604],[832.0515747070312,656.4931640625,0.9818524718284607],[1186.1531982421875,747.7333374023438,0.9896173477172852],[722.3297119140625,663.0243530273438,0.9811872243881226],[1020.2440795898438,755.1883544921875,0.999123752117157],[924.1701049804688,741.794189453125,0.9986565113067627],[1048.6561279296875,765.9255981445312,0.998375654220581],[829.3699951171875,750.9039916992188,0.9975447058677673],[1020.8389892578125,961.7188110351562,0.9919953346252441],[680.021728515625,931.7265014648438,0.9896933436393738]]",GEOM_UPRIGHT_OR_LIMB_SUPPORTED,"{""torso_angle"": 114.96435363165753, ""shoulder_hip_dy"": 0.23984662490339684, ""y_band_ratio"": 0.7023150209584056, ""kp_mean_conf"": 0.9250807288814994, ""visible"": 17, ""bbox_ar"": 1.475413026455189}"
V2_ORIGINAL::IMG_003988,2d18f5d7a8e1fb5d146ba1167c7a02d08ea63e72f6c3dacfcce8997cd19695b2,0,0.90265953540802,563.1036987304688,383.25238037109375,1751.8326416015625,1033.92236328125,0.3730084109484677,primary,"[[787.030517578125,410.0118103027344,0.718981921672821],[785.0760498046875,392.3138122558594,0.5609200596809387],[772.171142578125,399.9107666015625,0.24853986501693726],[779.9118041992188,408.6991882324219,0.8950397372245789],[771.206787109375,425.0679931640625,0.6385650634765625],[790.9852294921875,505.4449768066406,0.9990953207015991],[902.2022705078125,465.151611328125,0.9959927797317505],[730.3628540039062,615.1384887695312,0.9943820834159851],[1084.64794921875,478.4879455566406,0.9589855074882507],[642.911865234375,656.7660522460938,0.9694501161575317],[1185.37890625,444.8588562011719,0.9133893251419067],[1051.55615234375,617.075439453125,0.9997356534004211],[1098.84130859375,621.4871215820312,0.9994943141937256],[1229.7208251953125,689.1375732421875,0.9992747902870178],[1248.2982177734375,695.099365234375,0.9988641738891602],[1512.0455322265625,841.9762573242188,0.9951677322387695],[1467.836669921875,887.8372802734375,0.9940049052238464]]",GEOM_UPRIGHT_OR_LIMB_SUPPORTED,"{""torso_angle"": 30.37412114675031, ""shoulder_hip_dy"": 0.20591542559094128, ""y_band_ratio"": 0.6496160573672514, ""kp_mean_conf"": 0.875287255820106, ""visible"": 17, ""bbox_ar"": 1.8269306623834713}"
V2_ORIGINAL::IMG_003989,abc8eeef34ef97fc9ac4511ae695e911ec950c384ff3a959cf1a05e24955588e,0,0.8838883638381958,625.30224609375,682.0658569335938,1312.8787841796875,888.6829833984375,0.06851132741317592,primary,"[[680.3092041015625,737.6350708007812,0.7815826535224915],[680.4203491210938,726.7077026367188,0.7755933403968811],[678.881103515625,729.588623046875,0.36896175146102905],[693.4255981445312,720.629150390625,0.8885238766670227],[694.3988647460938,723.6559448242188,0.40234676003456116],[751.9630737304688,738.82763671875,0.9978882670402527],[758.3428955078125,748.6093139648438,0.9675355553627014],[833.126220703125,773.5699462890625,0.9894148111343384],[828.6743774414062,782.0355834960938,0.7239135503768921],[858.0454711914062,835.0263061523438,0.9507113099098206],[840.1082153320312,811.1376342773438,0.6472979784011841],[966.1563720703125,750.6005859375,0.9977838397026062],[964.6151733398438,773.1580810546875,0.9913206696510315],[1117.929443359375,801.3124389648438,0.993916928768158],[1121.107177734375,819.5338134765625,0.9807437062263489],[1228.8843994140625,803.40380859375,0.9801539182662964],[1224.571044921875,811.5828247070312,0.9600988030433655]]",GEOM_LYING,"{""torso_angle"": 4.93721170359827, ""shoulder_hip_dy"": 0.08789618975456508, ""y_band_ratio"": 0.39060739125875316, ""kp_mean_conf"": 0.8469286894097048, ""visible"": 17, ""bbox_ar"": 3.3277809533515597}"
V2_ORIGINAL::IMG_003990,4791a565447bec69f60b175570fb4bdb5efc1dde5d2474f50073b03398cd012e,0,0.9114727973937988,416.9688720703125,509.7768859863281,1338.2403564453125,827.931396484375,0.1413516001866981,primary,"[[1247.123779296875,592.1653442382812,0.6548966765403748],[1248.36767578125,588.2655639648438,0.35000643134117126],[1256.8143310546875,579.3615112304688,0.4355207085609436],[1233.218017578125,577.256103515625,0.5469375252723694],[1254.119384765625,565.0325317382812,0.6848927736282349],[1187.93212890625,608.5352783203125,0.986839234828949],[1201.3448486328125,587.8262329101562,0.9949552416801453],[1106.3177490234375,675.6393432617188,0.9237092137336731],[1124.5914306640625,666.3085327148438,0.9783546924591064],[1081.3538818359375,749.4912109375,0.8547417521476746],[1085.6705322265625,757.3255004882812,0.9224523305892944],[947.6549072265625,620.200927734375,0.9966626763343811],[947.1806640625,589.8623657226562,0.9977942705154419],[783.7496948242188,675.0829467773438,0.991727352142334],[766.6983032226562,654.3085327148438,0.9940452575683594],[598.17333984375,661.0245361328125,0.9766955971717834],[570.1296997070312,645.3132934570312,0.980789840221405]]",GEOM_LYING,"{""torso_angle"": 178.41264623244712, ""shoulder_hip_dy"": 0.021533220140606203, ""y_band_ratio"": 0.27425892447852995, ""kp_mean_conf"": 0.8394718573373907, ""visible"": 17, ""bbox_ar"": 2.895673183865346}"
V2_ORIGINAL::IMG_003991,38ce6cfd624925a391aacf8d6c267d8413b097d6ec4ded21c7df9f4bff2cfeff,0,0.9097375273704529,436.5989685058594,525.1224975585938,1458.57958984375,1073.697998046875,0.27036725059787714,primary,"[[1317.5592041015625,583.576904296875,0.6011903285980225],[1314.3780517578125,576.4553833007812,0.2626647651195526],[1337.1614990234375,573.8180541992188,0.236824631690979],[1290.3577880859375,574.8228759765625,0.7141648530960083],[1362.58740234375,581.5328979492188,0.5806528329849243],[1205.907470703125,598.8499145507812,0.9956040382385254],[1341.717529296875,648.181884765625,0.9976423382759094],[1081.11767578125,612.1759643554688,0.9835675954818726],[1359.2603759765625,757.9940795898438,0.9921663999557495],[1036.6005859375,578.9451904296875,0.9731464385986328],[1408.177734375,802.9412841796875,0.9742169380187988],[983.8235473632812,729.853271484375,0.9994070529937744],[1053.0582275390625,727.9663696289062,0.9994614720344543],[834.10400390625,751.242431640625,0.9987150430679321],[866.3441772460938,760.9111328125,0.9987164735794067],[648.8395385742188,917.486083984375,0.9924350380897522],[631.3046875,909.531982421875,0.9924212098121643]]",GEOM_LYING,"{""torso_angle"": 157.5736661372291, ""shoulder_hip_dy"": 0.19212290888788777, ""y_band_ratio"": 0.5808428724031224, ""kp_mean_conf"": 0.8407645558609682, ""visible"": 17, ""bbox_ar"": 1.862971679246041}"
V2_ORIGINAL::IMG_003991,38ce6cfd624925a391aacf8d6c267d8413b097d6ec4ded21c7df9f4bff2cfeff,1,0.4755667746067047,508.9385681152344,0.0,720.5304565429688,454.3319396972656,0.04636041333602429,primary,"[[641.1558837890625,28.970855712890625,0.897389829158783],[648.8379516601562,14.681636810302734,0.44947245717048645],[630.0105590820312,15.251335144042969,0.8922615051269531],[650.7277221679688,7.662197113037109,0.0843140184879303],[595.165283203125,3.8114547729492188,0.8450600504875183],[655.798828125,40.96267318725586,0.9593057632446289],[538.9623413085938,40.988731384277344,0.9881640672683716],[695.181396484375,116.24040985107422,0.85196852684021],[534.2861938476562,130.88612365722656,0.9736533761024475],[699.2262573242188,121.59050750732422,0.8549197912216187],[637.4564208984375,118.83854675292969,0.9611586332321167],[638.2153930664062,196.49423217773438,0.9870651960372925],[560.141845703125,205.7736053466797,0.9931147694587708],[728.15625,233.23851013183594,0.9763517379760742],[646.080810546875,245.1055450439453,0.9878360629081726],[708.7352294921875,351.1418151855469,0.9359601140022278],[652.5516967773438,360.8908386230469,0.9547454118728638]]",GEOM_UPRIGHT_OR_LIMB_SUPPORTED,"{""torso_angle"": 89.35678935250277, ""shoulder_hip_dy"": 0.35251366343109936, ""y_band_ratio"": 0.7041727368957779, ""kp_mean_conf"": 0.9067767057567835, ""visible"": 16, ""bbox_ar"": 0.4657209188698556}"
V2_ORIGINAL::IMG_003991,38ce6cfd624925a391aacf8d6c267d8413b097d6ec4ded21c7df9f4bff2cfeff,2,0.19468912482261658,510.410888671875,0.5413284301757812,712.3445434570312,133.34909057617188,0.012933235336602391,primary,"[[641.1558837890625,28.970855712890625,0.897389829158783],[648.8379516601562,14.681636810302734,0.44947245717048645],[630.0105590820312,15.251335144042969,0.8922615051269531],[650.7277221679688,7.662197113037109,0.0843140184879303],[595.165283203125,3.8114547729492188,0.8450600504875183],[655.798828125,40.96267318725586,0.9593057632446289],[538.9623413085938,40.988731384277344,0.9881640672683716],[695.181396484375,116.24040985107422,0.85196852684021],[534.2861938476562,130.88612365722656,0.9736533761024475],[699.2262573242188,121.59050750732422,0.8549197912216187],[637.4564208984375,118.83854675292969,0.9611586332321167],[638.2153930664062,196.49423217773438,0.9870651960372925],[560.141845703125,205.7736053466797,0.9931147694587708],[728.15625,233.23851013183594,0.9763517379760742],[646.080810546875,245.1055450439453,0.9878360629081726],[708.7352294921875,351.1418151855469,0.9359601140022278],[652.5516967773438,360.8908386230469,0.9547454118728638]]",GEOM_UPRIGHT_OR_LIMB_SUPPORTED,"{""torso_angle"": 89.35678935250277, ""shoulder_hip_dy"": 1.205940179161952, ""y_band_ratio"": 2.4089568280210365, ""kp_mean_conf"": 0.9067767057567835, ""visible"": 16, ""bbox_ar"": 1.5204958770645483}"
V2_ORIGINAL::IMG_003992,b4de656feff104baf2db6ddaddd657dbf850a940b31683a66e179b52e650ffba,0,0.9340821504592896,372.8962097167969,619.4765014648438,1277.122802734375,1067.480712890625,0.1953594337167539,primary,"[[1162.735107421875,625.7728881835938,0.9150378704071045],[1184.2470703125,631.081787109375,0.8230432868003845],[1160.3621826171875,611.1948852539062,0.6275612711906433],[1204.896728515625,675.8245239257812,0.5153041481971741],[1136.961181640625,636.25634765625,0.20108537375926971],[1182.704345703125,726.6167602539062,0.9953966736793518],[1063.7266845703125,678.9801635742188,0.9693289995193481],[1214.047607421875,781.3577880859375,0.9928547739982605],[933.104736328125,726.0305786132812,0.9256948828697205],[1236.2105712890625,824.6552734375,0.9856330752372742],[822.2022094726562,736.742431640625,0.912858784198761],[986.9070434570312,807.0977783203125,0.9994789958000183],[900.3359985351562,768.6141357421875,0.9984740614891052],[907.2042846679688,888.3967895507812,0.9989423155784607],[734.5099487304688,844.2324829101562,0.9969281554222107],[761.2504272460938,989.2434692382812,0.9956910014152527],[514.8678588867188,915.18408203125,0.9910462498664856]]",GEOM_UPRIGHT_OR_LIMB_SUPPORTED,"{""torso_angle"": 154.65730119016303, ""shoulder_hip_dy"": 0.1898586954048725, ""y_band_ratio"": 0.6925455112947356, ""kp_mean_conf"": 0.8731976423193427, ""visible"": 17, ""bbox_ar"": 2.018343957392412}"
V2_ORIGINAL::IMG_003993,9bf58dce8362de316637a40ce17ef8cf5a4a65455b6bb9bdc22a40bb860abee4,0,0.8312535285949707,225.1289520263672,454.7342834472656,1638.9459228515625,926.8872680664062,0.3219222137732969,primary,"[[1482.699462890625,479.879150390625,0.7293291687965393],[1487.5565185546875,468.3958740234375,0.4300527572631836],[1483.4007568359375,464.8380432128906,0.39550894498825073],[1452.6947021484375,470.7590637207031,0.6548909544944763],[1451.8189697265625,474.7566833496094,0.5563485622406006],[1355.005859375,527.938720703125,0.9938546419143677],[1407.1011962890625,535.2103881835938,0.9930186867713928],[1328.9384765625,611.4600219726562,0.966821551322937],[1421.01953125,668.6239013671875,0.965435266494751],[1470.453125,717.0264892578125,0.922607421875],[1526.60986328125,737.6455688476562,0.8730067014694214],[1021.4613647460938,643.1076049804688,0.9982463121414185],[1039.3179931640625,617.2009887695312,0.9977541565895081],[720.269775390625,694.4603271484375,0.9950438737869263],[752.423095703125,698.1710205078125,0.9925206899642944],[539.2406005859375,751.453125,0.9834408760070801],[519.6790771484375,767.7236938476562,0.975796103477478]]",GEOM_LYING,"{""torso_angle"": 164.29809507771742, ""shoulder_hip_dy"": 0.20878771424299983, ""y_band_ratio"": 0.5078544051520766, ""kp_mean_conf"": 0.8484515687998604, ""visible"": 17, ""bbox_ar"": 2.9944043919697814}"
V2_ORIGINAL::IMG_003993,9bf58dce8362de316637a40ce17ef8cf5a4a65455b6bb9bdc22a40bb860abee4,1,0.15016040205955505,1661.07421875,0.956817626953125,1718.73193359375,83.87751007080078,0.002305660512911682,background,[],GEOM_UNCERTAIN,null
V2_ORIGINAL::IMG_003994,560f13e4a70db0d94d90f60f41b9d100fbae87b7b0cd3a69bd00a4515b4dfb52,0,0.8572590351104736,630.833984375,512.7857666015625,1324.0335693359375,868.7902221679688,0.1190114490947518,primary,"[[1083.0262451171875,742.4210815429688,0.5291396379470825],[1085.4632568359375,744.9987182617188,0.36273637413978577],[1099.41796875,746.5775756835938,0.3043789863586426],[1086.11572265625,755.779541015625,0.6606707572937012],[1128.2061767578125,760.3368530273438,0.4563872814178467],[1004.357666015625,740.6753540039062,0.9486081004142761],[1145.60107421875,759.3202514648438,0.9686663746833801],[843.5193481445312,680.1674194335938,0.8886984586715698],[1210.694091796875,736.5582885742188,0.9212333559989929],[763.941650390625,642.6806030273438,0.8818007111549377],[1283.2947998046875,726.0993041992188,0.890385091304779],[935.6614379882812,635.9430541992188,0.9731146097183228],[1020.110107421875,635.6189575195312,0.9754870533943176],[893.6025390625,582.170166015625,0.9595990777015686],[1014.5282592773438,586.3197631835938,0.9621459245681763],[850.5203247070312,580.0256958007812,0.937831699848175],[984.5264282226562,582.2701416015625,0.9427407383918762]]",GEOM_UPRIGHT_OR_LIMB_SUPPORTED,"{""torso_angle"": 130.36725073053245, ""shoulder_hip_dy"": 0.3208296836995483, ""y_band_ratio"": 0.5036300890639227, ""kp_mean_conf"": 0.7978602490004372, ""visible"": 17, ""bbox_ar"": 1.9471654753816234}"
V2_ORIGINAL::IMG_003995,5d32e551633bc5f3cbccce2413e955e88ff6bb590eb8acf1a89ec25d9e39aa59,0,0.9413257837295532,451.25006103515625,433.84661865234375,1108.0548095703125,1004.6093139648438,0.1807868675578581,primary,"[[678.2998046875,492.0218811035156,0.8579921126365662],[682.5076904296875,478.4674987792969,0.5466160774230957],[666.6690673828125,480.5448303222656,0.5971269011497498],[677.7647094726562,485.34063720703125,0.4879864454269409],[646.8701171875,491.06341552734375,0.6294541954994202],[709.8302612304688,529.8768310546875,0.9958314299583435],[638.5469970703125,539.8218383789062,0.9961208701133728],[814.69775390625,579.1173706054688,0.9881971478462219],[562.478515625,611.6740112304688,0.9874483942985535],[882.3822021484375,634.6309204101562,0.981226921081543],[503.9859313964844,666.7913818359375,0.97978675365448],[732.9364624023438,644.7393188476562,0.9990273714065552],[704.7980346679688,652.7523193359375,0.9989960789680481],[712.3912353515625,710.3291015625,0.9970943927764893],[749.0885009765625,719.0136108398438,0.9970940351486206],[736.994873046875,862.0881958007812,0.9822214245796204],[804.9017944335938,874.257568359375,0.9827117323875427]]",GEOM_UPRIGHT_OR_LIMB_SUPPORTED,"{""torso_angle"": 68.58121826592452, ""shoulder_hip_dy"": 0.1995513815293065, ""y_band_ratio"": 0.6033693864945651, ""kp_mean_conf"": 0.8826430755503037, ""visible"": 17, ""bbox_ar"": 1.150749258718717}"
V2_ORIGINAL::IMG_003782,44e8623e2ad766479925476c92fbab18bc3c1e7ba9e45c5654134bc13c936f2c,0,0.9131852388381958,447.1690979003906,454.5698547363281,1150.3350830078125,953.2396240234375,0.16910089678050783,primary,"[[976.13916015625,646.3975219726562,0.9221926927566528],[983.3467407226562,626.4058227539062,0.5520206689834595],[959.9976806640625,625.2737426757812,0.9261946678161621],[992.9586791992188,568.2008666992188,0.10000326484441757],[908.5449829101562,576.5833740234375,0.8576428294181824],[987.7720336914062,547.3538818359375,0.9214168190956116],[789.3404541015625,560.2097778320312,0.9856783747673035],[1059.3966064453125,645.5611572265625,0.829414427280426],[662.2112426757812,707.7523193359375,0.9776380062103271],[1068.489990234375,776.8181762695312,0.8540285229682922],[674.6874389648438,866.73486328125,0.9555043578147888],[713.842529296875,520.3876342773438,0.9102081060409546],[564.2854614257812,518.4506225585938,0.9541470408439636],[797.9597778320312,678.6609497070312,0.5952391028404236],[530.8165283203125,693.047119140625,0.7524034976959229],[812.2401733398438,721.33251953125,0.23278231918811798],[446.56329345703125,754.7664794921875,0.30266591906547546]]",GEOM_LYING,"{""torso_angle"": 172.1579601805276, ""shoulder_hip_dy"": 0.06890873185503106, ""y_band_ratio"": 0.473892486547615, ""kp_mean_conf"": 0.783073584549129, ""visible"": 16, ""bbox_ar"": 1.4100834428216034}"
V2_ORIGINAL::IMG_003782,44e8623e2ad766479925476c92fbab18bc3c1e7ba9e45c5654134bc13c936f2c,1,0.6892320513725281,1486.76513671875,3.919830322265625,1702.3663330078125,247.09068298339844,0.025283529483203893,primary,"[[1618.09326171875,51.16938781738281,0.5267548561096191],[1613.429443359375,40.19364547729492,0.0513061098754406],[1614.4456787109375,41.28695297241211,0.7052931189537048],[1566.88330078125,36.19631576538086,0.07161632180213928],[1595.345703125,38.62245178222656,0.9764479994773865],[1527.129638671875,79.35851287841797,0.9345205426216125],[1591.9197998046875,86.46675109863281,0.995988667011261],[1536.604248046875,155.04771423339844,0.3288358449935913],[1627.2276611328125,163.60411071777344,0.9864333868026733],[1606.7237548828125,147.7957763671875,0.21938900649547577],[1671.501708984375,147.94496154785156,0.9037465453147888],[1515.4423828125,248.70755004882812,0.8172414898872375],[1559.3101806640625,253.7010498046875,0.9505338668823242],[1549.5626220703125,327.2803039550781,0.09541583061218262],[1619.381591796875,330.40802001953125,0.37548935413360596],[1542.008544921875,364.023193359375,0.02118789777159691],[1605.7841796875,374.22906494140625,0.07149291783571243]]",GEOM_UPRIGHT_OR_LIMB_SUPPORTED,"{""torso_angle"": 97.49746299768941, ""shoulder_hip_dy"": 0.6920717104724422, ""y_band_ratio"": 1.032399666299479, ""kp_mean_conf"": 0.7267228898902734, ""visible"": 12, ""bbox_ar"": 0.8866243381130484}"
V2_ORIGINAL::IMG_003782,44e8623e2ad766479925476c92fbab18bc3c1e7ba9e45c5654134bc13c936f2c,2,0.44602125883102417,1439.7408447265625,3.189056396484375,1701.401123046875,484.28173828125,0.06070739054775913,primary,"[[1619.64990234375,53.60462951660156,0.5204079151153564],[1614.4681396484375,39.239524841308594,0.1139252781867981],[1616.4298095703125,39.63134765625,0.6001474857330322],[1569.8873291015625,31.98822784423828,0.20328225195407867],[1603.28515625,36.31974792480469,0.9190124869346619],[1528.6993408203125,81.03170013427734,0.9120877385139465],[1600.2177734375,86.2188720703125,0.9920564293861389],[1524.47412109375,168.83436584472656,0.46289509534835815],[1627.2857666015625,164.65548706054688,0.9653627872467041],[1593.280517578125,176.82542419433594,0.34232431650161743],[1676.7825927734375,140.94384765625,0.8579061627388],[1501.451171875,256.7192077636719,0.9595835208892822],[1551.90869140625,259.6512451171875,0.9884042739868164],[1484.9549560546875,378.10247802734375,0.9229426383972168],[1547.535400390625,387.4248046875,0.9763094782829285],[1456.431884765625,496.4820556640625,0.8457798957824707],[1513.3785400390625,513.3630981445312,0.9204616546630859]]",GEOM_UPRIGHT_OR_LIMB_SUPPORTED,"{""torso_angle"": 102.21173662171135, ""shoulder_hip_dy"": 0.36284056463770215, ""y_band_ratio"": 0.8986447191766028, ""kp_mean_conf"": 0.7743102582171559, ""visible"": 16, ""bbox_ar"": 0.543887463212311}"
V2_ORIGINAL::IMG_003783,7dedf3f76b5dee1261b3a17ffca7cddd821fba988c617c2009b9040b935b1821,0,0.9226503968238831,577.38525390625,409.98065185546875,1383.2237548828125,738.109130859375,0.12751666746152937,primary,"[[1320.7420654296875,518.2088623046875,0.8737226724624634],[1324.739501953125,513.0236206054688,0.5339399576187134],[1325.4935302734375,503.5542297363281,0.8092843890190125],[1302.6800537109375,495.7335205078125,0.5127636790275574],[1305.3865966796875,484.3929138183594,0.8726505041122437],[1244.875244140625,516.0169677734375,0.9860759377479553],[1241.0836181640625,502.17877197265625,0.9983723759651184],[1202.125732421875,582.8739624023438,0.9045867919921875],[1201.4930419921875,587.1190795898438,0.9940542578697205],[1249.191650390625,661.2317504882812,0.8470727205276489],[1234.7962646484375,679.8156127929688,0.9690800905227661],[1012.5824584960938,578.6304931640625,0.9947041869163513],[1001.9304809570312,552.356689453125,0.9980556964874268],[820.8878173828125,617.76708984375,0.9804992079734802],[799.70654296875,598.3217163085938,0.9915669560432434],[696.1112060546875,620.8119506835938,0.9375671148300171],[676.2848510742188,605.4517822265625,0.9620498418807983]]",GEOM_LYING,"{""torso_angle"": 166.5451343256983, ""shoulder_hip_dy"": 0.171870852559785, ""y_band_ratio"": 0.361544901774665, ""kp_mean_conf"": 0.8921203753527474, ""visible"": 17, ""bbox_ar"": 2.4558627261578514}"
V2_ORIGINAL::IMG_003784,fe68b7260d64c41240854528bd9b8288ee9273426440d9565c628b7b96b5d279,0,0.9268225431442261,486.7288818359375,309.9465637207031,1569.9456787109375,816.3763427734375,0.2645511396159418,primary,"[[540.052978515625,424.6372375488281,0.47630465030670166],[534.5897216796875,415.1593322753906,0.4707850515842438],[564.33447265625,410.10333251953125,0.07585162669420242],[555.3060302734375,396.7792053222656,0.9169403910636902],[636.6424560546875,383.0817565917969,0.3704898953437805],[604.0177001953125,415.8621826171875,0.9981124401092529],[692.1134643554688,422.2306213378906,0.987330436706543],[642.1102905273438,506.873291015625,0.9877881407737732],[696.6920166015625,541.5208129882812,0.8079831600189209],[599.1516723632812,588.8638916015625,0.902027428150177],[560.68994140625,708.3343505859375,0.5874668955802917],[950.329833984375,470.092529296875,0.9983206391334534],[996.8681030273438,501.2447204589844,0.9952844977378845],[1202.9888916015625,584.439208984375,0.9934093952178955],[1239.96875,588.4905395507812,0.9848318696022034],[1441.177001953125,667.9957275390625,0.9600504636764526],[1456.6375732421875,628.2879028320312,0.9406176805496216]]",GEOM_LYING,"{""torso_angle"": 11.56618681660612, ""shoulder_hip_dy"": 0.13155273575145207, ""y_band_ratio"": 0.4978647689191682, ""kp_mean_conf"": 0.8361089397221804, ""visible"": 16, ""bbox_ar"": 2.1389279258047047}"
V2_ORIGINAL::IMG_003785,a77070411d9ef6b04478c49bacf57f784dccc1ec7c4ba101221f19a027028dec,0,0.8985344767570496,616.1778564453125,440.5997314453125,1355.580078125,884.213623046875,0.15818339941076745,primary,"[[744.5137939453125,592.1233520507812,0.9054384827613831],[746.80712890625,570.3557739257812,0.857448160648346],[730.0014038085938,576.8902587890625,0.5220770835876465],[782.5433349609375,527.1853637695312,0.7641075253486633],[716.0383911132812,540.7647705078125,0.2046486884355545],[879.2260131835938,540.8606567382812,0.9973908066749573],[758.7073974609375,531.4598999023438,0.9854775667190552],[911.2329711914062,691.0016479492188,0.9947758913040161],[744.4509887695312,633.1957397460938,0.9518356919288635],[877.5254516601562,829.3573608398438,0.9805722236633301],[695.9022827148438,768.7855224609375,0.9230778217315674],[1063.37841796875,539.8109130859375,0.9988390803337097],[969.4052734375,547.7849731445312,0.9972646236419678],[1166.6312255859375,622.3304443359375,0.9954957962036133],[979.5888671875,627.7644653320312,0.9902894496917725],[1291.15625,605.6940307617188,0.9753608703613281],[1058.1326904296875,634.7466430664062,0.9632184505462646]]",GEOM_LYING,"{""torso_angle"": 2.215461722606422, ""shoulder_hip_dy"": 0.01721691980237116, ""y_band_ratio"": 0.2328302722693608, ""kp_mean_conf"": 0.8827834243283552, ""visible"": 17, ""bbox_ar"": 1.666769764603745}"
V2_ORIGINAL::IMG_003786,f7e3f93d49290d8262bf2f119da7e4d34e03675776f035ed52eb7b863efcd793,0,0.7028945684432983,584.705078125,602.6185913085938,1245.9102783203125,827.6072998046875,0.07174175542189645,primary,"[[669.3302001953125,736.5759887695312,0.9439126253128052],[661.0989990234375,718.9461059570312,0.9189191460609436],[659.7864379882812,736.8458862304688,0.7563591599464417],[669.241943359375,688.56591796875,0.7734637260437012],[646.710205078125,727.2910766601562,0.3471854627132416],[753.7066650390625,657.7695922851562,0.995266318321228],[706.6737670898438,738.8029174804688,0.9569881558418274],[889.03955078125,683.0615844726562,0.989283561706543],[802.7359008789062,791.6306762695312,0.8052505254745483],[861.7944946289062,786.4879760742188,0.975529670715332],[796.2927856445312,790.5313720703125,0.8310607671737671],[994.986328125,626.943115234375,0.9939822554588318],[962.8674926757812,674.4473876953125,0.9804927706718445],[1069.1400146484375,667.970947265625,0.9795895218849182],[1045.3126220703125,718.7896728515625,0.9402124881744385],[1212.1871337890625,641.4724731445312,0.9359973669052124],[1206.7467041015625,667.42041015625,0.8796818256378174]]",GEOM_LYING,"{""torso_angle"": 10.831544447984843, ""shoulder_hip_dy"": 0.2115261860743337, ""y_band_ratio"": 0.49717962734132437, ""kp_mean_conf"": 0.8825397263554966, ""visible"": 17, ""bbox_ar"": 2.9388372626121915}"
V2_ORIGINAL::IMG_003786,f7e3f93d49290d8262bf2f119da7e4d34e03675776f035ed52eb7b863efcd793,1,0.30776283144950867,595.6865844726562,375.9571838378906,650.6735229492188,458.0257873535156,0.002176264107046235,background,[],GEOM_UNCERTAIN,null
V2_ORIGINAL::IMG_003787,4b03baae4546eb6f47fb73a16830c7a1ba949f331babc98b0bbccba0c05b7c11,0,0.873924732208252,498.1285400390625,325.3942565917969,1861.177490234375,953.2702026367188,0.41272456072020614,primary,"[[613.347412109375,494.89215087890625,0.6473332643508911],[625.3143310546875,476.7502746582031,0.6438387632369995],[633.251220703125,469.1820373535156,0.13006043434143066],[675.1990356445312,452.826171875,0.9573366641998291],[713.3424682617188,432.428955078125,0.4402350187301636],[714.2982788085938,480.46649169921875,0.9982617497444153],[790.4022216796875,447.2416076660156,0.9940136075019836],[737.165771484375,652.1129150390625,0.9854662418365479],[780.4722290039062,598.980224609375,0.8963367938995361],[704.8779296875,799.5027465820312,0.8722903728485107],[686.4133911132812,862.3165283203125,0.6895403265953064],[1108.7384033203125,517.756591796875,0.9971455931663513],[1141.4559326171875,539.8392333984375,0.9946407079696655],[1414.502685546875,649.24951171875,0.9857172966003418],[1473.2735595703125,632.8955078125,0.9787541031837463],[1767.793212890625,784.7312622070312,0.9170267581939697],[1765.9951171875,740.5133056640625,0.910925567150116]]",GEOM_LYING,"{""torso_angle"": 9.88345810415189, ""shoulder_hip_dy"": 0.10343422665596526, ""y_band_ratio"": 0.5375100872503716, ""kp_mean_conf"": 0.8693039268255234, ""visible"": 16, ""bbox_ar"": 2.170888945151264}"
V2_ORIGINAL::IMG_003788,4708f5506f9bc32adfa05ccf4926c76a7841034d02e658a652a832c7cb4a4adc,0,0.9298908710479736,543.1592407226562,491.1700744628906,1392.8115234375,882.7238159179688,0.1604381415088951,primary,"[[1314.2733154296875,606.5678100585938,0.9356752038002014],[1317.61669921875,594.5352172851562,0.5487873554229736],[1313.239501953125,588.1631469726562,0.9189054369926453],[1293.9373779296875,550.2821044921875,0.19562101364135742],[1273.5611572265625,552.1854248046875,0.8493972420692444],[1219.880615234375,545.2545166015625,0.9679608345031738],[1216.0601806640625,567.7837524414062,0.9977814555168152],[1165.9249267578125,644.416259765625,0.82279372215271],[1159.6285400390625,721.2422485351562,0.9948069453239441],[1205.0177001953125,757.2908935546875,0.7980543375015259],[1179.5035400390625,830.2648315429688,0.9767645001411438],[964.6067504882812,573.3134765625,0.9929594993591309],[956.055419921875,560.3741455078125,0.9981081485748291],[816.891357421875,667.3189697265625,0.9805032014846802],[787.7225341796875,666.9644165039062,0.9938281178474426],[681.4044189453125,659.5468139648438,0.9545015096664429],[634.91015625,660.8194580078125,0.976479709148407]]",GEOM_LYING,"{""torso_angle"": 177.7051482637418, ""shoulder_hip_dy"": 0.026368478756718498, ""y_band_ratio"": 0.311743804749224, ""kp_mean_conf"": 0.9192067012190819, ""visible"": 16, ""bbox_ar"": 2.1699506166315667}"
V2_ORIGINAL::IMG_003789,21f4286a344ea0ac02c3f5ce64d9873282b0e088c68b5f15cb1aaee753ab9c96,0,0.4984520971775055,975.4773559570312,476.92071533203125,1290.7496337890625,586.9727783203125,0.016732428905492674,primary,"[[996.2728271484375,517.4121704101562,0.8057423830032349],[996.8267211914062,510.32537841796875,0.7851079106330872],[995.8411254882812,511.1715087890625,0.41318681836128235],[1008.6854248046875,499.0715637207031,0.8182328939437866],[1001.6898193359375,499.5121765136719,0.2616005837917328],[1040.056396484375,505.2497253417969,0.9954179525375366],[1027.0162353515625,506.1435546875,0.9432583451271057],[1069.200439453125,537.0357666015625,0.990019679069519],[1054.7225341796875,534.1223754882812,0.7571784853935242],[1050.1973876953125,566.2542114257812,0.9738083481788635],[1045.798095703125,561.5665893554688,0.7564404010772705],[1124.3558349609375,518.6619873046875,0.996071457862854],[1114.5692138671875,525.2523193359375,0.9849390983581543],[1168.6085205078125,552.772216796875,0.9896888732910156],[1162.3524169921875,557.0028076171875,0.9645266532897949],[1232.8173828125,554.884033203125,0.9631434679031372],[1230.1199951171875,557.4393310546875,0.9215236902236938]]",GEOM_LYING,"{""torso_angle"": 10.715829103151396, ""shoulder_hip_dy"": 0.147752916793532, ""y_band_ratio"": 0.474226509669773, ""kp_mean_conf"": 0.8423462965909172, ""visible"": 17, ""bbox_ar"": 2.864755728073926}"
V2_ORIGINAL::IMG_003789,21f4286a344ea0ac02c3f5ce64d9873282b0e088c68b5f15cb1aaee753ab9c96,1,0.33013981580734253,1869.346435546875,418.5296630859375,1919.44482421875,545.599609375,0.0030700229348494083,background,[],GEOM_UNCERTAIN,null
V2_ORIGINAL::IMG_003790,f1247d624540a5c7d88d0ec34acd267160c564003bea77c3aae1df5cfcafe50b,0,0.8738547563552856,870.1807250976562,511.5130920410156,1326.8660888671875,850.558837890625,0.07467073195304827,primary,"[[1151.561279296875,710.356689453125,0.6479812860488892],[1160.0880126953125,698.1377563476562,0.2856055796146393],[1136.9989013671875,696.01904296875,0.4986603558063507],[1188.866455078125,653.9656372070312,0.07703403383493423],[1101.541259765625,651.7467041015625,0.3056422770023346],[1220.430419921875,611.0994873046875,0.8788127899169922],[1019.8056030273438,598.54150390625,0.9147143959999084],[1288.4124755859375,691.3685302734375,0.8990646600723267],[877.7894897460938,692.4979248046875,0.9397347569465637],[1274.903076171875,807.0741577148438,0.9120984673500061],[981.7445068359375,792.78515625,0.9397074580192566],[1108.782470703125,618.2609252929688,0.9607542753219604],[971.3795166015625,614.2456665039062,0.966435968875885],[1159.30712890625,736.2460327148438,0.8461077213287354],[962.4063720703125,734.2562255859375,0.8650802373886108],[1159.4547119140625,749.77880859375,0.5742539167404175],[902.5514526367188,756.8946533203125,0.5862079858779907]]",GEOM_LYING,"{""torso_angle"": 171.87064086503125, ""shoulder_hip_dy"": 0.03372052424465458, ""y_band_ratio"": 0.4670554087539068, ""kp_mean_conf"": 0.7513038832694292, ""visible"": 16, ""bbox_ar"": 1.3469727001739267}"
V2_ORIGINAL::IMG_003791,38734fed0f3668e0742c0ab92ea498ec156e09d8300ecf9c3c49cc36154805b7,0,0.9102204442024231,571.664794921875,392.6165771484375,1203.9693603515625,805.825439453125,0.12600012061692756,primary,"[[751.9142456054688,590.0511474609375,0.9202172160148621],[751.8146362304688,574.9735107421875,0.8173801302909851],[738.3712768554688,582.5150756835938,0.7872282266616821],[772.32568359375,536.5241088867188,0.5112802982330322],[715.0701904296875,551.9042358398438,0.48511171340942383],[836.7782592773438,518.921630859375,0.9839078187942505],[715.8633422851562,501.8914794921875,0.9814305901527405],[857.0518798828125,624.7146606445312,0.9609638452529907],[631.8697509765625,537.5870361328125,0.9483782052993774],[862.1027221679688,736.536865234375,0.9534147381782532],[654.5717163085938,624.6599731445312,0.9508671760559082],[971.253173828125,427.85211181640625,0.9934786558151245],[893.2421875,435.4007263183594,0.9927461743354797],[998.9441528320312,488.04473876953125,0.9867488145828247],[900.785400390625,496.6425476074219,0.9846674203872681],[1092.1590576171875,492.9753112792969,0.969147264957428],[986.0875854492188,529.1858520507812,0.967549741268158]]",GEOM_UPRIGHT_OR_LIMB_SUPPORTED,"{""torso_angle"": 26.804625731662238, ""shoulder_hip_dy"": 0.19065451711030434, ""y_band_ratio"": 0.24523612506562026, ""kp_mean_conf"": 0.8937951782170463, ""visible"": 17, ""bbox_ar"": 1.5302299227150786}"
V2_ORIGINAL::IMG_003791,38734fed0f3668e0742c0ab92ea498ec156e09d8300ecf9c3c49cc36154805b7,1,0.5516765713691711,1682.4539794921875,71.68409729003906,1872.9576416015625,285.2278747558594,0.019618475900804493,primary,"[[1762.3238525390625,144.3665313720703,0.9435682892799377],[1774.83544921875,132.75677490234375,0.9614352583885193],[1757.22802734375,132.89013671875,0.6097054481506348],[1811.554443359375,131.67869567871094,0.9366304278373718],[1769.703125,132.28836059570312,0.08982785791158676],[1843.341064453125,180.12667846679688,0.9779790043830872],[1777.19384765625,174.6009521484375,0.9263091087341309],[1806.37841796875,273.3457946777344,0.9122827053070068],[1739.1727294921875,256.7024230957031,0.4878644049167633],[1732.3692626953125,239.31930541992188,0.8243122100830078],[1721.685791015625,227.6356658935547,0.46149593591690063],[1846.2965087890625,322.3689880371094,0.6755253672599792],[1797.1282958984375,314.6675109863281,0.5216413140296936],[1787.45654296875,309.341796875,0.2078307569026947],[1716.8126220703125,301.5479736328125,0.0955270379781723],[1795.9747314453125,352.7007751464844,0.06771176308393478],[1718.4862060546875,342.0802001953125,0.0370236411690712]]",GEOM_UPRIGHT_OR_LIMB_SUPPORTED,"{""torso_angle"": 85.36453973285873, ""shoulder_hip_dy"": 0.6610093531135304, ""y_band_ratio"": 0.6919800597435977, ""kp_mean_conf"": 0.7266600177838252, ""visible"": 13, ""bbox_ar"": 0.8921058921506945}"
V2_ORIGINAL::IMG_003792,89f0c6b751a3fc4538d934f18cbf75abc3b6719bcade4b0b531c203e44d721c3,0,0.8898371458053589,626.9943237304688,325.3021240234375,1675.8253173828125,757.0056762695312,0.21835651314887972,primary,"[[682.9027099609375,460.5145568847656,0.8256655335426331],[685.72119140625,445.7221374511719,0.8133049011230469],[694.6268310546875,440.45416259765625,0.23083990812301636],[726.656494140625,425.0630798339844,0.8968793749809265],[753.0018920898438,404.833740234375,0.2285158932209015],[799.326416015625,449.7229919433594,0.9980047345161438],[841.7337036132812,421.397216796875,0.9820932149887085],[764.1986083984375,581.4904174804688,0.9933696985244751],[830.9432373046875,525.2977905273438,0.8660597801208496],[704.8193359375,593.2810668945312,0.9579340219497681],[684.0451049804688,568.2900390625,0.8099350929260254],[1187.205078125,497.8545227050781,0.9971153736114502],[1203.2117919921875,514.4393920898438,0.9917120933532715],[1421.9012451171875,599.588623046875,0.9835662245750427],[1436.69091796875,586.6799926757812,0.9628322124481201],[1599.87158203125,633.9337158203125,0.8985688090324402],[1600.9610595703125,599.3229370117188,0.8586494326591492]]",GEOM_LYING,"{""torso_angle"": 10.669085037433575, ""shoulder_hip_dy"": 0.16350769563995973, ""y_band_ratio"": 0.49232047760005576, ""kp_mean_conf"": 0.840885076452704, ""visible"": 17, ""bbox_ar"": 2.429516709314578}"
V2_ORIGINAL::IMG_003793,3e4d7e5fe90a8a30bf63a219aa6473320f0776546f99aee49410053e6c32e758,0,0.9079906940460205,609.4168090820312,438.96075439453125,1500.3602294921875,673.4236450195312,0.10073937583559503,primary,"[[1440.7181396484375,548.4088134765625,0.8800342679023743],[1446.4442138671875,537.9365844726562,0.5261948704719543],[1441.737060546875,533.44482421875,0.8300921320915222],[1430.737548828125,505.0716552734375,0.38444018363952637],[1408.18798828125,510.0434875488281,0.7653053998947144],[1378.4923095703125,508.1287841796875,0.9694132208824158],[1342.633056640625,540.0010986328125,0.9976143836975098],[1342.8333740234375,562.7342529296875,0.7963087558746338],[1334.534912109375,648.8128051757812,0.9930697083473206],[1425.25048828125,575.622802734375,0.7470208406448364],[1422.09130859375,616.5648193359375,0.964704155921936],[1113.1572265625,514.8092651367188,0.9928024411201477],[1080.6279296875,503.04931640625,0.9979391694068909],[900.12451171875,542.1311645507812,0.983005940914154],[851.3113403320312,550.6843872070312,0.9942730069160461],[745.71875,505.2801208496094,0.964730441570282],[709.5892944335938,513.1124267578125,0.9818315505981445]]",GEOM_LYING,"{""torso_angle"": 176.71461335658978, ""shoulder_hip_dy"": 0.06455456807863717, ""y_band_ratio"": 0.20316678120704737, ""kp_mean_conf"": 0.86875179234673, ""visible"": 17, ""bbox_ar"": 3.799933618643009}"
V2_ORIGINAL::IMG_003794,5fde9a687c2d7bab3e19ccc3071680f7ba5a21eaa665cb144f86ab38ab1ab627,0,0.902431309223175,585.984375,350.7673645019531,1602.503662109375,905.3795166015625,0.27188172717712733,primary,"[[633.4335327148438,473.7699279785156,0.6251968741416931],[626.6187744140625,465.49017333984375,0.5551781058311462],[650.6472778320312,461.0195617675781,0.21150900423526764],[630.3200073242188,457.9832458496094,0.8728810548782349],[701.014404296875,447.9538879394531,0.5575218796730042],[644.1306762695312,512.0419311523438,0.9954299926757812],[775.6115112304688,503.85986328125,0.9796072244644165],[673.8170776367188,593.245849609375,0.9564543962478638],[829.7415771484375,577.811279296875,0.67694091796875],[652.045166015625,625.0008544921875,0.7782769799232483],[656.7384643554688,650.9727783203125,0.4709263741970062],[934.491943359375,582.1968994140625,0.9954712390899658],[1006.968994140625,601.5579833984375,0.9896724224090576],[1185.90673828125,691.8612670898438,0.9898058772087097],[1245.6650390625,687.5209350585938,0.9808965921401978],[1418.5364990234375,755.25439453125,0.9603577852249146],[1433.962646484375,719.501953125,0.9457358717918396]]",GEOM_LYING,"{""torso_angle"": 17.83459212598602, ""shoulder_hip_dy"": 0.15132474806354362, ""y_band_ratio"": 0.4532798827041371, ""kp_mean_conf"": 0.7965801524765351, ""visible"": 17, ""bbox_ar"": 1.8328471225542247}"
V2_ORIGINAL::IMG_003795,703e735086d99182053612c80c9c6ea191cce537dfeb1d2c61626e6efb394b1b,0,0.9191234111785889,482.8232421875,380.58941650390625,1479.625244140625,654.05908203125,0.13145983317472404,primary,"[[1385.3829345703125,508.2030944824219,0.5424492955207825],[1387.4769287109375,504.818115234375,0.25359150767326355],[1396.496826171875,495.2999267578125,0.314734548330307],[1359.015869140625,485.52423095703125,0.5817028284072876],[1377.060791015625,470.4884033203125,0.6670106649398804],[1278.6376953125,481.2810363769531,0.988810658454895],[1292.6324462890625,462.3775634765625,0.9923183917999268],[1249.920166015625,525.2239379882812,0.9357149600982666],[1275.3106689453125,533.7351684570312,0.9692835211753845],[1394.947998046875,564.1585693359375,0.8672650456428528],[1415.5286865234375,560.1956176757812,0.884485125541687],[988.1079711914062,525.5513305664062,0.9950594902038574],[976.1947631835938,499.35052490234375,0.9953868985176086],[765.3892822265625,549.3486328125,0.9765570163726807],[768.6362915039062,544.94189453125,0.9766681790351868],[593.5177001953125,526.9090576171875,0.918572723865509],[568.81640625,528.1925048828125,0.9123687148094177]]",GEOM_LYING,"{""torso_angle"": 172.37621090099398, ""shoulder_hip_dy"": 0.148541622447538, ""y_band_ratio"": 0.31802821409177984, ""kp_mean_conf"": 0.8101164453169879, ""visible"": 17, ""bbox_ar"": 3.645018543577575}"
V2_ORIGINAL::IMG_003796,57174e902bab4a4d1477fdb6ec7ffa0c7a7458cf89db796153745afe4ffbb19c,0,0.7977268099784851,304.3473815917969,453.1511535644531,1228.09765625,953.1661376953125,0.22274738566941474,primary,"[[1162.96435546875,603.0362548828125,0.36385998129844666],[1151.457275390625,583.99365234375,0.06269538402557373],[1160.298583984375,587.138671875,0.30987581610679626],[1108.8643798828125,526.6835327148438,0.18394888937473297],[1142.483642578125,552.8307495117188,0.7504697442054749],[1065.343505859375,521.5049438476562,0.9330716729164124],[1128.531005859375,559.213623046875,0.99432373046875],[1007.2698364257812,601.7772827148438,0.5928173661231995],[1135.8343505859375,675.8538818359375,0.9836310148239136],[1062.9654541015625,654.1544799804688,0.4195254147052765],[1168.752197265625,689.1286010742188,0.8897969722747803],[817.715576171875,603.996337890625,0.991044282913208],[848.8965454101562,596.0050048828125,0.9974995255470276],[661.0339965820312,753.0955810546875,0.9774911403656006],[666.7269287109375,774.1587524414062,0.9929847717285156],[459.13873291015625,794.5186767578125,0.9473473429679871],[441.0330810546875,840.1771240234375,0.9726855158805847]]",GEOM_LYING,"{""torso_angle"": 167.252534988633, ""shoulder_hip_dy"": 0.11927920128858444, ""y_band_ratio"": 0.6373252608213462, ""kp_mean_conf"": 0.8077616194883982, ""visible"": 15, ""bbox_ar"": 1.8474451845956033}"
V2_ORIGINAL::IMG_003797,b9a1657ef4ebf2367368ce7885465511ce790a08431195cf4714d84018599f74,0,0.9112051129341125,654.6021728515625,595.2581787109375,1263.2568359375,868.6898803710938,0.08025920150992331,primary,"[[752.1002197265625,745.944580078125,0.9213243126869202],[754.976806640625,726.5905151367188,0.89991295337677],[741.02734375,734.10498046875,0.6695013642311096],[789.7760620117188,686.5682373046875,0.8226832151412964],[735.0369873046875,701.9782104492188,0.35257890820503235],[878.9835205078125,696.9290161132812,0.9949740171432495],[768.3659057617188,699.1331176757812,0.9675068855285645],[925.8217163085938,814.0067138671875,0.9818516969680786],[743.8187255859375,790.173583984375,0.7987790107727051],[781.4291381835938,841.5648193359375,0.9592670202255249],[722.8756713867188,832.669189453125,0.8053478598594666],[1049.301513671875,639.6428833007812,0.9862469434738159],[977.1741943359375,652.6353759765625,0.9654459357261658],[1148.95458984375,712.3916625976562,0.9524094462394714],[1109.5755615234375,714.3731689453125,0.895790696144104],[1250.7100830078125,648.4970703125,0.8331422805786133],[1236.4248046875,659.7437744140625,0.7527956366539001]]",GEOM_LYING,"{""torso_angle"": 15.309372241025878, ""shoulder_hip_dy"": 0.18978025203659452, ""y_band_ratio"": 0.2733051258899463, ""kp_mean_conf"": 0.8564445989973405, ""visible"": 17, ""bbox_ar"": 2.225984256362579}"
V2_ORIGINAL::IMG_003798,fd83f0b1328d4a65b2fd7492af0781dcc050a19361b41e7a19d46a9630fff142,0,0.9073071479797363,608.737060546875,570.9073486328125,1320.9847412109375,951.1207275390625,0.13059707623621863,primary,"[[661.5340576171875,634.3184814453125,0.3780021369457245],[656.3215942382812,626.945068359375,0.3101133108139038],[670.7794799804688,624.8955688476562,0.0983785018324852],[659.1577758789062,617.1204223632812,0.6871328949928284],[699.421875,608.6701049804688,0.311613529920578],[687.03125,636.3945922851562,0.9919988512992859],[728.546630859375,629.8291625976562,0.9554091691970825],[689.4486694335938,700.0001220703125,0.9686949849128723],[750.8106689453125,686.033935546875,0.6995646357536316],[642.0732421875,716.1193237304688,0.8632248044013977],[649.2100219726562,693.9403076171875,0.5805292129516602],[902.893310546875,676.463134765625,0.997531533241272],[923.3558959960938,692.5061645507812,0.9938037395477295],[1085.95166015625,778.9993896484375,0.9961138963699341],[1095.750732421875,781.9688110351562,0.9917314648628235],[1228.3468017578125,837.4737548828125,0.9865506887435913],[1240.881591796875,820.7742919921875,0.9794330596923828]]",GEOM_LYING,"{""torso_angle"": 14.046447544704053, ""shoulder_hip_dy"": 0.1351156352377173, ""y_band_ratio"": 0.5461264747770899, ""kp_mean_conf"": 0.7932154946029186, ""visible"": 16, ""bbox_ar"": 1.8732841088153367}"
V2_ORIGINAL::IMG_003799,1c9d75f4a8dfc096708c8977808fe92a4f8a9cca8ef2b3b140770ba7d4b5c60f,0,0.7828991413116455,749.8627319335938,623.1427001953125,1303.2552490234375,790.20263671875,0.04458416221912355,primary,"[[800.9866333007812,699.7116088867188,0.845231294631958],[803.1807861328125,687.3240966796875,0.8120987415313721],[794.1178588867188,691.0762939453125,0.41438478231430054],[823.2205810546875,667.6061401367188,0.6461632251739502],[782.5096435546875,672.5242919921875,0.1149827167391777],[863.1259155273438,675.11865234375,0.9869908690452576],[817.002685546875,675.8294677734375,0.8936231136322021],[880.7424926757812,750.5498657226562,0.9855968356132507],[797.7716674804688,731.8948974609375,0.7366506457328796],[803.282958984375,751.9337768554688,0.9714179635047913],[771.5065307617188,749.8346557617188,0.8052986860275269],[1039.06201171875,680.831787109375,0.9888563752174377],[1010.0176391601562,697.1776123046875,0.9624911546707153],[1126.2818603515625,723.3873291015625,0.9667907953262329],[1122.518310546875,726.8671875,0.901245653629303],[1281.1068115234375,708.3256225585938,0.8777461647987366],[1271.539306640625,712.576171875,0.7874975204467773]]",GEOM_LYING,"{""torso_angle"": 4.194934864828301, ""shoulder_hip_dy"": 0.08099272590432975, ""y_band_ratio"": 0.30976029461731536, ""kp_mean_conf"": 0.8488802388310432, ""visible"": 16, ""bbox_ar"": 3.312538772647062}"
V2_ORIGINAL::IMG_003800,d687192e8099815b736d2f895e63bfa75411bb0b7585600eaa1dc22edd2978d4,0,0.9276087284088135,486.23583984375,419.23846435546875,1731.90380859375,876.1412353515625,0.2744739326113766,primary,"[[1525.595703125,626.945556640625,0.9116973280906677],[1535.3199462890625,619.7587890625,0.5186282396316528],[1537.892333984375,594.8778686523438,0.8710696697235107],[1505.0692138671875,580.39892578125,0.3232251703739166],[1489.404541015625,539.0389404296875,0.9076851010322571],[1414.8741455078125,597.1549072265625,0.991233766078949],[1320.39892578125,561.03955078125,0.9983304142951965],[1366.0235595703125,649.8024291992188,0.8886255025863647],[1119.2686767578125,676.7747192382812,0.9915220737457275],[1414.3653564453125,684.8170166015625,0.8075416684150696],[1178.7857666015625,835.6776733398438,0.9506343007087708],[1014.3270874023438,577.0118408203125,0.9943401217460632],[947.9520263671875,537.586181640625,0.997610330581665],[791.0225830078125,674.5150146484375,0.975324273109436],[754.5913696289062,635.42138671875,0.9886242151260376],[550.7244262695312,626.68212890625,0.9048203229904175],[558.4963989257812,583.70068359375,0.9347094893455505]]",GEOM_LYING,"{""torso_angle"": 176.77196921839266, ""shoulder_hip_dy"": 0.04770865741504523, ""y_band_ratio"": 0.29968921551798416, ""kp_mean_conf"": 0.8797424698577208, ""visible"": 17, ""bbox_ar"": 2.726330518929266}"
V2_ORIGINAL::IMG_003801,4d7aa71171de2ca38a44896049251c1dbf4395c8907cb6e4cd169e9356424456,0,0.842717170715332,648.4682006835938,496.7798767089844,1596.8350830078125,940.4052124023438,0.20289331429954965,primary,"[[1527.1229248046875,632.241943359375,0.29516735672950745],[1512.868408203125,622.5774536132812,0.06350257247686386],[1537.852294921875,620.6654663085938,0.2001398801803589],[1450.854736328125,588.4608764648438,0.40858933329582214],[1517.5872802734375,599.7288208007812,0.8379424214363098],[1381.696044921875,600.921630859375,0.9899173378944397],[1455.9495849609375,616.124267578125,0.9963670969009399],[1353.349853515625,691.837158203125,0.8809287548065186],[1441.267822265625,740.5384521484375,0.9759836792945862],[1505.8681640625,733.8074951171875,0.7124412059783936],[1563.4244384765625,771.2349243164062,0.8569450974464417],[1136.2265625,614.0567626953125,0.9980220794677734],[1172.00244140625,602.4321899414062,0.9986729621887207],[942.7024536132812,733.7359008789062,0.9959565997123718],[961.668701171875,744.3248291015625,0.9970536231994629],[789.930419921875,760.3634033203125,0.9849067330360413],[762.7305908203125,784.6551513671875,0.986428439617157]]",GEOM_LYING,"{""torso_angle"": 179.93972491519023, ""shoulder_hip_dy"": 0.0006277209121868317, ""y_band_ratio"": 0.41416372268425156, ""kp_mean_conf"": 0.8197164125740528, ""visible"": 16, ""bbox_ar"": 2.1377653754648143}"
V2_ORIGINAL::IMG_003801,4d7aa71171de2ca38a44896049251c1dbf4395c8907cb6e4cd169e9356424456,1,0.6703205704689026,1204.1455078125,0.0,1470.438720703125,446.289306640625,0.057312795787066634,primary,"[[1380.4959716796875,28.421802520751953,0.1655915379524231],[1368.35791015625,9.358657836914062,0.016917625442147255],[1378.66796875,9.349411010742188,0.2540152668952942],[1289.9945068359375,9.338996887207031,0.10479806363582611],[1364.9560546875,15.775245666503906,0.9442181587219238],[1235.70263671875,76.79004669189453,0.903557300567627],[1380.4603271484375,88.976806640625,0.9857885241508484],[1234.8773193359375,179.168701171875,0.3598899245262146],[1436.41943359375,189.2072296142578,0.9150888919830322],[1290.3564453125,150.9787139892578,0.19253680109977722],[1443.3636474609375,138.36123657226562,0.6960511803627014],[1242.402099609375,293.89288330078125,0.8844298720359802],[1337.8936767578125,306.69378662109375,0.9543894529342651],[1363.766357421875,226.94851684570312,0.8149663805961609],[1438.0093994140625,242.8292236328125,0.9276098012924194],[1333.96435546875,409.5841369628906,0.7308375239372253],[1389.864990234375,429.6736755371094,0.8317346572875977]]",GEOM_UPRIGHT_OR_LIMB_SUPPORTED,"{""torso_angle"": 94.71550829166264, ""shoulder_hip_dy"": 0.4871501625956441, ""y_band_ratio"": 0.7907059918183852, ""kp_mean_conf"": 0.7848136104070224, ""visible"": 13, ""bbox_ar"": 0.5966829339808895}"
V2_ORIGINAL::IMG_003801,4d7aa71171de2ca38a44896049251c1dbf4395c8907cb6e4cd169e9356424456,2,0.5791949033737183,1410.23876953125,1.4590587615966797,1628.2518310546875,135.00521850585938,0.014040705604043574,primary,"[[1533.0355224609375,27.824787139892578,0.7967631816864014],[1547.233642578125,17.762014389038086,0.7265427708625793],[1526.6041259765625,14.744413375854492,0.7321925163269043],[1571.720947265625,8.974931716918945,0.43887093663215637],[1512.205810546875,0.99737548828125,0.39455798268318176],[1596.27392578125,37.76987838745117,0.935427725315094],[1473.8345947265625,20.980510711669922,0.9596273899078369],[1602.283203125,127.2423324584961,0.8082449436187744],[1423.376953125,86.75253295898438,0.9077481627464294],[1548.7020263671875,125.29744720458984,0.6913511157035828],[1438.279296875,85.03349304199219,0.8017476797103882],[1556.169189453125,185.5660400390625,0.7864900231361389],[1471.4730224609375,175.53887939453125,0.8299424648284912],[1548.795166015625,251.19979858398438,0.09969931095838547],[1433.2578125,242.01683044433594,0.11992749571800232],[1538.21337890625,249.27325439453125,0.01888522133231163],[1427.197998046875,234.7075653076172,0.021963926032185555]]",GEOM_UPRIGHT_OR_LIMB_SUPPORTED,"{""torso_angle"": 97.99501054829354, ""shoulder_hip_dy"": 1.1320225565208069, ""y_band_ratio"": 1.23242427668882, ""kp_mean_conf"": 0.754577453319843, ""visible"": 13, ""bbox_ar"": 1.6324921805383745}"
V2_ORIGINAL::IMG_003801,4d7aa71171de2ca38a44896049251c1dbf4395c8907cb6e4cd169e9356424456,3,0.34272071719169617,1406.407470703125,0.0,1627.3194580078125,444.0948791503906,0.04731186453749413,primary,"[[1535.8687744140625,29.582897186279297,0.8003688454627991],[1548.8529052734375,18.559547424316406,0.7046428322792053],[1525.3565673828125,16.22266387939453,0.6903238296508789],[1571.6185302734375,17.80880355834961,0.3582667410373688],[1504.7135009765625,11.231300354003906,0.30441340804100037],[1597.2930908203125,58.56170654296875,0.8715087175369263],[1469.491455078125,46.78582763671875,0.905573308467865],[1613.430908203125,125.1981201171875,0.6551797986030579],[1431.513427734375,105.42938232421875,0.747790515422821],[1552.83544921875,121.95318603515625,0.637536346912384],[1449.254638671875,110.22573852539062,0.7048425078392029],[1548.560791015625,200.21031188964844,0.8899517059326172],[1465.9771728515625,192.72264099121094,0.9018487930297852],[1493.0687255859375,236.74412536621094,0.8007187843322754],[1439.1033935546875,229.54193115234375,0.8113098740577698],[1456.33935546875,378.5508728027344,0.6249094605445862],[1445.9298095703125,369.83087158203125,0.6390838027000427]]",GEOM_UPRIGHT_OR_LIMB_SUPPORTED,"{""torso_angle"": 100.29680885119052, ""shoulder_hip_dy"": 0.3237882626020806, ""y_band_ratio"": 0.7470589298411274, ""kp_mean_conf"": 0.7087217218735639, ""visible"": 17, ""bbox_ar"": 0.49744322142898817}"
V2_ORIGINAL::IMG_003801,4d7aa71171de2ca38a44896049251c1dbf4395c8907cb6e4cd169e9356424456,4,0.21613577008247375,1206.8067626953125,1.7648162841796875,1468.86181640625,281.1033630371094,0.035301927986532707,primary,"[[1378.753173828125,27.69525146484375,0.11001390963792801],[1369.7396240234375,12.348180770874023,0.014642635360360146],[1377.0843505859375,13.785198211669922,0.14206506311893463],[1292.7166748046875,11.934983253479004,0.19891157746315002],[1364.1356201171875,16.67288589477539,0.9228468537330627],[1231.23876953125,79.19979858398438,0.9250834584236145],[1382.3616943359375,92.63369750976562,0.9729517698287964],[1207.0604248046875,172.20240783691406,0.3816498816013336],[1419.576171875,187.82162475585938,0.8222496509552002],[1283.971435546875,139.3052978515625,0.16425809264183044],[1433.8685302734375,145.05931091308594,0.4204448163509369],[1236.383544921875,276.487060546875,0.5903591513633728],[1339.2205810546875,283.89617919921875,0.7006362080574036],[1287.7186279296875,260.6580505371094,0.04530603066086769],[1416.534912109375,265.19769287109375,0.08493325859308243],[1276.3907470703125,265.943359375,0.015252316370606422],[1393.95263671875,279.21990966796875,0.024520086124539375]]",GEOM_UPRIGHT_OR_LIMB_SUPPORTED,"{""torso_angle"": 95.58520446500194, ""shoulder_hip_dy"": 0.6954817875457939, ""y_band_ratio"": 0.7327895952587057, ""kp_mean_conf"": 0.7170277237892151, ""visible"": 8, ""bbox_ar"": 0.938127074680892}"
V2_ORIGINAL::IMG_003801,4d7aa71171de2ca38a44896049251c1dbf4395c8907cb6e4cd169e9356424456,5,0.1900070756673813,1406.3389892578125,1.6280021667480469,1590.0567626953125,114.25101470947266,0.009978225840168307,background,"[[1533.0355224609375,27.824787139892578,0.7967631816864014],[1547.233642578125,17.762014389038086,0.7265427708625793],[1526.6041259765625,14.744413375854492,0.7321925163269043],[1571.720947265625,8.974931716918945,0.43887093663215637],[1512.205810546875,0.99737548828125,0.39455798268318176],[1596.27392578125,37.76987838745117,0.935427725315094],[1473.8345947265625,20.980510711669922,0.9596273899078369],[1602.283203125,127.2423324584961,0.8082449436187744],[1423.376953125,86.75253295898438,0.9077481627464294],[1548.7020263671875,125.29744720458984,0.6913511157035828],[1438.279296875,85.03349304199219,0.8017476797103882],[1556.169189453125,185.5660400390625,0.7864900231361389],[1471.4730224609375,175.53887939453125,0.8299424648284912],[1548.795166015625,251.19979858398438,0.09969931095838547],[1433.2578125,242.01683044433594,0.11992749571800232],[1538.21337890625,249.27325439453125,0.01888522133231163],[1427.197998046875,234.7075653076172,0.021963926032185555]]",GEOM_UPRIGHT_OR_LIMB_SUPPORTED,"{""torso_angle"": 97.99501054829354, ""shoulder_hip_dy"": 1.3423301486442285, ""y_band_ratio"": 1.461384539549193, ""kp_mean_conf"": 0.754577453319843, ""visible"": 13, ""bbox_ar"": 1.6312631787202896}"
V2_ORIGINAL::IMG_003802,cac451940fc64ddced44b15628f08b7618922521d8da412d5deaedadf876a3a2,0,0.9088032841682434,495.21990966796875,296.326171875,1651.8546142578125,874.6944580078125,0.3226084258175925,primary,"[[669.8467407226562,542.5748291015625,0.7575033903121948],[672.9435424804688,528.1531982421875,0.8222020268440247],[674.8109130859375,518.7312622070312,0.07843440026044846],[732.4498901367188,471.00213623046875,0.875453531742096],[702.0151977539062,449.27923583984375,0.011774163693189621],[844.8695068359375,457.5765380859375,0.9962748289108276],[784.4894409179688,410.1589050292969,0.9414533376693726],[915.5824584960938,650.9884643554688,0.9968994855880737],[700.3764038085938,499.5036926269531,0.8515172600746155],[851.496826171875,796.9973754882812,0.9895904660224915],[539.0863037109375,628.185302734375,0.8762729167938232],[1243.24072265625,487.1673278808594,0.9990940093994141],[1204.724853515625,482.5177001953125,0.9963753819465637],[1245.693115234375,720.0642700195312,0.9958628416061401],[1239.3253173828125,673.7841186523438,0.9833190441131592],[1533.4161376953125,689.9595947265625,0.9555001258850098],[1517.9560546875,615.10400390625,0.9136337041854858]]",GEOM_LYING,"{""torso_angle"": 7.099086042879277, ""shoulder_hip_dy"": 0.08813552489419044, ""y_band_ratio"": 0.5358270368909367, ""kp_mean_conf"": 0.9300634900728861, ""visible"": 15, ""bbox_ar"": 1.999823870571358}"
V2_ORIGINAL::IMG_003803,ef729088133e5ad62aad99296acd23ad386b3cdcfb2531a05fd42e3761149ea0,0,0.926999568939209,492.82891845703125,373.8273010253906,1410.16455078125,893.3924560546875,0.22984935861421238,primary,"[[1303.7213134765625,505.4600830078125,0.15686403214931488],[1288.9049072265625,487.4988098144531,0.006607350893318653],[1303.5699462890625,490.9071350097656,0.21552324295043945],[1235.0557861328125,426.8203430175781,0.017840104177594185],[1274.4757080078125,452.8283386230469,0.6911422610282898],[1161.4530029296875,420.2994079589844,0.7862114906311035],[1237.6114501953125,459.5226745605469,0.9964937567710876],[1125.972900390625,517.2517700195312,0.5018940567970276],[1307.35400390625,559.0731201171875,0.9981182813644409],[1215.3773193359375,634.7433471679688,0.5733767151832581],[1424.23291015625,594.0347900390625,0.9891970753669739],[903.7501831054688,515.2897338867188,0.997225821018219],[943.188232421875,518.5814208984375,0.9996715784072876],[925.4125366210938,692.84033203125,0.9949185252189636],[960.6956176757812,722.9346313476562,0.9994044303894043],[703.762939453125,748.2372436523438,0.9858261942863464],[721.5988159179688,795.790283203125,0.9962397813796997]]",GEOM_LYING,"{""torso_angle"": 164.410328894715, ""shoulder_hip_dy"": 0.14824807896994036, ""y_band_ratio"": 0.7227021897243431, ""kp_mean_conf"": 0.8375173721994672, ""visible"": 14, ""bbox_ar"": 1.7655834373120973}"
V2_ORIGINAL::IMG_003804,1db53aef77ba24f7d2cd4f78fe254555ec844ac3258796d8cd88825b7d1b0f1d,0,0.8828799724578857,596.0007934570312,232.40304565429688,1301.009033203125,1009.8607177734375,0.2643296995070462,primary,"[[1092.1571044921875,343.8395080566406,0.09922991693019867],[1077.7744140625,321.0187683105469,0.007153425365686417],[1093.66552734375,326.82257080078125,0.12762480974197388],[984.4259033203125,291.2377014160156,0.20706984400749207],[1076.659912109375,320.4811096191406,0.9252906441688538],[893.4678955078125,332.62408447265625,0.9486156105995178],[1098.5032958984375,390.8916320800781,0.9983892440795898],[792.4544677734375,411.6074523925781,0.487429141998291],[1192.10107421875,488.92620849609375,0.9929674863815308],[843.6639404296875,475.49615478515625,0.2506444454193115],[1270.4407958984375,477.26019287109375,0.9161973595619202],[801.3779907226562,542.584716796875,0.9951243996620178],[925.8680419921875,557.237548828125,0.9991856217384338],[784.0794067382812,753.9669799804688,0.9810414910316467],[887.8489990234375,787.1434936523438,0.9967060685157776],[640.1347045898438,872.7390747070312,0.923366904258728],[711.6992797851562,913.6343994140625,0.972971498966217]]",GEOM_UPRIGHT_OR_LIMB_SUPPORTED,"{""torso_angle"": 125.12572452350337, ""shoulder_hip_dy"": 0.24201095607337383, ""y_band_ratio"": 0.7473208327312898, ""kp_mean_conf"": 0.8282142685992377, ""visible"": 14, ""bbox_ar"": 0.9068123770962744}"
V2_ORIGINAL::IMG_003805,4abbcee850e7c6b0ed6e043cae4a10892e5502f0705fd8bf2bce014ee8ad9c27,0,0.893578827381134,695.0310668945312,441.4809265136719,1447.8006591796875,888.7339477539062,0.1623642334333119,primary,"[[835.6701049804688,635.5953369140625,0.8808720707893372],[840.6148681640625,614.433349609375,0.913826048374176],[829.550537109375,615.6372680664062,0.3550792932510376],[895.8960571289062,556.7045288085938,0.9105761647224426],[848.6363525390625,561.41259765625,0.09658003598451614],[994.9010009765625,539.083984375,0.9915438890457153],[940.5751342773438,544.6371459960938,0.9689502120018005],[1058.2406005859375,679.544921875,0.981984555721283],[889.2240600585938,646.6979370117188,0.8637675642967224],[988.1282958984375,826.5714111328125,0.9563918709754944],[737.5307006835938,731.614013671875,0.8358868956565857],[1268.2255859375,554.7134399414062,0.9945886135101318],[1232.0887451171875,558.7596435546875,0.9897103905677795],[1162.254638671875,718.6412353515625,0.9874611496925354],[1133.03662109375,707.2171020507812,0.9734414219856262],[1330.7442626953125,759.0501708984375,0.9279898405075073],[1284.361083984375,723.8302612304688,0.9015125632286072]]",GEOM_LYING,"{""torso_angle"": 3.0151775453957494, ""shoulder_hip_dy"": 0.033260762602002905, ""y_band_ratio"": 0.49181598799147386, ""kp_mean_conf"": 0.9020989090204239, ""visible"": 16, ""bbox_ar"": 1.6830956003331699}"
V2_ORIGINAL::IMG_003806,8820768b55dd9b07c8d0589459ca0a8e5ee5404ee710ad1930f0084083825031,0,0.8866242170333862,654.4242553710938,436.23358154296875,1298.6170654296875,794.1109008789062,0.11117958912001075,primary,"[[776.8702392578125,595.963134765625,0.7603166103363037],[771.2172241210938,581.9337158203125,0.7830492258071899],[772.79736328125,581.6834106445312,0.16783349215984344],[787.9304809570312,542.7814331054688,0.8325774073600769],[775.30615234375,540.5413818359375,0.08827663958072662],[845.5081787109375,544.7337646484375,0.9980229139328003],[867.4005126953125,521.2711791992188,0.914677083492279],[865.01806640625,653.5646362304688,0.9970585107803345],[846.8274536132812,582.1600952148438,0.6452568173408508],[784.5048217773438,753.5538940429688,0.9883453845977783],[779.11376953125,669.797607421875,0.7040356993675232],[1088.1903076171875,536.7930908203125,0.9987109899520874],[1101.4384765625,535.14599609375,0.9909336566925049],[1044.1826171875,678.6083374023438,0.9964767098426819],[1076.094970703125,662.45556640625,0.9758262038230896],[1216.8458251953125,661.5894165039062,0.9773748517036438],[1198.6378173828125,645.146728515625,0.9273885488510132]]",GEOM_LYING,"{""torso_angle"": 0.7131727790544662, ""shoulder_hip_dy"": 0.008290750413322369, ""y_band_ratio"": 0.43963992603687035, ""kp_mean_conf"": 0.8993367075920105, ""visible"": 15, ""bbox_ar"": 1.800038100357775}"
V2_ORIGINAL::IMG_003807,4e023daecd3b5953c668f2e9da36cc495d266016b85340172fac47ecd98715b1,0,0.9088870882987976,771.9380493164062,440.6802978515625,1538.087890625,1019.941650390625,0.21402439878665322,primary,"[[1455.42626953125,600.6091918945312,0.492057740688324],[1442.8995361328125,580.9348754882812,0.031522560864686966],[1451.9237060546875,582.416015625,0.5183656811714172],[1401.62744140625,506.35089111328125,0.02515311725437641],[1426.7559814453125,532.6373291015625,0.7732923626899719],[1329.901123046875,493.0633850097656,0.8973997235298157],[1369.9801025390625,536.7833862304688,0.9946972131729126],[1305.11767578125,677.9951782226562,0.7002632021903992],[1332.6728515625,763.4107055664062,0.995299220085144],[1363.3756103515625,877.4498901367188,0.700127363204956],[1371.7523193359375,898.3392333984375,0.9799968004226685],[1007.2424926757812,650.2415161132812,0.9885731935501099],[1032.6591796875,654.1263427734375,0.9974695444107056],[1100.9329833984375,816.6258544921875,0.9564446806907654],[1128.9580078125,846.2940673828125,0.9912142157554626],[905.1962280273438,895.9362182617188,0.83709317445755],[898.049072265625,944.4574584960938,0.9297332763671875]]",GEOM_LYING,"{""torso_angle"": 157.41493980195503, ""shoulder_hip_dy"": 0.2369578830377537, ""y_band_ratio"": 0.7792580525314579, ""kp_mean_conf"": 0.8501351594924926, ""visible"": 15, ""bbox_ar"": 1.3226324144539376}"
V2_ORIGINAL::IMG_003808,209808e39feff002661292876bd8f31539dcefb64653374cb63e4ede8437cf9e,0,0.8891748189926147,719.7799072265625,546.8170166015625,1173.0169677734375,963.3182373046875,0.09103674237349037,primary,"[[782.2877197265625,603.8397216796875,0.3083631992340088],[780.4253540039062,595.6611328125,0.43201184272766113],[790.611328125,591.1665649414062,0.035999882966279984],[790.3273315429688,587.2476196289062,0.8868913650512695],[827.1465454101562,575.3018188476562,0.08995717763900757],[800.7273559570312,622.955810546875,0.9949026107788086],[884.2743530273438,602.4347534179688,0.9041247963905334],[782.178955078125,713.3955688476562,0.9869979619979858],[883.6228637695312,679.2841186523438,0.5130217671394348],[752.4774169921875,782.4639282226562,0.9308948516845703],[812.7030029296875,757.385009765625,0.40443354845046997],[937.8856811523438,688.19091796875,0.9979405999183655],[998.5849609375,685.6611938476562,0.9899429082870483],[913.6345825195312,821.7724609375,0.9955444931983948],[999.3856811523438,809.288330078125,0.9795482158660889],[1009.7015991210938,870.213134765625,0.9803252816200256],[1090.7515869140625,847.647216796875,0.9521465301513672]]",GEOM_UPRIGHT_OR_LIMB_SUPPORTED,"{""torso_angle"": 30.556637557300828, ""shoulder_hip_dy"": 0.17822462512947035, ""y_band_ratio"": 0.6429234010301356, ""kp_mean_conf"": 0.8171393314997355, ""visible"": 15, ""bbox_ar"": 1.088201037638578}"
V2_ORIGINAL::IMG_003809,06415ce063427d056e000e1530439daae92a6f45181f587e1672d2585c20ad55,0,0.8096831440925598,786.4363403320312,260.8912353515625,1250.4940185546875,469.11236572265625,0.046598482984619397,primary,"[[1186.697509765625,345.46905517578125,0.49492427706718445],[1188.5357666015625,335.4633483886719,0.1044762060046196],[1185.15478515625,332.8559265136719,0.5225912928581238],[1183.9945068359375,313.0003356933594,0.09140637516975403],[1173.371337890625,312.0727233886719,0.7080739140510559],[1147.626953125,334.3347473144531,0.8520985841751099],[1141.0191650390625,328.80560302734375,0.9901436567306519],[1147.748779296875,401.1826477050781,0.6203232407569885],[1141.5418701171875,412.3374328613281,0.9876167178153992],[1188.3577880859375,386.05255126953125,0.7107051610946655],[1209.854248046875,426.2872314453125,0.9695174098014832],[986.3070068359375,333.84814453125,0.9801012277603149],[979.2107543945312,324.25927734375,0.9947892427444458],[989.490966796875,441.52984619140625,0.9587388038635254],[998.9247436523438,436.4621887207031,0.9888463616371155],[869.8635864257812,404.3350830078125,0.9092152118682861],[867.3388061523438,412.78265380859375,0.9592840671539307]]",GEOM_LYING,"{""torso_angle"": 179.10765416357663, ""shoulder_hip_dy"": 0.012085537279110771, ""y_band_ratio"": 0.563202056576369, ""kp_mean_conf"": 0.843131277958552, ""visible"": 15, ""bbox_ar"": 2.2286771635309446}"
V2_ORIGINAL::IMG_003810,9bdccc82d49745c8bbacebf0606e6b4383e9e62829d105a7d8a6a4128f79ebaf,0,0.8912431001663208,553.2731323242188,391.2901611328125,1173.9345703125,642.1576538085938,0.07508862786876205,primary,"[[1042.8153076171875,520.6033935546875,0.9121220707893372],[1041.5572509765625,510.8690185546875,0.32609838247299194],[1040.6009521484375,509.3229064941406,0.9308372735977173],[1027.9168701171875,474.7105407714844,0.05069223791360855],[1005.3402709960938,474.2860412597656,0.9389045834541321],[1003.3304443359375,475.98687744140625,0.9761595726013184],[935.3587646484375,468.58221435546875,0.9966328740119934],[1045.855224609375,520.3472900390625,0.8657930493354797],[876.8635864257812,538.367431640625,0.9928896427154541],[1121.6781005859375,560.3961791992188,0.8578214645385742],[915.2083740234375,601.2276000976562,0.9796010851860046],[791.9719848632812,452.8927917480469,0.9940614104270935],[753.3208618164062,439.2184753417969,0.9978583455085754],[751.8140869140625,584.8748168945312,0.9810081124305725],[743.044921875,582.5137939453125,0.9930786490440369],[636.7703857421875,549.8997802734375,0.9304431080818176],[638.5230712890625,567.9810791015625,0.9576075673103333]]",GEOM_LYING,"{""torso_angle"": 172.4046445102866, ""shoulder_hip_dy"": 0.10455285407349936, ""y_band_ratio"": 0.5806106642161853, ""kp_mean_conf"": 0.9144323244690895, ""visible"": 16, ""bbox_ar"": 2.4740608333436733}"
V2_ORIGINAL::IMG_003811,d32e9013a0df3097fd0c3d9613f5fa347bbbea3c542225f88ff571cb61a42c38,0,0.9311785697937012,318.47125244140625,335.9560546875,1290.1710205078125,813.7774658203125,0.22390960376876778,primary,"[[433.9318542480469,570.9525146484375,0.35470086336135864],[423.8315734863281,555.8373413085938,0.448197603225708],[443.533447265625,550.7894897460938,0.05204165726900101],[454.5635681152344,501.6485595703125,0.7022073268890381],[479.99615478515625,487.6841125488281,0.09306058287620544],[567.2320556640625,505.5960388183594,0.9824600219726562],[580.06201171875,466.6822204589844,0.8240252137184143],[631.3328247070312,668.6205444335938,0.9435175657272339],[635.3880004882812,585.2471923828125,0.3563634157180786],[539.5880737304688,736.3401489257812,0.7691316604614258],[510.1650695800781,740.5182495117188,0.26938295364379883],[960.4788208007812,485.7257995605469,0.9892009496688843],[958.6049194335938,486.0032043457031,0.9662662148475647],[976.9905395507812,683.2525024414062,0.9829670190811157],[972.7457885742188,651.369384765625,0.9478556513786316],[1178.77294921875,730.2794799804688,0.9281978011131287],[1196.1346435546875,679.1827392578125,0.8713349103927612]]",GEOM_LYING,"{""torso_angle"": 0.04077536980957009, ""shoulder_hip_dy"": 0.0005747496431685458, ""y_band_ratio"": 0.5516648132124334, ""kp_mean_conf"": 0.7557206114133199, ""visible"": 15, ""bbox_ar"": 2.0336044920270813}"
P4D_PLAN::PF_P4D_HN_PLANK_G001_V01,c49e3007348dd7326beea6397cdfa5509126897f098bb342f41d5c3d76c3fc54,0,0.9313266277313232,379.6141662597656,352.25079345703125,1366.7078857421875,814.852294921875,0.22021172681283066,primary,"[[1278.05859375,490.719482421875,0.7723174691200256],[1273.87109375,479.406005859375,0.3676893413066864],[1279.9976806640625,474.3115539550781,0.6601915955543518],[1228.3172607421875,446.5338134765625,0.6888181567192078],[1256.10595703125,447.21307373046875,0.9413102865219116],[1164.227783203125,470.2427978515625,0.9958844780921936],[1192.822265625,462.0909118652344,0.9990769624710083],[1088.574951171875,592.0856323242188,0.9223045706748962],[1129.768798828125,601.9786376953125,0.990318775177002],[1161.7266845703125,734.6900024414062,0.7760233879089355],[1176.5430908203125,728.6720581054688,0.9253363609313965],[887.63916015625,546.845458984375,0.9978443384170532],[892.847900390625,523.7354736328125,0.9988732933998108],[686.7799072265625,636.5083618164062,0.9904845952987671],[688.8546752929688,638.0623168945312,0.994469165802002],[485.0174865722656,651.69873046875,0.9649157524108887],[463.9833984375,675.3801879882812,0.9729761481285095]]",GEOM_LYING,"{""torso_angle"": 166.5162845872544, ""shoulder_hip_dy"": 0.14942366427975912, ""y_band_ratio"": 0.46106481593263093, ""kp_mean_conf"": 0.8799314516432145, ""visible"": 17, ""bbox_ar"": 2.133788403964871}"
P4D_PLAN::PF_P4D_HN_PLANK_G001_V02,fbbe6812ee451da36a7e2888b4f087294c47f1452a01a86103ac7d83cc929687,0,0.8752410411834717,600.3792114257812,474.7254638671875,1122.565185546875,752.356201171875,0.069914581889181,primary,"[[649.01806640625,569.5228881835938,0.8595588207244873],[648.3875732421875,561.4423217773438,0.8405188918113708],[650.5985717773438,561.2999877929688,0.44398394227027893],[674.5762329101562,539.9681396484375,0.7891944050788879],[663.2027587890625,537.854736328125,0.15156927704811096],[740.9368286132812,537.1607666015625,0.9922019243240356],[694.989990234375,535.0870361328125,0.9505109786987305],[775.077392578125,618.8659057617188,0.9867464900016785],[707.7867431640625,589.2755737304688,0.840782642364502],[775.5421752929688,704.1326293945312,0.9734883904457092],[694.7429809570312,645.3179931640625,0.8558436632156372],[906.3314208984375,508.93560791015625,0.9956437349319458],[873.1160888671875,519.9813842773438,0.9882063269615173],[969.70458984375,577.31884765625,0.9878647923469543],[919.8433227539062,582.942626953125,0.969748854637146],[1066.9405517578125,578.0697631835938,0.9621344804763794],[1020.7005615234375,574.8985595703125,0.9379571676254272]]",GEOM_LYING,"{""torso_angle"": 7.1891735879544845, ""shoulder_hip_dy"": 0.07803676741189025, ""y_band_ratio"": 0.2665663743195312, ""kp_mean_conf"": 0.898399094119668, ""visible"": 16, ""bbox_ar"": 1.8808651347131555}"
P4D_PLAN::PF_P4D_HN_PLANK_G001_V03,65227c961c7abefc246d7d51df8197adbaf07aa5ab7fb00cdb6cfef42be3df1f,0,0.9036356806755066,614.89404296875,422.206787109375,1414.557373046875,744.3717041015625,0.12423971371350086,primary,"[[705.4453125,595.7867431640625,0.38154953718185425],[698.4810791015625,589.6682739257812,0.34435057640075684],[721.706787109375,581.228271484375,0.07429617643356323],[724.8450317382812,555.069580078125,0.6067672967910767],[757.0277709960938,535.1790771484375,0.14682485163211823],[812.4303588867188,553.1007080078125,0.9905813932418823],[770.4631958007812,527.8927612304688,0.9212921261787415],[893.0679931640625,653.9278564453125,0.978346586227417],[774.489990234375,607.5679931640625,0.675879180431366],[758.14404296875,679.1880493164062,0.9325015544891357],[723.7589721679688,635.0929565429688,0.6651467680931091],[1080.23388671875,515.28515625,0.9939013719558716],[1042.321533203125,521.1234741210938,0.9817087650299072],[1208.8453369140625,620.7096557617188,0.9826744198799133],[1192.0286865234375,596.18505859375,0.9539109468460083],[1352.9371337890625,596.8743286132812,0.9184775352478027],[1356.9700927734375,527.1436767578125,0.8622947931289673]]",GEOM_LYING,"{""torso_angle"": 4.7228367036860295, ""shoulder_hip_dy"": 0.0691956766792653, ""y_band_ratio"": 0.3272376784411795, ""kp_mean_conf"": 0.812625523408254, ""visible"": 15, ""bbox_ar"": 2.4821552189604708}"
P4D_PLAN::PF_P4D_HN_PLANK_G001_V04,118131f19e97e8a7a551b281ca1e368089aaf19d29bbfb7ed5d8d79836449787,0,0.9222095608711243,576.4642333984375,431.54351806640625,1372.7470703125,825.3463134765625,0.15122415466526204,primary,"[[672.372314453125,659.3801879882812,0.9361869692802429],[673.0584106445312,642.582275390625,0.9369780421257019],[665.9104614257812,647.0286254882812,0.5673556327819824],[718.7847290039062,595.75,0.8505275845527649],[668.4298706054688,605.309326171875,0.08991917967796326],[855.5850219726562,571.0750122070312,0.9953557252883911],[746.0252075195312,582.0032958984375,0.9527894854545593],[1024.205322265625,673.5133056640625,0.992099404335022],[750.5559692382812,647.6819458007812,0.8406760096549988],[947.5330810546875,782.7506103515625,0.9836148619651794],[690.0200805664062,704.0744018554688,0.8767916560173035],[1117.547607421875,492.73553466796875,0.9964082837104797],[1050.9471435546875,503.74725341796875,0.9884935021400452],[1159.0548095703125,600.6251220703125,0.991041362285614],[1125.18310546875,585.50048828125,0.9738237261772156],[1325.5167236328125,559.7601318359375,0.9622724056243896],[1299.9368896484375,521.6935424804688,0.9349934458732605]]",GEOM_LYING,"{""torso_angle"": 15.442219903534918, ""shoulder_hip_dy"": 0.1988247948525007, ""y_band_ratio"": 0.2739685666526918, ""kp_mean_conf"": 0.9237130060791969, ""visible"": 16, ""bbox_ar"": 2.0220344959326977}"
P4D_PLAN::PF_P4D_HN_PLANK_G001_V05,9d221bd1fce883e333db6c7037a7d5bbad8cb2e43a49dda8cf9320f3e648424f,0,0.9182643890380859,463.94696044921875,354.8288269042969,1238.2889404296875,713.8916625976562,0.1340844073727805,primary,"[[1168.533203125,485.7542724609375,0.8037152290344238],[1165.982666015625,473.1365966796875,0.29408735036849976],[1170.658935546875,470.8781433105469,0.7634757161140442],[1143.87841796875,420.28155517578125,0.17671853303909302],[1145.7303466796875,431.87835693359375,0.7819362282752991],[1104.8765869140625,405.9779052734375,0.9393136501312256],[1084.532958984375,445.33111572265625,0.996444046497345],[1037.123046875,493.22882080078125,0.7152245044708252],[1026.3447265625,585.5359497070312,0.99268639087677],[1047.35009765625,570.5974731445312,0.6565526723861694],[1016.0271606445312,651.4361572265625,0.9615443348884583],[862.9636840820312,429.2607727050781,0.9834268093109131],[847.30078125,423.9606018066406,0.9961877465248108],[718.568115234375,536.5701904296875,0.955653190612793],[684.6859741210938,551.0780029296875,0.9882146120071411],[555.955078125,552.7510986328125,0.8731878995895386],[547.540283203125,572.294189453125,0.9412087798118591]]",GEOM_LYING,"{""torso_angle"": 179.77132353428138, ""shoulder_hip_dy"": 0.0026629789072046364, ""y_band_ratio"": 0.46319548459680204, ""kp_mean_conf"": 0.8526786975562572, ""visible"": 16, ""bbox_ar"": 2.1565639854795746}"
P4D_PLAN::PF_P4D_HN_PLANK_G002_V01,c46eb85bdfe5fc6b55172b34e2df98c4f90ed892804651c2319cd32c9d2c65aa,0,0.9191175699234009,749.2528686523438,472.0068054199219,1415.843994140625,806.8511352539062,0.10764094265403401,primary,"[[791.9925537109375,554.3823852539062,0.8187007308006287],[790.0453491210938,541.7044677734375,0.8042001724243164],[792.7673950195312,540.631591796875,0.23863857984542847],[808.8202514648438,518.4495849609375,0.8570966720581055],[809.3648071289062,513.3250732421875,0.13613207638263702],[845.6187744140625,540.6373901367188,0.9986820816993713],[862.6487426757812,528.375732421875,0.9475018382072449],[870.2386474609375,648.3369140625,0.9976639747619629],[883.1363525390625,618.5947265625,0.7338393330574036],[854.1860961914062,743.8057250976562,0.9883835911750793],[851.2825927734375,712.1475219726562,0.7405486702919006],[1024.8626708984375,570.6936645507812,0.9986029267311096],[1034.0018310546875,585.3827514648438,0.9900296330451965],[1195.23095703125,651.666259765625,0.9943517446517944],[1213.74267578125,659.4071655273438,0.9681686162948608],[1356.9879150390625,676.8117065429688,0.9646407961845398],[1355.186767578125,684.313232421875,0.9024013876914978]]",GEOM_LYING,"{""torso_angle"": 13.946082496906769, ""shoulder_hip_dy"": 0.1300056260474788, ""y_band_ratio"": 0.4657014800797544, ""kp_mean_conf"": 0.8714656718075275, ""visible"": 16, ""bbox_ar"": 1.9907493306479962}"
P4D_PLAN::PF_P4D_HN_CRAWL_G001_V01,80e28147640d5f74a7e7153f4499eecfb9cfd7b2eb8ec84020bf2d7a0a4378cf,0,0.9118509888648987,394.8182678222656,374.5179748535156,1212.275390625,845.6382446289062,0.18572560774722166,primary,"[[1165.283935546875,543.61181640625,0.3546503186225891],[1150.4395751953125,517.68994140625,0.03570320084691048],[1162.163330078125,529.7272338867188,0.3952373266220093],[1097.4573974609375,436.1620178222656,0.1098145842552185],[1129.76806640625,488.5820007324219,0.8345141410827637],[1048.3363037109375,430.7527770996094,0.9338406324386597],[1067.466796875,521.623779296875,0.9973973035812378],[1015.084716796875,546.7884521484375,0.6161907315254211],[1027.1810302734375,711.1264038085938,0.9940232634544373],[1134.792236328125,643.4400024414062,0.5023717284202576],[1102.9462890625,793.9443969726562,0.9479821920394897],[752.08251953125,496.5774841308594,0.9876314997673035],[760.765625,518.0773315429688,0.9974160194396973],[698.1886596679688,651.5702514648438,0.9500306248664856],[692.47509765625,709.3236694335938,0.9890326261520386],[504.62677001953125,604.637451171875,0.8384563326835632],[488.6379089355469,692.8050537109375,0.9298266768455505]]",GEOM_LYING,"{""torso_angle"": 174.10292163610922, ""shoulder_hip_dy"": 0.06609592419684604, ""y_band_ratio"": 0.5912946442885905, ""kp_mean_conf"": 0.8179067611694336, ""visible"": 15, ""bbox_ar"": 1.735134689051825}"
P4D_PLAN::PF_P4D_HN_CRAWL_G001_V02,5661260a55519adc816148913cd24fac2889c065de658695dc08b4da8eccaed4,0,0.8152835965156555,1097.6195068359375,343.0032653808594,1451.702392578125,697.2113647460938,0.06048371237292519,primary,"[[1329.121826171875,534.1948852539062,0.8105848431587219],[1327.599365234375,522.7769775390625,0.3463078737258911],[1321.0447998046875,523.5693969726562,0.7526678442955017],[1338.6796875,478.8955993652344,0.07912955433130264],[1295.92041015625,485.10662841796875,0.6018893718719482],[1352.814697265625,449.28253173828125,0.9372318983078003],[1257.6171875,458.4826354980469,0.983902633190155],[1381.418212890625,535.3201904296875,0.9147133231163025],[1224.51123046875,563.698486328125,0.9861440658569336],[1403.96728515625,638.118408203125,0.932151734828949],[1235.6966552734375,666.8519897460938,0.979491114616394],[1271.3494873046875,405.53570556640625,0.9926153421401978],[1202.0885009765625,408.37274169921875,0.9960590600967407],[1332.074462890625,508.76788330078125,0.9871708750724792],[1203.6536865234375,520.2572631835938,0.9931607246398926],[1325.3077392578125,557.5459594726562,0.9610303640365601],[1153.5042724609375,579.3751831054688,0.9731407761573792]]",GEOM_UPRIGHT_OR_LIMB_SUPPORTED,"{""torso_angle"": 145.58433044741048, ""shoulder_hip_dy"": 0.13248810535233513, ""y_band_ratio"": 0.49078346274575585, ""kp_mean_conf"": 0.8842663653194904, ""visible"": 16, ""bbox_ar"": 0.9996464970076312}"
P4D_PLAN::PF_P4D_HN_CRAWL_G001_V03,1ccde1893ba0237a869e195b024105de08360cece001ea75b3697d07725060f2,0,0.9457884430885315,761.5431518554688,426.9392395019531,1471.97314453125,910.986328125,0.16583794831462406,primary,"[[874.3480834960938,582.77783203125,0.7853698134422302],[883.6654052734375,566.9381103515625,0.8169668912887573],[877.4395751953125,556.772216796875,0.19246797263622284],[943.2738647460938,530.8617553710938,0.8995196223258972],[903.6297607421875,508.7270812988281,0.06262169033288956],[1024.52685546875,577.619140625,0.9956836700439453],[952.3143920898438,530.978759765625,0.9752674698829651],[1090.5516357421875,730.9752807617188,0.9912974834442139],[886.5487670898438,623.1275024414062,0.9039981365203857],[1062.3394775390625,846.1953735351562,0.9801805019378662],[824.8255004882812,746.4334716796875,0.8951482772827148],[1212.61376953125,575.489990234375,0.9987584352493286],[1148.69091796875,560.0424194335938,0.9970506429672241],[1234.8631591796875,785.70556640625,0.9954469799995422],[1098.03076171875,743.9667358398438,0.989152193069458],[1394.3486328125,716.752197265625,0.97145015001297],[1164.3258056640625,657.161376953125,0.9567357897758484]]",GEOM_LYING,"{""torso_angle"": 4.007445710454675, ""shoulder_hip_dy"": 0.027822199441343072, ""y_band_ratio"": 0.5262438564918097, ""kp_mean_conf"": 0.9434684038162231, ""visible"": 15, ""bbox_ar"": 1.4676877712387828}"
P4D_PLAN::PF_P4D_HN_CRAWL_G001_V04,df65b6a524e17d001e525451fffff96880101e8172d9966b9a45cdc68ace4a4a,0,0.868927538394928,903.592529296875,268.6487731933594,1357.7354736328125,726.1805419921875,0.10020487297913254,primary,"[[975.8638916015625,402.8145751953125,0.9787989854812622],[995.4277954101562,382.5035705566406,0.9781140089035034],[963.3263549804688,384.17266845703125,0.8488068580627441],[1057.1650390625,367.77154541015625,0.9428147077560425],[964.1458740234375,371.90234375,0.24811455607414246],[1141.9482421875,427.82025146484375,0.9956504702568054],[988.6525268554688,427.91632080078125,0.9868432879447937],[1165.541748046875,570.29248046875,0.98463374376297],[992.052490234375,544.18798828125,0.9275444149971008],[1142.2020263671875,668.304443359375,0.9734810590744019],[975.2957153320312,646.9017333984375,0.9130934476852417],[1224.7664794921875,490.59027099609375,0.9950225353240967],[1108.09521484375,492.6375732421875,0.9913363456726074],[1268.910888671875,588.68408203125,0.9819335341453552],[1056.287841796875,589.1874389648438,0.9696798324584961],[1326.6177978515625,613.3234252929688,0.9293344616889954],[1094.921875,617.59814453125,0.912193775177002]]",GEOM_UPRIGHT_OR_LIMB_SUPPORTED,"{""torso_angle"": 32.22449009086267, ""shoulder_hip_dy"": 0.1393250487363565, ""y_band_ratio"": 0.4147862640547034, ""kp_mean_conf"": 0.9151409426156212, ""visible"": 17, ""bbox_ar"": 0.9925932477393047}"
P4D_PLAN::PF_P4D_HN_CRAWL_G001_V05,0675267dd08ba89d9482c066bfeef2e1b914045d2b897f6081099b5864ef4e0a,0,0.9236636757850647,655.71826171875,294.9378662109375,1322.3662109375,631.6084594726562,0.10823724949854586,primary,"[[1158.1351318359375,406.3414306640625,0.9445585012435913],[1160.3514404296875,394.81512451171875,0.5541972517967224],[1154.1353759765625,390.86444091796875,0.9419817924499512],[1151.8848876953125,358.66754150390625,0.20926812291145325],[1127.4056396484375,354.2919616699219,0.948480486869812],[1118.7059326171875,373.8861083984375,0.9900107979774475],[1067.186279296875,375.1665344238281,0.9989994168281555],[1156.553466796875,446.02203369140625,0.9294797778129578],[1050.8673095703125,490.65045166015625,0.9969488978385925],[1253.086669921875,531.4896240234375,0.9140165448188782],[1091.2392578125,603.3654174804688,0.9880713224411011],[919.1793823242188,395.12548828125,0.9976275563240051],[879.3084106445312,389.1982727050781,0.9991601705551147],[941.7295532226562,530.020751953125,0.990993320941925],[884.5169677734375,534.8793334960938,0.9969096779823303],[805.1588745117188,508.28338623046875,0.9608754515647888],[728.5170288085938,521.2620239257812,0.9789490103721619]]",GEOM_LYING,"{""torso_angle"": 174.797865182592, ""shoulder_hip_dy"": 0.052382237816422046, ""y_band_ratio"": 0.478192121081702, ""kp_mean_conf"": 0.9023840059252346, ""visible"": 17, ""bbox_ar"": 1.9801193289861097}"
P4D_PLAN::PF_P4D_HN_CRAWL_G001_V05,0675267dd08ba89d9482c066bfeef2e1b914045d2b897f6081099b5864ef4e0a,1,0.19842107594013214,323.9117736816406,2.3289642333984375,396.6579284667969,122.18978118896484,0.004204964092845734,background,[],GEOM_UNCERTAIN,null
P4D_PLAN::PF_P4D_POS_MULTI_G001_V01,766f41cdd735818a390ad3355e6ddfce65820ee32ddb96beafa9ae7d59c00c6b,0,0.9009934663772583,1144.2579345703125,151.4628448486328,1360.2535400390625,805.4022216796875,0.06811729920837226,primary,"[[1170.5054931640625,250.40721130371094,0.48799803853034973],[1170.900634765625,237.7572021484375,0.6804013848304749],[1177.124755859375,234.13201904296875,0.05110201612114906],[1197.7113037109375,228.0417938232422,0.9630781412124634],[1237.3150634765625,219.39903259277344,0.09663195163011551],[1221.786376953125,286.83160400390625,0.9980504512786865],[1296.6771240234375,267.5219421386719,0.9200043678283691],[1212.394775390625,408.734619140625,0.9931413531303406],[1316.74951171875,372.7877197265625,0.43384313583374023],[1196.3388671875,507.8203125,0.9651784300804138],[1274.982177734375,456.72747802734375,0.37792015075683594],[1269.720458984375,475.3331298828125,0.9989618062973022],[1327.3074951171875,466.56549072265625,0.9923377633094788],[1213.6126708984375,619.975830078125,0.9985194802284241],[1298.9273681640625,609.4541625976562,0.9903056621551514],[1209.0894775390625,772.320068359375,0.9932668209075928],[1307.2001953125,750.275634765625,0.9788692593574524]]",GEOM_UPRIGHT_OR_LIMB_SUPPORTED,"{""torso_angle"": 78.54010888062258, ""shoulder_hip_dy"": 0.2963157505064976, ""y_band_ratio"": 0.7719341335077881, ""kp_mean_conf"": 0.8514584163824718, ""visible"": 15, ""bbox_ar"": 0.33029912729135513}"
P4D_PLAN::PF_P4D_POS_MULTI_G001_V02,4380b9ff73d2652e4bb460f83f45f4b69ad41dc87952826ec40dcb24f1615861,0,0.9040971994400024,1007.8795166015625,74.75102233886719,1162.62646484375,476.0504455566406,0.029947849669319293,primary,"[[1099.1099853515625,121.3234634399414,0.9729255437850952],[1108.839111328125,114.20624542236328,0.9560901522636414],[1095.48779296875,111.85879516601562,0.9167258143424988],[1124.729248046875,116.91215515136719,0.857600748538971],[1086.47900390625,111.09574127197266,0.5989617109298706],[1138.8480224609375,159.26345825195312,0.9986051917076111],[1065.4053955078125,148.54371643066406,0.9979033470153809],[1150.4786376953125,221.11231994628906,0.9888920187950134],[1040.5853271484375,198.9334259033203,0.9691558480262756],[1123.8157958984375,265.814697265625,0.9777102470397949],[1043.31494140625,242.01463317871094,0.9496111869812012],[1102.3028564453125,273.89080810546875,0.9993545413017273],[1053.1142578125,267.7102355957031,0.9990954399108887],[1101.8372802734375,363.0033874511719,0.9983804225921631],[1041.86962890625,358.08599853515625,0.99739009141922],[1099.5084228515625,448.7220153808594,0.9935357570648193],[1039.7142333984375,441.0,0.9908124804496765]]",GEOM_UPRIGHT_OR_LIMB_SUPPORTED,"{""torso_angle"": 101.79864267531113, ""shoulder_hip_dy"": 0.2912960441656075, ""y_band_ratio"": 0.7480157747131806, ""kp_mean_conf"": 0.9507500318919911, ""visible"": 17, ""bbox_ar"": 0.38561467893815254}"
P4D_PLAN::PF_P4D_POS_MULTI_G001_V02,4380b9ff73d2652e4bb460f83f45f4b69ad41dc87952826ec40dcb24f1615861,1,0.8090246915817261,1218.552001953125,130.921875,1342.23828125,539.6028442382812,0.02437703920935746,primary,"[[1270.997314453125,183.8813018798828,0.8172250986099243],[1278.158935546875,176.3015899658203,0.8538070321083069],[1269.9503173828125,175.4124298095703,0.3521818220615387],[1301.403076171875,177.5193328857422,0.8877037763595581],[1284.3218994140625,177.68875122070312,0.14263015985488892],[1309.40625,218.36485290527344,0.9943943023681641],[1285.8958740234375,218.82142639160156,0.8832735419273376],[1292.2529296875,253.8189697265625,0.9871892333030701],[1268.701171875,264.3545837402344,0.49455884099006653],[1260.4119873046875,239.0565643310547,0.9660831093788147],[1242.8707275390625,278.2792053222656,0.5265290141105652],[1289.0521240234375,334.4311218261719,0.9954025745391846],[1272.1455078125,332.0301513671875,0.9747087955474854],[1274.32763671875,419.8763122558594,0.9913823008537292],[1251.193115234375,416.7765197753906,0.9565527439117432],[1285.1812744140625,503.9995422363281,0.9672867059707642],[1259.917236328125,498.8610534667969,0.9109367728233337]]",GEOM_UPRIGHT_OR_LIMB_SUPPORTED,"{""torso_angle"": 98.46066916837405, ""shoulder_hip_dy"": 0.2805060807257772, ""y_band_ratio"": 0.6989184983666697, ""kp_mean_conf"": 0.8474509790539742, ""visible"": 16, ""bbox_ar"": 0.30264751384779986}"
P4D_PLAN::PF_P4D_POS_MULTI_G001_V02,4380b9ff73d2652e4bb460f83f45f4b69ad41dc87952826ec40dcb24f1615861,2,0.796782374382019,449.9208984375,624.6604614257812,1147.4520263671875,767.2587890625,0.04796815794624207,primary,"[[518.0645141601562,726.5681762695312,0.6380345225334167],[513.31689453125,716.5921020507812,0.4723559021949768],[519.7326049804688,717.03955078125,0.27529916167259216],[518.3736572265625,697.0800170898438,0.501745879650116],[527.031005859375,690.9674072265625,0.30066707730293274],[561.5199584960938,700.6862182617188,0.988283634185791],[564.5831909179688,675.8316650390625,0.9366078972816467],[550.9319458007812,744.2201538085938,0.9716888070106506],[551.1787719726562,687.3029174804688,0.7890664339065552],[481.91229248046875,717.4324951171875,0.906087338924408],[490.3206481933594,714.4663696289062,0.7441552877426147],[753.7423095703125,682.945556640625,0.9908266663551331],[752.2763671875,694.1964111328125,0.9784239530563354],[961.7224731445312,711.919921875,0.969916045665741],[965.3585815429688,709.9812622070312,0.9432131052017212],[1084.8223876953125,705.7415161132812,0.9056867957115173],[1079.026611328125,719.4981079101562,0.8682958483695984]]",GEOM_LYING,"{""torso_angle"": 0.09411927548695523, ""shoulder_hip_dy"": 0.0021882601395093416, ""y_band_ratio"": 0.30621988065903333, ""kp_mean_conf"": 0.775314962162691, ""visible"": 17, ""bbox_ar"": 4.891580003004711}"
P4D_PLAN::PF_P4D_POS_MULTI_G001_V03,078df807ba36c7014717f00fbe459dbb4e8a846d1e9ccad6ce2100fc646c6b35,0,0.9297011494636536,1338.7591552734375,212.52072143554688,1801.868408203125,1075.1920166015625,0.19266544127518298,primary,"[[1605.7701416015625,323.9778747558594,0.05864560976624489],[1607.24853515625,302.5232849121094,0.046724896878004074],[1618.5228271484375,304.2862243652344,0.007931196130812168],[1590.0528564453125,319.19171142578125,0.9278034567832947],[1687.875,324.0426025390625,0.5284129977226257],[1522.186767578125,429.6506042480469,0.997645914554596],[1735.433837890625,437.7915344238281,0.991513192653656],[1427.6888427734375,563.0560913085938,0.9853076934814453],[1762.885009765625,573.245361328125,0.8752985000610352],[1363.8592529296875,653.114501953125,0.9198933839797974],[1703.9473876953125,620.0657958984375,0.6653397083282471],[1495.3580322265625,720.74072265625,0.9990523457527161],[1636.419189453125,719.73779296875,0.9977697134017944],[1460.421875,883.0550537109375,0.9950194358825684],[1607.5404052734375,889.2770385742188,0.9883033037185669],[1458.6278076171875,1050.5306396484375,0.9526185989379883],[1580.4979248046875,1044.1505126953125,0.9214707612991333]]",GEOM_UPRIGHT_OR_LIMB_SUPPORTED,"{""torso_angle"": 102.38599475760361, ""shoulder_hip_dy"": 0.33212903927842397, ""y_band_ratio"": 0.7197179723951591, ""kp_mean_conf"": 0.9103892147541046, ""visible"": 14, ""bbox_ar"": 0.5368316478416789}"
P4D_PLAN::PF_P4D_POS_MULTI_G001_V03,078df807ba36c7014717f00fbe459dbb4e8a846d1e9ccad6ce2100fc646c6b35,1,0.8977701663970947,1216.23193359375,4.5001373291015625,1387.0269775390625,344.3739013671875,0.02799419100344505,primary,"[[1302.7884521484375,0.0,0.0022773793898522854],[1299.1090087890625,0.0,0.0010463269427418709],[1306.720458984375,0.0,0.0015439661219716072],[1280.142333984375,0.0,0.12408685684204102],[1327.1298828125,0.0,0.23741315305233002],[1261.4610595703125,13.018043518066406,0.9418532252311707],[1337.1505126953125,15.610570907592773,0.9577844142913818],[1231.354248046875,67.27449035644531,0.9230661392211914],[1362.9085693359375,72.70703887939453,0.9561530351638794],[1236.036865234375,119.29785919189453,0.7710399031639099],[1373.8238525390625,122.2281494140625,0.8314121961593628],[1267.869384765625,128.70408630371094,0.998696506023407],[1315.0555419921875,129.8260955810547,0.998906135559082],[1267.33837890625,218.537841796875,0.9953694939613342],[1301.748046875,220.54632568359375,0.9958641529083252],[1258.417236328125,307.6954650878906,0.9811842441558838],[1278.5430908203125,310.3138732910156,0.9825575947761536]]",GEOM_UPRIGHT_OR_LIMB_SUPPORTED,"{""torso_angle"": 93.90335607056006, ""shoulder_hip_dy"": 0.3382161140177679, ""y_band_ratio"": 0.8747242689189582, ""kp_mean_conf"": 0.8901000148974932, ""visible"": 13, ""bbox_ar"": 0.5025249431320429}"
P4D_PLAN::PF_P4D_POS_MULTI_G001_V03,078df807ba36c7014717f00fbe459dbb4e8a846d1e9ccad6ce2100fc646c6b35,2,0.8309686183929443,118.50328063964844,1.72869873046875,310.1100769042969,442.91668701171875,0.04076707995033544,primary,"[[177.32363891601562,38.58626174926758,0.9677333831787109],[187.02479553222656,28.560956954956055,0.9400727152824402],[167.83810424804688,30.74703598022461,0.8751367926597595],[206.63623046875,32.37683868408203,0.8288312554359436],[157.65025329589844,37.65643310546875,0.5282765030860901],[227.08973693847656,83.68775939941406,0.9954354166984558],[155.6554412841797,91.10948181152344,0.9838424921035767],[257.4304504394531,152.1865997314453,0.9800781011581421],[155.85910034179688,155.87799072265625,0.8913906216621399],[263.21820068359375,221.49554443359375,0.9590332508087158],[151.55209350585938,209.66712951660156,0.8578890562057495],[239.09010314941406,213.4224395751953,0.9963687658309937],[194.35848999023438,217.912353515625,0.992563784122467],[246.1395721435547,307.021484375,0.9900847673416138],[208.39077758789062,312.8404846191406,0.9805630445480347],[274.990966796875,387.6886901855469,0.9583395719528198],[250.9228515625,392.8627624511719,0.9374092221260071]]",GEOM_UPRIGHT_OR_LIMB_SUPPORTED,"{""torso_angle"": 78.81985712443672, ""shoulder_hip_dy"": 0.29073496864600085, ""y_band_ratio"": 0.7007783785234513, ""kp_mean_conf"": 0.9213558084824506, ""visible"": 17, ""bbox_ar"": 0.43429740009717194}"
P4D_PLAN::PF_P4D_POS_MULTI_G001_V03,078df807ba36c7014717f00fbe459dbb4e8a846d1e9ccad6ce2100fc646c6b35,3,0.798188328742981,0.20671463012695312,96.83277130126953,138.42237854003906,418.70947265625,0.021454669162283533,primary,"[[0.20722103118896484,89.86713409423828,0.08402354270219803],[1.8377494812011719,80.86697387695312,0.08524078130722046],[0.0,83.04364013671875,0.028614114969968796],[8.114387512207031,80.59307861328125,0.13841412961483002],[0.0,85.84819793701172,0.022494526579976082],[4.3018798828125,112.89118957519531,0.504523754119873],[3.1893563270568848,115.99832916259766,0.1245858296751976],[20.329612731933594,178.941162109375,0.6073309779167175],[26.911657333374023,176.6125946044922,0.09442545473575592],[19.47075653076172,223.5419921875,0.5272355675697327],[21.353103637695312,224.49610900878906,0.13448013365268707],[10.688758850097656,229.1341094970703,0.6890954375267029],[7.152534484863281,231.8085479736328,0.439776748418808],[16.871620178222656,312.35577392578125,0.6610928177833557],[24.581697463989258,314.6427307128906,0.41443774104118347],[82.9833755493164,381.5549011230469,0.5385293960571289],[79.07280731201172,385.669921875,0.3709963858127594]]",GEOM_UPRIGHT_OR_LIMB_SUPPORTED,"{""torso_angle"": 87.75047168383081, ""shoulder_hip_dy"": 0.3652955888549493, ""y_band_ratio"": 0.8474634266832868, ""kp_mean_conf"": 0.5281132029162513, ""visible"": 9, ""bbox_ar"": 0.42940561813910694}"
P4D_PLAN::PF_P4D_POS_MULTI_G001_V03,078df807ba36c7014717f00fbe459dbb4e8a846d1e9ccad6ce2100fc646c6b35,4,0.6581565737724304,575.9676513671875,487.45916748046875,1088.3309326171875,722.8612670898438,0.05816521613088287,primary,"[[690.7706909179688,627.9669189453125,0.6689580082893372],[689.3690185546875,613.755126953125,0.5280516147613525],[681.6713256835938,621.541748046875,0.32486310601234436],[701.969482421875,577.853759765625,0.5667764544487],[671.355712890625,595.9827270507812,0.300247460603714],[740.6466674804688,559.9063110351562,0.9879775047302246],[681.6251831054688,572.7418212890625,0.9649443030357361],[767.08154296875,617.628173828125,0.9805386066436768],[645.5023803710938,626.1784057617188,0.8952286839485168],[715.548583984375,649.339111328125,0.9636038541793823],[614.517333984375,675.6179809570312,0.8835528492927551],[852.0188598632812,536.4522705078125,0.9962937235832214],[810.0130615234375,551.6314697265625,0.9930496215820312],[896.4744873046875,634.8778076171875,0.9906835556030273],[858.4844970703125,647.314697265625,0.9825150966644287],[1021.087158203125,608.6539306640625,0.9620533585548401],[967.6049194335938,633.9081420898438,0.9452060461044312]]",GEOM_LYING,"{""torso_angle"": 10.529451757042185, ""shoulder_hip_dy"": 0.09465589339218654, ""y_band_ratio"": 0.4709491841482171, ""kp_mean_conf"": 0.8196790498845717, ""visible"": 17, ""bbox_ar"": 2.176545077975995}"
P4D_PLAN::PF_P4D_POS_MULTI_G001_V04,8711cb681690b1e5df446b55e4f239e7b3ef53a24da029706a1d14213e7a144a,0,0.9148256182670593,468.7481689453125,557.7235107421875,1250.3885498046875,910.4701538085938,0.13296731309475876,primary,"[[585.7432861328125,678.2127075195312,0.7180137634277344],[579.0697631835938,667.3181762695312,0.581728458404541],[579.102294921875,675.2543334960938,0.4109148383140564],[573.5172119140625,666.3074951171875,0.7762404084205627],[577.7298583984375,684.3702392578125,0.6177602410316467],[626.1526489257812,690.224853515625,0.9960468411445618],[626.22900390625,717.1342163085938,0.9868385195732117],[707.0115966796875,761.313720703125,0.9791157245635986],[690.0308227539062,795.8853149414062,0.894029974937439],[678.05322265625,846.368408203125,0.9309991598129272],[666.24755859375,867.8734741210938,0.8204481601715088],[826.7426147460938,684.2565307617188,0.9964848756790161],[825.2261352539062,714.2291259765625,0.993517279624939],[995.0181884765625,681.542236328125,0.9921606183052063],[997.5390625,710.143798828125,0.987588107585907],[1133.2525634765625,715.7319946289062,0.9777928590774536],[1139.5770263671875,742.6051025390625,0.9713981747627258]]",GEOM_LYING,"{""torso_angle"": 1.2721270981707866, ""shoulder_hip_dy"": 0.012577601035124574, ""y_band_ratio"": 0.17310686695731964, ""kp_mean_conf"": 0.8606516473433551, ""visible"": 17, ""bbox_ar"": 2.2158690840106092}"
P4D_PLAN::PF_P4D_POS_MULTI_G001_V04,8711cb681690b1e5df446b55e4f239e7b3ef53a24da029706a1d14213e7a144a,1,0.8681756258010864,1177.6182861328125,17.590164184570312,1310.038330078125,485.0110778808594,0.029849487814728355,primary,"[[1293.0089111328125,66.85077667236328,0.9663728475570679],[1296.091552734375,57.14982604980469,0.7296537160873413],[1283.159423828125,57.03648376464844,0.9766134023666382],[1293.1131591796875,64.14246368408203,0.1530923843383789],[1254.4549560546875,63.2592887878418,0.952567994594574],[1282.880126953125,122.21930694580078,0.9751421809196472],[1232.3924560546875,121.68254089355469,0.9979000091552734],[1283.190185546875,194.55731201171875,0.6209329962730408],[1224.6947021484375,198.00146484375,0.9898854494094849],[1282.2794189453125,253.37306213378906,0.6444028615951538],[1252.1314697265625,263.8213806152344,0.9714765548706055],[1267.0115966796875,258.67462158203125,0.9847368597984314],[1233.9989013671875,260.0559997558594,0.9956727027893066],[1250.76806640625,354.4609680175781,0.954889178276062],[1233.262451171875,356.0561828613281,0.9880349040031433],[1222.2958984375,443.9216613769531,0.8911612629890442],[1212.2926025390625,449.7407531738281,0.9567567706108093]]",GEOM_UPRIGHT_OR_LIMB_SUPPORTED,"{""torso_angle"": 92.97066753291418, ""shoulder_hip_dy"": 0.29398425000417033, ""y_band_ratio"": 0.7018475268597678, ""kp_mean_conf"": 0.9122624807059765, ""visible"": 16, ""bbox_ar"": 0.283299356244367}"
P4D_PLAN::PF_P4D_POS_MULTI_G001_V05,b6b022ff11f89afc87a076e33db60e5a1f369df2037a81e2f9688747def1d67b,0,0.9213120341300964,1431.5159912109375,2.0576019287109375,1619.87548828125,389.77691650390625,0.03521923953406157,primary,"[[1583.7034912109375,7.192680358886719,0.059483084827661514],[1576.3480224609375,0.0,0.005492443218827248],[1581.9569091796875,0.0,0.10242825001478195],[1540.0279541015625,0.0,0.023441044613718987],[1570.36669921875,0.0,0.808142364025116],[1514.740234375,35.26885986328125,0.8465120792388916],[1559.4383544921875,41.212921142578125,0.9842085242271423],[1498.6898193359375,101.16646575927734,0.43915000557899475],[1568.8048095703125,107.59819793701172,0.979480504989624],[1530.3199462890625,148.9457244873047,0.3752831816673279],[1600.45654296875,151.27203369140625,0.9168662428855896],[1513.9095458984375,159.04092407226562,0.990199089050293],[1543.384033203125,163.0146484375,0.9971235394477844],[1516.8436279296875,254.8820037841797,0.9839478731155396],[1546.8095703125,257.5415344238281,0.9956685304641724],[1503.4351806640625,336.1861267089844,0.9707850813865662],[1531.414794921875,345.1697692871094,0.9884797930717468]]",GEOM_UPRIGHT_OR_LIMB_SUPPORTED,"{""torso_angle"": 93.93331695503574, ""shoulder_hip_dy"": 0.31669017027558866, ""y_band_ratio"": 0.7992919046691576, ""kp_mean_conf"": 0.8673728314729837, ""visible"": 13, ""bbox_ar"": 0.48581406700537627}"
P4D_PLAN::PF_P4D_POS_MULTI_G001_V05,b6b022ff11f89afc87a076e33db60e5a1f369df2037a81e2f9688747def1d67b,1,0.9030756950378418,0.14842987060546875,6.1975250244140625,275.3894348144531,619.5327758789062,0.08141155999839764,primary,"[[120.8858642578125,5.1285552978515625,0.08095338195562363],[119.40376281738281,0.0,0.020319724455475807],[114.66804504394531,0.0,0.04638464003801346],[106.21749877929688,0.0,0.014928149059414864],[75.7645034790039,0.0,0.07225572317838669],[122.62853240966797,10.14642333984375,0.5773565173149109],[25.087074279785156,14.330886840820312,0.5208981037139893],[146.9293212890625,98.26107788085938,0.7703719139099121],[0.0,118.10696411132812,0.7051884531974792],[190.1190948486328,199.99172973632812,0.7876824736595154],[36.14860153198242,236.68716430664062,0.7508350014686584],[129.6529541015625,208.57086181640625,0.9748874306678772],[56.69697189331055,216.5947265625,0.9690065383911133],[166.36207580566406,385.05718994140625,0.9706498980522156],[46.302978515625,398.093994140625,0.9637613892555237],[178.57437133789062,538.6849975585938,0.9250668287277222],[27.64229393005371,559.5184936523438,0.9094651937484741]]",GEOM_UPRIGHT_OR_LIMB_SUPPORTED,"{""torso_angle"": 84.4925723343468, ""shoulder_hip_dy"": 0.32664703165194525, ""y_band_ratio"": 0.8957125316816874, ""kp_mean_conf"": 0.8187641451756159, ""visible"": 12, ""bbox_ar"": 0.4487611050569567}"
P4D_PLAN::PF_P4D_POS_MULTI_G001_V05,b6b022ff11f89afc87a076e33db60e5a1f369df2037a81e2f9688747def1d67b,2,0.8882915377616882,604.7448120117188,511.6124267578125,1284.634033203125,724.3106689453125,0.06973921789623866,primary,"[[1246.7625732421875,551.89794921875,0.6649306416511536],[1249.80224609375,546.4092407226562,0.3585309684276581],[1247.5426025390625,542.8555908203125,0.4582734704017639],[1238.0946044921875,542.275634765625,0.44638633728027344],[1239.271484375,541.6167602539062,0.6075936555862427],[1208.9007568359375,560.7811889648438,0.9836609959602356],[1217.9857177734375,556.231201171875,0.987934947013855],[1157.024658203125,603.84619140625,0.9097727537155151],[1149.487548828125,613.738037109375,0.950047492980957],[1132.13818359375,639.0913696289062,0.7884301543235779],[1119.0498046875,645.8783569335938,0.8406822085380554],[1029.80029296875,604.7349243164062,0.9951072931289673],[1035.447509765625,582.8990478515625,0.9959266185760498],[872.3024291992188,658.4617919921875,0.9871406555175781],[875.6144409179688,646.0662231445312,0.9886051416397095],[734.0828857421875,666.9407958984375,0.9684468507766724],[724.2825317382812,664.2291870117188,0.9693729877471924]]",GEOM_LYING,"{""torso_angle"": 168.95021730065318, ""shoulder_hip_dy"": 0.1660135535323205, ""y_band_ratio"": 0.5205007506783653, ""kp_mean_conf"": 0.8176966572509092, ""visible"": 17, ""bbox_ar"": 3.196496662121275}"
P4D_PLAN::PF_P4D_POS_MULTI_G001_V05,b6b022ff11f89afc87a076e33db60e5a1f369df2037a81e2f9688747def1d67b,3,0.8365796804428101,572.46337890625,3.1338729858398438,714.6136474609375,299.435791015625,0.0203122093080647,primary,"[[606.577880859375,0.0,0.09142182022333145],[609.366455078125,0.0,0.13748417794704437],[607.8507080078125,0.0,0.01998700574040413],[620.5023193359375,0.0,0.37405338883399963],[610.3764038085938,0.0,0.015682850033044815],[639.59326171875,7.666133880615234,0.9363034963607788],[608.9344482421875,9.906200408935547,0.6580542325973511],[658.25439453125,57.87070083618164,0.9735218286514282],[614.117431640625,57.85234451293945,0.498123437166214],[652.9671630859375,113.48056030273438,0.9523627161979675],[597.5612182617188,104.0072021484375,0.5789985060691833],[636.156982421875,112.69429779052734,0.9968217611312866],[613.4344482421875,112.52184295654297,0.9898362755775452],[653.2034912109375,191.69358825683594,0.9977613687515259],[603.8197631835938,192.03854370117188,0.9912115931510925],[692.0184936523438,264.6081848144531,0.9951468110084534],[616.9238891601562,262.3389587402344,0.9867660999298096]]",GEOM_UPRIGHT_OR_LIMB_SUPPORTED,"{""torso_angle"": 89.7064869173235, ""shoulder_hip_dy"": 0.35039227528160405, ""y_band_ratio"": 0.8671629689147314, ""kp_mean_conf"": 0.8406893473405105, ""visible"": 13, ""bbox_ar"": 0.4797480539440792}"
V2_ORIGINAL::IMG_003882,457cfa92c5ab41f354d579c4d14852a123235fc8e559db33a211b7302b050029,0,0.8582727909088135,898.6660766601562,256.7124938964844,1024.694580078125,722.4888305664062,0.028308784065400373,primary,"[[990.3909912109375,303.2059631347656,0.5166119337081909],[984.9876708984375,292.3888244628906,0.08913794159889221],[985.7618408203125,293.4097595214844,0.6323745846748352],[944.1718139648438,295.7996826171875,0.1155199185013771],[971.1632080078125,297.66009521484375,0.943681538105011],[916.4152221679688,346.62615966796875,0.9345818161964417],[971.0391235351562,350.0924377441406,0.9938021898269653],[913.0523681640625,415.40826416015625,0.3113695979118347],[984.64013671875,418.0245666503906,0.9618350863456726],[950.961181640625,418.4521484375,0.24448375403881073],[1009.0701293945312,416.406494140625,0.8465880155563354],[930.0833129882812,480.96661376953125,0.9723851084709167],[967.3202514648438,484.3471374511719,0.9918713569641113],[939.14013671875,586.01220703125,0.9502295255661011],[974.0997314453125,587.5321044921875,0.9864202737808228],[932.16650390625,684.1290893554688,0.9221825003623962],[960.3279418945312,690.6705932617188,0.9688011407852173]]",GEOM_UPRIGHT_OR_LIMB_SUPPORTED,"{""torso_angle"": 87.87863730375875, ""shoulder_hip_dy"": 0.2883306134967275, ""y_band_ratio"": 0.7386473002332047, ""kp_mean_conf"": 0.8118145614862442, ""visible"": 15, ""bbox_ar"": 0.2705772996520439}"
V2_ORIGINAL::IMG_003882,457cfa92c5ab41f354d579c4d14852a123235fc8e559db33a211b7302b050029,1,0.8235353827476501,1157.650634765625,268.30865478515625,1285.93505859375,737.3399658203125,0.02901688440079818,primary,"[[1200.358154296875,308.6059875488281,0.5113083124160767],[1204.7830810546875,298.87713623046875,0.6552460193634033],[1203.7073974609375,297.37994384765625,0.10779938101768494],[1220.2205810546875,306.3163146972656,0.9355374574661255],[1242.1241455078125,303.61187744140625,0.18043357133865356],[1223.656005859375,363.0998229980469,0.9957887530326843],[1262.7694091796875,357.61505126953125,0.8989039063453674],[1202.9227294921875,436.95281982421875,0.9823373556137085],[1257.5980224609375,431.9438171386719,0.36802831292152405],[1176.98291015625,437.25799560546875,0.918925404548645],[1205.362060546875,426.254150390625,0.28954970836639404],[1221.2178955078125,499.1872863769531,0.9966719150543213],[1252.844482421875,495.7669372558594,0.980582058429718],[1202.0146484375,601.5584106445312,0.9950782060623169],[1244.271240234375,599.6041259765625,0.9740956425666809],[1200.5001220703125,708.3961181640625,0.9854039549827576],[1254.0107421875,699.6400146484375,0.9586168527603149]]",GEOM_UPRIGHT_OR_LIMB_SUPPORTED,"{""torso_angle"": 92.58121444336639, ""shoulder_hip_dy"": 0.29234652667429145, ""y_band_ratio"": 0.747884114858674, ""kp_mean_conf"": 0.8297382573286692, ""visible"": 15, ""bbox_ar"": 0.273509296309025}"
V2_ORIGINAL::IMG_003883,920c606e31ac7bcaa90a07a65cb3c274e2f1c2c9c013bc9a6d0a9d606b5c9679,0,0.8789477348327637,583.6583862304688,29.96337890625,792.8610229492188,867.292236328125,0.0844769506044341,primary,"[[755.3017578125,116.75614929199219,0.5385271906852722],[750.0367431640625,97.48526000976562,0.055046845227479935],[747.7968139648438,98.7454833984375,0.7122759819030762],[682.8890380859375,99.81692504882812,0.12347327172756195],[713.704833984375,107.26739501953125,0.982071578502655],[633.3590087890625,197.56521606445312,0.9659459590911865],[708.0714111328125,213.29461669921875,0.9987519979476929],[620.8341064453125,337.4084777832031,0.532394289970398],[722.8944091796875,367.0675964355469,0.9910820722579956],[679.4602661132812,443.6581726074219,0.38665771484375],[747.0472412109375,482.1168212890625,0.9459023475646973],[641.9514770507812,465.6441650390625,0.9955573678016663],[699.0980224609375,474.30810546875,0.999196469783783],[641.3582153320312,639.9097900390625,0.9939047694206238],[722.64404296875,648.918701171875,0.9988295435905457],[623.5951538085938,803.722412109375,0.9825950860977173],[703.4481201171875,820.33251953125,0.9935042262077332]]",GEOM_UPRIGHT_OR_LIMB_SUPPORTED,"{""torso_angle"": 90.04125012286046, ""shoulder_hip_dy"": 0.3159406444997068, ""y_band_ratio"": 0.743754736202798, ""kp_mean_conf"": 0.8678131063779195, ""visible"": 15, ""bbox_ar"": 0.24984524881046413}"
V2_ORIGINAL::IMG_003883,920c606e31ac7bcaa90a07a65cb3c274e2f1c2c9c013bc9a6d0a9d606b5c9679,1,0.8554581999778748,916.426025390625,155.086669921875,1002.3922119140625,511.63092041015625,0.014781418567387542,primary,"[[995.7515258789062,193.36322021484375,0.37278154492378235],[991.8801879882812,185.05792236328125,0.12811750173568726],[993.2421264648438,185.8209228515625,0.3212137818336487],[967.6312866210938,187.82322692871094,0.19941562414169312],[985.162353515625,189.75608825683594,0.6508559584617615],[953.2847900390625,227.29000854492188,0.9398130774497986],[977.0509643554688,229.8273468017578,0.9727104306221008],[935.1694946289062,283.7548828125,0.6833769679069519],[955.5714111328125,285.9490661621094,0.8800761699676514],[933.577880859375,323.7043151855469,0.5796972513198853],[941.70703125,326.5283203125,0.7654568552970886],[950.4596557617188,334.0047912597656,0.9812960028648376],[968.5340576171875,335.56915283203125,0.9866836667060852],[945.159912109375,415.4339904785156,0.9716387391090393],[967.2163696289062,416.3965148925781,0.9792776703834534],[935.1659545898438,487.0198974609375,0.9496564865112305],[960.2608032226562,491.3700256347656,0.9595367312431335]]",GEOM_UPRIGHT_OR_LIMB_SUPPORTED,"{""torso_angle"": 93.05584676912545, ""shoulder_hip_dy"": 0.29793859872114264, ""y_band_ratio"": 0.740665476243666, ""kp_mean_conf"": 0.7996047556400299, ""visible"": 15, ""bbox_ar"": 0.2411094454775481}"
V2_ORIGINAL::IMG_003884,a1cd8e89742ed199a07308870b4962f4340aef43264a81c77a6a79722d89d926,0,0.9311033487319946,569.9619750976562,24.38323974609375,1005.495361328125,1071.072021484375,0.21984370632712077,primary,"[[846.4721069335938,165.04774475097656,0.10427957773208618],[833.9373779296875,139.54225158691406,0.011892452836036682],[849.8800048828125,135.41400146484375,0.06103513017296791],[736.9208374023438,140.80751037597656,0.5578847527503967],[853.1683959960938,140.9307861328125,0.9688507318496704],[653.2864990234375,270.1326599121094,0.9968631267547607],[892.010009765625,269.7336120605469,0.9986158609390259],[603.59375,452.38873291015625,0.9564335346221924],[962.8473510742188,466.1169738769531,0.9825589656829834],[646.5887451171875,543.3818359375,0.8301317691802979],[980.7588500976562,622.1268920898438,0.9029476642608643],[706.9713134765625,628.5353393554688,0.9975907802581787],[860.5834350585938,633.0084228515625,0.9982125759124756],[721.365234375,883.7435302734375,0.9709171652793884],[854.2538452148438,879.0785522460938,0.9767756462097168],[743.96240234375,1063.2415771484375,0.6557092070579529],[828.03955078125,1062.784912109375,0.6698983907699585]]",GEOM_UPRIGHT_OR_LIMB_SUPPORTED,"{""torso_angle"": 88.23342273141658, ""shoulder_hip_dy"": 0.34474310932990704, ""y_band_ratio"": 0.7581126108661236, ""kp_mean_conf"": 0.8902421551091331, ""visible"": 14, ""bbox_ar"": 0.4161059082979371}"
V2_ORIGINAL::IMG_003884,a1cd8e89742ed199a07308870b4962f4340aef43264a81c77a6a79722d89d926,1,0.9212967753410339,1040.6796875,85.38995361328125,1348.1055908203125,1009.6246948242188,0.13702435387576567,primary,"[[1128.1756591796875,181.1929931640625,0.1915132999420166],[1130.287109375,159.82521057128906,0.14348438382148743],[1138.3916015625,157.54248046875,0.035770732909440994],[1134.9554443359375,167.5469512939453,0.9541844725608826],[1213.6456298828125,163.1266632080078,0.6835594177246094],[1116.0780029296875,270.962890625,0.9980869293212891],[1273.7025146484375,261.9864501953125,0.9974691867828369],[1083.197265625,405.7881774902344,0.9771448969841003],[1318.8359375,402.5250549316406,0.9595074653625488],[1070.6217041015625,496.1583557128906,0.8922852873802185],[1299.1673583984375,499.20391845703125,0.8276122808456421],[1147.320556640625,520.0479125976562,0.9995249509811401],[1245.9833984375,514.1612548828125,0.9994527697563171],[1160.9898681640625,735.9547729492188,0.9969242215156555],[1211.9202880859375,729.5111694335938,0.9966476559638977],[1202.6920166015625,942.9428100585938,0.9722636342048645],[1196.6163330078125,928.934326171875,0.9724485874176025]]",GEOM_UPRIGHT_OR_LIMB_SUPPORTED,"{""torso_angle"": 89.59726520535874, ""shoulder_hip_dy"": 0.2711756030742811, ""y_band_ratio"": 0.7367785796182996, ""kp_mean_conf"": 0.9447936969144004, ""visible"": 14, ""bbox_ar"": 0.3326275129168174}"
V2_ORIGINAL::IMG_003884,a1cd8e89742ed199a07308870b4962f4340aef43264a81c77a6a79722d89d926,2,0.8748788833618164,431.81060791015625,89.71124267578125,605.2100830078125,639.2413940429688,0.045953047741804545,primary,"[[517.6972045898438,147.19528198242188,0.9880062937736511],[527.5833129882812,137.02066040039062,0.9506826400756836],[507.8697814941406,137.36448669433594,0.9714496731758118],[544.1300659179688,140.8727264404297,0.7061561942100525],[491.3701171875,141.2484130859375,0.83551424741745],[566.8036499023438,199.33328247070312,0.9939133524894714],[471.553466796875,199.9196014404297,0.996271014213562],[599.0906372070312,278.41827392578125,0.9561058878898621],[449.0904541015625,273.7023010253906,0.9759411215782166],[590.874267578125,336.9103698730469,0.9351558685302734],[439.1671142578125,329.0948486328125,0.9548272490501404],[551.2130737304688,346.47857666015625,0.9961133003234863],[491.3622741699219,345.250244140625,0.9968090653419495],[551.5520629882812,467.86614990234375,0.986900269985199],[491.7896423339844,464.6538391113281,0.9891762137413025],[545.1299438476562,581.8544311523438,0.9400778412818909],[496.9856872558594,576.93359375,0.9472571611404419]]",GEOM_UPRIGHT_OR_LIMB_SUPPORTED,"{""torso_angle"": 89.17370949595822, ""shoulder_hip_dy"": 0.2661145490943413, ""y_band_ratio"": 0.6960876445631933, ""kp_mean_conf"": 0.9482563173069674, ""visible"": 17, ""bbox_ar"": 0.3155413304734091}"
V2_ORIGINAL::IMG_003884,a1cd8e89742ed199a07308870b4962f4340aef43264a81c77a6a79722d89d926,3,0.6562997102737427,1476.278076171875,160.3187255859375,1720.6685791015625,761.148193359375,0.07081260407220624,primary,"[[1651.497802734375,256.0597229003906,0.3425232470035553],[1638.7340087890625,235.96380615234375,0.03801837936043739],[1647.9859619140625,235.07127380371094,0.5482739806175232],[1551.2344970703125,235.2111053466797,0.1655685305595398],[1627.2220458984375,240.93026733398438,0.9847851991653442],[1505.138427734375,314.72564697265625,0.9263878464698792],[1634.1025390625,329.524658203125,0.9900164008140564],[1514.4873046875,402.61962890625,0.22081208229064941],[1708.5089111328125,409.1167907714844,0.8695536851882935],[1598.340087890625,360.9437561035156,0.08097346127033234],[1718.80078125,333.06732177734375,0.49505534768104553],[1512.166748046875,581.8363037109375,0.721764087677002],[1601.1102294921875,593.0330810546875,0.8858690857887268],[1566.621826171875,555.1083984375,0.3958202600479126],[1650.4105224609375,572.6640014648438,0.6639093160629272],[1529.9111328125,718.09326171875,0.243017315864563],[1635.7783203125,739.5476684570312,0.36178237199783325]]",GEOM_UPRIGHT_OR_LIMB_SUPPORTED,"{""torso_angle"": 92.80133431403166, ""shoulder_hip_dy"": 0.4415721165909352, ""y_band_ratio"": 0.7070592310638267, ""kp_mean_conf"": 0.6178264447620937, ""visible"": 14, ""bbox_ar"": 0.40675518768304314}"
V2_ORIGINAL::IMG_003885,ce9dc025af14a475e18224fc33de4e53f4c219f05c455b849eda6519a28280f2,0,0.7972671389579773,498.9034423828125,209.0968475341797,591.7560424804688,582.05078125,0.01670030018429922,primary,"[[563.7491455078125,254.15469360351562,0.513131856918335],[560.2315673828125,245.50502014160156,0.10132811963558197],[560.6028442382812,245.9520721435547,0.6506431698799133],[538.8734741210938,249.24362182617188,0.054276276379823685],[549.7970581054688,249.303955078125,0.8808068633079529],[528.955078125,291.48724365234375,0.8582810163497925],[536.3424682617188,291.8992004394531,0.987644374370575],[534.2935180664062,351.0828552246094,0.31404367089271545],[531.7598266601562,353.4317626953125,0.9723671078681946],[558.1793212890625,397.52008056640625,0.3150797188282013],[558.1006469726562,402.5251770019531,0.913996696472168],[534.956787109375,399.4522705078125,0.9578840136528015],[540.6806030273438,401.77984619140625,0.9886407852172852],[552.9869384765625,478.9085388183594,0.9278945922851562],[548.3651733398438,480.03387451171875,0.9824230670928955],[545.853515625,555.5433349609375,0.8915835022926331],[537.4482421875,560.50341796875,0.9599334597587585]]",GEOM_UPRIGHT_OR_LIMB_SUPPORTED,"{""torso_angle"": 87.28254815261491, ""shoulder_hip_dy"": 0.29205439722404664, ""y_band_ratio"": 0.7213120710006735, ""kp_mean_conf"": 0.8076235930124919, ""visible"": 15, ""bbox_ar"": 0.2489653324541876}"
V2_ORIGINAL::IMG_003885,ce9dc025af14a475e18224fc33de4e53f4c219f05c455b849eda6519a28280f2,1,0.7556202411651611,633.976318359375,271.11016845703125,686.3546142578125,486.782958984375,0.005447807310707436,background,"[[674.0794677734375,289.1614990234375,0.6383135318756104],[673.4605102539062,283.84588623046875,0.27481913566589355],[671.1334838867188,283.7423400878906,0.6788031458854675],[665.5128173828125,285.93267822265625,0.14497341215610504],[661.9425659179688,285.2265319824219,0.7751721739768982],[660.3477172851562,310.2108459472656,0.9063412547111511],[651.198974609375,310.01336669921875,0.9831021428108215],[667.9832153320312,342.84722900390625,0.4665338397026062],[648.354248046875,344.5549011230469,0.9384394288063049],[681.1336669921875,370.7158203125,0.44883373379707336],[663.1267700195312,373.92388916015625,0.8632631897926331],[658.6944580078125,374.2867126464844,0.9539007544517517],[653.9644775390625,375.3564147949219,0.9807291626930237],[659.97607421875,424.3791809082031,0.9202603101730347],[657.4813842773438,424.9395751953125,0.9676929712295532],[650.70361328125,469.8674011230469,0.8943828344345093],[648.3764038085938,472.4296875,0.9445441365242004]]",GEOM_UPRIGHT_OR_LIMB_SUPPORTED,"{""torso_angle"": 89.50760444636401, ""shoulder_hip_dy"": 0.300035332409059, ""y_band_ratio"": 0.7530682030109382, ""kp_mean_conf"": 0.7896957341581583, ""visible"": 16, ""bbox_ar"": 0.24286000923142317}"
V2_ORIGINAL::IMG_003885,ce9dc025af14a475e18224fc33de4e53f4c219f05c455b849eda6519a28280f2,2,0.35894569754600525,896.4439697265625,315.1981201171875,932.6402587890625,449.8265075683594,0.002350042451871559,background,[],GEOM_UNCERTAIN,null
V2_ORIGINAL::IMG_003886,4fa6866d8b13f3823e1035a827511e4ffd540a6d33ecd03a46d1cb139a5cbb90,0,0.8704403638839722,781.490478515625,289.91168212890625,914.2234497070312,683.7704467773438,0.025211248100677038,primary,"[[861.2752075195312,323.86187744140625,0.12074452638626099],[859.1746215820312,316.1802978515625,0.04264717176556587],[859.4222412109375,315.3983459472656,0.10567400604486465],[831.0975952148438,322.7897644042969,0.5003771781921387],[865.5803833007812,321.51336669921875,0.8431423902511597],[812.842041015625,371.4784240722656,0.9893655776977539],[882.1658935546875,367.3168029785156,0.9955980181694031],[795.8434448242188,427.45050048828125,0.8906417489051819],[901.8491821289062,420.0055847167969,0.9697777032852173],[798.0791625976562,445.3102111816406,0.6835857629776001],[900.2286987304688,440.4967346191406,0.8428007364273071],[827.3399658203125,484.39263916015625,0.997334897518158],[873.3333129882812,483.040771484375,0.9982075691223145],[840.45654296875,570.2279663085938,0.9891840219497681],[876.8883056640625,569.0011596679688,0.9925482869148254],[840.5153198242188,656.7621459960938,0.963079571723938],[869.64208984375,654.604248046875,0.9716342091560364]]",GEOM_UPRIGHT_OR_LIMB_SUPPORTED,"{""torso_angle"": 88.58057870793203, ""shoulder_hip_dy"": 0.2902540251933137, ""y_band_ratio"": 0.7348962851593264, ""kp_mean_conf"": 0.9019484051636287, ""visible"": 14, ""bbox_ar"": 0.33700651884663557}"
V2_ORIGINAL::IMG_003886,4fa6866d8b13f3823e1035a827511e4ffd540a6d33ecd03a46d1cb139a5cbb90,1,0.7163904309272766,994.2258911132812,281.5846252441406,1098.2857666015625,650.9610595703125,0.01853649004836359,primary,"[[1072.085693359375,323.777099609375,0.8774506449699402],[1072.081787109375,315.76068115234375,0.3939530551433563],[1066.0555419921875,315.8979797363281,0.925191342830658],[1061.10693359375,317.180419921875,0.08167889714241028],[1044.86865234375,316.4488220214844,0.9344626069068909],[1048.1171875,354.1904602050781,0.9243560433387756],[1025.950927734375,354.520751953125,0.9944981932640076],[1061.717529296875,401.8927917480469,0.3918498158454895],[1035.3076171875,405.1524658203125,0.982079029083252],[1081.939697265625,402.11224365234375,0.4322379231452942],[1077.946533203125,405.6346435546875,0.9477828741073608],[1041.2498779296875,460.46148681640625,0.9648191928863525],[1025.9200439453125,462.8453369140625,0.99089515209198],[1042.921630859375,545.1229858398438,0.9300960898399353],[1028.8896484375,546.8131713867188,0.9835131764411926],[1032.91845703125,619.2626342773438,0.8776503801345825],[1013.9910888671875,624.9135131835938,0.9554123282432556]]",GEOM_UPRIGHT_OR_LIMB_SUPPORTED,"{""torso_angle"": 91.84114350454283, ""shoulder_hip_dy"": 0.2904836254155435, ""y_band_ratio"": 0.7329191248282451, ""kp_mean_conf"": 0.8441404905170202, ""visible"": 16, ""bbox_ar"": 0.28171768910518225}"
V2_ORIGINAL::IMG_003887,6786cd4c5ce2d5100e95e9ca8a85a3ee6c0074d2661b445a20b694d5bf35814f,0,0.912111759185791,1033.50341796875,347.498291015625,1232.1973876953125,870.2288818359375,0.050088453022569104,primary,"[[1135.462890625,397.1242980957031,0.2779492437839508],[1133.226806640625,387.2121276855469,0.16437958180904388],[1139.038330078125,384.7038879394531,0.10219672322273254],[1117.8380126953125,394.8825378417969,0.8062213063240051],[1164.910400390625,392.5210266113281,0.6404997706413269],[1103.7220458984375,456.4850769042969,0.9940233826637268],[1186.7733154296875,452.71136474609375,0.9930680990219116],[1074.68994140625,533.0196533203125,0.9632114171981812],[1215.84814453125,530.619384765625,0.9478116631507874],[1056.698486328125,599.2183227539062,0.874288022518158],[1222.35986328125,605.7638549804688,0.8292033076286316],[1115.50048828125,603.4190063476562,0.9983957409858704],[1170.2794189453125,602.47509765625,0.9981188178062439],[1114.769287109375,709.7339477539062,0.9929221868515015],[1163.7432861328125,709.8259887695312,0.9918832778930664],[1123.609130859375,813.2755737304688,0.9651259183883667],[1158.6910400390625,813.259521484375,0.9632636904716492]]",GEOM_UPRIGHT_OR_LIMB_SUPPORTED,"{""torso_angle"": 90.91053253263378, ""shoulder_hip_dy"": 0.2837959625511039, ""y_band_ratio"": 0.6897706300649968, ""kp_mean_conf"": 0.8823990563551585, ""visible"": 15, ""bbox_ar"": 0.38010779016157314}"
V2_ORIGINAL::IMG_003887,6786cd4c5ce2d5100e95e9ca8a85a3ee6c0074d2661b445a20b694d5bf35814f,1,0.70826256275177,957.7803955078125,374.6521911621094,1026.9149169921875,608.51318359375,0.00779700415008802,background,"[[1015.6994018554688,400.24102783203125,0.5860915780067444],[1014.7219848632812,394.6479797363281,0.20803849399089813],[1012.7940673828125,395.0215759277344,0.6659735441207886],[1001.1886596679688,395.3945007324219,0.12967537343502045],[1002.2742919921875,396.1378173828125,0.829582691192627],[988.0003662109375,419.07550048828125,0.8823125958442688],[993.3561401367188,420.1018981933594,0.9819667339324951],[986.8433227539062,450.4040222167969,0.3708919286727905],[996.5228271484375,451.24859619140625,0.9366058111190796],[996.4603271484375,464.1522521972656,0.3661006689071655],[1009.38134765625,466.67889404296875,0.8511205911636353],[982.4588012695312,483.7698669433594,0.9503076672554016],[986.6753540039062,485.0241394042969,0.9810740351676941],[982.4290161132812,539.691650390625,0.9340201616287231],[991.4588623046875,540.1283569335938,0.9760459065437317],[975.5676879882812,587.911865234375,0.9303539395332336],[983.5358276367188,590.7733154296875,0.9663529992103577]]",GEOM_UPRIGHT_OR_LIMB_SUPPORTED,"{""torso_angle"": 95.3868446740218, ""shoulder_hip_dy"": 0.27712318826300963, ""y_band_ratio"": 0.7341874895685943, ""kp_mean_conf"": 0.7760524591431022, ""visible"": 16, ""bbox_ar"": 0.29562228726359124}"
V2_ORIGINAL::IMG_003887,6786cd4c5ce2d5100e95e9ca8a85a3ee6c0074d2661b445a20b694d5bf35814f,2,0.2756762206554413,1000.3607177734375,376.27166748046875,1033.1568603515625,604.9176635742188,0.0036162744443518696,background,"[[1015.6994018554688,400.24102783203125,0.5860915780067444],[1014.7219848632812,394.6479797363281,0.20803849399089813],[1012.7940673828125,395.0215759277344,0.6659735441207886],[1001.1886596679688,395.3945007324219,0.12967537343502045],[1002.2742919921875,396.1378173828125,0.829582691192627],[988.0003662109375,419.07550048828125,0.8823125958442688],[993.3561401367188,420.1018981933594,0.9819667339324951],[986.8433227539062,450.4040222167969,0.3708919286727905],[996.5228271484375,451.24859619140625,0.9366058111190796],[996.4603271484375,464.1522521972656,0.3661006689071655],[1009.38134765625,466.67889404296875,0.8511205911636353],[982.4588012695312,483.7698669433594,0.9503076672554016],[986.6753540039062,485.0241394042969,0.9810740351676941],[982.4290161132812,539.691650390625,0.9340201616287231],[991.4588623046875,540.1283569335938,0.9760459065437317],[975.5676879882812,587.911865234375,0.9303539395332336],[983.5358276367188,590.7733154296875,0.9663529992103577]]",GEOM_UPRIGHT_OR_LIMB_SUPPORTED,"{""torso_angle"": 95.3868446740218, ""shoulder_hip_dy"": 0.28344386055391474, ""y_band_ratio"": 0.7509329613233475, ""kp_mean_conf"": 0.7760524591431022, ""visible"": 16, ""bbox_ar"": 0.1434363301278971}"
V2_ORIGINAL::IMG_003887,6786cd4c5ce2d5100e95e9ca8a85a3ee6c0074d2661b445a20b694d5bf35814f,3,0.22995306551456451,963.0325927734375,392.4531555175781,1014.7584228515625,592.3812255859375,0.004987193952644399,background,"[[1015.6994018554688,400.24102783203125,0.5860915780067444],[1014.7219848632812,394.6479797363281,0.20803849399089813],[1012.7940673828125,395.0215759277344,0.6659735441207886],[1001.1886596679688,395.3945007324219,0.12967537343502045],[1002.2742919921875,396.1378173828125,0.829582691192627],[988.0003662109375,419.07550048828125,0.8823125958442688],[993.3561401367188,420.1018981933594,0.9819667339324951],[986.8433227539062,450.4040222167969,0.3708919286727905],[996.5228271484375,451.24859619140625,0.9366058111190796],[996.4603271484375,464.1522521972656,0.3661006689071655],[1009.38134765625,466.67889404296875,0.8511205911636353],[982.4588012695312,483.7698669433594,0.9503076672554016],[986.6753540039062,485.0241394042969,0.9810740351676941],[982.4290161132812,539.691650390625,0.9340201616287231],[991.4588623046875,540.1283569335938,0.9760459065437317],[975.5676879882812,587.911865234375,0.9303539395332336],[983.5358276367188,590.7733154296875,0.9663529992103577]]",GEOM_UPRIGHT_OR_LIMB_SUPPORTED,"{""torso_angle"": 95.3868446740218, ""shoulder_hip_dy"": 0.3241581025158127, ""y_band_ratio"": 0.8587979410930109, ""kp_mean_conf"": 0.7760524591431022, ""visible"": 16, ""bbox_ar"": 0.25872219974133154}"
V2_ORIGINAL::IMG_003888,e6d31485e30861fae7d360b9d9e23306e8b4317762269bf9239faa555516baee,0,0.9113447666168213,934.468505859375,129.0472412109375,1124.8355712890625,612.8311767578125,0.044413834930595905,primary,"[[995.21435546875,178.23248291015625,0.3318721652030945],[998.612548828125,166.5340118408203,0.26344120502471924],[1000.1358032226562,163.88035583496094,0.07851053029298782],[1003.8995971679688,173.53749084472656,0.9190300107002258],[1046.6195068359375,169.0640411376953,0.5446688532829285],[988.5298461914062,233.84767150878906,0.997943103313446],[1078.850830078125,227.75245666503906,0.9948571920394897],[962.974365234375,307.2248229980469,0.9858083724975586],[1100.2987060546875,306.14105224609375,0.9440259337425232],[959.6021728515625,365.1109313964844,0.9413525462150574],[1097.5908203125,367.47686767578125,0.839589536190033],[1000.6376953125,376.8359069824219,0.9994335770606995],[1061.9991455078125,374.3425598144531,0.9990226030349731],[1003.047607421875,474.6578063964844,0.9980565905570984],[1061.4071044921875,472.279541015625,0.9968806505203247],[1010.4972534179688,576.3925170898438,0.9894385933876038],[1063.04052734375,568.1220092773438,0.9865046143531799]]",GEOM_UPRIGHT_OR_LIMB_SUPPORTED,"{""torso_angle"": 90.93852820987206, ""shoulder_hip_dy"": 0.29928478122749586, ""y_band_ratio"": 0.7206524127980767, ""kp_mean_conf"": 0.8582453466951847, ""visible"": 16, ""bbox_ar"": 0.3934960453254702}"
V2_ORIGINAL::IMG_003888,e6d31485e30861fae7d360b9d9e23306e8b4317762269bf9239faa555516baee,1,0.9053378701210022,180.63262939453125,54.14337158203125,543.1529541015625,1072.909423828125,0.17810734956633598,primary,"[[273.3913879394531,182.62051391601562,0.24438975751399994],[275.68218994140625,160.49295043945312,0.3812512159347534],[284.6440734863281,155.41836547851562,0.022995425388216972],[303.235595703125,159.83363342285156,0.9752139449119568],[386.90625,144.31814575195312,0.3115822970867157],[302.247802734375,281.2392883300781,0.9971932768821716],[476.9516906738281,240.99623107910156,0.9714466333389282],[250.16587829589844,460.0423278808594,0.97044837474823],[494.7435607910156,406.7582092285156,0.5288263559341431],[205.8713836669922,419.88519287109375,0.7868070602416992],[357.4595031738281,412.1283874511719,0.25621500611305237],[358.54852294921875,628.3751220703125,0.9973862767219543],[477.30706787109375,610.6658935546875,0.9917296767234802],[371.7708435058594,853.9812622070312,0.9939730763435364],[478.1045837402344,824.7947387695312,0.9837186932563782],[396.89447021484375,1049.2431640625,0.9646760821342468],[475.5235290527344,1015.932373046875,0.939802348613739]]",GEOM_UPRIGHT_OR_LIMB_SUPPORTED,"{""torso_angle"": 85.48075365907332, ""shoulder_hip_dy"": 0.3518008352533268, ""y_band_ratio"": 0.7933587217609385, ""kp_mean_conf"": 0.7684162547811866, ""visible"": 16, ""bbox_ar"": 0.35584256454931484}"
V2_ORIGINAL::IMG_003889,5dbf27cf5cbc6edd6b8d4aedddf6f42e9ac9809a1f40a430e968ab70da572ea4,0,0.8354514837265015,990.26806640625,336.89044189453125,1082.3704833984375,662.2152099609375,0.014449844447501366,primary,"[[1027.101806640625,372.289794921875,0.8350756764411926],[1032.3265380859375,365.772216796875,0.8766550421714783],[1028.4696044921875,365.6597900390625,0.4516221284866333],[1046.2537841796875,368.65753173828125,0.904634416103363],[1042.6527099609375,369.30816650390625,0.17155030369758606],[1057.760009765625,403.47650146484375,0.9909653663635254],[1047.680908203125,401.9998474121094,0.9550147652626038],[1047.2391357421875,449.65374755859375,0.9671260714530945],[1027.2464599609375,445.1044006347656,0.5881850123405457],[1012.31396484375,450.84649658203125,0.9296236634254456],[1009.5250854492188,448.4561462402344,0.5880385041236877],[1048.0899658203125,499.5827941894531,0.9926192164421082],[1042.0364990234375,496.90936279296875,0.9811292290687561],[1041.388427734375,573.5765991210938,0.9910454154014587],[1035.2457275390625,571.8623657226562,0.9726811051368713],[1045.059326171875,643.8182373046875,0.9801223874092102],[1040.6505126953125,639.4713745117188,0.9557859301567078]]",GEOM_UPRIGHT_OR_LIMB_SUPPORTED,"{""torso_angle"": 94.58381280212748, ""shoulder_hip_dy"": 0.2935771064109051, ""y_band_ratio"": 0.7433138009437309, ""kp_mean_conf"": 0.8725202456116676, ""visible"": 16, ""bbox_ar"": 0.2831091451770044}"
V2_ORIGINAL::IMG_003889,5dbf27cf5cbc6edd6b8d4aedddf6f42e9ac9809a1f40a430e968ab70da572ea4,1,0.8242068290710449,185.785400390625,350.6509094238281,262.1330871582031,548.6909790039062,0.007291619019931125,background,"[[231.65699768066406,373.0201721191406,0.2523968517780304],[230.65695190429688,368.75244140625,0.13731206953525543],[231.20425415039062,368.3502502441406,0.20392447710037231],[216.56878662109375,371.74688720703125,0.43724626302719116],[233.4827880859375,371.1726379394531,0.6470978260040283],[205.4196319580078,395.66375732421875,0.9689580202102661],[240.8715362548828,394.8431396484375,0.9793803095817566],[194.7007598876953,422.7327575683594,0.8311828374862671],[255.65480041503906,422.04412841796875,0.9008191227912903],[195.6788787841797,443.9898681640625,0.6845924258232117],[261.2546691894531,444.5766906738281,0.7627168893814087],[215.23934936523438,448.6921691894531,0.9852825403213501],[238.44027709960938,448.7743835449219,0.9874699711799622],[221.37245178222656,489.0097351074219,0.964518129825592],[237.5154571533203,488.9683532714844,0.968659520149231],[223.92315673828125,526.5436401367188,0.9397534728050232],[234.8516387939453,526.0659790039062,0.9446415901184082]]",GEOM_UPRIGHT_OR_LIMB_SUPPORTED,"{""torso_angle"": 86.04845330680261, ""shoulder_hip_dy"": 0.2700454912698091, ""y_band_ratio"": 0.6650194618065802, ""kp_mean_conf"": 0.7786650154739618, ""visible"": 16, ""bbox_ar"": 0.38551636004503975}"
V2_ORIGINAL::IMG_003889,5dbf27cf5cbc6edd6b8d4aedddf6f42e9ac9809a1f40a430e968ab70da572ea4,2,0.7978343367576599,805.1956787109375,327.0440673828125,936.251953125,670.2781982421875,0.021693184048118482,primary,"[[876.1357421875,361.100830078125,0.7928855419158936],[873.8941650390625,353.0494384765625,0.2481541782617569],[871.4420166015625,353.2685852050781,0.8656206130981445],[850.5350341796875,356.55096435546875,0.1136699765920639],[855.8348388671875,356.2496643066406,0.9546836018562317],[833.9615478515625,393.7877197265625,0.9483077526092529],[851.2102661132812,395.362060546875,0.9970030188560486],[848.25146484375,445.8929443359375,0.3486611545085907],[860.2617797851562,448.32147216796875,0.9852854609489441],[880.17333984375,475.6575012207031,0.34656012058258057],[881.7726440429688,478.45623779296875,0.9447990655899048],[845.7658081054688,492.4117431640625,0.9806026816368103],[861.0137939453125,495.403564453125,0.9956638216972351],[852.5578002929688,567.9450073242188,0.9690119028091431],[885.423583984375,569.1126708984375,0.9939093589782715],[842.3699340820312,636.5552978515625,0.962867021560669],[886.235107421875,641.484619140625,0.9884598255157471]]",GEOM_UPRIGHT_OR_LIMB_SUPPORTED,"{""torso_angle"": 83.79264456651308, ""shoulder_hip_dy"": 0.28940234883742433, ""y_band_ratio"": 0.7216557945268717, ""kp_mean_conf"": 0.8326546950265765, ""visible"": 16, ""bbox_ar"": 0.3818276291053264}"
V2_ORIGINAL::IMG_003889,5dbf27cf5cbc6edd6b8d4aedddf6f42e9ac9809a1f40a430e968ab70da572ea4,3,0.7814492583274841,901.494873046875,353.12677001953125,980.033203125,572.35693359375,0.00830341963246206,background,"[[937.9813842773438,373.7576599121094,0.571677029132843],[939.5167236328125,368.8170166015625,0.4095437228679657],[937.562255859375,368.5339050292969,0.455074667930603],[940.7205200195312,371.24591064453125,0.4938109815120697],[940.979248046875,370.9107360839844,0.5861943960189819],[934.412353515625,393.98614501953125,0.9545702934265137],[947.1485595703125,393.5457458496094,0.9704369902610779],[929.3049926757812,426.1845703125,0.7009952664375305],[956.5316162109375,425.3760681152344,0.8107369542121887],[925.2116088867188,444.3865661621094,0.5732101202011108],[957.983154296875,444.3814392089844,0.66676265001297],[934.1263427734375,455.1327209472656,0.9624805450439453],[943.1502685546875,454.89495849609375,0.969302773475647],[931.669189453125,505.99432373046875,0.9201352596282959],[947.3397216796875,506.0716857910156,0.9325183629989624],[928.0380249023438,552.9884033203125,0.8854232430458069],[943.6036376953125,552.5927734375,0.8979831337928772]]",GEOM_UPRIGHT_OR_LIMB_SUPPORTED,"{""torso_angle"": 92.00310878579818, ""shoulder_hip_dy"": 0.27937713172564577, ""y_band_ratio"": 0.7272843064623495, ""kp_mean_conf"": 0.7506386111764347, ""visible"": 17, ""bbox_ar"": 0.3582460040975905}"
V2_ORIGINAL::IMG_003890,cf12a0c87783adfbb55c87a7b1f10fd0a02c273e0a80097167298edaf9349965,0,0.8929530382156372,556.0664672851562,308.5894775390625,755.9578857421875,890.0447998046875,0.05605127755452643,primary,"[[666.88037109375,364.66949462890625,0.29695218801498413],[661.22607421875,352.0455627441406,0.06664543598890305],[664.9127197265625,351.2542419433594,0.29873135685920715],[613.829833984375,358.3905944824219,0.3890116810798645],[661.15771484375,357.0121765136719,0.9181023836135864],[582.77734375,424.79327392578125,0.978826642036438],[676.369140625,425.8486633300781,0.9957969188690186],[578.6627807617188,510.18951416015625,0.7364065647125244],[713.22021484375,517.6417236328125,0.9651534557342529],[622.0474243164062,560.5053100585938,0.47298678755760193],[712.9541015625,581.448486328125,0.8263264298439026],[600.122314453125,601.8951416015625,0.9959825277328491],[668.3723754882812,604.4188842773438,0.9983115196228027],[604.814208984375,727.78076171875,0.9932007193565369],[686.3642578125,730.7650756835938,0.9971984624862671],[599.466552734375,844.1824951171875,0.983424723148346],[679.8868408203125,854.1737060546875,0.9903627038002014]]",GEOM_UPRIGHT_OR_LIMB_SUPPORTED,"{""torso_angle"": 88.49442939681161, ""shoulder_hip_dy"": 0.30584644684064477, ""y_band_ratio"": 0.7384581681286139, ""kp_mean_conf"": 0.802298441529274, ""visible"": 16, ""bbox_ar"": 0.34377777759116507}"
V2_ORIGINAL::IMG_003890,cf12a0c87783adfbb55c87a7b1f10fd0a02c273e0a80097167298edaf9349965,1,0.8782695531845093,727.346923828125,342.9671630859375,886.8760986328125,812.6834106445312,0.03613688530351889,primary,"[[783.9179077148438,391.7530517578125,0.9733334183692932],[793.7798461914062,382.5186767578125,0.9702205061912537],[779.5032958984375,382.57781982421875,0.8901188373565674],[818.1820678710938,388.73089599609375,0.912937343120575],[776.533447265625,389.12091064453125,0.425079882144928],[847.83203125,446.73431396484375,0.9982243180274963],[765.3356323242188,446.22613525390625,0.995201587677002],[868.123046875,515.8406982421875,0.986873209476471],[746.7635498046875,513.5810546875,0.9229257702827454],[840.3278198242188,564.8331298828125,0.9706194996833801],[752.6819458007812,564.7999877929688,0.8906666040420532],[829.5213012695312,584.2278442382812,0.9987046718597412],[774.37744140625,582.5216674804688,0.9977487921714783],[840.313720703125,678.2294311523438,0.997055172920227],[768.210205078125,677.3176879882812,0.9940892457962036],[847.4895629882812,773.7160034179688,0.9891531467437744],[772.3658447265625,771.4276123046875,0.9819093942642212]]",GEOM_UPRIGHT_OR_LIMB_SUPPORTED,"{""torso_angle"": 91.93896459746412, ""shoulder_hip_dy"": 0.2914409113193884, ""y_band_ratio"": 0.6972078778756966, ""kp_mean_conf"": 0.9349918470663183, ""visible"": 17, ""bbox_ar"": 0.33962881981166165}"
V2_ORIGINAL::IMG_003891,83bedc0973a8c202da41709e7b7ff62f64b014c5d58c8b2a11779b40c3285a87,0,0.9050408005714417,1315.6124267578125,3.779205322265625,1630.25390625,925.566650390625,0.13986909987154325,primary,"[[1411.265625,111.84404754638672,0.40386340022087097],[1413.3712158203125,94.38732147216797,0.4276773929595947],[1422.2025146484375,91.58189392089844,0.06592126190662384],[1440.9664306640625,90.5456314086914,0.942081868648529],[1505.529052734375,84.05484008789062,0.29870525002479553],[1432.407470703125,177.88015747070312,0.9953256845474243],[1572.4757080078125,171.28326416015625,0.9817209243774414],[1382.4510498046875,300.8561096191406,0.9679057598114014],[1612.8944091796875,347.49591064453125,0.802154004573822],[1378.587890625,280.5332336425781,0.8729971647262573],[1564.2159423828125,417.9482421875,0.596045970916748],[1442.2205810546875,458.5791320800781,0.9983547329902649],[1535.96533203125,448.7165222167969,0.9969004392623901],[1421.133056640625,669.1600341796875,0.9972894191741943],[1526.7952880859375,650.401123046875,0.9955393671989441],[1426.92041015625,862.4086303710938,0.9854373931884766],[1524.0618896484375,842.5413818359375,0.9814326167106628]]",GEOM_UPRIGHT_OR_LIMB_SUPPORTED,"{""torso_angle"": 92.73855466398156, ""shoulder_hip_dy"": 0.30274454032329806, ""y_band_ratio"": 0.7497665214562387, ""kp_mean_conf"": 0.8277144618332386, ""visible"": 16, ""bbox_ar"": 0.34133843021571403}"
V2_ORIGINAL::IMG_003891,83bedc0973a8c202da41709e7b7ff62f64b014c5d58c8b2a11779b40c3285a87,1,0.7158900499343872,636.0064697265625,83.52960205078125,805.1082153320312,687.4283447265625,0.049247845078810956,primary,"[[758.429443359375,137.1927490234375,0.9563107490539551],[763.12646484375,125.45702362060547,0.6731244325637817],[746.6608276367188,126.24071502685547,0.9631227850914001],[756.9232788085938,133.20314025878906,0.20119905471801758],[714.1345825195312,132.9403076171875,0.9427527189254761],[758.1668090820312,201.6218719482422,0.9649741649627686],[679.614990234375,205.81765747070312,0.997111439704895],[772.5263671875,284.13946533203125,0.7315691709518433],[659.1220092773438,297.6708984375,0.9876634478569031],[786.6893920898438,352.1397705078125,0.7172068357467651],[703.299560546875,358.7910461425781,0.9675689339637756],[765.0538330078125,373.9380798339844,0.9909935593605042],[715.37939453125,379.025146484375,0.997403085231781],[764.7640991210938,500.75994873046875,0.9854046702384949],[722.0255126953125,507.9287414550781,0.9955053329467773],[758.7106323242188,623.3504028320312,0.962428629398346],[721.1617431640625,631.6674194335938,0.9816395044326782]]",GEOM_UPRIGHT_OR_LIMB_SUPPORTED,"{""torso_angle"": 82.96300956367817, ""shoulder_hip_dy"": 0.28607750975639756, ""y_band_ratio"": 0.7121153218168442, ""kp_mean_conf"": 0.8832928538322449, ""visible"": 17, ""bbox_ar"": 0.28001672077707146}"
V2_ORIGINAL::IMG_003891,83bedc0973a8c202da41709e7b7ff62f64b014c5d58c8b2a11779b40c3285a87,2,0.5073176622390747,641.78466796875,83.09115600585938,799.0226440429688,424.7178039550781,0.0259050360226441,primary,"[[758.429443359375,137.1927490234375,0.9563107490539551],[763.12646484375,125.45702362060547,0.6731244325637817],[746.6608276367188,126.24071502685547,0.9631227850914001],[756.9232788085938,133.20314025878906,0.20119905471801758],[714.1345825195312,132.9403076171875,0.9427527189254761],[758.1668090820312,201.6218719482422,0.9649741649627686],[679.614990234375,205.81765747070312,0.997111439704895],[772.5263671875,284.13946533203125,0.7315691709518433],[659.1220092773438,297.6708984375,0.9876634478569031],[786.6893920898438,352.1397705078125,0.7172068357467651],[703.299560546875,358.7910461425781,0.9675689339637756],[765.0538330078125,373.9380798339844,0.9909935593605042],[715.37939453125,379.025146484375,0.997403085231781],[764.7640991210938,500.75994873046875,0.9854046702384949],[722.0255126953125,507.9287414550781,0.9955053329467773],[758.7106323242188,623.3504028320312,0.962428629398346],[721.1617431640625,631.6674194335938,0.9816395044326782]]",GEOM_UPRIGHT_OR_LIMB_SUPPORTED,"{""torso_angle"": 82.96300956367817, ""shoulder_hip_dy"": 0.5057036665224878, ""y_band_ratio"": 1.2588173377776897, ""kp_mean_conf"": 0.8832928538322449, ""visible"": 17, ""bbox_ar"": 0.4602626200798934}"
V2_ORIGINAL::IMG_003892,84620ef986b653f83fe4161a06054c03b14bfde35ca3588d66b6dcdfeb104929,0,0.9335295557975769,436.34490966796875,172.23046875,727.2090454101562,987.7498168945312,0.11439300269053396,primary,"[[603.1087646484375,255.9561767578125,0.10286766290664673],[597.429931640625,236.7058563232422,0.014113055542111397],[602.1019287109375,233.72250366210938,0.0560738630592823],[535.8372802734375,244.22190856933594,0.6382157802581787],[609.4044799804688,245.87118530273438,0.9438329339027405],[489.9053649902344,335.5035400390625,0.9982001781463623],[635.38037109375,339.9432067871094,0.9996441602706909],[460.7939758300781,463.5867919921875,0.9756170511245728],[664.7191772460938,471.4492492675781,0.9969589710235596],[475.4074401855469,569.9107666015625,0.9108929634094238],[698.8242797851562,570.3092651367188,0.9768004417419434],[519.7650146484375,574.6436157226562,0.999847412109375],[616.7672119140625,578.9738159179688,0.9999327659606934],[533.9891967773438,739.2843627929688,0.9989181756973267],[625.67919921875,744.3949584960938,0.9995274543762207],[549.9537963867188,902.1893920898438,0.9887474179267883],[610.8951416015625,909.0855102539062,0.9933679699897766]]",GEOM_UPRIGHT_OR_LIMB_SUPPORTED,"{""torso_angle"": 88.6526617388792, ""shoulder_hip_dy"": 0.29316942994815914, ""y_band_ratio"": 0.7033333685091063, ""kp_mean_conf"": 0.958607405424118, ""visible"": 14, ""bbox_ar"": 0.3566612323839542}"
V2_ORIGINAL::IMG_003892,84620ef986b653f83fe4161a06054c03b14bfde35ca3588d66b6dcdfeb104929,1,0.7972015738487244,911.7916259765625,306.14007568359375,970.6666259765625,477.1586608886719,0.004855670912398233,background,[],GEOM_UNCERTAIN,null
V2_ORIGINAL::IMG_003893,2a5c2d55fe21dcfb62d6193ee70d56c16a38f892c0ca6991f871e9220a1e4114,0,0.9107842445373535,749.6449584960938,227.87457275390625,968.8562622070312,829.0045166015625,0.06354864905986081,primary,"[[878.7645874023438,292.2754211425781,0.19252237677574158],[874.6286010742188,277.1250915527344,0.04013071954250336],[877.0401000976562,274.93634033203125,0.1401708871126175],[825.5359497070312,281.4662780761719,0.5361889004707336],[878.328369140625,282.02490234375,0.9169139266014099],[788.7861328125,351.28082275390625,0.9940208792686462],[904.295166015625,350.1435241699219,0.9977026581764221],[765.2627563476562,447.6331787109375,0.9052889347076416],[933.6106567382812,445.9685974121094,0.9755252599716187],[785.3796997070312,506.45391845703125,0.6911547183990479],[946.5606689453125,511.2259826660156,0.8599236011505127],[811.5864868164062,525.29541015625,0.9986541271209717],[887.9901123046875,526.7030639648438,0.9992080330848694],[836.824951171875,642.6019897460938,0.9947130084037781],[900.4718627929688,645.1433715820312,0.9969954490661621],[840.7093505859375,755.3877563476562,0.9765645861625671],[876.1727294921875,765.0822143554688,0.9830198884010315]]",GEOM_UPRIGHT_OR_LIMB_SUPPORTED,"{""torso_angle"": 88.93856765216451, ""shoulder_hip_dy"": 0.2915959608943647, ""y_band_ratio"": 0.690264550006686, ""kp_mean_conf"": 0.9161338550703866, ""visible"": 14, ""bbox_ar"": 0.3646654204377681}"
V2_ORIGINAL::IMG_003893,2a5c2d55fe21dcfb62d6193ee70d56c16a38f892c0ca6991f871e9220a1e4114,1,0.8495018482208252,1120.8106689453125,310.37969970703125,1241.4837646484375,644.7133178710938,0.019456535832119967,primary,"[[1195.380859375,344.6563415527344,0.15401682257652283],[1193.3031005859375,337.4869079589844,0.06522135436534882],[1193.0584716796875,337.4234619140625,0.12598255276679993],[1166.5699462890625,342.4648132324219,0.5635342597961426],[1195.485107421875,343.304443359375,0.8210847973823547],[1146.8712158203125,383.01739501953125,0.9929330348968506],[1206.6744384765625,383.9801330566406,0.9954267144203186],[1130.0460205078125,430.6501770019531,0.9369897842407227],[1226.4588623046875,432.9011535644531,0.963817834854126],[1134.515625,471.42291259765625,0.7971086502075195],[1231.3349609375,472.6247253417969,0.8443132042884827],[1157.820556640625,475.57012939453125,0.9981316924095154],[1197.024169921875,476.6877136230469,0.9983751773834229],[1164.0360107421875,546.9926147460938,0.9933902025222778],[1194.6884765625,548.1180419921875,0.9938952326774597],[1163.7337646484375,615.1746826171875,0.979496419429779],[1189.54296875,617.099853515625,0.9805092811584473]]",GEOM_UPRIGHT_OR_LIMB_SUPPORTED,"{""torso_angle"": 89.59824024790287, ""shoulder_hip_dy"": 0.27705905849183293, ""y_band_ratio"": 0.7001463382040929, ""kp_mean_conf"": 0.9185004489762443, ""visible"": 14, ""bbox_ar"": 0.36093617018169233}"
V2_ORIGINAL::IMG_003894,df7262d5f0764ffcdeac7c699684178eace0c41aa85f58c6b96a19726c2938a5,0,0.9103720784187317,783.3955078125,213.17605590820312,1024.0052490234375,806.06103515625,0.06879528425189266,primary,"[[895.1782836914062,270.0448303222656,0.11659622937440872],[895.24951171875,255.91232299804688,0.06174170970916748],[898.8458862304688,252.86399841308594,0.025816025212407112],[879.3897094726562,263.8942565917969,0.8630087375640869],[935.8359375,261.6824645996094,0.6075854897499084],[855.0936279296875,331.8330078125,0.998242974281311],[965.885009765625,330.6832580566406,0.9970780611038208],[820.724365234375,418.5672912597656,0.9888195395469666],[986.59130859375,424.8869934082031,0.9740145802497864],[803.4519653320312,490.2559509277344,0.9478204250335693],[999.044677734375,489.6968078613281,0.8983343243598938],[873.9895629882812,508.2314147949219,0.9997813105583191],[944.654296875,508.48272705078125,0.999697208404541],[886.6483154296875,636.54345703125,0.998857855796814],[938.394287109375,638.0888671875,0.9985089898109436],[903.34423828125,754.4284057617188,0.991228461265564],[922.867919921875,750.6015625,0.9900040030479431]]",GEOM_UPRIGHT_OR_LIMB_SUPPORTED,"{""torso_angle"": 90.37767301127359, ""shoulder_hip_dy"": 0.29870707504328237, ""y_band_ratio"": 0.7147172934664529, ""kp_mean_conf"": 0.9466415686266763, ""visible"": 14, ""bbox_ar"": 0.40582870140529054}"
V2_ORIGINAL::IMG_003894,df7262d5f0764ffcdeac7c699684178eace0c41aa85f58c6b96a19726c2938a5,1,0.8307619690895081,988.4124755859375,265.3050231933594,1094.7703857421875,641.2496337890625,0.019282736842912897,primary,"[[1045.4718017578125,305.3116149902344,0.09079053997993469],[1042.57470703125,297.66943359375,0.034335795789957047],[1044.919921875,297.2223815917969,0.08098043501377106],[1016.5150146484375,302.5799255371094,0.2986654043197632],[1052.62646484375,301.85760498046875,0.6870378255844116],[1002.03955078125,344.438720703125,0.954979419708252],[1062.1068115234375,342.9472351074219,0.9814038276672363],[994.2891235351562,400.888671875,0.6823016405105591],[1078.4940185546875,398.7816467285156,0.8962863087654114],[1007.2318725585938,452.4590148925781,0.4438023865222931],[1083.220947265625,449.4130859375,0.6703774929046631],[1016.166748046875,446.9449157714844,0.9876112341880798],[1055.5841064453125,446.86004638671875,0.9919795989990234],[1025.6248779296875,524.9200439453125,0.9709349274635315],[1045.55224609375,524.412109375,0.980515718460083],[1027.7547607421875,600.3755493164062,0.945692777633667],[1036.4776611328125,600.1767578125,0.959089994430542]]",GEOM_UPRIGHT_OR_LIMB_SUPPORTED,"{""torso_angle"": 87.8901731777201, ""shoulder_hip_dy"": 0.27453380169564734, ""y_band_ratio"": 0.6847506439873583, ""kp_mean_conf"": 0.8179056112255368, ""visible"": 14, ""bbox_ar"": 0.2829084582106937}"
V2_ORIGINAL::IMG_003895,fc149aaea8829ea06f3ed12651debf67d1b41ee5405a8479d2855176ad1207f8,0,0.8956286907196045,698.7108764648438,204.369873046875,918.6762084960938,798.482666015625,0.06302286736563675,primary,"[[828.02783203125,267.1087646484375,0.2551864683628082],[826.2009887695312,251.74053955078125,0.05223102122545242],[824.5687866210938,248.7560577392578,0.18313485383987427],[782.5602416992188,257.0494689941406,0.6616676449775696],[830.4349365234375,257.04193115234375,0.9495130777359009],[742.2984619140625,327.000244140625,0.9965776801109314],[856.2539672851562,329.1061706542969,0.9993389248847961],[715.9431762695312,416.3544616699219,0.9344142079353333],[878.8709106445312,427.20281982421875,0.9920022487640381],[727.9625854492188,475.08489990234375,0.7822509407997131],[899.0597534179688,502.9595947265625,0.9399139285087585],[757.0797119140625,501.77392578125,0.9994764924049377],[834.322265625,503.5910339355469,0.9997686743736267],[756.7432861328125,628.043212890625,0.9977946281433105],[832.8997192382812,629.4208374023438,0.9990173578262329],[771.274169921875,746.7239379882812,0.9883688688278198],[825.0238647460938,752.4987182617188,0.9930515289306641]]",GEOM_UPRIGHT_OR_LIMB_SUPPORTED,"{""torso_angle"": 91.17286600720126, ""shoulder_hip_dy"": 0.2939328601027497, ""y_band_ratio"": 0.7161914019640959, ""kp_mean_conf"": 0.8992228448390961, ""visible"": 15, ""bbox_ar"": 0.3702417026438615}"
V2_ORIGINAL::IMG_003895,fc149aaea8829ea06f3ed12651debf67d1b41ee5405a8479d2855176ad1207f8,1,0.8607668280601501,1018.4070434570312,217.2484130859375,1103.8065185546875,448.92535400390625,0.009541420306049986,background,"[[1056.7730712890625,242.2767333984375,0.1304151713848114],[1057.238525390625,236.88002014160156,0.08859635144472122],[1058.1746826171875,236.52882385253906,0.07137644290924072],[1049.11376953125,239.61598205566406,0.5498802065849304],[1070.9930419921875,239.56210327148438,0.45653098821640015],[1039.6102294921875,266.03411865234375,0.9773584604263306],[1082.0687255859375,265.9690856933594,0.9755773544311523],[1027.6907958984375,298.7690734863281,0.8982744812965393],[1095.46728515625,299.319091796875,0.876675009727478],[1027.821533203125,326.6618347167969,0.75538569688797],[1097.14501953125,326.4927978515625,0.7171126008033752],[1046.3621826171875,331.09564208984375,0.9930264949798584],[1074.6624755859375,330.9128723144531,0.9925341606140137],[1048.2110595703125,382.524169921875,0.9830629825592041],[1071.2772216796875,382.720458984375,0.9804909825325012],[1050.1396484375,429.8769836425781,0.9645488262176514],[1071.37060546875,429.4360046386719,0.9604934453964233]]",GEOM_UPRIGHT_OR_LIMB_SUPPORTED,"{""torso_angle"": 90.28835847514334, ""shoulder_hip_dy"": 0.2805745568451405, ""y_band_ratio"": 0.7074847298128587, ""kp_mean_conf"": 0.8629251207624163, ""visible"": 14, ""bbox_ar"": 0.36861447997059904}"
V2_ORIGINAL::IMG_003895,fc149aaea8829ea06f3ed12651debf67d1b41ee5405a8479d2855176ad1207f8,2,0.23967760801315308,1293.372802734375,382.7222900390625,1400.8216552734375,548.4010620117188,0.008585066521288051,background,[],GEOM_UNCERTAIN,null
V2_ORIGINAL::IMG_003896,3ea5da470a7ca94ea0f92d87746573becb0e70b5d600f444a579417cca00be40,0,0.898760974407196,990.41162109375,356.454345703125,1122.062255859375,689.6815795898438,0.0211562388418113,primary,"[[1054.3714599609375,389.43621826171875,0.23065391182899475],[1055.7418212890625,382.438232421875,0.12656205892562866],[1054.936279296875,382.0382080078125,0.14213533699512482],[1043.1866455078125,386.2550354003906,0.6976562738418579],[1070.15673828125,386.46478271484375,0.7458009719848633],[1026.36767578125,425.8498840332031,0.9928881525993347],[1086.20361328125,425.1907958984375,0.9944648146629333],[1004.016357421875,475.4981689453125,0.9390214085578918],[1106.697998046875,475.0437316894531,0.9556140899658203],[1002.1547241210938,515.6141967773438,0.8099410533905029],[1108.694091796875,515.4320068359375,0.8369942903518677],[1036.79345703125,519.7249145507812,0.9976406097412109],[1075.651611328125,519.3590698242188,0.9978524446487427],[1041.5032958984375,593.2517700195312,0.9921925663948059],[1073.4564208984375,593.3675537109375,0.9924505352973938],[1047.483154296875,661.3546142578125,0.9774941205978394],[1072.9656982421875,660.603515625,0.9778491258621216]]",GEOM_UPRIGHT_OR_LIMB_SUPPORTED,"{""torso_angle"": 90.03845876093024, ""shoulder_hip_dy"": 0.2821547660586545, ""y_band_ratio"": 0.7087170385349096, ""kp_mean_conf"": 0.8759009579817454, ""visible"": 15, ""bbox_ar"": 0.39507765685916263}"
V2_ORIGINAL::IMG_003896,3ea5da470a7ca94ea0f92d87746573becb0e70b5d600f444a579417cca00be40,1,0.7656781077384949,1160.5526123046875,396.0760803222656,1236.4300537109375,605.6906127929688,0.007670242286576131,background,"[[1201.459228515625,418.3384094238281,0.6442492604255676],[1203.82666015625,414.5495910644531,0.5552651882171631],[1199.2587890625,414.5265197753906,0.5364630818367004],[1204.52001953125,416.1854553222656,0.5665095448493958],[1199.9573974609375,415.832275390625,0.5316662788391113],[1205.61962890625,437.5184326171875,0.9856491684913635],[1198.215087890625,436.64447021484375,0.9864712357521057],[1205.10009765625,466.2030944824219,0.8997160792350769],[1191.105224609375,463.8934020996094,0.8886997699737549],[1206.017578125,491.27252197265625,0.822486162185669],[1181.6405029296875,490.1380920410156,0.8098921775817871],[1203.656005859375,495.55316162109375,0.9917254447937012],[1200.603271484375,495.2225646972656,0.9915329813957214],[1202.230224609375,543.47021484375,0.9775848984718323],[1200.27099609375,543.4071044921875,0.9761223196983337],[1203.8966064453125,583.4910278320312,0.9460887908935547],[1199.718017578125,582.7496337890625,0.9439765810966492]]",GEOM_UPRIGHT_OR_LIMB_SUPPORTED,"{""torso_angle"": 89.79140012841376, ""shoulder_hip_dy"": 0.27816015929770177, ""y_band_ratio"": 0.7005552329140708, ""kp_mean_conf"": 0.826711703749264, ""visible"": 17, ""bbox_ar"": 0.36198559571176225}"
V2_ORIGINAL::IMG_003897,5236377d0e960a946da10b1df70dee4dedb6b1ee8dfab55782303b948b178395,0,0.9048458933830261,797.3483276367188,322.6273193359375,992.7500610351562,899.96435546875,0.05440425232227426,primary,"[[910.7464599609375,382.8514099121094,0.15922144055366516],[907.8567504882812,368.8299255371094,0.04043193161487579],[909.0675659179688,366.1556701660156,0.0958753451704979],[868.4839477539062,375.38580322265625,0.5918598771095276],[918.7710571289062,374.40869140625,0.8762158751487732],[841.20849609375,440.242431640625,0.9940860271453857],[946.8854370117188,437.42425537109375,0.9974349141120911],[817.4426879882812,525.67578125,0.9282257556915283],[976.9576416015625,526.0728759765625,0.9760853052139282],[841.9762573242188,566.7669067382812,0.7527623772621155],[970.9290161132812,585.6812133789062,0.8701216578483582],[863.5748291015625,602.4358520507812,0.9990203380584717],[930.9292602539062,602.5850219726562,0.9993577599525452],[883.5992431640625,720.4703979492188,0.9962126016616821],[917.3671875,721.8442993164062,0.9975630044937134],[894.7119140625,832.7601928710938,0.9823180437088013],[891.8237915039062,841.3489379882812,0.9864829182624817]]",GEOM_UPRIGHT_OR_LIMB_SUPPORTED,"{""torso_angle"": 88.8781937685581, ""shoulder_hip_dy"": 0.2835035399811187, ""y_band_ratio"": 0.6996341085664689, ""kp_mean_conf"": 0.9248390325478145, ""visible"": 14, ""bbox_ar"": 0.33845348759764415}"
V2_ORIGINAL::IMG_003897,5236377d0e960a946da10b1df70dee4dedb6b1ee8dfab55782303b948b178395,1,0.7355413436889648,1109.9276123046875,400.8179016113281,1185.3319091796875,620.0994873046875,0.00797394569195738,background,"[[1148.31396484375,423.6925964355469,0.16650007665157318],[1147.4005126953125,419.0028076171875,0.148359015583992],[1149.8446044921875,419.7296447753906,0.09823178499937057],[1143.3577880859375,421.2344970703125,0.6667071580886841],[1161.216552734375,421.465576171875,0.47835251688957214],[1133.964599609375,444.9631652832031,0.9851755499839783],[1170.564453125,444.7935791015625,0.9813005924224854],[1122.5921630859375,477.15142822265625,0.8895883560180664],[1180.927490234375,477.6036071777344,0.8041520118713379],[1119.90673828125,502.01031494140625,0.7031975984573364],[1179.952880859375,501.9557189941406,0.5904942154884338],[1137.551513671875,507.5831298828125,0.9908786416053772],[1161.99951171875,507.66192626953125,0.9894513487815857],[1136.5030517578125,554.9830322265625,0.9698024392127991],[1157.4659423828125,555.643798828125,0.9619196653366089],[1137.028564453125,597.0170288085938,0.9290246963500977],[1155.354736328125,596.8910522460938,0.916924238204956]]",GEOM_UPRIGHT_OR_LIMB_SUPPORTED,"{""torso_angle"": 92.27168954707275, ""shoulder_hip_dy"": 0.2861350882947814, ""y_band_ratio"": 0.6941916678762923, ""kp_mean_conf"": 0.8469263591936657, ""visible"": 14, ""bbox_ar"": 0.34386971727048904}"
V2_ORIGINAL::IMG_003898,832f2687a61e8d82e1f5571fe27fb39531c55823e664a34cf284c8af48b2a9d0,0,0.8943991661071777,841.8785400390625,46.955657958984375,1085.4344482421875,723.2864379882812,0.0794388297529723,primary,"[[948.3087158203125,116.46409606933594,0.15088747441768646],[948.0883178710938,100.75065612792969,0.09497717767953873],[953.3319091796875,98.24052429199219,0.03845663368701935],[931.1953125,110.53736114501953,0.882889449596405],[994.7155151367188,108.75663757324219,0.6351324319839478],[898.6904907226562,194.7841339111328,0.9963933825492859],[1030.50634765625,192.6830291748047,0.9952898025512695],[867.3680419921875,303.3937072753906,0.9687141180038452],[1060.075439453125,305.2228088378906,0.9438875317573547],[868.5606079101562,389.0987854003906,0.8578022122383118],[1061.504150390625,390.3448791503906,0.7804872989654541],[919.1715698242188,399.3287048339844,0.9991962313652039],[1007.7372436523438,400.20391845703125,0.9989749193191528],[926.58837890625,538.11376953125,0.9958804845809937],[1010.549072265625,538.90869140625,0.9948998093605042],[951.9566040039062,677.7161865234375,0.9759992361068726],[1012.4492797851562,673.8153076171875,0.9737610816955566]]",GEOM_UPRIGHT_OR_LIMB_SUPPORTED,"{""torso_angle"": 90.31813591710768, ""shoulder_hip_dy"": 0.304633082193323, ""y_band_ratio"": 0.7171537532679237, ""kp_mean_conf"": 0.9285219992910113, ""visible"": 14, ""bbox_ar"": 0.36011359440505547}"
V2_ORIGINAL::IMG_003898,832f2687a61e8d82e1f5571fe27fb39531c55823e664a34cf284c8af48b2a9d0,1,0.6101520657539368,1137.3797607421875,158.47686767578125,1252.7369384765625,530.0004272460938,0.0206683590344619,primary,"[[1189.869140625,197.47169494628906,0.16721437871456146],[1192.555908203125,189.18814086914062,0.21196392178535461],[1193.678955078125,188.7467803955078,0.03864458575844765],[1191.8392333984375,194.91897583007812,0.8287426233291626],[1224.9268798828125,194.97433471679688,0.15632212162017822],[1186.2269287109375,239.5451202392578,0.9727720022201538],[1241.7501220703125,238.20301818847656,0.8885377645492554],[1160.8299560546875,284.0576477050781,0.9102156758308411],[1235.1346435546875,283.6271667480469,0.4078904986381531],[1146.749755859375,271.8189697265625,0.7411823868751526],[1209.7083740234375,274.3392028808594,0.2818019986152649],[1188.80029296875,351.0606384277344,0.9796209931373596],[1224.8741455078125,349.0013427734375,0.9546573162078857],[1188.841796875,442.0699768066406,0.9576998353004456],[1215.389404296875,441.34368896484375,0.8937603235244751],[1197.9241943359375,527.9950561523438,0.8842025995254517],[1212.9949951171875,524.983642578125,0.7881837487220764]]",GEOM_UPRIGHT_OR_LIMB_SUPPORTED,"{""torso_angle"": 93.68106410329798, ""shoulder_hip_dy"": 0.2991921199163732, ""y_band_ratio"": 0.7800098553616026, ""kp_mean_conf"": 0.7643736920186451, ""visible"": 14, ""bbox_ar"": 0.31049761115497476}"
V2_ORIGINAL::IMG_003899,e5272b7ba0585b8642824a52f893afc42fc446c0ea9e9b7b11ed2b6eb4615835,0,0.906868577003479,732.4097290039062,140.13491821289062,914.2423095703125,623.4614868164062,0.04238257968049934,primary,"[[828.6707153320312,188.7918701171875,0.16697610914707184],[827.3800659179688,177.88851928710938,0.05803517997264862],[829.4222412109375,174.4680633544922,0.06753449887037277],[802.8336181640625,186.05360412597656,0.6722189784049988],[848.5206298828125,182.42015075683594,0.7442048192024231],[778.7305908203125,240.5804443359375,0.9954062700271606],[870.7191162109375,235.29649353027344,0.9968461394309998],[756.573486328125,312.9564208984375,0.9688330292701721],[892.0107421875,310.171630859375,0.9785847067832947],[753.6784057617188,368.068359375,0.8980767726898193],[895.3053588867188,373.4880065917969,0.9150588512420654],[797.4835205078125,376.3174743652344,0.999404788017273],[858.7468872070312,375.1678161621094,0.9994811415672302],[799.6777954101562,478.2398986816406,0.9978976249694824],[853.5162963867188,476.126953125,0.9982016086578369],[809.37451171875,579.2825317382812,0.9888045191764832],[848.0802612304688,576.0413818359375,0.9901020526885986]]",GEOM_UPRIGHT_OR_LIMB_SUPPORTED,"{""torso_angle"": 88.59065529152728, ""shoulder_hip_dy"": 0.2851160794423666, ""y_band_ratio"": 0.711705212485821, ""kp_mean_conf"": 0.938794378723417, ""visible"": 14, ""bbox_ar"": 0.37621060454379424}"
V2_ORIGINAL::IMG_003899,e5272b7ba0585b8642824a52f893afc42fc446c0ea9e9b7b11ed2b6eb4615835,1,0.35345590114593506,626.9012451171875,224.96095275878906,666.4954833984375,335.49896240234375,0.002110661792516404,background,[],GEOM_UNCERTAIN,null
V2_ORIGINAL::IMG_003900,e12aa00ebca5ce986b5df9f5e39d562be46c2c28dec4a2f9fe6d3e9c9554a048,0,0.9110398292541504,794.97802734375,277.3144226074219,1038.3548583984375,967.7919311523438,0.08104081208728732,primary,"[[885.1384887695312,347.9619445800781,0.22145770490169525],[887.2069702148438,332.12237548828125,0.17406116425991058],[890.123291015625,329.1105651855469,0.03925922140479088],[883.3275146484375,337.45562744140625,0.9476200938224792],[941.1685791015625,333.6893005371094,0.5966686010360718],[861.9860229492188,411.0011901855469,0.999077320098877],[986.13720703125,405.72027587890625,0.997215986251831],[824.6325073242188,510.44305419921875,0.9925357103347778],[1020.4407348632812,511.00482177734375,0.9603953957557678],[822.2803955078125,584.9547729492188,0.9572006464004517],[1003.3287963867188,589.2384033203125,0.8538709878921509],[890.5244750976562,603.8173828125,0.9998431205749512],[968.4719848632812,601.8838500976562,0.9997016787528992],[902.900390625,745.5560302734375,0.9992640614509583],[940.2984619140625,744.9468994140625,0.9986914992332458],[928.9896850585938,885.4217529296875,0.9943630695343018],[925.4379272460938,879.3821411132812,0.9922588467597961]]",GEOM_UPRIGHT_OR_LIMB_SUPPORTED,"{""torso_angle"": 88.39881646209348, ""shoulder_hip_dy"": 0.2816744658818937, ""y_band_ratio"": 0.6947387440058408, ""kp_mean_conf"": 0.9006776481866836, ""visible"": 15, ""bbox_ar"": 0.35247611695211883}"
V2_ORIGINAL::IMG_003900,e12aa00ebca5ce986b5df9f5e39d562be46c2c28dec4a2f9fe6d3e9c9554a048,1,0.902993381023407,498.3299560546875,403.3263244628906,651.2902221679688,818.6991577148438,0.030640209833355685,primary,"[[568.9853515625,443.0987548828125,0.1386803239583969],[571.2559814453125,434.7495422363281,0.10647793859243393],[571.45166015625,433.86016845703125,0.048604659736156464],[563.8471069335938,439.48919677734375,0.8539875745773315],[598.94580078125,439.09844970703125,0.5821551084518433],[547.62109375,486.8427734375,0.9962827563285828],[619.797607421875,485.82489013671875,0.994551956653595],[519.6361694335938,549.2058715820312,0.9656767845153809],[638.8382568359375,549.2570190429688,0.9218418598175049],[508.5823974609375,601.6552124023438,0.8449806571006775],[629.5653686523438,603.2391967773438,0.7264583706855774],[559.1927490234375,604.157958984375,0.9988988637924194],[606.5347290039062,603.3538208007812,0.9985997080802917],[554.8502197265625,692.7943725585938,0.9962359070777893],[598.691162109375,692.9560546875,0.9944567680358887],[556.6585693359375,781.515380859375,0.9865381717681885],[595.3300170898438,780.123046875,0.982208788394928]]",GEOM_UPRIGHT_OR_LIMB_SUPPORTED,"{""torso_angle"": 90.41260677464066, ""shoulder_hip_dy"": 0.28269075082780853, ""y_band_ratio"": 0.7118676693603093, ""kp_mean_conf"": 0.9173480910914285, ""visible"": 14, ""bbox_ar"": 0.3682481228147629}"
V2_ORIGINAL::IMG_003901,350be842f28a57c01d24f1ba08b664e57ee67df4d22eb4d566fb272af8819347,0,0.9327701330184937,336.60760498046875,135.93209838867188,650.5239868164062,1024.5029296875,0.13451820040812082,primary,"[[526.963623046875,229.17198181152344,0.14923308789730072],[518.1074829101562,208.5908203125,0.019633064046502113],[524.4776000976562,204.77830505371094,0.07793063670396805],[451.0016784667969,215.99685668945312,0.5923429131507874],[528.3137817382812,213.96542358398438,0.9606000185012817],[404.2772216796875,323.3218994140625,0.9986652135848999],[560.580810546875,318.1023254394531,0.9995174407958984],[380.3276672363281,472.2825622558594,0.9823838472366333],[606.0862426757812,458.7538146972656,0.9947327375411987],[384.8084411621094,574.3896484375,0.9259390830993652],[622.7536010742188,549.9450073242188,0.9674526453018188],[446.31280517578125,583.2074584960938,0.9998003840446472],[544.8809204101562,586.4489135742188,0.9998660087585449],[478.0775146484375,768.911376953125,0.9986904263496399],[548.505126953125,772.103759765625,0.9990997314453125],[508.0148620605469,936.6469116210938,0.9837777614593506],[521.534423828125,940.4386596679688,0.9867358803749084]]",GEOM_UPRIGHT_OR_LIMB_SUPPORTED,"{""torso_angle"": 87.1458084659537, ""shoulder_hip_dy"": 0.2972369385818559, ""y_band_ratio"": 0.7003789819646046, ""kp_mean_conf"": 0.9564002922603062, ""visible"": 14, ""bbox_ar"": 0.35328233921102775}"
V2_ORIGINAL::IMG_003901,350be842f28a57c01d24f1ba08b664e57ee67df4d22eb4d566fb272af8819347,1,0.8787888288497925,1506.8043212890625,112.91911315917969,1640.00146484375,482.8378601074219,0.023761632157038547,primary,"[[1592.1474609375,155.13487243652344,0.10568952560424805],[1588.1553955078125,147.44058227539062,0.03937499225139618],[1590.6895751953125,147.81179809570312,0.08286425471305847],[1557.9390869140625,150.62631225585938,0.4748271405696869],[1592.8865966796875,152.5513153076172,0.7951522469520569],[1534.467041015625,190.356689453125,0.9920334219932556],[1601.70458984375,194.56063842773438,0.9946540594100952],[1517.5506591796875,243.58425903320312,0.9284600019454956],[1621.5146484375,252.2328338623047,0.9536794424057007],[1529.68505859375,294.43609619140625,0.7670587301254272],[1627.3531494140625,299.5492858886719,0.803652286529541],[1544.725830078125,295.1049499511719,0.9981911778450012],[1590.5064697265625,298.2230224609375,0.99835604429245],[1548.0926513671875,370.11328125,0.9936040043830872],[1593.046142578125,372.9565734863281,0.9938163757324219],[1543.870361328125,443.88519287109375,0.9813352823257446],[1588.9189453125,448.80194091796875,0.9817303419113159]]",GEOM_UPRIGHT_OR_LIMB_SUPPORTED,"{""torso_angle"": 90.25823700460079, ""shoulder_hip_dy"": 0.28169786777582556, ""y_band_ratio"": 0.6986541060623904, ""kp_mean_conf"": 0.9040393254586628, ""visible"": 14, ""bbox_ar"": 0.36007135257009293}"
V2_ORIGINAL::IMG_003902,134dfe24ba4a545900acbfdb83b4a62b70449aaadd890b1c75651779c8f2e888,0,0.9217969179153442,682.8522338867188,125.649169921875,1238.5814208984375,1030.675048828125,0.24254885026482279,primary,"[[900.5841064453125,225.1487274169922,0.9813668727874756],[900.7249755859375,208.1700439453125,0.5617868304252625],[879.1981201171875,206.02781677246094,0.9810330867767334],[875.7885131835938,228.8605499267578,0.033934224396944046],[811.008056640625,222.4354705810547,0.9723816514015198],[884.4376831054688,331.6865234375,0.9927131533622742],[748.1856079101562,344.4928894042969,0.9986515641212463],[927.7786254882812,466.2135314941406,0.9657704830169678],[776.4307861328125,524.2172241210938,0.9974126219749451],[990.3470458984375,527.8154296875,0.9725550413131714],[944.6278076171875,563.5930786132812,0.9967948794364929],[943.6157836914062,576.553955078125,0.998357355594635],[848.6277465820312,607.4718627929688,0.9993094205856323],[1157.650390625,626.367919921875,0.9966453909873962],[1041.032958984375,667.5408935546875,0.9987497329711914],[1119.3040771484375,888.2246704101562,0.9770152568817139],[1026.906005859375,923.9078979492188,0.9864456057548523]]",GEOM_UPRIGHT_OR_LIMB_SUPPORTED,"{""torso_angle"": 72.55164421672919, ""shoulder_hip_dy"": 0.28057010128983495, ""y_band_ratio"": 0.6543695471199513, ""kp_mean_conf"": 0.9610618092119694, ""visible"": 16, ""bbox_ar"": 0.6140478410223292}"
V2_ORIGINAL::IMG_003902,134dfe24ba4a545900acbfdb83b4a62b70449aaadd890b1c75651779c8f2e888,1,0.15753084421157837,468.4244384765625,206.8553466796875,523.3377685546875,350.6241149902344,0.0038073021938476747,background,[],GEOM_UNCERTAIN,null
V2_ORIGINAL::IMG_003903,965a36ac17f63bff6182aea6c810412c18e5e0b5a8edd978ef54aa65f471699a,0,0.9298055171966553,855.5419921875,73.45761108398438,1242.4306640625,635.7366943359375,0.10490905080171715,primary,"[[1033.9676513671875,176.3873291015625,0.7783448696136475],[1032.4390869140625,159.68389892578125,0.15947109460830688],[1031.8223876953125,157.87550354003906,0.8407288789749146],[988.751953125,147.08258056640625,0.06265708804130554],[1000.8223266601562,142.6607208251953,0.9283742904663086],[930.9833374023438,193.95968627929688,0.9352054595947266],[954.151611328125,202.80592346191406,0.9934011101722717],[964.2228393554688,314.6971435546875,0.6595197319984436],[984.0390014648438,341.0697326660156,0.9826247096061707],[1052.6123046875,314.57757568359375,0.6654624342918396],[1072.083251953125,323.45361328125,0.9607313871383667],[910.1193237304688,387.2767639160156,0.9767167568206787],[930.8572998046875,405.33685302734375,0.9927258491516113],[1081.310302734375,404.6067810058594,0.969974935054779],[1122.1893310546875,423.33172607421875,0.9914987683296204],[1075.2569580078125,579.76953125,0.9337261915206909],[1138.4989013671875,593.5724487304688,0.9678133130073547]]",GEOM_UPRIGHT_OR_LIMB_SUPPORTED,"{""torso_angle"": 96.36524194834597, ""shoulder_hip_dy"": 0.3520031413161886, ""y_band_ratio"": 0.7107018104603908, ""kp_mean_conf"": 0.9051232457160949, ""visible"": 15, ""bbox_ar"": 0.688072317464525}"
V2_ORIGINAL::IMG_003904,b0def42df09f987a7c46fd51ecb0ffb1a9d3017e809f2dcb08e60c5ec55a7c0f,0,0.9263067245483398,1014.949951171875,116.29879760742188,1567.9200439453125,1013.5288696289062,0.2392657196010987,primary,"[[1282.2496337890625,271.1184387207031,0.0774419903755188],[1278.439453125,241.5161590576172,0.10563334077596664],[1316.8187255859375,244.25289916992188,0.00842370931059122],[1268.40966796875,264.8377380371094,0.9568145275115967],[1435.7745361328125,259.9647521972656,0.42455047369003296],[1201.4202880859375,421.9442443847656,0.9861645102500916],[1519.7808837890625,401.0753173828125,0.9290869235992432],[1080.0838623046875,632.9638671875,0.8326671719551086],[1494.3460693359375,599.7825927734375,0.2932828366756439],[1126.858642578125,638.4251708984375,0.45826199650764465],[1387.2452392578125,619.6578979492188,0.11801221966743469],[1242.730224609375,817.9175415039062,0.8146131038665771],[1454.1722412109375,797.8670654296875,0.6635777354240417],[1048.28759765625,649.3228149414062,0.7479073405265808],[1203.2225341796875,634.065185546875,0.5460841059684753],[1116.9208984375,927.2631225585938,0.6016927361488342],[1202.5953369140625,910.3011474609375,0.45295143127441406]]",GEOM_UPRIGHT_OR_LIMB_SUPPORTED,"{""torso_angle"": 91.7555990685815, ""shoulder_hip_dy"": 0.4417847048861692, ""y_band_ratio"": 0.5864580575083328, ""kp_mean_conf"": 0.6698196071844834, ""visible"": 13, ""bbox_ar"": 0.6163080240139304}"
V2_ORIGINAL::IMG_003904,b0def42df09f987a7c46fd51ecb0ffb1a9d3017e809f2dcb08e60c5ec55a7c0f,1,0.28711816668510437,382.70611572265625,1.5009870529174805,457.4949035644531,82.93455505371094,0.0029370745758159145,background,"[[419.0046691894531,0.0,0.04665146395564079],[416.92230224609375,0.0,0.028369903564453125],[420.31488037109375,0.0,0.03329142555594444],[408.43719482421875,0.0,0.11521288752555847],[430.26446533203125,0.0,0.13074050843715668],[412.5174865722656,4.626188278198242,0.6809360980987549],[432.92724609375,4.325099945068359,0.670020341873169],[415.9291076660156,43.80600357055664,0.5762879252433777],[442.5323181152344,42.36467742919922,0.6037104725837708],[416.31329345703125,63.2449951171875,0.3542333245277405],[438.4853515625,62.88527297973633,0.38086506724357605],[413.5111083984375,80.18009948730469,0.6640621423721313],[428.431640625,79.1180419921875,0.6659045219421387],[413.6602478027344,108.19967651367188,0.1121247261762619],[427.3982849121094,107.54945373535156,0.11621931940317154],[413.2572326660156,111.65691375732422,0.03646447882056236],[427.39263916015625,111.13298034667969,0.037970688194036484]]",GEOM_UPRIGHT_OR_LIMB_SUPPORTED,"{""torso_angle"": 91.33433193163187, ""shoulder_hip_dy"": 0.9231257879721092, ""y_band_ratio"": 0.9314954680789281, ""kp_mean_conf"": 0.5745024867355824, ""visible"": 8, ""bbox_ar"": 0.9184024435852812}"
V2_ORIGINAL::IMG_003904,b0def42df09f987a7c46fd51ecb0ffb1a9d3017e809f2dcb08e60c5ec55a7c0f,2,0.24428826570510864,488.29095458984375,0.52496337890625,568.3859252929688,83.58478546142578,0.0032082725773081486,background,[],GEOM_UNCERTAIN,null
V2_ORIGINAL::IMG_003905,aca00613e4666301061ddffe9cd1b2f87f0ac0326ec85e74625925198bfd7117,0,0.9227918386459351,767.9186401367188,226.68997192382812,1093.1195068359375,854.0839233398438,0.09839364234294745,primary,"[[896.8284301757812,301.2760925292969,0.4605865776538849],[884.66455078125,288.0010986328125,0.04903557896614075],[893.3565673828125,288.4867858886719,0.5991522073745728],[829.1522827148438,298.83935546875,0.061179470270872116],[873.0411987304688,300.2831115722656,0.9356603622436523],[802.8373413085938,376.11322021484375,0.9160004258155823],[865.7607421875,386.4386901855469,0.9923576712608337],[865.8989868164062,489.93310546875,0.5149425864219666],[927.0919799804688,515.7383422851562,0.9783596396446228],[954.2338256835938,547.76708984375,0.44103652238845825],[991.8294067382812,567.1810913085938,0.9307882189750671],[822.4828491210938,584.7280883789062,0.9639876484870911],[865.0882568359375,602.7442016601562,0.9904409646987915],[1014.0364379882812,589.7916259765625,0.9340304732322693],[1044.3414306640625,611.3560180664062,0.9845622181892395],[987.1580200195312,768.6284790039062,0.8607401847839355],[1000.5919799804688,793.4432373046875,0.9386138916015625]]",GEOM_UPRIGHT_OR_LIMB_SUPPORTED,"{""torso_angle"": 87.44339740678386, ""shoulder_hip_dy"": 0.33863920641857886, ""y_band_ratio"": 0.6651801729167746, ""kp_mean_conf"": 0.8294173061847687, ""visible"": 15, ""bbox_ar"": 0.51833599282436}"
V2_ORIGINAL::IMG_003906,decbb91e43f7888ab015c46a93a6681e9ed58d0513898f92b2566cf9f62b736b,0,0.9305153489112854,553.2815551757812,215.9403076171875,959.5858764648438,777.63720703125,0.11005974030025148,primary,"[[685.2928466796875,305.29522705078125,0.8557467460632324],[684.324951171875,292.85906982421875,0.21264320611953735],[680.0692749023438,289.9315185546875,0.8805029392242432],[651.275634765625,295.8587646484375,0.043973445892333984],[643.5577392578125,284.6699523925781,0.9365378618240356],[630.94921875,348.8001708984375,0.9623134732246399],[602.3526611328125,356.2575378417969,0.995331346988678],[668.4201049804688,437.6623840332031,0.7882207632064819],[657.6513061523438,477.9172668457031,0.9878661632537842],[714.0057373046875,408.509765625,0.781782329082489],[728.4175415039062,437.0713195800781,0.9751672148704529],[664.7938842773438,522.6378784179688,0.9891347885131836],[652.5877075195312,540.0391845703125,0.9964666366577148],[789.3571166992188,558.3719482421875,0.9832309484481812],[823.0021362304688,575.7735595703125,0.9949200749397278],[764.9056396484375,719.0582275390625,0.9468377232551575],[875.7652587890625,725.3499755859375,0.973053514957428]]",GEOM_UPRIGHT_OR_LIMB_SUPPORTED,"{""torso_angle"": 76.7695027477716, ""shoulder_hip_dy"": 0.3183383730808374, ""y_band_ratio"": 0.6703789981399224, ""kp_mean_conf"": 0.8912347331643105, ""visible"": 16, ""bbox_ar"": 0.7233515472720274}"
V2_ORIGINAL::IMG_003907,918bcd9792f6b32b77c3d03234683d235158ee718233c5e8848c6c07f9d3136f,0,0.8924835324287415,708.1243896484375,261.65386962890625,1111.3157958984375,942.1328125,0.13231252985132605,primary,"[[974.5532836914062,386.7174987792969,0.9780011177062988],[978.642578125,367.4169006347656,0.6215917468070984],[964.8394775390625,365.96240234375,0.9814815521240234],[957.2391357421875,349.4751892089844,0.08021442592144012],[917.78857421875,346.5729675292969,0.9683660864830017],[916.05712890625,395.7565612792969,0.9884010553359985],[822.8959350585938,412.79058837890625,0.9981452226638794],[941.1351928710938,513.6165771484375,0.9406279921531677],[850.4846801757812,573.5335693359375,0.9953827261924744],[1014.6135864257812,546.906982421875,0.9520734548568726],[995.7817993164062,575.7196655273438,0.9925280809402466],[828.7430419921875,598.9592895507812,0.9948293566703796],[764.7315673828125,620.7557983398438,0.9976246953010559],[1017.8291015625,591.7288818359375,0.990017831325531],[945.0011596679688,627.987060546875,0.9958327412605286],[991.65234375,806.080078125,0.9634848833084106],[953.50146484375,840.1481323242188,0.9762637615203857]]",GEOM_UPRIGHT_OR_LIMB_SUPPORTED,"{""torso_angle"": 109.48467577584674, ""shoulder_hip_dy"": 0.3021165772577854, ""y_band_ratio"": 0.6530570500388063, ""kp_mean_conf"": 0.9584157690405846, ""visible"": 16, ""bbox_ar"": 0.5925112165100139}"
V2_ORIGINAL::IMG_003908,70840adc6065155f16f6ee3bea719f65bf73e3ef9ae255e1e6150dba45ac2f84,0,0.936690628528595,768.7395629882812,138.35256958007812,1237.9512939453125,1005.4127197265625,0.1961973350183716,primary,"[[1055.416259765625,244.2384796142578,0.9139509201049805],[1071.9718017578125,226.8727264404297,0.9568061232566833],[1065.7313232421875,226.7124481201172,0.2299681454896927],[1130.1646728515625,247.1400604248047,0.9636277556419373],[1116.908203125,240.07691955566406,0.032459430396556854],[1144.37548828125,366.4038391113281,0.9973400235176086],[1143.6221923828125,345.14959716796875,0.8712688684463501],[1092.3060302734375,543.2078857421875,0.9957120418548584],[1087.1099853515625,500.9234924316406,0.41800838708877563],[982.048828125,606.4561157226562,0.9908917546272278],[1002.5198974609375,566.1475219726562,0.5777187943458557],[1123.1297607421875,638.4346923828125,0.9954681396484375],[1133.2353515625,612.4584350585938,0.9627289772033691],[877.0365600585938,689.8372192382812,0.9922266006469727],[947.0945434570312,660.0745239257812,0.9313126802444458],[900.6732788085938,912.7516479492188,0.9473665952682495],[1006.1770629882812,869.5578002929688,0.8153522610664368]]",GEOM_UPRIGHT_OR_LIMB_SUPPORTED,"{""torso_angle"": 93.35658362572217, ""shoulder_hip_dy"": 0.31101630669509567, ""y_band_ratio"": 0.6546282292933855, ""kp_mean_conf"": 0.8474842542782426, ""visible"": 16, ""bbox_ar"": 0.5411524573903678}"
V2_ORIGINAL::IMG_003909,d54811000d65c588d8507882501b378d11f35a8e4bd81d24bdf06c37b63a7c9f,0,0.8303710222244263,1316.2998046875,466.63970947265625,1595.170166015625,888.346435546875,0.056713689754445414,primary,"[[1484.457275390625,522.8677368164062,0.9363608956336975],[1495.95703125,512.4468383789062,0.9402700662612915],[1484.21435546875,511.2022705078125,0.5882329344749451],[1528.9893798828125,515.0423583984375,0.918117880821228],[1497.0711669921875,512.43505859375,0.16338250041007996],[1551.083251953125,570.3468627929688,0.9960135221481323],[1493.707275390625,561.1134643554688,0.9706109762191772],[1520.68212890625,652.1682739257812,0.991939127445221],[1457.9254150390625,629.425048828125,0.8474467992782593],[1436.7047119140625,655.1962890625,0.9878959655761719],[1422.2900390625,650.4345703125,0.8740805387496948],[1523.4105224609375,704.4052734375,0.9977555871009827],[1483.5400390625,691.8880004882812,0.9924830794334412],[1426.314697265625,714.4390869140625,0.9970875382423401],[1365.721435546875,698.8908081054688,0.9898451566696167],[1419.94140625,847.8607788085938,0.989118218421936],[1369.108154296875,826.76318359375,0.977266252040863]]",GEOM_UPRIGHT_OR_LIMB_SUPPORTED,"{""torso_angle"": 98.13152027682013, ""shoulder_hip_dy"": 0.31400133126016844, ""y_band_ratio"": 0.6799685580605574, ""kp_mean_conf"": 0.9371577836573124, ""visible"": 16, ""bbox_ar"": 0.6612898113440213}"
V2_ORIGINAL::IMG_003910,321f3a35a48e0a9f07f6f244168a419b8af6fa0e74498afebb4b61b11e640241,0,0.9130859971046448,770.4290771484375,225.16607666015625,1085.126953125,606.9384155273438,0.05793930562698127,primary,"[[873.564697265625,290.264892578125,0.9372750520706177],[871.4930419921875,280.5904541015625,0.46128836274147034],[867.889404296875,278.42376708984375,0.9457065463066101],[846.975830078125,283.7490234375,0.07463136315345764],[836.625732421875,277.2167053222656,0.9365238547325134],[818.673583984375,326.4234924316406,0.9570493102073669],[819.8373413085938,328.4944152832031,0.9951087832450867],[860.3348388671875,391.8468017578125,0.7777634263038635],[859.3060913085938,408.20245361328125,0.9870935082435608],[896.5792846679688,378.90997314453125,0.7908510565757751],[908.8160400390625,388.05535888671875,0.9752203822135925],[850.6283569335938,454.012939453125,0.9773067831993103],[851.556884765625,465.8786315917969,0.9920450448989868],[966.9053344726562,418.5516662597656,0.96413254737854],[978.5408935546875,426.2677001953125,0.9877539277076721],[998.2428588867188,555.8936157226562,0.9196981191635132],[1011.4960327148438,554.5355224609375,0.956913948059082]]",GEOM_UPRIGHT_OR_LIMB_SUPPORTED,"{""torso_angle"": 76.4877811497178, ""shoulder_hip_dy"": 0.3470309872584276, ""y_band_ratio"": 0.6010653468816257, ""kp_mean_conf"": 0.9101081658154726, ""visible"": 16, ""bbox_ar"": 0.8243076931931438}"
V2_ORIGINAL::IMG_003910,321f3a35a48e0a9f07f6f244168a419b8af6fa0e74498afebb4b61b11e640241,1,0.7133287787437439,1114.4793701171875,147.5076904296875,1171.0433349609375,289.1810607910156,0.0038645869697211312,background,[],GEOM_UNCERTAIN,null
V2_ORIGINAL::IMG_003911,d2415691cfd3ce59b490d558f1a3b1d4609756643ae69e8afac57b35b82a93d7,0,0.8787420988082886,1241.8631591796875,310.740234375,1641.6221923828125,734.7506103515625,0.08174285202955447,primary,"[[1487.199462890625,398.77935791015625,0.544615626335144],[1486.5435791015625,384.17083740234375,0.7215991616249084],[1494.4866943359375,380.9092712402344,0.044062331318855286],[1510.4718017578125,376.2132568359375,0.9620232582092285],[1549.8560791015625,370.5919494628906,0.05673239380121231],[1549.7711181640625,433.142578125,0.9986262321472168],[1601.22412109375,414.8064270019531,0.901127278804779],[1513.094970703125,548.3145141601562,0.9969326257705688],[1561.8253173828125,523.4319458007812,0.47184503078460693],[1460.7147216796875,504.7773742675781,0.9868905544281006],[1483.81787109375,499.64227294921875,0.4870733916759491],[1547.689453125,621.6188354492188,0.9971300959587097],[1584.0081787109375,601.2881469726562,0.9733704924583435],[1376.1688232421875,574.4476318359375,0.9931480288505554],[1397.728271484375,554.799072265625,0.9397909641265869],[1317.3731689453125,713.9607543945312,0.9641011953353882],[1326.671630859375,692.205322265625,0.8670823574066162]]",GEOM_UPRIGHT_OR_LIMB_SUPPORTED,"{""torso_angle"": 92.94618826083345, ""shoulder_hip_dy"": 0.4421566057567987, ""y_band_ratio"": 0.7055353933346058, ""kp_mean_conf"": 0.8536904195944468, ""visible"": 15, ""bbox_ar"": 0.942804836514713}"
V2_ORIGINAL::IMG_003912,9968329187d7c0273dcc1769c05d88e846009f0fd54a7d280664fca6706c0a46,0,0.9251046776771545,734.3709106445312,329.72003173828125,1077.81689453125,706.1290283203125,0.062343826280347354,primary,"[[819.5285034179688,386.0429992675781,0.9754288196563721],[823.0230712890625,374.8307189941406,0.7700783014297485],[807.2256469726562,374.8595886230469,0.9654461145401001],[816.4680786132812,382.48297119140625,0.2221314162015915],[776.5177001953125,381.3154296875,0.9165575504302979],[810.1798095703125,426.48370361328125,0.9863824844360352],[766.6688232421875,433.37127685546875,0.9973383545875549],[852.8238525390625,489.9494323730469,0.9335743188858032],[786.5615844726562,509.8258056640625,0.9925920963287354],[873.681884765625,473.0264587402344,0.9448623657226562],[850.5645141601562,474.6778869628906,0.9895555377006531],[863.1143798828125,536.247802734375,0.9931678175926208],[837.4407958984375,551.571533203125,0.9969942569732666],[967.30517578125,520.3606567382812,0.9885457158088684],[965.9815063476562,533.4508666992188,0.9951785802841187],[999.78955078125,672.7435302734375,0.9610539078712463],[1018.0761108398438,680.5850830078125,0.9772914052009583]]",GEOM_UPRIGHT_OR_LIMB_SUPPORTED,"{""torso_angle"": 61.51320188763612, ""shoulder_hip_dy"": 0.30281470094866536, ""y_band_ratio"": 0.675067231925618, ""kp_mean_conf"": 0.9180105319794487, ""visible"": 17, ""bbox_ar"": 0.9124276704472211}"
V2_ORIGINAL::IMG_003912,9968329187d7c0273dcc1769c05d88e846009f0fd54a7d280664fca6706c0a46,1,0.9198375940322876,181.41311645507812,350.8348388671875,620.5739135742188,1014.397705078125,0.14053375639653595,primary,"[[427.8629150390625,448.2344970703125,0.6488996744155884],[431.6338195800781,429.4950256347656,0.7918868660926819],[439.8729248046875,430.5570373535156,0.06469401717185974],[463.9025573730469,426.9309997558594,0.9656687378883362],[505.5333251953125,425.5697021484375,0.07171101123094559],[472.41046142578125,519.9209594726562,0.997686505317688],[560.66015625,494.2330627441406,0.9224263429641724],[430.6196594238281,662.3349609375,0.9947419166564941],[518.6869506835938,609.9938354492188,0.47422951459884644],[346.4902038574219,614.2008056640625,0.9850106835365295],[388.3323669433594,588.2791137695312,0.5213971138000488],[455.2636413574219,758.317626953125,0.996129035949707],[519.3402099609375,731.625,0.972831666469574],[230.18295288085938,762.617431640625,0.9936140179634094],[302.3275451660156,733.4613647460938,0.9509516358375549],[296.8993835449219,935.505859375,0.9622798562049866],[350.79144287109375,908.0194702148438,0.8735514283180237]]",GEOM_UPRIGHT_OR_LIMB_SUPPORTED,"{""torso_angle"": 97.00560794373926, ""shoulder_hip_dy"": 0.3585105714648908, ""y_band_ratio"": 0.6650052603916881, ""kp_mean_conf"": 0.8700869997342427, ""visible"": 15, ""bbox_ar"": 0.6618224428784377}"
V2_ORIGINAL::IMG_003912,9968329187d7c0273dcc1769c05d88e846009f0fd54a7d280664fca6706c0a46,2,0.8168144822120667,1250.8477783203125,303.7100830078125,1444.54541015625,594.473876953125,0.027160618398360113,primary,"[[1354.9976806640625,349.43310546875,0.9377767443656921],[1361.5931396484375,342.2941589355469,0.9584651589393616],[1354.30078125,341.8040771484375,0.557776689529419],[1386.6260986328125,343.4361877441406,0.9557349681854248],[1365.234619140625,342.3816833496094,0.094758540391922],[1412.6700439453125,381.4490051269531,0.9964749217033386],[1378.4854736328125,371.4446716308594,0.9815847873687744],[1399.57861328125,444.0540466308594,0.9868435263633728],[1356.570556640625,413.63555908203125,0.7525004744529724],[1351.0657958984375,464.90093994140625,0.9714493751525879],[1320.5673828125,425.27105712890625,0.7625036835670471],[1407.9891357421875,467.2610168457031,0.9949818253517151],[1381.601318359375,458.1702880859375,0.9872680306434631],[1355.344482421875,493.7584533691406,0.9930023550987244],[1309.065673828125,485.3922119140625,0.9756953120231628],[1364.156494140625,571.2923583984375,0.9836673736572266],[1301.3880615234375,558.4896240234375,0.9603166580200195]]",GEOM_UPRIGHT_OR_LIMB_SUPPORTED,"{""torso_angle"": 90.5197073446827, ""shoulder_hip_dy"": 0.2966972363248902, ""y_band_ratio"": 0.687319710806793, ""kp_mean_conf"": 0.9222526177763939, ""visible"": 16, ""bbox_ar"": 0.6661683327476755}"
V2_ORIGINAL::IMG_003912,9968329187d7c0273dcc1769c05d88e846009f0fd54a7d280664fca6706c0a46,3,0.7920079827308655,1041.3499755859375,310.7877502441406,1145.30126953125,577.8402099609375,0.01338756208470268,primary,"[[1097.5928955078125,350.24322509765625,0.9519153237342834],[1101.986572265625,344.2789306640625,0.8353370428085327],[1090.2392578125,344.14300537109375,0.9458649158477783],[1107.175537109375,349.07171630859375,0.4066769778728485],[1075.1805419921875,347.7871398925781,0.8708364963531494],[1114.4417724609375,378.163818359375,0.9921901822090149],[1058.0064697265625,379.27239990234375,0.9969070553779602],[1141.339599609375,415.2872619628906,0.9350765347480774],[1062.92138671875,423.58990478515625,0.9839057326316833],[1142.525390625,403.9844055175781,0.9102168679237366],[1109.29052734375,409.80340576171875,0.9659092426300049],[1122.3837890625,451.0666809082031,0.9933810234069824],[1083.7716064453125,455.3007507324219,0.9954773783683777],[1172.0748291015625,470.6671447753906,0.9793276190757751],[1119.8055419921875,474.9731140136719,0.9869326949119568],[1177.7955322265625,542.8906860351562,0.9498247504234314],[1127.114013671875,546.6063232421875,0.963883638381958]]",GEOM_UPRIGHT_OR_LIMB_SUPPORTED,"{""torso_angle"": 77.24726974721001, ""shoulder_hip_dy"": 0.278842616796798, ""y_band_ratio"": 0.6307468767052061, ""kp_mean_conf"": 0.9213919692179736, ""visible"": 17, ""bbox_ar"": 0.38925420891292484}"
V2_ORIGINAL::IMG_003913,21558e45c831388c100ae3529b6804577a40ca367bb9f836b04e4c3520c2df66,0,0.8986602425575256,282.9380187988281,122.47906494140625,781.4522094726562,1042.6575927734375,0.22122012638774097,primary,"[[514.3790283203125,238.6132049560547,0.8126153349876404],[507.2422790527344,219.6573028564453,0.11475218832492828],[505.1994323730469,217.49143981933594,0.8670774102210999],[456.59930419921875,235.30023193359375,0.03412127494812012],[464.161865234375,231.35806274414062,0.9746467471122742],[450.1366271972656,339.18121337890625,0.9798772931098938],[384.7024230957031,352.138671875,0.9968921542167664],[483.2494201660156,505.3730163574219,0.8814453482627869],[386.11480712890625,556.048828125,0.9930686950683594],[577.7521362304688,571.0880737304688,0.8617067933082581],[540.932373046875,599.4978637695312,0.9855742454528809],[457.927490234375,621.64892578125,0.986169695854187],[417.03399658203125,652.1986083984375,0.9943705201148987],[708.2909545898438,640.0719604492188,0.9574010372161865],[676.4360961914062,683.9213256835938,0.9854388236999512],[610.05859375,915.2594604492188,0.8212214708328247],[610.5602416992188,959.627197265625,0.8919721245765686]]",GEOM_UPRIGHT_OR_LIMB_SUPPORTED,"{""torso_angle"": 86.05989281819573, ""shoulder_hip_dy"": 0.31652969032989403, ""y_band_ratio"": 0.6742669657251278, ""kp_mean_conf"": 0.9326318462689718, ""visible"": 15, ""bbox_ar"": 0.541758121490123}"
V2_ORIGINAL::IMG_003913,21558e45c831388c100ae3529b6804577a40ca367bb9f836b04e4c3520c2df66,1,0.8636784553527832,866.6700439453125,195.89364624023438,1262.1251220703125,651.8787231445312,0.08696065500145778,primary,"[[958.96826171875,252.0266876220703,0.9778644442558289],[971.1471557617188,241.48216247558594,0.8727613687515259],[948.9937744140625,238.4176483154297,0.9653223752975464],[981.1679077148438,251.43255615234375,0.4536411166191101],[927.9232788085938,241.80712890625,0.8917834162712097],[975.1595458984375,305.7369689941406,0.985213577747345],[896.5732421875,305.4033508300781,0.996334433555603],[1025.7933349609375,376.3434753417969,0.923612117767334],[891.687744140625,399.546875,0.986045777797699],[1054.2418212890625,413.8491516113281,0.9314068555831909],[1000.551513671875,419.9392395019531,0.9804701209068298],[999.3303833007812,436.77459716796875,0.9890546798706055],[949.0147705078125,449.9442443847656,0.9944337010383606],[1121.9927978515625,466.23248291015625,0.9775599241256714],[1076.2769775390625,474.30908203125,0.9891420602798462],[1167.1251220703125,589.1514282226562,0.9355594515800476],[1134.6109619140625,584.7485961914062,0.9596179723739624]]",GEOM_UPRIGHT_OR_LIMB_SUPPORTED,"{""torso_angle"": 74.46377277579852, ""shoulder_hip_dy"": 0.3021793208666285, ""y_band_ratio"": 0.6222749203087008, ""kp_mean_conf"": 0.9299896114012774, ""visible"": 17, ""bbox_ar"": 0.8672544303637353}"
V2_ORIGINAL::IMG_003913,21558e45c831388c100ae3529b6804577a40ca367bb9f836b04e4c3520c2df66,2,0.8500970602035522,541.2779541015625,197.37173461914062,946.4308471679688,826.7222900390625,0.12296643435635175,primary,"[[691.0852661132812,267.343994140625,0.5605323910713196],[682.731201171875,254.3641357421875,0.039319299161434174],[687.3869018554688,253.3223876953125,0.6340720653533936],[639.609619140625,267.1750793457031,0.017588108777999878],[656.9486694335938,263.1638488769531,0.9089176058769226],[626.4071044921875,338.8537902832031,0.937250554561615],[615.306884765625,342.8822021484375,0.9941465854644775],[676.8060302734375,459.9986572265625,0.8172718286514282],[652.2101440429688,481.6934814453125,0.9940726161003113],[742.2368774414062,485.943603515625,0.8331535458564758],[746.80810546875,511.378173828125,0.9874637126922607],[641.4314575195312,532.3822631835938,0.9847022891044617],[631.9896240234375,551.157958984375,0.9956117272377014],[848.3927001953125,557.5775756835938,0.9514496326446533],[833.5845947265625,579.632080078125,0.987346887588501],[841.1424560546875,755.1319580078125,0.7966357469558716],[819.6785888671875,779.8928833007812,0.8984598517417908]]",GEOM_UPRIGHT_OR_LIMB_SUPPORTED,"{""torso_angle"": 85.48803723202894, ""shoulder_hip_dy"": 0.31922131972079704, ""y_band_ratio"": 0.7007844661760939, ""kp_mean_conf"": 0.8854058027267456, ""visible"": 15, ""bbox_ar"": 0.6437634631085308}"
V2_ORIGINAL::IMG_003913,21558e45c831388c100ae3529b6804577a40ca367bb9f836b04e4c3520c2df66,3,0.7905819416046143,721.1738891601562,214.20858764648438,1131.572509765625,741.4179077148438,0.1043431605547848,primary,"[[847.0499267578125,285.7468566894531,0.8439056873321533],[845.5416870117188,274.5480651855469,0.28184834122657776],[839.2752685546875,273.2262268066406,0.8526859283447266],[817.1234130859375,281.9924621582031,0.09620553255081177],[803.6634521484375,277.7270202636719,0.9089405536651611],[803.5375366210938,334.9970703125,0.9606838822364807],[754.7239379882812,344.4257507324219,0.9941011071205139],[858.7062377929688,414.36102294921875,0.8446220755577087],[759.9971313476562,447.9516296386719,0.9875587224960327],[916.240234375,413.4538879394531,0.8548290133476257],[897.7252807617188,430.91082763671875,0.978199303150177],[836.2890014648438,480.4456787109375,0.977154552936554],[806.88720703125,503.44390869140625,0.9909337759017944],[991.387939453125,491.03680419921875,0.9351562857627869],[980.6221313476562,515.74658203125,0.9752172231674194],[1023.575927734375,634.9154663085938,0.7819368839263916],[1029.19775390625,655.3081665039062,0.8681913614273071]]",GEOM_UPRIGHT_OR_LIMB_SUPPORTED,"{""torso_angle"": 74.41639646718758, ""shoulder_hip_dy"": 0.28875320936847615, ""y_band_ratio"": 0.6075596238508717, ""kp_mean_conf"": 0.8772477935999632, ""visible"": 16, ""bbox_ar"": 0.7784358223262353}"
V2_ORIGINAL::IMG_003914,8bdf1601258e589a61a1ddaabcf4d9f5d44b83c59f28ad97f6030858e1d7ff54,0,0.9231619238853455,1125.298583984375,285.2756652832031,1766.00439453125,1077.6898193359375,0.2448419911560443,primary,"[[1513.489013671875,426.3479919433594,0.0978657603263855],[1510.264404296875,400.3559875488281,0.16878201067447662],[1555.4974365234375,404.9821472167969,0.00543445348739624],[1505.7489013671875,430.9180603027344,0.9503200650215149],[1678.07666015625,431.1841735839844,0.15166598558425903],[1414.3162841796875,581.5941162109375,0.9880133867263794],[1750.2001953125,569.3350219726562,0.832194983959198],[1254.801025390625,753.0439453125,0.9473130702972412],[1676.227294921875,729.3297729492188,0.1815483272075653],[1258.0880126953125,692.3607788085938,0.8167904019355774],[1497.55029296875,665.9937744140625,0.1363314688205719],[1428.680908203125,923.5376586914062,0.8864709138870239],[1648.0400390625,901.2277221679688,0.6217288970947266],[1162.9715576171875,752.4521484375,0.8899978399276733],[1309.19482421875,736.6990966796875,0.5730357766151428],[1261.7645263671875,1020.514892578125,0.7598394751548767],[1315.531005859375,992.7410888671875,0.4901164770126343]]",GEOM_UPRIGHT_OR_LIMB_SUPPORTED,"{""torso_angle"": 97.42336889531833, ""shoulder_hip_dy"": 0.4251793328207879, ""y_band_ratio"": 0.5693738158233898, ""kp_mean_conf"": 0.7959837534210898, ""visible"": 11, ""bbox_ar"": 0.8085491750368667}"
V2_ORIGINAL::IMG_003914,8bdf1601258e589a61a1ddaabcf4d9f5d44b83c59f28ad97f6030858e1d7ff54,1,0.6997756361961365,759.0579223632812,292.0052490234375,1199.7919921875,937.5230712890625,0.13720182144637133,primary,"[[940.0545043945312,385.3487854003906,0.1750834882259369],[918.0901489257812,368.5603942871094,0.010721609927713871],[941.8925170898438,364.7201232910156,0.3250170052051544],[821.415771484375,380.6070556640625,0.058036115020513535],[923.0253295898438,379.5552062988281,0.9705369472503662],[785.475830078125,486.8265380859375,0.9118056297302246],[929.9480590820312,492.8562927246094,0.9905059933662415],[835.3064575195312,619.0670776367188,0.2665388882160187],[1013.9146728515625,632.6705932617188,0.9380725622177124],[964.3159790039062,619.0362548828125,0.1306927353143692],[1081.052978515625,652.8402709960938,0.7345620393753052],[859.893310546875,711.3761596679688,0.8691004514694214],[958.2877807617188,731.4716186523438,0.9606181979179382],[1087.2125244140625,649.2907104492188,0.756493330001831],[1155.443603515625,665.6441040039062,0.9313467144966125],[1068.5189208984375,851.9850463867188,0.6361497044563293],[1127.151611328125,872.7310180664062,0.8036699295043945]]",GEOM_UPRIGHT_OR_LIMB_SUPPORTED,"{""torso_angle"": 77.49103853228405, ""shoulder_hip_dy"": 0.3587545777467142, ""y_band_ratio"": 0.5978215731147891, ""kp_mean_conf"": 0.77649364563135, ""visible"": 13, ""bbox_ar"": 0.6827604980406885}"
V2_ORIGINAL::IMG_003914,8bdf1601258e589a61a1ddaabcf4d9f5d44b83c59f28ad97f6030858e1d7ff54,2,0.575532853603363,1281.525634765625,130.12930297851562,1379.230712890625,410.9308776855469,0.013230970194045868,primary,"[[1341.417724609375,175.6767578125,0.11295732110738754],[1341.457763671875,168.91676330566406,0.12712952494621277],[1345.8248291015625,170.26300048828125,0.03805537149310112],[1337.3787841796875,173.78990173339844,0.8680424690246582],[1368.4501953125,174.6522216796875,0.39189961552619934],[1322.361328125,211.82608032226562,0.9743281602859497],[1387.8936767578125,211.74537658691406,0.9464194774627686],[1293.218505859375,255.27928161621094,0.8167092800140381],[1390.7437744140625,255.98135375976562,0.4507652521133423],[1283.9378662109375,269.8647155761719,0.41516950726509094],[1376.0068359375,270.69287109375,0.17121560871601105],[1330.3070068359375,309.4624938964844,0.8817100524902344],[1373.7105712890625,308.5697937011719,0.8353396654129028],[1321.8905029296875,362.3511962890625,0.24130210280418396],[1364.51904296875,362.314208984375,0.1610395461320877],[1326.991943359375,397.49774169921875,0.05302893742918968],[1367.9468994140625,394.59979248046875,0.037450287491083145]]",GEOM_UPRIGHT_OR_LIMB_SUPPORTED,"{""torso_angle"": 91.83716042581435, ""shoulder_hip_dy"": 0.34626022110339555, ""y_band_ratio"": 0.5363425039880209, ""kp_mean_conf"": 0.6821685582399368, ""visible"": 10, ""bbox_ar"": 0.347950606142215}"
V2_ORIGINAL::IMG_003914,8bdf1601258e589a61a1ddaabcf4d9f5d44b83c59f28ad97f6030858e1d7ff54,3,0.5013622045516968,1067.662841796875,199.3784637451172,1319.85400390625,528.6275024414062,0.04004325698891383,primary,"[[1214.321044921875,282.3924255371094,0.7687111496925354],[1206.412109375,266.37921142578125,0.1580713540315628],[1210.6390380859375,267.3447265625,0.8706226944923401],[1151.490966796875,263.0595703125,0.047696806490421295],[1178.477783203125,266.9747314453125,0.9558388590812683],[1110.6251220703125,323.6562194824219,0.8724521994590759],[1169.39013671875,338.9962463378906,0.9722127914428711],[1160.835693359375,407.1625061035156,0.4047510027885437],[1229.5443115234375,437.4061279296875,0.9047178626060486],[1245.5655517578125,377.41455078125,0.36670106649398804],[1270.0906982421875,384.1629638671875,0.8224944472312927],[1108.8115234375,506.9938049316406,0.6725006103515625],[1148.9473876953125,522.7684936523438,0.829574704170227],[1265.4239501953125,512.9241943359375,0.34957244992256165],[1307.22119140625,530.7031860351562,0.5843499898910522],[1241.320068359375,637.7089233398438,0.16208404302597046],[1269.697509765625,655.1891479492188,0.23836806416511536]]",GEOM_UPRIGHT_OR_LIMB_SUPPORTED,"{""torso_angle"": 93.4693592680767, ""shoulder_hip_dy"": 0.5574956789810204, ""y_band_ratio"": 1.0069366634434262, ""kp_mean_conf"": 0.6866334208420345, ""visible"": 14, ""bbox_ar"": 0.7659586892279586}"
V2_ORIGINAL::IMG_003914,8bdf1601258e589a61a1ddaabcf4d9f5d44b83c59f28ad97f6030858e1d7ff54,4,0.4109065532684326,1066.55419921875,201.56259155273438,1277.8018798828125,476.0452880859375,0.027962882438781284,primary,"[[1214.321044921875,282.3924255371094,0.7687111496925354],[1206.412109375,266.37921142578125,0.1580713540315628],[1210.6390380859375,267.3447265625,0.8706226944923401],[1151.490966796875,263.0595703125,0.047696806490421295],[1178.477783203125,266.9747314453125,0.9558388590812683],[1110.6251220703125,323.6562194824219,0.8724521994590759],[1169.39013671875,338.9962463378906,0.9722127914428711],[1160.835693359375,407.1625061035156,0.4047510027885437],[1229.5443115234375,437.4061279296875,0.9047178626060486],[1245.5655517578125,377.41455078125,0.36670106649398804],[1270.0906982421875,384.1629638671875,0.8224944472312927],[1108.8115234375,506.9938049316406,0.6725006103515625],[1148.9473876953125,522.7684936523438,0.829574704170227],[1265.4239501953125,512.9241943359375,0.34957244992256165],[1307.22119140625,530.7031860351562,0.5843499898910522],[1241.320068359375,637.7089233398438,0.16208404302597046],[1269.697509765625,655.1891479492188,0.23836806416511536]]",GEOM_UPRIGHT_OR_LIMB_SUPPORTED,"{""torso_angle"": 93.4693592680767, ""shoulder_hip_dy"": 0.6687303742647107, ""y_band_ratio"": 1.207846369385593, ""kp_mean_conf"": 0.6866334208420345, ""visible"": 14, ""bbox_ar"": 0.7696211212297992}"
V2_ORIGINAL::IMG_003914,8bdf1601258e589a61a1ddaabcf4d9f5d44b83c59f28ad97f6030858e1d7ff54,5,0.2840861678123474,1286.8817138671875,127.72499084472656,1378.930908203125,268.6178283691406,0.00625437508768637,background,"[[1338.3123779296875,175.45660400390625,0.10867416113615036],[1338.086181640625,168.39102172851562,0.1132066622376442],[1344.362548828125,169.13475036621094,0.03943851962685585],[1337.0775146484375,172.3369903564453,0.8226450085639954],[1369.9891357421875,172.0821075439453,0.37103310227394104],[1321.227783203125,212.65704345703125,0.9597393870353699],[1387.1845703125,210.6192626953125,0.9294607043266296],[1296.737548828125,261.2253112792969,0.7090660333633423],[1387.489990234375,259.6285400390625,0.4159683883190155],[1294.3212890625,274.9413757324219,0.2800496518611908],[1374.389404296875,275.0094299316406,0.13627935945987701],[1324.5323486328125,315.4640197753906,0.7620568871498108],[1369.0338134765625,313.6403503417969,0.7074609398841858],[1306.505126953125,361.2336730957031,0.11005240678787231],[1351.758544921875,360.3403015136719,0.0770765095949173],[1309.050537109375,400.4964294433594,0.026976358145475388],[1353.4820556640625,397.248779296875,0.020392106845974922]]",GEOM_UPRIGHT_OR_LIMB_SUPPORTED,"{""torso_angle"": 94.12554792962825, ""shoulder_hip_dy"": 0.7304419003172452, ""y_band_ratio"": 0.7441454010173548, ""kp_mean_conf"": 0.6619422336419424, ""visible"": 9, ""bbox_ar"": 0.6533277060303873}"
V2_ORIGINAL::IMG_003915,181b3cafa82863a1ca5bb12aea16b6dacf16f78f5f346890cc2575880695f72a,0,0.9479578733444214,169.2564239501953,499.1587219238281,636.7616577148438,1072.7603759765625,0.1293218438299154,primary,"[[327.3948059082031,607.6622314453125,0.9882131218910217],[331.1431579589844,588.905517578125,0.8020967245101929],[313.6891784667969,587.587158203125,0.9863190650939941],[316.07391357421875,583.7123413085938,0.10980139672756195],[265.7561340332031,579.8140869140625,0.9616060853004456],[299.80133056640625,633.0111083984375,0.9875923991203308],[215.50686645507812,665.6398315429688,0.9976208806037903],[340.217529296875,717.25048828125,0.9309183955192566],[221.0591583251953,808.6087646484375,0.9927350282669067],[385.85845947265625,719.4317626953125,0.9326284527778625],[336.4458923339844,757.1402587890625,0.9892467856407166],[356.9082336425781,827.6292724609375,0.9857182502746582],[300.69091796875,861.9678955078125,0.9929391145706177],[537.1124267578125,817.2134399414062,0.959710955619812],[497.3073425292969,857.853759765625,0.9816344380378723],[534.8154907226562,1008.0653686523438,0.847270131111145],[521.469482421875,1026.6170654296875,0.8972641825675964]]",GEOM_UPRIGHT_OR_LIMB_SUPPORTED,"{""torso_angle"": 70.00023755188853, ""shoulder_hip_dy"": 0.34078199153118366, ""y_band_ratio"": 0.6862008752071409, ""kp_mean_conf"": 0.9520946256816387, ""visible"": 16, ""bbox_ar"": 0.8150346681560791}"
V2_ORIGINAL::IMG_003915,181b3cafa82863a1ca5bb12aea16b6dacf16f78f5f346890cc2575880695f72a,1,0.9340212345123291,544.4390258789062,413.9033203125,916.0235595703125,893.2280883789062,0.08589393828544417,primary,"[[665.9341430664062,492.3202819824219,0.9333658814430237],[667.198974609375,477.4559326171875,0.43026816844940186],[656.312744140625,478.4012145996094,0.9343985915184021],[648.7799072265625,477.7384033203125,0.06793009489774704],[620.0552368164062,477.197509765625,0.9210049510002136],[644.0482788085938,519.0278930664062,0.9685774445533752],[582.0272827148438,532.2952880859375,0.995932400226593],[686.7896118164062,594.2191772460938,0.8890507221221924],[607.1805419921875,637.6412963867188,0.9931267499923706],[722.6241455078125,594.344482421875,0.9048745632171631],[698.5502319335938,621.1340942382812,0.9885729551315308],[671.3340454101562,666.29833984375,0.9877118468284607],[632.8049926757812,687.285888671875,0.9953640699386597],[827.737060546875,661.5999755859375,0.9730653762817383],[813.7555541992188,685.533935546875,0.9906854033470154],[815.20849609375,841.9436645507812,0.9192472100257874],[834.1409912109375,862.40625,0.9563905596733093]]",GEOM_UPRIGHT_OR_LIMB_SUPPORTED,"{""torso_angle"": 75.51893194495977, ""shoulder_hip_dy"": 0.31529879895691687, ""y_band_ratio"": 0.716379331530854, ""kp_mean_conf"": 0.9238523058593273, ""visible"": 16, ""bbox_ar"": 0.7752249799032427}"
V2_ORIGINAL::IMG_003915,181b3cafa82863a1ca5bb12aea16b6dacf16f78f5f346890cc2575880695f72a,2,0.826163649559021,725.9107666015625,421.3999328613281,1000.4701538085938,760.7119140625,0.044927319459200164,primary,"[[867.8253173828125,484.11322021484375,0.9399996995925903],[869.6590576171875,475.4727478027344,0.5161102414131165],[861.9398803710938,475.6640625,0.9517861604690552],[861.8475952148438,473.5767517089844,0.08001716434955597],[840.4030151367188,473.5726318359375,0.9325125813484192],[841.772705078125,500.1834411621094,0.9759261012077332],[810.358154296875,504.8594970703125,0.9963980913162231],[844.3145751953125,554.56201171875,0.7763237953186035],[809.566650390625,567.366455078125,0.9903951287269592],[860.6232299804688,553.86767578125,0.7999742031097412],[859.9605102539062,564.175048828125,0.9784291386604309],[822.2940673828125,596.5850830078125,0.9820308685302734],[799.569580078125,605.025146484375,0.9930028319358826],[929.2183227539062,616.9134521484375,0.9562550783157349],[917.0555419921875,625.4815063476562,0.9866865873336792],[922.1256103515625,704.9419555664062,0.9122104644775391],[916.7417602539062,716.028076171875,0.9612218141555786]]",GEOM_UPRIGHT_OR_LIMB_SUPPORTED,"{""torso_angle"": 98.75359109256154, ""shoulder_hip_dy"": 0.28965568879105463, ""y_band_ratio"": 0.6361244134252816, ""kp_mean_conf"": 0.9155789241194725, ""visible"": 16, ""bbox_ar"": 0.8091650233955341}"
V2_ORIGINAL::IMG_003915,181b3cafa82863a1ca5bb12aea16b6dacf16f78f5f346890cc2575880695f72a,3,0.7984721660614014,988.613525390625,369.54949951171875,1131.19189453125,604.30078125,0.016141230181286423,primary,"[[1043.4625244140625,404.8376770019531,0.9040248990058899],[1041.4429931640625,397.9337158203125,0.4623759686946869],[1038.3839111328125,399.3426208496094,0.9210875630378723],[1028.10400390625,401.3832092285156,0.1197303757071495],[1022.7814331054688,404.0858459472656,0.9294145107269287],[1019.4483032226562,427.14239501953125,0.9741841554641724],[1014.0675659179688,434.5243225097656,0.9966339468955994],[1044.17041015625,464.20416259765625,0.7173290848731995],[1033.6600341796875,476.3599548339844,0.9895985126495361],[1059.4705810546875,479.45538330078125,0.7181953191757202],[1069.7088623046875,482.7832336425781,0.9725869297981262],[1028.0411376953125,495.4376525878906,0.9731405973434448],[1024.1483154296875,503.33642578125,0.9908067584037781],[1096.9420166015625,504.2957458496094,0.9208216667175293],[1093.709228515625,511.1266784667969,0.9772074818611145],[1100.126953125,566.1566162109375,0.8593859672546387],[1099.7265625,575.7763671875,0.939631998538971]]",GEOM_UPRIGHT_OR_LIMB_SUPPORTED,"{""torso_angle"": 82.24421863069465, ""shoulder_hip_dy"": 0.29202686312209697, ""y_band_ratio"": 0.6331551038501988, ""kp_mean_conf"": 0.8904015850275755, ""visible"": 16, ""bbox_ar"": 0.6073592786580919}"
V2_ORIGINAL::IMG_003915,181b3cafa82863a1ca5bb12aea16b6dacf16f78f5f346890cc2575880695f72a,4,0.7532044053077698,1329.96240234375,376.57611083984375,1468.017333984375,559.9216918945312,0.012206675182829646,primary,"[[1417.5020751953125,404.5015869140625,0.8459092378616333],[1420.717529296875,397.91705322265625,0.8394256234169006],[1415.8428955078125,397.8498229980469,0.5075821876525879],[1435.1866455078125,399.243896484375,0.8076182007789612],[1427.0115966796875,399.8979797363281,0.19956572353839874],[1446.553955078125,427.2208557128906,0.9823931455612183],[1442.3704833984375,422.146484375,0.965481162071228],[1426.6634521484375,466.7170104980469,0.9200633764266968],[1426.2650146484375,457.6716613769531,0.7158934473991394],[1392.2332763671875,459.1489562988281,0.8802350163459778],[1403.797607421875,455.6398620605469,0.7012697458267212],[1439.3895263671875,492.7665710449219,0.9711810946464539],[1435.3931884765625,486.6775207519531,0.956031858921051],[1378.7431640625,477.7474670410156,0.9635317921638489],[1379.0445556640625,472.82879638671875,0.9326117634773254],[1359.06640625,540.3914794921875,0.9458633661270142],[1361.7108154296875,533.0469360351562,0.9173694849014282]]",GEOM_UPRIGHT_OR_LIMB_SUPPORTED,"{""torso_angle"": 96.2047305095461, ""shoulder_hip_dy"": 0.35473107931132974, ""y_band_ratio"": 0.644929615630703, ""kp_mean_conf"": 0.8657787814736366, ""visible"": 16, ""bbox_ar"": 0.7529765966895411}"
V2_ORIGINAL::IMG_003916,1702a8a274a13fb451ca23ccafdc997a8830cc7adda330b5df0b90ab6aedef73,0,0.9378853440284729,209.9928741455078,200.30630493164062,803.3329467773438,1036.505859375,0.23927020851086597,primary,"[[423.158203125,332.1316223144531,0.9756224751472473],[412.68548583984375,313.6216125488281,0.39844948053359985],[410.7272644042969,310.6121520996094,0.9809912443161011],[360.7148742675781,324.68609619140625,0.031010502949357033],[353.12176513671875,316.97210693359375,0.9914199113845825],[358.0641174316406,429.1965637207031,0.994998574256897],[299.09063720703125,445.783203125,0.9986781477928162],[453.5481262207031,569.532470703125,0.9428329467773438],[409.19781494140625,628.4926147460938,0.9941020607948303],[567.046142578125,633.9025268554688,0.9139223098754883],[576.255859375,659.3233642578125,0.9873237609863281],[427.90093994140625,693.5164184570312,0.9932271838188171],[386.1192932128906,727.3878173828125,0.9962682127952576],[684.9503784179688,682.7637939453125,0.9759551882743835],[654.759521484375,724.7516479492188,0.9888948202133179],[675.5952758789062,942.125244140625,0.8636378049850464],[685.901611328125,970.3740234375,0.8986880779266357]]",GEOM_UPRIGHT_OR_LIMB_SUPPORTED,"{""torso_angle"": 73.96856893293479, ""shoulder_hip_dy"": 0.3264319300896729, ""y_band_ratio"": 0.6471869744980281, ""kp_mean_conf"": 0.9309382624924183, ""visible"": 16, ""bbox_ar"": 0.709567554154953}"
V2_ORIGINAL::IMG_003916,1702a8a274a13fb451ca23ccafdc997a8830cc7adda330b5df0b90ab6aedef73,1,0.9267932772636414,1164.6888427734375,200.455810546875,1665.15966796875,872.2386474609375,0.1621372061836559,primary,"[[1509.122314453125,292.3318786621094,0.5764681696891785],[1513.5120849609375,274.8021240234375,0.7578362822532654],[1527.30859375,273.1517028808594,0.03843393176794052],[1549.6260986328125,287.0254211425781,0.9717432856559753],[1598.2049560546875,281.26593017578125,0.05060523375868797],[1569.6416015625,402.782958984375,0.9987492561340332],[1609.31005859375,379.47100830078125,0.915361225605011],[1473.364013671875,546.3967895507812,0.9963845014572144],[1514.9212646484375,507.75201416015625,0.4123464524745941],[1371.2662353515625,566.5250854492188,0.9828161597251892],[1412.362060546875,547.1924438476562,0.399154931306839],[1521.9027099609375,647.0198364257812,0.9972027540206909],[1551.21240234375,620.1666870117188,0.9747022390365601],[1300.01806640625,618.4689331054688,0.9926791191101074],[1318.547119140625,597.55615234375,0.9328204393386841],[1282.5501708984375,831.9915161132812,0.9546770453453064],[1306.0997314453125,809.2049560546875,0.8299752473831177]]",GEOM_UPRIGHT_OR_LIMB_SUPPORTED,"{""torso_angle"": 102.31174675177593, ""shoulder_hip_dy"": 0.3609295515645769, ""y_band_ratio"": 0.6736112966077287, ""kp_mean_conf"": 0.8461944739023844, ""visible"": 15, ""bbox_ar"": 0.7449890019433989}"
V2_ORIGINAL::IMG_003916,1702a8a274a13fb451ca23ccafdc997a8830cc7adda330b5df0b90ab6aedef73,2,0.8839617371559143,583.7224731445312,277.3160705566406,833.3928833007812,632.1174926757812,0.04271962605348507,primary,"[[692.0271606445312,338.2228088378906,0.9407158493995667],[692.0880126953125,328.1516418457031,0.4572376310825348],[686.1262817382812,328.69403076171875,0.9503089189529419],[675.94873046875,327.1081237792969,0.07039614021778107],[659.7288208007812,327.52276611328125,0.9430657029151917],[652.0314331054688,359.67938232421875,0.9850591421127319],[628.75634765625,367.568603515625,0.9977658987045288],[665.0811157226562,423.8138122558594,0.8463163375854492],[636.480224609375,442.5156555175781,0.9936090707778931],[697.0136108398438,441.19989013671875,0.8589864373207092],[697.7401733398438,453.4101867675781,0.9846768975257874],[647.7539672851562,476.2922058105469,0.9908740520477295],[630.9303588867188,487.43170166015625,0.9963327646255493],[755.5155639648438,489.7892150878906,0.9763879776000977],[747.8623657226562,500.1300964355469,0.992591381072998],[761.295166015625,589.3156127929688,0.9452670812606812],[760.0962524414062,603.7928466796875,0.9755463600158691]]",GEOM_UPRIGHT_OR_LIMB_SUPPORTED,"{""torso_angle"": 90.50963282511215, ""shoulder_hip_dy"": 0.33325109045286166, ""y_band_ratio"": 0.6880284269928789, ""kp_mean_conf"": 0.9271713439375162, ""visible"": 16, ""bbox_ar"": 0.7036905564386714}"
V2_ORIGINAL::IMG_003916,1702a8a274a13fb451ca23ccafdc997a8830cc7adda330b5df0b90ab6aedef73,3,0.8239627480506897,968.1278686523438,231.86279296875,1135.9654541015625,539.5726928710938,0.02490609887077072,primary,"[[1071.21435546875,281.0690002441406,0.9705886840820312],[1078.60546875,273.0914001464844,0.9540232419967651],[1065.3052978515625,273.4589538574219,0.9235722422599792],[1092.793212890625,274.2667541503906,0.842134416103363],[1055.6685791015625,274.95556640625,0.6499019265174866],[1112.776611328125,307.82513427734375,0.9977924823760986],[1042.8809814453125,308.213134765625,0.9973675608634949],[1122.62255859375,363.6160888671875,0.9794959425926208],[1028.4354248046875,362.34027099609375,0.9626833200454712],[1082.7047119140625,391.3667297363281,0.9569710493087769],[1039.2735595703125,392.59454345703125,0.929438054561615],[1100.8319091796875,397.0914306640625,0.9968206882476807],[1050.5460205078125,395.54315185546875,0.9962271451950073],[1095.085205078125,420.2271423339844,0.9910966157913208],[1000.4544067382812,418.6808166503906,0.9875487089157104],[1105.740234375,505.2447509765625,0.9748850464820862],[999.9558715820312,503.5816345214844,0.9679976105690002]]",GEOM_UPRIGHT_OR_LIMB_SUPPORTED,"{""torso_angle"": 91.38824328669462, ""shoulder_hip_dy"": 0.28695260297541275, ""y_band_ratio"": 0.6415770723069774, ""kp_mean_conf"": 0.9457967491710887, ""visible"": 17, ""bbox_ar"": 0.5454409672957694}"
V2_ORIGINAL::IMG_003917,ef1b9e81ee1523dbbb21b07d027980742531a74f55e456b369a433de82844d0c,0,0.9287292957305908,683.1845703125,286.3883972167969,1086.7098388671875,721.0972290039062,0.08459490648629812,primary,"[[992.7725830078125,361.4105529785156,0.9345844984054565],[1000.941650390625,349.9200439453125,0.9489355087280273],[993.6429443359375,345.7814025878906,0.45027437806129456],[1037.12353515625,346.776123046875,0.943104088306427],[1015.7142944335938,340.9212341308594,0.08325184881687164],[1065.102294921875,410.4823913574219,0.9971724152565002],[1027.843994140625,381.61175537109375,0.9478034973144531],[1027.730712890625,510.8525695800781,0.9946413040161133],[970.1848754882812,454.565185546875,0.7631778120994568],[943.4632568359375,504.5680847167969,0.990538477897644],[930.4417114257812,479.7426452636719,0.8170244097709656],[981.2210083007812,534.8409423828125,0.9968417882919312],[958.8370971679688,506.2471008300781,0.9854121804237366],[799.6937866210938,530.678466796875,0.9954481720924377],[792.8677978515625,499.3182067871094,0.9783990979194641],[758.343017578125,685.8175659179688,0.9821334481239319],[765.4321899414062,661.1531982421875,0.9539902806282043]]",GEOM_UPRIGHT_OR_LIMB_SUPPORTED,"{""torso_angle"": 121.55091613888135, ""shoulder_hip_dy"": 0.28639157785309866, ""y_band_ratio"": 0.6997921098043257, ""kp_mean_conf"": 0.9174675848335028, ""visible"": 16, ""bbox_ar"": 0.9282656321836741}"
V2_ORIGINAL::IMG_003917,ef1b9e81ee1523dbbb21b07d027980742531a74f55e456b369a433de82844d0c,1,0.9178606867790222,950.7958374023438,377.67828369140625,1534.073486328125,1035.18505859375,0.18494840172541085,primary,"[[1348.4478759765625,510.33856201171875,0.9439980387687683],[1354.363525390625,490.61260986328125,0.9639280438423157],[1347.487060546875,487.768798828125,0.3705104887485504],[1401.177978515625,474.623291015625,0.963538646697998],[1382.8310546875,471.67816162109375,0.05070428550243378],[1465.0924072265625,566.0524291992188,0.9976861476898193],[1425.974853515625,532.5280151367188,0.9475134015083313],[1417.793212890625,718.437744140625,0.9954782128334045],[1359.8997802734375,645.1665649414062,0.735360860824585],[1278.989990234375,710.1353759765625,0.9927718043327332],[1276.4268798828125,676.6705322265625,0.8171703815460205],[1397.31982421875,785.1185913085938,0.9961283206939697],[1375.6788330078125,748.12353515625,0.9805942177772522],[1142.8414306640625,779.013671875,0.9943523406982422],[1139.7584228515625,738.5958251953125,0.9699538350105286],[1046.41259765625,961.2341918945312,0.970565676689148],[1066.4151611328125,931.2586669921875,0.9217116236686707]]",GEOM_UPRIGHT_OR_LIMB_SUPPORTED,"{""torso_angle"": 105.19676389847626, ""shoulder_hip_dy"": 0.330537797267157, ""y_band_ratio"": 0.6520178850194907, ""kp_mean_conf"": 0.9100788775831461, ""visible"": 16, ""bbox_ar"": 0.8871051541824989}"
V2_ORIGINAL::IMG_003917,ef1b9e81ee1523dbbb21b07d027980742531a74f55e456b369a433de82844d0c,2,0.8045530319213867,607.6962890625,256.474609375,856.8703002929688,555.14453125,0.03588965203871743,primary,"[[754.1268310546875,311.0094299316406,0.8022916316986084],[761.595703125,302.56329345703125,0.832976758480072],[753.8417358398438,301.1286315917969,0.31152984499931335],[787.354248046875,302.8354797363281,0.8318102955818176],[771.08056640625,300.04144287109375,0.06668835133314133],[815.5309448242188,341.9787902832031,0.9815914630889893],[775.9096069335938,328.9161376953125,0.9450051784515381],[800.4622192382812,409.2353515625,0.9553958773612976],[759.2018432617188,386.9970703125,0.6845380067825317],[730.1704711914062,387.46246337890625,0.9325671195983887],[746.79931640625,375.9071044921875,0.7132816314697266],[801.8721313476562,443.22906494140625,0.9816317558288574],[773.8312377929688,431.20562744140625,0.9653003811836243],[682.7110595703125,429.5863342285156,0.9800946712493896],[655.6276245117188,418.1258544921875,0.9480237364768982],[675.7091674804688,530.2775268554688,0.9620078206062317],[664.9973754882812,513.9655151367188,0.9255366325378418]]",GEOM_UPRIGHT_OR_LIMB_SUPPORTED,"{""torso_angle"": 94.42116964766842, ""shoulder_hip_dy"": 0.3407436596335315, ""y_band_ratio"": 0.6741937316487814, ""kp_mean_conf"": 0.8595989253371954, ""visible"": 16, ""bbox_ar"": 0.8342788911122883}"
V2_ORIGINAL::IMG_003917,ef1b9e81ee1523dbbb21b07d027980742531a74f55e456b369a433de82844d0c,3,0.7121709585189819,255.75595092773438,204.9821319580078,355.4478454589844,423.26654052734375,0.01049439922690515,primary,"[[295.50537109375,233.76522827148438,0.8529560565948486],[297.8190612792969,228.06033325195312,0.6779372096061707],[289.7532043457031,228.68399047851562,0.8239220380783081],[301.2740478515625,230.48194885253906,0.343606173992157],[277.1307678222656,231.68055725097656,0.6891761422157288],[308.9698791503906,255.98602294921875,0.9651913046836853],[263.6723327636719,258.98516845703125,0.9777452945709229],[324.0616149902344,288.37591552734375,0.8151025772094727],[263.954833984375,297.32794189453125,0.9095211625099182],[322.54437255859375,301.2335510253906,0.7666413187980652],[297.784423828125,307.53607177734375,0.8553624749183655],[301.9436950683594,320.3525390625,0.9549477696418762],[271.76678466796875,323.4363708496094,0.9635536074638367],[328.4359436035156,338.5893859863281,0.8941026926040649],[294.0345153808594,341.7770080566406,0.917125940322876],[318.33160400390625,395.7945861816406,0.8254817128181458],[289.8341979980469,399.8780212402344,0.8511882424354553]]",GEOM_UPRIGHT_OR_LIMB_SUPPORTED,"{""torso_angle"": 89.52486478361176, ""shoulder_hip_dy"": 0.2950685286002497, ""y_band_ratio"": 0.6591950347443607, ""kp_mean_conf"": 0.8284448069684646, ""visible"": 17, ""bbox_ar"": 0.4567064371873534}"
V2_ORIGINAL::IMG_003917,ef1b9e81ee1523dbbb21b07d027980742531a74f55e456b369a433de82844d0c,4,0.18983764946460724,690.5553588867188,256.26055908203125,853.4869995117188,561.28076171875,0.02396674481065323,primary,"[[754.1268310546875,311.0094299316406,0.8022916316986084],[761.595703125,302.56329345703125,0.832976758480072],[753.8417358398438,301.1286315917969,0.31152984499931335],[787.354248046875,302.8354797363281,0.8318102955818176],[771.08056640625,300.04144287109375,0.06668835133314133],[815.5309448242188,341.9787902832031,0.9815914630889893],[775.9096069335938,328.9161376953125,0.9450051784515381],[800.4622192382812,409.2353515625,0.9553958773612976],[759.2018432617188,386.9970703125,0.6845380067825317],[730.1704711914062,387.46246337890625,0.9325671195983887],[746.79931640625,375.9071044921875,0.7132816314697266],[801.8721313476562,443.22906494140625,0.9816317558288574],[773.8312377929688,431.20562744140625,0.9653003811836243],[682.7110595703125,429.5863342285156,0.9800946712493896],[655.6276245117188,418.1258544921875,0.9480237364768982],[675.7091674804688,530.2775268554688,0.9620078206062317],[664.9973754882812,513.9655151367188,0.9255366325378418]]",GEOM_UPRIGHT_OR_LIMB_SUPPORTED,"{""torso_angle"": 94.42116964766842, ""shoulder_hip_dy"": 0.33364964458881136, ""y_band_ratio"": 0.6601575483181326, ""kp_mean_conf"": 0.8595989253371954, ""visible"": 16, ""bbox_ar"": 0.5341667181929347}"
V2_ORIGINAL::IMG_003917,ef1b9e81ee1523dbbb21b07d027980742531a74f55e456b369a433de82844d0c,5,0.15815702080726624,684.615234375,257.4524230957031,859.001220703125,717.8204956054688,0.03871611709037097,primary,"[[754.1268310546875,311.0094299316406,0.8022916316986084],[761.595703125,302.56329345703125,0.832976758480072],[753.8417358398438,301.1286315917969,0.31152984499931335],[787.354248046875,302.8354797363281,0.8318102955818176],[771.08056640625,300.04144287109375,0.06668835133314133],[815.5309448242188,341.9787902832031,0.9815914630889893],[775.9096069335938,328.9161376953125,0.9450051784515381],[800.4622192382812,409.2353515625,0.9553958773612976],[759.2018432617188,386.9970703125,0.6845380067825317],[730.1704711914062,387.46246337890625,0.9325671195983887],[746.79931640625,375.9071044921875,0.7132816314697266],[801.8721313476562,443.22906494140625,0.9816317558288574],[773.8312377929688,431.20562744140625,0.9653003811836243],[682.7110595703125,429.5863342285156,0.9800946712493896],[655.6276245117188,418.1258544921875,0.9480237364768982],[675.7091674804688,530.2775268554688,0.9620078206062317],[664.9973754882812,513.9655151367188,0.9255366325378418]]",GEOM_UPRIGHT_OR_LIMB_SUPPORTED,"{""torso_angle"": 94.42116964766842, ""shoulder_hip_dy"": 0.22106198991457998, ""y_band_ratio"": 0.4373921676679367, ""kp_mean_conf"": 0.8595989253371954, ""visible"": 16, ""bbox_ar"": 0.37879687307035353}"
V2_ORIGINAL::IMG_003918,9cbe78bbf831d21c6e1c849718050658b28230501cc176dd49023302702e5d89,0,0.9159982204437256,261.0843200683594,309.3249206542969,664.708740234375,1003.387451171875,0.13509866244170282,primary,"[[354.9921569824219,439.1528625488281,0.7058618068695068],[356.0723876953125,418.7436218261719,0.8714053630828857],[363.8572998046875,413.2523193359375,0.0683055892586708],[394.08062744140625,400.530029296875,0.9713547825813293],[427.9908142089844,384.74298095703125,0.04676506295800209],[424.0682373046875,482.0039367675781,0.9965316653251648],[508.6059265136719,435.54034423828125,0.8671522736549377],[314.9345703125,619.0977172851562,0.9902710914611816],[411.96966552734375,535.6548461914062,0.3137030005455017],[289.58221435546875,567.4268188476562,0.9595664739608765],[328.5280456542969,556.6519775390625,0.33030545711517334],[582.43603515625,762.0604248046875,0.9910900592803955],[637.6080322265625,740.3244018554688,0.9415008425712585],[357.9006652832031,723.5843505859375,0.9864837527275085],[406.3305358886719,692.1353149414062,0.9045855402946472],[479.6736145019531,908.9163208007812,0.9456751942634583],[489.6497802734375,887.815673828125,0.8337846398353577]]",GEOM_UPRIGHT_OR_LIMB_SUPPORTED,"{""torso_angle"": 63.8321349331548, ""shoulder_hip_dy"": 0.42131689865044875, ""y_band_ratio"": 0.6820364963506859, ""kp_mean_conf"": 0.8406181295712789, ""visible"": 15, ""bbox_ar"": 0.581538985925409}"
V2_ORIGINAL::IMG_003918,9cbe78bbf831d21c6e1c849718050658b28230501cc176dd49023302702e5d89,1,0.8170834183692932,788.7799072265625,314.40216064453125,943.3582763671875,604.1852416992188,0.021602139310368026,primary,"[[868.094482421875,354.54632568359375,0.9146006107330322],[863.9108276367188,347.00567626953125,0.456280916929245],[860.5406494140625,348.2882995605469,0.9345383644104004],[847.6858520507812,353.3216857910156,0.11673446744680405],[840.56640625,356.0404357910156,0.9546633958816528],[841.7700805664062,389.8578186035156,0.9864382743835449],[831.6302490234375,396.903076171875,0.9985343217849731],[871.6122436523438,439.03485107421875,0.7706742882728577],[851.4342651367188,453.3277893066406,0.9926756024360657],[891.2061767578125,461.7838439941406,0.7479079365730286],[888.7249145507812,465.8482360839844,0.9766566157341003],[851.1400146484375,478.1501159667969,0.9903548955917358],[844.4061279296875,486.73443603515625,0.9967235922813416],[925.5741577148438,487.93817138671875,0.972531259059906],[919.2864990234375,495.4752502441406,0.9924182891845703],[906.3695678710938,563.3108520507812,0.9498798251152039],[903.6965942382812,574.7634887695312,0.9801425933837891]]",GEOM_UPRIGHT_OR_LIMB_SUPPORTED,"{""torso_angle"": 82.91287979411234, ""shoulder_hip_dy"": 0.30733964277394654, ""y_band_ratio"": 0.6380830429886983, ""kp_mean_conf"": 0.9134387988597155, ""visible"": 16, ""bbox_ar"": 0.5334278612057864}"
V2_ORIGINAL::IMG_003918,9cbe78bbf831d21c6e1c849718050658b28230501cc176dd49023302702e5d89,2,0.8030441999435425,920.2041015625,303.48211669921875,1035.0003662109375,534.2647705078125,0.012776324557716079,primary,"[[971.8019409179688,338.1917724609375,0.9595627784729004],[976.3869018554688,330.1311950683594,0.8929680585861206],[962.4724731445312,331.5713195800781,0.9427251815795898],[986.1341552734375,333.2049255371094,0.5754098892211914],[950.6144409179688,336.8363952636719,0.8384659886360168],[1002.3171997070312,367.633056640625,0.9912000298500061],[942.479736328125,373.0050964355469,0.9954540729522705],[1021.5775146484375,414.6028747558594,0.8979251384735107],[943.77392578125,425.1874084472656,0.9570639133453369],[1017.4053955078125,435.56756591796875,0.8397940397262573],[981.26904296875,437.66949462890625,0.9095722436904907],[1000.835693359375,451.3701171875,0.9815260171890259],[960.4705810546875,455.06634521484375,0.9855358600616455],[1030.240966796875,471.83892822265625,0.9213227033615112],[982.359375,475.28790283203125,0.9413763880729675],[1010.7053833007812,539.4995727539062,0.8227123618125916],[972.8048095703125,543.6704711914062,0.8563118577003479]]",GEOM_UPRIGHT_OR_LIMB_SUPPORTED,"{""torso_angle"": 84.31352716008918, ""shoulder_hip_dy"": 0.3592087762880166, ""y_band_ratio"": 0.7627844278833147, ""kp_mean_conf"": 0.9005250895724577, ""visible"": 17, ""bbox_ar"": 0.49742154687088}"
V2_ORIGINAL::IMG_003918,9cbe78bbf831d21c6e1c849718050658b28230501cc176dd49023302702e5d89,3,0.7969969511032104,898.0065307617188,313.30755615234375,1251.7508544921875,720.1025390625,0.06939690206717825,primary,"[[1112.3192138671875,370.56903076171875,0.4547005295753479],[1116.0535888671875,358.93084716796875,0.5066837072372437],[1127.2767333984375,359.5466613769531,0.11138026416301727],[1126.324951171875,374.64495849609375,0.9136694073677063],[1183.212158203125,373.65838623046875,0.3166120946407318],[1091.5673828125,446.7641906738281,0.990548312664032],[1211.794189453125,447.8606872558594,0.9382199048995972],[1020.0661010742188,516.6586303710938,0.9407208561897278],[1209.8555908203125,522.1635131835938,0.5074126124382019],[1016.6356201171875,490.0514831542969,0.81429523229599],[1171.268310546875,466.2153625488281,0.36335837841033936],[1075.621826171875,606.269775390625,0.9787402153015137],[1156.3458251953125,598.8821411132812,0.9424390196800232],[975.6044311523438,567.7451171875,0.9612087607383728],[1045.683837890625,568.076171875,0.8975426554679871],[980.032470703125,687.8086547851562,0.9010236859321594],[1036.0234375,678.6119384765625,0.8233413100242615]]",GEOM_UPRIGHT_OR_LIMB_SUPPORTED,"{""torso_angle"": 102.94798069333338, ""shoulder_hip_dy"": 0.38167510861706105, ""y_band_ratio"": 0.5925453219381632, ""kp_mean_conf"": 0.7656572926789522, ""visible"": 16, ""bbox_ar"": 0.8695887082968176}"
V2_ORIGINAL::IMG_003918,9cbe78bbf831d21c6e1c849718050658b28230501cc176dd49023302702e5d89,4,0.3623057007789612,817.7486572265625,304.7786865234375,1036.037841796875,586.5447387695312,0.029661690675345232,primary,"[[868.094482421875,354.54632568359375,0.9146006107330322],[863.9108276367188,347.00567626953125,0.456280916929245],[860.5406494140625,348.2882995605469,0.9345383644104004],[847.6858520507812,353.3216857910156,0.11673446744680405],[840.56640625,356.0404357910156,0.9546633958816528],[841.7700805664062,389.8578186035156,0.9864382743835449],[831.6302490234375,396.903076171875,0.9985343217849731],[871.6122436523438,439.03485107421875,0.7706742882728577],[851.4342651367188,453.3277893066406,0.9926756024360657],[891.2061767578125,461.7838439941406,0.7479079365730286],[888.7249145507812,465.8482360839844,0.9766566157341003],[851.1400146484375,478.1501159667969,0.9903548955917358],[844.4061279296875,486.73443603515625,0.9967235922813416],[925.5741577148438,487.93817138671875,0.972531259059906],[919.2864990234375,495.4752502441406,0.9924182891845703],[906.3695678710938,563.3108520507812,0.9498798251152039],[903.6965942382812,574.7634887695312,0.9801425933837891]]",GEOM_UPRIGHT_OR_LIMB_SUPPORTED,"{""torso_angle"": 82.91287979411234, ""shoulder_hip_dy"": 0.3160843114467703, ""y_band_ratio"": 0.6562382824050056, ""kp_mean_conf"": 0.9134387988597155, ""visible"": 16, ""bbox_ar"": 0.7747178300232538}"
V2_ORIGINAL::IMG_003918,9cbe78bbf831d21c6e1c849718050658b28230501cc176dd49023302702e5d89,5,0.1782035529613495,982.8280029296875,311.87835693359375,1252.2896728515625,620.1140747070312,0.04005483759683557,primary,"[[1112.3192138671875,370.56903076171875,0.4547005295753479],[1116.0535888671875,358.93084716796875,0.5066837072372437],[1127.2767333984375,359.5466613769531,0.11138026416301727],[1126.324951171875,374.64495849609375,0.9136694073677063],[1183.212158203125,373.65838623046875,0.3166120946407318],[1091.5673828125,446.7641906738281,0.990548312664032],[1211.794189453125,447.8606872558594,0.9382199048995972],[1020.0661010742188,516.6586303710938,0.9407208561897278],[1209.8555908203125,522.1635131835938,0.5074126124382019],[1016.6356201171875,490.0514831542969,0.81429523229599],[1171.268310546875,466.2153625488281,0.36335837841033936],[1075.621826171875,606.269775390625,0.9787402153015137],[1156.3458251953125,598.8821411132812,0.9424390196800232],[975.6044311523438,567.7451171875,0.9612087607383728],[1045.683837890625,568.076171875,0.8975426554679871],[980.032470703125,687.8086547851562,0.9010236859321594],[1036.0234375,678.6119384765625,0.8233413100242615]]",GEOM_UPRIGHT_OR_LIMB_SUPPORTED,"{""torso_angle"": 102.94798069333338, ""shoulder_hip_dy"": 0.5037168320682184, ""y_band_ratio"": 0.7820134079610561, ""kp_mean_conf"": 0.7656572926789522, ""visible"": 16, ""bbox_ar"": 0.8742065062035977}"
V2_ORIGINAL::IMG_003919,95d750ee89b98302502ce9d5dd13c9cfd0bb861ce62ff17fb6bb95ba2852da1f,0,0.8465353846549988,1122.9520263671875,399.4020080566406,1312.1322021484375,626.875732421875,0.020753047434910615,primary,"[[1250.8370361328125,438.55810546875,0.7383525371551514],[1253.7957763671875,431.41094970703125,0.7709351181983948],[1248.6763916015625,432.05914306640625,0.28068509697914124],[1269.30322265625,432.4410400390625,0.8271065354347229],[1261.0570068359375,434.92071533203125,0.09264855086803436],[1285.257080078125,465.1847839355469,0.9847198724746704],[1277.6368408203125,459.9485778808594,0.9476439952850342],[1260.6287841796875,512.5076293945312,0.9611331820487976],[1256.335205078125,498.275390625,0.6846113204956055],[1207.6900634765625,502.5115661621094,0.9332271218299866],[1215.67919921875,492.479736328125,0.7021447420120239],[1266.0367431640625,539.4293823242188,0.984833300113678],[1259.36572265625,531.208251953125,0.9687203764915466],[1184.286376953125,535.8843383789062,0.9805942177772522],[1182.575439453125,529.350341796875,0.9489652514457703],[1153.4820556640625,598.53515625,0.9647789001464844],[1153.8922119140625,589.8470458984375,0.9303052425384521]]",GEOM_UPRIGHT_OR_LIMB_SUPPORTED,"{""torso_angle"": 104.44886641691038, ""shoulder_hip_dy"": 0.3198265489057413, ""y_band_ratio"": 0.6092421388706172, ""kp_mean_conf"": 0.8505473006516695, ""visible"": 16, ""bbox_ar"": 0.8316572663904697}"
V2_ORIGINAL::IMG_003919,95d750ee89b98302502ce9d5dd13c9cfd0bb861ce62ff17fb6bb95ba2852da1f,1,0.8094495534896851,1223.171875,448.64483642578125,1492.4910888671875,796.6296997070312,0.045196281740252205,primary,"[[1392.4403076171875,512.905517578125,0.8036375045776367],[1397.17724609375,502.9360046386719,0.8622351288795471],[1392.0213623046875,503.61474609375,0.21433988213539124],[1423.038818359375,500.8140563964844,0.9146878719329834],[1411.832763671875,502.91925048828125,0.03373711183667183],[1453.0308837890625,542.9194946289062,0.9880999326705933],[1435.8155517578125,532.1305541992188,0.9446442127227783],[1429.06787109375,615.0390625,0.9735692143440247],[1398.45703125,585.3145751953125,0.644177258014679],[1363.5556640625,610.23876953125,0.9525625705718994],[1340.6495361328125,584.7035522460938,0.6887581944465637],[1432.11767578125,661.0660400390625,0.9855512380599976],[1419.989990234375,647.4757690429688,0.9661191701889038],[1308.1541748046875,644.8331909179688,0.9825513958930969],[1304.3165283203125,632.8117065429688,0.9422584772109985],[1281.3369140625,756.299072265625,0.9596628546714783],[1284.322509765625,741.2153930664062,0.9073503017425537]]",GEOM_UPRIGHT_OR_LIMB_SUPPORTED,"{""torso_angle"": 98.941894610739, ""shoulder_hip_dy"": 0.33549125966607407, ""y_band_ratio"": 0.6441904281486741, ""kp_mean_conf"": 0.8581378255039454, ""visible"": 16, ""bbox_ar"": 0.7739394504913193}"
V2_ORIGINAL::IMG_003919,95d750ee89b98302502ce9d5dd13c9cfd0bb861ce62ff17fb6bb95ba2852da1f,2,0.6621810793876648,1066.4613037109375,366.7176818847656,1155.169677734375,498.8573913574219,0.0056529218611346245,background,[],GEOM_UNCERTAIN,null
V2_ORIGINAL::IMG_003920,1d98c7785efcb98a45f71e366224ff1f43a9e4607bd7f11ac5a840e3fedbe349,0,0.8948226571083069,1056.7838134765625,337.5754089355469,1403.720703125,852.0390014648438,0.08607561662301089,primary,"[[1257.5411376953125,407.69329833984375,0.8522753715515137],[1265.68408203125,397.1272888183594,0.8575811982154846],[1264.76904296875,395.14837646484375,0.28710028529167175],[1306.8643798828125,401.0669860839844,0.9290496110916138],[1297.703125,398.0970153808594,0.09328218549489975],[1361.960693359375,474.67523193359375,0.9974164962768555],[1278.7696533203125,459.60858154296875,0.9813699722290039],[1345.2508544921875,581.0781860351562,0.9947256445884705],[1225.0523681640625,536.5014038085938,0.914017915725708],[1244.2723388671875,612.7639770507812,0.9900760054588318],[1186.2960205078125,575.5848999023438,0.9085336923599243],[1324.08837890625,625.2572631835938,0.9991193413734436],[1264.4273681640625,607.1412963867188,0.9974088072776794],[1246.5552978515625,651.8635864257812,0.9982677698135376],[1136.218017578125,630.0498657226562,0.9948875308036804],[1249.0765380859375,811.4810180664062,0.9901548624038696],[1142.467529296875,782.603759765625,0.9819324016571045]]",GEOM_UPRIGHT_OR_LIMB_SUPPORTED,"{""torso_angle"": 99.93454732650369, ""shoulder_hip_dy"": 0.28973356951082346, ""y_band_ratio"": 0.6839598401774166, ""kp_mean_conf"": 0.9171198066323996, ""visible"": 16, ""bbox_ar"": 0.6743662616488856}"
V2_ORIGINAL::IMG_003920,1d98c7785efcb98a45f71e366224ff1f43a9e4607bd7f11ac5a840e3fedbe349,1,0.89258873462677,886.677978515625,335.2503356933594,1244.813232421875,732.6082763671875,0.06862841771551219,primary,"[[1108.9053955078125,389.66778564453125,0.8827868700027466],[1119.10546875,379.5806579589844,0.8883116841316223],[1109.2635498046875,378.041015625,0.4644779860973358],[1150.566650390625,385.4215393066406,0.8934550285339355],[1127.5594482421875,381.5538330078125,0.16988441348075867],[1179.22021484375,441.8090515136719,0.992919385433197],[1121.40478515625,424.0647888183594,0.9540935754776001],[1189.633056640625,521.8751220703125,0.986061692237854],[1082.754638671875,488.9676818847656,0.8068374395370483],[1147.2608642578125,529.5704956054688,0.9804915189743042],[1050.711181640625,515.4130249023438,0.8319559693336487],[1112.1522216796875,566.7318725585938,0.993164598941803],[1076.29248046875,549.0550537109375,0.9794019460678101],[1011.057373046875,564.63720703125,0.9886899590492249],[969.8943481445312,546.8934326171875,0.9656063914299011],[975.4812622070312,691.4793090820312,0.9660100340843201],[949.459228515625,675.1624145507812,0.9340701103210449]]",GEOM_UPRIGHT_OR_LIMB_SUPPORTED,"{""torso_angle"": 114.17422676123901, ""shoulder_hip_dy"": 0.31446846829549274, ""y_band_ratio"": 0.6729814429030865, ""kp_mean_conf"": 0.9067708868533373, ""visible"": 16, ""bbox_ar"": 0.9012912974607594}"
V2_ORIGINAL::IMG_003920,1d98c7785efcb98a45f71e366224ff1f43a9e4607bd7f11ac5a840e3fedbe349,2,0.7822059392929077,95.66999816894531,288.63922119140625,148.78074645996094,406.626708984375,0.00302199255674269,background,[],GEOM_UNCERTAIN,null
V2_ORIGINAL::IMG_003920,1d98c7785efcb98a45f71e366224ff1f43a9e4607bd7f11ac5a840e3fedbe349,3,0.5722736716270447,469.3971252441406,331.2161865234375,600.4447631835938,534.5369262695312,0.012849490107941682,primary,"[[524.267822265625,367.92144775390625,0.8537663817405701],[529.2188110351562,361.6894226074219,0.9048479199409485],[522.9464111328125,361.9891662597656,0.5611534118652344],[543.6220092773438,360.7763671875,0.9170641899108887],[527.6929321289062,361.5533142089844,0.1195945143699646],[563.7915649414062,386.2763671875,0.9832778573036194],[535.1449584960938,384.9633483886719,0.9572606086730957],[563.6107788085938,428.2352600097656,0.9320566654205322],[524.9208374023438,419.929443359375,0.6411387324333191],[524.343505859375,419.62274169921875,0.8964968323707581],[515.5182495117188,412.63970947265625,0.6434819102287292],[563.0411376953125,455.767822265625,0.9628538489341736],[542.7764282226562,452.0071105957031,0.9416260123252869],[521.3164672851562,457.9826965332031,0.9418172240257263],[504.7511901855469,454.0423278808594,0.8898172378540039],[518.878662109375,518.2256469726562,0.8832795023918152],[508.7738342285156,513.3973999023438,0.8167322278022766]]",GEOM_UPRIGHT_OR_LIMB_SUPPORTED,"{""torso_angle"": 87.11487323713237, ""shoulder_hip_dy"": 0.33576313330273383, ""y_band_ratio"": 0.6554289481260096, ""kp_mean_conf"": 0.8579169102013111, ""visible"": 16, ""bbox_ar"": 0.6445364998332437}"
V2_ORIGINAL::IMG_003920,1d98c7785efcb98a45f71e366224ff1f43a9e4607bd7f11ac5a840e3fedbe349,4,0.49997615814208984,492.2936096191406,333.44091796875,667.9735717773438,561.4114379882812,0.019314164896902554,primary,"[[607.6713256835938,363.49853515625,0.7802808284759521],[612.5924072265625,358.0960998535156,0.8286187648773193],[607.9859008789062,357.9188537597656,0.3368924558162689],[628.1636352539062,363.4964904785156,0.8731063008308411],[618.025146484375,363.54730224609375,0.10476435720920563],[639.2534790039062,397.3280029296875,0.9841467142105103],[623.1063232421875,392.0928039550781,0.9375874400138855],[614.4378662109375,442.40643310546875,0.9523563385009766],[596.2772216796875,427.93572998046875,0.5732902884483337],[567.5177612304688,451.4973449707031,0.9100509881973267],[566.971435546875,440.72186279296875,0.5803964138031006],[618.92236328125,469.20501708984375,0.9707340598106384],[608.0607299804688,461.9855651855469,0.9363261461257935],[546.24609375,472.693359375,0.9532305598258972],[539.7503051757812,466.6736755371094,0.8738507628440857],[534.5789794921875,533.78857421875,0.9117587208747864],[533.5014038085938,526.2919921875,0.8254123330116272]]",GEOM_UPRIGHT_OR_LIMB_SUPPORTED,"{""torso_angle"": 104.01123695340503, ""shoulder_hip_dy"": 0.3109388340617001, ""y_band_ratio"": 0.621553042259728, ""kp_mean_conf"": 0.826752444729209, ""visible"": 16, ""bbox_ar"": 0.7706257903133784}"
V2_ORIGINAL::IMG_003921,970f4760193d0f57e0b8a9307c58746c25e11ef6272e39ffb938b3e6b0100fc4,0,0.915979266166687,1277.48828125,361.0432434082031,1889.3653564453125,920.0185546875,0.16494221574651116,primary,"[[1715.1669921875,468.7773742675781,0.9240422248840332],[1733.1884765625,454.582763671875,0.9370999932289124],[1724.9774169921875,452.0953063964844,0.40653952956199646],[1792.0994873046875,462.18218994140625,0.944118082523346],[1767.8309326171875,453.295654296875,0.08251431584358215],[1827.05712890625,556.2630615234375,0.996457040309906],[1752.1414794921875,511.7888488769531,0.9591078162193298],[1747.447998046875,672.14501953125,0.9920152425765991],[1670.7593994140625,577.7697143554688,0.789305567741394],[1604.8341064453125,630.0234375,0.9892850518226624],[1597.1689453125,605.866943359375,0.8407291769981384],[1671.11279296875,702.7650756835938,0.9952865839004517],[1625.3226318359375,661.6541748046875,0.9821282625198364],[1480.5023193359375,683.1226196289062,0.9931594133377075],[1453.0548095703125,641.625,0.973339319229126],[1383.44921875,858.753173828125,0.9658132791519165],[1418.4071044921875,833.2249145507812,0.9245584011077881]]",GEOM_UPRIGHT_OR_LIMB_SUPPORTED,"{""torso_angle"": 133.6543319772169, ""shoulder_hip_dy"": 0.2650987745859567, ""y_band_ratio"": 0.6207149366885153, ""kp_mean_conf"": 0.9133115615695715, ""visible"": 16, ""bbox_ar"": 1.0946406090725942}"
V2_ORIGINAL::IMG_003921,970f4760193d0f57e0b8a9307c58746c25e11ef6272e39ffb938b3e6b0100fc4,1,0.9126166701316833,24.85052490234375,310.2541809082031,507.47381591796875,894.45849609375,0.13597155151445703,primary,"[[281.80059814453125,424.4400329589844,0.7070841789245605],[275.2646789550781,403.94769287109375,0.09555486589670181],[281.2867126464844,405.0102844238281,0.7842264771461487],[211.31858825683594,381.7373046875,0.058945879340171814],[243.8759307861328,387.26165771484375,0.9391693472862244],[146.5316619873047,419.52410888671875,0.9558783769607544],[176.78244018554688,458.9533996582031,0.9956340193748474],[182.480712890625,537.0204467773438,0.7952589988708496],[209.71807861328125,613.4717407226562,0.9898640513420105],[272.5403137207031,545.4318237304688,0.7954867482185364],[290.6188049316406,564.0839233398438,0.9773666262626648],[127.33399200439453,650.66650390625,0.9840465188026428],[148.3045196533203,685.7210083007812,0.9945805668830872],[371.0660095214844,600.5438842773438,0.9735562801361084],[376.49945068359375,642.7456665039062,0.9920437932014465],[387.29278564453125,792.6968994140625,0.9373878836631775],[407.5451965332031,820.929443359375,0.9681141972541809]]",GEOM_UPRIGHT_OR_LIMB_SUPPORTED,"{""torso_angle"": 95.94397048964913, ""shoulder_hip_dy"": 0.39190912473547407, ""y_band_ratio"": 0.6870975171506007, ""kp_mean_conf"": 0.9193132042884826, ""visible"": 15, ""bbox_ar"": 0.8261207226145546}"
V2_ORIGINAL::IMG_003921,970f4760193d0f57e0b8a9307c58746c25e11ef6272e39ffb938b3e6b0100fc4,2,0.8858480453491211,1202.064208984375,267.7731628417969,1430.1993408203125,652.8961181640625,0.042370792913527654,primary,"[[1322.087890625,336.6545104980469,0.843904972076416],[1331.173583984375,326.5580139160156,0.8981513381004333],[1322.3162841796875,326.82763671875,0.27011120319366455],[1360.480712890625,320.3143615722656,0.9268288016319275],[1337.306396484375,321.5931091308594,0.03528423234820366],[1388.7137451171875,355.8402099609375,0.9889529943466187],[1356.758056640625,349.88629150390625,0.9333854913711548],[1382.8857421875,438.6037902832031,0.976686954498291],[1349.3106689453125,422.771484375,0.5730400085449219],[1305.654052734375,417.10198974609375,0.9566615223884583],[1310.3563232421875,414.4747009277344,0.6294664740562439],[1368.7694091796875,495.70697021484375,0.9868372678756714],[1346.84033203125,484.50067138671875,0.9646098613739014],[1245.9049072265625,512.3215942382812,0.9822100400924683],[1234.412841796875,501.74371337890625,0.9325217008590698],[1253.3232421875,635.603515625,0.9497239589691162],[1253.303955078125,622.0216064453125,0.8731383085250854]]",GEOM_UPRIGHT_OR_LIMB_SUPPORTED,"{""torso_angle"": 96.20904984204854, ""shoulder_hip_dy"": 0.3563552059718651, ""y_band_ratio"": 0.7418857281098954, ""kp_mean_conf"": 0.8553894311189651, ""visible"": 16, ""bbox_ar"": 0.5923696021833784}"
V2_ORIGINAL::IMG_003921,970f4760193d0f57e0b8a9307c58746c25e11ef6272e39ffb938b3e6b0100fc4,3,0.7754258513450623,657.8221435546875,276.6075744628906,845.1287841796875,561.313232421875,0.02571723589854729,primary,"[[761.4700317382812,320.1164855957031,0.9682167768478394],[768.5076293945312,311.65142822265625,0.9383507370948792],[754.4613647460938,312.6204528808594,0.9374388456344604],[783.5707397460938,311.6119079589844,0.7404084205627441],[743.5569458007812,313.856689453125,0.7181177735328674],[810.3136596679688,342.63665771484375,0.9946916699409485],[724.6275024414062,343.88262939453125,0.9957757592201233],[827.6940307617188,392.6263122558594,0.9529220461845398],[696.6669921875,392.87457275390625,0.9624234437942505],[793.87353515625,394.1473693847656,0.9176592826843262],[719.3399047851562,396.3441467285156,0.9261443614959717],[787.4000244140625,435.5693054199219,0.986316978931427],[730.0307006835938,434.5830993652344,0.9871195554733276],[785.1976318359375,426.8109130859375,0.9474090337753296],[708.8177490234375,425.47540283203125,0.9472163915634155],[766.4404907226562,521.0742797851562,0.8592265248298645],[706.2149658203125,520.5787963867188,0.8596888184547424]]",GEOM_UPRIGHT_OR_LIMB_SUPPORTED,"{""torso_angle"": 95.4470011518124, ""shoulder_hip_dy"": 0.3224964319153714, ""y_band_ratio"": 0.626744207858415, ""kp_mean_conf"": 0.9199486129424151, ""visible"": 17, ""bbox_ar"": 0.6578957438632428}"
V2_ORIGINAL::IMG_003921,970f4760193d0f57e0b8a9307c58746c25e11ef6272e39ffb938b3e6b0100fc4,4,0.7196455001831055,969.6265869140625,277.32366943359375,1133.2613525390625,481.5506286621094,0.016116237754467876,primary,"[[1046.7509765625,329.0921630859375,0.963517427444458],[1054.8636474609375,320.4115905761719,0.9223543405532837],[1039.8212890625,320.4851989746094,0.9421327710151672],[1069.788330078125,317.8179931640625,0.6705297827720642],[1027.9759521484375,317.7197570800781,0.771812379360199],[1093.988037109375,347.8572082519531,0.9900240898132324],[1006.5018920898438,346.78631591796875,0.9941779375076294],[1114.392578125,402.94921875,0.9095456600189209],[986.40966796875,399.403564453125,0.9573231339454651],[1077.3975830078125,406.4314270019531,0.8515611290931702],[1014.1673583984375,403.9956970214844,0.908031165599823],[1077.9266357421875,447.023193359375,0.9570222496986389],[1019.7249755859375,445.99566650390625,0.9659223556518555],[1082.3880615234375,444.0318603515625,0.7589907050132751],[1004.7412719726562,442.2110595703125,0.795795738697052],[1074.08642578125,504.0440368652344,0.4863469898700714],[1012.7374877929688,501.8266296386719,0.527542769908905]]",GEOM_UPRIGHT_OR_LIMB_SUPPORTED,"{""torso_angle"": 90.81972155779506, ""shoulder_hip_dy"": 0.4856737240830955, ""y_band_ratio"": 0.7700145051432964, ""kp_mean_conf"": 0.8454488603507772, ""visible"": 17, ""bbox_ar"": 0.801239788533032}"
V2_ORIGINAL::IMG_003922,9f097226ab0671e7a218fd1c82a58aebe647087f9a516133b29a28046bfc2abc,0,0.8919888138771057,966.53759765625,26.922271728515625,1298.346435546875,921.9349975585938,0.1432162097101653,primary,"[[1191.4788818359375,148.7918701171875,0.9250365495681763],[1188.6824951171875,131.6686248779297,0.3168793022632599],[1190.8248291015625,126.86579132080078,0.9497799873352051],[1146.7523193359375,107.41786193847656,0.037921737879514694],[1147.2264404296875,96.45602416992188,0.9411983489990234],[1089.100341796875,162.9557647705078,0.9189773201942444],[1085.9033203125,167.3269500732422,0.9942037463188171],[1100.4246826171875,300.0346984863281,0.582676887512207],[1126.175537109375,321.982666015625,0.9863126873970032],[1215.052734375,378.2040100097656,0.6163955330848694],[1238.9766845703125,388.8739318847656,0.9650640487670898],[1058.4385986328125,448.8851623535156,0.9872411489486694],[1052.533203125,456.4166564941406,0.9967761635780334],[1088.497314453125,656.9158325195312,0.970479428768158],[1069.3658447265625,667.63134765625,0.9919508695602417],[1069.982666015625,863.0003051757812,0.8827826976776123],[1047.3221435546875,864.435791015625,0.9397193789482117]]",GEOM_UPRIGHT_OR_LIMB_SUPPORTED,"{""torso_angle"": 96.35405461042672, ""shoulder_hip_dy"": 0.3212351553273199, ""y_band_ratio"": 0.783765421429657, ""kp_mean_conf"": 0.8728421311825514, ""visible"": 16, ""bbox_ar"": 0.370730860371722}"
V2_ORIGINAL::IMG_003923,61f62d3713f09e213c5c6907ba0a919c642e6906a6f69bf8da0bb3a5166322fb,0,0.88946133852005,498.9700012207031,47.11212158203125,850.583740234375,962.830810546875,0.15527549773901733,primary,"[[690.21728515625,127.15381622314453,0.7122155427932739],[697.5942993164062,113.24613189697266,0.8190034031867981],[702.0933837890625,110.82156372070312,0.10264766961336136],[731.6508178710938,126.2519760131836,0.9601117968559265],[768.280517578125,116.43104553222656,0.1147657036781311],[724.380126953125,219.21328735351562,0.9976199269294739],[781.535888671875,200.9238739013672,0.9383144378662109],[599.4676513671875,271.27685546875,0.9949617385864258],[688.9207763671875,242.2176971435547,0.5786427855491638],[506.74615478515625,206.93197631835938,0.9793369770050049],[590.8209228515625,186.86769104003906,0.5826492309570312],[759.7835083007812,496.0826416015625,0.998332679271698],[796.4140014648438,492.4421081542969,0.9891873002052307],[760.6504516601562,691.0909423828125,0.9945690631866455],[800.3507690429688,688.6851196289062,0.9678686857223511],[774.8211059570312,903.1192016601562,0.9470868706703186],[808.3546752929688,893.7991943359375,0.8568838238716125]]",GEOM_UPRIGHT_OR_LIMB_SUPPORTED,"{""torso_angle"": 84.94458109752581, ""shoulder_hip_dy"": 0.31035054506941384, ""y_band_ratio"": 0.7668242837247016, ""kp_mean_conf"": 0.8877856175104777, ""visible"": 15, ""bbox_ar"": 0.38397571574207656}"
V2_ORIGINAL::IMG_003924,8365c94dd5b4f02db8356dede98e882f3d6565b8fda4260e81a214c9e1c314b3,0,0.8950909376144409,1058.9959716796875,183.66293334960938,1324.16455078125,924.7147216796875,0.09476449158572467,primary,"[[1190.22216796875,256.8805847167969,0.16061563789844513],[1190.71435546875,240.762451171875,0.1644468754529953],[1197.27099609375,240.20297241210938,0.026966264471411705],[1186.272705078125,249.19017028808594,0.9043761491775513],[1251.203369140625,248.1107940673828,0.39599838852882385],[1165.6571044921875,333.9647521972656,0.9951672554016113],[1295.3675537109375,330.16558837890625,0.9759033918380737],[1112.056640625,450.83807373046875,0.9667419195175171],[1304.80224609375,453.0531005859375,0.7025219202041626],[1082.43408203125,448.69940185546875,0.8388352394104004],[1228.845458984375,458.0552673339844,0.45424506068229675],[1172.830810546875,555.4658203125,0.9977073669433594],[1263.1356201171875,553.2872924804688,0.9940604567527771],[1151.60791015625,697.2881469726562,0.9917324781417847],[1250.1029052734375,698.9116821289062,0.9795600175857544],[1158.7470703125,848.936279296875,0.9549068212509155],[1248.5325927734375,850.3185424804688,0.9235005378723145]]",GEOM_UPRIGHT_OR_LIMB_SUPPORTED,"{""torso_angle"": 93.22568606704056, ""shoulder_hip_dy"": 0.2999943993244597, ""y_band_ratio"": 0.7019117452961018, ""kp_mean_conf"": 0.8625183573790959, ""visible"": 14, ""bbox_ar"": 0.3578273249958767}"
V2_ORIGINAL::IMG_003925,94101fe845662bffc2c777c22fbd05325f40c7430b920dcefbfe616b2d8f8bbb,0,0.9219021797180176,529.4843139648438,31.5552978515625,901.853271484375,983.1304321289062,0.1708801315356686,primary,"[[651.5643310546875,160.8822021484375,0.4735252559185028],[651.17431640625,138.8656005859375,0.6499723196029663],[657.6888427734375,132.79302978515625,0.04058046638965607],[680.3899536132812,123.48282623291016,0.9758384823799133],[741.0031127929688,111.36373901367188,0.15484878420829773],[697.6143188476562,221.0947723388672,0.9980125427246094],[825.3633422851562,189.544921875,0.9607958793640137],[627.7687377929688,366.54052734375,0.9886816740036011],[778.8583374023438,320.68487548828125,0.5398572087287903],[587.376953125,311.9883728027344,0.9400694370269775],[636.0011596679688,292.1024475097656,0.42681360244750977],[758.1090087890625,521.1652221679688,0.9987668991088867],[849.7051391601562,507.03436279296875,0.994244396686554],[717.2506713867188,719.1907348632812,0.9964094758033752],[830.7700805664062,700.1195068359375,0.9849894046783447],[716.5131225585938,935.4013061523438,0.9723325967788696],[811.0491943359375,917.1353759765625,0.9378565549850464]]",GEOM_UPRIGHT_OR_LIMB_SUPPORTED,"{""torso_angle"": 82.17802582390034, ""shoulder_hip_dy"": 0.3244934995154454, ""y_band_ratio"": 0.7838123942191603, ""kp_mean_conf"": 0.8558777153491974, ""visible"": 15, ""bbox_ar"": 0.3913185035066306}"
V2_ORIGINAL::IMG_003926,d9d6cd153d044702ab5b5c7c742b8b9f0bfe1e6fbcc1876b64efb6da24f28b90,0,0.9243488311767578,798.4389038085938,4.07208251953125,1180.996337890625,963.8734130859375,0.17707327076099721,primary,"[[910.998779296875,40.379493713378906,0.9035439491271973],[920.0802612304688,17.598472595214844,0.9498065710067749],[907.6792602539062,20.95671844482422,0.23831331729888916],[982.1427612304688,1.3148345947265625,0.9707759618759155],[965.29638671875,9.747940063476562,0.042507391422986984],[1032.166015625,91.93006896972656,0.9980059266090393],[1043.8179931640625,91.95357513427734,0.9283665418624878],[994.3602905273438,260.889404296875,0.9961691498756409],[1012.3244018554688,255.9158935546875,0.5891400575637817],[875.5881958007812,240.478271484375,0.9893772602081299],[902.5346069335938,236.0869598388672,0.6796016097068787],[1063.9599609375,409.10247802734375,0.9993913173675537],[1072.0804443359375,403.184326171875,0.9959920048713684],[1053.7926025390625,650.654296875,0.9991775155067444],[1103.503173828125,638.4143676757812,0.9953967928886414],[1083.958740234375,893.4140625,0.992699921131134],[1103.8223876953125,880.2366943359375,0.980262041091919]]",GEOM_UPRIGHT_OR_LIMB_SUPPORTED,"{""torso_angle"": 84.54083120517825, ""shoulder_hip_dy"": 0.3273610590456132, ""y_band_ratio"": 0.8350519717005339, ""kp_mean_conf"": 0.887876246124506, ""visible"": 16, ""bbox_ar"": 0.3985798121953771}"
V2_ORIGINAL::IMG_003927,7f8500c8ea49da59bce9fd30b27e3b866415ba174fea8fd967d9cf75d7b91772,0,0.9219695329666138,739.0821533203125,192.09500122070312,1021.8070678710938,895.2095947265625,0.09586613299013859,primary,"[[957.7050170898438,288.6799011230469,0.6988688707351685],[950.7715454101562,272.8393249511719,0.15098921954631805],[956.1867065429688,273.2620544433594,0.7672237157821655],[900.2994384765625,245.85108947753906,0.13742761313915253],[930.2666015625,254.27963256835938,0.9068150520324707],[834.8140869140625,286.6224060058594,0.906194806098938],[900.095458984375,306.17156982421875,0.9949793219566345],[832.552001953125,390.26715087890625,0.5450405478477478],[916.0830688476562,431.2824401855469,0.9859404563903809],[935.1214599609375,476.16046142578125,0.5460239052772522],[992.1322631835938,518.5375366210938,0.9517220854759216],[771.192138671875,507.2527770996094,0.9834632277488708],[816.8617553710938,515.5906372070312,0.9961689114570618],[781.773193359375,677.5134887695312,0.9750636219978333],[836.2884521484375,690.1975708007812,0.993913471698761],[775.5393676757812,826.4696044921875,0.9356255531311035],[812.1724243164062,846.6260986328125,0.9719735383987427]]",GEOM_UPRIGHT_OR_LIMB_SUPPORTED,"{""torso_angle"": 108.85429253661451, ""shoulder_hip_dy"": 0.3058174602323758, ""y_band_ratio"": 0.7964614840870692, ""kp_mean_conf"": 0.8772678057352702, ""visible"": 15, ""bbox_ar"": 0.40210360752301066}"
V2_ORIGINAL::IMG_003928,95620c5fac3a9c5da240bf74298f8edcb95bdd361a43e836056f69e8d81ad366,0,0.9154067635536194,953.641845703125,5.902862548828125,1264.28515625,1004.2116088867188,0.14955533078236055,primary,"[[1137.0394287109375,126.14437866210938,0.8973106145858765],[1130.78759765625,106.35452270507812,0.14908508956432343],[1133.282470703125,103.18295288085938,0.9585924744606018],[1075.6356201171875,93.2538070678711,0.013675758615136147],[1082.70751953125,82.71432495117188,0.9862392544746399],[1025.740966796875,171.2738800048828,0.928238570690155],[1030.027587890625,166.52903747558594,0.9969538450241089],[1057.9083251953125,314.68060302734375,0.43347373604774475],[1072.85986328125,321.0945129394531,0.9888153672218323],[1177.6553955078125,295.4153137207031,0.41834691166877747],[1202.1572265625,307.49560546875,0.9587448239326477],[1041.6953125,464.4346618652344,0.9889567494392395],[1042.881591796875,470.3236083984375,0.9977902173995972],[1036.5592041015625,684.6581420898438,0.9857644438743591],[1049.1944580078125,690.6817626953125,0.9967966675758362],[1020.5923461914062,918.2525024414062,0.9464730024337769],[1026.9765625,919.374267578125,0.9749378561973572]]",GEOM_UPRIGHT_OR_LIMB_SUPPORTED,"{""torso_angle"": 87.23711788103645, ""shoulder_hip_dy"": 0.29898333304852953, ""y_band_ratio"": 0.7541206393955892, ""kp_mean_conf"": 0.8971623023351033, ""visible"": 15, ""bbox_ar"": 0.31116957723390887}"
V2_ORIGINAL::IMG_003929,8a82f11e4ece013b8e4753087d1d7fb186f0f67158d1f4e39aa438f5308286fa,0,0.8713507652282715,1017.5654907226562,242.12344360351562,1194.8302001953125,702.2177124023438,0.03933182720324965,primary,"[[1133.58251953125,300.3631896972656,0.8831451535224915],[1134.4598388671875,291.41094970703125,0.42936620116233826],[1128.494384765625,291.3553161621094,0.9010589122772217],[1127.72314453125,291.2118225097656,0.09246868640184402],[1101.1641845703125,289.6613464355469,0.8748452067375183],[1126.758544921875,331.3466796875,0.9868612885475159],[1055.8145751953125,333.03314208984375,0.9974053502082825],[1149.5250244140625,389.2837829589844,0.9187248945236206],[1032.078369140625,399.8816833496094,0.9946650266647339],[1179.7242431640625,430.7981262207031,0.9081370234489441],[1087.797119140625,446.23492431640625,0.9858437776565552],[1102.793701171875,462.16168212890625,0.9972589015960693],[1056.725830078125,465.4344482421875,0.9987673759460449],[1101.560302734375,565.278076171875,0.9860323667526245],[1062.548583984375,568.453125,0.9941244721412659],[1082.838134765625,655.0332641601562,0.9340358972549438],[1055.590576171875,664.0433959960938,0.9635406732559204]]",GEOM_UPRIGHT_OR_LIMB_SUPPORTED,"{""torso_angle"": 95.00543200696377, ""shoulder_hip_dy"": 0.2860460632132312, ""y_band_ratio"": 0.7231055435164794, ""kp_mean_conf"": 0.9221132826060057, ""visible"": 16, ""bbox_ar"": 0.38527910798681037}"
V2_ORIGINAL::IMG_003930,f7ba24ba75b052e04cf3929eaeb01599b85303454742cecd2d9ad35189a11a83,0,0.8934208750724792,898.8880004882812,194.4249267578125,1126.42529296875,826.9755859375,0.06941013905598084,primary,"[[1074.8900146484375,262.8902282714844,0.3107604384422302],[1068.643798828125,248.53538513183594,0.05063343420624733],[1075.4454345703125,248.079345703125,0.32941919565200806],[1012.4273681640625,246.53851318359375,0.33781149983406067],[1070.205078125,250.35379028320312,0.9330613613128662],[963.3883666992188,305.72589111328125,0.974937379360199],[1073.6663818359375,319.83746337890625,0.9975621700286865],[944.63818359375,394.6758728027344,0.7251164317131042],[1086.5313720703125,425.25469970703125,0.985077977180481],[1002.98583984375,470.1061706542969,0.5303546190261841],[1107.80615234375,505.0415954589844,0.9172274470329285],[958.721435546875,500.626953125,0.9947527647018433],[1036.465576171875,506.6805725097656,0.9984532594680786],[959.0137939453125,632.7271118164062,0.9867842197418213],[1043.4549560546875,639.1622314453125,0.9960684776306152],[930.7974243164062,747.3151245117188,0.959021806716919],[1005.182373046875,756.204345703125,0.980530858039856]]",GEOM_UPRIGHT_OR_LIMB_SUPPORTED,"{""torso_angle"": 96.25889115431599, ""shoulder_hip_dy"": 0.30174988011050097, ""y_band_ratio"": 0.7121618609551985, ""kp_mean_conf"": 0.8098087441176176, ""visible"": 16, ""bbox_ar"": 0.35971394413776536}"
V2_ORIGINAL::IMG_003931,0b26abc51c7b63fab900a8c777f2c37a368a32a632a96741f4b20d82482e6d7c,0,0.8773593306541443,549.8142700195312,0.0,803.1388549804688,382.5535888671875,0.046735257101223664,primary,"[[713.8350830078125,68.98345184326172,0.8493577837944031],[709.0531005859375,53.64337921142578,0.20464326441287994],[713.3726806640625,51.55817413330078,0.8937146067619324],[664.4315185546875,43.836387634277344,0.055377401411533356],[682.4459838867188,37.32590103149414,0.9685938954353333],[627.0180053710938,97.40830993652344,0.9534348845481873],[638.3212280273438,96.22584533691406,0.9914190769195557],[648.7120971679688,200.7686004638672,0.6830191016197205],[663.2059326171875,212.41751098632812,0.9669415950775146],[735.6651000976562,247.0059356689453,0.5935331583023071],[748.9682006835938,259.22137451171875,0.9124429225921631],[621.726806640625,313.6085205078125,0.9331856966018677],[629.6414794921875,318.7093811035156,0.9705571532249451],[629.4466552734375,468.9299011230469,0.6201444864273071],[656.0460205078125,476.5950927734375,0.7825648784637451],[617.7793579101562,592.7034301757812,0.20084834098815918],[654.9686889648438,599.4075317382812,0.26151832938194275]]",GEOM_UPRIGHT_OR_LIMB_SUPPORTED,"{""torso_angle"": 91.8241064443998, ""shoulder_hip_dy"": 0.5733624766623089, ""y_band_ratio"": 1.3153233979359127, ""kp_mean_conf"": 0.7366199484094977, ""visible"": 16, ""bbox_ar"": 0.6621937222209281}"
V2_ORIGINAL::IMG_003932,0d5585e07f3b9fedc834975e2be54f134752f0ccb301ee4e02cd2c06106f94c8,0,0.9064850211143494,607.9552001953125,148.68594360351562,833.5440673828125,871.1168212890625,0.07859392521139752,primary,"[[691.6023559570312,223.05482482910156,0.12938693165779114],[691.2575073242188,207.10166931152344,0.08670805394649506],[698.5850830078125,205.11428833007812,0.028350239619612694],[679.7667846679688,212.97349548339844,0.8820084929466248],[745.288330078125,212.55130004882812,0.5244407653808594],[665.6572265625,289.9463806152344,0.9961323738098145],[775.735107421875,286.8372802734375,0.9944374561309814],[643.7493896484375,403.4431457519531,0.9721973538398743],[805.40625,378.64654541015625,0.9472349882125854],[627.5389404296875,504.7729187011719,0.8862181901931763],[799.056396484375,366.8910827636719,0.8266432881355286],[679.9306030273438,501.42108154296875,0.9994077682495117],[756.3336181640625,498.5162658691406,0.9992725253105164],[673.5413208007812,661.1161499023438,0.9968193769454956],[754.9017333984375,665.71142578125,0.9962852001190186],[681.8206176757812,837.2130126953125,0.9778826832771301],[761.2479248046875,828.3394775390625,0.9766840934753418]]",GEOM_UPRIGHT_OR_LIMB_SUPPORTED,"{""torso_angle"": 90.69432181873816, ""shoulder_hip_dy"": 0.2928679404451093, ""y_band_ratio"": 0.7618386054941543, ""kp_mean_conf"": 0.9268331825733185, ""visible"": 14, ""bbox_ar"": 0.3122636007893509}"
V2_ORIGINAL::IMG_003932,0d5585e07f3b9fedc834975e2be54f134752f0ccb301ee4e02cd2c06106f94c8,1,0.8917682766914368,1151.3843994140625,197.76719665527344,1355.345703125,627.7233276367188,0.04229090133752227,primary,"[[1232.698974609375,269.0538024902344,0.8466681838035583],[1236.5799560546875,258.0264587402344,0.842128336429596],[1230.7569580078125,259.0179443359375,0.3672521710395813],[1260.6812744140625,248.209716796875,0.9176157116889954],[1250.1851806640625,253.38621520996094,0.2040366530418396],[1304.8648681640625,288.2947998046875,0.9976330995559692],[1257.02490234375,290.4368591308594,0.9715103507041931],[1321.1280517578125,359.5741882324219,0.9943158030509949],[1225.306640625,344.55029296875,0.8306120038032532],[1254.924560546875,388.7479553222656,0.9854565262794495],[1186.37744140625,364.2633361816406,0.8209539651870728],[1306.4923095703125,422.6241149902344,0.9985080361366272],[1275.4658203125,421.61187744140625,0.9940183162689209],[1307.5081787109375,517.3939819335938,0.9957547187805176],[1271.5264892578125,514.758056640625,0.9844195246696472],[1341.2315673828125,607.0008544921875,0.9768688082695007],[1300.4671630859375,600.9039916992188,0.9498683214187622]]",GEOM_UPRIGHT_OR_LIMB_SUPPORTED,"{""torso_angle"": 85.67747159325536, ""shoulder_hip_dy"": 0.3087574689190227, ""y_band_ratio"": 0.7412524946673076, ""kp_mean_conf"": 0.8633894429487341, ""visible"": 17, ""bbox_ar"": 0.47437700968552865}"
V2_ORIGINAL::IMG_003932,0d5585e07f3b9fedc834975e2be54f134752f0ccb301ee4e02cd2c06106f94c8,2,0.8507128357887268,1753.34619140625,201.85528564453125,1836.447509765625,471.1739807128906,0.010793180275369971,primary,"[[1796.0263671875,229.46690368652344,0.14180903136730194],[1795.858642578125,223.93849182128906,0.09655965119600296],[1797.415283203125,223.7046661376953,0.07946310192346573],[1786.21728515625,227.5323944091797,0.5289686918258667],[1809.0494384765625,227.67178344726562,0.4455910623073578],[1775.69873046875,256.11767578125,0.9716763496398926],[1820.3525390625,256.5015563964844,0.9726167917251587],[1764.617431640625,291.72625732421875,0.8484659194946289],[1833.4549560546875,292.07586669921875,0.8341158628463745],[1764.851806640625,313.5167541503906,0.6699509024620056],[1829.74560546875,313.5346984863281,0.6380031704902649],[1781.348876953125,326.019287109375,0.9894087314605713],[1811.6624755859375,326.1252136230469,0.9892075061798096],[1784.111572265625,378.67376708984375,0.9755902886390686],[1809.33544921875,378.9638671875,0.9731290340423584],[1788.319091796875,430.81658935546875,0.9539358019828796],[1809.489013671875,430.471435546875,0.9504485130310059]]",GEOM_UPRIGHT_OR_LIMB_SUPPORTED,"{""torso_angle"": 91.248138514776, ""shoulder_hip_dy"": 0.2590337602060502, ""y_band_ratio"": 0.6486698353037693, ""kp_mean_conf"": 0.8386506161519459, ""visible"": 14, ""bbox_ar"": 0.3085612691621053}"
V2_ORIGINAL::IMG_003933,c8a9bc514c15da3f2da23703dc11bb453d11c54b1bebcec486122e3fb87d5379,0,0.8751831650733948,1160.18310546875,198.9151611328125,1375.05224609375,805.4397583007812,0.0628488710269125,primary,"[[1284.0155029296875,280.61456298828125,0.5606135129928589],[1278.8656005859375,264.6159973144531,0.07328244298696518],[1281.7640380859375,263.87652587890625,0.6977566480636597],[1231.0550537109375,255.19610595703125,0.11011703312397003],[1264.1121826171875,255.24984741210938,0.9696322083473206],[1187.4205322265625,307.83062744140625,0.9496586918830872],[1248.494384765625,315.45294189453125,0.9978746175765991],[1203.844482421875,396.17352294921875,0.485114187002182],[1264.9188232421875,414.21221923828125,0.987855851650238],[1297.40478515625,376.1873474121094,0.34342092275619507],[1327.060791015625,381.5819091796875,0.9283915162086487],[1197.15771484375,506.7684631347656,0.9904115796089172],[1239.9517822265625,514.0296020507812,0.9980717897415161],[1201.3692626953125,635.3946533203125,0.9827605485916138],[1247.0987548828125,644.2374267578125,0.9962616562843323],[1203.7894287109375,763.16552734375,0.9544832706451416],[1236.41357421875,771.8427124023438,0.9814619421958923]]",GEOM_UPRIGHT_OR_LIMB_SUPPORTED,"{""torso_angle"": 89.827819635642, ""shoulder_hip_dy"": 0.32769857785299605, ""y_band_ratio"": 0.7650342411957213, ""kp_mean_conf"": 0.8549179295698802, ""visible"": 15, ""bbox_ar"": 0.35426286358093884}"
V2_ORIGINAL::IMG_003933,c8a9bc514c15da3f2da23703dc11bb453d11c54b1bebcec486122e3fb87d5379,1,0.8701911568641663,305.8916931152344,190.69052124023438,566.623046875,853.4324340820312,0.08333217405892086,primary,"[[456.10028076171875,269.4896240234375,0.390511691570282],[447.8227844238281,254.92503356933594,0.07605932652950287],[455.000244140625,256.2930603027344,0.4090574085712433],[393.88897705078125,253.01458740234375,0.3292337954044342],[448.3370666503906,261.3476257324219,0.9025972485542297],[346.17608642578125,315.7060546875,0.9521704912185669],[460.6725769042969,336.5225524902344,0.9967449903488159],[344.218505859375,404.5419616699219,0.5790671706199646],[505.9842224121094,429.1300048828125,0.9837627410888672],[432.2691955566406,398.3605041503906,0.4037453830242157],[545.7229614257812,377.4144287109375,0.9083506464958191],[346.9786682128906,523.8939208984375,0.9913839101791382],[424.1477966308594,533.6885375976562,0.9979731440544128],[349.4891357421875,661.9342041015625,0.9849233627319336],[426.2288818359375,677.46533203125,0.9964392781257629],[343.3074951171875,788.4116821289062,0.9603298306465149],[401.5984802246094,805.5824584960938,0.9841077327728271]]",GEOM_UPRIGHT_OR_LIMB_SUPPORTED,"{""torso_angle"": 95.03623518877035, ""shoulder_hip_dy"": 0.30581576588405796, ""y_band_ratio"": 0.7391661736135469, ""kp_mean_conf"": 0.7981499265879393, ""visible"": 16, ""bbox_ar"": 0.39341310502268595}"
V2_ORIGINAL::IMG_003934,8c72d44ee172f2ae89a43f5c104baaa598077ae72eecae1fac52666811ee2c15,0,0.9249890446662903,1049.7628173828125,108.25881958007812,1329.556396484375,998.1069946289062,0.12006838626249293,primary,"[[1141.883056640625,209.53610229492188,0.11172151565551758],[1143.169921875,190.06109619140625,0.07132050395011902],[1150.0970458984375,187.133056640625,0.022772660478949547],[1138.634765625,196.67807006835938,0.9326316714286804],[1219.8746337890625,190.224609375,0.7176370024681091],[1115.1328125,294.7550354003906,0.9976595640182495],[1274.61083984375,283.2869567871094,0.9978406429290771],[1075.0206298828125,425.3778381347656,0.965732991695404],[1318.513916015625,427.3173828125,0.9607487916946411],[1109.6356201171875,498.4029235839844,0.8151406049728394],[1304.8377685546875,540.8544921875,0.7863255143165588],[1143.394775390625,554.6556396484375,0.9995326995849609],[1254.41357421875,551.4127807617188,0.999517560005188],[1138.492431640625,735.39111328125,0.9978266358375549],[1262.992919921875,732.3343505859375,0.9978601336479187],[1145.77587890625,908.0587158203125,0.9848260879516602],[1274.2845458984375,908.2409057617188,0.9860007166862488]]",GEOM_UPRIGHT_OR_LIMB_SUPPORTED,"{""torso_angle"": 89.12497335938578, ""shoulder_hip_dy"": 0.29669467389405063, ""y_band_ratio"": 0.7023152561281779, ""kp_mean_conf"": 0.9385200440883636, ""visible"": 14, ""bbox_ar"": 0.31442844627535427}"
V2_ORIGINAL::IMG_003934,8c72d44ee172f2ae89a43f5c104baaa598077ae72eecae1fac52666811ee2c15,1,0.8464719653129578,781.1144409179688,260.0018615722656,878.1524658203125,548.2822265625,0.013490623667428196,primary,"[[824.99072265625,289.8998107910156,0.0997147485613823],[825.4259643554688,283.6274719238281,0.07331590354442596],[826.2749633789062,283.26959228515625,0.05145256966352463],[815.5094604492188,287.552001953125,0.5670797228813171],[840.5498657226562,287.6081848144531,0.4190089702606201],[803.4877319335938,319.610595703125,0.9767488241195679],[852.6542358398438,320.2762145996094,0.9718984365463257],[790.5225830078125,359.4298400878906,0.8915294408798218],[866.2507934570312,361.9393005371094,0.8368746638298035],[793.1284790039062,391.0872802734375,0.7294008135795593],[866.1705322265625,392.56878662109375,0.6434454917907715],[813.1356811523438,399.17205810546875,0.9941112399101257],[845.7020874023438,399.7102966308594,0.993255615234375],[817.5137329101562,460.7377014160156,0.9883670210838318],[841.990234375,461.66815185546875,0.9853101968765259],[822.3776245117188,520.697509765625,0.9758442640304565],[841.8889770507812,521.0997924804688,0.971268355846405]]",GEOM_UPRIGHT_OR_LIMB_SUPPORTED,"{""torso_angle"": 89.0286318453324, ""shoulder_hip_dy"": 0.2757654764988587, ""y_band_ratio"": 0.6989348608052764, ""kp_mean_conf"": 0.8531530754906791, ""visible"": 14, ""bbox_ar"": 0.33660990024634857}"
V2_ORIGINAL::IMG_003934,8c72d44ee172f2ae89a43f5c104baaa598077ae72eecae1fac52666811ee2c15,2,0.5895262956619263,1486.275146484375,347.667724609375,1712.1910400390625,730.2968139648438,0.04168691773811588,primary,"[[1608.8599853515625,395.4375,0.19137760996818542],[1610.6917724609375,386.57025146484375,0.2421240359544754],[1618.107177734375,385.7287902832031,0.02455049566924572],[1619.9996337890625,393.36602783203125,0.8826905488967896],[1669.50634765625,392.6689453125,0.09661619365215302],[1608.1905517578125,446.2763977050781,0.9712790846824646],[1705.036376953125,436.35333251953125,0.9179728031158447],[1559.0753173828125,515.642578125,0.8958192467689514],[1678.8260498046875,500.8004150390625,0.47826826572418213],[1525.467529296875,492.3849182128906,0.707836389541626],[1601.38330078125,489.1088562011719,0.31151244044303894],[1618.6494140625,577.0979614257812,0.9198095798492432],[1685.2398681640625,568.5756225585938,0.8594917058944702],[1525.37548828125,559.1240844726562,0.767849862575531],[1598.172119140625,552.4534301757812,0.5573885440826416],[1541.637451171875,651.276123046875,0.5615630745887756],[1612.9815673828125,639.498779296875,0.3932017982006073]]",GEOM_UPRIGHT_OR_LIMB_SUPPORTED,"{""torso_angle"": 92.03305710502268, ""shoulder_hip_dy"": 0.34373216919139354, ""y_band_ratio"": 0.5617000811134799, ""kp_mean_conf"": 0.6762005271656173, ""visible"": 14, ""bbox_ar"": 0.5904305235528182}"
V2_ORIGINAL::IMG_003935,708a9188aea6197ec36ef5ab262e62630b980f9a8a03797a477212ae97dd969d,0,0.9274559617042542,67.7896728515625,10.509246826171875,436.8745422363281,1046.55810546875,0.18440873730147156,primary,"[[308.8585510253906,121.32412719726562,0.1563785970211029],[297.6427307128906,98.96772766113281,0.034635256975889206],[310.3912353515625,96.86656951904297,0.05248189717531204],[225.1219024658203,99.35332489013672,0.6979968547821045],[318.10858154296875,103.59828186035156,0.888920247554779],[156.89599609375,208.0823516845703,0.9983532428741455],[358.7285461425781,219.7646942138672,0.9980272650718689],[102.32876586914062,378.641357421875,0.9859138131141663],[413.2196960449219,401.0208435058594,0.9763088822364807],[87.12836456298828,507.8103332519531,0.9403716921806335],[415.12408447265625,513.2969970703125,0.9110696315765381],[182.35858154296875,511.3704528808594,0.9996739625930786],[311.87884521484375,519.0545654296875,0.9995610117912292],[180.76023864746094,736.2698974609375,0.9982397556304932],[300.7820739746094,746.028076171875,0.9975074529647827],[181.30282592773438,958.424560546875,0.9767133593559265],[248.89266967773438,961.1449584960938,0.9695060849189758]]",GEOM_UPRIGHT_OR_LIMB_SUPPORTED,"{""torso_angle"": 92.0327282822561, ""shoulder_hip_dy"": 0.29080577010702063, ""y_band_ratio"": 0.7268601287763391, ""kp_mean_conf"": 0.9527259469032288, ""visible"": 14, ""bbox_ar"": 0.35624272572273985}"
V2_ORIGINAL::IMG_003935,708a9188aea6197ec36ef5ab262e62630b980f9a8a03797a477212ae97dd969d,1,0.8397971987724304,561.5628662109375,110.77391052246094,757.2621459960938,617.6128540039062,0.04783372695138328,primary,"[[640.0393676757812,166.89340209960938,0.7631263732910156],[644.8681640625,155.81968688964844,0.8437163233757019],[641.3924560546875,154.82424926757812,0.17563511431217194],[673.0857543945312,151.56629943847656,0.9500160217285156],[677.8882446289062,151.27413940429688,0.11090337485074997],[695.6994018554688,200.997314453125,0.9983713030815125],[703.24658203125,196.80601501464844,0.9163815379142761],[671.1135864257812,277.1316833496094,0.9965153932571411],[684.1748046875,269.9921569824219,0.5210515260696411],[615.34326171875,285.638427734375,0.9866914749145508],[626.3258056640625,281.2608337402344,0.5592871904373169],[701.31884765625,349.57537841796875,0.9985842704772949],[706.0852661132812,346.4794921875,0.9879277348518372],[706.3145141601562,468.9314880371094,0.9968662858009338],[710.964111328125,464.8976745605469,0.9769509434700012],[716.9774169921875,587.4716186523438,0.9812695980072021],[713.0443725585938,578.0576782226562,0.9362300634384155]]",GEOM_UPRIGHT_OR_LIMB_SUPPORTED,"{""torso_angle"": 88.37558159551288, ""shoulder_hip_dy"": 0.2942271356350638, ""y_band_ratio"": 0.770788449984205, ""kp_mean_conf"": 0.8941990693410238, ""visible"": 15, ""bbox_ar"": 0.3861172909108168}"
V2_ORIGINAL::IMG_003936,a9dec425e7a51445e33666ad77fc90f0add301fc713c1fbd6a83de6a81d2df72,0,0.8802347183227539,955.6166381835938,64.87161254882812,1314.80615234375,931.420166015625,0.1501037586400101,primary,"[[1138.6185302734375,169.5828094482422,0.5297441482543945],[1126.8798828125,150.38137817382812,0.08173666894435883],[1138.686767578125,150.5467071533203,0.6081947088241577],[1058.9251708984375,138.29518127441406,0.17723797261714935],[1115.9400634765625,144.5437774658203,0.9279241561889648],[1005.854248046875,220.64794921875,0.914603590965271],[1110.853271484375,233.2819061279297,0.9960681200027466],[1023.2215576171875,352.6313781738281,0.39442992210388184],[1161.682373046875,355.6366271972656,0.9833664894104004],[1158.885009765625,373.39508056640625,0.31428447365760803],[1254.60400390625,335.15093994140625,0.919106125831604],[1010.2892456054688,488.19708251953125,0.983700692653656],[1080.58740234375,496.6495361328125,0.9969664216041565],[999.890625,685.0250244140625,0.9557129740715027],[1065.5548095703125,699.094970703125,0.9910189509391785],[1008.9139404296875,865.9882202148438,0.8521624803543091],[1051.4691162109375,885.7868041992188,0.9403253793716431]]",GEOM_UPRIGHT_OR_LIMB_SUPPORTED,"{""torso_angle"": 92.7854343435828, ""shoulder_hip_dy"": 0.3063398820421705, ""y_band_ratio"": 0.7675725178000133, ""kp_mean_conf"": 0.8205072422822316, ""visible"": 15, ""bbox_ar"": 0.4145059301329953}"
V2_ORIGINAL::IMG_003936,a9dec425e7a51445e33666ad77fc90f0add301fc713c1fbd6a83de6a81d2df72,1,0.8662468194961548,511.7926025390625,155.382568359375,648.123046875,512.6339721679688,0.023487771325647677,primary,"[[559.1741943359375,192.31752014160156,0.13516589999198914],[560.4423217773438,185.90768432617188,0.08581720292568207],[563.8643188476562,184.9689483642578,0.04988190159201622],[557.3380737304688,189.8399658203125,0.7377623319625854],[587.717529296875,188.8172607421875,0.5323389172554016],[542.2999877929688,227.55767822265625,0.9929726123809814],[607.5309448242188,227.07586669921875,0.9937047362327576],[524.8096923828125,277.1675109863281,0.9321759939193726],[631.9812622070312,277.1781921386719,0.9270108938217163],[530.2799072265625,300.4644775390625,0.7766231298446655],[635.9053955078125,299.7397155761719,0.7483096718788147],[554.0185546875,326.9206848144531,0.9981260895729065],[598.3331909179688,327.1233215332031,0.9981464147567749],[552.3576049804688,405.4839782714844,0.9936308264732361],[602.7842407226562,405.8566589355469,0.9930214285850525],[552.7979736328125,484.2406311035156,0.9833723902702332],[605.107177734375,483.6722717285156,0.9824245572090149]]",GEOM_UPRIGHT_OR_LIMB_SUPPORTED,"{""torso_angle"": 89.27574385358453, ""shoulder_hip_dy"": 0.2790898220411477, ""y_band_ratio"": 0.7198425581053258, ""kp_mean_conf"": 0.8992585710116795, ""visible"": 14, ""bbox_ar"": 0.38160926138440004}"
V2_ORIGINAL::IMG_003937,15b2e5f1094add6b6262cc9d02d72f3cbacf86a9d4023024b7f9cbfc8d7a1dd8,0,0.8690127730369568,798.548583984375,388.9746398925781,868.2418212890625,598.9876098632812,0.007058489464327943,background,"[[832.685546875,407.5033264160156,0.1987951695919037],[832.2321166992188,403.3213195800781,0.14385218918323517],[832.6866455078125,403.72314453125,0.13290299475193024],[823.1475219726562,406.2789001464844,0.529590368270874],[841.6516723632812,406.1895751953125,0.5082052946090698],[813.2581787109375,428.36236572265625,0.9754147529602051],[852.0025634765625,428.0263366699219,0.9743720889091492],[799.32666015625,458.602294921875,0.8105852603912354],[862.9121704101562,457.9472351074219,0.8002873659133911],[799.96728515625,484.31121826171875,0.6127051115036011],[862.5319213867188,484.2122497558594,0.6084940433502197],[820.4765625,485.3363342285156,0.9856935739517212],[845.81103515625,485.0981140136719,0.9854470491409302],[822.5784912109375,531.5599975585938,0.9670661091804504],[843.1018676757812,531.474609375,0.9652772545814514],[824.626708984375,573.8713989257812,0.9349061250686646],[842.3212890625,573.568359375,0.9335229992866516]]",GEOM_UPRIGHT_OR_LIMB_SUPPORTED,"{""torso_angle"": 89.48412898470343, ""shoulder_hip_dy"": 0.2715207205191155, ""y_band_ratio"": 0.6944574055412139, ""kp_mean_conf"": 0.8279690997941154, ""visible"": 14, ""bbox_ar"": 0.3318520628245471}"
V2_ORIGINAL::IMG_003937,15b2e5f1094add6b6262cc9d02d72f3cbacf86a9d4023024b7f9cbfc8d7a1dd8,1,0.8268049955368042,914.0830688476562,213.19976806640625,1086.4693603515625,882.8955688476562,0.05567437091648268,primary,"[[1023.173095703125,281.7783203125,0.3223682641983032],[1016.4838256835938,266.8400573730469,0.02417335845530033],[1019.9902954101562,266.00482177734375,0.5009517669677734],[963.8582153320312,268.8519287109375,0.06005997210741043],[999.0026245117188,270.23065185546875,0.9613288044929504],[937.4189453125,335.90802001953125,0.9187309741973877],[985.6312866210938,343.9051513671875,0.9974168539047241],[957.90380859375,429.37530517578125,0.391093373298645],[1004.8037109375,444.2335510253906,0.9895781874656677],[1041.482177734375,418.6959533691406,0.3017089366912842],[1070.3702392578125,419.7257995605469,0.9423007369041443],[950.6224365234375,534.8943481445312,0.9923259019851685],[987.0744018554688,541.2935180664062,0.9987928867340088],[958.479736328125,684.1028442382812,0.982105016708374],[1004.5001220703125,691.9600219726562,0.9969946146011353],[941.7477416992188,831.3611450195312,0.9465905427932739],[982.0661010742188,842.115234375,0.9815058708190918]]",GEOM_UPRIGHT_OR_LIMB_SUPPORTED,"{""torso_angle"": 87.88380259313989, ""shoulder_hip_dy"": 0.29593637466579464, ""y_band_ratio"": 0.7558763452972833, ""kp_mean_conf"": 0.8149195154507954, ""visible"": 15, ""bbox_ar"": 0.2574098438467209}"
V2_ORIGINAL::IMG_003938,7d581bcff51b91f01017bb3a2479b738f8702d3532dc02bb5be374eb3acbfa33,0,0.9256933331489563,1125.939697265625,41.151397705078125,1439.7886962890625,872.0518798828125,0.12576065037595172,primary,"[[1313.953125,124.09737396240234,0.16669613122940063],[1307.7125244140625,106.5322265625,0.054451171308755875],[1315.237060546875,103.7015151977539,0.053602155297994614],[1261.0443115234375,114.35327911376953,0.8049227595329285],[1335.2291259765625,116.06310272216797,0.8477888703346252],[1212.2783203125,202.43162536621094,0.9981447458267212],[1367.3388671875,213.30873107910156,0.9983092546463013],[1169.324462890625,317.66510009765625,0.9824612736701965],[1396.128173828125,347.2606201171875,0.9792020916938782],[1143.873779296875,416.4646911621094,0.9189766049385071],[1410.5460205078125,445.4354553222656,0.9023573398590088],[1231.6417236328125,437.0853271484375,0.9996432065963745],[1329.936767578125,444.238037109375,0.9995929598808289],[1241.0916748046875,603.8197021484375,0.9975984692573547],[1322.721435546875,612.1378784179688,0.9972031116485596],[1260.0128173828125,775.8629760742188,0.9775189161300659],[1291.0074462890625,776.69384765625,0.9751982092857361]]",GEOM_UPRIGHT_OR_LIMB_SUPPORTED,"{""torso_angle"": 92.21877614955842, ""shoulder_hip_dy"": 0.28016773235721215, ""y_band_ratio"": 0.6911323733799459, ""kp_mean_conf"": 0.9556369866643634, ""visible"": 14, ""bbox_ar"": 0.37772152713266016}"
V2_ORIGINAL::IMG_003938,7d581bcff51b91f01017bb3a2479b738f8702d3532dc02bb5be374eb3acbfa33,1,0.6678115725517273,546.6917724609375,162.89218139648438,820.011474609375,649.3627319335938,0.0641213281138065,primary,"[[645.6009521484375,262.28338623046875,0.8908318281173706],[650.5179443359375,244.339111328125,0.9316911697387695],[644.2772827148438,245.60060119628906,0.19355669617652893],[688.9400024414062,232.0060272216797,0.9685928821563721],[691.6723022460938,235.82017517089844,0.025446409359574318],[733.3450927734375,296.4386291503906,0.9815667867660522],[746.1046142578125,284.9676208496094,0.9247109889984131],[673.4536743164062,392.8135986328125,0.9226266145706177],[686.4163208007812,364.80078125,0.40486156940460205],[573.15576171875,380.2720642089844,0.8492684364318848],[586.688232421875,367.16363525390625,0.43821263313293457],[760.6005249023438,515.2202758789062,0.8921704888343811],[766.0830688476562,502.6445007324219,0.7967848181724548],[679.6653442382812,601.3827514648438,0.4923461675643921],[702.810791015625,590.3480834960938,0.25353366136550903],[682.7105712890625,680.4288940429688,0.1393812596797943],[690.7852172851562,662.8702392578125,0.07440367341041565]]",GEOM_UPRIGHT_OR_LIMB_SUPPORTED,"{""torso_angle"": 83.82344334760607, ""shoulder_hip_dy"": 0.4485970693698074, ""y_band_ratio"": 0.6504301858887084, ""kp_mean_conf"": 0.7497844650195196, ""visible"": 13, ""bbox_ar"": 0.5618422365889708}"
V2_ORIGINAL::IMG_003938,7d581bcff51b91f01017bb3a2479b738f8702d3532dc02bb5be374eb3acbfa33,2,0.44123950600624084,952.6280517578125,242.07952880859375,1006.8941040039062,420.298095703125,0.004663974759993531,background,"[[996.0142822265625,266.7732849121094,0.8921710252761841],[1000.0389404296875,262.0423583984375,0.712874174118042],[990.2356567382812,261.5671691894531,0.9093665480613708],[1003.5706787109375,265.61798095703125,0.23959800601005554],[979.237060546875,264.4873962402344,0.8587851524353027],[1002.9210815429688,291.7322082519531,0.9415185451507568],[969.8485717773438,291.47113037109375,0.9777435064315796],[1017.1131591796875,322.95172119140625,0.5167310833930969],[974.36083984375,327.39898681640625,0.883857250213623],[1019.3494262695312,319.2297058105469,0.45651906728744507],[1001.068603515625,323.1879577636719,0.7895298004150391],[996.2180786132812,356.1571044921875,0.8018356561660767],[973.8761596679688,357.1377868652344,0.8630940914154053],[1005.5394897460938,367.26873779296875,0.4575062692165375],[982.445068359375,367.7685241699219,0.6111301183700562],[999.0630493164062,412.85302734375,0.2768268585205078],[981.0316772460938,414.30743408203125,0.384905070066452]]",GEOM_UPRIGHT_OR_LIMB_SUPPORTED,"{""torso_angle"": 91.1781578538726, ""shoulder_hip_dy"": 0.3649775525671308, ""y_band_ratio"": 0.68924526692907, ""kp_mean_conf"": 0.6808230719145607, ""visible"": 17, ""bbox_ar"": 0.3044915756628662}"
V2_ORIGINAL::IMG_003938,7d581bcff51b91f01017bb3a2479b738f8702d3532dc02bb5be374eb3acbfa33,3,0.3653433620929718,951.2598266601562,242.76841735839844,1027.2525634765625,445.75689697265625,0.007439067374656993,background,"[[996.0142822265625,266.7732849121094,0.8921710252761841],[1000.0389404296875,262.0423583984375,0.712874174118042],[990.2356567382812,261.5671691894531,0.9093665480613708],[1003.5706787109375,265.61798095703125,0.23959800601005554],[979.237060546875,264.4873962402344,0.8587851524353027],[1002.9210815429688,291.7322082519531,0.9415185451507568],[969.8485717773438,291.47113037109375,0.9777435064315796],[1017.1131591796875,322.95172119140625,0.5167310833930969],[974.36083984375,327.39898681640625,0.883857250213623],[1019.3494262695312,319.2297058105469,0.45651906728744507],[1001.068603515625,323.1879577636719,0.7895298004150391],[996.2180786132812,356.1571044921875,0.8018356561660767],[973.8761596679688,357.1377868652344,0.8630940914154053],[1005.5394897460938,367.26873779296875,0.4575062692165375],[982.445068359375,367.7685241699219,0.6111301183700562],[999.0630493164062,412.85302734375,0.2768268585205078],[981.0316772460938,414.30743408203125,0.384905070066452]]",GEOM_UPRIGHT_OR_LIMB_SUPPORTED,"{""torso_angle"": 91.1781578538726, ""shoulder_hip_dy"": 0.3204407289063646, ""y_band_ratio"": 0.6051392864480056, ""kp_mean_conf"": 0.6808230719145607, ""visible"": 17, ""bbox_ar"": 0.3743697029546526}"
V2_ORIGINAL::IMG_003938,7d581bcff51b91f01017bb3a2479b738f8702d3532dc02bb5be374eb3acbfa33,4,0.26446855068206787,951.4090576171875,241.6614990234375,1056.4229736328125,453.44732666015625,0.010725530052441172,primary,"[[994.5774536132812,267.204833984375,0.9005193710327148],[998.0050659179688,260.73272705078125,0.7290218472480774],[987.6018676757812,260.5555114746094,0.8878338932991028],[1002.9064331054688,263.6288146972656,0.3462158739566803],[975.7294921875,262.91314697265625,0.7836377024650574],[1004.028076171875,290.8434753417969,0.9579612612724304],[970.0866088867188,292.3149719238281,0.9823887944221497],[1022.2582397460938,318.614501953125,0.6706011891365051],[977.503662109375,330.0574951171875,0.9098445177078247],[1032.2589111328125,311.1507873535156,0.6228235960006714],[1008.2503662109375,328.2774963378906,0.8379378914833069],[993.1094970703125,359.7972106933594,0.8926861882209778],[970.07666015625,362.29742431640625,0.931770920753479],[1029.3740234375,359.69915771484375,0.7367262840270996],[1003.3084716796875,362.82843017578125,0.8354503512382507],[1005.3043212890625,413.7810974121094,0.6333091855049133],[981.5802612304688,417.97833251953125,0.726028323173523]]",GEOM_UPRIGHT_OR_LIMB_SUPPORTED,"{""torso_angle"": 94.4975461002926, ""shoulder_hip_dy"": 0.3280110602642901, ""y_band_ratio"": 0.6002991729730461, ""kp_mean_conf"": 0.7873386582907509, ""visible"": 17, ""bbox_ar"": 0.49584959101115045}"
V2_ORIGINAL::IMG_003938,7d581bcff51b91f01017bb3a2479b738f8702d3532dc02bb5be374eb3acbfa33,5,0.15930834412574768,951.1497802734375,242.5916290283203,1011.0728759765625,376.3846740722656,0.003866364507417462,background,"[[996.0142822265625,266.7732849121094,0.8921710252761841],[1000.0389404296875,262.0423583984375,0.712874174118042],[990.2356567382812,261.5671691894531,0.9093665480613708],[1003.5706787109375,265.61798095703125,0.23959800601005554],[979.237060546875,264.4873962402344,0.8587851524353027],[1002.9210815429688,291.7322082519531,0.9415185451507568],[969.8485717773438,291.47113037109375,0.9777435064315796],[1017.1131591796875,322.95172119140625,0.5167310833930969],[974.36083984375,327.39898681640625,0.883857250213623],[1019.3494262695312,319.2297058105469,0.45651906728744507],[1001.068603515625,323.1879577636719,0.7895298004150391],[996.2180786132812,356.1571044921875,0.8018356561660767],[973.8761596679688,357.1377868652344,0.8630940914154053],[1005.5394897460938,367.26873779296875,0.4575062692165375],[982.445068359375,367.7685241699219,0.6111301183700562],[999.0630493164062,412.85302734375,0.2768268585205078],[981.0316772460938,414.30743408203125,0.384905070066452]]",GEOM_UPRIGHT_OR_LIMB_SUPPORTED,"{""torso_angle"": 91.1781578538726, ""shoulder_hip_dy"": 0.4861670974438375, ""y_band_ratio"": 0.91810679449437, ""kp_mean_conf"": 0.6808230719145607, ""visible"": 17, ""bbox_ar"": 0.44787900360174043}"
V2_ORIGINAL::IMG_003939,2775217a73b3fec9852ead7ed28b5b4d76904b4a4f146e32928fc4c249a2f0b5,0,0.8433843851089478,1355.9752197265625,465.41510009765625,1491.2081298828125,815.63525390625,0.022840128566216058,primary,"[[1425.703857421875,502.06768798828125,0.13346311450004578],[1425.2578125,495.07940673828125,0.06526433676481247],[1425.361328125,494.4485168457031,0.07749439030885696],[1408.823486328125,500.23187255859375,0.6267502307891846],[1438.8907470703125,499.5188903808594,0.7035717964172363],[1393.8330078125,541.5661010742188,0.9934079647064209],[1455.9638671875,539.5191650390625,0.9945940375328064],[1373.857666015625,593.9631958007812,0.9422197937965393],[1479.2332763671875,591.7119140625,0.9526025056838989],[1370.6959228515625,639.3728637695312,0.7994598746299744],[1477.8145751953125,637.302734375,0.8134018182754517],[1405.7855224609375,640.3509521484375,0.9982317090034485],[1447.374267578125,639.3644409179688,0.998336911201477],[1406.1488037109375,713.73046875,0.9928622841835022],[1450.219970703125,713.3451538085938,0.9928427934646606],[1406.384765625,787.209228515625,0.9776161313056946],[1449.8551025390625,785.9227294921875,0.977336049079895]]",GEOM_UPRIGHT_OR_LIMB_SUPPORTED,"{""torso_angle"": 89.03004426112547, ""shoulder_hip_dy"": 0.28357894997339667, ""y_band_ratio"": 0.7072410333413675, ""kp_mean_conf"": 0.9116595642907279, ""visible"": 14, ""bbox_ar"": 0.3861368590174254}"
V2_ORIGINAL::IMG_003940,48dc5ad464b297860fc6a28647999f2c6eb1c00a37fd106e0a75d32094aebe81,0,0.9169228672981262,368.9331359863281,130.72247314453125,643.5626220703125,954.7893676757812,0.10914017541663877,primary,"[[528.9281616210938,231.08248901367188,0.10907723009586334],[518.785400390625,213.86782836914062,0.021093986928462982],[531.7317504882812,212.6376953125,0.05514802783727646],[458.2484436035156,222.06556701660156,0.5237753987312317],[541.3237915039062,223.47935485839844,0.846423864364624],[411.6078186035156,318.2806701660156,0.993176281452179],[569.7637329101562,322.68695068359375,0.9973883032798767],[386.9230041503906,456.2581787109375,0.9493480920791626],[608.1533203125,466.58056640625,0.9846351742744446],[401.0693664550781,564.2693481445312,0.856511116027832],[624.0077514648438,573.633544921875,0.9322909712791443],[443.9797668457031,562.69775390625,0.9988464117050171],[547.904541015625,567.0657348632812,0.9993109703063965],[472.1665954589844,726.2910766601562,0.9954019784927368],[563.1259155273438,729.1655883789062,0.9973835349082947],[491.62664794921875,882.0260009765625,0.9663947820663452],[540.1944580078125,885.2092895507812,0.976367175579071]]",GEOM_UPRIGHT_OR_LIMB_SUPPORTED,"{""torso_angle"": 88.76790341195138, ""shoulder_hip_dy"": 0.29657535763401904, ""y_band_ratio"": 0.6879643183667133, ""kp_mean_conf"": 0.9298038610390255, ""visible"": 14, ""bbox_ar"": 0.3332611562319835}"
V2_ORIGINAL::IMG_003940,48dc5ad464b297860fc6a28647999f2c6eb1c00a37fd106e0a75d32094aebe81,1,0.9016069769859314,235.47303771972656,192.7997589111328,381.8115539550781,583.6400146484375,0.027582457132350753,primary,"[[303.55865478515625,235.2843017578125,0.9728801846504211],[310.2920837402344,227.07618713378906,0.9460155963897705],[295.61895751953125,228.0244903564453,0.9395163655281067],[320.9986267089844,232.7409210205078,0.7807311415672302],[282.6717224121094,235.0974884033203,0.7336850166320801],[337.55035400390625,279.21533203125,0.9974879026412964],[271.53851318359375,282.9739685058594,0.997657299041748],[367.66546630859375,334.0174865722656,0.9766764044761658],[253.2075958251953,338.2549743652344,0.9697415828704834],[368.6663818359375,387.78546142578125,0.9552096128463745],[246.1811065673828,385.2040100097656,0.9428371787071228],[334.67303466796875,386.39276123046875,0.998124897480011],[292.4969787597656,388.6846008300781,0.9978813529014587],[343.8741760253906,464.82159423828125,0.9931186437606812],[297.9035339355469,466.8238220214844,0.9917703866958618],[355.8771057128906,539.4181518554688,0.973669171333313],[310.53076171875,541.5006103515625,0.9705421328544617]]",GEOM_UPRIGHT_OR_LIMB_SUPPORTED,"{""torso_angle"": 85.14536855454855, ""shoulder_hip_dy"": 0.2723466408569309, ""y_band_ratio"": 0.6710805104390327, ""kp_mean_conf"": 0.9492673453162698, ""visible"": 17, ""bbox_ar"": 0.3744202755145826}"
V2_ORIGINAL::IMG_003940,48dc5ad464b297860fc6a28647999f2c6eb1c00a37fd106e0a75d32094aebe81,2,0.8692183494567871,1278.74658203125,163.24356079101562,1402.91162109375,603.5037841796875,0.02636233016720651,primary,"[[1353.4810791015625,219.09710693359375,0.6558849215507507],[1351.0089111328125,208.12261962890625,0.1439162939786911],[1349.6507568359375,207.2105712890625,0.7388134598731995],[1318.65087890625,209.16432189941406,0.14361338317394257],[1334.667724609375,207.3572998046875,0.9469432830810547],[1290.9573974609375,253.936767578125,0.9408118724822998],[1326.4976806640625,255.71900939941406,0.9961375594139099],[1305.6810302734375,313.1935119628906,0.540300190448761],[1342.4168701171875,321.8752746582031,0.9822264909744263],[1369.297607421875,294.961181640625,0.43346548080444336],[1382.138427734375,295.9683837890625,0.9253958463668823],[1299.781494140625,385.435546875,0.9816540479660034],[1327.11181640625,389.2865295410156,0.9954895377159119],[1300.3553466796875,475.0345458984375,0.9654117226600647],[1341.63330078125,480.3975524902344,0.9909470081329346],[1291.9500732421875,571.79150390625,0.921531081199646],[1336.7969970703125,578.982177734375,0.9644919633865356]]",GEOM_UPRIGHT_OR_LIMB_SUPPORTED,"{""torso_angle"": 87.96072711785666, ""shoulder_hip_dy"": 0.3010336675412872, ""y_band_ratio"": 0.7383029237898978, ""kp_mean_conf"": 0.8653002977371216, ""visible"": 15, ""bbox_ar"": 0.2820264754031259}"
V2_ORIGINAL::IMG_003941,bd7cb37950286e8775216a9371b0eece1f9d46cfb09f046e0205804bd042b6a7,0,0.834287166595459,1195.004150390625,186.28536987304688,1358.447021484375,641.747314453125,0.035899888067182875,primary,"[[1296.55908203125,239.3939208984375,0.8594755530357361],[1295.5975341796875,229.7211456298828,0.2740866541862488],[1291.492919921875,230.04991149902344,0.9045951962471008],[1277.6842041015625,229.82432556152344,0.06508322805166245],[1268.3687744140625,229.18218994140625,0.9425368309020996],[1254.927490234375,270.7794189453125,0.9593673944473267],[1244.5323486328125,272.8474426269531,0.9970405697822571],[1270.373779296875,329.93988037109375,0.5580757260322571],[1258.2044677734375,336.65899658203125,0.9903444647789001],[1322.17529296875,353.066162109375,0.5816957950592041],[1320.4061279296875,353.4064636230469,0.9684186577796936],[1245.226806640625,402.56317138671875,0.9875969290733337],[1236.2662353515625,406.36846923828125,0.9967246651649475],[1248.64990234375,505.8298034667969,0.9680179357528687],[1238.7930908203125,508.7569274902344,0.9924309849739075],[1242.285400390625,596.1141357421875,0.9241486191749573],[1222.7230224609375,605.6600341796875,0.9723940491676331]]",GEOM_UPRIGHT_OR_LIMB_SUPPORTED,"{""torso_angle"": 93.87423192168276, ""shoulder_hip_dy"": 0.2912480199606327, ""y_band_ratio"": 0.7352548752302996, ""kp_mean_conf"": 0.8673093765974045, ""visible"": 16, ""bbox_ar"": 0.3588507734591071}"
V2_ORIGINAL::IMG_003941,bd7cb37950286e8775216a9371b0eece1f9d46cfb09f046e0205804bd042b6a7,1,0.8140278458595276,555.7191162109375,271.7965087890625,756.3984985351562,654.0974731445312,0.036998418879633795,primary,"[[695.405517578125,326.2666015625,0.6848582625389099],[686.8905029296875,313.822998046875,0.05773427337408066],[688.7827758789062,316.2509765625,0.8621968626976013],[634.2674560546875,308.770751953125,0.025709204375743866],[663.3740844726562,315.1543884277344,0.9846444129943848],[603.0990600585938,345.00799560546875,0.9215332269668579],[651.9954223632812,358.51043701171875,0.9968560934066772],[640.8515625,406.6729736328125,0.28543809056282043],[689.1966552734375,426.7642822265625,0.9921759963035583],[699.431884765625,419.392822265625,0.284963995218277],[728.6878051757812,425.5625915527344,0.958434522151947],[586.0633544921875,490.7771301269531,0.9325047135353088],[617.1476440429688,501.0505676269531,0.9866194128990173],[690.7052612304688,512.9885864257812,0.7928885817527771],[712.1869506835938,521.1914672851562,0.9669584035873413],[667.9616088867188,628.4974365234375,0.6596608757972717],[674.4702758789062,644.4613647460938,0.8943166732788086]]",GEOM_UPRIGHT_OR_LIMB_SUPPORTED,"{""torso_angle"": 100.2016283950249, ""shoulder_hip_dy"": 0.37707106706202914, ""y_band_ratio"": 0.7832922149319747, ""kp_mean_conf"": 0.8136033415794373, ""visible"": 15, ""bbox_ar"": 0.524925127150933}"
V2_ORIGINAL::IMG_003941,bd7cb37950286e8775216a9371b0eece1f9d46cfb09f046e0205804bd042b6a7,2,0.6170908212661743,876.88330078125,283.7701721191406,1068.4969482421875,663.3688354492188,0.03507729767166893,primary,"[[942.2596435546875,343.82073974609375,0.170545756816864],[945.81396484375,333.5929870605469,0.2337549775838852],[950.4696044921875,331.7792663574219,0.022912459447979927],[953.6188354492188,331.60076904296875,0.958939254283905],[1000.0244750976562,328.0994873046875,0.22778862714767456],[937.5524291992188,377.460205078125,0.9935107827186584],[1040.4576416015625,370.72119140625,0.9758738875389099],[900.8648681640625,437.3057556152344,0.952523946762085],[1049.6671142578125,431.27490234375,0.6306561827659607],[892.8256225585938,420.8831481933594,0.7748376727104187],[1025.39501953125,421.4706115722656,0.3475528061389923],[965.5748901367188,522.4178466796875,0.9836699962615967],[1032.501953125,517.5518798828125,0.9687855839729309],[922.4942016601562,542.5159301757812,0.9250125885009766],[979.8914794921875,539.6063842773438,0.8275161385536194],[943.69189453125,649.4403076171875,0.7637475728988647],[978.9884643554688,643.5958251953125,0.6230201125144958]]",GEOM_UPRIGHT_OR_LIMB_SUPPORTED,"{""torso_angle"": 86.06586763578608, ""shoulder_hip_dy"": 0.3843379314331277, ""y_band_ratio"": 0.7342468326043042, ""kp_mean_conf"": 0.7458126753568649, ""visible"": 15, ""bbox_ar"": 0.5047795631838693}"
V2_ORIGINAL::IMG_003941,bd7cb37950286e8775216a9371b0eece1f9d46cfb09f046e0205804bd042b6a7,3,0.4064667224884033,682.3286743164062,278.6111755371094,784.9044799804688,405.8323974609375,0.006293315652200599,background,"[[728.0553588867188,323.3286437988281,0.9361616969108582],[733.5899658203125,316.1844787597656,0.8758820295333862],[719.9551391601562,314.62646484375,0.9214220643043518],[738.0465087890625,318.8760681152344,0.558744490146637],[700.5481567382812,314.4287414550781,0.770262598991394],[740.4925537109375,352.4743957519531,0.9554482102394104],[685.4371337890625,350.60137939453125,0.947028398513794],[767.0558471679688,395.54937744140625,0.6993874311447144],[694.2493286132812,400.7049865722656,0.6605444550514221],[765.789794921875,401.76214599609375,0.5614498257637024],[728.8967895507812,404.919921875,0.5220301747322083],[737.5350952148438,439.6680908203125,0.6268942356109619],[701.25439453125,441.9706726074219,0.6035740971565247],[762.2792358398438,475.62579345703125,0.14698804914951324],[727.08544921875,477.9170227050781,0.14203715324401855],[759.8789672851562,520.12890625,0.05530817061662674],[733.2286987304688,521.8550415039062,0.05367022007703781]]",GEOM_UPRIGHT_OR_LIMB_SUPPORTED,"{""torso_angle"": 85.8807673877003, ""shoulder_hip_dy"": 0.7017814543086295, ""y_band_ratio"": 0.7181922310697242, ""kp_mean_conf"": 0.7414484390845666, ""visible"": 13, ""bbox_ar"": 0.806279047732133}"
V2_ORIGINAL::IMG_003941,bd7cb37950286e8775216a9371b0eece1f9d46cfb09f046e0205804bd042b6a7,4,0.2942720651626587,876.4417114257812,284.5296325683594,1068.2750244140625,517.0599975585938,0.02151189732178381,primary,"[[942.7796630859375,340.4544372558594,0.21251294016838074],[944.3536987304688,331.7630310058594,0.27949658036231995],[950.921875,330.41534423828125,0.032130077481269836],[952.9678955078125,332.376953125,0.9276844263076782],[996.513671875,329.9519958496094,0.180573508143425],[938.5823364257812,374.19195556640625,0.9857791662216187],[1034.0489501953125,368.69342041015625,0.9548792839050293],[900.8216552734375,435.6088562011719,0.9168549180030823],[1030.7340087890625,430.4554443359375,0.5294655561447144],[893.7021484375,424.76544189453125,0.6971954107284546],[998.1073608398438,424.84967041015625,0.2944161295890808],[965.5653686523438,509.9363098144531,0.9555624127388],[1028.4697265625,505.9607849121094,0.9196792840957642],[914.6102294921875,553.0195922851562,0.7345556616783142],[976.3033447265625,550.7047119140625,0.5347926020622253],[926.9112548828125,652.5040893554688,0.4276689291000366],[971.663818359375,647.3328247070312,0.28991445899009705]]",GEOM_UPRIGHT_OR_LIMB_SUPPORTED,"{""torso_angle"": 85.51724521320646, ""shoulder_hip_dy"": 0.5870453064516234, ""y_band_ratio"": 1.220531645220751, ""kp_mean_conf"": 0.6440305173397064, ""visible"": 15, ""bbox_ar"": 0.8249817738699964}"
V2_ORIGINAL::IMG_003722,8abaec058bf120acbbc5434c306d186beb4b4ab37623f024a025f10b349d0950,0,0.931826651096344,676.8929443359375,3.95526123046875,1338.888916015625,1057.3017578125,0.3362804482639932,primary,"[[1104.9462890625,142.12966918945312,0.9349019527435303],[1096.282470703125,116.54489135742188,0.08966996520757675],[1092.5595703125,113.58695983886719,0.9714102149009705],[1024.9227294921875,114.42059326171875,0.0017092012567445636],[1007.0110473632812,105.91259765625,0.97855144739151],[954.7061157226562,216.35867309570312,0.9654935002326965],[946.3554077148438,251.47787475585938,0.9926106333732605],[1061.9925537109375,336.345947265625,0.8537160754203796],[1085.7286376953125,442.25054931640625,0.9935727119445801],[1214.0733642578125,323.9820861816406,0.8794786334037781],[1254.938232421875,355.6978454589844,0.990285336971283],[889.660400390625,618.9075927734375,0.9893968105316162],[870.0716552734375,647.9116821289062,0.9954879879951477],[1143.9444580078125,673.7920532226562,0.9657806158065796],[1091.03515625,717.0037231445312,0.9882366061210632],[965.051513671875,890.4655151367188,0.8218881487846375],[875.4025268554688,906.2601928710938,0.8746919631958008]]",GEOM_UPRIGHT_OR_LIMB_SUPPORTED,"{""torso_angle"": 100.03110302276673, ""shoulder_hip_dy"": 0.37925921320447425, ""y_band_ratio"": 0.6549616123602527, ""kp_mean_conf"": 0.9463668425877889, ""visible"": 15, ""bbox_ar"": 0.6284693344761444}"
V2_ORIGINAL::IMG_003723,bbf2f9c60794f8bc935d2c5b0b8b4f103c4e98e20d82758d877739c54216a75c,0,0.94921875,639.6006469726562,103.26095581054688,1476.6898193359375,995.6632690429688,0.3602528519477265,primary,"[[1270.7633056640625,313.9649353027344,0.9689733982086182],[1270.4139404296875,284.0076599121094,0.20720094442367554],[1259.5250244140625,282.6546936035156,0.984043300151825],[1222.191650390625,250.64224243164062,0.005493732634931803],[1168.8563232421875,248.50457763671875,0.9876173138618469],[1164.6998291015625,325.33367919921875,0.9944798946380615],[1044.157958984375,373.8329162597656,0.9987252354621887],[1227.9398193359375,477.9766845703125,0.961856484413147],[1149.3284912109375,607.1717529296875,0.9974986910820007],[1398.6939697265625,584.1533203125,0.948073148727417],[1349.0745849609375,612.1427612304688,0.9930558800697327],[1018.6119384765625,626.6156616210938,0.9992679953575134],[899.3190307617188,653.8389282226562,0.9995843768119812],[1244.684326171875,739.1686401367188,0.996130108833313],[938.2734985351562,796.3012084960938,0.9980059266090393],[1118.9136962890625,866.0885620117188,0.9691120982170105],[706.785888671875,899.7528076171875,0.9721277356147766]]",GEOM_UPRIGHT_OR_LIMB_SUPPORTED,"{""torso_angle"": 116.58734832889515, ""shoulder_hip_dy"": 0.3256871848971619, ""y_band_ratio"": 0.6436773189631615, ""kp_mean_conf"": 0.9359845332801342, ""visible"": 16, ""bbox_ar"": 0.9380177078779774}"
V2_ORIGINAL::IMG_003723,bbf2f9c60794f8bc935d2c5b0b8b4f103c4e98e20d82758d877739c54216a75c,1,0.4309004843235016,124.26438903808594,270.1478576660156,202.9181671142578,463.1084289550781,0.007319192685002539,background,[],GEOM_UNCERTAIN,null
V2_ORIGINAL::IMG_003723,bbf2f9c60794f8bc935d2c5b0b8b4f103c4e98e20d82758d877739c54216a75c,2,0.3341606855392456,124.40508270263672,271.6097106933594,189.82833862304688,362.6591796875,0.002872662380122064,background,[],GEOM_UNCERTAIN,null
V2_ORIGINAL::IMG_003724,571f202fd7c667dc9f715fafd3e988e9d01f736b0771132dffa4771b057e7be2,0,0.9243004322052002,890.4755859375,171.0413818359375,1437.369873046875,932.8015747070312,0.20090774384092247,primary,"[[1235.17138671875,294.7842102050781,0.04710402339696884],[1234.0179443359375,262.98382568359375,0.05057751014828682],[1241.0098876953125,263.77178955078125,0.005945277865976095],[1192.76806640625,253.6867218017578,0.9562424421310425],[1296.627197265625,260.2529602050781,0.48307427763938904],[1149.1533203125,353.0638732910156,0.9977660179138184],[1381.02978515625,362.8766174316406,0.9799745678901672],[1064.3763427734375,508.9391784667969,0.9548631310462952],[1407.901611328125,527.1466674804688,0.5061777830123901],[1097.6103515625,518.994873046875,0.6451649069786072],[1319.8326416015625,520.9805297851562,0.17002230882644653],[1159.817626953125,699.327392578125,0.9938847422599792],[1336.986083984375,699.4727783203125,0.9815689325332642],[1026.6829833984375,580.8314208984375,0.9881751537322998],[1303.387451171875,593.398193359375,0.9666860699653625],[974.3904418945312,808.685302734375,0.9677987098693848],[1339.380615234375,832.2734985351562,0.9378774762153625]]",GEOM_UPRIGHT_OR_LIMB_SUPPORTED,"{""torso_angle"": 92.7984919973475, ""shoulder_hip_dy"": 0.44821171187881687, ""y_band_ratio"": 0.6290819994649329, ""kp_mean_conf"": 0.873788785475951, ""visible"": 13, ""bbox_ar"": 0.7179349777363876}"
V2_ORIGINAL::IMG_003725,16392ce139623dcead3dc9e6c9c492a2b1dc95c6b12bbdf467e79045a5b6473b,0,0.8791701197624207,637.166748046875,282.66851806640625,1134.1070556640625,959.16357421875,0.16212271475012163,primary,"[[1032.3548583984375,446.5042724609375,0.7434670329093933],[1024.4267578125,422.8788146972656,0.06537764519453049],[1033.13134765625,427.4443664550781,0.882703423500061],[964.5789184570312,382.8207092285156,0.031047562137246132],[1006.9720458984375,398.3427429199219,0.9815967679023743],[890.8777465820312,410.1050109863281,0.9622558951377869],[949.2671508789062,457.1747131347656,0.99751877784729],[938.3265991210938,522.3583374023438,0.62177973985672],[996.3931274414062,624.3922119140625,0.9906978011131287],[1043.093017578125,587.051025390625,0.5318528413772583],[1080.00830078125,677.8226928710938,0.9570040106773376],[745.0337524414062,673.4508056640625,0.987692654132843],[787.1605224609375,699.56103515625,0.9965884685516357],[966.8933715820312,686.3797607421875,0.9722369313240051],[1019.1397705078125,723.1649780273438,0.9935320615768433],[846.9195556640625,866.973876953125,0.9324246644973755],[903.3912963867188,901.0580444335938,0.9684120416641235]]",GEOM_UPRIGHT_OR_LIMB_SUPPORTED,"{""torso_angle"": 121.33808940749064, ""shoulder_hip_dy"": 0.3737884793834547, ""y_band_ratio"": 0.7257304084964445, ""kp_mean_conf"": 0.9013175408045451, ""visible"": 15, ""bbox_ar"": 0.7345808414973526}"
V2_ORIGINAL::IMG_003726,0c2c8ab08df945d01ae69aea7d9c57f73a9db4e3c88a362ea2e0216b2a433e06,0,0.9376680254936218,621.5227661132812,366.1710205078125,1177.07275390625,987.8260498046875,0.166551140016067,primary,"[[1128.838623046875,511.7756652832031,0.435401976108551],[1114.1162109375,489.6293640136719,0.021914929151535034],[1129.0645751953125,491.8892517089844,0.6117192506790161],[1061.2293701171875,427.07867431640625,0.022964581847190857],[1107.9281005859375,446.34429931640625,0.9473037719726562],[992.2123413085938,444.25396728515625,0.9249566197395325],[1056.001708984375,491.4388732910156,0.9974115490913391],[972.18408203125,575.718994140625,0.5803898572921753],[1007.0870361328125,675.6691284179688,0.9948078989982605],[1052.1446533203125,719.71044921875,0.5316079258918762],[1079.35791015625,757.4073486328125,0.9741374254226685],[802.7839965820312,644.7384033203125,0.9927648901939392],[833.98779296875,662.334228515625,0.9985339641571045],[964.373291015625,807.4136352539062,0.9785773754119873],[945.5399780273438,845.165771484375,0.9960229396820068],[786.861572265625,859.9453735351562,0.9282145500183105],[674.0363159179688,899.2669067382812,0.971461832523346]]",GEOM_UPRIGHT_OR_LIMB_SUPPORTED,"{""torso_angle"": 137.92966913549895, ""shoulder_hip_dy"": 0.2987024746504633, ""y_band_ratio"": 0.7319380009967408, ""kp_mean_conf"": 0.8575541218121846, ""visible"": 15, ""bbox_ar"": 0.8936628220016581}"
V2_ORIGINAL::IMG_003727,32aebc215aa35c65df2b994cf493dc70b1234b21fcf72caa58f454761fd3d3d8,0,0.954180121421814,479.7138366699219,210.15499877929688,1148.83056640625,854.736328125,0.20799582906100114,primary,"[[522.2548828125,367.3233337402344,0.41030019521713257],[520.5332641601562,345.835693359375,0.5573407411575317],[528.2265014648438,347.0279846191406,0.04431282728910446],[564.1681518554688,307.0035095214844,0.9448217153549194],[588.5244140625,308.2781982421875,0.0946711003780365],[628.8140258789062,357.0416564941406,0.9941806197166443],[713.399658203125,335.92724609375,0.9569030404090881],[687.5455932617188,544.5712280273438,0.9761555194854736],[752.071044921875,479.4604797363281,0.6865599155426025],[651.470458984375,641.705078125,0.8812721967697144],[681.9768676757812,593.0018920898438,0.4770514965057373],[878.5556030273438,549.481689453125,0.9966942071914673],[913.7971801757812,541.7722778320312,0.9915452599525452],[836.7173461914062,754.8080444335938,0.986056923866272],[812.2628173828125,726.967041015625,0.9645898938179016],[1101.0262451171875,771.774169921875,0.9187010526657104],[941.724609375,735.8787231445312,0.8713721036911011]]",GEOM_UPRIGHT_OR_LIMB_SUPPORTED,"{""torso_angle"": 41.50254390472381, ""shoulder_hip_dy"": 0.30894865129087273, ""y_band_ratio"": 0.6761705683758189, ""kp_mean_conf"": 0.8409029920895894, ""visible"": 15, ""bbox_ar"": 1.0380640879181688}"
V2_ORIGINAL::IMG_003728,59c6841fe35ddf9c5c53fa57c3908516e081068c1c9272b3beadbc2375a14b42,0,0.9389138221740723,918.9793090820312,324.50048828125,1247.052490234375,952.9548950195312,0.09943047667237503,primary,"[[948.5460205078125,432.8033752441406,0.3878427743911743],[947.6979370117188,416.71673583984375,0.5017486214637756],[955.123046875,407.4664306640625,0.07480838149785995],[962.7306518554688,405.0317687988281,0.9362208247184753],[1019.5025634765625,381.093017578125,0.2962961792945862],[965.869140625,485.74273681640625,0.9868291020393372],[1122.587646484375,425.5799865722656,0.955999493598938],[967.1895141601562,618.6228637695312,0.8699005842208862],[1144.259033203125,515.6275634765625,0.5270577669143677],[969.943359375,554.3218383789062,0.546743631362915],[1060.6083984375,526.2359008789062,0.25865986943244934],[1113.3626708984375,713.8728637695312,0.9843862652778625],[1213.6483154296875,688.269287109375,0.9729357361793518],[1044.46044921875,818.0802612304688,0.9649580717086792],[1096.467041015625,765.0260009765625,0.939145565032959],[1164.9976806640625,879.585205078125,0.9120113849639893],[1142.20361328125,823.5269165039062,0.8871555924415588]]",GEOM_UPRIGHT_OR_LIMB_SUPPORTED,"{""torso_angle"": 64.07874124034082, ""shoulder_hip_dy"": 0.3904972438952403, ""y_band_ratio"": 0.7224155223322812, ""kp_mean_conf"": 0.7454932164400816, ""visible"": 16, ""bbox_ar"": 0.5220317936110348}"
V2_ORIGINAL::IMG_003729,5ffddfb69084de8140cc48c025565813a115bdcb4ab7f3795a3edef67341cb2e,0,0.8482524156570435,886.9249877929688,399.421142578125,1201.9842529296875,636.8052978515625,0.03606774571544655,primary,"[[929.3345947265625,494.6977844238281,0.6244516968727112],[927.0514526367188,486.0097961425781,0.5915353894233704],[931.2324829101562,484.1464538574219,0.17916396260261536],[945.0489501953125,461.4837646484375,0.7488015294075012],[949.3233032226562,457.4239196777344,0.1537228226661682],[995.5012817382812,461.7153015136719,0.9923539161682129],[989.031982421875,449.05682373046875,0.9279505610466003],[1020.9287719726562,546.2854614257812,0.986639678478241],[986.0245971679688,516.1865844726562,0.7487195134162903],[979.4798583984375,594.0941162109375,0.9699156880378723],[963.7586059570312,575.7171020507812,0.7573518753051758],[1111.080810546875,482.8315734863281,0.9958803653717041],[1106.7603759765625,479.1795959472656,0.9866451621055603],[1065.4375,593.5036010742188,0.9897212386131287],[1075.5784912109375,579.1719970703125,0.967420756816864],[1145.557373046875,615.7275390625,0.9564884305000305],[1149.4615478515625,595.80908203125,0.9138503670692444]]",GEOM_LYING,"{""torso_angle"": 12.386639837234846, ""shoulder_hip_dy"": 0.10792431392573783, ""y_band_ratio"": 0.7021139011575857, ""kp_mean_conf"": 0.8771817445755005, ""visible"": 15, ""bbox_ar"": 1.327212697805416}"
V2_ORIGINAL::IMG_003730,5edf07d26c5eb6d7cae80f2a262e808ea87dbfb5f683430326b265e8a2028eb6,0,0.9384639263153076,541.2652587890625,224.45999145507812,1202.9439697265625,860.6900024414062,0.20301883368498508,primary,"[[1124.94775390625,478.8387451171875,0.7698920369148254],[1117.67138671875,451.8451843261719,0.12272647768259048],[1120.9456787109375,461.369140625,0.8442292809486389],[1058.64990234375,367.5951232910156,0.08199828863143921],[1071.485107421875,413.3706970214844,0.9210913181304932],[973.1196899414062,348.25909423828125,0.9490423202514648],[962.7325439453125,435.6017150878906,0.9968239068984985],[957.10693359375,507.3816833496094,0.7573637366294861],[949.09423828125,645.1812744140625,0.9937531352043152],[1077.046142578125,701.4238891601562,0.7266027331352234],[1065.9327392578125,749.7089233398438,0.970201849937439],[664.7316284179688,490.7300720214844,0.9837340116500854],[656.984375,524.2601318359375,0.9951091408729553],[826.0112915039062,633.948486328125,0.939273476600647],[799.9777221679688,701.0106811523438,0.9832801818847656],[681.7588500976562,748.944580078125,0.7742895483970642],[674.2764282226562,829.4905395507812,0.8792710304260254]]",GEOM_LYING,"{""torso_angle"": 159.3762352085225, ""shoulder_hip_dy"": 0.1816398083555797, ""y_band_ratio"": 0.7563796693061704, ""kp_mean_conf"": 0.8989305138587952, ""visible"": 15, ""bbox_ar"": 1.039999213353233}"
V2_ORIGINAL::IMG_003730,5edf07d26c5eb6d7cae80f2a262e808ea87dbfb5f683430326b265e8a2028eb6,1,0.9068493843078613,115.8705825805664,1.3347930908203125,267.9241638183594,305.0531921386719,0.022271156569750636,primary,"[[218.0177764892578,31.095233917236328,0.586517333984375],[214.3919677734375,23.73358154296875,0.1345796287059784],[213.60910034179688,24.108489990234375,0.6771274209022522],[195.31138610839844,27.061203002929688,0.12054348737001419],[197.92039489746094,27.354171752929688,0.929115355014801],[181.0724334716797,63.10448455810547,0.9572336673736572],[186.7991485595703,65.20122528076172,0.9956272840499878],[194.43942260742188,111.39740753173828,0.5301917791366577],[190.27670288085938,118.15349578857422,0.9799164533615112],[234.68431091308594,143.92498779296875,0.4568888545036316],[220.86346435546875,148.60617065429688,0.9243758320808411],[178.66998291015625,156.92138671875,0.9866654276847839],[190.402587890625,160.40191650390625,0.9955904483795166],[174.3188934326172,220.19212341308594,0.9726030826568604],[231.2620849609375,222.7721710205078,0.9919036030769348],[139.03944396972656,283.8940734863281,0.9613463282585144],[229.37841796875,290.3566589355469,0.9840365052223206]]",GEOM_UPRIGHT_OR_LIMB_SUPPORTED,"{""torso_angle"": 89.63595631220657, ""shoulder_hip_dy"": 0.3111724445676551, ""y_band_ratio"": 0.7482331498186163, ""kp_mean_conf"": 0.8619426250457763, ""visible"": 15, ""bbox_ar"": 0.5006400063824799}"
V2_ORIGINAL::IMG_003731,2945077368eabff86b0a88694c309b66a40b7b4224c9ade8d5cf2056b3e0fd12,0,0.9382318258285522,547.0180053710938,189.08340454101562,1068.7203369140625,865.6913452148438,0.1702295236255897,primary,"[[685.1350708007812,292.2933654785156,0.1937643140554428],[687.4922485351562,271.4559631347656,0.31343305110931396],[694.3513793945312,268.696533203125,0.012742686085402966],[696.4493408203125,264.96685791015625,0.9635987281799316],[761.1139526367188,255.3472137451172,0.15107552707195282],[712.787841796875,340.3124084472656,0.9973050355911255],[843.7496948242188,319.3789978027344,0.9616705775260925],[589.4808349609375,398.3033752441406,0.9837644696235657],[806.1400146484375,373.3719177246094,0.5320009589195251],[586.752197265625,320.9775390625,0.8667718768119812],[678.7798461914062,352.1277770996094,0.29267340898513794],[868.5419921875,617.0982055664062,0.9967106580734253],[967.4404907226562,607.585693359375,0.9880092740058899],[665.8461303710938,632.958984375,0.9909586906433105],[842.9367065429688,620.4617309570312,0.9662054181098938],[746.3582153320312,772.9976806640625,0.9570176601409912],[1003.3275146484375,774.1697387695312,0.9102470278739929]]",GEOM_UPRIGHT_OR_LIMB_SUPPORTED,"{""torso_angle"": 63.68302858679556, ""shoulder_hip_dy"": 0.41751837268796316, ""y_band_ratio"": 0.6721628784224356, ""kp_mean_conf"": 0.8371690596852984, ""visible"": 14, ""bbox_ar"": 0.7710555850459128}"
V2_ORIGINAL::IMG_003731,2945077368eabff86b0a88694c309b66a40b7b4224c9ade8d5cf2056b3e0fd12,1,0.8144083023071289,1339.7470703125,1.6010856628417969,1480.057861328125,119.97283935546875,0.008009661648591444,background,"[[1435.0299072265625,15.62464714050293,0.5880631804466248],[1438.970458984375,6.598480224609375,0.20721957087516785],[1426.2144775390625,5.873445510864258,0.7113057374954224],[1441.62255859375,2.514956474304199,0.05003379285335541],[1401.2498779296875,0.0256805419921875,0.7569959163665771],[1446.474853515625,27.50753402709961,0.8027228713035583],[1367.496826171875,27.71601676940918,0.9570602178573608],[1460.9053955078125,91.26176452636719,0.5427730083465576],[1364.5404052734375,98.56549072265625,0.9562903046607971],[1459.5531005859375,87.36792755126953,0.48761773109436035],[1432.6605224609375,94.69585418701172,0.8864254355430603],[1430.3492431640625,136.8999481201172,0.6243112087249756],[1374.228515625,140.46949768066406,0.7886219620704651],[1482.38134765625,147.2877960205078,0.08181905746459961],[1403.050048828125,150.38087463378906,0.19549445807933807],[1459.216064453125,156.95782470703125,0.021967342123389244],[1386.292236328125,161.49508666992188,0.0459689162671566]]",GEOM_UPRIGHT_OR_LIMB_SUPPORTED,"{""torso_angle"": 92.42143363186413, ""shoulder_hip_dy"": 0.9383399674094265, ""y_band_ratio"": 0.9542983028441906, ""kp_mean_conf"": 0.692450595398744, ""visible"": 12, ""bbox_ar"": 1.1853401393373508}"
V2_ORIGINAL::IMG_003732,5c88c36cb9519b09e448c3487508aa73ed4bd2a763f46680bf9322017a3df9e0,0,0.9247226119041443,462.53887939453125,277.09423828125,1123.677734375,855.0728759765625,0.18428054336856198,primary,"[[559.708984375,480.1678466796875,0.9161543846130371],[579.055419921875,449.6783752441406,0.9138272404670715],[538.7738037109375,455.0074768066406,0.485507607460022],[652.06640625,390.7315979003906,0.9169905185699463],[538.031982421875,407.0427551269531,0.19029024243354797],[745.9345092773438,437.6553955078125,0.9962565898895264],[592.56884765625,430.3213806152344,0.9876969456672668],[748.55615234375,655.7769165039062,0.98675936460495],[552.6036987304688,603.391357421875,0.8989530205726624],[566.9457397460938,748.47314453125,0.965593159198761],[505.70928955078125,738.3494262695312,0.8522611856460571],[921.689453125,572.1331787109375,0.9964728951454163],[813.0861206054688,572.297119140625,0.9935407042503357],[880.89111328125,786.73681640625,0.9801844954490662],[810.9229125976562,768.5518798828125,0.9620110988616943],[1062.97900390625,726.1323852539062,0.8559175133705139],[1013.1069946289062,717.7332153320312,0.8127291798591614]]",GEOM_UPRIGHT_OR_LIMB_SUPPORTED,"{""torso_angle"": 34.9009914430177, ""shoulder_hip_dy"": 0.23915548404251838, ""y_band_ratio"": 0.616658493144696, ""kp_mean_conf"": 0.907553493976593, ""visible"": 16, ""bbox_ar"": 1.143881126155038}"
V2_ORIGINAL::IMG_003733,1a97fb68f1b7856a23da903b44dd63534a8c2936bf4554b90da171c6d99128ed,0,0.9007667899131775,534.1301879882812,199.42190551757812,1433.6884765625,975.8478393554688,0.3368250309837252,primary,"[[1294.8773193359375,471.3362731933594,0.9609382152557373],[1302.9622802734375,443.4164733886719,0.3825116753578186],[1283.0126953125,428.6545715332031,0.9680743217468262],[1277.5350341796875,384.1190185546875,0.04512190818786621],[1211.6048583984375,357.8275451660156,0.9792605042457581],[1204.5645751953125,455.6479187011719,0.9959824085235596],[1100.81201171875,451.490234375,0.9984618425369263],[1208.5009765625,630.07568359375,0.9512101411819458],[1147.0960693359375,687.7808837890625,0.9934900999069214],[1326.3094482421875,851.4889526367188,0.9156090021133423],[1313.1444091796875,843.571533203125,0.9795681238174438],[900.4008178710938,616.2583618164062,0.998314619064331],[805.9671630859375,613.7809448242188,0.9987418055534363],[1084.2095947265625,821.51611328125,0.9896249175071716],[947.4747314453125,845.35986328125,0.9937527775764465],[757.745361328125,835.8106079101562,0.9282460808753967],[601.8760986328125,850.2319946289062,0.9337866306304932]]",GEOM_UPRIGHT_OR_LIMB_SUPPORTED,"{""torso_angle"": 151.6727003274337, ""shoulder_hip_dy"": 0.2079407316859868, ""y_band_ratio"": 0.5135605894601136, ""kp_mean_conf"": 0.9354733228683472, ""visible"": 16, ""bbox_ar"": 1.1585886681137532}"
V2_ORIGINAL::IMG_003734,fb291c9e0e88809b9c1bbf3023a4e133b56f9db057cd1b019396c800187c6d46,0,0.8221544623374939,745.4498901367188,367.5211486816406,1177.65087890625,974.8731689453125,0.12659053997353942,primary,"[[801.6472778320312,509.5802307128906,0.14912408590316772],[794.6466064453125,491.32757568359375,0.28553101420402527],[807.856201171875,484.5476989746094,0.008311886340379715],[809.85498046875,454.51116943359375,0.969264030456543],[878.261962890625,440.505615234375,0.10027383267879486],[822.6637573242188,502.4897766113281,0.9983283877372742],[1015.9418334960938,463.7320861816406,0.9514989852905273],[815.190673828125,672.04931640625,0.9922723770141602],[1078.9169921875,612.9000244140625,0.5293207764625549],[789.9185180664062,756.3828735351562,0.9362495541572571],[1059.219482421875,729.2938842773438,0.3181385099887848],[993.3966064453125,725.34228515625,0.9984176158905029],[1119.77392578125,707.9307861328125,0.9918118715286255],[877.1339721679688,841.302978515625,0.9945507645606995],[1030.11181640625,806.8925170898438,0.9737493395805359],[1035.240234375,866.83154296875,0.9703795313835144],[1131.3204345703125,831.2962646484375,0.9262331128120422]]",GEOM_UPRIGHT_OR_LIMB_SUPPORTED,"{""torso_angle"": 59.55004821662045, ""shoulder_hip_dy"": 0.38449794593037756, ""y_band_ratio"": 0.6636998698252627, ""kp_mean_conf"": 0.845410419361932, ""visible"": 14, ""bbox_ar"": 0.7116152978002745}"
V2_ORIGINAL::IMG_003735,81dc5bb723c3ef2385587823a37b33ea00c313aa9142416f4225c1f7bd9cc780,0,0.9047045707702637,765.738037109375,431.9235534667969,1182.018798828125,861.0941772460938,0.08615715382627159,primary,"[[1131.053466796875,542.790283203125,0.9245928525924683],[1132.0445556640625,528.2174682617188,0.3688298463821411],[1125.158447265625,526.2562866210938,0.9367440938949585],[1113.0318603515625,498.1154479980469,0.05251505598425865],[1081.5279541015625,498.6920471191406,0.9287700057029724],[1075.8028564453125,517.7625732421875,0.9672701954841614],[998.0689086914062,552.3701782226562,0.9936625957489014],[1108.4412841796875,603.4852905273438,0.8710317611694336],[1012.9482421875,707.9949340820312,0.9862183928489685],[1147.9632568359375,687.6485595703125,0.8765604496002197],[1092.1436767578125,747.076904296875,0.9727263450622559],[925.2352905273438,646.0142211914062,0.9791606068611145],[868.401123046875,658.1299438476562,0.9897341728210449],[988.5624389648438,766.8882446289062,0.8822110891342163],[926.2925415039062,794.87109375,0.9390564560890198],[913.69921875,782.2101440429688,0.6111282110214233],[860.6749877929688,797.7870483398438,0.6801409125328064]]",GEOM_UPRIGHT_OR_LIMB_SUPPORTED,"{""torso_angle"": 140.13632429829266, ""shoulder_hip_dy"": 0.2726321427984785, ""y_band_ratio"": 0.6524781976728683, ""kp_mean_conf"": 0.8692398741841316, ""visible"": 16, ""bbox_ar"": 0.9699656468864571}"
V2_ORIGINAL::IMG_003736,a5f49b6be5465bc6bc6b528ff6582663251262079bbf4ef39c09f8f94af1fd6a,0,0.8637887239456177,779.0982055664062,288.6699523925781,1171.1287841796875,709.5384521484375,0.0795685385220839,primary,"[[1045.002685546875,385.05029296875,0.6554868221282959],[1039.1588134765625,368.8429870605469,0.08422447741031647],[1043.387451171875,369.8308410644531,0.768125593662262],[993.3338623046875,349.7107849121094,0.06111743301153183],[1023.3115234375,354.30230712890625,0.9454157948493958],[927.3299560546875,384.05218505859375,0.9505382180213928],[999.5074462890625,395.2203369140625,0.9936328530311584],[966.1909790039062,478.420166015625,0.6823133826255798],[1046.2554931640625,514.2454223632812,0.9836222529411316],[1051.622802734375,540.5650634765625,0.6385315656661987],[1133.8626708984375,576.4244384765625,0.9513309597969055],[811.7559814453125,555.3275146484375,0.97552889585495],[862.5201416015625,563.7359619140625,0.9913772344589233],[967.9857788085938,557.7919921875,0.9370761513710022],[1040.4443359375,571.4795532226562,0.9805010557174683],[862.0411376953125,651.697265625,0.8729919791221619],[919.2429809570312,672.9622802734375,0.9304092526435852]]",GEOM_UPRIGHT_OR_LIMB_SUPPORTED,"{""torso_angle"": 126.62284249624236, ""shoulder_hip_dy"": 0.4036782923727391, ""y_band_ratio"": 0.6864616748044506, ""kp_mean_conf"": 0.8837921341260274, ""visible"": 15, ""bbox_ar"": 0.9314799725821565}"
V2_ORIGINAL::IMG_003737,a34dc5ac505694fb09bf451aa1f857cb16f576943981e81bbde97849691e2244,0,0.9137127995491028,933.4874267578125,500.2099914550781,1310.9088134765625,891.8438110351562,0.0712823009605873,primary,"[[980.8355712890625,605.0392456054688,0.8608750700950623],[983.2989501953125,587.3109130859375,0.9160361289978027],[978.2933349609375,587.5089721679688,0.30626916885375977],[1023.1029052734375,556.3458862304688,0.9565199017524719],[1012.03955078125,558.8829345703125,0.11635919660329819],[1087.502197265625,593.186767578125,0.9954824447631836],[1095.6390380859375,583.4965209960938,0.939120888710022],[1097.06396484375,737.1591796875,0.983595609664917],[1095.1724853515625,704.1292724609375,0.6098747253417969],[1015.3841552734375,802.7662353515625,0.9479047060012817],[1027.244140625,787.119873046875,0.5536152720451355],[1227.3817138671875,710.1441650390625,0.9874618649482727],[1233.790283203125,703.23876953125,0.9569021463394165],[1139.5589599609375,807.43896484375,0.9635051488876343],[1176.9039306640625,790.6571655273438,0.8832224011421204],[1209.2490234375,874.5428466796875,0.8363001942634583],[1247.724853515625,857.7484130859375,0.7111204266548157]]",GEOM_UPRIGHT_OR_LIMB_SUPPORTED,"{""torso_angle"": 40.40919172424347, ""shoulder_hip_dy"": 0.30219510440887154, ""y_band_ratio"": 0.7431593267293989, ""kp_mean_conf"": 0.837987881153822, ""visible"": 16, ""bbox_ar"": 0.9637098939091442}"
V2_ORIGINAL::IMG_003738,cf0fab739e5b2dba3b00eaabca7a446d0681ad5c6c05a8dbb6b0d7c28861bfcd,0,0.908535897731781,478.9544677734375,215.16192626953125,1226.55517578125,790.1779174804688,0.2073120959418938,primary,"[[547.1693725585938,367.719482421875,0.6917232275009155],[541.1665649414062,356.4443054199219,0.729193389415741],[559.9913330078125,340.8381042480469,0.07097025960683823],[567.9320068359375,319.0232849121094,0.8633915781974792],[609.9539794921875,278.653564453125,0.06718942523002625],[618.9971923828125,348.97332763671875,0.9983823299407959],[731.0634765625,274.2931823730469,0.9097141623497009],[630.60009765625,553.1478271484375,0.9959232807159424],[727.0047607421875,424.7602844238281,0.5204542875289917],[539.7933349609375,597.3841552734375,0.9757933020591736],[615.9755859375,531.8153686523438,0.5149447321891785],[943.396240234375,479.19268798828125,0.9975613355636597],[1019.0654907226562,451.96502685546875,0.9838390350341797],[824.1959838867188,710.304931640625,0.9886931777000427],[952.052734375,637.7396850585938,0.9287207722663879],[972.7559204101562,717.46142578125,0.8856573104858398],[1075.1214599609375,614.848388671875,0.7058498859405518]]",GEOM_UPRIGHT_OR_LIMB_SUPPORTED,"{""torso_angle"": 26.691453916498396, ""shoulder_hip_dy"": 0.2677240368442539, ""y_band_ratio"": 0.7707059458901767, ""kp_mean_conf"": 0.8459894537925721, ""visible"": 15, ""bbox_ar"": 1.3001389864539687}"
V2_ORIGINAL::IMG_003739,c8cb3323d15195f6ab37a8612bda59fe1b5c5709447488b249b6ad10f803b39d,0,0.3603368103504181,835.7431640625,342.5632019042969,917.45654296875,469.225341796875,0.004991315311592728,background,"[[860.6787109375,392.4598388671875,0.844354510307312],[861.7661743164062,383.7330627441406,0.8700873851776123],[856.1636352539062,385.60986328125,0.48406916856765747],[877.3334350585938,367.300048828125,0.8501986861228943],[870.5255737304688,371.5338134765625,0.16860882937908173],[920.03173828125,369.1285400390625,0.9835981726646423],[877.4815673828125,373.1379089355469,0.9605171084403992],[921.2139282226562,430.4322814941406,0.9449996948242188],[869.5287475585938,435.50201416015625,0.7514034509658813],[884.3556518554688,455.1119689941406,0.8904925584793091],[864.3455200195312,459.4600524902344,0.6952763795852661],[974.2145385742188,396.23016357421875,0.9599282145500183],[944.0313720703125,396.9870300292969,0.9386913776397705],[928.3958129882812,442.1103820800781,0.8924871683120728],[879.7344360351562,440.9303283691406,0.8055199980735779],[952.9389038085938,469.8619079589844,0.7522326111793518],[898.5349731445312,463.78082275390625,0.6494823098182678]]",GEOM_LYING,"{""torso_angle"": 22.88038341651952, ""shoulder_hip_dy"": 0.20112854824700366, ""y_band_ratio"": 0.7952918528405853, ""kp_mean_conf"": 0.8295836746692657, ""visible"": 16, ""bbox_ar"": 0.6451286783529074}"
V2_ORIGINAL::IMG_003739,c8cb3323d15195f6ab37a8612bda59fe1b5c5709447488b249b6ad10f803b39d,1,0.3533549904823303,884.3876953125,328.80084228515625,993.2171630859375,477.58905029296875,0.007808903109786721,background,"[[860.6787109375,392.4598388671875,0.844354510307312],[861.7661743164062,383.7330627441406,0.8700873851776123],[856.1636352539062,385.60986328125,0.48406916856765747],[877.3334350585938,367.300048828125,0.8501986861228943],[870.5255737304688,371.5338134765625,0.16860882937908173],[920.03173828125,369.1285400390625,0.9835981726646423],[877.4815673828125,373.1379089355469,0.9605171084403992],[921.2139282226562,430.4322814941406,0.9449996948242188],[869.5287475585938,435.50201416015625,0.7514034509658813],[884.3556518554688,455.1119689941406,0.8904925584793091],[864.3455200195312,459.4600524902344,0.6952763795852661],[974.2145385742188,396.23016357421875,0.9599282145500183],[944.0313720703125,396.9870300292969,0.9386913776397705],[928.3958129882812,442.1103820800781,0.8924871683120728],[879.7344360351562,440.9303283691406,0.8055199980735779],[952.9389038085938,469.8619079589844,0.7522326111793518],[898.5349731445312,463.78082275390625,0.6494823098182678]]",GEOM_LYING,"{""torso_angle"": 22.88038341651952, ""shoulder_hip_dy"": 0.17121902774120026, ""y_band_ratio"": 0.6770252109940904, ""kp_mean_conf"": 0.8295836746692657, ""visible"": 16, ""bbox_ar"": 0.7314387963307087}"
V2_ORIGINAL::IMG_003739,c8cb3323d15195f6ab37a8612bda59fe1b5c5709447488b249b6ad10f803b39d,2,0.34026986360549927,831.9463500976562,332.6483459472656,992.1984252929688,476.1585388183594,0.011090763030127467,primary,"[[860.6787109375,392.4598388671875,0.844354510307312],[861.7661743164062,383.7330627441406,0.8700873851776123],[856.1636352539062,385.60986328125,0.48406916856765747],[877.3334350585938,367.300048828125,0.8501986861228943],[870.5255737304688,371.5338134765625,0.16860882937908173],[920.03173828125,369.1285400390625,0.9835981726646423],[877.4815673828125,373.1379089355469,0.9605171084403992],[921.2139282226562,430.4322814941406,0.9449996948242188],[869.5287475585938,435.50201416015625,0.7514034509658813],[884.3556518554688,455.1119689941406,0.8904925584793091],[864.3455200195312,459.4600524902344,0.6952763795852661],[974.2145385742188,396.23016357421875,0.9599282145500183],[944.0313720703125,396.9870300292969,0.9386913776397705],[928.3958129882812,442.1103820800781,0.8924871683120728],[879.7344360351562,440.9303283691406,0.8055199980735779],[952.9389038085938,469.8619079589844,0.7522326111793518],[898.5349731445312,463.78082275390625,0.6494823098182678]]",GEOM_LYING,"{""torso_angle"": 22.88038341651952, ""shoulder_hip_dy"": 0.17751611787837301, ""y_band_ratio"": 0.7019248312933728, ""kp_mean_conf"": 0.8295836746692657, ""visible"": 16, ""bbox_ar"": 1.1166598831015226}"
V2_ORIGINAL::IMG_003740,95ef71cca5f36a01b13631fe23712631906745bb360b3232c4788152083d3e8e,0,0.869428813457489,1022.7680053710938,396.418212890625,1459.3902587890625,669.8123168945312,0.057566526698192545,primary,"[[1105.6158447265625,486.7006530761719,0.7565121054649353],[1105.2479248046875,472.986328125,0.8623795509338379],[1103.5924072265625,472.0967102050781,0.16407930850982666],[1134.8551025390625,442.12774658203125,0.9489246606826782],[1132.8853759765625,442.0882873535156,0.09176534414291382],[1181.403076171875,458.0896911621094,0.9956843852996826],[1217.02001953125,443.71087646484375,0.9193614721298218],[1139.194091796875,568.39013671875,0.9904605746269226],[1168.34130859375,533.3281860351562,0.571792721748352],[1063.676025390625,585.2372436523438,0.9657335877418518],[1096.2197265625,569.0286865234375,0.5550456643104553],[1364.1944580078125,537.9255981445312,0.9911748170852661],[1385.256103515625,532.0841674804688,0.9611896872520447],[1240.09130859375,625.8970947265625,0.9728115200996399],[1277.744140625,609.0108032226562,0.8815619945526123],[1372.386474609375,635.940185546875,0.8698390126228333],[1373.252197265625,622.9043579101562,0.7230349183082581]]",GEOM_UPRIGHT_OR_LIMB_SUPPORTED,"{""torso_angle"": 25.603320821665488, ""shoulder_hip_dy"": 0.3076313562264011, ""y_band_ratio"": 0.7031216338128663, ""kp_mean_conf"": 0.8643671115239461, ""visible"": 15, ""bbox_ar"": 1.597043414702646}"
V2_ORIGINAL::IMG_003741,0fd7a8679875274d283899f60951ec8bbfb07d48c512677d4326f8c28f1490dd,0,0.9087091088294983,468.6360168457031,231.7685546875,890.3706665039062,798.6632690429688,0.11529665497289292,primary,"[[829.5867919921875,386.85711669921875,0.8091737031936646],[820.7611083984375,365.9732666015625,0.1501004695892334],[827.9439697265625,369.3250427246094,0.8383558392524719],[762.0971069335938,317.8868713378906,0.06702643632888794],[787.91162109375,336.6860046386719,0.9065591096878052],[675.0866088867188,336.39129638671875,0.9618011116981506],[721.8882446289062,398.5299072265625,0.9952678084373474],[682.9443359375,448.1546630859375,0.7920039296150208],[687.8511352539062,572.4545288085938,0.9898423552513123],[799.9415283203125,530.4580688476562,0.7929505705833435],[822.9249267578125,577.0239868164062,0.9748100638389587],[536.2608642578125,550.5807495117188,0.9843721985816956],[570.5286865234375,584.1494750976562,0.9942845702171326],[711.6207275390625,637.6329345703125,0.9377043843269348],[756.1756591796875,688.9768676757812,0.9798190593719482],[566.6508178710938,712.2866821289062,0.7760269641876221],[589.136962890625,754.1768798828125,0.8686512112617493]]",GEOM_UPRIGHT_OR_LIMB_SUPPORTED,"{""torso_angle"": 125.97251243753516, ""shoulder_hip_dy"": 0.3526307538875687, ""y_band_ratio"": 0.7369720918479462, ""kp_mean_conf"": 0.9067748586336771, ""visible"": 15, ""bbox_ar"": 0.7439382287021226}"
V2_ORIGINAL::IMG_003742,c9a1818d75502dd3d49f09aec32fd72a5c3d4f4753628f8e446bd05431687831,0,0.9165133833885193,920.5695190429688,283.36541748046875,1246.4818115234375,684.1824340820312,0.06299729588435443,primary,"[[1127.691650390625,421.4089050292969,0.8415743112564087],[1138.78125,405.43280029296875,0.4722011983394623],[1114.157958984375,403.2049560546875,0.7371532320976257],[1163.7537841796875,366.28173828125,0.12071584910154343],[1081.1317138671875,364.8077087402344,0.4930935502052307],[1180.531982421875,345.6268615722656,0.950745165348053],[1007.3027954101562,377.54461669921875,0.970990002155304],[1227.5482177734375,443.5165100097656,0.9287276268005371],[995.4313354492188,538.7177124023438,0.9613955616950989],[1185.2763671875,555.7635498046875,0.9448177814483643],[1087.2880859375,615.9187622070312,0.9604732394218445],[1084.751953125,427.7293395996094,0.9859031438827515],[970.478759765625,444.1978454589844,0.9883084297180176],[1160.3258056640625,480.2266845703125,0.9698197245597839],[1040.97412109375,506.6243896484375,0.975906252861023],[1104.6812744140625,582.4658813476562,0.9073959589004517],[1040.2880859375,589.2903442382812,0.9158452749252319]]",GEOM_UPRIGHT_OR_LIMB_SUPPORTED,"{""torso_angle"": 131.7145041287182, ""shoulder_hip_dy"": 0.18556560802779234, ""y_band_ratio"": 0.607917010939265, ""kp_mean_conf"": 0.8752719033509493, ""visible"": 16, ""bbox_ar"": 0.813119900057652}"
V2_ORIGINAL::IMG_003743,c01f918d19a67837bd2ac6ffef2744eda19c79753cb42a35e8813f6607eed406,0,0.942428708076477,277.9626159667969,71.599365234375,1083.7908935546875,975.3310546875,0.3512020402746943,primary,"[[543.6969604492188,259.3250427246094,0.9505423903465271],[557.1123046875,226.7064666748047,0.9847560524940491],[552.8630981445312,236.19007873535156,0.191410094499588],[640.8071899414062,220.2609100341797,0.9824656248092651],[620.4849853515625,225.1983184814453,0.013647717423737049],[713.3055419921875,351.81005859375,0.9963448643684387],[750.0244750976562,334.9355163574219,0.8813682198524475],[532.7677001953125,588.8923950195312,0.9945713877677917],[628.397216796875,522.38916015625,0.3965623676776886],[327.52203369140625,663.3975219726562,0.9874374270439148],[477.4117126464844,611.2597045898438,0.5844243764877319],[1002.5674438476562,707.5828247070312,0.985275387763977],[1022.2090454101562,690.386962890625,0.9173479080200195],[628.9661865234375,604.4007568359375,0.9893600940704346],[668.0730590820312,579.147216796875,0.9208025336265564],[848.1885375976562,867.8611450195312,0.954702615737915],[854.9243774414062,843.0767822265625,0.8646312952041626]]",GEOM_UPRIGHT_OR_LIMB_SUPPORTED,"{""torso_angle"": 51.71213600556825, ""shoulder_hip_dy"": 0.3934930139922765, ""y_band_ratio"": 0.5896945242504427, ""kp_mean_conf"": 0.8927061696847279, ""visible"": 15, ""bbox_ar"": 0.8916676121820198}"
V2_ORIGINAL::IMG_003744,1ed23067edcea8314d40a89b2f0099b09a4158392f566ffda462ffbf94f69dec,0,0.915317952632904,842.9351806640625,259.99200439453125,1200.580810546875,751.2749633789062,0.0847343765994689,primary,"[[880.1839599609375,370.60760498046875,0.27781859040260315],[875.9506225585938,355.141845703125,0.4824228584766388],[887.7978515625,350.2563171386719,0.022156616672873497],[894.6732788085938,330.6449279785156,0.9162178039550781],[939.6813354492188,318.7325134277344,0.04578400403261185],[937.5771484375,367.91448974609375,0.988021731376648],[1013.6675415039062,338.9043273925781,0.8321927189826965],[883.0552978515625,494.38128662109375,0.9648109674453735],[962.2784423828125,443.3154602050781,0.3300352394580841],[863.7015380859375,515.0076293945312,0.8499544262886047],[890.9068603515625,501.29443359375,0.24920342862606049],[1098.146728515625,555.9445190429688,0.9881933331489563],[1159.7850341796875,543.7365112304688,0.9533026814460754],[899.817138671875,536.9923706054688,0.9862356781959534],[1004.56494140625,516.881591796875,0.9421018958091736],[980.7185668945312,698.7778930664062,0.9638569355010986],[1114.3477783203125,681.1922607421875,0.9183697700500488]]",GEOM_UPRIGHT_OR_LIMB_SUPPORTED,"{""torso_angle"": 52.022695331984195, ""shoulder_hip_dy"": 0.39983293329258385, ""y_band_ratio"": 0.732517908656534, ""kp_mean_conf"": 0.7761825372775396, ""visible"": 15, ""bbox_ar"": 0.7279829746632577}"
V2_ORIGINAL::IMG_003744,1ed23067edcea8314d40a89b2f0099b09a4158392f566ffda462ffbf94f69dec,1,0.6335554718971252,1210.5445556640625,0.0930633544921875,1312.44384765625,138.25767517089844,0.006789581463381183,background,"[[1280.9300537109375,41.48111343383789,0.7487908601760864],[1278.1773681640625,34.25802993774414,0.2443491816520691],[1277.95751953125,34.26681900024414,0.8314637541770935],[1255.0103759765625,32.0035400390625,0.1080547347664833],[1261.746826171875,31.419897079467773,0.9288193583488464],[1235.77880859375,55.06410598754883,0.8890859484672546],[1250.5186767578125,59.01813507080078,0.9826672673225403],[1263.613037109375,96.71578979492188,0.36764806509017944],[1273.685791015625,105.02041625976562,0.9493136405944824],[1297.025634765625,97.45156860351562,0.31243452429771423],[1303.341796875,100.75698852539062,0.8439329862594604],[1233.199462890625,142.78330993652344,0.6511592268943787],[1244.4656982421875,147.6824493408203,0.8372983336448669],[1268.9642333984375,173.3751983642578,0.1324944645166397],[1290.283203125,176.99594116210938,0.3432300388813019],[1269.0128173828125,191.94650268554688,0.05214002728462219],[1290.584228515625,199.04754638671875,0.11846399307250977]]",GEOM_UPRIGHT_OR_LIMB_SUPPORTED,"{""torso_angle"": 92.80185718870982, ""shoulder_hip_dy"": 0.6383093177773095, ""y_band_ratio"": 0.882511328853036, ""kp_mean_conf"": 0.6869379373697134, ""visible"": 13, ""bbox_ar"": 0.7375209227062551}"
V2_ORIGINAL::IMG_003744,1ed23067edcea8314d40a89b2f0099b09a4158392f566ffda462ffbf94f69dec,2,0.5286837816238403,1082.20361328125,61.46195983886719,1164.6893310546875,243.2073211669922,0.007229647270998814,background,[],GEOM_UNCERTAIN,null
V2_ORIGINAL::IMG_003744,1ed23067edcea8314d40a89b2f0099b09a4158392f566ffda462ffbf94f69dec,3,0.3424091935157776,1077.5765380859375,2.4578933715820312,1169.132568359375,242.48373413085938,0.010597903714778012,primary,[],GEOM_UNCERTAIN,null
V2_ORIGINAL::IMG_003744,1ed23067edcea8314d40a89b2f0099b09a4158392f566ffda462ffbf94f69dec,4,0.20162233710289001,1210.85009765625,1.9633026123046875,1315.4835205078125,202.8105010986328,0.01013470768121705,primary,"[[1280.9300537109375,41.48111343383789,0.7487908601760864],[1278.1773681640625,34.25802993774414,0.2443491816520691],[1277.95751953125,34.26681900024414,0.8314637541770935],[1255.0103759765625,32.0035400390625,0.1080547347664833],[1261.746826171875,31.419897079467773,0.9288193583488464],[1235.77880859375,55.06410598754883,0.8890859484672546],[1250.5186767578125,59.01813507080078,0.9826672673225403],[1263.613037109375,96.71578979492188,0.36764806509017944],[1273.685791015625,105.02041625976562,0.9493136405944824],[1297.025634765625,97.45156860351562,0.31243452429771423],[1303.341796875,100.75698852539062,0.8439329862594604],[1233.199462890625,142.78330993652344,0.6511592268943787],[1244.4656982421875,147.6824493408203,0.8372983336448669],[1268.9642333984375,173.3751983642578,0.1324944645166397],[1290.283203125,176.99594116210938,0.3432300388813019],[1269.0128173828125,191.94650268554688,0.05214002728462219],[1290.584228515625,199.04754638671875,0.11846399307250977]]",GEOM_UPRIGHT_OR_LIMB_SUPPORTED,"{""torso_angle"": 92.80185718870982, ""shoulder_hip_dy"": 0.4390987764536849, ""y_band_ratio"": 0.6070875575735779, ""kp_mean_conf"": 0.6869379373697134, ""visible"": 13, ""bbox_ar"": 0.5209603302417236}"
V2_ORIGINAL::IMG_003745,ea21f40aae14122b6aad0d2b26e191b6a5831ee2cfd5243299715cfeceda9682,0,0.888231635093689,785.313720703125,383.19232177734375,1109.4127197265625,829.6653442382812,0.0697827255355703,primary,"[[847.2359619140625,475.4529724121094,0.4072227478027344],[846.7520141601562,460.8769226074219,0.5939036011695862],[861.379638671875,459.591796875,0.04374442994594574],[868.4903564453125,453.9742126464844,0.9206843376159668],[922.5862426757812,445.68048095703125,0.07651988416910172],[883.6655883789062,509.6259460449219,0.9891030788421631],[980.5330810546875,496.4022521972656,0.8600872159004211],[833.1070556640625,611.68212890625,0.9675553441047668],[932.5405883789062,593.7390747070312,0.3467283844947815],[795.4369506835938,596.919677734375,0.8917758464813232],[825.6885375976562,598.3084716796875,0.31108418107032776],[987.0657348632812,698.6640625,0.9819533824920654],[1062.3597412109375,690.4891357421875,0.9277028441429138],[822.6778564453125,629.675537109375,0.9798538088798523],[929.001220703125,617.0328369140625,0.9150097370147705],[892.4541015625,783.2764892578125,0.9489157795906067],[1019.2622680664062,761.0555419921875,0.8836166858673096]]",GEOM_UPRIGHT_OR_LIMB_SUPPORTED,"{""torso_angle"": 64.19794594204734, ""shoulder_hip_dy"": 0.42905727863268617, ""y_band_ratio"": 0.6425343136732206, ""kp_mean_conf"": 0.7950131316979726, ""visible"": 15, ""bbox_ar"": 0.7259094787788513}"
V2_ORIGINAL::IMG_003746,1e4dc4cdacc66d3065bdf94b0485b2471346e343c932d4b151577c9ce4914840,0,0.8662278652191162,761.014892578125,209.24546813964844,1121.2376708984375,637.5496215820312,0.07440437505745784,primary,"[[846.8569946289062,319.0643005371094,0.4164793789386749],[843.8530883789062,305.4864807128906,0.6078031659126282],[862.9768676757812,298.4528503417969,0.03956739977002144],[866.2655639648438,290.3409423828125,0.9221933484077454],[930.237548828125,268.9470520019531,0.06595666706562042],[892.6131591796875,343.7696228027344,0.9887810945510864],[995.8063354492188,289.6059265136719,0.836530327796936],[831.9473876953125,462.7855224609375,0.9748689532279968],[933.7913818359375,365.7281188964844,0.4016379714012146],[774.6571655273438,462.9537353515625,0.9123836159706116],[809.6728515625,421.76129150390625,0.37345579266548157],[1000.510498046875,528.65625,0.9643388390541077],[1073.16357421875,503.1454772949219,0.8639771342277527],[865.9118041992188,452.41619873046875,0.9208666682243347],[930.8054809570312,413.3302307128906,0.7250356078147888],[905.40625,584.1319580078125,0.7762030363082886],[964.7334594726562,545.5794067382812,0.5916843414306641]]",GEOM_UPRIGHT_OR_LIMB_SUPPORTED,"{""torso_angle"": 65.06317983963972, ""shoulder_hip_dy"": 0.4651206097072247, ""y_band_ratio"": 0.6876562581216281, ""kp_mean_conf"": 0.7517492850621541, ""visible"": 15, ""bbox_ar"": 0.8410443266195669}"
V2_ORIGINAL::IMG_003747,ebc7a165a2f361248ae7b5da7d777e9a8cefcac5782919f245795395f5e4dad4,0,0.9202646613121033,1019.4039916992188,333.27764892578125,1346.8480224609375,710.7136840820312,0.05960126191468185,primary,"[[1273.7901611328125,427.2484130859375,0.8734444975852966],[1277.3487548828125,414.7879333496094,0.26030176877975464],[1271.399658203125,412.37890625,0.9216355681419373],[1251.7008056640625,400.7240295410156,0.049822140485048294],[1241.8370361328125,395.263916015625,0.9241500496864319],[1183.5604248046875,426.2713623046875,0.9282925724983215],[1187.3173828125,417.9881591796875,0.9918510317802429],[1231.0606689453125,515.6825561523438,0.7158531546592712],[1231.7799072265625,516.9185180664062,0.9850694537162781],[1301.270751953125,587.104736328125,0.7772071361541748],[1302.59912109375,596.457763671875,0.9714965224266052],[1040.179443359375,557.5289916992188,0.972985029220581],[1046.4595947265625,557.4872436523438,0.9904146194458008],[1197.64013671875,505.713623046875,0.9618424773216248],[1224.2286376953125,506.1145935058594,0.9877882599830627],[1148.801025390625,635.8975219726562,0.9413716793060303],[1191.1729736328125,641.3862915039062,0.9685099124908447]]",GEOM_UPRIGHT_OR_LIMB_SUPPORTED,"{""torso_angle"": 136.3915662722409, ""shoulder_hip_dy"": 0.35867893980380056, ""y_band_ratio"": 0.5918834226619007, ""kp_mean_conf"": 0.8857633583247662, ""visible"": 16, ""bbox_ar"": 0.8675484062515767}"
V2_ORIGINAL::IMG_003748,f7ed8f5d26dcd88e619f034c2433fcc5e45099454abf424c90e0f40b041529f1,0,0.884780764579773,880.6270751953125,366.1787109375,1295.089599609375,851.5775756835938,0.0970195017507649,primary,"[[1205.698974609375,517.439697265625,0.8627200126647949],[1206.8514404296875,499.2604064941406,0.2181016206741333],[1197.9217529296875,502.6093444824219,0.9246147274971008],[1181.1705322265625,463.8747253417969,0.04717467352747917],[1154.0482177734375,475.13995361328125,0.9594670534133911],[1135.768798828125,471.36346435546875,0.9574785232543945],[1073.48583984375,509.3868713378906,0.9970248341560364],[1152.4288330078125,555.1926879882812,0.7800320386886597],[1088.1785888671875,644.5630493164062,0.9934641718864441],[1214.4603271484375,630.0294799804688,0.761238157749176],[1188.0064697265625,714.703857421875,0.9778320789337158],[996.5057983398438,587.3417358398438,0.9901375770568848],[947.0789794921875,609.5281982421875,0.9969419836997986],[1154.9549560546875,659.2540893554688,0.9740308523178101],[1073.4083251953125,696.4816284179688,0.9925179481506348],[1067.166748046875,745.9094848632812,0.9204227924346924],[979.76025390625,785.8673095703125,0.9595071077346802]]",GEOM_UPRIGHT_OR_LIMB_SUPPORTED,"{""torso_angle"": 140.8720134389417, ""shoulder_hip_dy"": 0.22262062613364517, ""y_band_ratio"": 0.6479286789831222, ""kp_mean_conf"": 0.8915957175195217, ""visible"": 16, ""bbox_ar"": 0.8538596904853966}"
V2_ORIGINAL::IMG_003749,57fb50e97101ae1cda04436212fb0824c636fe0e3c9191df396359df86b78885,0,0.6737255454063416,998.2806396484375,257.8260498046875,1106.8553466796875,405.8731689453125,0.0077518193419723784,background,"[[1068.604248046875,300.24212646484375,0.8298724293708801],[1076.306396484375,295.3516540527344,0.6968508362770081],[1066.7855224609375,292.1484375,0.7691522240638733],[1087.073974609375,292.7941589355469,0.4658493101596832],[1059.023681640625,284.2852783203125,0.6121048331260681],[1090.113037109375,307.456298828125,0.9768924713134766],[1035.47216796875,295.7668151855469,0.9853396415710449],[1090.3011474609375,345.0137023925781,0.8880837559700012],[1018.2748413085938,328.1321105957031,0.937680721282959],[1072.5787353515625,356.06781005859375,0.8404435515403748],[1038.2911376953125,348.11151123046875,0.8897186517715454],[1060.5118408203125,344.29632568359375,0.9704148769378662],[1024.0513916015625,339.1121520996094,0.9744910597801208],[1074.854248046875,350.2917785644531,0.8975769877433777],[1028.2568359375,346.1231994628906,0.9105936288833618],[1064.114990234375,379.0206298828125,0.7973140478134155],[1027.212158203125,371.41802978515625,0.8145877122879028]]",GEOM_UPRIGHT_OR_LIMB_SUPPORTED,"{""torso_angle"": 117.09379852095168, ""shoulder_hip_dy"": 0.27081028065586965, ""y_band_ratio"": 0.5623467392039261, ""kp_mean_conf"": 0.8386451023466447, ""visible"": 17, ""bbox_ar"": 0.7333793974614158}"
V2_ORIGINAL::IMG_003750,1d65e08d16ef340f6405ccb60f352ea7050ebc21d5a07c0596a4300c3832ec60,0,0.8945773243904114,1025.900146484375,520.1852416992188,1422.833984375,1008.50390625,0.09347521297924687,primary,"[[1323.82177734375,645.2625122070312,0.4689235985279083],[1315.0133056640625,619.9443969726562,0.06834113597869873],[1325.58251953125,625.7703857421875,0.6162954568862915],[1240.0869140625,581.3732299804688,0.12276190519332886],[1310.6341552734375,601.4037475585938,0.937195897102356],[1150.9962158203125,617.5026245117188,0.922219455242157],[1310.5693359375,649.7858276367188,0.9852637052536011],[1171.9332275390625,744.1289672851562,0.4380873143672943],[1388.5496826171875,785.3902587890625,0.9137495160102844],[1272.98876953125,779.7312622070312,0.273540198802948],[1346.036865234375,779.656494140625,0.7208450436592102],[1039.5823974609375,879.4796142578125,0.9176027774810791],[1154.0892333984375,896.68896484375,0.9608924984931946],[1236.894287109375,762.7744140625,0.9011009335517883],[1356.301025390625,787.46484375,0.9604195952415466],[1146.59814453125,930.1126708984375,0.8877537250518799],[1277.42724609375,962.5413208007812,0.9309978485107422]]",GEOM_UPRIGHT_OR_LIMB_SUPPORTED,"{""torso_angle"": 117.76403102880779, ""shoulder_hip_dy"": 0.5210533242890264, ""y_band_ratio"": 0.706585107916106, ""kp_mean_conf"": 0.7889925042788187, ""visible"": 15, ""bbox_ar"": 0.8128582147392956}"
V2_ORIGINAL::IMG_003750,1d65e08d16ef340f6405ccb60f352ea7050ebc21d5a07c0596a4300c3832ec60,1,0.3868531882762909,1223.9185791015625,506.2210693359375,1352.6385498046875,635.3307495117188,0.008014561270117864,background,[],GEOM_UNCERTAIN,null
V2_ORIGINAL::IMG_003751,96b35071dbdb8c08a0b6cdcea3b29254263c2e8f23bc580f16a05affdaef1cb4,0,0.8554500341415405,1097.1982421875,363.4944763183594,1518.4554443359375,860.6592407226562,0.10100030751337828,primary,"[[1398.7738037109375,470.46966552734375,0.4279119670391083],[1389.2236328125,452.4154357910156,0.05036220699548721],[1397.7244873046875,455.1497802734375,0.551302433013916],[1332.787841796875,433.36358642578125,0.049481578171253204],[1376.7740478515625,443.2780456542969,0.9114465713500977],[1278.2474365234375,470.2383728027344,0.9268152713775635],[1339.686767578125,498.3404846191406,0.9800001382827759],[1350.28759765625,551.4369506835938,0.6278091073036194],[1418.4481201171875,611.668701171875,0.9358877539634705],[1438.7208251953125,572.1204223632812,0.5039696097373962],[1464.8819580078125,567.1158447265625,0.8397781848907471],[1153.2701416015625,698.3215942382812,0.950287401676178],[1190.891357421875,716.6319580078125,0.9705754518508911],[1372.6309814453125,596.7659912109375,0.9212833046913147],[1389.5740966796875,626.2489624023438,0.9616934657096863],[1254.0648193359375,753.6641235351562,0.8757537007331848],[1260.7083740234375,775.75634765625,0.9106861352920532]]",GEOM_UPRIGHT_OR_LIMB_SUPPORTED,"{""torso_angle"": 121.52182520052396, ""shoulder_hip_dy"": 0.4489202843639424, ""y_band_ratio"": 0.614520570900851, ""kp_mean_conf"": 0.8196800331274668, ""visible"": 15, ""bbox_ar"": 0.8473191028595684}"
V2_ORIGINAL::IMG_003751,96b35071dbdb8c08a0b6cdcea3b29254263c2e8f23bc580f16a05affdaef1cb4,1,0.8465516567230225,233.90652465820312,2.19287109375,409.4600830078125,523.0087280273438,0.04409291904397833,primary,"[[273.79315185546875,32.57267761230469,0.21476289629936218],[278.3310546875,20.505523681640625,0.29348185658454895],[279.7970275878906,17.789474487304688,0.04257380589842796],[290.2775573730469,27.991790771484375,0.9061395525932312],[330.4909973144531,22.038162231445312,0.24390938878059387],[278.1982727050781,90.74004364013672,0.9928406476974487],[363.6352233886719,81.99317169189453,0.9327749013900757],[252.33106994628906,172.30047607421875,0.9497808814048767],[376.9494934082031,177.4906768798828,0.4492509663105011],[257.940673828125,191.9398956298828,0.7574281692504883],[355.5557556152344,222.29562377929688,0.24665746092796326],[301.2792663574219,255.12254333496094,0.9974677562713623],[362.7662048339844,251.73854064941406,0.991672694683075],[303.3578186035156,374.79254150390625,0.9971728324890137],[370.0029602050781,366.6612243652344,0.9918100237846375],[316.7615661621094,496.40216064453125,0.9933229088783264],[385.18902587890625,481.5413818359375,0.9872288703918457]]",GEOM_UPRIGHT_OR_LIMB_SUPPORTED,"{""torso_angle"": 86.19671755180312, ""shoulder_hip_dy"": 0.3207735173613833, ""y_band_ratio"": 0.7956919579840589, ""kp_mean_conf"": 0.7466063629835844, ""visible"": 16, ""bbox_ar"": 0.3370741424487642}"
V2_ORIGINAL::IMG_003752,9d51842db456f20284d6d821eea6fc180cf491666bb736d8adecd47b93d88344,0,0.9161405563354492,679.9268798828125,276.33544921875,1158.78173828125,800.2592163085938,0.12098931389920095,primary,"[[900.6494750976562,456.7218017578125,0.9879034161567688],[919.9013671875,431.8135986328125,0.9741360545158386],[877.572509765625,431.80169677734375,0.9347177743911743],[974.361572265625,393.6506652832031,0.8709090948104858],[857.8425903320312,399.6757507324219,0.4656863808631897],[1064.10400390625,413.8341369628906,0.9960854053497314],[850.2293701171875,423.4800109863281,0.9945197701454163],[1121.810791015625,566.426025390625,0.984560489654541],[781.9412841796875,566.6973266601562,0.9727591276168823],[1043.5535888671875,656.379150390625,0.9811009168624878],[741.5216674804688,695.1980590820312,0.9665942192077637],[1079.1539306640625,542.04052734375,0.9965161085128784],[938.71826171875,543.2939453125,0.9956153631210327],[1082.3671875,580.8563842773438,0.9920997023582458],[895.517578125,573.0719604492188,0.990179181098938],[1075.766357421875,729.647705078125,0.9672908186912537],[916.1103515625,720.00146484375,0.965435802936554]]",GEOM_UPRIGHT_OR_LIMB_SUPPORTED,"{""torso_angle"": 67.34136548104541, ""shoulder_hip_dy"": 0.2366950502023132, ""y_band_ratio"": 0.6027853438858747, ""kp_mean_conf"": 0.9433005662525401, ""visible"": 17, ""bbox_ar"": 0.9139781175766403}"
V2_ORIGINAL::IMG_003753,21e39b5f62d3e42f57b1f4a6eb3d6e2de4b48a193a7508edd3dc2914c62b7452,0,0.8999202847480774,781.9033813476562,400.094970703125,1148.1051025390625,829.5380859375,0.07584047451419153,primary,"[[1056.901123046875,496.2497863769531,0.5223745703697205],[1053.4053955078125,479.54718017578125,0.04590514674782753],[1054.2818603515625,482.3963928222656,0.7230068445205688],[1009.4417724609375,465.26971435546875,0.034137967973947525],[1033.79345703125,472.740234375,0.9534252285957336],[949.358642578125,498.242431640625,0.8966788053512573],[1002.2286987304688,512.44140625,0.9941761493682861],[999.8470458984375,577.156005859375,0.4850923418998718],[1065.2176513671875,608.9186401367188,0.9859129786491394],[1077.933837890625,618.2499389648438,0.44978928565979004],[1128.94482421875,629.1038818359375,0.9474033713340759],[829.4783935546875,681.06591796875,0.9685008525848389],[865.806884765625,690.6813354492188,0.9922542572021484],[985.7005615234375,637.1734008789062,0.9507614374160767],[1034.490478515625,653.4583740234375,0.9890673756599426],[891.0357666015625,770.4249267578125,0.921136736869812],[942.0960083007812,790.9071044921875,0.9662632942199707]]",GEOM_UPRIGHT_OR_LIMB_SUPPORTED,"{""torso_angle"": 125.36916383382085, ""shoulder_hip_dy"": 0.4203856142044424, ""y_band_ratio"": 0.6814981134156415, ""kp_mean_conf"": 0.8497229019800822, ""visible"": 15, ""bbox_ar"": 0.8527362721638841}"
V2_ORIGINAL::IMG_003754,4db498f7d89028b884b3ad72b466542296ceea8b6434cec90c51d30a21bdcd22,0,0.9192345142364502,849.7265625,351.5779724121094,1254.9254150390625,947.9026489257812,0.11652684927858192,primary,"[[1105.7017822265625,448.25244140625,0.3502362072467804],[1091.3199462890625,426.42352294921875,0.03525658696889877],[1102.1868896484375,430.55712890625,0.5637849569320679],[1005.8295288085938,418.4612731933594,0.09325768798589706],[1082.8018798828125,435.52874755859375,0.9541454315185547],[924.229248046875,484.9134521484375,0.8650436997413635],[1101.251953125,526.361083984375,0.9874570965766907],[955.9739379882812,577.3663330078125,0.2591468095779419],[1188.827880859375,660.261474609375,0.9441335797309875],[1080.73095703125,554.9569091796875,0.17430484294891357],[1230.5052490234375,619.8526000976562,0.7935459017753601],[889.2420654296875,779.008544921875,0.8663869500160217],[1012.7080078125,804.6428833007812,0.9602199196815491],[1082.546142578125,669.067138671875,0.8467729687690735],[1218.1649169921875,699.5092163085938,0.9616038799285889],[968.7182006835938,838.9124145507812,0.8634763360023499],[1096.3074951171875,871.626708984375,0.9387353658676147]]",GEOM_UPRIGHT_OR_LIMB_SUPPORTED,"{""torso_angle"": 102.1788507766755, ""shoulder_hip_dy"": 0.4799205153106899, ""y_band_ratio"": 0.648494473005548, ""kp_mean_conf"": 0.7967635073832103, ""visible"": 14, ""bbox_ar"": 0.6794936860704817}"
V2_ORIGINAL::IMG_003755,5f443d6393dbe2f28eb5fa6a524207ee05b4d6e0649b8ef7fb3096a7391d9ee3,0,0.8894893527030945,779.75048828125,300.9669494628906,1100.5677490234375,638.335693359375,0.0521960437292162,primary,"[[1034.2598876953125,386.4254455566406,0.3304852843284607],[1028.8272705078125,367.9637145996094,0.04719378426671028],[1031.5208740234375,375.1333923339844,0.47025448083877563],[977.0540771484375,348.8070373535156,0.18384920060634613],[1020.2765502929688,372.98944091796875,0.9371610283851624],[927.7568359375,374.1464538574219,0.9231750965118408],[997.5247192382812,420.59466552734375,0.9939553141593933],[948.4566650390625,439.6644287109375,0.4940272271633148],[1035.8172607421875,520.761474609375,0.9720344543457031],[1031.729736328125,506.3233642578125,0.358597069978714],[1083.7423095703125,552.66748046875,0.8700371980667114],[827.077880859375,522.9412231445312,0.9398304224014282],[880.770263671875,544.531982421875,0.9815104007720947],[925.453369140625,491.8524475097656,0.837275505065918],[1006.5234985351562,528.431640625,0.9492619633674622],[848.25439453125,567.8549194335938,0.7484159469604492],[963.2944946289062,613.3914794921875,0.8654645681381226]]",GEOM_UPRIGHT_OR_LIMB_SUPPORTED,"{""torso_angle"": 128.5633156881303, ""shoulder_hip_dy"": 0.40420473312329674, ""y_band_ratio"": 0.7091499433870901, ""kp_mean_conf"": 0.7780990640322367, ""visible"": 15, ""bbox_ar"": 0.9509394884566562}"
V2_ORIGINAL::IMG_003756,0677f623922ae8c0833c4608b442c97f115863391363ec031746984b2a1f7bcc,0,0.8990350961685181,789.6670532226562,340.9476013183594,1180.0313720703125,750.952880859375,0.07718529690970846,primary,"[[833.0137939453125,453.5094299316406,0.9198078513145447],[840.4517822265625,435.3349304199219,0.958816409111023],[832.8863525390625,434.2638244628906,0.39252161979675293],[885.7888793945312,414.5331115722656,0.9658700823783875],[860.3589477539062,410.8911437988281,0.0805102065205574],[958.2962036132812,462.5785217285156,0.9951637983322144],[925.5795288085938,450.6374816894531,0.9559058547019958],[930.2201538085938,605.6585693359375,0.9864708781242371],[899.6593017578125,566.7081909179688,0.7342946529388428],[880.71923828125,661.3994750976562,0.9649772644042969],[848.0110473632812,622.982666015625,0.7049578428268433],[1131.9129638671875,603.4348754882812,0.987774670124054],[1110.1351318359375,594.1112060546875,0.9648016691207886],[933.9932250976562,575.9890747070312,0.9763385653495789],[912.9196166992188,560.9718017578125,0.9250699281692505],[1025.4859619140625,684.1280517578125,0.9129208922386169],[1025.4981689453125,666.979248046875,0.8429955244064331]]",GEOM_UPRIGHT_OR_LIMB_SUPPORTED,"{""torso_angle"": 38.44380779141424, ""shoulder_hip_dy"": 0.3467395327729634, ""y_band_ratio"": 0.5694818621110017, ""kp_mean_conf"": 0.8867929689586163, ""visible"": 16, ""bbox_ar"": 0.952095834679625}"
V2_ORIGINAL::IMG_003757,0701ddbdd49380437869cac2251251f3aa0b305fca47da6de7c2fa171e582854,0,0.9241607189178467,556.9847412109375,529.0493774414062,926.8235473632812,910.4019165039062,0.06801647751255789,primary,"[[688.535888671875,626.1181640625,0.7331445813179016],[691.0108032226562,610.4915771484375,0.8769229650497437],[697.0048828125,607.9228515625,0.12160703539848328],[725.0619506835938,594.7500610351562,0.9690593481063843],[745.0114135742188,586.6151733398438,0.07212862372398376],[767.6202392578125,646.1159057617188,0.9963058233261108],[800.7874755859375,622.2218017578125,0.9108309149742126],[686.8963012695312,769.5540161132812,0.988811731338501],[733.995849609375,718.0841674804688,0.47697967290878296],[632.0637817382812,855.5032348632812,0.9481670260429382],[653.3145141601562,809.9692993164062,0.39991670846939087],[892.3892211914062,819.8382568359375,0.9863244891166687],[914.7921752929688,805.4616088867188,0.9352343678474426],[710.2687377929688,741.3528442382812,0.970207154750824],[728.9058837890625,727.8687744140625,0.8583552241325378],[771.3983154296875,866.6563110351562,0.9067033529281616],[792.753662109375,856.4514770507812,0.7766119241714478]]",GEOM_UPRIGHT_OR_LIMB_SUPPORTED,"{""torso_angle"": 56.22124782017344, ""shoulder_hip_dy"": 0.46802121611759134, ""y_band_ratio"": 0.640967305156144, ""kp_mean_conf"": 0.8489050189654033, ""visible"": 15, ""bbox_ar"": 0.969808165068309}"
V2_ORIGINAL::IMG_003758,02d0518049b36e6c2705a4571f7092c9c48fd6f79e4979e7771788eb9107f992,0,0.8969681262969971,779.026123046875,129.9609832763672,1115.1361083984375,529.4273681640625,0.06474953740984032,primary,"[[1019.4710693359375,239.5249481201172,0.9355995655059814],[1020.9627685546875,223.3560333251953,0.36762166023254395],[1015.7523803710938,222.36520385742188,0.9608058929443359],[990.6460571289062,205.64517211914062,0.0473625473678112],[978.5068969726562,202.53897094726562,0.9668664932250977],[933.211669921875,235.8876953125,0.9670884013175964],[921.8408813476562,252.4446258544922,0.9932344555854797],[973.2345581054688,321.1300048828125,0.8014715313911438],[968.2172241210938,372.4324951171875,0.980430543422699],[1040.57373046875,359.9366760253906,0.790371298789978],[1060.74755859375,378.8775634765625,0.9610111713409424],[838.6904296875,403.1624450683594,0.9540838003158569],[828.0035400390625,416.7205810546875,0.9768061637878418],[991.5880737304688,365.41070556640625,0.8690546154975891],[980.60546875,385.84149169921875,0.9370878338813782],[917.5596313476562,468.169189453125,0.6974585056304932],[911.1105346679688,477.996826171875,0.7683631181716919]]",GEOM_UPRIGHT_OR_LIMB_SUPPORTED,"{""torso_angle"": 119.60151120565745, ""shoulder_hip_dy"": 0.4149919961967085, ""y_band_ratio"": 0.6060813625843405, ""kp_mean_conf"": 0.8704596906900406, ""visible"": 16, ""bbox_ar"": 0.8413974193249211}"
V2_ORIGINAL::IMG_003759,30bae33ef6a87738d1ee9d7d6ce2d42944cd954b3f4062fd6de26355e168188b,0,0.8896474838256836,930.8157348632812,532.9706420898438,1163.0859375,752.4631958007812,0.024586024270683994,primary,"[[980.4082641601562,595.5997314453125,0.8635066747665405],[980.8030395507812,586.5604858398438,0.8954684734344482],[973.08837890625,586.8570556640625,0.35415753722190857],[998.3826293945312,578.1824340820312,0.91656094789505],[992.3479614257812,577.2607421875,0.10736680775880814],[1039.8651123046875,601.7288818359375,0.9877215027809143],[1028.4232177734375,594.3532104492188,0.9618040919303894],[1020.0269775390625,665.7420043945312,0.9543343186378479],[1009.6427001953125,655.5108642578125,0.68574458360672],[984.3480834960938,711.5745849609375,0.9055516123771667],[982.14111328125,699.2538452148438,0.674530029296875],[1136.1474609375,673.9144287109375,0.9567055702209473],[1127.890869140625,669.654052734375,0.9254334568977356],[1031.099609375,660.245361328125,0.9168448448181152],[1029.34375,654.0819702148438,0.8177333474159241],[1042.8529052734375,726.2447509765625,0.848595380783081],[1046.7850341796875,714.0985717773438,0.7509591579437256]]",GEOM_UPRIGHT_OR_LIMB_SUPPORTED,"{""torso_angle"": 36.99592695302908, ""shoulder_hip_dy"": 0.33597128163716583, ""y_band_ratio"": 0.6008930066075926, ""kp_mean_conf"": 0.8384782206267118, ""visible"": 16, ""bbox_ar"": 1.0582144984408395}"
V2_ORIGINAL::IMG_003759,30bae33ef6a87738d1ee9d7d6ce2d42944cd954b3f4062fd6de26355e168188b,1,0.16360315680503845,1014.1362915039062,439.81927490234375,1056.2724609375,557.896484375,0.0023993640550664472,background,[],GEOM_UNCERTAIN,null
V2_ORIGINAL::IMG_003760,549d55d23c0e591fd1d4500c7b2ead5eb5f4f6657d9d5bad963feac31c5a9b2f,0,0.8986741304397583,817.3582763671875,441.4743347167969,1050.8536376953125,744.6893920898438,0.03414318546559015,primary,"[[1009.4735107421875,516.1912841796875,0.621221661567688],[1004.866943359375,503.05859375,0.12321744114160538],[1008.52880859375,506.0495910644531,0.6958140730857849],[971.68603515625,483.90911865234375,0.11078868061304092],[994.18505859375,494.3734436035156,0.8917801976203918],[930.5387573242188,503.36767578125,0.9271005392074585],[967.0565795898438,528.1028442382812,0.9910483956336975],[950.4490356445312,565.3771362304688,0.6570607423782349],[980.9100952148438,615.8731689453125,0.9778743386268616],[1008.2019653320312,608.0756225585938,0.6216895580291748],[1032.069580078125,641.0713500976562,0.9378596544265747],[849.150146484375,625.1868286132812,0.9614838361740112],[875.9541015625,638.0641479492188,0.9867572784423828],[957.272705078125,640.6926879882812,0.8952077627182007],[989.7145385742188,661.7174682617188,0.965142011642456],[894.0579223632812,699.8009643554688,0.7864091992378235],[925.242919921875,724.9089965820312,0.8804816007614136]]",GEOM_UPRIGHT_OR_LIMB_SUPPORTED,"{""torso_angle"": 126.6566345684954, ""shoulder_hip_dy"": 0.3822047271514755, ""y_band_ratio"": 0.7306408946842569, ""kp_mean_conf"": 0.853128723303477, ""visible"": 15, ""bbox_ar"": 0.7700651918511243}"
V2_ORIGINAL::IMG_003761,e94ff2a0fe9a16ac49da733e32db3d60fa436f385d1fcb0188577a76ff65c6ac,0,0.9141441583633423,915.4542846679688,444.24188232421875,1294.938720703125,834.3292846679688,0.07138893609318916,primary,"[[982.4236450195312,555.661376953125,0.7840870022773743],[985.1656494140625,536.2431640625,0.880365252494812],[981.4160766601562,540.1953735351562,0.2202037274837494],[1024.53564453125,504.312744140625,0.9439647793769836],[1013.3208618164062,514.7007446289062,0.0915701612830162],[1088.6397705078125,528.1289672851562,0.9910119771957397],[1071.9744873046875,540.5634155273438,0.9274447560310364],[1054.3712158203125,642.8650512695312,0.9750558137893677],[1048.9158935546875,651.1275634765625,0.6038604378700256],[962.8187866210938,678.6844482421875,0.9368909001350403],[991.5873413085938,676.65966796875,0.5675103068351746],[1230.3388671875,663.6117553710938,0.9850741624832153],[1217.237548828125,665.3259887695312,0.9576341509819031],[1077.261474609375,644.4837646484375,0.9803959727287292],[1072.8240966796875,647.2997436523438,0.9401998519897461],[1163.26806640625,778.6849365234375,0.9394799470901489],[1175.6456298828125,778.7060546875,0.8888179659843445]]",GEOM_UPRIGHT_OR_LIMB_SUPPORTED,"{""torso_angle"": 42.20481707956883, ""shoulder_hip_dy"": 0.3335731425374171, ""y_band_ratio"": 0.6423613936179667, ""kp_mean_conf"": 0.8451248127967119, ""visible"": 16, ""bbox_ar"": 0.9728189983965433}"
V2_ORIGINAL::IMG_003762,3cd2d69225587134247c61e84a90055f9263867f885b60900d79f8b8694c91d7,0,0.9108571410179138,704.5420532226562,307.92919921875,1134.9178466796875,717.8685302734375,0.08508293059023232,primary,"[[1056.271484375,479.91339111328125,0.7840758562088013],[1054.697021484375,470.9211120605469,0.2965508997440338],[1061.33154296875,464.59112548828125,0.7794646620750427],[1041.1812744140625,429.00054931640625,0.16923007369041443],[1052.1177978515625,421.4437255859375,0.821364164352417],[988.965087890625,416.68853759765625,0.942298173904419],[974.8068237304688,406.8371276855469,0.9930652379989624],[987.5684204101562,546.3052368164062,0.8401268720626831],[975.4932861328125,550.7223510742188,0.9891614317893982],[1046.73388671875,641.3082275390625,0.8507372736930847],[1048.657470703125,653.5814208984375,0.9732953906059265],[793.9186401367188,417.1293640136719,0.984505832195282],[772.4982299804688,414.63568115234375,0.9935245513916016],[947.89599609375,507.3296813964844,0.9769824743270874],[876.0418090820312,511.1459655761719,0.9912631511688232],[891.1650390625,643.929931640625,0.9316185116767883],[779.98779296875,652.8104858398438,0.9620892405509949]]",GEOM_LYING,"{""torso_angle"": 178.8121100730155, ""shoulder_hip_dy"": 0.010049511304043836, ""y_band_ratio"": 0.6000238072337661, ""kp_mean_conf"": 0.8818827327340841, ""visible"": 16, ""bbox_ar"": 1.049852407061711}"
V2_ORIGINAL::IMG_003763,7bf20fa13e69139b8874c930ee245517752c005e62842c8cf2cfcef474aec026,0,0.9219802618026733,741.84814453125,248.1346435546875,1316.9122314453125,959.6868896484375,0.19733224473936758,primary,"[[1232.47412109375,520.4147338867188,0.7776308655738831],[1219.3941650390625,503.1218566894531,0.18398639559745789],[1234.1719970703125,501.3409729003906,0.7763141989707947],[1175.343017578125,397.2917175292969,0.09017787128686905],[1207.64697265625,429.3362731933594,0.5830132365226746],[1074.7645263671875,331.2289123535156,0.7075443267822266],[1140.7064208984375,403.9219970703125,0.9832924008369446],[1074.9415283203125,544.5968627929688,0.4903675615787506],[1142.367919921875,661.2676391601562,0.9810963273048401],[1133.704345703125,740.2672119140625,0.697883129119873],[1181.0927734375,824.0958251953125,0.9564997553825378],[774.5934448242188,400.0264892578125,0.9386073350906372],[822.5132446289062,420.5365295410156,0.9833657145500183],[908.5955810546875,608.9268188476562,0.9614543914794922],[966.064697265625,642.2074584960938,0.990151584148407],[930.8963012695312,862.2500610351562,0.900786817073822],[975.0833740234375,891.4846801757812,0.9558209776878357]]",GEOM_LYING,"{""torso_angle"": 172.13573139612754, ""shoulder_hip_dy"": 0.06001815737627971, ""y_band_ratio"": 0.7873712308518939, ""kp_mean_conf"": 0.8455885748068491, ""visible"": 15, ""bbox_ar"": 0.8081825193737009}"
V2_ORIGINAL::IMG_003763,7bf20fa13e69139b8874c930ee245517752c005e62842c8cf2cfcef474aec026,1,0.5842598080635071,1173.4102783203125,329.3426513671875,1321.2264404296875,608.5045776367188,0.0199000021933943,primary,[],GEOM_UNCERTAIN,null
V2_ORIGINAL::IMG_003764,4e2129d39ced0b8e46b950449cd4ad48a5fa5bfc7391129916c226441a2ef9de,0,0.9188669919967651,619.0607299804688,339.82525634765625,1076.04541015625,887.426513671875,0.12068160949178423,primary,"[[1031.9150390625,458.397216796875,0.19232720136642456],[1022.3289184570312,435.7442626953125,0.017494486644864082],[1030.31396484375,443.5294494628906,0.3650113344192505],[951.0252685546875,395.43341064453125,0.13975322246551514],[1021.2667236328125,428.3687744140625,0.9320927262306213],[849.8500366210938,419.7223205566406,0.8555020093917847],[1003.8843994140625,465.1952819824219,0.9953646659851074],[835.4595947265625,562.2694702148438,0.28035879135131836],[1035.37060546875,627.44873046875,0.9807871580123901],[895.2110595703125,684.3986206054688,0.22627460956573486],[1043.511474609375,731.463134765625,0.8905137777328491],[654.925048828125,622.5485229492188,0.969924807548523],[767.9678344726562,640.0601196289062,0.9943844079971313],[834.5562744140625,608.766357421875,0.972252368927002],[982.1966552734375,638.859130859375,0.9955275654792786],[740.0418701171875,773.7615966796875,0.972167432308197],[894.6121215820312,825.7620849609375,0.990987241268158]]",GEOM_UPRIGHT_OR_LIMB_SUPPORTED,"{""torso_angle"": 138.76104168913113, ""shoulder_hip_dy"": 0.3448595442280391, ""y_band_ratio"": 0.7414880060508929, ""kp_mean_conf"": 0.8157963497298104, ""visible"": 14, ""bbox_ar"": 0.8345208745662429}"
V2_ORIGINAL::IMG_003765,73297f5338a958b2cbfb7d2852f21215f4f3c2796efdd1c0d411aca59420b63c,0,0.93133544921875,980.2875366210938,292.38665771484375,1432.554931640625,760.1392822265625,0.10202028404777391,primary,"[[1361.9395751953125,507.383056640625,0.4469354748725891],[1347.6051025390625,493.9232482910156,0.04473090544342995],[1360.2177734375,496.23980712890625,0.5225738883018494],[1312.3056640625,434.2936706542969,0.04614921286702156],[1344.8280029296875,454.6800842285156,0.8279271721839905],[1275.5771484375,400.2440185546875,0.8658605217933655],[1296.7459716796875,421.5027770996094,0.9917962551116943],[1309.86328125,551.9608764648438,0.7078961730003357],[1314.7266845703125,596.8679809570312,0.9912296533584595],[1366.5963134765625,674.372314453125,0.8218500018119812],[1382.6253662109375,714.9013061523438,0.9816297292709351],[1072.59375,387.40478515625,0.9817241430282593],[1090.23828125,392.51251220703125,0.9949931502342224],[1163.64013671875,504.26531982421875,0.9778183698654175],[1197.919921875,524.5751953125,0.994076132774353],[1135.3411865234375,677.84765625,0.9435166120529175],[1159.0445556640625,721.1917114257812,0.9735885262489319]]",GEOM_LYING,"{""torso_angle"": 174.16746901695288, ""shoulder_hip_dy"": 0.044713269470888516, ""y_band_ratio"": 0.7135971211662732, ""kp_mean_conf"": 0.8682277202606201, ""visible"": 15, ""bbox_ar"": 0.9668944038350349}"
V2_ORIGINAL::IMG_003766,bc4efb01b55985b35af985f38408d386d11cfd7fd11f6a739d781c11df2a5519,0,0.91398686170578,627.0847778320312,258.041748046875,1110.459228515625,788.3483276367188,0.12361914139811739,primary,"[[705.8999633789062,454.42633056640625,0.8994289636611938],[693.639404296875,432.4002685546875,0.8892174363136292],[693.1658935546875,436.57745361328125,0.4024333357810974],[700.6879272460938,375.49896240234375,0.7317162752151489],[683.1519165039062,384.2380676269531,0.1584509313106537],[774.220703125,362.0539855957031,0.9965718984603882],[787.9546508789062,365.2977294921875,0.8608444333076477],[805.2440795898438,509.5931701660156,0.9943361878395081],[815.9550170898438,504.3267517089844,0.4926568567752838],[770.0736694335938,660.0489501953125,0.9800002574920654],[781.6633911132812,623.13720703125,0.5858944058418274],[1006.6263427734375,395.7694091796875,0.9958208799362183],[1016.7184448242188,402.8993225097656,0.9700198173522949],[875.8950805664062,535.0379028320312,0.9952256679534912],[884.1361083984375,540.5339965820312,0.9641887545585632],[974.5862426757812,717.9013061523438,0.9722620844841003],[946.6171875,721.355712890625,0.9032934308052063]]",GEOM_LYING,"{""torso_angle"": 8.790804756662947, ""shoulder_hip_dy"": 0.06724130846794452, ""y_band_ratio"": 0.6775358653343835, ""kp_mean_conf"": 0.852119417861104, ""visible"": 16, ""bbox_ar"": 0.9115000063877223}"
V2_ORIGINAL::IMG_003767,831c2c6bfb1688043d0446b34aafb679bf35a3f31111dcd322a6256278fdef1d,0,0.9025030732154846,492.11773681640625,375.66339111328125,883.3885498046875,926.4526977539062,0.10392929195338015,primary,"[[584.8200073242188,623.4248657226562,0.8681672811508179],[580.9180908203125,608.5424194335938,0.7232398986816406],[575.53564453125,606.747314453125,0.5149109363555908],[608.547607421875,560.8694458007812,0.34429702162742615],[563.2366333007812,561.2542724609375,0.17133229970932007],[700.0048828125,528.92236328125,0.9844787120819092],[590.9309692382812,530.5844116210938,0.9346529245376587],[691.7507934570312,681.6886596679688,0.9815540313720703],[573.2521362304688,676.9370727539062,0.8847337961196899],[668.6466064453125,816.9727172851562,0.9782688021659851],[556.2047729492188,807.6841430664062,0.9182519316673279],[833.9308471679688,459.5054626464844,0.9964028596878052],[759.0485229492188,462.7947998046875,0.992527961730957],[748.5093994140625,618.8975830078125,0.9969016313552856],[647.3617553710938,628.0185546875,0.9930863976478577],[756.6236572265625,822.2357177734375,0.9859843850135803],[664.6228637695312,832.197021484375,0.9766991138458252]]",GEOM_LYING,"{""torso_angle"": 24.430433766969642, ""shoulder_hip_dy"": 0.12455444468232513, ""y_band_ratio"": 0.6766499537019184, ""kp_mean_conf"": 0.8796348553150892, ""visible"": 16, ""bbox_ar"": 0.7103820068234817}"
V2_ORIGINAL::IMG_003768,79425afdceda6470c49498d375bdeb97e3b0ec24b6a4362771a0071f0c98f474,0,0.859154462814331,748.2205810546875,268.9154968261719,1131.446533203125,715.0036010742188,0.0824423893193235,primary,"[[1061.3515625,381.8485412597656,0.37768831849098206],[1057.0118408203125,364.0135192871094,0.07233001291751862],[1060.671142578125,370.5428466796875,0.4636368751525879],[1016.8529663085938,322.358642578125,0.18097133934497833],[1049.4854736328125,348.0008544921875,0.8313335180282593],[928.0662841796875,325.19366455078125,0.8349336981773376],[1026.816650390625,362.2708740234375,0.991950273513794],[903.1390380859375,432.9756164550781,0.43934687972068787],[1040.9466552734375,497.201416015625,0.9775903820991516],[964.339599609375,519.4666137695312,0.43427973985671997],[1075.53076171875,595.5602416992188,0.9146085977554321],[766.779052734375,399.6530456542969,0.9728235602378845],[832.0105590820312,416.5146789550781,0.9930658340454102],[874.8642578125,483.7581481933594,0.978598415851593],[962.2603149414062,512.558349609375,0.9947746396064758],[853.7034301757812,625.8726806640625,0.9650353193283081],[919.2733764648438,673.4103393554688,0.9859240055084229]]",GEOM_LYING,"{""torso_angle"": 160.12857043657831, ""shoulder_hip_dy"": 0.14425758590010615, ""y_band_ratio"": 0.7806006739221675, ""kp_mean_conf"": 0.8103726704915365, ""visible"": 15, ""bbox_ar"": 0.8590813081519544}"
V2_ORIGINAL::IMG_003770,31e8875b4138b283db834f0e157c46911c3afc0b6a3e61e4dade64dc5ae0b9dd,0,0.9047463536262512,783.7586059570312,365.9231872558594,1262.4178466796875,836.0046997070312,0.10851121712366696,primary,"[[902.3139038085938,506.7371520996094,0.8819404244422913],[896.9273071289062,495.0751037597656,0.8820884227752686],[908.5422973632812,487.777587890625,0.3883731961250305],[920.7991943359375,462.0297546386719,0.7998666763305664],[938.0074462890625,444.3453369140625,0.14024385809898376],[968.6143798828125,461.67901611328125,0.9937339425086975],[1035.5654296875,439.9632568359375,0.8982343673706055],[1007.2161254882812,613.8475341796875,0.9843704104423523],[1064.2921142578125,583.0638427734375,0.6123600602149963],[975.7101440429688,723.089599609375,0.9666450023651123],[999.578125,679.4043579101562,0.6905690431594849],[1192.1036376953125,469.8270263671875,0.992492139339447],[1238.986083984375,461.8490295410156,0.9722678065299988],[1084.7841796875,612.79345703125,0.9936238527297974],[1177.4779052734375,588.607177734375,0.9764508008956909],[1098.635498046875,795.5032348632812,0.9700910449028015],[1183.8663330078125,739.2053833007812,0.9342261552810669]]",GEOM_LYING,"{""torso_angle"": 4.02421775700448, ""shoulder_hip_dy"": 0.03194529263911866, ""y_band_ratio"": 0.7563368662882147, ""kp_mean_conf"": 0.8710833340883255, ""visible"": 16, ""bbox_ar"": 1.0182473210374878}"
V2_ORIGINAL::IMG_003771,7972361e975c8ecd25f7e1913a677d6a3a4398700459712f51f483a610003079,0,0.9085103869438171,587.7485961914062,197.28616333007812,1229.939697265625,977.482421875,0.24162572064474788,primary,"[[1104.809326171875,535.1408081054688,0.7813774347305298],[1100.8487548828125,519.6737060546875,0.16662056744098663],[1104.6734619140625,509.9515075683594,0.7880058288574219],[1081.2421875,413.4072265625,0.04555255547165871],[1072.55126953125,421.37689208984375,0.6423175930976868],[1008.637451171875,336.3979797363281,0.7553046345710754],[968.8992919921875,379.7104187011719,0.9875093102455139],[962.412109375,535.781494140625,0.590857207775116],[909.1446533203125,632.3321533203125,0.9890210032463074],[964.2005004882812,725.3887939453125,0.7543855905532837],[952.6476440429688,838.0767211914062,0.9726367592811584],[715.3792114257812,375.6090087890625,0.9695115089416504],[689.5682373046875,388.2214050292969,0.9927366971969604],[857.0473022460938,593.809814453125,0.9789560437202454],[811.0455322265625,619.9140014648438,0.9952102303504944],[831.3489990234375,860.4254150390625,0.9335201382637024],[798.1248779296875,883.5381469726562,0.9725651741027832]]",GEOM_LYING,"{""torso_angle"": 175.23573813052, ""shoulder_hip_dy"": 0.03058334031866653, ""y_band_ratio"": 0.7012853000048386, ""kp_mean_conf"": 0.873594343662262, ""visible"": 15, ""bbox_ar"": 0.8231148176382121}"
V2_ORIGINAL::IMG_003771,7972361e975c8ecd25f7e1913a677d6a3a4398700459712f51f483a610003079,1,0.9023616909980774,32.26734924316406,0.0,299.40155029296875,369.17376708984375,0.047559287866556756,primary,"[[104.46631622314453,9.531795501708984,0.8003032803535461],[115.36461639404297,0.0,0.6807112693786621],[94.22307586669922,0.0,0.500971794128418],[148.7416534423828,0.0,0.5491930842399597],[91.87974548339844,0.07527923583984375,0.22351139783859253],[207.9849853515625,45.258419036865234,0.9604272842407227],[77.99160766601562,60.80598449707031,0.9496899247169495],[259.1709899902344,137.7714080810547,0.9423887133598328],[60.06338882446289,170.9031524658203,0.9075510501861572],[280.9853820800781,226.05038452148438,0.9277084469795227],[72.4696044921875,264.462158203125,0.8882825374603271],[220.41856384277344,260.0686340332031,0.9857050180435181],[132.09042358398438,270.30230712890625,0.9832030534744263],[254.2797088623047,406.8866271972656,0.9117081165313721],[153.9965057373047,422.76507568359375,0.8990863561630249],[251.79965209960938,537.4833374023438,0.613869309425354],[172.1663055419922,558.9485473632812,0.6010880470275879]]",GEOM_UPRIGHT_OR_LIMB_SUPPORTED,"{""torso_angle"": 81.08843293552053, ""shoulder_hip_dy"": 0.5746704877935066, ""y_band_ratio"": 1.3914589120884153, ""kp_mean_conf"": 0.783846981385175, ""visible"": 17, ""bbox_ar"": 0.7236001711486552}"
V2_ORIGINAL::IMG_003771,7972361e975c8ecd25f7e1913a677d6a3a4398700459712f51f483a610003079,2,0.8443688154220581,1635.385009765625,149.06593322753906,1902.3216552734375,585.8983154296875,0.056233878643049844,primary,"[[1753.7900390625,203.7025146484375,0.9604961276054382],[1766.511962890625,192.1758270263672,0.9632863998413086],[1747.656494140625,191.63658142089844,0.7327820658683777],[1798.8255615234375,200.9142608642578,0.9283348321914673],[1751.322265625,200.65283203125,0.20002976059913635],[1841.7440185546875,260.764404296875,0.9957734942436218],[1754.68701171875,258.57952880859375,0.9658002853393555],[1811.056640625,356.1932373046875,0.9903391003608704],[1731.8009033203125,343.78045654296875,0.8293063640594482],[1739.3887939453125,379.13958740234375,0.9856159687042236],[1717.876220703125,372.5859375,0.8666766881942749],[1845.11181640625,384.9866638183594,0.9960355162620544],[1788.96435546875,378.30230712890625,0.9873148202896118],[1759.0390625,404.9479064941406,0.9941239953041077],[1699.2481689453125,397.76275634765625,0.9811045527458191],[1718.080810546875,555.57421875,0.9808407425880432],[1690.256591796875,545.2481079101562,0.9619943499565125]]",GEOM_UPRIGHT_OR_LIMB_SUPPORTED,"{""torso_angle"": 81.22742273125985, ""shoulder_hip_dy"": 0.2792204147183724, ""y_band_ratio"": 0.6798824950755804, ""kp_mean_conf"": 0.9011679449502159, ""visible"": 17, ""bbox_ar"": 0.6110733919544568}"
V2_ORIGINAL::IMG_003772,f04fb21225a9ff7f6c6452c2b9958413bffe162dafc13672883e5f8b88f90b19,0,0.9133458733558655,728.493896484375,251.80819702148438,1216.346923828125,936.5775146484375,0.16110473796123795,primary,"[[834.306396484375,583.3992919921875,0.8351885676383972],[842.1488037109375,565.9984130859375,0.7678164839744568],[823.4500122070312,561.279052734375,0.41544005274772644],[893.7466430664062,503.9205322265625,0.41779863834381104],[805.8816528320312,495.8535461425781,0.07394254207611084],[1012.0488891601562,442.2398986816406,0.9829177260398865],[800.9170532226562,456.73388671875,0.9193183183670044],[1089.0531005859375,533.9207763671875,0.9887759685516357],[809.0615844726562,590.9796752929688,0.906183123588562],[1065.705322265625,622.1101684570312,0.9870348572731018],[823.2921752929688,771.2926025390625,0.926116406917572],[1138.6207275390625,405.6986389160156,0.9988095760345459],[991.5496215820312,416.7509765625,0.9972193241119385],[1110.2974853515625,618.2921142578125,0.9989209175109863],[907.7640991210938,621.4517822265625,0.9974339604377747],[1126.403564453125,818.697509765625,0.9930754899978638],[967.6034545898438,807.6727294921875,0.988720715045929]]",GEOM_LYING,"{""torso_angle"": 13.563195339475193, ""shoulder_hip_dy"": 0.0558758752415099, ""y_band_ratio"": 0.6031211682802089, ""kp_mean_conf"": 0.8825481329113245, ""visible"": 16, ""bbox_ar"": 0.7124341216606923}"
V2_ORIGINAL::IMG_003773,4b1351f2a093e5e070086aba2464c9f523abb19afe101a9b27134d10c88311a2,0,0.9322359561920166,491.8267822265625,98.27957153320312,1097.3548583984375,789.6132202148438,0.2018817198490918,primary,"[[1007.9500122070312,348.7560729980469,0.8568013906478882],[1005.6709594726562,336.11846923828125,0.23240965604782104],[1016.899658203125,323.0137939453125,0.8544982671737671],[960.3312377929688,258.69451904296875,0.08356329798698425],[988.6236572265625,256.17547607421875,0.7472580671310425],[828.6551513671875,214.71942138671875,0.8671801090240479],[896.0076293945312,242.05284118652344,0.9872747659683228],[808.875732421875,424.6474304199219,0.675570547580719],[891.865234375,493.85113525390625,0.9830732345581055],[858.4003295898438,593.7576293945312,0.7898911237716675],[951.5044555664062,669.6514892578125,0.9623936414718628],[521.9408569335938,273.9443359375,0.9443206191062927],[567.2697143554688,279.36614990234375,0.9803629517555237],[708.1917114257812,432.9312744140625,0.9453639984130859],[744.042236328125,440.7953796386719,0.9826933145523071],[684.1550903320312,705.2933349609375,0.8396041989326477],[709.0491943359375,698.138671875,0.9125939011573792]]",GEOM_LYING,"{""torso_angle"": 171.36164910654068, ""shoulder_hip_dy"": 0.06982028391840757, ""y_band_ratio"": 0.7096051443608066, ""kp_mean_conf"": 0.84758061170578, ""visible"": 16, ""bbox_ar"": 0.8758839922324118}"
V2_ORIGINAL::IMG_003774,21a12c82ab225ee00d3c587a42019afc9d9f89044201cc7d65d40a513e89779a,0,0.9226254224777222,769.3906860351562,274.5115966796875,1274.0955810546875,918.0152587890625,0.15662589131442708,primary,"[[1213.271484375,510.0581359863281,0.4319574236869812],[1195.0682373046875,491.9710998535156,0.05107139050960541],[1213.72900390625,496.1494445800781,0.46340617537498474],[1145.8154296875,399.64874267578125,0.09637517482042313],[1199.44677734375,440.427978515625,0.6433023810386658],[1070.1551513671875,359.78192138671875,0.7500850558280945],[1149.09521484375,414.0453186035156,0.9899625182151794],[1050.263427734375,541.7637939453125,0.4634163975715637],[1141.589599609375,611.7479248046875,0.9873145818710327],[1114.4033203125,688.25537109375,0.6452934145927429],[1181.29833984375,747.4483032226562,0.9657548069953918],[794.8536987304688,393.64801025390625,0.9715995788574219],[859.6697387695312,409.3085632324219,0.9940620064735413],[917.34619140625,559.6991577148438,0.983055830001831],[1030.355712890625,593.4794921875,0.9967477321624756],[893.4002075195312,774.8780517578125,0.9617239236831665],[1033.030517578125,836.31298828125,0.9865142703056335]]",GEOM_LYING,"{""torso_angle"": 177.04722768131526, ""shoulder_hip_dy"": 0.022633385955107974, ""y_band_ratio"": 0.7405258042083003, ""kp_mean_conf"": 0.8156130731105804, ""visible"": 15, ""bbox_ar"": 0.7843077277371385}"
V2_ORIGINAL::IMG_003775,4af3beb43796a537b6d2a6b06b4cdee75b0dfaf302f41b74ac9c42815cb454d2,0,0.9028897881507874,730.5840454101562,312.025634765625,1136.925048828125,824.464599609375,0.10041713115599661,primary,"[[1065.1075439453125,513.7218627929688,0.6714887619018555],[1059.7713623046875,497.4729309082031,0.1754426807165146],[1060.345947265625,500.9093933105469,0.7067732214927673],[1048.843994140625,440.4430236816406,0.0823957547545433],[1038.1375732421875,459.81463623046875,0.7715521454811096],[1034.07568359375,415.92364501953125,0.8483387231826782],[961.7142333984375,444.8610534667969,0.9883304834365845],[995.2623291015625,537.9862060546875,0.7192096710205078],[908.9722290039062,585.325439453125,0.987616240978241],[986.7449340820312,624.974853515625,0.7961162328720093],[947.12548828125,651.885498046875,0.9746657609939575],[867.018310546875,401.3445739746094,0.968479573726654],[812.8431396484375,414.3584289550781,0.9903680086135864],[976.2850341796875,546.06396484375,0.954809308052063],[872.7305297851562,580.26806640625,0.9863200783729553],[939.4000854492188,707.7782592773438,0.8476001620292664],[818.3915405273438,761.5574340820312,0.9236010313034058]]",GEOM_LYING,"{""torso_angle"": 171.87895185432993, ""shoulder_hip_dy"": 0.04398738059505943, ""y_band_ratio"": 0.7029380761809476, ""kp_mean_conf"": 0.8756846268971761, ""visible"": 15, ""bbox_ar"": 0.7929549298458753}"
V2_ORIGINAL::IMG_003776,684d51921547237aa0163f511155f18a911860610defed850f7af3353bdd43a7,0,0.8778852820396423,748.0244750976562,319.3087463378906,1097.4085693359375,702.114501953125,0.06449953809550034,primary,"[[1051.8800048828125,485.414794921875,0.5394103527069092],[1047.075439453125,477.6265869140625,0.09565971791744232],[1053.2613525390625,474.79998779296875,0.5453770756721497],[1039.0877685546875,427.47802734375,0.045954689383506775],[1043.3746337890625,434.459228515625,0.5149474143981934],[997.3841552734375,397.7144470214844,0.676291286945343],[999.5404052734375,401.8296203613281,0.9789571166038513],[992.3168334960938,509.9334411621094,0.5613682866096497],[978.451904296875,522.0184326171875,0.9875998497009277],[1006.0072631835938,591.0315551757812,0.7426334619522095],[997.68115234375,603.6492919921875,0.9772979021072388],[800.0496826171875,392.605712890625,0.9641759991645813],[804.268310546875,386.4535217285156,0.992102324962616],[866.5990600585938,521.7203979492188,0.9620134234428406],[883.4080810546875,521.9044799804688,0.9917541742324829],[839.4027099609375,644.1514892578125,0.9127647876739502],[850.3526000976562,658.4677124023438,0.9662318229675293]]",GEOM_LYING,"{""torso_angle"": 177.01321574319968, ""shoulder_hip_dy"": 0.02675617132604138, ""y_band_ratio"": 0.7105802007513047, ""kp_mean_conf"": 0.8208616852760315, ""visible"": 15, ""bbox_ar"": 0.9126928974115376}"
V2_ORIGINAL::IMG_003777,5ed852acfb613f62d806ae9387a129a8441078e95bf98a8681a85b2019d7c1ff,0,0.9094468951225281,891.166259765625,223.63514709472656,1208.665283203125,648.0556640625,0.06498509821764417,primary,"[[1136.6529541015625,399.37567138671875,0.7975932955741882],[1136.4564208984375,388.4490051269531,0.41702964901924133],[1134.3416748046875,386.3492431640625,0.7726503014564514],[1134.340576171875,340.3769226074219,0.24834123253822327],[1119.965576171875,343.9098205566406,0.7570481896400452],[1110.8917236328125,316.8164367675781,0.908290445804596],[1060.0914306640625,321.4375305175781,0.9910227060317993],[1068.814453125,441.3633117675781,0.7298580408096313],[1022.8019409179688,451.303466796875,0.9798521399497986],[1054.0440673828125,550.5867919921875,0.7357016801834106],[1049.892333984375,545.5894775390625,0.9502948522567749],[978.3497314453125,314.3712158203125,0.9805105328559875],[935.7319946289062,316.0821533203125,0.9928367733955383],[1037.867431640625,428.8336486816406,0.9786733984947205],[956.5800170898438,441.6551513671875,0.9919956922531128],[1039.9686279296875,564.7937622070312,0.9521994590759277],[942.58251953125,587.4402465820312,0.9747298359870911]]",GEOM_LYING,"{""torso_angle"": 178.26079569511657, ""shoulder_hip_dy"": 0.009189704352963167, ""y_band_ratio"": 0.6433926255795336, ""kp_mean_conf"": 0.8328604838427376, ""visible"": 17, ""bbox_ar"": 0.74807652020651}"
V2_ORIGINAL::IMG_003778,98746b30c8fb3d5defaae1cabb25c4d708a6c9ba8306a1785888431a99b2e8f9,0,0.8279556035995483,835.8001098632812,332.5166015625,1229.15673828125,859.9349365234375,0.10004991223285747,primary,"[[1152.3218994140625,549.5242919921875,0.6873669624328613],[1147.415771484375,533.8085327148438,0.17095080018043518],[1143.4603271484375,535.299560546875,0.7290064096450806],[1135.519775390625,469.8258361816406,0.06857575476169586],[1114.8218994140625,489.9214782714844,0.7219734191894531],[1105.5711669921875,432.13458251953125,0.7746850252151489],[1055.3712158203125,481.2901611328125,0.9856749176979065],[1083.2947998046875,528.2796020507812,0.5206084251403809],[1034.6748046875,643.1382446289062,0.9798771739006042],[1090.703125,624.1923217773438,0.6598987579345703],[1067.994873046875,754.1070556640625,0.9589381814002991],[942.1707153320312,444.5291748046875,0.970607340335846],[910.6853637695312,461.1008605957031,0.9925106763839722],[1006.6970825195312,580.7704467773438,0.9735167622566223],[967.7047729492188,612.8800659179688,0.9931671023368835],[975.0960083007812,717.5341186523438,0.9529858231544495],[958.947509765625,759.6555786132812,0.9794542193412781]]",GEOM_LYING,"{""torso_angle"": 178.55070275883125, ""shoulder_hip_dy"": 0.007389493060125061, ""y_band_ratio"": 0.6209890221545055, ""kp_mean_conf"": 0.8586847464243571, ""visible"": 15, ""bbox_ar"": 0.7458152330769884}"
V2_ORIGINAL::IMG_003779,9b9c53476c8f197ebb4c7069c8ffa54f1a72385f8db028076dd3824d0888e142,0,0.9086089134216309,696.7704467773438,473.38330078125,960.4947509765625,805.2605590820312,0.04220876689087477,primary,"[[916.1193237304688,603.518310546875,0.7619678974151611],[914.0215454101562,593.6095581054688,0.24005185067653656],[914.6358032226562,593.6454467773438,0.8049114942550659],[900.3290405273438,554.2626953125,0.08751295506954193],[897.2564086914062,562.3378295898438,0.8128211498260498],[862.7966918945312,528.684326171875,0.848499059677124],[850.6494140625,549.7045288085938,0.9853951930999756],[861.6566772460938,623.7658081054688,0.641532838344574],[854.5107421875,671.8577270507812,0.978580117225647],[884.4578857421875,702.9434204101562,0.7126718163490295],[887.0765991210938,754.7940673828125,0.9545040130615234],[733.1036376953125,540.2002563476562,0.9464070796966553],[728.0842895507812,547.94482421875,0.9822012782096863],[799.0856323242188,623.7302856445312,0.9253329038619995],[808.8792724609375,639.8211059570312,0.9748578667640686],[777.788330078125,738.5820922851562,0.8412545919418335],[804.647705078125,760.125732421875,0.9142482280731201]]",GEOM_LYING,"{""torso_angle"": 177.78515768911902, ""shoulder_hip_dy"": 0.014698544931776263, ""y_band_ratio"": 0.6973704900269003, ""kp_mean_conf"": 0.8328273361548781, ""visible"": 16, ""bbox_ar"": 0.7946440968853753}"
V2_ORIGINAL::IMG_003780,3ca6ded7e9efd01403f5f564bf3bbaa2ce7cc53a9e4d4c9c5327c6e862dd35ae,0,0.9079024195671082,788.49169921875,369.558837890625,1126.265625,734.2158203125,0.059399894153250865,primary,"[[1062.9697265625,539.1898193359375,0.8008091449737549],[1062.490478515625,529.1248168945312,0.3196503221988678],[1064.331298828125,526.0457153320312,0.8550722002983093],[1049.8909912109375,488.89691162109375,0.11971920728683472],[1048.6842041015625,488.64654541015625,0.8454638719558716],[1007.304931640625,469.411865234375,0.831732451915741],[994.8050537109375,466.8564453125,0.9883580803871155],[992.7691040039062,584.6284790039062,0.5956052541732788],[975.287841796875,582.9503173828125,0.9837660789489746],[1003.7586059570312,677.4854125976562,0.6778647303581238],[997.1445922851562,662.2784423828125,0.9633126258850098],[853.5352172851562,433.11651611328125,0.9467310309410095],[838.3986206054688,430.2290344238281,0.9849663972854614],[962.9915771484375,525.7177734375,0.9536550045013428],[894.0433959960938,528.88330078125,0.9872783422470093],[939.9910278320312,688.2988891601562,0.9049279689788818],[825.964599609375,698.8920288085938,0.9569974541664124]]",GEOM_LYING,"{""torso_angle"": 166.7699583366981, ""shoulder_hip_dy"": 0.09998815808413702, ""y_band_ratio"": 0.7367553820043049, ""kp_mean_conf"": 0.8497619349509478, ""visible"": 16, ""bbox_ar"": 0.9262785084709451}"
V2_ORIGINAL::IMG_003781,bddb297fd24794a0fb12903c66b06983947d457f7cd37306d8b8b8cada0f3978,0,0.8857762217521667,555.7619018554688,324.07965087890625,944.4248657226562,906.536865234375,0.10917223536710177,primary,"[[909.5712890625,551.4176635742188,0.6354531645774841],[903.4535522460938,536.9820556640625,0.0928010493516922],[902.9474487304688,534.0596923828125,0.6339226961135864],[895.2595825195312,468.8186950683594,0.025236453860998154],[871.9495239257812,478.54779052734375,0.6441061496734619],[875.61181640625,435.3390197753906,0.8277848958969116],[787.6798095703125,458.5572509765625,0.9865391850471497],[860.9871826171875,580.8678588867188,0.7894014120101929],[758.8527221679688,642.8511352539062,0.9906212091445923],[861.6864624023438,683.6257934570312,0.909196138381958],[778.4374389648438,774.213134765625,0.9876940250396729],[688.4765625,429.9773254394531,0.9881060123443604],[632.2421875,437.7755126953125,0.9963339567184448],[770.1639404296875,591.75732421875,0.9879618287086487],[714.8820190429688,614.4144287109375,0.9961758852005005],[774.3367309570312,756.7749633789062,0.9589793682098389],[751.875,795.0413818359375,0.979004979133606]]",GEOM_LYING,"{""torso_angle"": 175.63593427931278, ""shoulder_hip_dy"": 0.022442363123716398, ""y_band_ratio"": 0.6267654471418201, ""kp_mean_conf"": 0.8874187270800272, ""visible"": 15, ""bbox_ar"": 0.667281568994336}"
V2_ORIGINAL::IMG_003781,bddb297fd24794a0fb12903c66b06983947d457f7cd37306d8b8b8cada0f3978,1,0.8604671955108643,1343.9853515625,0.0,1523.3583984375,510.0675048828125,0.044122474181500296,primary,"[[1444.8817138671875,8.5396728515625,0.10318215936422348],[1438.7235107421875,0.0,0.01034105196595192],[1445.0537109375,0.0,0.15187624096870422],[1394.94287109375,0.0,0.05133825168013573],[1436.1661376953125,0.0,0.80976802110672],[1366.4287109375,46.12012481689453,0.7826910614967346],[1422.5699462890625,49.46708679199219,0.9903066158294678],[1380.175048828125,134.40992736816406,0.39087724685668945],[1443.8492431640625,139.29046630859375,0.9840180277824402],[1468.171875,106.93151092529297,0.33772575855255127],[1503.676025390625,105.911865234375,0.9270309805870056],[1377.5125732421875,216.85244750976562,0.9810381531715393],[1414.5037841796875,221.1207733154297,0.9965156316757202],[1379.130126953125,354.87103271484375,0.9670317769050598],[1405.6529541015625,359.9600830078125,0.9934079647064209],[1371.8123779296875,468.87725830078125,0.9202868342399597],[1379.376953125,477.515625,0.9702132344245911]]",GEOM_UPRIGHT_OR_LIMB_SUPPORTED,"{""torso_angle"": 89.49502315084953, ""shoulder_hip_dy"": 0.33562813347124654, ""y_band_ratio"": 0.845761582640357, ""kp_mean_conf"": 0.850070100564223, ""visible"": 13, ""bbox_ar"": 0.35166530931275614}"
V2_ORIGINAL::IMG_003781,bddb297fd24794a0fb12903c66b06983947d457f7cd37306d8b8b8cada0f3978,2,0.45644688606262207,799.2317504882812,90.68170166015625,989.7171020507812,251.77716064453125,0.01479857500952979,primary,"[[920.2614135742188,156.57247924804688,0.8993438482284546],[927.4750366210938,147.26651000976562,0.6947213411331177],[912.2638549804688,144.38182067871094,0.9311103820800781],[931.5823974609375,144.77490234375,0.2152668833732605],[887.7984619140625,136.54966735839844,0.8623939156532288],[936.8384399414062,178.68177795410156,0.8859385848045349],[844.0557861328125,172.2596435546875,0.9715405106544495],[958.1946411132812,229.6193084716797,0.478005051612854],[810.674072265625,230.35496520996094,0.9090134501457214],[964.1935424804688,225.2252197265625,0.3962853252887726],[857.4321899414062,238.69198608398438,0.77759850025177],[914.5179443359375,298.9505310058594,0.46932750940322876],[851.1974487304688,299.1094665527344,0.631011426448822],[946.2064819335938,321.6851806640625,0.032804179936647415],[858.9558715820312,320.7922668457031,0.06934196501970291],[934.24658203125,308.18621826171875,0.008838633075356483],[849.0281982421875,309.3941650390625,0.016163364052772522]]",GEOM_UPRIGHT_OR_LIMB_SUPPORTED,"{""torso_angle"": 93.51487870072232, ""shoulder_hip_dy"": 0.7669942331328323, ""y_band_ratio"": 0.7874202277194562, ""kp_mean_conf"": 0.7016582099290994, ""visible"": 13, ""bbox_ar"": 1.1824377469322433}"
V2_ORIGINAL::IMG_003781,bddb297fd24794a0fb12903c66b06983947d457f7cd37306d8b8b8cada0f3978,3,0.38546523451805115,117.73912811279297,65.88931274414062,229.9717254638672,400.6326904296875,0.018117823458584367,primary,[],GEOM_UNCERTAIN,null
V2_ORIGINAL::IMG_003781,bddb297fd24794a0fb12903c66b06983947d457f7cd37306d8b8b8cada0f3978,4,0.18422383069992065,0.2804603576660156,2.83447265625,141.43235778808594,399.9583740234375,0.027032596543667752,primary,[],GEOM_UNCERTAIN,null
P4D_PLAN::PF_P4D_HN_KNEEL_G001_V01,76a5e657caba73684ea2571cf403efc1922a1ea0a6aee84f6116cc5a02b2d046,0,0.9169601202011108,794.4964599609375,229.55023193359375,1245.6112060546875,926.94384765625,0.15171901228979953,primary,"[[928.7133178710938,347.3009033203125,0.44602271914482117],[929.6688232421875,328.6960144042969,0.5895863175392151],[944.033447265625,325.7936096191406,0.03406212478876114],[965.7962036132812,316.8583068847656,0.9763075113296509],[1031.351806640625,309.07061767578125,0.14084206521511078],[961.7446899414062,421.8877258300781,0.9982902407646179],[1088.902587890625,384.0442199707031,0.9679820537567139],[929.7731323242188,566.78857421875,0.9931922554969788],[1043.57666015625,491.13348388671875,0.619347095489502],[851.406005859375,514.7565307617188,0.9654415845870972],[893.146728515625,488.02496337890625,0.49114468693733215],[992.3258666992188,698.981689453125,0.99654620885849],[1074.2177734375,676.9312133789062,0.9833093285560608],[945.0875854492188,806.3984985351562,0.972507894039154],[1008.8757934570312,770.5237426757812,0.8796337842941284],[1135.9892578125,849.2113037109375,0.7814106345176697],[1133.2958984375,814.5474853515625,0.5788069367408752]]",GEOM_UPRIGHT_OR_LIMB_SUPPORTED,"{""torso_angle"": 88.4024756859038, ""shoulder_hip_dy"": 0.40865082801240005, ""y_band_ratio"": 0.6670079468080833, ""kp_mean_conf"": 0.8159686168034871, ""visible"": 15, ""bbox_ar"": 0.6468581528758245}"
P4D_PLAN::PF_P4D_HN_KNEEL_G001_V02,38c3a9f6b0845df3485b2c702a472214d3be34ca9920ff9c9c57de0f4471fa9d,0,0.8783132433891296,736.825927734375,394.80926513671875,994.0455322265625,743.7479248046875,0.04328407794744837,primary,"[[938.7376098632812,440.8786926269531,0.953464150428772],[931.7564086914062,431.0387878417969,0.4608907103538513],[928.7747192382812,432.8890686035156,0.9713152647018433],[916.1422119140625,433.3493957519531,0.05140392854809761],[904.3070068359375,437.898681640625,0.970858097076416],[905.3860473632812,477.5350341796875,0.9914195537567139],[880.3350219726562,485.09637451171875,0.9996194839477539],[908.0713500976562,533.7793579101562,0.9043994545936584],[857.15283203125,555.1652221679688,0.9994156360626221],[969.3015747070312,584.108642578125,0.9031590223312378],[888.369873046875,604.5023193359375,0.9974363446235657],[892.4251708984375,589.3787841796875,0.9974148273468018],[867.5050048828125,596.358154296875,0.9994515776634216],[953.0909423828125,637.733154296875,0.9870158433914185],[873.79541015625,645.8548583984375,0.9976835250854492],[891.1959838867188,701.6591796875,0.9556998610496521],[758.9696044921875,717.3699951171875,0.9874920845031738]]",GEOM_UPRIGHT_OR_LIMB_SUPPORTED,"{""torso_angle"": 96.59409606213623, ""shoulder_hip_dy"": 0.3196916185748112, ""y_band_ratio"": 0.6873269965721598, ""kp_mean_conf"": 0.942295964807272, ""visible"": 16, ""bbox_ar"": 0.7371484854585727}"
P4D_PLAN::PF_P4D_HN_KNEEL_G001_V03,11401cc4cf1c5de04c39b236eb4e881ccfeb1c13c6ddc46c18f90d8982f10c69,0,0.9138558506965637,346.32476806640625,88.72970581054688,1009.8670043945312,848.8914184570312,0.2432481687791598,primary,"[[574.771484375,244.93858337402344,0.8916604518890381],[584.5872802734375,223.86378479003906,0.9231812953948975],[580.4810791015625,222.3135223388672,0.20139656960964203],[649.5575561523438,210.50289916992188,0.9703018665313721],[638.8320922851562,204.39186096191406,0.04545341432094574],[762.8580932617188,307.8144836425781,0.9960904717445374],[674.3177490234375,270.8279113769531,0.9752870798110962],[670.4716186523438,488.70684814453125,0.9921250939369202],[584.9015502929688,382.29376220703125,0.8866465091705322],[488.1237487792969,475.5320739746094,0.9793696999549866],[455.9458923339844,442.9146423339844,0.8576821088790894],[846.292236328125,653.83203125,0.9940053820610046],[777.596435546875,629.3662719726562,0.9852747917175293],[745.392578125,775.68408203125,0.884750485420227],[627.673828125,740.9049682617188,0.7488322854042053],[769.8404541015625,938.3604736328125,0.3247363567352295],[655.6226806640625,918.3051147460938,0.23377932608127594]]",GEOM_UPRIGHT_OR_LIMB_SUPPORTED,"{""torso_angle"": 75.15735396392913, ""shoulder_hip_dy"": 0.4634250163364785, ""y_band_ratio"": 0.8781454671425915, ""kp_mean_conf"": 0.802819985896349, ""visible"": 16, ""bbox_ar"": 0.8728961552378361}"
P4D_PLAN::PF_P4D_HN_KNEEL_G001_V04,2c093d94b424768d249311d77f5db08f08dfa75652fe27d593876b6969861e0b,0,0.9038940668106079,611.360107421875,276.8158264160156,1133.3045654296875,861.5299682617188,0.14717800243786588,primary,"[[774.0923461914062,373.88763427734375,0.8399463295936584],[782.2324829101562,360.1669006347656,0.9177905321121216],[781.7376708984375,355.4006652832031,0.14341126382350922],[824.5651245117188,352.5411071777344,0.9763902425765991],[834.0833129882812,339.4461364746094,0.062251340597867966],[839.2864379882812,425.6426696777344,0.9988642930984497],[898.5634155273438,389.18975830078125,0.965374231338501],[780.995361328125,543.0521850585938,0.9973982572555542],[839.304931640625,472.0147705078125,0.6870723366737366],[679.8220825195312,533.3582763671875,0.9906993508338928],[730.6923217773438,508.04278564453125,0.7057002186775208],[958.2222900390625,620.5330810546875,0.9993321299552917],[1003.2385864257812,599.6253662109375,0.9959180951118469],[795.6863403320312,694.1394653320312,0.9990360736846924],[889.3951416015625,649.4824829101562,0.9938516616821289],[934.4199829101562,788.5759887695312,0.9944455623626709],[1031.5970458984375,733.0792236328125,0.9838219285011292]]",GEOM_UPRIGHT_OR_LIMB_SUPPORTED,"{""torso_angle"": 61.11527416336819, ""shoulder_hip_dy"": 0.346601860874838, ""y_band_ratio"": 0.683045272700351, ""kp_mean_conf"": 0.9363760828971863, ""visible"": 15, ""bbox_ar"": 0.8926489384372466}"
P4D_PLAN::PF_P4D_HN_KNEEL_G001_V05,09a9ddb251ef17d648fe89ad2696147b574fcb96b0eb2f5481f6405f7b048fbc,0,0.9071253538131714,934.197021484375,239.81588745117188,1367.549560546875,857.0043334960938,0.12898349738310458,primary,"[[1234.6785888671875,353.34588623046875,0.4504235088825226],[1221.0904541015625,329.71112060546875,0.03836670517921448],[1234.62451171875,333.3123779296875,0.5690003633499146],[1141.835205078125,317.41571044921875,0.1329955756664276],[1217.8958740234375,332.7356872558594,0.9728684425354004],[1080.5499267578125,394.1118469238281,0.977146565914154],[1202.463623046875,441.2414245605469,0.9966315627098083],[1124.8140869140625,500.54534912109375,0.7185302972793579],[1266.433349609375,581.2846069335938,0.9824134111404419],[1252.32666015625,501.30303955078125,0.5582217574119568],[1340.10546875,509.14398193359375,0.9250879883766174],[1033.175537109375,673.72119140625,0.962984025478363],[1113.8961181640625,701.9674682617188,0.9855256676673889],[1212.5455322265625,662.5048828125,0.8099615573883057],[1280.58837890625,704.4935302734375,0.9286758303642273],[1105.8201904296875,768.5468139648438,0.5250856280326843],[1153.353271484375,802.7070922851562,0.6662513613700867]]",GEOM_UPRIGHT_OR_LIMB_SUPPORTED,"{""torso_angle"": 104.12184450773287, ""shoulder_hip_dy"": 0.4377393903322241, ""y_band_ratio"": 0.6620267245436876, ""kp_mean_conf"": 0.8019205311934153, ""visible"": 15, ""bbox_ar"": 0.7021397465223427}"
P4D_PLAN::PF_P4D_HN_KNEEL_G002_V01,210d11829d57d9b074e2e7658ca4d12c79c80dc238f86b535aaa2af504977037,0,0.8283527493476868,1090.7841796875,139.15847778320312,1311.1832275390625,658.92333984375,0.055244830586826416,primary,"[[1255.641357421875,213.76681518554688,0.18661649525165558],[1252.5328369140625,195.0487518310547,0.03845083341002464],[1254.1680908203125,195.5579833984375,0.14399944245815277],[1194.0574951171875,188.2070770263672,0.5697397589683533],[1253.873779296875,196.28929138183594,0.9361386895179749],[1146.3607177734375,242.4144287109375,0.9935656189918518],[1268.975341796875,259.9607849121094,0.9969760179519653],[1106.21630859375,348.77655029296875,0.9010454416275024],[1277.0401611328125,375.7964172363281,0.9630861878395081],[1139.0645751953125,378.4640808105469,0.6581588983535767],[1261.4857177734375,392.0219421386719,0.8007885813713074],[1135.5213623046875,437.3892517089844,0.9952998161315918],[1219.1409912109375,445.8386535644531,0.9966747760772705],[1150.25830078125,556.6210327148438,0.9597666263580322],[1227.912841796875,573.3023681640625,0.9715210199356079],[1127.4730224609375,632.1425170898438,0.7960364818572998],[1185.4949951171875,656.9657592773438,0.8211912512779236]]",GEOM_UPRIGHT_OR_LIMB_SUPPORTED,"{""torso_angle"": 99.05173485214489, ""shoulder_hip_dy"": 0.36637017952747397, ""y_band_ratio"": 0.7975747512499519, ""kp_mean_conf"": 0.8828563690185547, ""visible"": 14, ""bbox_ar"": 0.4240360669588481}"
P4D_PLAN::PF_P4D_HN_KNEEL_G002_V02,ef8955ef0328d3adfc4bea1135e9f3dbe606427db8b1e81eb6b4913f7a5f0594,0,0.9271446466445923,658.7931518554688,300.8096923828125,1099.072021484375,866.9075317382812,0.12019720139409333,primary,"[[1009.4927368164062,387.40008544921875,0.9525939226150513],[1006.9810791015625,370.1693420410156,0.5277070999145508],[990.2010498046875,379.2747802734375,0.9528039693832397],[991.1979370117188,375.58575439453125,0.17310012876987457],[947.63916015625,401.8628845214844,0.9621855616569519],[985.5709228515625,450.5519714355469,0.992493748664856],[910.1598510742188,502.40130615234375,0.9993090629577637],[1016.8204345703125,532.1728515625,0.9475154280662537],[946.5087890625,639.5980834960938,0.9979358911514282],[1055.274169921875,595.9765625,0.9290555715560913],[1030.6878662109375,646.2709350585938,0.9927191734313965],[923.0249633789062,635.205078125,0.9988278746604919],[853.1973876953125,658.253662109375,0.9996071457862854],[1029.0048828125,722.5887451171875,0.9943384528160095],[853.04150390625,766.431884765625,0.9981232285499573],[987.920166015625,771.4515991210938,0.972733199596405],[728.4767456054688,818.5573120117188,0.9854564070701599]]",GEOM_UPRIGHT_OR_LIMB_SUPPORTED,"{""torso_angle"": 109.33972582236468, ""shoulder_hip_dy"": 0.30074789106611605, ""y_band_ratio"": 0.6500737416612731, ""kp_mean_conf"": 0.9502128586173058, ""visible"": 16, ""bbox_ar"": 0.7777434199893541}"
P4D_PLAN::PF_P4D_HN_KNEEL_G002_V03,05d5828e5fd335d045e84bddda1fa9df3525a3e4b18bf0a166628d8d69e60416,0,0.91902095079422,825.65478515625,311.6317443847656,1394.3876953125,785.677734375,0.13001811122446302,primary,"[[1268.7364501953125,429.5645446777344,0.5068634748458862],[1257.2109375,411.6846618652344,0.02766857109963894],[1267.8826904296875,416.896728515625,0.5917508602142334],[1213.310791015625,376.47418212890625,0.02558164857327938],[1239.9049072265625,394.9031066894531,0.9431544542312622],[1182.01171875,387.8160095214844,0.979776918888092],[1189.7939453125,456.8095397949219,0.9987040758132935],[1243.5772705078125,423.7222900390625,0.906031608581543],[1211.5277099609375,601.0877685546875,0.9980376362800598],[1333.1949462890625,508.26556396484375,0.8898965716362],[1299.6607666015625,662.1046142578125,0.9916607737541199],[1055.015380859375,535.68896484375,0.9986159801483154],[1049.819091796875,559.988037109375,0.9996131062507629],[1122.32666015625,670.988525390625,0.9920687675476074],[1078.731689453125,714.0506591796875,0.9978260397911072],[978.1024169921875,686.526123046875,0.9534893035888672],[879.057861328125,716.2522583007812,0.9763634204864502]]",GEOM_UPRIGHT_OR_LIMB_SUPPORTED,"{""torso_angle"": 136.760245162322, ""shoulder_hip_dy"": 0.2647965154624455, ""y_band_ratio"": 0.6928362557946389, ""kp_mean_conf"": 0.9149235328038533, ""visible"": 15, ""bbox_ar"": 1.1997420549174274}"
P4D_PLAN::PF_P4D_HN_KNEEL_G002_V04,c0c28bfcdc9e805ec2d27576f4091f66641607befffe949122b7676b10e58d8c,0,0.917580783367157,664.672607421875,199.24374389648438,1318.947998046875,884.2371826171875,0.21613346339436248,primary,"[[825.2283935546875,368.4404602050781,0.7678259015083313],[834.2783203125,349.8190612792969,0.8760367035865784],[828.321533203125,346.92510986328125,0.08708545565605164],[901.029296875,321.4713134765625,0.9666614532470703],[875.989990234375,312.9702453613281,0.02492738701403141],[987.2713623046875,390.46966552734375,0.9975181818008423],[932.3948974609375,339.8854675292969,0.9676258563995361],[886.1950073242188,577.6185302734375,0.9968634843826294],[855.8848266601562,452.0158996582031,0.8578920960426331],[750.7840576171875,638.8829345703125,0.9874367713928223],[767.3271484375,591.6193237304688,0.8110644817352295],[1131.0794677734375,637.5513305664062,0.9992127418518066],[1060.985595703125,610.1515502929688,0.9969893097877502],[1050.6436767578125,736.83935546875,0.9965295195579529],[808.1775512695312,690.593017578125,0.9859569072723389],[1253.4464111328125,779.294921875,0.976384699344635],[869.4428100585938,749.8172607421875,0.9512009620666504]]",GEOM_UPRIGHT_OR_LIMB_SUPPORTED,"{""torso_angle"": 62.231875750310984, ""shoulder_hip_dy"": 0.37762971041659565, ""y_band_ratio"": 0.6414798003997618, ""kp_mean_conf"": 0.9423466046651204, ""visible"": 15, ""bbox_ar"": 0.9551557046253285}"
P4D_PLAN::PF_P4D_HN_KNEEL_G002_V05,431ae4716b826e9bd246c175f818bf8aa2399eaae160e19af3ddb290e4eccf7b,0,0.8989253640174866,919.8984375,140.10060119628906,1438.890380859375,842.7962036132812,0.17587449666689886,primary,"[[1391.1612548828125,305.0088806152344,0.09663555026054382],[1371.9931640625,275.3548278808594,0.005767444148659706],[1390.7559814453125,285.906005859375,0.18483690917491913],[1283.5986328125,217.40414428710938,0.0650453120470047],[1368.70703125,262.28369140625,0.9141268730163574],[1185.135498046875,267.0567626953125,0.8681506514549255],[1346.215576171875,360.5814514160156,0.9960933327674866],[1118.03173828125,388.1895446777344,0.3500855267047882],[1301.1514892578125,560.7108154296875,0.9871145486831665],[1167.8619384765625,540.7081298828125,0.2891617715358734],[1342.2513427734375,639.6817016601562,0.9303794503211975],[1022.2138061523438,505.6218566894531,0.987683117389679],[1131.5941162109375,542.014892578125,0.99772709608078],[1161.6168212890625,663.0221557617188,0.9770879745483398],[1287.989990234375,722.69482421875,0.9961020946502686],[962.0784301757812,702.9188842773438,0.9533793926239014],[1047.16845703125,767.593505859375,0.9836332201957703]]",GEOM_UPRIGHT_OR_LIMB_SUPPORTED,"{""torso_angle"": 131.95286087064824, ""shoulder_hip_dy"": 0.29884813119053455, ""y_band_ratio"": 0.7123094857039322, ""kp_mean_conf"": 0.8639019269209641, ""visible"": 13, ""bbox_ar"": 0.73857292058503}"
P4D_PLAN::PF_P4D_HN_KNEEL_G002_V05,431ae4716b826e9bd246c175f818bf8aa2399eaae160e19af3ddb290e4eccf7b,1,0.31134000420570374,925.5293579101562,0.0,971.916015625,205.7815704345703,0.004603356130291003,background,"[[990.3592529296875,8.198970794677734,0.013570131734013557],[988.8408203125,0.9220676422119141,0.011514476500451565],[987.8392333984375,2.6349334716796875,0.011466634459793568],[990.6260375976562,0.0,0.019247112795710564],[974.3421020507812,1.8636188507080078,0.019679903984069824],[1005.66943359375,3.698129653930664,0.10883252322673798],[962.20458984375,7.456884384155273,0.0597100667655468],[1035.472412109375,8.734582901000977,0.26146626472473145],[963.0704956054688,15.84613037109375,0.1331493854522705],[1042.7340087890625,27.75384521484375,0.34179890155792236],[983.3524169921875,29.78562355041504,0.22087694704532623],[987.1016235351562,28.82340431213379,0.6576926708221436],[953.8736572265625,30.039539337158203,0.5891680121421814],[975.55615234375,103.16951751708984,0.8092973828315735],[953.343017578125,105.27635955810547,0.7512925863265991],[964.6622314453125,196.61398315429688,0.8079859018325806],[953.6217651367188,202.04425048828125,0.7602415680885315]]",GEOM_UNCERTAIN,null
P4D_PLAN::PF_P4D_HN_KNEEL_G003_V01,434d5848e70bbbed778534bb63110feeb1e5186dc2180474e5eab05a8fbd8529,0,0.8600772023200989,776.44482421875,106.6380386352539,1061.281494140625,804.6881103515625,0.09588650552970648,primary,"[[975.9047241210938,223.46534729003906,0.6978162527084351],[965.27783203125,202.56765747070312,0.07208030670881271],[970.3665161132812,203.94137573242188,0.7686861157417297],[900.813232421875,197.593505859375,0.05575547367334366],[930.8816528320312,208.0627899169922,0.9698702096939087],[853.11767578125,290.40771484375,0.9767850041389465],[900.7310180664062,333.38287353515625,0.9979797005653381],[868.8242797851562,408.9210205078125,0.7670515775680542],[871.0264892578125,504.0416564941406,0.9922963976860046],[961.8755493164062,460.3175354003906,0.6970254182815552],[981.2766723632812,498.4360046386719,0.9722515940666199],[831.4884033203125,548.85302734375,0.9908751249313354],[864.1386108398438,571.4483642578125,0.9973401427268982],[872.5336303710938,693.7573852539062,0.9349001049995422],[915.3296508789062,726.445556640625,0.9799777865409851],[778.42041015625,772.4794921875,0.6827548146247864],[773.0072021484375,795.0836791992188,0.8060405850410461]]",GEOM_UPRIGHT_OR_LIMB_SUPPORTED,"{""torso_angle"": 96.68805541699658, ""shoulder_hip_dy"": 0.3556412522112318, ""y_band_ratio"": 0.7229796039052222, ""kp_mean_conf"": 0.882110055287679, ""visible"": 15, ""bbox_ar"": 0.40804618674637744}"
P4D_PLAN::PF_P4D_HN_KNEEL_G003_V02,051b250c48295bab5687db7056d8071785b76b677750cccb4ae5716d5f94385a,0,0.9405547976493835,681.65478515625,129.7803955078125,1162.364990234375,822.9907836914062,0.1607027912162529,primary,"[[1037.7886962890625,222.57431030273438,0.74007248878479],[1026.098876953125,204.12100219726562,0.10084995627403259],[1032.6641845703125,207.457763671875,0.8761028051376343],[958.2442016601562,195.0945281982422,0.08049830794334412],[996.4641723632812,206.36399841308594,0.9856119155883789],[902.0599365234375,261.04461669921875,0.9707071781158447],[997.0918579101562,280.7353820800781,0.9976897239685059],[905.7404174804688,345.5928955078125,0.5031198263168335],[1085.30859375,362.05694580078125,0.9843602776527405],[1015.2092895507812,374.09796142578125,0.26311513781547546],[1144.278076171875,344.58892822265625,0.88858562707901],[871.763671875,482.33148193359375,0.993902325630188],[907.229736328125,493.0877685546875,0.9983959794044495],[1026.9171142578125,589.336669921875,0.9851635098457336],[898.6338500976562,612.5146484375,0.996311604976654],[989.1073608398438,711.9482421875,0.9672150611877441],[711.7097778320312,742.4091796875,0.9842599034309387]]",GEOM_UPRIGHT_OR_LIMB_SUPPORTED,"{""torso_angle"": 105.48767837937417, ""shoulder_hip_dy"": 0.3127760771482675, ""y_band_ratio"": 0.694398946111572, ""kp_mean_conf"": 0.8756408909956614, ""visible"": 15, ""bbox_ar"": 0.693454993278045}"
P4D_PLAN::PF_P4D_HN_KNEEL_G003_V03,1bf2338dfaa839012b1fda55442b25f1f23ee8b9aa4c9491a4a5473e1e3a9b95,0,0.5835044384002686,614.9343872070312,251.34063720703125,1816.4981689453125,877.5214233398438,0.3628453672056289,primary,"[[1530.6402587890625,472.8434143066406,0.9485037326812744],[1525.0718994140625,435.2925109863281,0.26437172293663025],[1512.0655517578125,455.9339904785156,0.9688364863395691],[1427.357666015625,363.6438903808594,0.05897469073534012],[1399.5977783203125,441.245361328125,0.9416821599006653],[1254.556640625,356.45782470703125,0.9762579798698425],[1307.4053955078125,508.845703125,0.9954849481582642],[1336.367431640625,457.6698303222656,0.86444091796875],[1499.906982421875,697.793701171875,0.9923200011253357],[1528.0814208984375,618.0335083007812,0.8744131326675415],[1759.689697265625,679.5451049804688,0.9758738875389099],[862.038818359375,526.5655517578125,0.9826229810714722],[884.4437255859375,576.2742309570312,0.9904170036315918],[983.966552734375,663.9917602539062,0.8730756640434265],[994.7899169921875,755.771728515625,0.9341773390769958],[779.3064575195312,716.5193481445312,0.5407522320747375],[790.66259765625,802.6900634765625,0.5905827879905701]]",GEOM_LYING,"{""torso_angle"": 163.75999542842877, ""shoulder_hip_dy"": 0.18967066711659789, ""y_band_ratio"": 0.7126252492117918, ""kp_mean_conf"": 0.8571133110672235, ""visible"": 16, ""bbox_ar"": 1.9188767977997818}"
P4D_PLAN::PF_P4D_HN_KNEEL_G003_V04,bc632cd9c7871519b71468c14b351601a6f24fe33a09a3c28504ffa3f91f1a40,0,0.8893535733222961,1102.011962890625,83.42571258544922,1681.6854248046875,621.9170532226562,0.15053488601365475,primary,"[[1641.3431396484375,180.88217163085938,0.37138742208480835],[1632.7481689453125,164.92762756347656,0.034255579113960266],[1640.1937255859375,167.114013671875,0.5163505673408508],[1578.5333251953125,144.66091918945312,0.06345255672931671],[1619.2305908203125,157.62020874023438,0.9007282257080078],[1514.098388671875,178.03433227539062,0.8738511800765991],[1593.5732421875,205.8797149658203,0.9942559599876404],[1509.0645751953125,282.1736145019531,0.3763914704322815],[1643.655517578125,335.0296630859375,0.9863335490226746],[1592.7598876953125,345.705322265625,0.2509559392929077],[1693.2664794921875,354.0754699707031,0.9106740951538086],[1369.6695556640625,376.0704345703125,0.978644847869873],[1411.7645263671875,380.98553466796875,0.9959815740585327],[1441.2569580078125,446.1515808105469,0.9486335515975952],[1421.319580078125,465.8019104003906,0.990563154220581],[1331.6414794921875,542.9522094726562,0.9078173041343689],[1254.8626708984375,570.6571655273438,0.9651257991790771]]",GEOM_UPRIGHT_OR_LIMB_SUPPORTED,"{""torso_angle"": 131.16316405678106, ""shoulder_hip_dy"": 0.34646975154282367, ""y_band_ratio"": 0.7291163359978177, ""kp_mean_conf"": 0.7978463093439738, ""visible"": 15, ""bbox_ar"": 1.0764768496149333}"
P4D_PLAN::PF_P4D_HN_KNEEL_G003_V04,bc632cd9c7871519b71468c14b351601a6f24fe33a09a3c28504ffa3f91f1a40,1,0.426107257604599,0.10962295532226562,312.9834899902344,71.03955078125,434.9798889160156,0.00417303036787652,background,"[[31.98208236694336,355.4482116699219,0.3144070506095886],[36.364871978759766,347.993408203125,0.24881917238235474],[28.563663482666016,349.55963134765625,0.2155175805091858],[35.1177978515625,356.3696594238281,0.23635122179985046],[14.74240493774414,360.49420166015625,0.13510945439338684],[22.302120208740234,385.4696350097656,0.5811784267425537],[7.454429626464844,397.1622619628906,0.5381128191947937],[60.33969497680664,416.54736328125,0.46173569560050964],[34.686073303222656,439.7515869140625,0.3723548650741577],[112.35102844238281,402.5342102050781,0.46377745270729065],[96.61351776123047,412.7531433105469,0.39710259437561035],[61.192291259765625,449.1983642578125,0.6577062010765076],[51.43977737426758,462.30560302734375,0.6292699575424194],[120.94993591308594,395.7730712890625,0.6804565191268921],[114.01522064208984,406.9100646972656,0.6564202308654785],[209.39080810546875,427.6202087402344,0.7109603881835938],[207.04449462890625,437.4419860839844,0.6986998319625854]]",GEOM_UPRIGHT_OR_LIMB_SUPPORTED,"{""torso_angle"": 57.25559255867641, ""shoulder_hip_dy"": 0.5281798128766968, ""y_band_ratio"": 0.6298216069830282, ""kp_mean_conf"": 0.49142937548458576, ""visible"": 16, ""bbox_ar"": 0.5814100125125764}"
P4D_PLAN::PF_P4D_HN_KNEEL_G003_V05,115b25ba45d6751f14c7d5c12bcc0b6698649aa7254d1c7911295a05c21f2ed1,0,0.7729448080062866,719.72607421875,366.328125,1028.636474609375,783.1168212890625,0.06209025995801548,primary,"[[820.8660888671875,444.2817077636719,0.22102712094783783],[821.9989624023438,429.474609375,0.20974577963352203],[834.5475463867188,428.55926513671875,0.0482267364859581],[830.8317260742188,429.4097900390625,0.8870084881782532],[902.2994995117188,424.2572021484375,0.3685683310031891],[817.3099975585938,495.369140625,0.9832828044891357],[967.2991333007812,479.953125,0.9680485129356384],[771.0601196289062,621.7911987304688,0.9036330580711365],[1013.1483764648438,602.4492797851562,0.7854817509651184],[755.87353515625,652.928466796875,0.7053275108337402],[987.4330444335938,647.9778442382812,0.5285250544548035],[859.35009765625,702.7767944335938,0.9399709105491638],[965.0430908203125,692.8182373046875,0.9253080487251282],[804.6674194335938,712.8878784179688,0.6454352736473083],[958.4676513671875,701.9976196289062,0.6006408333778381],[812.921875,779.9683227539062,0.28439581394195557],[987.8602294921875,773.414794921875,0.26893940567970276]]",GEOM_UPRIGHT_OR_LIMB_SUPPORTED,"{""torso_angle"": 84.59235424760374, ""shoulder_hip_dy"": 0.5041796596875583, ""y_band_ratio"": 0.7198256584814662, ""kp_mean_conf"": 0.639083668589592, ""visible"": 16, ""bbox_ar"": 0.7411678942856482}"
P4D_PLAN::PF_P4D_HN_KNEEL_G004_V01,da2c71e8ed8df8420bd94c8aeaec0312c4051f4616550b0b852da846eaefbf0d,0,0.8260800242424011,793.271484375,2.5690841674804688,871.472900390625,199.86483764648438,0.007440589938236776,background,"[[843.2565307617188,23.382104873657227,0.43879595398902893],[842.3466796875,19.242856979370117,0.20722489058971405],[839.8584594726562,19.271421432495117,0.46861496567726135],[830.2875366210938,21.323558807373047,0.21642598509788513],[835.642822265625,20.872690200805664,0.7804328203201294],[820.8164672851562,42.80580520629883,0.963935375213623],[835.9312133789062,42.92884063720703,0.9830526113510132],[820.3839111328125,68.74365234375,0.6640345454216003],[844.7479248046875,71.21292114257812,0.9027970433235168],[829.1768188476562,84.79078674316406,0.533624529838562],[849.9622802734375,87.47816467285156,0.7920117974281311],[821.6539306640625,99.05681610107422,0.980180561542511],[831.9439086914062,99.82569122314453,0.9858461022377014],[825.3038330078125,141.59202575683594,0.9568490982055664],[835.4505615234375,142.1613006591797,0.971592366695404],[820.0596923828125,183.21401977539062,0.9195147752761841],[828.1480102539062,185.26666259765625,0.9419596791267395]]",GEOM_UPRIGHT_OR_LIMB_SUPPORTED,"{""torso_angle"": 91.59460384104347, ""shoulder_hip_dy"": 0.2867468242106742, ""y_band_ratio"": 0.7220675299862347, ""kp_mean_conf"": 0.7474643000785042, ""visible"": 17, ""bbox_ar"": 0.3963664429500615}"
P4D_PLAN::PF_P4D_HN_KNEEL_G004_V01,da2c71e8ed8df8420bd94c8aeaec0312c4051f4616550b0b852da846eaefbf0d,1,0.8048683404922485,688.69677734375,361.3246765136719,1053.935791015625,846.8187255859375,0.085513776826157,primary,"[[1013.1055908203125,480.9239501953125,0.9433607459068298],[1014.662353515625,466.0682678222656,0.3378441631793976],[1010.765625,463.91253662109375,0.9642769694328308],[988.423828125,448.2191467285156,0.03023551218211651],[965.621337890625,441.5968322753906,0.9670743346214294],[946.2338256835938,485.66705322265625,0.9768113493919373],[894.8631591796875,505.1372985839844,0.9966668486595154],[948.9379272460938,570.6002197265625,0.8643888235092163],[919.5422973632812,629.0234375,0.9925777316093445],[1016.070068359375,627.6370239257812,0.8482856154441833],[1018.8469848632812,642.3651123046875,0.9818553924560547],[865.9447631835938,637.9427490234375,0.9913711547851562],[820.278076171875,650.4332885742188,0.9965163469314575],[977.083740234375,738.681396484375,0.958287239074707],[886.0291137695312,762.8525390625,0.9834522604942322],[868.82080078125,794.1874389648438,0.8180397152900696],[754.5026245117188,805.0220947265625,0.8762102127075195]]",GEOM_UPRIGHT_OR_LIMB_SUPPORTED,"{""torso_angle"": 117.49517185458564, ""shoulder_hip_dy"": 0.3064627531064981, ""y_band_ratio"": 0.6577939361237575, ""kp_mean_conf"": 0.9060636814683676, ""visible"": 16, ""bbox_ar"": 0.7523037910965399}"
P4D_PLAN::PF_P4D_HN_KNEEL_G004_V02,b337d4329c2c3ade6d50e3726248b05639743410269c6ec6a3ad0983f43e3f19,0,0.9157320261001587,400.0199890136719,345.2298889160156,767.0839233398438,980.9619750976562,0.11253584140201484,primary,"[[422.9803161621094,470.0587463378906,0.6629027724266052],[428.435302734375,458.9587097167969,0.792303740978241],[436.4824523925781,454.02337646484375,0.0801347941160202],[481.2235412597656,455.0398254394531,0.9366360306739807],[489.6939697265625,441.6376647949219,0.019437188282608986],[595.2286987304688,512.3734130859375,0.9961857199668884],[514.8676147460938,489.96112060546875,0.9007049798965454],[704.73291015625,652.5399780273438,0.9957493543624878],[529.5274047851562,605.4102172851562,0.7163447737693787],[622.1376342773438,737.5078735351562,0.9916806817054749],[500.15966796875,749.5104370117188,0.7843194007873535],[684.814453125,673.6490478515625,0.9985535740852356],[624.0442504882812,655.3749389648438,0.9922869205474854],[654.37744140625,761.7228393554688,0.9969646334648132],[515.4271850585938,714.53173828125,0.9851535558700562],[709.4061279296875,892.1012573242188,0.9842413067817688],[549.2218627929688,814.5518798828125,0.961677074432373]]",GEOM_UPRIGHT_OR_LIMB_SUPPORTED,"{""torso_angle"": 58.68308939158179, ""shoulder_hip_dy"": 0.25693956638807963, ""y_band_ratio"": 0.6325622781352757, ""kp_mean_conf"": 0.9130469679832458, ""visible"": 15, ""bbox_ar"": 0.5773877743545176}"
P4D_PLAN::PF_P4D_HN_KNEEL_G004_V03,a6a262123a3536700ad754c224e0174c763217e6efdf5df22b724afce86ce538,0,0.8820367455482483,756.8538208007812,285.1754150390625,1297.6802978515625,811.5340576171875,0.1372823545190773,primary,"[[1240.4205322265625,399.49322509765625,0.5508744716644287],[1230.67431640625,381.5262451171875,0.03688900172710419],[1239.1119384765625,382.12841796875,0.613527238368988],[1178.3800048828125,348.57257080078125,0.031306855380535126],[1211.9476318359375,356.871826171875,0.899078369140625],[1101.034423828125,394.965576171875,0.9493295550346375],[1192.5428466796875,391.7608337402344,0.9958772659301758],[1095.76611328125,533.1864624023438,0.7222554087638855],[1221.4095458984375,525.2445678710938,0.993946373462677],[1185.873046875,622.8168334960938,0.6819226741790771],[1275.35302734375,610.5762939453125,0.9763636589050293],[914.2095336914062,546.7666015625,0.9914000034332275],[975.3235473632812,540.5555419921875,0.9978728294372559],[1007.4833374023438,680.1249389648438,0.968854546546936],[1090.4810791015625,685.7993774414062,0.9931272268295288],[851.8634033203125,746.91796875,0.8795621991157532],[909.6139526367188,780.2054443359375,0.9459547996520996]]",GEOM_UPRIGHT_OR_LIMB_SUPPORTED,"{""torso_angle"": 143.35195226360642, ""shoulder_hip_dy"": 0.2855426978174507, ""y_band_ratio"": 0.737984672756747, ""kp_mean_conf"": 0.8773297746976216, ""visible"": 15, ""bbox_ar"": 1.0274866475105116}"
P4D_PLAN::PF_P4D_HN_KNEEL_G004_V04,4a8924bb2d4d3a38fcf0753e606be24998e7ecffc883b2b4a32df62c0b3edd66,0,0.9157770276069641,785.0385131835938,287.4870910644531,1302.3582763671875,906.4127197265625,0.15440897938259032,primary,"[[1223.4598388671875,436.2629699707031,0.9146210551261902],[1218.313232421875,417.32647705078125,0.18810416758060455],[1225.392822265625,411.6833801269531,0.9440306425094604],[1172.5897216796875,365.68994140625,0.018074028193950653],[1181.64990234375,361.94366455078125,0.9481056332588196],[1076.5286865234375,382.5407409667969,0.9618352055549622],[1108.51171875,421.5931091308594,0.9961997866630554],[1059.482177734375,520.1705932617188,0.7768333554267883],[1057.0455322265625,617.65673828125,0.9930716156959534],[1172.3023681640625,599.6656494140625,0.7830560207366943],[1208.4884033203125,609.0357666015625,0.9827673435211182],[958.7357177734375,634.220947265625,0.9919136762619019],[970.5862426757812,655.6124267578125,0.9972531199455261],[1118.0460205078125,777.70263671875,0.9701747298240662],[1104.35400390625,808.4716186523438,0.990727424621582],[957.1990966796875,837.3155517578125,0.8748653531074524],[863.8974609375,838.9799194335938,0.926834225654602]]",GEOM_UPRIGHT_OR_LIMB_SUPPORTED,"{""torso_angle"": 117.76658751312654, ""shoulder_hip_dy"": 0.392373090912139, ""y_band_ratio"": 0.7374701536490762, ""kp_mean_conf"": 0.9368192791938782, ""visible"": 15, ""bbox_ar"": 0.8358350975089683}"
P4D_PLAN::PF_P4D_HN_KNEEL_G004_V05,352272dd4b3fef4caccc8b08037f5c433e07ffe26906fd7f9d39e05aa39b2cae,0,0.8746973276138306,737.6358642578125,393.94482421875,964.006591796875,834.6359252929688,0.04810935820320285,primary,"[[913.1572265625,461.2327880859375,0.40148037672042847],[910.2540893554688,446.2964172363281,0.06440378725528717],[912.3109130859375,446.8258972167969,0.5307546257972717],[862.5963745117188,435.39239501953125,0.17265526950359344],[902.5808715820312,441.356689453125,0.9387203454971313],[797.8656005859375,470.865234375,0.917633593082428],[902.0718383789062,490.2903747558594,0.9956170320510864],[784.0399169921875,549.7421264648438,0.36846309900283813],[917.9736328125,583.4886474609375,0.9722542762756348],[813.0582885742188,600.8755493164062,0.22319340705871582],[942.2787475585938,603.359619140625,0.8506665229797363],[768.0772705078125,638.565673828125,0.976996123790741],[844.5758056640625,648.626953125,0.994707465171814],[814.883056640625,650.8507080078125,0.9707975387573242],[925.6763305664062,661.3639526367188,0.993285059928894],[781.2514038085938,755.90185546875,0.9622858762741089],[903.9490966796875,761.8438720703125,0.9848794341087341]]",GEOM_UPRIGHT_OR_LIMB_SUPPORTED,"{""torso_angle"": 104.98737535363087, ""shoulder_hip_dy"": 0.36991559056618695, ""y_band_ratio"": 0.6602779974136748, ""kp_mean_conf"": 0.8054489850997925, ""visible"": 15, ""bbox_ar"": 0.5136721095281168}"
P4D_PLAN::PF_P4D_HN_KNEEL_G004_V05,352272dd4b3fef4caccc8b08037f5c433e07ffe26906fd7f9d39e05aa39b2cae,1,0.21327894926071167,1851.9056396484375,4.954021453857422,1914.2479248046875,129.22329711914062,0.0037361258775490567,background,"[[1906.5323486328125,2.079099655151367,0.001050829770974815],[1906.043701171875,0.0,0.0007842250051908195],[1904.4339599609375,0.0,0.0016456061275675893],[1898.9820556640625,0.0,0.0018660911591723561],[1907.546630859375,0.0,0.005802548490464687],[1903.7542724609375,0.0,0.0030641434714198112],[1897.9227294921875,0.0,0.005432577803730965],[1900.5574951171875,1.9581899642944336,0.01827477663755417],[1894.181396484375,4.387201309204102,0.0564073882997036],[1902.708251953125,41.66271209716797,0.03587838634848595],[1895.4580078125,44.952335357666016,0.07853646576404572],[1895.3438720703125,1.9350528717041016,0.1062169224023819],[1888.7139892578125,2.3997716903686523,0.13348866999149323],[1896.3363037109375,25.438264846801758,0.5007081627845764],[1891.384765625,25.602767944335938,0.5623950958251953],[1882.62646484375,101.95182037353516,0.7874975800514221],[1880.098876953125,101.69098663330078,0.8169025182723999]]",GEOM_UNCERTAIN,null
P4D_PLAN::PF_P4D_HN_KNEEL_G005_V01,57a4adcf35c5fee20a71f1427d5a77b39330ea5b6d0eb8e1d937372db6e5b5ba,0,0.9164694547653198,822.1243286132812,196.54917907714844,1259.920654296875,721.6795043945312,0.11087004577979381,primary,"[[1216.7193603515625,302.0743103027344,0.6213669776916504],[1204.9593505859375,285.0707702636719,0.08220569044351578],[1216.3916015625,286.1368408203125,0.6447383165359497],[1151.37841796875,252.0157012939453,0.09610867500305176],[1195.494140625,263.03253173828125,0.9015800356864929],[1080.9127197265625,288.64263916015625,0.9608635902404785],[1170.399169921875,314.02294921875,0.9964820146560669],[1066.7513427734375,401.54547119140625,0.7400996685028076],[1139.4671630859375,454.87969970703125,0.9917417764663696],[1173.5023193359375,457.6641845703125,0.6633162498474121],[1214.322509765625,485.5964660644531,0.9665374159812927],[971.15185546875,479.3148498535156,0.989373505115509],[1029.424072265625,490.50213623046875,0.9970197081565857],[1046.5682373046875,596.166015625,0.9557614326477051],[1099.8489990234375,619.4345092773438,0.9882721304893494],[924.7384643554688,644.5654907226562,0.8431273698806763],[920.669921875,677.2474365234375,0.9226438999176025]]",GEOM_UPRIGHT_OR_LIMB_SUPPORTED,"{""torso_angle"": 124.33004926438703, ""shoulder_hip_dy"": 0.349581218227281, ""y_band_ratio"": 0.7400159134371318, ""kp_mean_conf"": 0.8788616061210632, ""visible"": 15, ""bbox_ar"": 0.8336908088844319}"
P4D_PLAN::PF_P4D_HN_KNEEL_G005_V02,2e5e98c869fec5d4ccba6f9e6a695eaefdbbd8edaab4d49ea6acee2663458fd4,0,0.9241451621055603,718.1257934570312,234.53787231445312,1194.0069580078125,819.86279296875,0.13432923653624634,primary,"[[1168.3480224609375,328.3125,0.5651389360427856],[1158.409912109375,309.8783264160156,0.04105136916041374],[1164.1514892578125,312.7731628417969,0.6326984763145447],[1103.60595703125,295.06011962890625,0.052000682801008224],[1133.4290771484375,308.3100280761719,0.9545202851295471],[1052.1558837890625,360.2230224609375,0.9828275442123413],[1096.1839599609375,385.4072570800781,0.9986082911491394],[1066.1781005859375,449.45538330078125,0.8765608072280884],[1027.7152099609375,533.8450317382812,0.9968888163566589],[1145.6575927734375,507.42108154296875,0.8301271796226501],[1065.6851806640625,648.6013793945312,0.9864242672920227],[928.0858764648438,538.8314819335938,0.9971599578857422],[954.987548828125,547.4010620117188,0.9992203712463379],[1001.9927368164062,667.2032470703125,0.9844896793365479],[1005.3937377929688,684.0758666992188,0.9958831071853638],[889.7977294921875,706.6051025390625,0.9183042049407959],[813.4949340820312,742.7739868164062,0.9593467712402344]]",GEOM_UPRIGHT_OR_LIMB_SUPPORTED,"{""torso_angle"": 127.91202138452138, ""shoulder_hip_dy"": 0.29095144626984243, ""y_band_ratio"": 0.6535702664561758, ""kp_mean_conf"": 0.9118799130121867, ""visible"": 15, ""bbox_ar"": 0.8130205083679412}"
P4D_PLAN::PF_P4D_HN_KNEEL_G005_V03,a8464076cdfdc6dfca5595285c533e72188d77071682fd3cb5537269a46ab7cd,0,0.7239536643028259,393.0065002441406,342.090087890625,870.35107421875,840.9588012695312,0.1148400238508466,primary,"[[458.2445373535156,456.8709411621094,0.8342444896697998],[465.6109313964844,440.417724609375,0.8925992250442505],[459.0756530761719,438.0970458984375,0.22128991782665253],[509.209716796875,418.0357360839844,0.9583154916763306],[491.37286376953125,414.2214050292969,0.090547576546669],[585.3070068359375,454.9195861816406,0.9964981079101562],[540.9841918945312,434.5098571777344,0.9698972105979919],[574.7109375,593.91357421875,0.9902370572090149],[504.4016418457031,537.7979125976562,0.8084481358528137],[464.512939453125,633.1821899414062,0.9701809883117676],[457.19586181640625,571.8167724609375,0.754745364189148],[721.3435668945312,595.3656005859375,0.9954873919487],[685.979736328125,580.0661010742188,0.987536609172821],[566.2698974609375,647.8548583984375,0.9876307845115662],[521.1943359375,620.3757934570312,0.9632408022880554],[674.5686645507812,763.3890991210938,0.9323777556419373],[629.1837158203125,729.1183471679688,0.8811215162277222]]",GEOM_UPRIGHT_OR_LIMB_SUPPORTED,"{""torso_angle"": 45.5021945106355, ""shoulder_hip_dy"": 0.28665082679133025, ""y_band_ratio"": 0.6592500854900584, ""kp_mean_conf"": 0.8839906780049205, ""visible"": 16, ""bbox_ar"": 0.956854100433537}"
P4D_PLAN::PF_P4D_HN_KNEEL_G005_V04,092cf64765050fa9d9bf9ab7ce7c62639765bab22784ab6514e7ea9f4880b9ff,0,0.9129173159599304,1023.3594360351562,210.9784698486328,1397.2196044921875,562.3977661132812,0.06335921937719562,primary,"[[1352.48583984375,298.6878662109375,0.5233817100524902],[1345.6435546875,285.9775390625,0.05679967254400253],[1351.1220703125,287.74658203125,0.5850237011909485],[1315.2369384765625,253.1807098388672,0.049111489206552505],[1331.6009521484375,263.2027282714844,0.8706941604614258],[1276.0994873046875,262.3477478027344,0.9331368207931519],[1298.0386962890625,284.1097412109375,0.9965167045593262],[1292.41015625,338.88427734375,0.7885586619377136],[1320.64697265625,388.66400146484375,0.995414137840271],[1346.9593505859375,418.7053527832031,0.813523530960083],[1360.6094970703125,440.5151672363281,0.985323429107666],[1146.6365966796875,358.5758972167969,0.9945730566978455],[1156.14111328125,362.6313171386719,0.9986685514450073],[1186.1748046875,488.7020263671875,0.982093095779419],[1185.1964111328125,504.9679870605469,0.9954543113708496],[1102.689697265625,500.056640625,0.9396687746047974],[1072.3560791015625,521.51611328125,0.9726290106773376]]",GEOM_UPRIGHT_OR_LIMB_SUPPORTED,"{""torso_angle"": 147.21942287981264, ""shoulder_hip_dy"": 0.24863422014566264, ""y_band_ratio"": 0.7374904230738085, ""kp_mean_conf"": 0.8916439771652221, ""visible"": 15, ""bbox_ar"": 1.063857825768005}"
P4D_PLAN::PF_P4D_HN_KNEEL_G005_V05,c3ab9af0f085ec1147384df4f179ac708bc7204ee162b109e945b9676a57418f,0,0.9103566408157349,837.8900756835938,264.5351257324219,1198.3785400390625,873.9445190429688,0.10594379646909573,primary,"[[888.8226928710938,369.335205078125,0.40519118309020996],[890.9304809570312,353.2447204589844,0.5492332577705383],[900.3938598632812,352.1378173828125,0.05042404681444168],[924.3135375976562,343.73614501953125,0.9595021605491638],[974.8048095703125,338.41571044921875,0.16246607899665833],[935.5900268554688,429.7822265625,0.9940009713172913],[1039.6611328125,411.73919677734375,0.9458857774734497],[913.5040893554688,575.1614379882812,0.9685907363891602],[1012.7747192382812,544.7662963867188,0.5149868726730347],[873.7813110351562,587.62060546875,0.856802761554718],[920.4201049804688,582.7255859375,0.3344258666038513],[1008.2164916992188,679.2119750976562,0.9874823093414307],[1080.6302490234375,666.3308715820312,0.9630388021469116],[917.0557861328125,824.3003540039062,0.9509871006011963],[1023.182373046875,799.0149536132812,0.8673040270805359],[1048.5634765625,843.3087158203125,0.7817361950874329],[1135.79248046875,813.347412109375,0.6551181077957153]]",GEOM_UPRIGHT_OR_LIMB_SUPPORTED,"{""torso_angle"": 77.29897792743144, ""shoulder_hip_dy"": 0.41353269975197215, ""y_band_ratio"": 0.7081766769273389, ""kp_mean_conf"": 0.782285741964976, ""visible"": 15, ""bbox_ar"": 0.5915374267488008}"
P4D_PLAN::PF_P4D_HN_KNEEL_G006_V01,ec0067c181440dbafe5953d3140dd10f9bd3026c812ffe94aaca8ffd09ef3d58,0,0.8681184649467468,975.7300415039062,293.4764709472656,1310.034423828125,795.3272094726562,0.08090803489664532,primary,"[[1275.5570068359375,383.18280029296875,0.7751074433326721],[1268.4605712890625,365.1632995605469,0.1140679195523262],[1271.245361328125,368.7518005371094,0.8746196031570435],[1223.364990234375,349.9849548339844,0.027616484090685844],[1242.5994873046875,356.4432678222656,0.9727354645729065],[1172.0980224609375,396.2232360839844,0.9397414922714233],[1229.7225341796875,431.1693420410156,0.9929243326187134],[1216.4345703125,458.707763671875,0.5820028781890869],[1275.097412109375,546.328369140625,0.9751835465431213],[1275.050537109375,470.52117919921875,0.4843771457672119],[1299.3651123046875,495.1148376464844,0.9208264946937561],[1108.2969970703125,601.185791015625,0.9556863903999329],[1139.68115234375,617.0846557617188,0.9840670824050903],[1208.3521728515625,706.8435668945312,0.8284505605697632],[1223.90625,734.4688110351562,0.93548184633255],[1059.1292724609375,733.2568359375,0.5880181789398193],[1026.1285400390625,744.8893432617188,0.7096297144889832]]",GEOM_UPRIGHT_OR_LIMB_SUPPORTED,"{""torso_angle"": 111.48369498183595, ""shoulder_hip_dy"": 0.38943637883335275, ""y_band_ratio"": 0.694760574034891, ""kp_mean_conf"": 0.8345901449521382, ""visible"": 15, ""bbox_ar"": 0.6661430514310281}"
P4D_PLAN::PF_P4D_HN_KNEEL_G006_V02,3046fb43590078dd4c1d9f51ee85bea5e8af821a61248cccac9b3aabfa3ab81e,0,0.9279714822769165,647.0307006835938,120.70415496826172,1162.8001708984375,757.6981811523438,0.1584404279586151,primary,"[[780.4449462890625,276.7993469238281,0.9774208664894104],[797.745849609375,254.6735382080078,0.9759824275970459],[767.5322265625,256.3421936035156,0.8043794631958008],[856.0870971679688,230.3533172607422,0.9600473642349243],[771.2755737304688,236.2433319091797,0.2804926931858063],[923.0693359375,307.105224609375,0.9971939325332642],[788.833740234375,302.6151428222656,0.9939165711402893],[916.738037109375,482.9217224121094,0.9880240559577942],[743.5889892578125,449.4852294921875,0.9522581696510315],[842.3617553710938,611.2714233398438,0.9672524333000183],[696.6048583984375,599.5162963867188,0.9019725322723389],[1006.1759033203125,513.1364135742188,0.9965231418609619],[899.730712890625,510.5557556152344,0.9947953820228577],[993.7835693359375,669.114990234375,0.9700906872749329],[792.48583984375,661.6258544921875,0.9526330232620239],[1118.7205810546875,675.646484375,0.8079028725624084],[869.1782836914062,675.1474609375,0.7736743092536926]]",GEOM_UPRIGHT_OR_LIMB_SUPPORTED,"{""torso_angle"": 64.89035578258971, ""shoulder_hip_dy"": 0.32494166722230816, ""y_band_ratio"": 0.5856119935494242, ""kp_mean_conf"": 0.8996799956349766, ""visible"": 17, ""bbox_ar"": 0.809692789906626}"
P4D_PLAN::PF_P4D_HN_KNEEL_G006_V03,b44aacd2710e04264b8be5a8046fb77b2e29d4c41155d14c7d902e9b9f26b734,0,0.8299193382263184,819.3770751953125,324.1146240234375,1166.1068115234375,608.8670654296875,0.04761387872664879,primary,"[[863.8043212890625,390.32330322265625,0.8170157670974731],[864.0584716796875,380.6076354980469,0.8687021732330322],[863.92041015625,378.9990234375,0.22638653218746185],[882.2337036132812,366.89501953125,0.9275789260864258],[885.0631713867188,363.68035888671875,0.10782963037490845],[922.480224609375,383.40325927734375,0.997557520866394],[946.4268188476562,378.76971435546875,0.9397427439689636],[906.4315795898438,471.8996887207031,0.9952175617218018],[928.2819213867188,456.2337341308594,0.6695844531059265],[858.2307739257812,520.2703857421875,0.9859898090362549],[858.5557861328125,500.085205078125,0.7125429511070251],[1052.1622314453125,431.6742858886719,0.9978697299957275],[1076.221923828125,430.2231750488281,0.9880660772323608],[936.6026611328125,481.5366516113281,0.995975911617279],[997.0468139648438,474.0339660644531,0.9772878885269165],[974.6927490234375,560.6185302734375,0.9829227924346924],[1055.2071533203125,542.3861083984375,0.952259361743927]]",GEOM_LYING,"{""torso_angle"": 21.02319791457574, ""shoulder_hip_dy"": 0.17510734378992168, ""y_band_ratio"": 0.6386207437587131, ""kp_mean_conf"": 0.8771687624976039, ""visible"": 16, ""bbox_ar"": 1.2176532521224406}"
P4D_PLAN::PF_P4D_HN_KNEEL_G006_V04,6efac3deebf25a7c6e1edb7ebfa72146ed12077e750f9a4aa16dd4a41b590a2c,0,0.8803809881210327,312.3901672363281,313.074462890625,647.3805541992188,692.185546875,0.0612454517389307,primary,"[[374.0917053222656,376.51409912109375,0.5479648113250732],[378.0489196777344,365.73468017578125,0.6895995736122131],[377.2870788574219,358.73455810546875,0.06737923622131348],[398.8382568359375,363.06390380859375,0.9253247976303101],[416.2680358886719,345.0673828125,0.07728979736566544],[392.0585021972656,420.92156982421875,0.9957283139228821],[489.8652648925781,369.0040283203125,0.8852454423904419],[356.06781005859375,535.8819580078125,0.9918650984764099],[425.63726806640625,442.2054748535156,0.5002832412719727],[338.19158935546875,444.7663269042969,0.9691066145896912],[362.1185302734375,422.13848876953125,0.5060895085334778],[530.5994873046875,558.4077758789062,0.9939151406288147],[596.1824951171875,540.6116333007812,0.9649460315704346],[453.077392578125,660.8294677734375,0.9753105640411377],[530.6500854492188,619.3076171875,0.86919105052948],[577.1295776367188,652.0581665039062,0.8632878661155701],[582.2583618164062,613.702880859375,0.682470440864563]]",GEOM_UPRIGHT_OR_LIMB_SUPPORTED,"{""torso_angle"": 51.614406955885485, ""shoulder_hip_dy"": 0.40765599331289337, ""y_band_ratio"": 0.7697623514092575, ""kp_mean_conf"": 0.8240218997001648, ""visible"": 15, ""bbox_ar"": 0.8836206618973377}"
P4D_PLAN::PF_P4D_HN_KNEEL_G006_V05,21cbdfc71ebb5ddcf980c8af479ca1be17e6b8d81e3b412aabf55ac5c5520d6e,0,0.9071431756019592,862.5298461914062,199.14230346679688,1169.0406494140625,599.0497436523438,0.05911263054879839,primary,"[[937.5062255859375,280.9045715332031,0.5118709802627563],[935.417236328125,268.09765625,0.6284867525100708],[945.5087280273438,265.0721130371094,0.07685734331607819],[950.6057739257812,251.92300415039062,0.9385404586791992],[994.68603515625,243.37986755371094,0.15940497815608978],[958.72216796875,298.80352783203125,0.9948061108589172],[1058.1651611328125,276.5201416015625,0.9390095472335815],[924.9053344726562,403.60308837890625,0.985749363899231],[1067.3021240234375,364.01507568359375,0.6080514192581177],[882.1842041015625,385.2641906738281,0.9450485110282898],[1002.3277587890625,378.92266845703125,0.5180461406707764],[1057.367431640625,458.83941650390625,0.9911274313926697],[1117.8321533203125,450.5702819824219,0.9646971225738525],[998.4291381835938,519.749267578125,0.9624969959259033],[1029.26220703125,503.18841552734375,0.8594473004341125],[1118.60693359375,573.8612060546875,0.8190221190452576],[1100.4847412109375,555.1000366210938,0.6572791337966919]]",GEOM_UPRIGHT_OR_LIMB_SUPPORTED,"{""torso_angle"": 64.64528326008048, ""shoulder_hip_dy"": 0.41770419287238936, ""y_band_ratio"": 0.7435247124063666, ""kp_mean_conf"": 0.8215786258379618, ""visible"": 15, ""bbox_ar"": 0.7664543652412245}"
P4D_PLAN::PF_P4D_HN_KNEEL_G007_V01,be2144a896c3a6f77dc5b9fb06b7f0a211e5aec86fbb3173116fabb512c17263,0,0.8843738436698914,732.52490234375,136.22616577148438,1466.18310546875,1016.6658935546875,0.3115074405118099,primary,"[[1208.3583984375,287.8047180175781,0.9554263353347778],[1195.581298828125,264.0896301269531,0.20687946677207947],[1184.2437744140625,270.1453857421875,0.9716727137565613],[1140.1103515625,263.9718933105469,0.007925626821815968],[1101.536376953125,279.8616943359375,0.9835330843925476],[1114.4107666015625,363.3500061035156,0.9894933700561523],[1097.8765869140625,425.6199645996094,0.9975117444992065],[1224.6378173828125,456.71044921875,0.905460000038147],[1194.5145263671875,611.7395629882812,0.9951776266098022],[1335.424072265625,451.0162658691406,0.8596412539482117],[1358.6822509765625,516.114990234375,0.9862837791442871],[1102.80517578125,740.1630249023438,0.9953340888023376],[1087.278076171875,766.9515380859375,0.9980952143669128],[1102.9813232421875,889.163818359375,0.9615256190299988],[1116.7696533203125,932.53955078125,0.9850506782531738],[896.1661376953125,897.2549438476562,0.7597472667694092],[877.6026000976562,919.995849609375,0.8199031352996826]]",GEOM_UPRIGHT_OR_LIMB_SUPPORTED,"{""torso_angle"": 91.77094718744092, ""shoulder_hip_dy"": 0.4078329098650067, ""y_band_ratio"": 0.6464832591219577, ""kp_mean_conf"": 0.8981709610670805, ""visible"": 16, ""bbox_ar"": 0.8332861182584594}"
P4D_PLAN::PF_P4D_HN_KNEEL_G007_V02,487479c3e26b1caa9ab49fb2ea6feddf34e9c10fdca9bd4bcade13947a7c86f7,0,0.8827711343765259,864.8734130859375,273.755126953125,1186.6160888671875,717.4996948242188,0.06885202769591059,primary,"[[1116.396728515625,355.0240173339844,0.9273943901062012],[1112.40380859375,339.68865966796875,0.3287574350833893],[1106.2086181640625,344.6525573730469,0.9504943490028381],[1084.099365234375,330.6845397949219,0.042975082993507385],[1064.0419921875,341.52398681640625,0.9600965976715088],[1057.452392578125,369.2619323730469,0.9757245182991028],[1033.5166015625,401.3638916015625,0.9963964819908142],[1100.61376953125,450.2278747558594,0.8536238670349121],[1084.5611572265625,519.1472778320312,0.9914537668228149],[1137.2379150390625,487.4269714355469,0.8348681926727295],[1146.68212890625,517.1815795898438,0.9793264865875244],[1013.5345458984375,538.0556030273438,0.9907925128936768],[989.2816772460938,555.2758178710938,0.9964722394943237],[1134.96875,555.1484985351562,0.9717554450035095],[1063.3624267578125,582.0897827148438,0.9897567629814148],[1075.80126953125,639.5750122070312,0.9074451327323914],[963.1419677734375,661.1792602539062,0.9438526034355164]]",GEOM_UPRIGHT_OR_LIMB_SUPPORTED,"{""torso_angle"": 105.27860786884193, ""shoulder_hip_dy"": 0.36361639137582974, ""y_band_ratio"": 0.6578499186623515, ""kp_mean_conf"": 0.9123881738632917, ""visible"": 16, ""bbox_ar"": 0.7250627930497059}"
P4D_PLAN::PF_P4D_HN_KNEEL_G007_V02,487479c3e26b1caa9ab49fb2ea6feddf34e9c10fdca9bd4bcade13947a7c86f7,1,0.2527603209018707,1800.1519775390625,512.0454711914062,1919.4180908203125,1065.779052734375,0.03184879054009259,primary,"[[1920.0,355.480224609375,0.0008197844144888222],[1919.76025390625,334.38983154296875,0.0003543760103639215],[1920.0,335.91571044921875,0.0006963948835618794],[1920.0,303.8444519042969,0.0023956026416271925],[1920.0,310.81951904296875,0.004492116626352072],[1911.844970703125,368.6763610839844,0.0033305457327514887],[1920.0,376.1712341308594,0.025106891989707947],[1894.6466064453125,483.8671875,0.011763399466872215],[1906.0416259765625,490.8908386230469,0.12834715843200684],[1906.5989990234375,532.9883422851562,0.02909429930150509],[1916.35302734375,542.2513427734375,0.148772194981575],[1890.36328125,624.9132080078125,0.10415762662887573],[1892.806640625,624.2025756835938,0.24867890775203705],[1868.987548828125,932.3695678710938,0.10241147875785828],[1875.92431640625,929.8341064453125,0.2266135960817337],[1887.58349609375,994.6608276367188,0.06202583387494087],[1882.8511962890625,992.3406982421875,0.10965569317340851]]",GEOM_UNCERTAIN,null
P4D_PLAN::PF_P4D_HN_KNEEL_G007_V03,7ab5c38ad749015a73899582af27466dc800ae278af8b5d30573348a69d539ed,0,0.9509504437446594,589.9456787109375,347.34796142578125,1295.990478515625,989.1998901367188,0.21854562910443984,primary,"[[1177.4615478515625,509.91741943359375,0.4512673020362854],[1155.4688720703125,489.53631591796875,0.021504363045096397],[1180.4061279296875,493.76983642578125,0.5324199795722961],[1092.1552734375,427.2236022949219,0.04151786491274834],[1155.3818359375,455.6202392578125,0.9413179755210876],[1041.2996826171875,430.26361083984375,0.9817888140678406],[1068.806884765625,514.2277221679688,0.9990414977073669],[1078.2276611328125,519.51708984375,0.9120069742202759],[1063.9913330078125,697.1583251953125,0.9985656142234802],[1204.5487060546875,594.5023193359375,0.8867453336715698],[1201.8365478515625,668.44921875,0.9925486445426941],[849.4069213867188,625.219482421875,0.9988546371459961],[842.5464477539062,659.1350708007812,0.9996825456619263],[1043.3392333984375,789.1162719726562,0.9930805563926697],[902.053955078125,853.6888427734375,0.998248815536499],[942.2589111328125,844.4489135742188,0.9561965465545654],[664.9847412109375,897.12890625,0.9786249995231628]]",GEOM_UPRIGHT_OR_LIMB_SUPPORTED,"{""torso_angle"": 140.89675428241404, ""shoulder_hip_dy"": 0.26475204405586783, ""y_band_ratio"": 0.7273722715888453, ""kp_mean_conf"": 0.9080260157585144, ""visible"": 15, ""bbox_ar"": 1.1000119626074376}"
P4D_PLAN::PF_P4D_HN_KNEEL_G007_V04,b04dc22a6651d55af655dd4e125319b7e8e1a6716944980f15dd0305555849e6,0,0.9462421536445618,380.1375732421875,386.6737060546875,889.8858032226562,837.0902709960938,0.11072484892590889,primary,"[[823.8289184570312,502.63690185546875,0.511710524559021],[817.7294311523438,487.6683654785156,0.033410847187042236],[819.6714477539062,489.94940185546875,0.5894054174423218],[789.7591552734375,450.3214416503906,0.022576339542865753],[792.5808715820312,463.57342529296875,0.8775811791419983],[758.5704345703125,455.4048156738281,0.9529637098312378],[719.045166015625,490.70855712890625,0.9974365830421448],[799.3685913085938,547.73779296875,0.851165235042572],[739.8251953125,636.6370849609375,0.9973462820053101],[857.8050537109375,622.501953125,0.8931000828742981],[841.20849609375,679.5579223632812,0.992929995059967],[568.1614379882812,565.2777099609375,0.9974496960639954],[555.0205078125,577.6937255859375,0.9993826150894165],[635.9009399414062,654.527587890625,0.9940221905708313],[711.7345581054688,685.0689697265625,0.9986649751663208],[484.39996337890625,734.9037475585938,0.9771847128868103],[643.7857055664062,771.0752563476562,0.9903950095176697]]",GEOM_UPRIGHT_OR_LIMB_SUPPORTED,"{""torso_angle"": 150.95151379157187, ""shoulder_hip_dy"": 0.21852888866304182, ""y_band_ratio"": 0.7008410996493725, ""kp_mean_conf"": 0.908049213886261, ""visible"": 15, ""bbox_ar"": 1.131726205599878}"
P4D_PLAN::PF_P4D_HN_KNEEL_G007_V04,b04dc22a6651d55af655dd4e125319b7e8e1a6716944980f15dd0305555849e6,1,0.8207269310951233,1609.2506103515625,9.057008743286133,1672.528564453125,160.8859100341797,0.004633209031238342,background,[],GEOM_UNCERTAIN,null
P4D_PLAN::PF_P4D_HN_KNEEL_G007_V05,e0e83fe5910aed2fc9629efe298175e69c19a39d1b21b1bda737172588bae74e,0,0.909464418888092,401.2306823730469,47.06488037109375,780.6171264648438,824.7991333007812,0.1422944794885148,primary,"[[665.1235961914062,189.28326416015625,0.5597524642944336],[654.1739501953125,158.8369598388672,0.0615319162607193],[663.5270385742188,159.62997436523438,0.6342523097991943],[558.7041625976562,139.20091247558594,0.33250027894973755],[642.324951171875,152.76768493652344,0.9858055710792542],[454.17755126953125,249.5192413330078,0.9899857044219971],[656.8453979492188,282.4308776855469,0.9991028308868408],[426.6373291015625,426.16351318359375,0.7123912572860718],[664.256103515625,488.2392883300781,0.9892640709877014],[532.2981567382812,520.0759887695312,0.47385671734809875],[720.8577270507812,614.0109252929688,0.9204788208007812],[435.1866760253906,603.8583984375,0.9855167269706726],[576.7587280273438,624.8538208007812,0.9957501888275146],[540.782958984375,630.5804443359375,0.9193258285522461],[704.3357543945312,651.3490600585938,0.9769784808158875],[448.43133544921875,773.2551879882812,0.7482122182846069],[580.8434448242188,799.6761474609375,0.8635095953941345]]",GEOM_UPRIGHT_OR_LIMB_SUPPORTED,"{""torso_angle"": 98.09303722476542, ""shoulder_hip_dy"": 0.4479435601524925, ""y_band_ratio"": 0.7073841791788328, ""kp_mean_conf"": 0.8179176915436983, ""visible"": 16, ""bbox_ar"": 0.48780986906860074}"
P4D_PLAN::PF_P4D_HN_MAINT_G002_V01,dfc2f92acc2172dbd0b24b6d6cc69d894fbb483c34dde182d44e61c403e15678,0,0.9076797366142273,615.7160034179688,346.28466796875,1045.83984375,769.333984375,0.08775250608723806,primary,"[[995.8246459960938,439.09637451171875,0.34395086765289307],[988.4939575195312,421.5617370605469,0.030688989907503128],[995.9608764648438,426.2405090332031,0.5233106017112732],[940.18310546875,382.87701416015625,0.06151984632015228],[976.7525024414062,402.7218322753906,0.9280392527580261],[876.2935180664062,399.0978698730469,0.8977698683738708],[934.4192504882812,432.78363037109375,0.9957051873207092],[855.2083740234375,504.2633361816406,0.48033881187438965],[928.6316528320312,568.0530395507812,0.9891831874847412],[919.4036865234375,577.7646484375,0.3831615447998047],[983.2109985351562,651.8192749023438,0.9360371828079224],[709.1303100585938,514.8239135742188,0.9832927584648132],[748.032470703125,526.9442138671875,0.9964420199394226],[799.3292236328125,638.6585083007812,0.9582076668739319],[842.525390625,663.416015625,0.9914063215255737],[671.627685546875,686.6519165039062,0.8975149989128113],[697.7321166992188,728.5435791015625,0.9587915539741516]]",GEOM_UPRIGHT_OR_LIMB_SUPPORTED,"{""torso_angle"": 149.30431285438192, ""shoulder_hip_dy"": 0.24806401884799834, ""y_band_ratio"": 0.7787406726646314, ""kp_mean_conf"": 0.8175434549649556, ""visible"": 15, ""bbox_ar"": 1.016722693197754}"
P4D_PLAN::PF_P4D_HN_MAINT_G002_V02,08511bbc5ba1673bf1ad56497872080e7da1d20dffee469e4f44021a97388e35,0,0.8994623422622681,556.9609375,474.61431884765625,1081.900634765625,865.2838134765625,0.09889946288648378,primary,"[[705.2766723632812,607.9276733398438,0.7202669382095337],[704.1828002929688,594.4689331054688,0.6896561980247498],[700.64208984375,593.3143920898438,0.180841326713562],[730.4210205078125,565.9337158203125,0.8102231621742249],[714.7003784179688,565.6704711914062,0.0750739797949791],[810.4658203125,576.3779296875,0.9906961917877197],[785.2532958984375,555.0188598632812,0.9748899340629578],[863.5123901367188,691.7060546875,0.9870991110801697],[702.720458984375,630.7860717773438,0.9371330738067627],[831.1066284179688,707.3815307617188,0.9815400242805481],[641.821044921875,717.0245361328125,0.9357067346572876],[997.6919555664062,643.7471923828125,0.9982024431228638],[989.4290771484375,633.5125122070312,0.9969993829727173],[841.7389526367188,740.945068359375,0.9969651103019714],[861.3768920898438,704.73486328125,0.9943000078201294],[975.86669921875,814.9061889648438,0.9846426844596863],[965.6283569335938,782.6966552734375,0.9802001714706421]]",GEOM_LYING,"{""torso_angle"": 20.438807685569603, ""shoulder_hip_dy"": 0.18668326685913433, ""y_band_ratio"": 0.6652357879860247, ""kp_mean_conf"": 0.9319014112154643, ""visible"": 15, ""bbox_ar"": 1.3436925700181963}"
P4D_PLAN::PF_P4D_HN_MAINT_G002_V03,1145eb0ad1714941dbb6a018e8322ea40e8ff6cf43365c9d3365e6bb8d1dfb87,0,0.9053539037704468,860.5525512695312,340.0242919921875,1241.048828125,694.6382446289062,0.06507006592364632,primary,"[[1155.5628662109375,448.5401306152344,0.8705174922943115],[1156.4405517578125,431.927490234375,0.18735313415527344],[1148.3812255859375,434.7667541503906,0.921088695526123],[1133.476806640625,407.2440490722656,0.032805245369672775],[1108.280517578125,413.3352355957031,0.9646719694137573],[1102.1121826171875,417.54046630859375,0.9753813147544861],[1038.2047119140625,433.9299621582031,0.9966198205947876],[1152.928466796875,514.7405395507812,0.8820323348045349],[1091.0030517578125,561.0787963867188,0.9934079647064209],[1206.6448974609375,592.7854614257812,0.864821195602417],[1176.7642822265625,619.9325561523438,0.981744110584259],[959.6307373046875,509.8066711425781,0.989048957824707],[909.6060791015625,518.9745483398438,0.9954814910888672],[1097.8336181640625,515.3280029296875,0.9608913064002991],[1013.0446166992188,538.0283813476562,0.9848783612251282],[1021.4635620117188,595.1367797851562,0.8762795329093933],[936.7152709960938,623.28076171875,0.9194425940513611]]",GEOM_UPRIGHT_OR_LIMB_SUPPORTED,"{""torso_angle"": 146.8116988833723, ""shoulder_hip_dy"": 0.25000537866211586, ""y_band_ratio"": 0.5801810500697505, ""kp_mean_conf"": 0.9450871427853902, ""visible"": 15, ""bbox_ar"": 1.072987326150883}"
P4D_PLAN::PF_P4D_HN_MAINT_G002_V04,4aa4cf12aab73222da8460691afc237653b99f12174f0f16cc74393a7cf8a4fe,0,0.9253768920898438,516.97265625,340.62176513671875,1011.7335205078125,719.6116333007812,0.09042696504523823,primary,"[[952.9436645507812,488.3079528808594,0.659189760684967],[948.6337890625,473.0135192871094,0.10093866288661957],[954.1913452148438,471.2253112792969,0.7825784087181091],[920.55908203125,418.8592529296875,0.04474462941288948],[934.9085693359375,424.9058837890625,0.8968271613121033],[857.73583984375,411.1938171386719,0.8684911131858826],[881.08154296875,431.2903137207031,0.9908975958824158],[835.2229614257812,517.8927612304688,0.46295544505119324],[849.2256469726562,573.3594970703125,0.9837164878845215],[904.6133422851562,608.1350708007812,0.41552603244781494],[916.4213256835938,655.9589233398438,0.9336268901824951],[641.2437744140625,491.2499084472656,0.9596695899963379],[657.563232421875,495.755615234375,0.9897589683532715],[759.12255859375,603.3050537109375,0.915683925151825],[783.1069946289062,621.0357666015625,0.980624258518219],[571.7997436523438,650.3552856445312,0.8251685500144958],[581.7294311523438,678.4046630859375,0.9212048053741455]]",GEOM_LYING,"{""torso_angle"": 161.81723573238435, ""shoulder_hip_dy"": 0.1906665652070983, ""y_band_ratio"": 0.7050606583276564, ""kp_mean_conf"": 0.8390612661838531, ""visible"": 15, ""bbox_ar"": 1.305472535861126}"
P4D_PLAN::PF_P4D_HN_MAINT_G002_V05,de2f4da24c5c9085bcef4ec43aaf19f2d2ecf24e86ac817edbe3384672fb51dd,0,0.9107533097267151,591.0302734375,406.9844055175781,1144.746337890625,749.9089965820312,0.09157159286670827,primary,"[[1068.0872802734375,601.0270385742188,0.8655937910079956],[1072.9541015625,587.1805419921875,0.2550942301750183],[1057.8193359375,585.78466796875,0.8716759085655212],[1066.771484375,542.2131958007812,0.03639211133122444],[1009.0799560546875,546.4542846679688,0.8348608016967773],[1026.5528564453125,518.2681274414062,0.9502657651901245],[925.3450927734375,523.8482666015625,0.9915846586227417],[1061.652099609375,591.5128784179688,0.8864829540252686],[829.8485107421875,632.9453735351562,0.9920068383216858],[1083.88427734375,681.2227172851562,0.9101108312606812],[907.6053466796875,705.3836669921875,0.9853810667991638],[781.713134765625,505.3125,0.9864392280578613],[718.600830078125,500.1742858886719,0.994566798210144],[810.7622680664062,606.0963134765625,0.9459622502326965],[757.4656372070312,613.0411376953125,0.9782326221466064],[708.6757202148438,607.0936889648438,0.812910258769989],[642.44189453125,627.9744873046875,0.8762257695198059]]",GEOM_LYING,"{""torso_angle"": 175.36268485940337, ""shoulder_hip_dy"": 0.053407671990796796, ""y_band_ratio"": 0.37267727292265085, ""kp_mean_conf"": 0.8835871107876301, ""visible"": 16, ""bbox_ar"": 1.6146875402967336}"
P4D_PLAN::PF_P4D_NEG_CHAIR_G001_V01,e1cd8c750986633e2f5398348459d36f4c51e5204d79ef33953afea97861e02e,0,0.9425132274627686,801.0448608398438,193.97396850585938,1149.7501220703125,754.7052612304688,0.09429492279592658,primary,"[[1027.33740234375,267.07440185546875,0.8953949809074402],[1040.8238525390625,253.87451171875,0.9316717982292175],[1032.976318359375,254.3429718017578,0.3249076008796692],[1083.9603271484375,267.5216979980469,0.9487590789794922],[1067.5909423828125,264.68902587890625,0.08670510351657867],[1101.1004638671875,353.8982238769531,0.9969944953918457],[1075.044189453125,338.05908203125,0.9303320646286011],[1064.181396484375,470.2938537597656,0.994330644607544],[1019.81689453125,437.7294006347656,0.6101429462432861],[966.3964233398438,491.3333435058594,0.9893385171890259],[964.152099609375,474.7211608886719,0.7097297310829163],[1057.4945068359375,543.9781494140625,0.9961386322975159],[1044.558349609375,524.7030639648438,0.97679203748703],[899.1242065429688,559.3076171875,0.9943906664848328],[904.3505859375,538.1449584960938,0.9648875594139099],[896.9685668945312,720.4369506835938,0.9725731611251831],[919.7503051757812,693.7282104492188,0.9172492027282715]]",GEOM_UPRIGHT_OR_LIMB_SUPPORTED,"{""torso_angle"": 101.12657938167997, ""shoulder_hip_dy"": 0.335921957949048, ""y_band_ratio"": 0.6819271077138548, ""kp_mean_conf"": 0.8846020698547363, ""visible"": 16, ""bbox_ar"": 0.6218758713038823}"
P4D_PLAN::PF_P4D_NEG_CHAIR_G001_V02,2d35dca7ea17ce4620079a39728dd948ad1ef03d1313618cded17aaa9abde28c,0,0.7954174280166626,672.7691040039062,263.93994140625,897.9064331054688,662.5931396484375,0.04328304219234269,primary,"[[773.5245361328125,330.3062438964844,0.8163897395133972],[780.2974243164062,320.9042663574219,0.8912485837936401],[782.063232421875,319.62921142578125,0.18093571066856384],[805.3810424804688,324.6883850097656,0.9550670385360718],[828.711181640625,321.3825378417969,0.04001864418387413],[811.12060546875,365.10882568359375,0.9889428615570068],[846.2320556640625,354.3963317871094,0.9412147998809814],[763.5430297851562,400.86053466796875,0.9752358198165894],[790.5064086914062,384.9223327636719,0.5672746300697327],[726.0921630859375,391.1287536621094,0.9522823095321655],[730.8744506835938,385.3164367675781,0.6242839097976685],[836.9703369140625,496.893310546875,0.9830628633499146],[859.9885864257812,487.61273193359375,0.9583907127380371],[711.7275390625,499.6430969238281,0.9813157320022583],[723.0812377929688,490.91595458984375,0.9286264777183533],[747.1738891601562,632.5612182617188,0.9504566788673401],[747.4197998046875,619.5728759765625,0.875572681427002]]",GEOM_UPRIGHT_OR_LIMB_SUPPORTED,"{""torso_angle"": 81.49965853825266, ""shoulder_hip_dy"": 0.3323701981800906, ""y_band_ratio"": 0.6977615825011398, ""kp_mean_conf"": 0.8926243225733439, ""visible"": 15, ""bbox_ar"": 0.5647448210481641}"
P4D_PLAN::PF_P4D_NEG_CHAIR_G001_V03,a057becd859cd1d2c7f0e249f78668be378f9de6e44638811c4433753f3f2649,0,0.924431324005127,368.5015869140625,301.9486999511719,891.2830810546875,1046.1075439453125,0.18761211050405918,primary,"[[572.2921752929688,444.5363464355469,0.9591958522796631],[572.0885009765625,422.67181396484375,0.44755372405052185],[555.03125,423.2763977050781,0.9662634134292603],[549.214599609375,419.9825439453125,0.018020225688815117],[491.483642578125,414.6834716796875,0.9372765421867371],[557.712158203125,479.44171142578125,0.9625596404075623],[447.23529052734375,502.04620361328125,0.9904934763908386],[639.3897705078125,580.007080078125,0.8506536483764648],[527.7130737304688,647.3419799804688,0.9834348559379578],[710.0943603515625,638.076171875,0.8920117616653442],[686.9160766601562,662.3577270507812,0.9837082028388977],[650.0000610351562,688.7587280273438,0.9851213693618774],[575.8311767578125,722.9519653320312,0.9930315017700195],[839.77294921875,679.4464111328125,0.9807355999946594],[768.46142578125,723.0090942382812,0.9919623732566833],[796.5011596679688,946.16455078125,0.9339109063148499],[787.0942993164062,974.567138671875,0.956865668296814]]",GEOM_UPRIGHT_OR_LIMB_SUPPORTED,"{""torso_angle"": 62.823254360487795, ""shoulder_hip_dy"": 0.28906649554224745, ""y_band_ratio"": 0.6653491136228333, ""kp_mean_conf"": 0.9259236585348845, ""visible"": 16, ""bbox_ar"": 0.7025133119895317}"
P4D_PLAN::PF_P4D_NEG_CHAIR_G001_V04,0113b0565996cebc830db470a133ba2b122eb6bfa88130ee68ba617d066be9d4,0,0.9164013862609863,1095.5780029296875,225.17185974121094,1527.6146240234375,932.4754638671875,0.14736740895737765,primary,"[[1307.8856201171875,328.2156982421875,0.9221915006637573],[1306.0716552734375,310.7432861328125,0.25427496433258057],[1297.784912109375,312.54656982421875,0.9487648606300354],[1269.505615234375,310.1384582519531,0.028878018260002136],[1251.8411865234375,312.7538146972656,0.9528606534004211],[1222.7711181640625,372.9026184082031,0.9666717052459717],[1215.2584228515625,386.6349182128906,0.9953383207321167],[1297.335693359375,481.1133728027344,0.8568644523620605],[1319.6568603515625,518.6422119140625,0.9931459426879883],[1408.0166015625,503.76287841796875,0.890408992767334],[1462.467041015625,524.6149291992188,0.9883641004562378],[1178.6414794921875,590.22509765625,0.990445613861084],[1174.0113525390625,610.1980590820312,0.9963819980621338],[1381.36572265625,619.686767578125,0.9838947653770447],[1404.351318359375,646.3402709960938,0.9948099851608276],[1329.2640380859375,821.7936401367188,0.9481979608535767],[1365.27001953125,849.6903076171875,0.9713459610939026]]",GEOM_UPRIGHT_OR_LIMB_SUPPORTED,"{""torso_angle"": 100.9595751813769, ""shoulder_hip_dy"": 0.31166645945625787, ""y_band_ratio"": 0.6740919831705885, ""kp_mean_conf"": 0.915872611105442, ""visible"": 16, ""bbox_ar"": 0.6108220268828162}"
P4D_PLAN::PF_P4D_NEG_CHAIR_G001_V05,721a0f5ac930b5d0d991cc4d6bb2f5ed36d4745661eeae086011abcd3f58013b,0,0.8907130360603333,478.07867431640625,69.26458740234375,1039.6392822265625,995.5938720703125,0.2508632504934051,primary,"[[656.737548828125,186.32432556152344,0.9643410444259644],[655.71533203125,164.08309936523438,0.4864354729652405],[634.5075073242188,164.86875915527344,0.9674721956253052],[624.0213012695312,178.1504669189453,0.040674399584531784],[568.7036743164062,179.9135284423828,0.9455479979515076],[613.3612060546875,291.143310546875,0.9758043885231018],[532.2317504882812,316.86492919921875,0.9964150190353394],[683.8177490234375,443.0078430175781,0.895537793636322],[632.2939453125,510.92169189453125,0.9937107563018799],[780.9119262695312,512.3798828125,0.9310026168823242],[791.1472778320312,546.2994384765625,0.9927586317062378],[671.4069213867188,564.2036743164062,0.9931982159614563],[614.0824584960938,601.8900146484375,0.997465968132019],[936.5220336914062,579.2489624023438,0.989686906337738],[867.039794921875,628.68896484375,0.9967767596244812],[909.9959106445312,853.4342651367188,0.9554042816162109],[874.2520751953125,898.9932861328125,0.9769863486289978]]",GEOM_UPRIGHT_OR_LIMB_SUPPORTED,"{""torso_angle"": 75.92752170316598, ""shoulder_hip_dy"": 0.3012349163822392, ""y_band_ratio"": 0.6561921183392294, ""kp_mean_conf"": 0.9411590248346329, ""visible"": 16, ""bbox_ar"": 0.6062213698786827}"
P4D_PLAN::PF_P4D_NEG_CHAIR_G002_V01,acea414095fe7f68655f2f36be7baa67c19b612161bd24aef5e1815484517511,0,0.7274701595306396,878.2904663085938,213.21450805664062,1213.77587890625,758.27490234375,0.08818470836615167,primary,"[[1058.0899658203125,294.10015869140625,0.15041102468967438],[1057.5533447265625,273.1725769042969,0.0959058552980423],[1059.968994140625,270.81182861328125,0.04029029235243797],[1021.1680908203125,281.4696960449219,0.9108421802520752],[1096.5579833984375,282.084716796875,0.7346410751342773],[968.3656005859375,370.4232177734375,0.9962443113327026],[1159.9471435546875,367.80450439453125,0.9931801557540894],[921.192626953125,493.2968444824219,0.9442189335823059],[1184.211181640625,490.2105407714844,0.8683145642280579],[919.1195678710938,545.6771240234375,0.7410553097724915],[1156.188720703125,533.6962890625,0.5819381475448608],[980.8976440429688,613.0651245117188,0.992823600769043],[1119.5982666015625,610.50244140625,0.9898647665977478],[922.5106811523438,532.6705322265625,0.9790394902229309],[1108.314208984375,531.0185546875,0.9713031053543091],[915.1554565429688,704.5469970703125,0.9375722408294678],[1116.001708984375,703.9442138671875,0.9253105521202087]]",GEOM_UPRIGHT_OR_LIMB_SUPPORTED,"{""torso_angle"": 93.28026940628658, ""shoulder_hip_dy"": 0.4452165749309133, ""y_band_ratio"": 0.617807670865924, ""kp_mean_conf"": 0.8975963166781834, ""visible"": 14, ""bbox_ar"": 0.6155013574898272}"
P4D_PLAN::PF_P4D_NEG_CHAIR_G002_V02,a5f6f88a5c980eb047748fb00c5554b1a616e707293615131c95f9c4f4afc6c8,0,0.8895180821418762,521.0776977539062,221.277099609375,852.7535400390625,972.995361328125,0.12023861285527582,primary,"[[640.9815063476562,345.1492614746094,0.8603114485740662],[641.0625,326.6054992675781,0.9338764548301697],[644.7801513671875,326.63031005859375,0.1450158953666687],[682.0731811523438,299.5935974121094,0.974025547504425],[697.335205078125,301.7701721191406,0.038608524948358536],[722.572998046875,364.4920654296875,0.997998058795929],[766.329833984375,350.68939208984375,0.9136216640472412],[688.4165649414062,508.2503356933594,0.9969152212142944],[728.1196899414062,472.10919189453125,0.5116909146308899],[587.4989013671875,497.5387878417969,0.9926283359527588],[609.7575073242188,485.2061462402344,0.6326317191123962],[760.84814453125,619.0301513671875,0.998002827167511],[792.1259765625,601.7430419921875,0.9837561845779419],[574.6259765625,685.5109252929688,0.9969099164009094],[613.0133056640625,664.0642700195312,0.9731059074401855],[674.3333740234375,888.6028442382812,0.9778521060943604],[687.377685546875,866.8390502929688,0.9206035733222961]]",GEOM_UPRIGHT_OR_LIMB_SUPPORTED,"{""torso_angle"": 82.77767005552654, ""shoulder_hip_dy"": 0.3362907099555121, ""y_band_ratio"": 0.7155785345942467, ""kp_mean_conf"": 0.9109286586443583, ""visible"": 15, ""bbox_ar"": 0.4412236062042755}"
P4D_PLAN::PF_P4D_NEG_CHAIR_G002_V03,02c8ff9cde3518c617ac15ab5b02c21552420e51bfb071afd35de209b8cee038,0,0.9255172610282898,447.62347412109375,214.67184448242188,1032.3385009765625,886.3450927734375,0.1893988432738142,primary,"[[640.947021484375,319.5491943359375,0.9824328422546387],[651.10107421875,304.2863464355469,0.7897236347198486],[623.8839721679688,300.1788024902344,0.9749230146408081],[643.3240966796875,311.210205078125,0.18162277340888977],[570.9636840820312,298.09503173828125,0.9375224709510803],[647.599609375,369.8982238769531,0.9916090369224548],[510.3021240234375,374.5930480957031,0.9984001517295837],[735.9986572265625,446.62957763671875,0.9597933292388916],[491.2108154296875,491.34625244140625,0.9951506853103638],[772.8080444335938,467.0798034667969,0.9706894755363464],[588.8970336914062,510.4801940917969,0.9944056272506714],[701.3992309570312,547.0449829101562,0.9970800280570984],[625.5262451171875,567.5635986328125,0.9986991882324219],[793.0690307617188,544.864990234375,0.9956651329994202],[785.7356567382812,559.717041015625,0.998101532459259],[817.2105102539062,741.4971313476562,0.9823551774024963],[905.2820434570312,740.6876831054688,0.9893800616264343]]",GEOM_UPRIGHT_OR_LIMB_SUPPORTED,"{""torso_angle"": 65.45495137695191, ""shoulder_hip_dy"": 0.27551887060563107, ""y_band_ratio"": 0.5532435725498785, ""kp_mean_conf"": 0.9722457118332386, ""visible"": 16, ""bbox_ar"": 0.8705349339774948}"
P4D_PLAN::PF_P4D_NEG_CHAIR_G002_V04,6d0c7a604f84040ba6139f177ecbb1acd9e312d5214875b88be1d8cb2aa119d2,0,0.84348464012146,627.30322265625,107.489501953125,941.3893432617188,776.50341796875,0.10133486955652997,primary,"[[691.0343627929688,200.80165100097656,0.7520081996917725],[694.8863525390625,184.86781311035156,0.8655458092689514],[698.864013671875,184.578369140625,0.1067902073264122],[729.1289672851562,184.01412963867188,0.969987690448761],[751.5674438476562,181.44163513183594,0.058544375002384186],[779.0299072265625,260.9201354980469,0.9977230429649353],[805.1587524414062,246.40101623535156,0.926609218120575],[775.9641723632812,399.1805419921875,0.9947445392608643],[787.4978637695312,361.8208312988281,0.5350165963172913],[677.8207397460938,393.94097900390625,0.9838778972625732],[694.861083984375,376.8523254394531,0.5707224607467651],[848.0112915039062,475.7874755859375,0.9969629645347595],[869.0912475585938,460.6858825683594,0.9806413650512695],[705.1818237304688,531.838623046875,0.992517352104187],[724.113037109375,506.607421875,0.9519851207733154],[780.208251953125,721.2433471679688,0.9510219693183899],[794.64208984375,684.993896484375,0.8605849146842957]]",GEOM_UPRIGHT_OR_LIMB_SUPPORTED,"{""torso_angle"": 72.79158400666536, ""shoulder_hip_dy"": 0.3207348876812269, ""y_band_ratio"": 0.7097645049905466, ""kp_mean_conf"": 0.8886632760365804, ""visible"": 15, ""bbox_ar"": 0.4694762143006502}"
P4D_PLAN::PF_P4D_NEG_CHAIR_G002_V05,80f9be381d67188e2bf8e4f43e8f931c1e3a8e3164cd533f3cb336bd51ce31b4,0,0.9249424934387207,974.55908203125,285.8865966796875,1408.046630859375,926.8643798828125,0.13399685961323687,primary,"[[1248.6016845703125,394.98779296875,0.9318130612373352],[1261.134521484375,375.1341552734375,0.9470586776733398],[1251.1890869140625,379.1871643066406,0.42848461866378784],[1312.397216796875,369.3523864746094,0.9488855004310608],[1285.8236083984375,375.6557312011719,0.09108300507068634],[1352.819580078125,454.96746826171875,0.9957484602928162],[1302.116455078125,439.41864013671875,0.9597569704055786],[1320.4346923828125,590.019775390625,0.9920539855957031],[1257.2803955078125,541.17626953125,0.7769309282302856],[1194.8873291015625,572.0414428710938,0.9905649423599243],[1188.7269287109375,550.9050903320312,0.844465434551239],[1277.3809814453125,655.6175537109375,0.9949644804000854],[1245.6307373046875,630.3565673828125,0.9811133146286011],[1064.119873046875,650.0966796875,0.9946156144142151],[1041.311279296875,626.8339233398438,0.9774022102355957],[1083.26171875,862.6448364257812,0.9723830819129944],[1080.678466796875,848.6760864257812,0.9363227486610413]]",GEOM_UPRIGHT_OR_LIMB_SUPPORTED,"{""torso_angle"": 108.61844963983337, ""shoulder_hip_dy"": 0.3054614551057059, ""y_band_ratio"": 0.6602821616906848, ""kp_mean_conf"": 0.9170352518558502, ""visible"": 16, ""bbox_ar"": 0.6762910668477153}"
P4D_PLAN::PF_P4D_NEG_CHAIR_G003_V01,b1ff824c20d282d9f18178d743a4627b3d266600380bd17bb152590af0a87b12,0,0.9085516929626465,843.939697265625,85.57003784179688,1399.093505859375,1002.97265625,0.24561128357599954,primary,"[[1016.7368774414062,193.36170959472656,0.906074583530426],[1006.7825317382812,174.45428466796875,0.3066996932029724],[998.0198364257812,177.821044921875,0.8977721333503723],[956.3507080078125,190.8219451904297,0.06274903565645218],[936.4329223632812,201.28793334960938,0.9247463345527649],[953.3533325195312,289.9110107421875,0.9816882014274597],[895.2156372070312,337.1357116699219,0.9963520765304565],[1051.128662109375,419.8675537109375,0.933607816696167],[961.424560546875,532.4902954101562,0.993058443069458],[1165.1220703125,480.518310546875,0.9494906067848206],[1113.8917236328125,566.7042846679688,0.9915204644203186],[1038.7098388671875,539.9944458007812,0.9952966570854187],[1003.4436645507812,587.7427368164062,0.9978530406951904],[1266.373291015625,569.8357543945312,0.9914884567260742],[1232.916748046875,629.3883056640625,0.9965932965278625],[1276.8511962890625,832.5172119140625,0.9543296098709106],[1272.2137451171875,884.1795654296875,0.9727877974510193]]",GEOM_UPRIGHT_OR_LIMB_SUPPORTED,"{""torso_angle"": 68.86174586280667, ""shoulder_hip_dy"": 0.2728848000640289, ""y_band_ratio"": 0.6477729001020543, ""kp_mean_conf"": 0.9243349507451057, ""visible"": 16, ""bbox_ar"": 0.6051364989092841}"
P4D_PLAN::PF_P4D_NEG_CHAIR_G003_V02,de99e3d567f081b3a95073da94cab3d44d8a69a56dfa9595fd70b64ade24bc8e,0,0.8378384709358215,1040.997802734375,175.6529541015625,1250.392822265625,596.87060546875,0.0425351458019577,primary,"[[1174.46923828125,232.76490783691406,0.3677440583705902],[1165.253662109375,220.398193359375,0.016118649393320084],[1168.7470703125,222.6741943359375,0.6591674089431763],[1111.8306884765625,216.4573516845703,0.016715358942747116],[1152.2091064453125,222.28890991210938,0.9821155071258545],[1077.3172607421875,255.5031280517578,0.8911263346672058],[1153.8502197265625,264.0422058105469,0.9969762563705444],[1083.2271728515625,321.18646240234375,0.23414476215839386],[1184.4229736328125,330.0865173339844,0.9955713152885437],[1145.0386962890625,315.449951171875,0.21511197090148926],[1227.30126953125,312.5627136230469,0.9689117074012756],[1068.973876953125,399.2205810546875,0.9452423453330994],[1116.7874755859375,406.9075012207031,0.9919593930244446],[1193.355712890625,426.8153991699219,0.7993606925010681],[1226.2911376953125,433.39599609375,0.9772348999977112],[1156.8280029296875,536.5444946289062,0.6606391668319702],[1168.7061767578125,548.8336181640625,0.9159039855003357]]",GEOM_UPRIGHT_OR_LIMB_SUPPORTED,"{""torso_angle"": 99.00309707302128, ""shoulder_hip_dy"": 0.340183688270062, ""y_band_ratio"": 0.6963869846389702, ""kp_mean_conf"": 0.7734139869610469, ""visible"": 15, ""bbox_ar"": 0.49711833977421416}"
P4D_PLAN::PF_P4D_NEG_CHAIR_G003_V03,01165733ce7d8f14508a07f43e62cc962d9fb73bdf5d45c6d962972a0c4adf32,0,0.9589266777038574,567.9237670898438,14.906982421875,1599.84375,1005.6710815429688,0.4930503820568265,primary,"[[1355.4212646484375,186.44276428222656,0.9475498795509338],[1381.7919921875,155.03668212890625,0.951166570186615],[1356.0479736328125,156.1060791015625,0.3448973000049591],[1462.0850830078125,158.26141357421875,0.9192973971366882],[1394.5341796875,153.9202880859375,0.027505207806825638],[1507.6856689453125,302.9849853515625,0.994709849357605],[1412.18994140625,254.56837463378906,0.9654103517532349],[1419.1112060546875,511.510009765625,0.9942215085029602],[1304.6671142578125,414.54437255859375,0.9043990969657898],[1230.2255859375,470.3425598144531,0.9966408014297485],[1190.87890625,437.1312561035156,0.9562751054763794],[1300.3275146484375,591.4638671875,0.997336208820343],[1239.892822265625,537.1629638671875,0.9924512505531311],[961.5558471679688,531.2649536132812,0.9987438321113586],[943.455322265625,484.1993408203125,0.9958594441413879],[822.4814453125,873.9765014648438,0.9930123686790466],[842.4136962890625,854.2576904296875,0.9861597418785095]]",GEOM_UPRIGHT_OR_LIMB_SUPPORTED,"{""torso_angle"": 123.61635166270793, ""shoulder_hip_dy"": 0.28819850839162164, ""y_band_ratio"": 0.6251822481058117, ""kp_mean_conf"": 0.9336331691592932, ""visible"": 16, ""bbox_ar"": 1.0415395388524593}"
P4D_PLAN::PF_P4D_NEG_CHAIR_G003_V03,01165733ce7d8f14508a07f43e62cc962d9fb73bdf5d45c6d962972a0c4adf32,1,0.7550522685050964,729.0220336914062,1.363037109375,816.10205078125,247.36248779296875,0.010330650255410648,primary,"[[761.649169921875,2.433746337890625,0.033234819769859314],[759.918212890625,0.0,0.014729687012732029],[763.601318359375,0.0,0.02691458910703659],[750.659912109375,0.0,0.12564198672771454],[771.586669921875,0.0,0.32472941279411316],[741.1478881835938,19.6669921875,0.888156533241272],[777.9971923828125,17.331985473632812,0.9409230947494507],[726.5745849609375,60.22861862182617,0.7945488095283508],[795.6698608398438,58.04585266113281,0.9262545704841614],[735.4784545898438,96.39637756347656,0.671467661857605],[812.4556274414062,95.10677337646484,0.8257083296775818],[755.032470703125,95.64564514160156,0.9912340044975281],[777.7055053710938,95.42511749267578,0.9938356280326843],[763.2344970703125,160.8977508544922,0.9833964705467224],[775.1070556640625,161.05079650878906,0.9881482720375061],[764.3001098632812,219.15963745117188,0.966033399105072],[765.5414428710938,218.2946014404297,0.9733487963676453]]",GEOM_UPRIGHT_OR_LIMB_SUPPORTED,"{""torso_angle"": 84.95816655403304, ""shoulder_hip_dy"": 0.3131547337707529, ""y_band_ratio"": 0.8204394417007509, ""kp_mean_conf"": 0.8667526909938226, ""visible"": 13, ""bbox_ar"": 0.35398459975362584}"
P4D_PLAN::PF_P4D_NEG_CHAIR_G003_V03,01165733ce7d8f14508a07f43e62cc962d9fb73bdf5d45c6d962972a0c4adf32,2,0.47519755363464355,1046.6407470703125,0.0,1111.3597412109375,120.26458740234375,0.0037535701810459915,background,[],GEOM_UNCERTAIN,null
P4D_PLAN::PF_P4D_NEG_CHAIR_G003_V03,01165733ce7d8f14508a07f43e62cc962d9fb73bdf5d45c6d962972a0c4adf32,3,0.45537900924682617,1046.8963623046875,0.0,1112.2642822265625,78.37786865234375,0.0024707746150239404,background,[],GEOM_UNCERTAIN,null
P4D_PLAN::PF_P4D_NEG_CHAIR_G003_V03,01165733ce7d8f14508a07f43e62cc962d9fb73bdf5d45c6d962972a0c4adf32,4,0.3741699755191803,1108.725341796875,17.60592269897461,1189.594970703125,116.9378662109375,0.0038739088591575165,background,[],GEOM_UNCERTAIN,null
P4D_PLAN::PF_P4D_NEG_CHAIR_G003_V03,01165733ce7d8f14508a07f43e62cc962d9fb73bdf5d45c6d962972a0c4adf32,5,0.35166409611701965,892.4974365234375,26.91478157043457,944.8247680664062,162.7114715576172,0.003426831799477744,background,[],GEOM_UNCERTAIN,null
P4D_PLAN::PF_P4D_NEG_CHAIR_G003_V03,01165733ce7d8f14508a07f43e62cc962d9fb73bdf5d45c6d962972a0c4adf32,6,0.2235310673713684,894.3316650390625,29.269197463989258,934.85986328125,145.16058349609375,0.002265079604393813,background,[],GEOM_UNCERTAIN,null
P4D_PLAN::PF_P4D_NEG_CHAIR_G003_V03,01165733ce7d8f14508a07f43e62cc962d9fb73bdf5d45c6d962972a0c4adf32,7,0.18152816593647003,1215.652587890625,0.8014297485351562,1322.546630859375,239.45590209960938,0.012302633787702588,primary,"[[1270.3123779296875,0.0,0.025849997997283936],[1271.5478515625,0.0,0.020607996731996536],[1269.662841796875,0.0,0.013860630802810192],[1281.63330078125,0.0,0.05162934213876724],[1263.8133544921875,0.0,0.026990234851837158],[1306.230224609375,4.119060516357422,0.6728314161300659],[1242.22021484375,4.391395568847656,0.5671244859695435],[1318.1336669921875,37.07432556152344,0.8452396392822266],[1228.1119384765625,41.04327392578125,0.7283403873443604],[1290.1656494140625,27.864194869995117,0.8181047439575195],[1242.445068359375,40.62609100341797,0.730648934841156],[1284.2652587890625,89.63109588623047,0.9851165413856506],[1241.9295654296875,88.71334838867188,0.980934202671051],[1276.755126953125,156.89064025878906,0.9800281524658203],[1238.62255859375,156.5598907470703,0.9728514552116394],[1265.1624755859375,221.4865264892578,0.9543308019638062],[1238.6605224609375,220.78515625,0.9428861141204834]]",GEOM_UPRIGHT_OR_LIMB_SUPPORTED,"{""torso_angle"": 97.46569049356081, ""shoulder_hip_dy"": 0.35581564115811304, ""y_band_ratio"": 0.9108040751616026, ""kp_mean_conf"": 0.8482030729452769, ""visible"": 12, ""bbox_ar"": 0.4479029532348458}"
P4D_PLAN::PF_P4D_NEG_CHAIR_G003_V03,01165733ce7d8f14508a07f43e62cc962d9fb73bdf5d45c6d962972a0c4adf32,8,0.17147302627563477,1124.739990234375,20.103487014770508,1192.79296875,106.39139556884766,0.0028318620693426055,background,[],GEOM_UNCERTAIN,null
P4D_PLAN::PF_P4D_NEG_CHAIR_G003_V03,01165733ce7d8f14508a07f43e62cc962d9fb73bdf5d45c6d962972a0c4adf32,9,0.1555335372686386,896.0211791992188,28.05299949645996,949.4898071289062,195.0098419189453,0.004305050775368121,background,[],GEOM_UNCERTAIN,null
P4D_PLAN::PF_P4D_NEG_CHAIR_G003_V04,273e7bf9304fbea39d9043c17f2d375f970655b319facf0092e4717df6deaf6f,0,0.8532617092132568,1026.7598876953125,195.65524291992188,1250.924560546875,667.6078491210938,0.0510200142604784,primary,"[[1179.0106201171875,267.67401123046875,0.8122720718383789],[1176.2486572265625,254.53147888183594,0.17114059627056122],[1174.302490234375,254.58494567871094,0.900750458240509],[1145.1761474609375,251.22042846679688,0.029220232740044594],[1146.0069580078125,248.043701171875,0.9490617513656616],[1107.5533447265625,293.2706298828125,0.8861337304115295],[1123.637451171875,301.7410888671875,0.9894251823425293],[1140.415283203125,364.2812194824219,0.46596580743789673],[1169.4359130859375,398.1518859863281,0.9735932350158691],[1199.0335693359375,377.11846923828125,0.4513559937477112],[1223.612548828125,390.6109313964844,0.9334081411361694],[1078.5850830078125,458.83685302734375,0.9536916613578796],[1087.505126953125,469.36285400390625,0.9863228797912598],[1211.958984375,480.20281982421875,0.9339638352394104],[1219.53662109375,494.9288635253906,0.9816931486129761],[1125.3026123046875,604.4485473632812,0.8959435820579529],[1123.55322265625,613.9839477539062,0.9479196071624756]]",GEOM_UPRIGHT_OR_LIMB_SUPPORTED,"{""torso_angle"": 101.0555660840111, ""shoulder_hip_dy"": 0.35298882123264214, ""y_band_ratio"": 0.6795456019462859, ""kp_mean_conf"": 0.8707667390505472, ""visible"": 15, ""bbox_ar"": 0.4749728466506472}"
P4D_PLAN::PF_P4D_NEG_CHAIR_G003_V05,36639608c5c56f456838ee7e7f392c9993a4ebd324bbad30fc7d6e614ec7260c,0,0.9233102798461914,480.40411376953125,258.73065185546875,980.404541015625,870.6390991210938,0.14754749472815698,primary,"[[640.5241088867188,346.6413879394531,0.8700134754180908],[631.9601440429688,331.9022216796875,0.2529008984565735],[626.2320556640625,336.8018493652344,0.87313312292099],[594.2070922851562,341.61456298828125,0.07608067989349365],[583.13037109375,351.9928894042969,0.9460830688476562],[605.6287231445312,398.80975341796875,0.9854503870010376],[556.7000122070312,437.9283447265625,0.9971693158149719],[693.5599365234375,472.6699523925781,0.9407148957252502],[624.6550903320312,561.80517578125,0.994158148765564],[752.4144897460938,517.8410034179688,0.9415574073791504],[743.3208618164062,559.998779296875,0.9908760786056519],[685.0702514648438,579.176513671875,0.9960898160934448],[653.5881958007812,616.913818359375,0.9982910752296448],[882.0011596679688,601.6279907226562,0.9910178184509277],[856.0175170898438,648.4630126953125,0.996566116809845],[885.85107421875,780.0584106445312,0.9621558785438538],[887.3668823242188,818.0133056640625,0.9781515598297119]]",GEOM_UPRIGHT_OR_LIMB_SUPPORTED,"{""torso_angle"": 63.863382318524636, ""shoulder_hip_dy"": 0.29363235259500065, ""y_band_ratio"": 0.6850756091362153, ""kp_mean_conf"": 0.9196455664932728, ""visible"": 16, ""bbox_ar"": 0.8171163994881855}"
V2_ORIGINAL::IMG_004072,663731c7d5fa6323b5b1a136d1cef8a31364fd4e96752a4af1949592156d9a4a,0,0.5252630114555359,340.1720275878906,626.0231323242188,856.2962036132812,936.9706420898438,0.07739560535538692,primary,"[[618.9537353515625,863.4430541992188,0.7264571785926819],[616.564453125,863.093505859375,0.46765023469924927],[626.0474853515625,857.7239379882812,0.5919423699378967],[617.17529296875,837.6897583007812,0.5238111615180969],[635.5037231445312,831.04541015625,0.530670166015625],[589.7608032226562,810.3853149414062,0.9453184008598328],[651.5050048828125,785.46240234375,0.9794098138809204],[602.060546875,833.512451171875,0.8608888983726501],[750.3218994140625,789.5877685546875,0.9714106321334839],[689.1456909179688,919.0991821289062,0.8502278327941895],[823.8690185546875,857.3963012695312,0.9399629235267639],[467.1474609375,681.387451171875,0.9721360802650452],[499.8592834472656,659.9674682617188,0.9839374423027039],[459.1175537109375,738.4105224609375,0.9125422835350037],[465.8833923339844,722.36376953125,0.9497343301773071],[381.00958251953125,692.1703491210938,0.8329211473464966],[369.1553955078125,689.641845703125,0.8808692693710327]]",GEOM_UPRIGHT_OR_LIMB_SUPPORTED,"{""torso_angle"": 137.14088417593402, ""shoulder_hip_dy"": 0.40922147606743187, ""y_band_ratio"": 0.4837403161487421, ""kp_mean_conf"": 0.8188170685487635, ""visible"": 17, ""bbox_ar"": 1.6598434134893585}"
V2_ORIGINAL::IMG_004082,f327b0dcb961def4c67f39a4c460daae976157cf6017b79d643f3fc3d55af1e6,0,0.915032684803009,893.0615844726562,434.3573913574219,1378.5748291015625,693.6083374023438,0.06070108409885394,primary,"[[1216.379638671875,464.0186767578125,0.27754589915275574],[1218.146240234375,457.1087951660156,0.09556368738412857],[1217.021484375,458.2295837402344,0.11614987999200821],[1208.67919921875,457.7780456542969,0.3829399645328522],[1223.221435546875,464.3017272949219,0.3753120005130768],[1165.7816162109375,482.6853332519531,0.9738438129425049],[1240.453857421875,495.894775390625,0.9906455278396606],[1057.138916015625,501.31597900390625,0.9490045309066772],[1305.3592529296875,536.6626586914062,0.983709454536438],[991.259033203125,510.24627685546875,0.9364627003669739],[1343.0916748046875,552.0748901367188,0.966693639755249],[1118.7471923828125,551.14599609375,0.9981399774551392],[1172.96435546875,550.2484130859375,0.9988428354263306],[1049.40478515625,576.296630859375,0.9965954422950745],[1194.463623046875,580.477294921875,0.9978737831115723],[953.9727172851562,616.962158203125,0.9884604215621948],[1182.029052734375,626.942138671875,0.9919889569282532]]",GEOM_UPRIGHT_OR_LIMB_SUPPORTED,"{""torso_angle"": 132.99943548470517, ""shoulder_hip_dy"": 0.23686374613234515, ""y_band_ratio"": 0.5564369489125246, ""kp_mean_conf"": 0.8538705964883169, ""visible"": 15, ""bbox_ar"": 1.8727539939035696}"
V2_ORIGINAL::IMG_004083,7dd82c1193905c39dd7f736b62b0940445267a7d522c490745e1974ef0adc9a3,0,0.8487032055854797,540.9223022460938,452.5719909667969,1250.81396484375,693.2758178710938,0.08240434021735618,primary,"[[759.0906372070312,499.25335693359375,0.24048374593257904],[761.8130493164062,492.7757263183594,0.21880406141281128],[764.3768920898438,489.7412414550781,0.03245754539966583],[766.2826538085938,489.9430847167969,0.8324719071388245],[793.9599609375,480.7957763671875,0.18691347539424896],[761.5469360351562,510.6550598144531,0.9966539144515991],[853.855224609375,482.3460693359375,0.9688977003097534],[675.1743774414062,550.66357421875,0.9916587471961975],[945.3907470703125,507.292236328125,0.8475292325019836],[608.3060302734375,560.0800170898438,0.9573979377746582],[990.1063842773438,522.5505981445312,0.7342091798782349],[867.2432250976562,560.2745971679688,0.9982919096946716],[932.7134399414062,553.9696655273438,0.9951016306877136],[847.6240234375,637.5184936523438,0.9908764958381653],[1028.3314208984375,627.2927856445312,0.9772501587867737],[894.0624389648438,624.9671630859375,0.9440970420837402],[1175.2418212890625,627.7298583984375,0.9077393412590027]]",GEOM_UPRIGHT_OR_LIMB_SUPPORTED,"{""torso_angle"": 33.30292410214287, ""shoulder_hip_dy"": 0.2518512794421166, ""y_band_ratio"": 0.6446612266704939, ""kp_mean_conf"": 0.8400975336631139, ""visible"": 15, ""bbox_ar"": 2.9492329711895566}"
V2_ORIGINAL::IMG_004084,ec6a6a7279346eb6b1a4a3163a99c66b8b405ccf20e3a0e3cf33d5bfb6930720,0,0.690777599811554,837.1078491210938,499.1457824707031,1357.994873046875,702.59912109375,0.05110735149649069,primary,"[[933.4581909179688,552.1951904296875,0.2678225040435791],[930.253662109375,547.0565185546875,0.17028246819972992],[939.6295776367188,546.9866943359375,0.0697481632232666],[932.8916625976562,538.10546875,0.27070820331573486],[947.6739501953125,536.8328857421875,0.08434566110372543],[935.9036865234375,531.8347778320312,0.9160057902336121],[967.5205078125,544.7323608398438,0.8638668060302734],[926.5074462890625,559.8074951171875,0.9413551688194275],[939.67919921875,576.079345703125,0.8307847380638123],[879.217041015625,607.9620971679688,0.9169248342514038],[871.2462768554688,593.97802734375,0.8412332534790039],[1068.796630859375,544.4761352539062,0.9859267473220825],[1087.34033203125,560.2398681640625,0.9787451028823853],[1125.0667724609375,625.06201171875,0.9680145382881165],[1142.513916015625,633.644287109375,0.9518157243728638],[1244.70751953125,648.1126098632812,0.8966986536979675],[1237.1817626953125,635.687255859375,0.8781143426895142]]",GEOM_LYING,"{""torso_angle"": 6.355794034310701, ""shoulder_hip_dy"": 0.06917769188896734, ""y_band_ratio"": 0.5715208844357506, ""kp_mean_conf"": 0.8220011719635555, ""visible"": 14, ""bbox_ar"": 2.5602284408360942}"
V2_ORIGINAL::IMG_004087,70f969de8c82a8dc3fda0e7f36862d19da8c5cfc5d9340a33050a3da6e68b349,0,0.8473530411720276,605.8632202148438,657.1470336914062,1162.5814208984375,914.8573608398438,0.06918982910284453,primary,"[[630.7664794921875,701.5343017578125,0.3100196123123169],[625.8176879882812,699.4498901367188,0.2630420923233032],[642.3642578125,692.6012573242188,0.06561656296253204],[625.0286865234375,695.8729858398438,0.7334870100021362],[667.7721557617188,677.1236572265625,0.2325459122657776],[640.3392944335938,709.9935913085938,0.9959595799446106],[700.47216796875,674.0060424804688,0.968051552772522],[674.6016845703125,764.0980224609375,0.9901126027107239],[811.4994506835938,693.8736572265625,0.8601083755493164],[683.596923828125,800.70068359375,0.9655192494392395],[879.3030395507812,688.1954956054688,0.8103300333023071],[821.4705200195312,734.2416381835938,0.9993197917938232],[849.5535278320312,733.5108032226562,0.9980898499488831],[921.86669921875,770.9234619140625,0.9988353848457336],[930.8915405273438,759.153076171875,0.9971440434455872],[1055.5950927734375,801.2891845703125,0.9958009123802185],[1065.4708251953125,773.1443481445312,0.9928147792816162]]",GEOM_LYING,"{""torso_angle"": 14.23198632771745, ""shoulder_hip_dy"": 0.1624940850138052, ""y_band_ratio"": 0.4939000446673232, ""kp_mean_conf"": 0.8194487988948822, ""visible"": 16, ""bbox_ar"": 2.1602479296956227}"
V2_ORIGINAL::IMG_004088,d8f59162f45467f3e783a0ce414dafcbbd077df657c422332b88dea4213aded4,0,0.8972890377044678,649.5111083984375,633.9750366210938,1176.1165771484375,826.1163940429688,0.048795664347708226,primary,"[[1099.9635009765625,678.9503173828125,0.19411280751228333],[1093.639404296875,671.799560546875,0.06643760949373245],[1105.49658203125,674.4481201171875,0.09627852588891983],[1069.603759765625,655.8382568359375,0.27946603298187256],[1107.072509765625,671.654296875,0.2618757486343384],[1038.0606689453125,656.6898193359375,0.9028769135475159],[1104.130859375,680.0202026367188,0.9606941938400269],[1021.5906372070312,684.1823120117188,0.7879950404167175],[1119.8572998046875,731.5257568359375,0.9452241063117981],[1088.8564453125,716.8140869140625,0.6880708932876587],[1146.9759521484375,744.5872802734375,0.8455291390419006],[901.2328491210938,709.1405029296875,0.9803697466850281],[941.2353515625,703.7451171875,0.9888656735420227],[813.263916015625,753.780029296875,0.9425966739654541],[833.3018188476562,762.3410034179688,0.9663050174713135],[735.2040405273438,762.8739624023438,0.867756724357605],[739.3494873046875,785.5206909179688,0.9034225344657898]]",GEOM_LYING,"{""torso_angle"": 165.7400212067893, ""shoulder_hip_dy"": 0.19822801079019226, ""y_band_ratio"": 0.6705004758510363, ""kp_mean_conf"": 0.8086463170392173, ""visible"": 14, ""bbox_ar"": 2.740718998844997}"
V2_ORIGINAL::IMG_004089,f35b1ba98530a2038160a370e963a0890fd4bbc846f3a97330e2a8f0b2300ef6,0,0.7965453863143921,828.3914794921875,574.3135375976562,1200.406494140625,726.029296875,0.027218624811901935,primary,"[[947.7636108398438,614.0376586914062,0.023500867187976837],[946.1815795898438,611.9959716796875,0.01992087811231613],[948.601318359375,609.14208984375,0.0066892351023852825],[942.3069458007812,608.250732421875,0.6303989887237549],[961.9710083007812,602.088134765625,0.225504532456398],[946.3450927734375,615.1214599609375,0.9731472134590149],[985.1788330078125,606.8399658203125,0.9623001217842102],[907.80908203125,636.9063720703125,0.921377420425415],[1021.8400268554688,624.7260131835938,0.8421228528022766],[856.166015625,657.9929809570312,0.766597330570221],[1011.7000122070312,650.1105346679688,0.6397706866264343],[1002.3596801757812,644.6381225585938,0.9924822449684143],[1029.62841796875,643.4072265625,0.9906603693962097],[986.7559204101562,652.7836303710938,0.9772396087646484],[1060.3486328125,649.7911376953125,0.967596173286438],[999.2761840820312,689.0595703125,0.961570680141449],[1099.565673828125,679.2666625976562,0.9509334564208984]]",GEOM_UPRIGHT_OR_LIMB_SUPPORTED,"{""torso_angle"": 33.336357872391844, ""shoulder_hip_dy"": 0.21778859247917395, ""y_band_ratio"": 0.5419318657720065, ""kp_mean_conf"": 0.8429786914161274, ""visible"": 14, ""bbox_ar"": 2.4520525515637175}"
V2_ORIGINAL::IMG_004090,a845ea4ea68b331dc883ec7e9b81d613a0d71b5a12f0ff22ea26078d325592a8,0,0.8172000646591187,1450.2491455078125,203.50868225097656,1518.1702880859375,364.0118408203125,0.005257309952462997,background,[],GEOM_UNCERTAIN,null
V2_ORIGINAL::IMG_004090,a845ea4ea68b331dc883ec7e9b81d613a0d71b5a12f0ff22ea26078d325592a8,1,0.7802274823188782,1525.1031494140625,196.61521911621094,1588.996337890625,374.5777587890625,0.005483504093887556,background,[],GEOM_UNCERTAIN,null
V2_ORIGINAL::IMG_004090,a845ea4ea68b331dc883ec7e9b81d613a0d71b5a12f0ff22ea26078d325592a8,2,0.5935969948768616,503.15386962890625,462.63592529296875,850.4456787109375,575.5643920898438,0.018913547227404907,primary,"[[581.8606567382812,542.9484252929688,0.4745667576789856],[581.1509399414062,537.740966796875,0.550925076007843],[578.3505249023438,538.5814819335938,0.15992207825183868],[590.8997802734375,530.5462646484375,0.7011378407478333],[593.8713989257812,532.0022583007812,0.1207142323255539],[613.5802001953125,524.6511840820312,0.9616513848304749],[611.358154296875,525.6727294921875,0.8736162185668945],[585.4773559570312,540.9246826171875,0.9423637986183167],[588.599853515625,539.8621215820312,0.586189329624176],[557.55859375,536.9664916992188,0.9060385823249817],[556.8242797851562,528.6533203125,0.6307933926582336],[722.0306396484375,515.3985595703125,0.9707747101783752],[715.8472900390625,520.840576171875,0.9406319856643677],[734.514404296875,555.9095458984375,0.9431288838386536],[738.427734375,558.6575927734375,0.8673009872436523],[795.23828125,532.1653442382812,0.8913377523422241],[796.9172973632812,528.8748779296875,0.8086106777191162]]",GEOM_LYING,"{""torso_angle"": 3.7842871940842224, ""shoulder_hip_dy"": 0.06236150295640518, ""y_band_ratio"": 0.3830657975808282, ""kp_mean_conf"": 0.8032711585362752, ""visible"": 15, ""bbox_ar"": 3.0753256369512814}"
V2_ORIGINAL::IMG_004092,13e8ef71870c18d10ac9cc45523bbe4f41cbf083965e4a221e973326dcf56bb4,0,0.9203140139579773,689.5502319335938,597.4414672851562,1308.7518310546875,909.2338256835938,0.09310490302567982,primary,"[[773.341064453125,667.0802001953125,0.3648052215576172],[771.928955078125,660.8977661132812,0.29800719022750854],[779.8119506835938,657.6747436523438,0.06697897613048553],[777.0496215820312,657.018310546875,0.7190890312194824],[804.5486450195312,645.0586547851562,0.16084405779838562],[784.7227172851562,679.63720703125,0.9933727979660034],[844.2683715820312,647.4468383789062,0.965711772441864],[751.7666625976562,742.8878784179688,0.9890726208686829],[895.1792602539062,637.75830078125,0.8878034353256226],[720.7439575195312,768.220458984375,0.963498055934906],[906.11376953125,614.269775390625,0.8357380032539368],[931.0968627929688,716.8026733398438,0.9986318945884705],[962.4880981445312,719.9599609375,0.996450662612915],[1031.8271484375,785.5816040039062,0.995309054851532],[1050.2935791015625,783.560546875,0.9891119599342346],[1153.23193359375,803.692626953125,0.9798224568367004],[1159.152587890625,797.2642822265625,0.9687120914459229]]",GEOM_LYING,"{""torso_angle"": 22.51482523919877, ""shoulder_hip_dy"": 0.17588402331373035, ""y_band_ratio"": 0.5011212891066216, ""kp_mean_conf"": 0.8630090832710267, ""visible"": 15, ""bbox_ar"": 1.9859421901861363}"
V2_ORIGINAL::IMG_004093,4246436d0560d692bc2a83933ff0ccc245b079b9dc388f87f12af3ba4c0efbde,0,0.8476325869560242,455.7250671386719,605.2868041992188,1064.246826171875,818.9586791992188,0.06270446818620887,primary,"[[546.0970458984375,642.566650390625,0.5756931304931641],[547.05029296875,632.5118408203125,0.585087239742279],[543.7426147460938,636.8800048828125,0.13226841390132904],[555.1004028320312,628.45947265625,0.8294693231582642],[549.5079345703125,637.8760986328125,0.14216110110282898],[577.3239135742188,647.8639526367188,0.995468258857727],[587.2230834960938,665.056884765625,0.9509913325309753],[556.4837036132812,693.2606201171875,0.9929375052452087],[561.840087890625,709.5399169921875,0.7832846641540527],[497.06378173828125,725.39501953125,0.9757295846939087],[505.3746643066406,723.7521362304688,0.7621195316314697],[729.9067993164062,673.4495239257812,0.998008668422699],[735.463134765625,692.0685424804688,0.9922458529472351],[772.3598022460938,728.4347534179688,0.9937465190887451],[788.7991333007812,745.2189331054688,0.9769534468650818],[929.8134155273438,728.2127685546875,0.9719789624214172],[924.7036743164062,743.080078125,0.9407711625099182]]",GEOM_LYING,"{""torso_angle"": 9.917599235273418, ""shoulder_hip_dy"": 0.12307943898537477, ""y_band_ratio"": 0.45562842778793416, ""kp_mean_conf"": 0.8882990121841431, ""visible"": 15, ""bbox_ar"": 2.8479263311243144}"
V2_ORIGINAL::IMG_004094,4f075f1149ff33cfcbcec68d07edbf4cc29988b3f720ccf0b5d74fdce70facef,0,0.9174023866653442,611.2933959960938,428.41900634765625,1280.4649658203125,754.2352294921875,0.10514417125570212,primary,"[[833.3164672851562,465.25042724609375,0.1265283077955246],[833.4459228515625,457.302734375,0.10335953533649445],[841.242431640625,457.3063049316406,0.012287498451769352],[831.692138671875,458.8815612792969,0.7682889103889465],[878.5177612304688,458.0541687011719,0.11704147607088089],[816.331298828125,478.0809020996094,0.9951322674751282],[934.80419921875,491.13922119140625,0.9755286574363708],[740.1235961914062,527.291748046875,0.9909884333610535],[983.6466064453125,572.4730224609375,0.8841924667358398],[663.7496948242188,525.2609252929688,0.9602381587028503],[937.29443359375,592.179443359375,0.7817725539207458],[914.3038330078125,568.8696899414062,0.9992148876190186],[1004.5970458984375,577.5355834960938,0.9979990124702454],[845.2175903320312,639.54150390625,0.9974467754364014],[1048.4910888671875,644.2489013671875,0.9936443567276001],[905.949462890625,679.0105590820312,0.9858359098434448],[1196.10400390625,675.140625,0.9771094918251038]]",GEOM_UPRIGHT_OR_LIMB_SUPPORTED,"{""torso_angle"": 46.56422118568528, ""shoulder_hip_dy"": 0.2719096496123299, ""y_band_ratio"": 0.6166962929077046, ""kp_mean_conf"": 0.9467224524571345, ""visible"": 13, ""bbox_ar"": 2.0538313389243847}"
V2_ORIGINAL::IMG_004095,e2928c129ae6704a885c150d43502ddb40a423dc0f8553a21174ef5dae51e0f0,0,0.8930455446243286,609.8142700195312,560.8504638671875,1146.59814453125,888.6731567382812,0.08486204438281776,primary,"[[954.5762329101562,609.1541748046875,0.27435415983200073],[952.0711669921875,602.1876220703125,0.05467887967824936],[956.363037109375,602.1759033203125,0.15592683851718903],[926.9605102539062,590.6696166992188,0.20557209849357605],[954.1593627929688,595.5069580078125,0.5395654439926147],[878.83154296875,590.312255859375,0.9695493578910828],[946.040283203125,604.8792114257812,0.9929890632629395],[814.3846435546875,609.60400390625,0.9425734877586365],[1016.5336303710938,652.2742919921875,0.9898363947868347],[778.0484619140625,611.0364379882812,0.9339630603790283],[1092.4674072265625,671.4384765625,0.9765422344207764],[818.5462646484375,670.4579467773438,0.9983497858047485],[869.3168334960938,672.5335693359375,0.9991310238838196],[768.4597778320312,744.6180419921875,0.9966841340065002],[914.2882690429688,747.7362670898438,0.9982080459594727],[715.4857788085938,819.40673828125,0.9880884289741516],[941.5466918945312,825.7835083007812,0.9921270608901978]]",GEOM_UPRIGHT_OR_LIMB_SUPPORTED,"{""torso_angle"": 132.83011774865273, ""shoulder_hip_dy"": 0.22542681156951336, ""y_band_ratio"": 0.7182884454371745, ""kp_mean_conf"": 0.853168918689092, ""visible"": 15, ""bbox_ar"": 1.6374213444790187}"
V2_ORIGINAL::IMG_004096,622d392259b400aa43fa2e5b1dce8794622f280a4fa06fdaf4da1909f5e5deb0,0,0.4739188253879547,644.7623291015625,526.3488159179688,1124.5404052734375,687.8446655273438,0.03736601467753105,primary,"[[796.4568481445312,570.938232421875,0.8518496155738831],[798.7127075195312,560.2005615234375,0.834218442440033],[789.8523559570312,567.99462890625,0.5254746675491333],[813.9490356445312,548.5060424804688,0.8281636834144592],[790.2786865234375,566.1201782226562,0.3022431433200836],[840.3536376953125,555.0459594726562,0.987973690032959],[821.646240234375,582.0891723632812,0.9602989554405212],[817.0781860351562,585.3731689453125,0.971897542476654],[779.600341796875,607.5889892578125,0.813305675983429],[710.3172607421875,614.4282836914062,0.9387900233268738],[707.95458984375,608.764892578125,0.7894843220710754],[948.2525024414062,567.3302612304688,0.9877491593360901],[937.5066528320312,585.5845336914062,0.9743054509162903],[978.6264038085938,615.9380493164062,0.9611013531684875],[983.2864379882812,633.6029663085938,0.921911358833313],[1082.0364990234375,609.72119140625,0.8809375762939453],[1077.5875244140625,625.5054931640625,0.8329074382781982]]",GEOM_LYING,"{""torso_angle"": 4.033860864957559, ""shoulder_hip_dy"": 0.048854701604113156, ""y_band_ratio"": 0.4864335958227448, ""kp_mean_conf"": 0.8448595352032605, ""visible"": 17, ""bbox_ar"": 2.970838429175479}"
V2_ORIGINAL::IMG_004097,a14ab07cc237f1a4f11a5051bece00f00a840747d4b99370ef4aae4a0f04676e,0,0.8076637387275696,498.30706787109375,514.5498046875,996.8968505859375,716.5567016601562,0.04857184359013142,primary,"[[856.6094970703125,549.3433837890625,0.3151456117630005],[852.6138305664062,543.8479614257812,0.07555947452783585],[857.5906372070312,544.9345092773438,0.1730990707874298],[832.4344482421875,537.6322021484375,0.22390112280845642],[856.0040283203125,545.3373413085938,0.5018649697303772],[808.255615234375,540.017578125,0.9627036452293396],[865.7435913085938,554.7463989257812,0.9912883043289185],[734.3878173828125,545.6508178710938,0.9181907176971436],[910.9601440429688,590.5015869140625,0.9888589382171631],[715.1490478515625,543.29296875,0.8875380158424377],[961.80712890625,594.089599609375,0.96916663646698],[758.3236083984375,597.0468139648438,0.9961516261100769],[793.1477661132812,594.5006103515625,0.9983296990394592],[688.8662719726562,653.1002197265625,0.9865389466285706],[751.359619140625,656.9027709960938,0.9940851926803589],[588.5496826171875,670.2091064453125,0.9495298266410828],[688.7646484375,684.301025390625,0.9704782366752625]]",GEOM_UPRIGHT_OR_LIMB_SUPPORTED,"{""torso_angle"": 141.69516311962863, ""shoulder_hip_dy"": 0.23955480905863738, ""y_band_ratio"": 0.7142501044662612, ""kp_mean_conf"": 0.8435847659905752, ""visible"": 15, ""bbox_ar"": 2.4681819788674497}"
V2_ORIGINAL::IMG_004098,8e10fb3e2510598863ef827bd869e44e59f9e066ef57c50ffbde24611b85d0ce,0,0.772294282913208,531.9253540039062,496.2908935546875,1168.529296875,811.9771728515625,0.09691701876480321,primary,"[[612.1682739257812,507.3875732421875,0.6573117971420288],[605.24951171875,498.5086975097656,0.213154599070549],[602.1790771484375,503.6249084472656,0.48133498430252075],[583.741455078125,510.8147277832031,0.29770609736442566],[583.4373779296875,523.4141845703125,0.8158084154129028],[618.8145141601562,551.705322265625,0.9927453398704529],[601.1812133789062,571.359130859375,0.9973005652427673],[642.5203857421875,603.5731201171875,0.9654859304428101],[617.5866088867188,627.3314208984375,0.9893465638160706],[654.5610961914062,629.12548828125,0.9145748019218445],[586.5801391601562,653.5389404296875,0.9689480662345886],[780.0938110351562,609.3775634765625,0.9989264607429504],[767.3492431640625,634.75830078125,0.9993337988853455],[905.7221069335938,647.522705078125,0.9965716600418091],[883.1878051757812,673.1669311523438,0.9979813694953918],[1034.6934814453125,693.5886840820312,0.9872586131095886],[1013.1310424804688,728.111572265625,0.9912582039833069]]",GEOM_LYING,"{""torso_angle"": 20.291529074613795, ""shoulder_hip_dy"": 0.1917590644143193, ""y_band_ratio"": 0.5588023983586108, ""kp_mean_conf"": 0.8391204274752561, ""visible"": 17, ""bbox_ar"": 2.016571465471973}"
V2_ORIGINAL::IMG_004099,653d2f7b8ae607c5a1d8519b1896aebc1d0e8906e07b7e3d07e5acaf8d44dde7,0,0.8047506213188171,807.7396240234375,669.7852172851562,1383.0361328125,869.3698120117188,0.055372453971002766,primary,"[[990.6515502929688,711.3714599609375,0.43477311730384827],[992.5323486328125,704.0532836914062,0.4278087913990021],[991.9937133789062,704.2576293945312,0.08311402052640915],[999.115234375,700.71630859375,0.7328038811683655],[1003.2535400390625,697.9625244140625,0.1251467615365982],[996.8284301757812,715.9462280273438,0.9948104619979858],[1042.983642578125,701.095458984375,0.9014880061149597],[935.96142578125,743.1300659179688,0.9941545128822327],[1098.585693359375,713.5078735351562,0.693211019039154],[859.2413330078125,764.9238891601562,0.9816439747810364],[1110.2900390625,726.9554443359375,0.7197059392929077],[1091.793212890625,743.279296875,0.9982247948646545],[1113.181884765625,744.1974487304688,0.9910200238227844],[1135.5380859375,778.5492553710938,0.9958705306053162],[1161.207275390625,776.2236328125,0.9813414812088013],[1233.8382568359375,799.0603637695312,0.9841310381889343],[1255.64794921875,800.7476806640625,0.9596335887908936]]",GEOM_LYING,"{""torso_angle"": 23.096201475676164, ""shoulder_hip_dy"": 0.1764541463990454, ""y_band_ratio"": 0.49929816384984194, ""kp_mean_conf"": 0.8527080774307251, ""visible"": 15, ""bbox_ar"": 2.882469509118365}"
V2_ORIGINAL::IMG_004100,1d937f7e58326096314cee37f9fd8fe698daca3701c607433ed1e5051c852e0d,0,0.4647495150566101,1024.623046875,549.2721557617188,1406.6578369140625,630.225830078125,0.014914699059779567,primary,"[[1364.463623046875,596.3897094726562,0.7542812824249268],[1367.633056640625,594.5846557617188,0.40308326482772827],[1366.9072265625,589.2628784179688,0.7248901724815369],[1359.6046142578125,587.1798706054688,0.2959701418876648],[1356.46142578125,579.1437377929688,0.7217161655426025],[1325.854248046875,585.8721313476562,0.9190031886100769],[1327.0628662109375,571.7067260742188,0.9835748672485352],[1328.0430908203125,603.495361328125,0.7038260698318481],[1323.16748046875,594.1909790039062,0.9635639190673828],[1374.835693359375,610.4991455078125,0.6641740798950195],[1380.6357421875,608.4501953125,0.9052286148071289],[1201.0074462890625,581.15185546875,0.9614318013191223],[1201.607666015625,564.5503540039062,0.9834172129631042],[1120.1905517578125,610.5202026367188,0.9052824378013611],[1123.3658447265625,594.87890625,0.9552057981491089],[1060.339111328125,596.3724975585938,0.8447874784469604],[1064.302001953125,586.2713012695312,0.8991698026657104]]",GEOM_LYING,"{""torso_angle"": 177.28339446268302, ""shoulder_hip_dy"": 0.07335459476983741, ""y_band_ratio"": 0.5678537635381443, ""kp_mean_conf"": 0.7993297822335187, ""visible"": 17, ""bbox_ar"": 4.719177891121842}"
V2_ORIGINAL::IMG_004101,1f10a05af9f62318af661e1b51e57d9d11f2c1131af580c18997ad8cfeb9a419,0,0.707267701625824,789.3319702148438,472.82696533203125,1551.2618408203125,720.084228515625,0.09085295840265138,primary,"[[918.1928100585938,539.0783081054688,0.6853208541870117],[915.56689453125,530.4091186523438,0.6606014966964722],[921.6339721679688,531.037109375,0.20328591763973236],[924.3956909179688,519.0469360351562,0.8564633727073669],[942.8623046875,516.4491577148438,0.31761252880096436],[960.2669677734375,535.7340698242188,0.9980619549751282],[993.9728393554688,521.9923706054688,0.9737002849578857],[934.1744384765625,587.3460083007812,0.9937194585800171],[996.5812377929688,555.4716796875,0.7938542366027832],[852.4436645507812,619.4785766601562,0.9666026830673218],[880.6744995117188,599.7191162109375,0.7316400408744812],[1180.412841796875,537.6266479492188,0.9986133575439453],[1196.0093994140625,548.9857788085938,0.994724452495575],[1331.9447021484375,603.27294921875,0.9962326884269714],[1345.25830078125,604.5697631835938,0.9877818822860718],[1460.2467041015625,623.6444091796875,0.9814367890357971],[1471.4835205078125,624.8446044921875,0.9629942178726196]]",GEOM_LYING,"{""torso_angle"": 3.914112875089575, ""shoulder_hip_dy"": 0.05841281658665886, ""y_band_ratio"": 0.4159725484397552, ""kp_mean_conf"": 0.8295674245147144, ""visible"": 17, ""bbox_ar"": 3.081526749892559}"
V2_ORIGINAL::IMG_003996,72e402106d3615e66ed2debf52639aef09664d5d70fdb8cc36336a6dee349d22,0,0.9228777289390564,463.52398681640625,448.34344482421875,1441.281005859375,1068.513427734375,0.29242648234479324,primary,"[[823.5318603515625,462.27703857421875,0.9104402661323547],[824.7208251953125,453.3338317871094,0.49330389499664307],[803.8138427734375,458.3182067871094,0.821655809879303],[824.9415893554688,480.1912536621094,0.2062833458185196],[763.946533203125,497.5645751953125,0.7193841934204102],[871.3175048828125,532.77001953125,0.9841613173484802],[741.663818359375,547.0531616210938,0.9985514283180237],[947.2510986328125,579.0302124023438,0.9576038718223572],[638.2420654296875,603.8983154296875,0.9980552196502686],[992.029541015625,579.226806640625,0.9344871640205383],[563.269287109375,652.5020751953125,0.9937910437583923],[943.9231567382812,649.4679565429688,0.9993258714675903],[835.4038696289062,663.1192626953125,0.9997962117195129],[1086.6622314453125,761.7661743164062,0.9976761937141418],[800.3375854492188,769.4010009765625,0.9992673993110657],[1270.41943359375,920.721923828125,0.9865044951438904],[811.5031127929688,946.1083374023438,0.9939746260643005]]",GEOM_UPRIGHT_OR_LIMB_SUPPORTED,"{""torso_angle"": 54.44835999432077, ""shoulder_hip_dy"": 0.1876614835449541, ""y_band_ratio"": 0.6664919768149661, ""kp_mean_conf"": 0.8820154325050467, ""visible"": 17, ""bbox_ar"": 1.576595201294378}"
V2_ORIGINAL::IMG_003997,2e9ea4788510caf75d1b8e17db7a510b0a68ad2f97d75835a51c421dc1865380,0,0.8922217488288879,645.4068603515625,566.7672729492188,1419.478759765625,886.9114379882812,0.11950935663489401,primary,"[[698.2279052734375,595.1840209960938,0.582327663898468],[693.80712890625,588.17529296875,0.4717533588409424],[707.8742065429688,583.4852294921875,0.1552698165178299],[691.8458862304688,590.1268310546875,0.7895768880844116],[735.8955688476562,572.0977172851562,0.43948838114738464],[726.458740234375,631.3297119140625,0.9982147216796875],[793.497314453125,599.4226684570312,0.9793148040771484],[712.8930053710938,704.3885498046875,0.9932442307472229],[869.8519287109375,626.8195190429688,0.8263677954673767],[654.0277709960938,735.8998413085938,0.9637483358383179],[799.7274169921875,633.38525390625,0.7565966248512268],[964.2142333984375,647.8502197265625,0.9990708827972412],[997.78857421875,653.1056518554688,0.9968037605285645],[1115.7630615234375,725.3615112304688,0.997576892375946],[1128.86962890625,716.2620849609375,0.9930086135864258],[1258.57373046875,766.6135864257812,0.9896278381347656],[1276.200439453125,741.22119140625,0.9806037545204163]]",GEOM_LYING,"{""torso_angle"": 9.024043234778471, ""shoulder_hip_dy"": 0.10964355886725531, ""y_band_ratio"": 0.5222363429561496, ""kp_mean_conf"": 0.8598327841609716, ""visible"": 16, ""bbox_ar"": 2.4178853902260373}"
V2_ORIGINAL::IMG_003998,03f04df8719f4f00db8f20614cc8b2dac09a6f1fdd4e26ec246375a43cce72f9,0,0.9278712272644043,354.0931091308594,382.16546630859375,1329.429443359375,1048.385498046875,0.3133625595800639,primary,"[[1100.3370361328125,400.0478210449219,0.7320557832717896],[1111.2344970703125,390.5577697753906,0.4719353914260864],[1112.9527587890625,384.57293701171875,0.3484204411506653],[1115.0252685546875,410.66656494140625,0.6719314455986023],[1128.5887451171875,406.01824951171875,0.32685455679893494],[1018.32568359375,473.2878112792969,0.9855676889419556],[1123.3370361328125,515.839599609375,0.9939756989479065],[887.8386840820312,523.6405029296875,0.9587359428405762],[1198.8115234375,656.0263061523438,0.9820414781570435],[851.679443359375,506.1967468261719,0.9504095315933228],[1276.4700927734375,702.9776000976562,0.9563270211219788],[880.8572387695312,620.185546875,0.9990572333335876],[920.0391235351562,619.1763916015625,0.9992052912712097],[756.0916748046875,642.3425903320312,0.9993220567703247],[697.5421752929688,644.7324829101562,0.9993225336074829],[693.5165405273438,856.7647705078125,0.9979240894317627],[549.3623657226562,826.7118530273438,0.9980006814002991]]",GEOM_UPRIGHT_OR_LIMB_SUPPORTED,"{""torso_angle"": 143.70909244083597, ""shoulder_hip_dy"": 0.18780171389847453, ""y_band_ratio"": 0.5756010641528732, ""kp_mean_conf"": 0.845358050921384, ""visible"": 17, ""bbox_ar"": 1.4639853017984126}"
V2_ORIGINAL::IMG_003999,6881ae0e92af78ee265a345ee5b2601e4ce3545a239f37f0fc65e19cdbce3046,0,0.9190788269042969,519.3195190429688,635.9122924804688,1402.78173828125,1041.515380859375,0.17280816193534396,primary,"[[658.6232299804688,703.7833862304688,0.23362796008586884],[651.8215942382812,697.7156982421875,0.1909693479537964],[674.017822265625,691.4259033203125,0.023176901042461395],[649.3444213867188,695.1527709960938,0.7670043706893921],[715.0164184570312,673.1797485351562,0.1675489842891693],[668.3656005859375,717.9140014648438,0.9987694621086121],[770.2830200195312,670.6071166992188,0.9702926874160767],[651.2058715820312,795.9010620117188,0.9979267120361328],[854.4999389648438,681.0238037109375,0.864502489566803],[587.83154296875,838.01611328125,0.9865091443061829],[840.107666015625,647.7675170898438,0.8193321824073792],[899.0562744140625,747.2319946289062,0.9997217059135437],[952.671630859375,747.4415283203125,0.9986258745193481],[1075.4232177734375,823.5737915039062,0.9990422129631042],[1100.2296142578125,811.8201293945312,0.996239423751831],[1244.6455078125,886.505859375,0.9931417107582092],[1250.4437255859375,858.3389892578125,0.9844688773155212]]",GEOM_LYING,"{""torso_angle"": 14.411928128703464, ""shoulder_hip_dy"": 0.13085749076692288, ""y_band_ratio"": 0.5322906774173598, ""kp_mean_conf"": 0.9006574867027146, ""visible"": 14, ""bbox_ar"": 2.1781447048868836}"
V2_ORIGINAL::IMG_004000,b874a600936c52aeddb2d3a93719f0fe02937076b115354fa5d3417153f9027f,0,0.929370641708374,533.148681640625,579.3642578125,1223.391845703125,936.107177734375,0.11874969222789837,primary,"[[602.2088012695312,597.8350830078125,0.19743667542934418],[595.0014038085938,588.0693969726562,0.07266957312822342],[600.6851806640625,587.3558959960938,0.054557595402002335],[571.5560913085938,595.1409301757812,0.29285234212875366],[595.8140258789062,592.1594848632812,0.3086724281311035],[583.81640625,642.1099853515625,0.991107165813446],[648.3012084960938,628.46142578125,0.9652689695358276],[600.2946166992188,722.142333984375,0.9784653186798096],[682.7772216796875,683.6678466796875,0.8842046856880188],[621.252197265625,764.5008544921875,0.9200251698493958],[636.917724609375,733.6115112304688,0.8057916164398193],[776.2963256835938,701.9415893554688,0.9988166093826294],[815.4185180664062,713.5077514648438,0.9976338148117065],[895.3159790039062,775.5386962890625,0.9974246025085449],[928.3250122070312,779.2296752929688,0.9953852295875549],[1037.3740234375,826.3430786132812,0.9892134070396423],[1035.988037109375,835.493408203125,0.9845804572105408]]",GEOM_LYING,"{""torso_angle"": 21.94398547053102, ""shoulder_hip_dy"": 0.20305648913680974, ""y_band_ratio"": 0.58033942892886, ""kp_mean_conf"": 0.8649601297719138, ""visible"": 14, ""bbox_ar"": 1.9348475485194212}"
V2_ORIGINAL::IMG_004001,5bac427ba05af7d58237cbf9d1d3606a4615caa7c3c7a8e01d301442ce4c7f63,0,0.9172423481941223,390.1184997558594,400.6938171386719,1429.6689453125,973.2178955078125,0.2870214413389975,primary,"[[1331.9967041015625,420.4385681152344,0.9253776669502258],[1353.8359375,416.6435852050781,0.787713885307312],[1329.8106689453125,404.9784240722656,0.7297704815864563],[1370.5989990234375,447.5107116699219,0.5956458449363708],[1318.404052734375,429.8746032714844,0.3929911255836487],[1302.2156982421875,505.5128173828125,0.9897241592407227],[1286.300048828125,498.8487243652344,0.990587592124939],[1282.126708984375,566.9627075195312,0.9633617997169495],[1245.2047119140625,615.1012573242188,0.9734863638877869],[1311.3138427734375,686.9165649414062,0.9402995705604553],[1258.2542724609375,689.0731201171875,0.9393139481544495],[1006.2752075195312,612.348388671875,0.9979150891304016],[993.6683349609375,580.6824340820312,0.9979478716850281],[829.4876098632812,690.1677856445312,0.9956161975860596],[837.4010620117188,668.9661254882812,0.9955918192863464],[606.2985229492188,811.357421875,0.9857950210571289],[597.223388671875,774.690185546875,0.9852985143661499]]",GEOM_LYING,"{""torso_angle"": 162.22653018634531, ""shoulder_hip_dy"": 0.16476973470119538, ""y_band_ratio"": 0.5458437632875809, ""kp_mean_conf"": 0.893319820656496, ""visible"": 17, ""bbox_ar"": 1.8157322719384041}"
V2_ORIGINAL::IMG_004015,6e170627385d2e2dbdeeb95c19602073232c77b509190eb778642409cf8c0a43,0,0.8817011713981628,561.8794555664062,535.5972290039062,1165.6729736328125,999.1660766601562,0.13498257397393765,primary,"[[708.0165405273438,581.5712280273438,0.07788287848234177],[704.8329467773438,573.8933715820312,0.037139736115932465],[716.464599609375,570.4661865234375,0.01138047594577074],[703.2213134765625,570.8486328125,0.5752652883529663],[750.7490844726562,563.0173950195312,0.1376260221004486],[704.2319946289062,597.7681274414062,0.9917215704917908],[805.1632690429688,573.3800048828125,0.9869902729988098],[651.5169067382812,658.208984375,0.9855807423591614],[912.8007202148438,610.2081909179688,0.9758484363555908],[623.3706665039062,675.40869140625,0.9631940126419067],[1012.566650390625,630.107421875,0.9471828937530518],[796.8667602539062,678.2166137695312,0.9996200799942017],[866.7218627929688,673.3522338867188,0.999553382396698],[783.2900390625,785.7890625,0.9988712668418884],[957.0653686523438,777.0108032226562,0.998801589012146],[790.147216796875,884.748779296875,0.9919065237045288],[1044.224365234375,883.9039306640625,0.9924095869064331]]",GEOM_UPRIGHT_OR_LIMB_SUPPORTED,"{""torso_angle"": 49.48173243224979, ""shoulder_hip_dy"": 0.19459969780564132, ""y_band_ratio"": 0.6716775210161483, ""kp_mean_conf"": 0.9543804342930133, ""visible"": 13, ""bbox_ar"": 1.3024894168775918}"
V2_ORIGINAL::IMG_004016,f8e866b52682ef59c44ca191aded4a9fd7248b59937cf0db5cb460fb729f06d1,0,0.8957929015159607,484.54669189453125,449.55084228515625,1496.063720703125,909.236083984375,0.22423777482193,primary,"[[672.27392578125,564.3207397460938,0.4263944923877716],[665.65087890625,556.3909301757812,0.41585981845855713],[687.3151245117188,549.7907104492188,0.05934351682662964],[671.4869384765625,536.969482421875,0.8505947589874268],[727.6697998046875,519.0235595703125,0.27210733294487],[708.1074829101562,562.6359252929688,0.9987415671348572],[772.4659423828125,538.8277587890625,0.974316418170929],[674.4763793945312,641.285888671875,0.9950906038284302],[755.5717163085938,603.876708984375,0.7187488079071045],[573.9712524414062,651.0233154296875,0.9608580470085144],[575.8516845703125,646.0511474609375,0.6086791753768921],[986.1987915039062,576.6624755859375,0.9993799924850464],[1018.5119018554688,588.2822265625,0.9969370365142822],[1171.62353515625,683.4886474609375,0.9983190894126892],[1192.0107421875,675.905517578125,0.9929666519165039],[1322.376953125,714.2703857421875,0.9889901876449585],[1341.6802978515625,683.8064575195312,0.974327027797699]]",GEOM_LYING,"{""torso_angle"": 6.905757305657901, ""shoulder_hip_dy"": 0.06904835342521519, ""y_band_ratio"": 0.38165816745520104, ""kp_mean_conf"": 0.8232694379985332, ""visible"": 16, ""bbox_ar"": 2.200455740257264}"
V2_ORIGINAL::IMG_004017,f1b5913e989719018e6e4aaa961deeb9ff74526f6a8e219894b2361843fb3f7d,0,0.903150200843811,666.911865234375,455.033935546875,1517.6136474609375,855.1556396484375,0.16415135358156274,primary,"[[1109.9913330078125,718.711181640625,0.20041652023792267],[1107.86376953125,715.0037841796875,0.09111987054347992],[1125.68505859375,713.403076171875,0.05186028033494949],[1100.4383544921875,689.7225952148438,0.5279170274734497],[1155.0086669921875,690.59814453125,0.22066104412078857],[1043.8111572265625,669.3026733398438,0.9724683165550232],[1205.958251953125,668.0643920898438,0.9744778275489807],[868.6353149414062,674.8311767578125,0.9428609013557434],[1358.38818359375,695.5969848632812,0.9468866586685181],[828.9005737304688,693.4707641601562,0.9058781862258911],[1459.40966796875,803.8876342773438,0.8963473439216614],[1064.329833984375,569.959716796875,0.9947242140769958],[1180.0830078125,566.5789794921875,0.9950984120368958],[993.5245971679688,651.6521606445312,0.987838625907898],[1281.3677978515625,644.138671875,0.9892902970314026],[897.5366821289062,605.9143676757812,0.9634445905685425],[1368.7227783203125,614.4047241210938,0.9687799215316772]]",GEOM_UPRIGHT_OR_LIMB_SUPPORTED,"{""torso_angle"": 91.52785164893115, ""shoulder_hip_dy"": 0.2509591045449123, ""y_band_ratio"": 0.25673112154291433, ""kp_mean_conf"": 0.8324726591507594, ""visible"": 15, ""bbox_ar"": 2.1261075655386836}"
V2_ORIGINAL::IMG_004018,0e1ff5321d28285e1d16e15fa827f563e8337975bbab243c95ab0921a4a035d0,0,0.8955106139183044,335.1300964355469,337.35552978515625,1587.0521240234375,995.7169189453125,0.397481252509145,primary,"[[595.6829223632812,426.29254150390625,0.2855147421360016],[582.7528076171875,421.3305358886719,0.20285135507583618],[622.4161987304688,415.0665283203125,0.03535360470414162],[572.3194580078125,417.3605651855469,0.8758379817008972],[695.3980102539062,397.3154602050781,0.5090520977973938],[582.2334594726562,454.67340087890625,0.9984129667282104],[751.130126953125,412.0693664550781,0.9895232319831848],[524.3587646484375,514.1099853515625,0.9916608929634094],[736.9810180664062,428.40673828125,0.8496644496917725],[412.1329650878906,535.546875,0.9185841679573059],[487.3744812011719,477.5047302246094,0.682716429233551],[866.4827880859375,551.8604736328125,0.9991114735603333],[966.1441650390625,555.93701171875,0.9975964426994324],[1128.3033447265625,694.4375,0.9955868721008301],[1200.20458984375,672.05859375,0.9903247356414795],[1390.7928466796875,836.2377319335938,0.9570553302764893],[1434.9090576171875,796.1196899414062,0.9363014101982117]]",GEOM_UPRIGHT_OR_LIMB_SUPPORTED,"{""torso_angle"": 25.77221493744905, ""shoulder_hip_dy"": 0.18307173080508368, ""y_band_ratio"": 0.6442789210643249, ""kp_mean_conf"": 0.8237371612340212, ""visible"": 16, ""bbox_ar"": 1.9015726745229007}"
V2_ORIGINAL::IMG_004019,0b287efdfc3024b27a31b7ea34b57c0bb430c8ec44d51c7e3d7ba4d1866d5a88,0,0.8404181003570557,597.9765625,522.31591796875,1220.6781005859375,762.8968505859375,0.07224639119158562,primary,"[[1076.9298095703125,564.6608276367188,0.4413187503814697],[1080.225830078125,560.3871459960938,0.17218047380447388],[1078.4462890625,559.5770263671875,0.2815297245979309],[1078.728515625,557.7636108398438,0.33166927099227905],[1078.3048095703125,560.1329956054688,0.42651480436325073],[1050.0780029296875,565.3794555664062,0.948205828666687],[1064.5740966796875,568.6304931640625,0.9896832704544067],[1077.802490234375,586.3264770507812,0.895591676235199],[1113.521240234375,605.3605346679688,0.98661869764328],[1145.07763671875,595.283447265625,0.8935682773590088],[1197.1669921875,607.4344482421875,0.963996171951294],[911.8641967773438,601.9559326171875,0.9955986738204956],[914.0130615234375,590.7484741210938,0.9978406429290771],[817.4506225585938,650.4811401367188,0.9887856245040894],[814.3598022460938,645.6592407226562,0.9940515160560608],[736.682373046875,642.2473754882812,0.9737096428871155],[710.3259887695312,639.5846557617188,0.9828150868415833]]",GEOM_LYING,"{""torso_angle"": 168.51094552227187, ""shoulder_hip_dy"": 0.1219848501069849, ""y_band_ratio"": 0.3537341203416413, ""kp_mean_conf"": 0.8182186037302017, ""visible"": 16, ""bbox_ar"": 2.588324566339513}"
V2_ORIGINAL::IMG_004020,d773a98449579e05400caa96f3404a34bee9c963473ba701f36540506ec3c914,0,0.9053163528442383,575.6947631835938,589.3370361328125,1380.696533203125,830.6453247070312,0.09367939786970965,primary,"[[686.1439819335938,718.1748657226562,0.728676438331604],[681.2031860351562,709.1141967773438,0.7059798836708069],[692.0616455078125,709.1537475585938,0.22797702252864838],[692.9524536132812,682.8816528320312,0.8075133562088013],[708.7452392578125,677.8903198242188,0.19460013508796692],[746.3199462890625,673.037841796875,0.9976996779441833],[733.56005859375,662.2117309570312,0.9462132453918457],[763.3956298828125,734.2438354492188,0.9947910308837891],[723.3203125,707.5618286132812,0.7104785442352295],[662.8455810546875,767.4338989257812,0.9735088348388672],[644.63671875,772.6950073242188,0.6830639839172363],[943.0049438476562,635.77490234375,0.9979840517044067],[930.82763671875,651.3674926757812,0.9894688129425049],[1147.7513427734375,670.0115356445312,0.9939334988594055],[1138.31982421875,671.2505493164062,0.974673330783844],[1303.63916015625,667.9702758789062,0.976906955242157],[1296.6221923828125,666.9417724609375,0.9456720948219299]]",GEOM_LYING,"{""torso_angle"": 6.962154830956546, ""shoulder_hip_dy"": 0.0996799115741496, ""y_band_ratio"": 0.15442047048319316, ""kp_mean_conf"": 0.8534087976440787, ""visible"": 16, ""bbox_ar"": 3.3359888911231423}"
V2_ORIGINAL::IMG_004021,38d1d21b30b887accd43d41597b0a96be07060130854671098423feb919a1d43,0,0.9316781163215637,740.5517578125,336.6812438964844,1554.564697265625,919.8695068359375,0.22893653171774025,primary,"[[906.7998657226562,411.57476806640625,0.3362448513507843],[908.1714477539062,400.9133605957031,0.24043616652488708],[909.1941528320312,396.0575866699219,0.06115233898162842],[903.147216796875,407.6417541503906,0.6023936867713928],[921.5175170898438,390.77178955078125,0.18242596089839935],[896.3113403320312,436.65155029296875,0.9929639101028442],[962.2584228515625,404.45892333984375,0.9411213397979736],[817.1553955078125,471.0550537109375,0.9918312430381775],[1061.8326416015625,414.5079650878906,0.8492371439933777],[793.9076538085938,428.4533386230469,0.9629011750221252],[1067.9576416015625,388.74407958984375,0.7752094268798828],[1024.5626220703125,555.3309936523438,0.9989870190620422],[1026.9014892578125,555.17236328125,0.9967987537384033],[1186.004150390625,606.232177734375,0.9979463219642639],[1008.12744140625,602.5868530273438,0.9944425225257874],[1366.9815673828125,780.5286254882812,0.9916092753410339],[1056.5439453125,784.1710205078125,0.9846802353858948]]",GEOM_UPRIGHT_OR_LIMB_SUPPORTED,"{""torso_angle"": 54.39606491818914, ""shoulder_hip_dy"": 0.2309656250135728, ""y_band_ratio"": 0.6510969463858889, ""kp_mean_conf"": 0.843786871433258, ""visible"": 15, ""bbox_ar"": 1.3957978772587818}"
V2_ORIGINAL::IMG_004035,6e58218f754b18cfefcf1a55867e1f9ce0beb569d3c45cecc50f06f5b4d96c11,0,0.8787712454795837,689.4805297851562,356.82147216796875,1348.3104248046875,606.7784423828125,0.0794170160330081,primary,"[[1277.3197021484375,491.81451416015625,0.8538317084312439],[1284.00048828125,487.16229248046875,0.4395343065261841],[1278.9771728515625,476.5362854003906,0.8051184415817261],[1289.667236328125,456.2861022949219,0.18995320796966553],[1264.36328125,441.0701599121094,0.6519476175308228],[1242.6021728515625,442.5985412597656,0.9170724749565125],[1228.709228515625,424.40753173828125,0.9932763576507568],[1221.2060546875,493.578369140625,0.7509843707084656],[1184.7440185546875,497.0771789550781,0.9930545687675476],[1274.9886474609375,543.642333984375,0.7669265270233154],[1268.2607421875,539.3707275390625,0.9781575798988342],[1032.220947265625,437.0010681152344,0.9844833016395569],[1021.3544311523438,411.9090576171875,0.9961947202682495],[933.6741943359375,542.2020263671875,0.9610055685043335],[934.3760375976562,520.5239868164062,0.9899133443832397],[794.8159790039062,547.6044311523438,0.8960304260253906],[782.1480102539062,530.9764404296875,0.9546870589256287]]",GEOM_LYING,"{""torso_angle"": 177.51954935682767, ""shoulder_hip_dy"": 0.03619812492140371, ""y_band_ratio"": 0.5428749333076127, ""kp_mean_conf"": 0.870763648301363, ""visible"": 16, ""bbox_ar"": 2.635773247104299}"
V2_ORIGINAL::IMG_004036,40cd8ba87bfcbb00225de96b16624ec4872550b11252d00d3c2115e271eaadda,0,0.8662640452384949,593.3386840820312,511.6916198730469,1257.5001220703125,818.7586669921875,0.09835170311220282,primary,"[[695.0161743164062,740.78271484375,0.7573171854019165],[686.5713500976562,729.068115234375,0.7383708357810974],[693.8968505859375,731.3464965820312,0.3117515742778778],[700.7290649414062,671.45458984375,0.7310213446617126],[689.0548706054688,677.2518920898438,0.21955463290214539],[766.934326171875,626.4530029296875,0.9970935583114624],[692.6281127929688,637.67529296875,0.9017215967178345],[850.7042236328125,672.3248291015625,0.9948300719261169],[716.3548583984375,688.5012817382812,0.5977505445480347],[788.4024047851562,757.8316040039062,0.9833242893218994],[745.1145629882812,756.6536865234375,0.6599881649017334],[904.4278564453125,536.3049926757812,0.9976510405540466],[854.931884765625,555.6097412109375,0.9845357537269592],[996.4432983398438,654.6732788085938,0.9946631193161011],[967.8541259765625,672.3773803710938,0.9692649245262146],[1132.0074462890625,625.8839111328125,0.9742304086685181],[1134.2066650390625,636.1687622070312,0.9210441708564758]]",GEOM_UPRIGHT_OR_LIMB_SUPPORTED,"{""torso_angle"": 29.874495358404104, ""shoulder_hip_dy"": 0.28041687251595687, ""y_band_ratio"": 0.4431357547868594, ""kp_mean_conf"": 0.8078890127294204, ""visible"": 17, ""bbox_ar"": 2.162919936278899}"
V2_ORIGINAL::IMG_004037,b4ce4b7c71ee6cd208998d8e86e0051c6af3508cc497dbee82600ef9d19ee92e,0,0.9247558116912842,553.718505859375,391.724609375,1436.538818359375,688.8717041015625,0.12650824219954235,primary,"[[1339.154052734375,549.5115356445312,0.683759868144989],[1343.3509521484375,547.186767578125,0.3957194685935974],[1348.3404541015625,534.9497680664062,0.45966964960098267],[1348.0531005859375,517.5353393554688,0.5971054434776306],[1352.482177734375,495.14556884765625,0.6684948801994324],[1323.0379638671875,509.5547180175781,0.9888867735862732],[1286.368408203125,464.3465881347656,0.99443519115448],[1305.1710205078125,562.0824584960938,0.9437271952629089],[1246.219482421875,518.2730712890625,0.9819362759590149],[1349.31787109375,603.617431640625,0.8996610641479492],[1338.2979736328125,586.5690307617188,0.9393051266670227],[1062.0736083984375,487.7970275878906,0.9968144297599792],[1027.5032958984375,450.3982849121094,0.9976014494895935],[915.633056640625,611.31591796875,0.9876266121864319],[893.0479125976562,581.3224487304688,0.9906212091445923],[732.9546508789062,605.0189208984375,0.9468792676925659],[709.4227905273438,586.1378173828125,0.954321563243866]]",GEOM_LYING,"{""torso_angle"": 176.07064516533794, ""shoulder_hip_dy"": 0.060081344031313405, ""y_band_ratio"": 0.5415420036487939, ""kp_mean_conf"": 0.8486214981359594, ""visible"": 17, ""bbox_ar"": 2.970987528289245}"
V2_ORIGINAL::IMG_004038,1e44db1135509a6e0df16af3d900148b4a3e959a17a1519196655ce3761a62e2,0,0.8841597437858582,584.7894897460938,380.3968505859375,1430.862548828125,829.0748291015625,0.18307019185255438,primary,"[[676.5548706054688,622.5617065429688,0.8352258205413818],[663.1314697265625,595.6265869140625,0.8492255806922913],[659.5181274414062,623.7451171875,0.40348613262176514],[680.3145141601562,524.2379150390625,0.9210191965103149],[659.0245971679688,593.9903564453125,0.3310116231441498],[756.2437133789062,462.42864990234375,0.9967886209487915],[720.1869506835938,589.5095825195312,0.9818688035011292],[872.6260986328125,477.8346862792969,0.9918006062507629],[775.8193969726562,672.93408203125,0.855483889579773],[850.5239868164062,569.9583129882812,0.9742242097854614],[756.2393798828125,706.4615478515625,0.8041563630104065],[998.4417114257812,479.86517333984375,0.998572587966919],[973.3651123046875,551.9484252929688,0.9957864880561829],[1065.3896484375,652.0292358398438,0.9959384202957153],[1064.5330810546875,742.1995239257812,0.9884551763534546],[1337.158447265625,665.3741455078125,0.971439778804779],[1334.8824462890625,751.318359375,0.949276328086853]]",GEOM_LYING,"{""torso_angle"": 2.326359182687374, ""shoulder_hip_dy"": 0.022426589617392675, ""y_band_ratio"": 0.6438687060782409, ""kp_mean_conf"": 0.8731623309500077, ""visible"": 17, ""bbox_ar"": 1.885702217615227}"
V2_ORIGINAL::IMG_004039,7e1dc717a13c06a582f22d3f729af0a05f6c6b3fa31fb9fa915c88f5a0f34c50,0,0.6122334003448486,671.9269409179688,526.22509765625,1080.4791259765625,644.7212524414062,0.023346770331074906,primary,"[[992.0621337890625,603.0414428710938,0.7863463759422302],[997.2433471679688,600.7066040039062,0.4756301939487457],[994.6154174804688,595.262939453125,0.7679761648178101],[994.8605346679688,592.34716796875,0.4236200153827667],[991.0777587890625,582.2732543945312,0.8114548325538635],[967.23779296875,588.2431640625,0.9386324286460876],[953.9176635742188,573.4295654296875,0.9920297861099243],[987.7647094726562,609.0598754882812,0.7466967701911926],[948.4579467773438,598.5410766601562,0.97782963514328],[1019.2386474609375,633.756591796875,0.7356443405151367],[1003.8468017578125,630.4825439453125,0.939354419708252],[845.92529296875,588.6895751953125,0.9677092432975769],[836.5286865234375,574.1788330078125,0.9873262047767639],[783.4068603515625,597.6216430664062,0.9182232022285461],[780.6513671875,581.786865234375,0.964648425579071],[724.3716430664062,592.5220947265625,0.8601533770561218],[727.5108642578125,575.1401977539062,0.9166845679283142]]",GEOM_LYING,"{""torso_angle"": 179.7130023170709, ""shoulder_hip_dy"": 0.005045221564806759, ""y_band_ratio"": 0.20415917867192462, ""kp_mean_conf"": 0.8358799990485696, ""visible"": 17, ""bbox_ar"": 3.447809642425394}"
V2_ORIGINAL::IMG_004040,c23b8a580e2bf51df5820f66f974c76f2a7e2df2b876307aa8d74a8791cc2691,0,0.9184907078742981,505.6703796386719,580.4874267578125,1368.4500732421875,917.7325439453125,0.1403203312482219,primary,"[[1142.574462890625,719.9760131835938,0.9538692831993103],[1149.4482421875,719.9694213867188,0.6533574461936951],[1150.2130126953125,701.1473388671875,0.9250643849372864],[1159.104248046875,697.9995727539062,0.28001338243484497],[1146.876953125,653.8059692382812,0.9213379621505737],[1141.021484375,713.3984985351562,0.9962626099586487],[1075.713134765625,616.9136352539062,0.9989049434661865],[1190.8712158203125,774.3621826171875,0.9699760675430298],[996.00244140625,654.7734985351562,0.9968515038490295],[1301.70654296875,784.8283081054688,0.9569276571273804],[1049.30859375,762.4349365234375,0.989762008190155],[904.9683837890625,684.0791625976562,0.9993396401405334],[864.9356689453125,629.8875732421875,0.9996669292449951],[845.2317504882812,835.7266845703125,0.9977339506149292],[817.0221557617188,770.6541137695312,0.9989550113677979],[632.671875,827.203857421875,0.9879564642906189],[604.4934692382812,781.104736328125,0.9922314882278442]]",GEOM_LYING,"{""torso_angle"": 177.9050114602836, ""shoulder_hip_dy"": 0.024233705865830388, ""y_band_ratio"": 0.6488249589533762, ""kp_mean_conf"": 0.9187182784080505, ""visible"": 17, ""bbox_ar"": 2.5583163391623884}"
V2_ORIGINAL::IMG_004041,95af36458be5ba10a6c1268ff6a6389338c3afd7d31462322e7ee0a93db19282,0,0.9215876460075378,520.7063598632812,454.530029296875,1323.7001953125,783.9598388671875,0.1275704602132383,primary,"[[665.438232421875,670.7955322265625,0.7981451749801636],[660.5459594726562,646.2632446289062,0.8419617414474487],[646.6929931640625,671.8480224609375,0.38388702273368835],[694.850830078125,586.3255004882812,0.8461379408836365],[632.5808715820312,651.2556762695312,0.16278068721294403],[771.7291259765625,545.4481201171875,0.9850192070007324],[682.9473876953125,656.0968017578125,0.9456655979156494],[893.597900390625,577.536865234375,0.9738271236419678],[670.5751342773438,719.8255004882812,0.7548742294311523],[831.02783203125,710.840576171875,0.9559552669525146],[659.7471923828125,716.0235595703125,0.780979573726654],[999.5835571289062,518.01171875,0.9943663477897644],[942.5194702148438,579.1455688476562,0.9865983724594116],[998.5809326171875,662.6497192382812,0.9899987578392029],[1002.5094604492188,739.0335083007812,0.9753162264823914],[1226.4031982421875,629.21630859375,0.9544879198074341],[1232.345703125,686.5682373046875,0.9274823069572449]]",GEOM_LYING,"{""torso_angle"": 12.087912048827468, ""shoulder_hip_dy"": 0.15843683729396013, ""y_band_ratio"": 0.6709222515080471, ""kp_mean_conf"": 0.8809189256280661, ""visible"": 16, ""bbox_ar"": 2.437526332230205}"
V2_ORIGINAL::IMG_004042,cb3fc95186cc9c5c8dba3642c4f7c827e2db6f76e0bc774ca4877489681ba90a,0,0.8493784070014954,351.5540771484375,361.2689208984375,1712.329833984375,942.482666015625,0.38141472506524426,primary,"[[636.8822631835938,513.3370971679688,0.9135541915893555],[626.3829345703125,495.8136291503906,0.8246418237686157],[628.0770263671875,509.0794677734375,0.632919192314148],[627.9669189453125,490.66058349609375,0.8450910449028015],[639.0947265625,522.1015014648438,0.7665778994560242],[704.4337768554688,516.1290893554688,0.9978208541870117],[734.30810546875,569.1232299804688,0.9955490827560425],[699.1338500976562,591.167724609375,0.9834088087081909],[716.6954956054688,650.0657958984375,0.9331831336021423],[545.5667114257812,659.8502197265625,0.9204626679420471],[482.91265869140625,673.3428955078125,0.8794266581535339],[1085.067626953125,560.689697265625,0.9970414042472839],[1097.8583984375,610.5781860351562,0.9955043196678162],[1324.0745849609375,553.0986328125,0.9945206642150879],[1351.005859375,598.2639770507812,0.992870032787323],[1516.763671875,747.6878051757812,0.9740158319473267],[1529.9520263671875,775.9702758789062,0.9726235866546631]]",GEOM_LYING,"{""torso_angle"": 6.593201788070172, ""shoulder_hip_dy"": 0.07399649843750755, ""y_band_ratio"": 0.4470664857918095, ""kp_mean_conf"": 0.9187771292293773, ""visible"": 17, ""bbox_ar"": 2.3412656157358605}"
V2_ORIGINAL::IMG_004043,a4b5e371a0c9a8426002ddcb06ff647bc733113b32d853dd1b5e8126ebd82662,0,0.8507818579673767,203.14105224609375,481.7490234375,1590.533203125,1070.058837890625,0.3936228871804067,primary,"[[1278.3177490234375,584.4907836914062,0.8846673965454102],[1291.6278076171875,580.3148803710938,0.5292295217514038],[1267.636962890625,566.0377807617188,0.7940677404403687],[1263.7745361328125,591.9255981445312,0.1965857297182083],[1210.94091796875,565.1019897460938,0.7418769598007202],[1187.8944091796875,638.7185668945312,0.9881630539894104],[1121.4140625,564.040283203125,0.9784010648727417],[1261.7076416015625,668.580322265625,0.9530468583106995],[1037.0020751953125,547.1940307617188,0.936681866645813],[1457.786865234375,697.0327758789062,0.9508814811706543],[1081.472900390625,571.2039184570312,0.9165467619895935],[865.6278686523438,679.7025146484375,0.995817244052887],[847.4439697265625,640.1294555664062,0.994057297706604],[730.4511108398438,770.7969360351562,0.9941264390945435],[887.9107055664062,744.3720703125,0.9925204515457153],[472.0234069824219,904.9288940429688,0.9799607396125793],[738.626220703125,906.5006713867188,0.97333163022995]]",GEOM_LYING,"{""torso_angle"": 168.89110374758297, ""shoulder_hip_dy"": 0.09949954704224603, ""y_band_ratio"": 0.5821089156942496, ""kp_mean_conf"": 0.9127110317349434, ""visible"": 16, ""bbox_ar"": 2.3582679003385043}"
V2_ORIGINAL::IMG_004044,c155e11cc5dbc7515c11c36d9a08eaa9ac188ad362db12571a3f839a0a2e83a6,0,0.9203266501426697,477.24041748046875,457.59100341796875,1207.897705078125,918.2042236328125,0.16230247208420123,primary,"[[1021.6565551757812,526.8433837890625,0.14467638731002808],[1016.3450927734375,515.6947631835938,0.018331371247768402],[1025.4364013671875,515.5896606445312,0.11386983096599579],[975.6762084960938,497.6679382324219,0.21905967593193054],[1029.338623046875,507.6759338378906,0.7156111598014832],[914.5684204101562,531.1427001953125,0.9487899541854858],[1022.2343139648438,536.4497680664062,0.9972719550132751],[863.2343139648438,616.7994995117188,0.7165366411209106],[1122.720703125,594.6688842773438,0.9932790398597717],[897.411865234375,620.5689697265625,0.6595184803009033],[1180.43701171875,579.531494140625,0.9633913636207581],[767.3937377929688,608.2412109375,0.9973214268684387],[859.579833984375,602.3733520507812,0.9993866682052612],[674.307861328125,738.858642578125,0.9955189228057861],[931.2032470703125,744.516357421875,0.99893718957901],[531.8876953125,805.5352172851562,0.985694944858551],[949.05322265625,828.8941650390625,0.994470477104187]]",GEOM_LYING,"{""torso_angle"": 155.22119769022595, ""shoulder_hip_dy"": 0.15525183434797282, ""y_band_ratio"": 0.6464240533627538, ""kp_mean_conf"": 0.8703419928039823, ""visible"": 14, ""bbox_ar"": 1.586270770206847}"
V2_ORIGINAL::IMG_004045,b06508f0ff5e35e38aa70f6e7045bbd6ce1de7735ac0a9f9b75256bfabbff882,0,0.8964288234710693,526.0517578125,488.1103210449219,1439.794677734375,1026.7083740234375,0.23733610995024382,primary,"[[641.512451171875,586.3932495117188,0.7026547789573669],[630.8428955078125,569.1266479492188,0.5999959707260132],[642.469482421875,570.731689453125,0.2070937603712082],[639.582763671875,546.7364501953125,0.8044330477714539],[671.4157104492188,543.9747924804688,0.4189927279949188],[703.5986328125,592.9896850585938,0.9976204037666321],[786.7736206054688,536.3890380859375,0.9670599699020386],[711.8296508789062,718.9838256835938,0.9917778968811035],[931.556640625,552.649658203125,0.8205429911613464],[630.11962890625,757.77978515625,0.9702187180519104],[937.79443359375,489.5492248535156,0.8261972069740295],[972.76025390625,599.6934204101562,0.9955013394355774],[1009.758544921875,595.5950317382812,0.9857240319252014],[1146.00732421875,710.9823608398438,0.9837480783462524],[1170.2841796875,705.884765625,0.9602397084236145],[1284.796630859375,836.7561645507812,0.8700626492500305],[1288.9915771484375,845.0590209960938,0.7926604151725769]]",GEOM_LYING,"{""torso_angle"": 7.627834610322551, ""shoulder_hip_dy"": 0.061186378821290834, ""y_band_ratio"": 0.5730989579393614, ""kp_mean_conf"": 0.8173249232418397, ""visible"": 17, ""bbox_ar"": 1.6965210231800145}"
V2_ORIGINAL::IMG_004046,0fe945e667d39d7701aa99658ece8ac840c880671c67fa3c45411adafe12808b,0,0.9354658722877502,506.6150207519531,423.1643371582031,1193.100830078125,978.4911499023438,0.18384643927815628,primary,"[[959.0256958007812,483.1163635253906,0.25295525789260864],[960.8311767578125,472.0467529296875,0.09496910870075226],[967.71484375,480.21551513671875,0.06907621771097183],[959.0744018554688,476.5185241699219,0.6578593254089355],[997.4544677734375,499.7845458984375,0.3519153594970703],[910.9249877929688,502.0104675292969,0.9901718497276306],[998.5228881835938,557.3318481445312,0.9939239621162415],[831.488037109375,489.29058837890625,0.9798065423965454],[1071.1947021484375,638.7803344726562,0.9844808578491211],[813.4910888671875,464.4419860839844,0.9620558023452759],[1137.8668212890625,654.9932861328125,0.9551758170127869],[785.88671875,643.3377685546875,0.9990506768226624],[832.7737426757812,649.524169921875,0.9991140961647034],[675.9686889648438,687.1911010742188,0.9973303079605103],[726.1408081054688,709.9244995117188,0.9972999691963196],[702.4220581054688,798.6707153320312,0.9866777658462524],[742.9568481445312,830.2394409179688,0.986639678478241]]",GEOM_UPRIGHT_OR_LIMB_SUPPORTED,"{""torso_angle"": 141.23345984167827, ""shoulder_hip_dy"": 0.2102542299810809, ""y_band_ratio"": 0.5910555115585585, ""kp_mean_conf"": 0.872963817914327, ""visible"": 15, ""bbox_ar"": 1.236183439322713}"
V2_ORIGINAL::IMG_004047,a6db45bafd81f698513469b4ff4a2d511eb7835a2b68143d6f0d7176ca77f841,0,0.904883086681366,460.9434814453125,545.0817260742188,1321.8167724609375,1020.5253295898438,0.19738459666802857,primary,"[[649.5651245117188,614.7733154296875,0.4612056612968445],[649.6204223632812,604.1351318359375,0.35569441318511963],[654.6060791015625,600.9315185546875,0.07677849382162094],[653.6781616210938,600.3217163085938,0.773631751537323],[682.1611938476562,585.3483276367188,0.2770085036754608],[666.2940673828125,634.2616577148438,0.9983617663383484],[736.3547973632812,596.1646728515625,0.9746010899543762],[593.1730346679688,709.2658081054688,0.9972174167633057],[847.9383544921875,606.4686279296875,0.8831531405448914],[525.2406616210938,732.5059814453125,0.9868448972702026],[904.0447998046875,598.8521118164062,0.8465496897697449],[835.0668334960938,706.3702392578125,0.9994445443153381],[865.1867065429688,710.06396484375,0.9975975155830383],[969.2063598632812,788.3029174804688,0.997914731502533],[984.1774291992188,786.5714721679688,0.9926559925079346],[1088.653076171875,865.5971069335938,0.9869822859764099],[1106.962890625,863.7984008789062,0.9727464914321899]]",GEOM_UPRIGHT_OR_LIMB_SUPPORTED,"{""torso_angle"": 32.00606870321258, ""shoulder_hip_dy"": 0.19561507627796204, ""y_band_ratio"": 0.5666969375331529, ""kp_mean_conf"": 0.8438506182283163, ""visible"": 16, ""bbox_ar"": 1.8106738310284853}"
V2_ORIGINAL::IMG_004048,6752cbcf9b14a772e8124d7d7e19378a6675f95622ac0a8153462f610a40bc30,0,0.9319395422935486,490.15771484375,403.875,1262.0274658203125,1009.0746459960938,0.22527744022285334,primary,"[[811.5518188476562,444.30322265625,0.8475921750068665],[817.9061889648438,429.57257080078125,0.6675371527671814],[799.8603515625,434.4438171386719,0.42734089493751526],[818.2095336914062,440.0539245605469,0.8362564444541931],[801.3951416015625,453.884765625,0.5222625136375427],[851.3871459960938,486.2655029296875,0.9980379939079285],[836.414306640625,508.3150634765625,0.9974127411842346],[955.1685791015625,517.7384033203125,0.9905633926391602],[687.8367919921875,556.9464721679688,0.9843848943710327],[1082.8062744140625,586.3927612304688,0.9798136353492737],[575.1112060546875,579.793212890625,0.9704645276069641],[892.3251342773438,594.860107421875,0.9993653893470764],[934.5349731445312,605.3787231445312,0.9992886781692505],[717.0709838867188,710.4702758789062,0.9983127117156982],[1001.7205810546875,727.4085083007812,0.9981505274772644],[670.4930419921875,879.4620361328125,0.9874042272567749],[1080.1640625,902.0843505859375,0.9878281354904175]]",GEOM_UPRIGHT_OR_LIMB_SUPPORTED,"{""torso_angle"": 55.93486921628268, ""shoulder_hip_dy"": 0.16990943858011084, ""y_band_ratio"": 0.68707714951131, ""kp_mean_conf"": 0.8936480020775515, ""visible"": 17, ""bbox_ar"": 1.2753968976735728}"
V2_ORIGINAL::IMG_004049,f0a0f5419bbb53b7663c9dd28db06adb77f0f0258eeb41fdd3b6d4514e76660e,0,0.9195176959037781,586.4382934570312,601.0182495117188,1253.8917236328125,874.691162109375,0.08809024125168906,primary,"[[767.124755859375,661.1185913085938,0.1379973292350769],[765.2913208007812,653.3414916992188,0.12165278941392899],[775.4205932617188,651.2010498046875,0.012982253916561604],[773.5889282226562,646.148193359375,0.7808072566986084],[817.4338989257812,638.1934204101562,0.08401846885681152],[785.7537841796875,657.3211059570312,0.993057131767273],[889.2337646484375,637.6729125976562,0.9671095013618469],[717.2266235351562,724.8922119140625,0.9899915456771851],[1000.8164672851562,676.5147094726562,0.9037290215492249],[650.5126342773438,737.718994140625,0.9675137996673584],[1055.095947265625,702.3190307617188,0.8409250378608704],[915.0027465820312,706.5800170898438,0.9985602498054504],[987.2935180664062,703.8018798828125,0.9966237545013428],[840.965576171875,758.5175170898438,0.9948338270187378],[1011.7060546875,748.8887329101562,0.9882621169090271],[889.8596801757812,805.20947265625,0.9734792709350586],[1146.990966796875,795.9702758789062,0.9604480266571045]]",GEOM_UPRIGHT_OR_LIMB_SUPPORTED,"{""torso_angle"": 26.91354682159241, ""shoulder_hip_dy"": 0.21081348044774845, ""y_band_ratio"": 0.6121780868569181, ""kp_mean_conf"": 0.9504108108006991, ""visible"": 13, ""bbox_ar"": 2.438872827567873}"
V2_ORIGINAL::IMG_004050,d8438107d83700364347ad3c26d071f64fe0431d0dcd4e5b8e60199876d4a51d,0,0.9107867479324341,628.6058349609375,499.95501708984375,1339.82275390625,942.1406860351562,0.15166373894148202,primary,"[[1239.368896484375,561.36474609375,0.6892057061195374],[1241.9111328125,552.705078125,0.2516975998878479],[1241.0758056640625,547.9359741210938,0.5804994702339172],[1220.35498046875,546.728271484375,0.28216686844825745],[1229.123779296875,546.43017578125,0.6395405530929565],[1157.1531982421875,569.0999145507812,0.9450617432594299],[1201.3702392578125,579.1911010742188,0.9924526810646057],[1130.36328125,613.2449951171875,0.83460932970047],[1255.9183349609375,661.6527709960938,0.9882403612136841],[1192.23388671875,657.0271606445312,0.8388828039169312],[1322.452880859375,718.8591918945312,0.9671930074691772],[973.4619140625,649.9515991210938,0.9919420480728149],[989.2998046875,640.102294921875,0.9968339800834656],[942.0621337890625,691.6644897460938,0.9861348271369934],[905.5419311523438,690.72802734375,0.9942482709884644],[836.6614990234375,828.6372680664062,0.9694008827209473],[768.520751953125,831.3187866210938,0.9820919632911682]]",GEOM_LYING,"{""torso_angle"": 160.2923436474568, ""shoulder_hip_dy"": 0.1602979114588869, ""y_band_ratio"": 0.5930062652092475, ""kp_mean_conf"": 0.8194236527470982, ""visible"": 17, ""bbox_ar"": 1.6084124133685402}"
V2_ORIGINAL::IMG_004051,d3a538a2a1e5d2abca0f6117f64111daa0d2f3084088fe1bb7ff074b429806f2,0,0.9081050753593445,366.84466552734375,537.5205688476562,1644.384521484375,1074.395263671875,0.3307671779960974,primary,"[[620.4288940429688,574.5260620117188,0.8097046613693237],[617.59375,557.3765258789062,0.6841512322425842],[601.77392578125,562.729248046875,0.34956488013267517],[611.5286865234375,574.04052734375,0.8573781251907349],[591.2763061523438,583.6156616210938,0.6417816281318665],[633.8375244140625,674.0092163085938,0.9991759657859802],[723.47412109375,625.4258422851562,0.9943974018096924],[595.0510864257812,802.24365234375,0.9936152696609497],[787.7822265625,658.3553466796875,0.9181367754936218],[483.541259765625,793.4987182617188,0.9614220261573792],[695.2754516601562,651.0029296875,0.8585309386253357],[939.2223510742188,718.8797607421875,0.9996138215065002],[990.4252319335938,723.8699340820312,0.9990687966346741],[1135.7244873046875,781.3582763671875,0.9993234872817993],[1195.451904296875,775.5889892578125,0.9986591339111328],[1390.29345703125,879.6480102539062,0.9963557720184326],[1399.389892578125,913.5440063476562,0.9947891235351562]]",GEOM_LYING,"{""torso_angle"": 14.057973403040101, ""shoulder_hip_dy"": 0.1334712155481571, ""y_band_ratio"": 0.5366581193714753, ""kp_mean_conf"": 0.8856275905581081, ""visible"": 17, ""bbox_ar"": 2.379586648939224}"
V2_ORIGINAL::IMG_004052,6329713947ec4d5b2cff88fe809abf4feb9e8d016de5890149a64527094f0b52,0,0.9215695261955261,597.0825805664062,371.48876953125,1456.133056640625,815.8339233398438,0.1840831963351391,primary,"[[684.0807495117188,604.0416870117188,0.7307311296463013],[676.7749633789062,578.9473266601562,0.7497893571853638],[670.7926025390625,596.1871948242188,0.2794358432292938],[703.1187744140625,513.6633911132812,0.8908461332321167],[674.1474609375,557.0545043945312,0.3789556920528412],[798.1027221679688,490.9790954589844,0.9981184005737305],[724.0277709960938,545.6060791015625,0.9728509783744812],[893.6390991210938,588.983154296875,0.9910203814506531],[771.8185424804688,652.21142578125,0.6975452899932861],[817.8982543945312,680.7451782226562,0.9586530327796936],[786.7630004882812,703.1635131835938,0.6224965453147888],[1037.459228515625,461.9372253417969,0.9982916712760925],[982.439453125,505.9860534667969,0.9927387833595276],[1162.85302734375,585.6046142578125,0.9956295490264893],[1143.591796875,635.9091186523438,0.9839239716529846],[1345.4879150390625,553.6930541992188,0.9787684082984924],[1342.621826171875,604.6734619140625,0.9533540606498718]]",GEOM_LYING,"{""torso_angle"": 7.853789365338761, ""shoulder_hip_dy"": 0.0772618933316081, ""y_band_ratio"": 0.3915242280002159, ""kp_mean_conf"": 0.8337146604762358, ""visible"": 17, ""bbox_ar"": 1.9332954769756836}"
V2_ORIGINAL::IMG_004053,62eed352082d639f7ec1da9a08bf8f4fd2709e3f427db78c21f125784c557919,0,0.9214024543762207,464.0028076171875,385.3865661621094,1396.6153564453125,932.48095703125,0.2460585910098571,primary,"[[768.9202880859375,607.8265380859375,0.8866727948188782],[759.6734619140625,570.0254516601562,0.8560130000114441],[736.642822265625,602.537353515625,0.4214455485343933],[785.81689453125,502.2813720703125,0.7952719926834106],[720.3035888671875,585.20654296875,0.1510179340839386],[848.7931518554688,456.1824645996094,0.9851410388946533],[860.8399658203125,565.8829345703125,0.9858548045158386],[917.714599609375,534.9254760742188,0.986336350440979],[717.6654052734375,654.5653076171875,0.9663926362991333],[807.9322509765625,680.6593017578125,0.9865967631340027],[610.5816650390625,665.4934692382812,0.976250171661377],[1163.23974609375,480.29986572265625,0.9976735711097717],[1181.241943359375,529.4703979492188,0.9974262118339539],[956.950927734375,652.7318725585938,0.9973036050796509],[1037.3206787109375,701.3338623046875,0.9960712194442749],[1273.8651123046875,769.5763549804688,0.9822624921798706],[1237.88525390625,814.937255859375,0.9808942675590515]]",GEOM_LYING,"{""torso_angle"": 1.1095107510794517, ""shoulder_hip_dy"": 0.011236758869446849, ""y_band_ratio"": 0.6557456944309562, ""kp_mean_conf"": 0.9248504042625427, ""visible"": 16, ""bbox_ar"": 1.70466479714137}"
V2_ORIGINAL::IMG_004054,6b30f078fd10835d53b923b3493e7405c7369707c233f93babed2ed9bce4d9a4,0,0.9359766244888306,648.0296630859375,234.15382385253906,1323.875244140625,792.0444946289062,0.18183253499027935,primary,"[[806.0542602539062,317.8267822265625,0.7070645093917847],[808.7734375,300.8654479980469,0.7420749068260193],[802.8568725585938,307.2567138671875,0.17033356428146362],[836.7643432617188,283.01861572265625,0.8722820281982422],[823.849365234375,297.2086486816406,0.14286865293979645],[883.7426147460938,297.9222412109375,0.9940645098686218],[871.56591796875,327.21905517578125,0.9581897258758545],[812.0531616210938,372.02838134765625,0.9895267486572266],[840.22802734375,420.7027587890625,0.7857227921485901],[730.0388793945312,400.6467590332031,0.9587160348892212],[762.8853149414062,404.20806884765625,0.7291085124015808],[1064.9071044921875,407.23773193359375,0.9979962706565857],[1031.4063720703125,424.8656005859375,0.9940745234489441],[1067.6197509765625,531.3197021484375,0.9960206151008606],[933.3856201171875,551.6380615234375,0.9879727363586426],[1237.1444091796875,658.6443481445312,0.9794122576713562],[1008.9236450195312,669.4711303710938,0.9616988897323608]]",GEOM_UPRIGHT_OR_LIMB_SUPPORTED,"{""torso_angle"": 31.25431708194183, ""shoulder_hip_dy"": 0.18548619557018375, ""y_band_ratio"": 0.6659887118081836, ""kp_mean_conf"": 0.9102616707483927, ""visible"": 15, ""bbox_ar"": 1.211430153714836}"
V2_ORIGINAL::IMG_004055,5a679c20b46a78140a1723a94372f44733409706248382250009951f8c54c5af,0,0.8992025852203369,397.30059814453125,490.3409729003906,1261.45361328125,1001.0585327148438,0.212836670137407,primary,"[[618.27490234375,563.2764892578125,0.7598627209663391],[622.8886108398438,555.8804931640625,0.6505172252655029],[627.1741943359375,544.07861328125,0.20081032812595367],[636.42626953125,559.5941162109375,0.8099172115325928],[662.3505249023438,526.048828125,0.3570123016834259],[677.2293701171875,592.613037109375,0.9988658428192139],[703.2521362304688,545.5528564453125,0.9791592359542847],[611.4127197265625,684.54345703125,0.9956603646278381],[703.0032348632812,618.777587890625,0.8232256174087524],[492.2339172363281,688.9754028320312,0.9788109064102173],[581.8863525390625,666.2467041015625,0.8004871010780334],[847.8081665039062,630.95751953125,0.9987534284591675],[879.827880859375,621.267822265625,0.9951292276382446],[874.4315795898438,701.0723876953125,0.99708491563797],[1029.4093017578125,669.2850952148438,0.990577220916748],[833.7319946289062,853.5253295898438,0.9824284911155701],[1136.043212890625,803.65234375,0.9651658535003662]]",GEOM_LYING,"{""torso_angle"": 18.188209238083626, ""shoulder_hip_dy"": 0.11166587681420824, ""y_band_ratio"": 0.6030191584883425, ""kp_mean_conf"": 0.8402039995964836, ""visible"": 17, ""bbox_ar"": 1.6920370144521188}"
V2_ORIGINAL::IMG_004056,5484e98bd9beb2564cdaa7f1895e38eca19d8ce2e1b14c9b4ca379bb63853c39,0,0.5716217160224915,742.39892578125,519.7870483398438,1182.2520751953125,757.598388671875,0.050444669662144774,primary,"[[1070.5628662109375,659.7942504882812,0.586911141872406],[1066.4642333984375,653.6199951171875,0.17778238654136658],[1072.0340576171875,652.468505859375,0.49465495347976685],[1068.861328125,615.4868774414062,0.09703473001718521],[1062.30419921875,618.9274291992188,0.48920878767967224],[1062.180908203125,595.3246459960938,0.9108937382698059],[1035.283935546875,602.1818237304688,0.9844040274620056],[1044.3626708984375,646.2219848632812,0.8560367226600647],[994.3613891601562,668.546875,0.9862245321273804],[1006.5628662109375,701.3704833984375,0.8846327662467957],[958.8330688476562,711.4144897460938,0.9753261804580688],[928.3665771484375,555.22705078125,0.9934682846069336],[907.23046875,546.9951171875,0.9973500967025757],[918.63671875,653.4194946289062,0.989246666431427],[879.3944091796875,653.4219970703125,0.9955581426620483],[824.2713012695312,636.183349609375,0.9720373153686523],[763.784423828125,640.8190307617188,0.9840379953384399]]",GEOM_LYING,"{""torso_angle"": 160.00536772256953, ""shoulder_hip_dy"": 0.20033590833973042, ""y_band_ratio"": 0.4475265129670423, ""kp_mean_conf"": 0.8733327567577363, ""visible"": 15, ""bbox_ar"": 1.8495886226449136}"
V2_ORIGINAL::IMG_004057,8d55ff9191c8345510d898d4ce7f4e102bc545da00a04d34b4348b44dbc30b49,0,0.9099917411804199,698.491455078125,513.51806640625,1407.7647705078125,861.158935546875,0.11891029698795777,primary,"[[1250.36376953125,641.256103515625,0.8652202486991882],[1250.0819091796875,634.2374877929688,0.33627453446388245],[1250.107177734375,629.6504516601562,0.8179631233215332],[1244.7078857421875,597.1160278320312,0.1161261796951294],[1231.5345458984375,596.177490234375,0.7436563372612],[1212.92724609375,573.1810913085938,0.9601883888244629],[1194.0198974609375,586.576171875,0.9959753155708313],[1261.455322265625,596.7107543945312,0.8769298791885376],[1179.4864501953125,677.8919677734375,0.9959885478019714],[1342.9443359375,610.3623046875,0.8834707736968994],[1246.8939208984375,723.3805541992188,0.9867772459983826],[993.8871459960938,605.7044677734375,0.9942309856414795],[981.5084838867188,593.6224975585938,0.9983891248703003],[918.272705078125,720.9470825195312,0.979413628578186],[915.4134521484375,715.0629272460938,0.9941654205322266],[794.0760498046875,738.478515625,0.917454719543457],[775.0166015625,737.6632690429688,0.9603465795516968]]",GEOM_LYING,"{""torso_angle"": 174.76110023792336, ""shoulder_hip_dy"": 0.05691175241601279, ""y_band_ratio"": 0.4754832903421991, ""kp_mean_conf"": 0.8941528033465147, ""visible"": 16, ""bbox_ar"": 2.0402472159934044}"
V2_ORIGINAL::IMG_004058,68912e9f3ab5ff7d86ad8b23771f54ae9d1c88fec150a78a012c04b3c15edf4f,0,0.9207276701927185,307.2173767089844,392.1536865234375,1367.3375244140625,875.4754638671875,0.2470964284272459,primary,"[[1222.7191162109375,597.6773071289062,0.5499666333198547],[1221.056396484375,590.6533813476562,0.23005737364292145],[1223.2532958984375,582.5084838867188,0.28297844529151917],[1224.6192626953125,534.4888916015625,0.280531108379364],[1214.6202392578125,527.3150024414062,0.3459484279155731],[1212.3282470703125,503.65045166015625,0.9765980243682861],[1160.646728515625,482.1591796875,0.9880812168121338],[1208.1302490234375,571.9896240234375,0.9435184001922607],[1090.66064453125,577.562255859375,0.9783136248588562],[1197.4669189453125,671.439697265625,0.9441720247268677],[1122.046142578125,711.4617919921875,0.9592815041542053],[923.9268188476562,461.9206237792969,0.9989527463912964],[899.8509521484375,431.87786865234375,0.999203622341156],[738.7396240234375,656.10888671875,0.9986490607261658],[838.6825561523438,637.4646606445312,0.9989718198776245],[521.4181518554688,707.2495727539062,0.9950898885726929],[686.8074340820312,706.182861328125,0.9958184361457825]]",GEOM_LYING,"{""torso_angle"": 170.48913685573865, ""shoulder_hip_dy"": 0.09518621261149496, ""y_band_ratio"": 0.5697481822874941, ""kp_mean_conf"": 0.7921254328068565, ""visible"": 17, ""bbox_ar"": 2.1934044717192522}"
V2_ORIGINAL::IMG_004059,739161dbbfddb42ee17f17a670b0cdbc70de120b7796ccd7720ee8a9d1d8212d,0,0.9302269220352173,759.5546875,413.2094421386719,1518.0548095703125,710.3671875,0.10869704192260138,primary,"[[849.6236572265625,514.2289428710938,0.2724958062171936],[849.5138549804688,504.2406005859375,0.25379762053489685],[852.381591796875,505.61767578125,0.03356102108955383],[863.6544799804688,483.0956115722656,0.6383468508720398],[865.3330688476562,485.6781921386719,0.05595625564455986],[891.2109985351562,470.9568176269531,0.9920485615730286],[900.54150390625,489.15252685546875,0.9383209347724915],[886.9692993164062,515.6636962890625,0.9927499294281006],[862.1841430664062,543.123046875,0.8311514258384705],[814.2886962890625,565.4240112304688,0.9752210974693298],[809.3866577148438,560.8724975585938,0.8095210790634155],[1088.3876953125,504.2441711425781,0.9993463158607483],[1093.6136474609375,524.9675903320312,0.997857391834259],[1136.962158203125,615.3065185546875,0.998569130897522],[1172.5062255859375,624.9283447265625,0.9955025315284729],[1350.8197021484375,621.635009765625,0.9933143258094788],[1370.035400390625,612.9182739257812,0.9874052405357361]]",GEOM_LYING,"{""torso_angle"": 10.041433078977178, ""shoulder_hip_dy"": 0.11627227974179608, ""y_band_ratio"": 0.5181474469473718, ""kp_mean_conf"": 0.8450432161490122, ""visible"": 15, ""bbox_ar"": 2.552516748799586}"
V2_ORIGINAL::IMG_004060,19d4936d216437d25279b52eb0280761729d18816227652dec371e24ae7ee99d,0,0.9191104173660278,508.7083740234375,397.1421203613281,1460.170654296875,739.7230834960938,0.15719177486616248,primary,"[[634.099609375,661.7921142578125,0.875744640827179],[612.7892456054688,641.771484375,0.7906183004379272],[617.623046875,667.689208984375,0.6203868389129639],[606.6434326171875,592.9850463867188,0.8126766085624695],[608.8871459960938,654.3688354492188,0.6232306957244873],[698.4336547851562,526.8349609375,0.9980863332748413],[696.2450561523438,629.6032104492188,0.9864439368247986],[882.7652587890625,488.98968505859375,0.9945400357246399],[879.9076538085938,639.4927368164062,0.932891845703125],[935.9771118164062,593.8737182617188,0.9817069172859192],[951.2269287109375,676.2422485351562,0.9043655395507812],[957.74365234375,467.3014831542969,0.9986104965209961],[952.6534423828125,533.7999877929688,0.9960564374923706],[1139.683349609375,541.2410888671875,0.9944068193435669],[1144.033447265625,623.1145629882812,0.9872915744781494],[1325.6927490234375,546.3123779296875,0.9674121737480164],[1343.40673828125,632.022216796875,0.9474115967750549]]",GEOM_LYING,"{""torso_angle"": 16.762537945804638, ""shoulder_hip_dy"": 0.22671531280964125, ""y_band_ratio"": 0.4808227875107577, ""kp_mean_conf"": 0.9065812230110168, ""visible"": 17, ""bbox_ar"": 2.7773355284168204}"
V2_ORIGINAL::IMG_004061,6e124de18d12ec3eea5142bf50c80b334edefcd5d34dfc410ef75fd60405655c,0,0.9221083521842957,562.03271484375,417.04339599609375,1409.0767822265625,941.0407104492188,0.21404746167633373,primary,"[[797.9485473632812,578.9772338867188,0.9235457181930542],[790.5635986328125,549.4802856445312,0.8950298428535461],[775.72802734375,574.849609375,0.6126729249954224],[809.051513671875,493.41961669921875,0.8983813524246216],[768.3777465820312,557.6829833984375,0.36360666155815125],[871.267822265625,461.01739501953125,0.9939308166503906],[869.9555053710938,553.3472900390625,0.9930480122566223],[971.8831787109375,512.1527709960938,0.9863277673721313],[779.2493286132812,601.6812744140625,0.9680489897727966],[939.6939697265625,689.1068725585938,0.978557288646698],[673.01513671875,632.5052490234375,0.963972806930542],[1135.36279296875,504.193359375,0.9978641867637634],[1142.4085693359375,551.312255859375,0.9974642992019653],[1051.255615234375,683.4920043945312,0.9949197173118591],[1116.9246826171875,738.220703125,0.993046224117279],[1300.9833984375,778.9473266601562,0.9599097371101379],[1295.244140625,826.8057861328125,0.9568060040473938]]",GEOM_LYING,"{""torso_angle"": 4.384692735870434, ""shoulder_hip_dy"": 0.03925681395783334, ""y_band_ratio"": 0.6980730263761751, ""kp_mean_conf"": 0.9104195500121397, ""visible"": 17, ""bbox_ar"": 1.6165045965299238}"
V2_ORIGINAL::IMG_004062,e62e16f8fb837016a69468b137086d3495628988ef8717a9c6b8d14eecc2e0e4,0,0.9139228463172913,543.7723999023438,473.5711669921875,1258.6485595703125,1010.7872314453125,0.18520590136390336,primary,"[[1203.2545166015625,488.3924865722656,0.6474873423576355],[1216.759765625,488.6968994140625,0.2894163429737091],[1208.7376708984375,474.0426940917969,0.46719980239868164],[1233.843017578125,512.1436157226562,0.0976821556687355],[1197.2540283203125,478.2021789550781,0.24559327960014343],[1212.6727294921875,551.005615234375,0.9014561772346497],[1124.0819091796875,514.8429565429688,0.9783684015274048],[1277.1278076171875,589.723388671875,0.8483198285102844],[1010.5335083007812,533.8060913085938,0.978628396987915],[1352.473388671875,649.8104248046875,0.8519567251205444],[912.9417114257812,526.2778930664062,0.9597287774085999],[1122.523681640625,645.71337890625,0.9990628361701965],[1046.9205322265625,619.220703125,0.9995446801185608],[1113.01416015625,771.2830810546875,0.9994650483131409],[871.4024658203125,733.5755004882812,0.9997181296348572],[1076.8685302734375,909.3561401367188,0.998978853225708],[701.2457885742188,829.650146484375,0.99934321641922]]",GEOM_UPRIGHT_OR_LIMB_SUPPORTED,"{""torso_angle"": 130.04351864081772, ""shoulder_hip_dy"": 0.18529370529581168, ""y_band_ratio"": 0.7343659464006468, ""kp_mean_conf"": 0.8227667398750782, ""visible"": 16, ""bbox_ar"": 1.3307051053949739}"
V2_ORIGINAL::IMG_004063,bbf1df2f25f5b2702af333b76b4a08995937d5989b427028174f4e7b126338d7,0,0.8885785341262817,422.5994567871094,393.15618896484375,1253.5552978515625,846.8564453125,0.18181176606120983,primary,"[[1229.9849853515625,440.0419006347656,0.7176045775413513],[1231.869384765625,433.02154541015625,0.2575019299983978],[1233.4320068359375,425.17449951171875,0.5901790857315063],[1212.1904296875,428.9974670410156,0.20503513514995575],[1218.6954345703125,418.709228515625,0.6641327738761902],[1154.3697509765625,466.04974365234375,0.9675232172012329],[1181.86279296875,458.41534423828125,0.9953824877738953],[1098.86865234375,538.5673828125,0.8962526917457581],[1196.1995849609375,562.1260986328125,0.9921340942382812],[1132.0335693359375,616.2590942382812,0.8724715709686279],[1207.2471923828125,655.59521484375,0.9739832282066345],[979.2273559570312,570.3576049804688,0.9983425140380859],[973.0380249023438,550.0006103515625,0.9993143081665039],[914.2513427734375,667.1156616210938,0.9970166683197021],[792.1250610351562,653.5222778320312,0.9986103773117065],[779.3287963867188,751.8425903320312,0.9921715259552002],[570.7002563476562,736.66064453125,0.9950141310691833]]",GEOM_UPRIGHT_OR_LIMB_SUPPORTED,"{""torso_angle"": 152.97014453648464, ""shoulder_hip_dy"": 0.215883862418737, ""y_band_ratio"": 0.6467425177492205, ""kp_mean_conf"": 0.8301570774877772, ""visible"": 17, ""bbox_ar"": 1.8315084231024057}"
V2_ORIGINAL::IMG_004064,0f93f5393507cd1a609576151a94cf082b5e3633e185ce328026a5784947c561,0,0.8959554433822632,413.1560974121094,454.1531982421875,1189.0313720703125,876.944091796875,0.15819492701568783,primary,"[[638.4313354492188,525.7420654296875,0.1404648721218109],[629.0650634765625,517.72607421875,0.09891177713871002],[650.8989868164062,510.90997314453125,0.01173786073923111],[619.4891967773438,506.21881103515625,0.6639297008514404],[685.3865356445312,482.2048034667969,0.16565120220184326],[651.2501220703125,529.6051025390625,0.9990886449813843],[747.997314453125,467.0131530761719,0.9403938055038452],[614.5999145507812,623.5592651367188,0.9982695579528809],[847.2332763671875,505.12298583984375,0.6989099979400635],[489.84539794921875,612.2413940429688,0.9852719306945801],[821.6083374023438,526.9406127929688,0.6235178112983704],[840.5420532226562,565.5521850585938,0.9996059536933899],[896.6669311523438,549.9400634765625,0.9968838095664978],[902.6231689453125,678.0745239257812,0.9981809854507446],[975.7617797851562,643.9554443359375,0.9881565570831299],[1010.0011596679688,714.2930908203125,0.9827425479888916],[1109.4263916015625,682.2091674804688,0.9434536695480347]]",GEOM_LYING,"{""torso_angle"": 19.378722016742884, ""shoulder_hip_dy"": 0.14058248975098334, ""y_band_ratio"": 0.5848752693443603, ""kp_mean_conf"": 0.9091080748117887, ""visible"": 13, ""bbox_ar"": 1.8351276871999245}"
V2_ORIGINAL::IMG_004065,5c2f3bc886da280fa8217ae4bc973dd735037fad49ec0e1617b0cf9421be1d24,0,0.8948021531105042,684.6013793945312,481.692626953125,1209.3228759765625,943.9733276367188,0.11697946619583591,primary,"[[1053.0177001953125,533.5691528320312,0.14949512481689453],[1053.4300537109375,521.6705322265625,0.18689854443073273],[1059.4749755859375,524.6185913085938,0.013317413628101349],[1075.909423828125,517.5741577148438,0.6163628101348877],[1097.498291015625,524.0823364257812,0.022683991119265556],[1091.5357666015625,541.0759887695312,0.9741687178611755],[1132.3892822265625,556.7975463867188,0.8269380331039429],[982.8911743164062,622.9993286132812,0.9870612621307373],[1050.892333984375,652.6023559570312,0.7307504415512085],[859.7150268554688,697.1845092773438,0.9755256175994873],[921.3894653320312,682.623779296875,0.7742796540260315],[1113.8448486328125,677.1572265625,0.9977939128875732],[1130.7685546875,673.8259887695312,0.9926900267601013],[1003.9085083007812,717.3757934570312,0.9973161816596985],[961.2945556640625,721.9758911132812,0.9904474020004272],[985.327880859375,853.7130126953125,0.9907206296920776],[871.3064575195312,846.2764892578125,0.9804760813713074]]",GEOM_UPRIGHT_OR_LIMB_SUPPORTED,"{""torso_angle"": 85.3272186804347, ""shoulder_hip_dy"": 0.2737618938033725, ""y_band_ratio"": 0.676292614992302, ""kp_mean_conf"": 0.9103485208291274, ""visible"": 13, ""bbox_ar"": 1.135071171706073}"
V2_ORIGINAL::IMG_004066,da621cc3e61d215a22c281bfb8d53cba5d73c234a7109c2f85b8ea76a3486037,0,0.89033043384552,622.5238647460938,530.653564453125,1216.5562744140625,1039.1046142578125,0.14565798722689377,primary,"[[1098.3135986328125,635.0310668945312,0.07542851567268372],[1088.726806640625,628.8350830078125,0.0036271424032747746],[1102.37548828125,623.2637939453125,0.08962385356426239],[1057.24169921875,625.9808349609375,0.0057950569316744804],[1086.50244140625,613.5540161132812,0.5705615878105164],[1043.395263671875,668.3999633789062,0.8363874554634094],[1059.1920166015625,637.5181884765625,0.985420286655426],[1075.7471923828125,750.614501953125,0.6726160049438477],[1079.0064697265625,717.432861328125,0.9923654198646545],[1146.6856689453125,803.314697265625,0.6796572208404541],[1153.7088623046875,798.0075073242188,0.9772641658782959],[949.219482421875,762.51513671875,0.9977067708969116],[964.8670043945312,743.9745483398438,0.999453604221344],[941.385498046875,884.8811645507812,0.9966044425964355],[1004.0486450195312,862.79296875,0.9992334842681885],[738.46484375,941.0114135742188,0.9894880056381226],[829.0734252929688,927.6390991210938,0.9957247972488403]]",GEOM_UPRIGHT_OR_LIMB_SUPPORTED,"{""torso_angle"": 133.2230021737041, ""shoulder_hip_dy"": 0.19723780025645637, ""y_band_ratio"": 0.5968976270463751, ""kp_mean_conf"": 0.8994217881789575, ""visible"": 13, ""bbox_ar"": 1.1683177955796449}"
V2_ORIGINAL::IMG_004067,145e156c1caf26aa510910deff6d1c00dd82d5a67a28768b11caca8386ced559,0,0.648164689540863,620.45361328125,591.7507934570312,1183.0894775390625,796.8388061523438,0.05564712156237672,primary,"[[725.6260986328125,671.5122680664062,0.7280523777008057],[727.56005859375,661.062255859375,0.6845307946205139],[724.1473999023438,664.356689453125,0.27645301818847656],[745.0160522460938,642.7589721679688,0.7082467675209045],[728.5111083984375,646.5455932617188,0.2134033441543579],[779.5277709960938,646.5377807617188,0.9917250871658325],[764.4885864257812,653.7298583984375,0.9463649392127991],[753.4183959960938,678.144775390625,0.9875779747962952],[748.934814453125,683.1500244140625,0.7826449871063232],[656.94677734375,707.4664306640625,0.9702113270759583],[678.7622680664062,696.82763671875,0.8105806112289429],[971.0836181640625,647.6543579101562,0.9968898892402649],[954.4418334960938,661.4932250976562,0.9910036325454712],[1008.4940185546875,749.91943359375,0.9930837154388428],[1008.136474609375,752.22216796875,0.9803358912467957],[1151.2188720703125,731.6210327148438,0.9735903143882751],[1150.6256103515625,722.0716552734375,0.952019214630127]]",GEOM_LYING,"{""torso_angle"": 1.3333665227244573, ""shoulder_hip_dy"": 0.021649105013389236, ""y_band_ratio"": 0.5153123569637417, ""kp_mean_conf"": 0.8227478756624109, ""visible"": 17, ""bbox_ar"": 2.743387372394545}"
V2_ORIGINAL::IMG_004068,4b0f60f00bb5d135540bb23d2cfa20481a1b0c9da02f09c5c7de0abe90f61761,0,0.9078544974327087,740.4557495117188,395.66290283203125,1471.640625,975.7593383789062,0.20455137924215738,primary,"[[994.1517944335938,492.69708251953125,0.31205907464027405],[986.3490600585938,473.06781005859375,0.272909551858902],[988.9651489257812,480.3058776855469,0.018512701615691185],[999.2543334960938,434.60504150390625,0.9053143858909607],[1027.0927734375,453.4332275390625,0.132206991314888],[1056.672607421875,437.9317321777344,0.9995214939117432],[1139.6964111328125,456.8349609375,0.988378643989563],[937.51611328125,510.89239501953125,0.9986844658851624],[1275.5328369140625,534.6124267578125,0.9188104271888733],[843.1030883789062,573.8492431640625,0.9909791946411133],[1348.9566650390625,528.8214111328125,0.8584728837013245],[1188.6763916015625,518.1358642578125,0.9999055862426758],[1254.7349853515625,527.6187744140625,0.9995781779289246],[1051.529296875,690.7659912109375,0.9996832609176636],[1306.125244140625,720.2140502929688,0.9988059997558594],[975.4522705078125,814.7542114257812,0.9956130981445312],[1400.930419921875,863.9761962890625,0.9904449582099915]]",GEOM_UPRIGHT_OR_LIMB_SUPPORTED,"{""torso_angle"": 31.432540125538246, ""shoulder_hip_dy"": 0.1301403838262681, ""y_band_ratio"": 0.7344373073240533, ""kp_mean_conf"": 0.8819440801938375, ""visible"": 15, ""bbox_ar"": 1.2604540050293025}"
V2_ORIGINAL::IMG_004069,f0119f65ad035e78e986a6e92519d01dbe2133459c902b93af98639fe24fcd1a,0,0.8719319701194763,628.0341186523438,659.6654663085938,1385.9296875,951.7490844726562,0.10675582558812392,primary,"[[704.55078125,819.1367797851562,0.8220465183258057],[695.940185546875,807.3618774414062,0.8087401390075684],[704.3532104492188,813.9867553710938,0.3307455778121948],[701.6165771484375,777.795654296875,0.8156229853630066],[710.1401977539062,790.0977783203125,0.19952256977558136],[754.9567260742188,750.501708984375,0.9976097345352173],[752.7817993164062,778.2655029296875,0.9269332885742188],[799.7274169921875,801.0570068359375,0.9962887763977051],[771.9970703125,838.8165893554688,0.69384765625],[759.4016723632812,871.3460693359375,0.9843562245368958],[729.0386962890625,880.5850219726562,0.7261319160461426],[976.3182373046875,712.890380859375,0.9962831139564514],[972.96044921875,746.07373046875,0.9770433306694031],[1141.331787109375,751.77685546875,0.9847990870475769],[1147.7373046875,784.2031860351562,0.9245588779449463],[1311.8250732421875,760.4482421875,0.9279921054840088],[1311.3594970703125,787.1407470703125,0.8184910416603088]]",GEOM_LYING,"{""torso_angle"": 8.983543997152012, ""shoulder_hip_dy"": 0.11949163911467521, ""y_band_ratio"": 0.2542092797865551, ""kp_mean_conf"": 0.8582181483507156, ""visible"": 16, ""bbox_ar"": 2.59478971676511}"
V2_ORIGINAL::IMG_004070,c27370d0f1c4f96f05871e8134b8c33126330b4901a9172fcaa1034597aeb759,0,0.7780258059501648,438.6728210449219,440.137939453125,1349.8779296875,768.7864379882812,0.1444184947979105,primary,"[[494.4017028808594,533.5082397460938,0.6180368661880493],[489.6357421875,523.6926879882812,0.5999603271484375],[498.74835205078125,524.7533569335938,0.19987888634204865],[491.2268371582031,532.951171875,0.8175966739654541],[519.7360229492188,528.1084594726562,0.32363101840019226],[545.1004638671875,572.3370971679688,0.9951735138893127],[574.5801391601562,566.637451171875,0.9444167613983154],[562.9475708007812,648.9957885742188,0.977627158164978],[617.7833251953125,627.9760131835938,0.6273520588874817],[536.2872314453125,711.142822265625,0.8689630031585693],[585.9422607421875,656.1936645507812,0.5200303792953491],[835.2550048828125,559.6969604492188,0.9894527196884155],[849.0245971679688,587.9965209960938,0.9661834836006165],[1115.2991943359375,551.3648681640625,0.9673040509223938],[1119.431640625,573.6165161132812,0.9227255582809448],[1275.3599853515625,599.9602661132812,0.914563000202179],[1281.8323974609375,617.13623046875,0.8644179105758667]]",GEOM_LYING,"{""torso_angle"": 0.8847312239489149, ""shoulder_hip_dy"": 0.013264830273575808, ""y_band_ratio"": 0.20012676947511382, ""kp_mean_conf"": 0.8073396552354097, ""visible"": 16, ""bbox_ar"": 2.7725826002673934}"
V2_ORIGINAL::IMG_004071,05b1b4f1a63222037efc034cc5b772813078ba137841efc7d82be001cb5acf69,0,0.8350125551223755,763.2500610351562,154.92864990234375,1347.0648193359375,663.6082763671875,0.14321695272815607,primary,"[[794.9296875,213.41761779785156,0.44031891226768494],[795.135498046875,204.80209350585938,0.20157398283481598],[801.3063354492188,193.72215270996094,0.18678143620491028],[798.3397216796875,198.90838623046875,0.5285988450050354],[832.1856079101562,169.12985229492188,0.5384129881858826],[797.5931396484375,242.77365112304688,0.9848347902297974],[920.79150390625,172.62315368652344,0.989158034324646],[813.2882690429688,333.75970458984375,0.8870439529418945],[1039.60546875,224.99473571777344,0.9550559520721436],[840.7750854492188,338.7232666015625,0.7497790455818176],[1119.863525390625,301.2581481933594,0.8754821419715881],[936.8836669921875,303.4870910644531,0.9966827034950256],[1025.4700927734375,280.4916687011719,0.9978824257850647],[939.8936157226562,448.0367431640625,0.993217408657074],[1142.4810791015625,401.6455078125,0.9961846470832825],[942.22119140625,534.4767456054688,0.9743097424507141],[1207.1102294921875,498.2003173828125,0.9832929968833923]]",GEOM_UPRIGHT_OR_LIMB_SUPPORTED,"{""torso_angle"": 34.64436110162701, ""shoulder_hip_dy"": 0.16570543244246272, ""y_band_ratio"": 0.711358531171592, ""kp_mean_conf"": 0.8182392856106162, ""visible"": 16, ""bbox_ar"": 1.1477061944825704}"
V2_ORIGINAL::IMG_004071,05b1b4f1a63222037efc034cc5b772813078ba137841efc7d82be001cb5acf69,1,0.5604183673858643,0.0,5.979949951171875,639.347900390625,581.1954956054688,0.1773547701514865,primary,"[[215.57118225097656,0.0,0.04331222176551819],[183.15408325195312,0.0,0.0021404854487627745],[225.10670471191406,0.0,0.0768793448805809],[53.84564208984375,0.0,0.025834595784544945],[228.36146545410156,0.0,0.8822140097618103],[0.0,107.10857391357422,0.5997048616409302],[308.4450378417969,120.87535858154297,0.9640489220619202],[100.34191131591797,317.687255859375,0.12156341224908829],[508.3713073730469,324.6937255859375,0.924713134765625],[287.4034423828125,202.7972869873047,0.09273996204137802],[442.2961120605469,200.4285888671875,0.7706093788146973],[127.34381103515625,527.2398071289062,0.4848605990409851],[342.654052734375,550.6085815429688,0.8373247981071472],[430.6033630371094,337.4844665527344,0.4931255578994751],[598.0059814453125,342.7010803222656,0.873238742351532],[447.9612121582031,629.3466796875,0.4502965211868286],[571.9801025390625,621.6941528320312,0.7363370060920715]]",GEOM_UPRIGHT_OR_LIMB_SUPPORTED,"{""torso_angle"": 79.23691995826225, ""shoulder_hip_dy"": 0.738735646660986, ""y_band_ratio"": 0.9078998467954995, ""kp_mean_conf"": 0.7287703210657294, ""visible"": 11, ""bbox_ar"": 1.1114927355855426}"
V2_ORIGINAL::IMG_004073,7f85564bcb6fd735166050f0605b6719600ab691613a1115ca3fe423ad1fbf60,0,0.9325640797615051,706.3390502929688,413.0131530761719,1758.9449462890625,962.661865234375,0.2790140215781175,primary,"[[1024.335693359375,473.7517395019531,0.04199240356683731],[1038.25830078125,460.51318359375,0.054107848554849625],[1050.726806640625,470.8370361328125,0.0020945139694958925],[1048.8585205078125,469.7362060546875,0.8760634660720825],[1119.0892333984375,485.1804504394531,0.03137369081377983],[978.0430908203125,496.6765441894531,0.9956575632095337],[1166.5506591796875,533.20947265625,0.9001424908638],[800.6950073242188,539.4347534179688,0.9899241328239441],[1176.1473388671875,619.148193359375,0.44778791069984436],[762.8347778320312,568.9556274414062,0.9060899615287781],[1128.9798583984375,663.19921875,0.24049194157123566],[1034.7359619140625,630.1251220703125,0.9991740584373474],[1181.6434326171875,648.0410766601562,0.9956670999526978],[1002.6450805664062,737.5151977539062,0.9983264803886414],[1348.3345947265625,760.240966796875,0.9927309155464172],[1147.513916015625,809.2390747070312,0.9919113516807556],[1635.97412109375,838.7833251953125,0.9810059070587158]]",GEOM_UPRIGHT_OR_LIMB_SUPPORTED,"{""torso_angle"": 73.87374781838344, ""shoulder_hip_dy"": 0.22585351006271817, ""y_band_ratio"": 0.6224098654985881, ""kp_mean_conf"": 0.8703825599872149, ""visible"": 13, ""bbox_ar"": 1.9150520554537869}"
V2_ORIGINAL::IMG_004074,967ed34a039e4037156c3a5aa25cb2a872e79cc7ad8cf5e588d2d12924e1d7d5,0,0.7745203375816345,456.8492431640625,334.234130859375,1086.0858154296875,617.1806640625,0.08586048740701015,primary,"[[1074.3958740234375,525.889404296875,0.10090289264917374],[1074.3636474609375,522.15185546875,0.07053523510694504],[1091.392822265625,515.8831787109375,0.027974657714366913],[1090.480224609375,503.5307922363281,0.33665192127227783],[1120.71826171875,490.4823303222656,0.08886931836605072],[1084.7496337890625,507.94757080078125,0.9170908331871033],[1087.8251953125,470.5685119628906,0.8671510815620422],[1050.364013671875,568.96826171875,0.7960715293884277],[1030.2193603515625,518.8436279296875,0.7538754343986511],[1088.06982421875,614.21875,0.6339332461357117],[1057.3330078125,538.0576171875,0.5644189119338989],[864.6995239257812,519.6676635742188,0.9894885420799255],[860.1421508789062,482.4418029785156,0.9868617653846741],[709.4248046875,551.0830688476562,0.9886339902877808],[706.7510375976562,524.9719848632812,0.9867677092552185],[486.65234375,561.037841796875,0.9801597595214844],[483.53387451171875,541.806396484375,0.9782423377037048]]",GEOM_LYING,"{""torso_angle"": 176.98357791152577, ""shoulder_hip_dy"": 0.041692300524009254, ""y_band_ratio"": 0.31974001875837504, ""kp_mean_conf"": 0.8291805432393, ""visible"": 13, ""bbox_ar"": 2.223870938238007}"
V2_ORIGINAL::IMG_004075,4749ea15173ecae9b6e8419327d00422c0250884826afc7d0b550f3d1508a8ff,0,0.9166551232337952,802.824462890625,375.9935302734375,1507.390869140625,927.7059326171875,0.18746046711173323,primary,"[[909.1140747070312,465.82452392578125,0.4498943090438843],[905.0338134765625,453.7823486328125,0.3767409026622772],[914.7163696289062,450.20684814453125,0.04438786581158638],[909.4802856445312,430.716552734375,0.9214091300964355],[966.1089477539062,420.6988525390625,0.25791746377944946],[927.6464233398438,446.8255920410156,0.9992846846580505],[1068.901611328125,409.3094177246094,0.9913960099220276],[841.058349609375,535.8081665039062,0.9962596893310547],[1184.1888427734375,457.1119079589844,0.9193879961967468],[840.42578125,490.775146484375,0.9727160334587097],[1158.0933837890625,410.1580810546875,0.8148195743560791],[1062.157470703125,512.2110595703125,0.9997226595878601],[1173.6107177734375,504.2861328125,0.9991804957389832],[1009.2581176757812,675.6407470703125,0.9988872408866882],[1300.0345458984375,671.1077270507812,0.9973030090332031],[1000.9176635742188,785.8456420898438,0.9874305725097656],[1454.3182373046875,806.5802001953125,0.9798130989074707]]",GEOM_UPRIGHT_OR_LIMB_SUPPORTED,"{""torso_angle"": 33.83608089683256, ""shoulder_hip_dy"": 0.1453313193032701, ""y_band_ratio"": 0.720068609628934, ""kp_mean_conf"": 0.8538851793855429, ""visible"": 16, ""bbox_ar"": 1.2770537752222086}"
V2_ORIGINAL::IMG_004076,2593e27c2a3553c972ec437b1d44c2ce43fb21de8b8a1465da02e70ccd9fb748,0,0.3014906346797943,916.827392578125,370.9302978515625,1379.3572998046875,604.2185668945312,0.05203645902656717,primary,"[[1053.7269287109375,405.3681335449219,0.40476366877555847],[1056.2003173828125,397.5048522949219,0.3930206000804901],[1056.92822265625,397.4657897949219,0.08215293288230896],[1066.959228515625,395.3683776855469,0.8322967290878296],[1080.6268310546875,393.9922790527344,0.15928901731967926],[1054.56884765625,424.6875,0.9924042820930481],[1143.4530029296875,414.8255310058594,0.9519943594932556],[999.5546875,471.5556335449219,0.9835096001625061],[1256.600341796875,455.92449951171875,0.8226196765899658],[967.6140747070312,494.34625244140625,0.9553718566894531],[1343.856689453125,461.45343017578125,0.769490122795105],[1136.03955078125,454.7494812011719,0.9956264495849609],[1193.9208984375,453.97222900390625,0.9890407919883728],[1114.52490234375,522.8228149414062,0.986344575881958],[1256.118896484375,522.9512329101562,0.9691875576972961],[1151.47314453125,519.97119140625,0.9390139579772949],[1343.9744873046875,526.7699584960938,0.9048671722412109]]",GEOM_UPRIGHT_OR_LIMB_SUPPORTED,"{""torso_angle"": 27.679354769945295, ""shoulder_hip_dy"": 0.1483329605109106, ""y_band_ratio"": 0.47985450768472043, ""kp_mean_conf"": 0.8593034267425537, ""visible"": 15, ""bbox_ar"": 1.9826539462272332}"
V2_ORIGINAL::IMG_004077,b6f296d8a7aa82b277c369a2b321956993c64ad3e6f4b3c7328294c2719d315e,0,0.815758228302002,629.0679931640625,458.4804382324219,1267.619140625,895.3612060546875,0.13453448861715042,primary,"[[1062.249755859375,498.28472900390625,0.06627527624368668],[1054.42919921875,490.468505859375,0.00568855507299304],[1063.813232421875,489.0148620605469,0.07026699185371399],[1014.6853637695312,478.7928771972656,0.02639967016875744],[1046.7132568359375,480.0471496582031,0.46202510595321655],[970.566650390625,497.48944091796875,0.7758731842041016],[1028.955322265625,484.1092529296875,0.9849623441696167],[987.7830200195312,553.2523803710938,0.6315167546272278],[1106.482177734375,520.9588623046875,0.9917137622833252],[1098.2567138671875,566.67333984375,0.6964354515075684],[1209.2113037109375,565.5405883789062,0.974587619304657],[875.7427368164062,582.0860595703125,0.995278000831604],[919.0950317382812,572.6232299804688,0.9989550113677979],[833.9199829101562,683.4738159179688,0.9929755926132202],[931.4769287109375,676.8255004882812,0.9983996748924255],[742.4317016601562,744.6659545898438,0.9828677177429199],[880.3897705078125,759.6202392578125,0.9932945370674133]]",GEOM_UPRIGHT_OR_LIMB_SUPPORTED,"{""torso_angle"": 139.7773032441815, ""shoulder_hip_dy"": 0.1981210989969131, ""y_band_ratio"": 0.6306319861628928, ""kp_mean_conf"": 0.8829911351203918, ""visible"": 13, ""bbox_ar"": 1.4616142309123494}"
V2_ORIGINAL::IMG_004078,bb6ced4cdb8a21b8e00a65a3918e247e8f0fd101a11fdbf5d207a3b33a48cc57,0,0.9156294465065002,225.82809448242188,453.60919189453125,967.6357421875,1015.6983032226562,0.2010812121310543,primary,"[[867.7709350585938,513.534912109375,0.4758702218532562],[870.2598876953125,509.4906921386719,0.12917688488960266],[876.2259521484375,499.6355895996094,0.25941309332847595],[865.62158203125,503.86907958984375,0.07681659609079361],[862.3114624023438,484.0445251464844,0.24879202246665955],[837.1527709960938,521.3784790039062,0.9559264183044434],[793.0281982421875,493.0231018066406,0.9802592992782593],[897.6670532226562,560.7001342773438,0.9595261216163635],[764.4317016601562,524.3355102539062,0.9845815300941467],[945.5242309570312,624.6690673828125,0.9608667492866516],[724.2097778320312,555.67041015625,0.9754539132118225],[691.4696655273438,619.0392456054688,0.9995936751365662],[639.1451416015625,593.1051635742188,0.9996911287307739],[666.280517578125,708.6729125976562,0.9997358918190002],[453.1729431152344,679.1774291992188,0.99978107213974],[697.2596435546875,890.6759033203125,0.9991496801376343],[362.192626953125,840.3017578125,0.9992250204086304]]",GEOM_UPRIGHT_OR_LIMB_SUPPORTED,"{""torso_angle"": 146.57130387111775, ""shoulder_hip_dy"": 0.1758998923692958, ""y_band_ratio"": 0.7074550876356297, ""kp_mean_conf"": 0.8531910558541616, ""visible"": 15, ""bbox_ar"": 1.319733175318603}"
V2_ORIGINAL::IMG_004079,44636d1b9c57594ac54a1a4912e5cf63178ed66566510bbbf7fb5b1b1e874b88,0,0.9192754030227661,559.962890625,393.8507995605469,1556.6488037109375,1045.7838134765625,0.3133547700837921,primary,"[[1322.5361328125,489.1866760253906,0.0251615010201931],[1310.08203125,463.0959777832031,0.0039802296087145805],[1324.268310546875,477.05548095703125,0.015820017084479332],[1266.537109375,416.6371765136719,0.21449680626392365],[1332.0443115234375,463.11761474609375,0.479208767414093],[1224.4849853515625,457.17645263671875,0.9073508381843567],[1346.6038818359375,516.7684936523438,0.9945358037948608],[1128.9305419921875,517.905029296875,0.5755529403686523],[1403.8212890625,612.2202758789062,0.9850688576698303],[1212.9869384765625,548.5673217773438,0.5474928617477417],[1475.0357666015625,674.1991577148438,0.9289495944976807],[1058.976318359375,524.4544067382812,0.9975534081459045],[1162.21337890625,536.490478515625,0.9993886947631836],[868.189697265625,670.59033203125,0.9982579350471497],[1153.507568359375,715.176513671875,0.9995245933532715],[660.4190673828125,765.638671875,0.9949864149093628],[1111.064208984375,856.58056640625,0.997893750667572]]",GEOM_LYING,"{""torso_angle"": 166.03696290745665, ""shoulder_hip_dy"": 0.06672459984980252, ""y_band_ratio"": 0.6126459394507423, ""kp_mean_conf"": 0.830018661916256, ""visible"": 14, ""bbox_ar"": 1.5288164455717137}"
V2_ORIGINAL::IMG_004081,c1986b13f838a910c7e2958d9851f9d61140c6f9ef8011a98ce6454153f1c5e1,0,0.9048113226890564,728.6980590820312,483.837158203125,1229.750732421875,849.1181640625,0.08826438296012103,primary,"[[1075.9534912109375,515.6710815429688,0.7542927861213684],[1084.0751953125,511.55889892578125,0.47145876288414],[1070.58544921875,505.6553039550781,0.5287495851516724],[1089.2501220703125,530.61767578125,0.259097695350647],[1045.0364990234375,514.8709716796875,0.3070268929004669],[1090.088134765625,580.106689453125,0.9687239527702332],[997.114013671875,524.4548950195312,0.9614135026931763],[1141.2110595703125,644.4385375976562,0.9642171263694763],[970.8832397460938,501.35406494140625,0.9572347402572632],[1186.386474609375,652.6729736328125,0.9648730158805847],[1060.13525390625,471.6614074707031,0.9521676898002625],[1017.1055297851562,661.8034057617188,0.9956448078155518],[938.6942749023438,641.6199951171875,0.9945887327194214],[1065.1195068359375,674.9097900390625,0.9917859435081482],[883.4903564453125,654.5449829101562,0.990069568157196],[1093.3055419921875,772.0369873046875,0.978613018989563],[815.6076049804688,761.8163452148438,0.9756750464439392]]",GEOM_UPRIGHT_OR_LIMB_SUPPORTED,"{""torso_angle"": 123.45561602999044, ""shoulder_hip_dy"": 0.2722038830603847, ""y_band_ratio"": 0.6777852894449974, ""kp_mean_conf"": 0.8244489922243006, ""visible"": 17, ""bbox_ar"": 1.37169101404834}"
V2_ORIGINAL::IMG_004081,c1986b13f838a910c7e2958d9851f9d61140c6f9ef8011a98ce6454153f1c5e1,1,0.3102322220802307,1133.400634765625,20.853790283203125,1199.541259765625,162.5821075439453,0.0045206401831711885,background,[],GEOM_UNCERTAIN,null
V2_ORIGINAL::IMG_004081,c1986b13f838a910c7e2958d9851f9d61140c6f9ef8011a98ce6454153f1c5e1,2,0.29506394267082214,1123.690185546875,21.696178436279297,1239.4110107421875,296.1839904785156,0.015318265873641696,primary,[],GEOM_UNCERTAIN,null
P4D_PLAN::PF_P4D_POS_INTENTIONAL_G001_V01,8b0fbadb9fb89a02b640e21b4950e8c94228d301cbba11cd339683aa61983d93,0,0.8682941198348999,629.05322265625,479.23846435546875,1327.1483154296875,630.5996704101562,0.05095703857207102,primary,"[[712.2755126953125,508.42950439453125,0.8104021549224854],[711.4481201171875,500.3992614746094,0.5767867565155029],[704.6072998046875,507.3898620605469,0.7649660706520081],[714.4568481445312,510.78662109375,0.48242419958114624],[702.4872436523438,523.915283203125,0.7270010113716125],[757.576171875,526.6961059570312,0.9280382394790649],[752.7680053710938,562.264892578125,0.9869779944419861],[855.0796508789062,530.5621948242188,0.6310490965843201],[860.0435180664062,585.5914306640625,0.949944257736206],[911.619384765625,575.0804443359375,0.48995381593704224],[912.1799926757812,592.8885498046875,0.867220938205719],[945.8917236328125,535.6441650390625,0.9585590362548828],[940.5015258789062,568.4813842773438,0.9839199185371399],[1124.63671875,548.4100341796875,0.9060438871383667],[1117.8193359375,577.6182861328125,0.9663959741592407],[1251.0947265625,549.9112548828125,0.8799028992652893],[1256.06298828125,572.8118286132812,0.9423037767410278]]",GEOM_LYING,"{""torso_angle"": 2.3092577608503633, ""shoulder_hip_dy"": 0.050093915001479895, ""y_band_ratio"": 0.3364282136955412, ""kp_mean_conf"": 0.8148170604425318, ""visible"": 17, ""bbox_ar"": 4.6121137044931615}"
P4D_PLAN::PF_P4D_POS_INTENTIONAL_G001_V02,355569d277ac77bd23ae3beefbbd9c594a0185759fe83215040449066d8976a3,0,0.8067620992660522,846.9700927734375,406.179931640625,1388.2060546875,565.7076416015625,0.04163876039383467,primary,"[[990.0328369140625,527.7529907226562,0.47715499997138977],[986.5739135742188,518.7855834960938,0.4098280370235443],[989.1788330078125,525.169189453125,0.15650980174541473],[997.7603759765625,503.6173095703125,0.4040449261665344],[987.8671875,513.77587890625,0.0991726666688919],[1051.922119140625,495.25177001953125,0.9659090638160706],[1015.3504638671875,505.4517822265625,0.7410009503364563],[1055.820068359375,516.7924194335938,0.9696583151817322],[1000.0296630859375,515.8269653320312,0.5805426239967346],[939.8258666992188,539.1765747070312,0.9385606050491333],[914.8378295898438,534.7129516601562,0.6634057760238647],[1185.1483154296875,466.2336730957031,0.9735610485076904],[1157.947021484375,479.34173583984375,0.9181874990463257],[1282.37646484375,494.36932373046875,0.9145777821540833],[1263.46630859375,502.3442077636719,0.7830407023429871],[1345.310791015625,452.1275939941406,0.772459864616394],[1326.7838134765625,461.6905517578125,0.6324618458747864]]",GEOM_LYING,"{""torso_angle"": 11.302660359099583, ""shoulder_hip_dy"": 0.17278547822207735, ""y_band_ratio"": 0.33426285781623155, ""kp_mean_conf"": 0.7429596026738484, ""visible"": 15, ""bbox_ar"": 3.3927394936377597}"
P4D_PLAN::PF_P4D_POS_INTENTIONAL_G001_V03,03b6a8f53c3e8548d5fd1fce7dc1f10b9a72422206d3e9e6afe10c6ef4744328,0,0.8915550112724304,806.0209350585938,523.918212890625,1354.870361328125,835.43701171875,0.08245414448736012,primary,"[[880.4229125976562,539.797119140625,0.8932694792747498],[875.5089111328125,532.2075805664062,0.5629803538322449],[869.1207885742188,534.258544921875,0.7758750319480896],[856.7058715820312,546.1519165039062,0.4794420599937439],[846.1151733398438,551.4920043945312,0.8759793639183044],[875.9603271484375,598.68017578125,0.9975513815879822],[871.1143798828125,599.1644287109375,0.9977191090583801],[907.3605346679688,662.1829833984375,0.9818314909934998],[899.6914672851562,642.4279174804688,0.9844874739646912],[936.5152587890625,698.8656616210938,0.9514420032501221],[898.1647338867188,658.7492065429688,0.9639326930046082],[1015.857421875,653.7008056640625,0.9993502497673035],[1013.5386352539062,670.4508056640625,0.9993686079978943],[1129.4066162109375,695.4274291992188,0.9984695315361023],[1132.8209228515625,712.3231201171875,0.9986323714256287],[1236.81494140625,752.814697265625,0.9940061569213867],[1238.5810546875,777.9946899414062,0.9944396018981934]]",GEOM_LYING,"{""torso_angle"": 24.103139224032788, ""shoulder_hip_dy"": 0.20272774437863886, ""y_band_ratio"": 0.5756137826503687, ""kp_mean_conf"": 0.9087515859042897, ""visible"": 17, ""bbox_ar"": 1.7618500980813978}"
P4D_PLAN::PF_P4D_POS_INTENTIONAL_G001_V04,f7f735b3cdd0b718dbbba676cea354cb59b8cb8c3b16b83b4f79cad456c8e951,0,0.8216814994812012,476.88006591796875,419.343017578125,1226.5745849609375,657.8055419921875,0.08621433620291898,primary,"[[1160.654541015625,444.6771240234375,0.888292670249939],[1174.48974609375,454.82366943359375,0.8606669902801514],[1170.979248046875,436.2614440917969,0.5839239954948425],[1180.302734375,494.1230163574219,0.8099417686462402],[1176.3123779296875,463.29833984375,0.3061404228210449],[1094.869140625,522.8684692382812,0.992311418056488],[1118.6070556640625,486.4403991699219,0.9332959651947021],[1032.0924072265625,500.35015869140625,0.9748362302780151],[1008.2858276367188,476.24737548828125,0.705610454082489],[1014.2064208984375,466.2333068847656,0.9352095723152161],[1002.931640625,454.0422668457031,0.6319880485534668],[872.4577026367188,538.2630004882812,0.9915714263916016],[887.9561157226562,504.5028991699219,0.9728891253471375],[748.0125732421875,579.5206909179688,0.9793401956558228],[764.0877075195312,538.3634643554688,0.9360849261283875],[621.5455322265625,630.3494873046875,0.9400318264961243],[616.5970458984375,565.5651245117188,0.8751105070114136]]",GEOM_LYING,"{""torso_angle"": 175.776578283801, ""shoulder_hip_dy"": 0.0701515496663655, ""y_band_ratio"": 0.6034872292339076, ""kp_mean_conf"": 0.8421909142942989, ""visible"": 17, ""bbox_ar"": 3.1438672423898826}"
P4D_PLAN::PF_P4D_POS_INTENTIONAL_G001_V05,86daf91a8f3bb8d154a1ec1a6585a9e52bbf096a9bbc45d68971fe8e23fb3993,0,0.6002203226089478,531.6044311523438,555.3896484375,1482.0703125,760.5027465820312,0.09401668673027112,primary,"[[581.4664306640625,730.385009765625,0.3389289975166321],[573.6034545898438,721.5618896484375,0.36807164549827576],[580.156005859375,727.153564453125,0.16501137614250183],[589.6188354492188,689.6444702148438,0.6745895743370056],[598.2152709960938,701.8541870117188,0.33797186613082886],[671.0802001953125,652.5335083007812,0.9706296920776367],[663.0185546875,653.2547607421875,0.8607362508773804],[823.9722900390625,694.9739990234375,0.8365238904953003],[858.7434692382812,687.3716430664062,0.43022632598876953],[929.3838500976562,704.0142211914062,0.5239205956459045],[1025.610595703125,711.6618041992188,0.265004962682724],[949.845947265625,590.7855224609375,0.9858704209327698],[931.5792846679688,619.210205078125,0.9699632525444031],[1166.3065185546875,636.4345092773438,0.9829741716384888],[1155.457763671875,655.5018920898438,0.9717012047767639],[1381.2242431640625,612.5977172851562,0.9781694412231445],[1388.9251708984375,638.3872680664062,0.9710657596588135]]",GEOM_LYING,"{""torso_angle"": 9.927302670293152, ""shoulder_hip_dy"": 0.23351151723232913, ""y_band_ratio"": 0.3155155385703569, ""kp_mean_conf"": 0.7166467532515526, ""visible"": 16, ""bbox_ar"": 4.633862439530401}"
V2_ORIGINAL::IMG_004192,6c3308d03bfb85ef13872b4a2e7f112a79234e20a9d59946f69409fd506295cf,0,0.17343726754188538,652.8017578125,86.69961547851562,1246.6297607421875,649.982666015625,0.16131040170939134,primary,"[[708.9092407226562,222.54537963867188,0.04004495590925217],[724.3687133789062,203.65802001953125,0.012837477028369904],[700.1373291015625,203.1887664794922,0.04837673157453537],[718.7144775390625,213.55010986328125,0.011457438580691814],[668.836181640625,209.9736328125,0.06646121293306351],[678.9226684570312,258.2042236328125,0.07603336125612259],[660.5810546875,262.8624572753906,0.16070391237735748],[723.83740234375,353.7922668457031,0.082966148853302],[715.6170654296875,361.00103759765625,0.23429229855537415],[758.3303833007812,343.2213134765625,0.1101260781288147],[731.3587036132812,327.6987609863281,0.27760428190231323],[706.0995483398438,438.3728942871094,0.3685343265533447],[693.6740112304688,458.0358581542969,0.4767271876335144],[986.788330078125,375.71429443359375,0.6544959545135498],[987.6626586914062,385.99139404296875,0.7868844270706177],[1053.70849609375,557.2220458984375,0.8079043030738831],[1070.881103515625,560.0623779296875,0.866930365562439]]",GEOM_UNCERTAIN,null
V2_ORIGINAL::IMG_004193,ad5ccfebaccf856f079af18e0be494bdcbf9eeca99fd7deb224d08cedb4ca03b,0,0.7384477257728577,1016.2765502929688,424.246337890625,1595.2467041015625,653.1741943359375,0.0639189796765115,primary,"[[1619.9681396484375,376.46295166015625,0.06904114782810211],[1623.1904296875,360.4981384277344,0.0701674297451973],[1617.1922607421875,365.5320739746094,0.017524205148220062],[1645.3114013671875,369.838623046875,0.1498938798904419],[1629.286376953125,379.37237548828125,0.03393322601914406],[1667.095458984375,442.51190185546875,0.5246276259422302],[1654.6461181640625,428.4535217285156,0.4001395106315613],[1520.624755859375,521.3778076171875,0.48183518648147583],[1496.1328125,486.3500061035156,0.2876370847225189],[1249.0560302734375,525.857666015625,0.48123371601104736],[1229.72900390625,514.5271606445312,0.35428887605667114],[1555.3736572265625,542.45947265625,0.8366991281509399],[1546.2789306640625,513.8056640625,0.8062178492546082],[1387.7628173828125,550.4679565429688,0.8646605610847473],[1394.0283203125,525.7526245117188,0.831007182598114],[1127.5914306640625,576.392822265625,0.8437662124633789],[1127.841552734375,564.9111938476562,0.8265904188156128]]",GEOM_UPRIGHT_OR_LIMB_SUPPORTED,"{""torso_angle"": 139.90493932489096, ""shoulder_hip_dy"": 0.40471202590199196, ""y_band_ratio"": 0.6462267320117502, ""kp_mean_conf"": 0.6282252793510755, ""visible"": 12, ""bbox_ar"": 2.5290506922074867}"
V2_ORIGINAL::IMG_004194,2be33ac4a9f2bbdabf6fe5f2346839997a0d26aac19d1445af42bf4d6ba16448,0,0.8942928314208984,804.23974609375,113.82389831542969,1097.4600830078125,552.2088623046875,0.06199044504195087,primary,"[[874.6080932617188,191.905517578125,0.5214987993240356],[876.6981811523438,177.37542724609375,0.6876036524772644],[883.4185180664062,176.33541870117188,0.0819111317396164],[905.2423706054688,164.7777099609375,0.8994283080101013],[934.0560302734375,158.3393096923828,0.07593995332717896],[911.6883544921875,212.21302795410156,0.9838806986808777],[993.4667358398438,201.64865112304688,0.8149842023849487],[835.6712036132812,268.2052917480469,0.9574031829833984],[959.3987426757812,264.9778137207031,0.3069137930870056],[828.7932739257812,245.55859375,0.8707607984542847],[892.9164428710938,282.7224426269531,0.27936357259750366],[1018.1453247070312,422.9076232910156,0.9831730127334595],[1073.2086181640625,415.213623046875,0.9344354271888733],[851.0172729492188,391.3166198730469,0.9831647872924805],[908.6202392578125,380.3910827636719,0.92885822057724],[949.24072265625,496.0806884765625,0.9685340523719788],[996.315185546875,483.8999938964844,0.9246795773506165]]",GEOM_UPRIGHT_OR_LIMB_SUPPORTED,"{""torso_angle"": 66.30431159399161, ""shoulder_hip_dy"": 0.48388927781649266, ""y_band_ratio"": 0.671628959794183, ""kp_mean_conf"": 0.8029788057009379, ""visible"": 15, ""bbox_ar"": 0.6688649497596536}"
V2_ORIGINAL::IMG_004195,7751027a80e172832764bd0b04fd0e8a453f101fb85b0fefdf0a8d7335f4a4dc,0,0.7491114735603333,602.5635375976562,576.6867065429688,1157.2752685546875,854.4326171875,0.07430020971251199,primary,"[[616.0521240234375,578.0462036132812,0.035335805267095566],[624.85302734375,561.4178466796875,0.031274840235710144],[615.8866577148438,567.8309326171875,0.02480638213455677],[612.5125122070312,560.3670654296875,0.12164931744337082],[583.1832885742188,576.2673950195312,0.032556161284446716],[568.1923828125,607.720458984375,0.27684998512268066],[552.2555541992188,641.3954467773438,0.1679050773382187],[707.2609252929688,670.1577758789062,0.2200414389371872],[667.4133911132812,720.9176025390625,0.09522396326065063],[953.8844604492188,706.3290405273438,0.21301881968975067],[916.40771484375,729.0631713867188,0.10373135656118393],[629.695556640625,724.0555419921875,0.735633373260498],[620.1095581054688,758.6553955078125,0.6316830515861511],[763.697265625,708.4539184570312,0.8882283568382263],[765.9296875,744.1324462890625,0.840623140335083],[1040.0587158203125,733.6546020507812,0.9450851678848267],[1044.8441162109375,767.8782348632812,0.9291854500770569]]",GEOM_UPRIGHT_OR_LIMB_SUPPORTED,"{""torso_angle"": 67.00527578942554, ""shoulder_hip_dy"": 0.4811412324866078, ""y_band_ratio"": 0.5766341456018111, ""kp_mean_conf"": 0.6311498648590512, ""visible"": 9, ""bbox_ar"": 1.9971913525919391}"
V2_ORIGINAL::IMG_004196,dfab34c5d36c51359e3f79cfa0d9e8c2d76f6d91044c49af74b67388bbd09c84,0,0.4991118013858795,732.89892578125,481.86383056640625,1010.0977172851562,601.8770141601562,0.016043359113003437,primary,"[[793.372802734375,472.0813293457031,0.14771108329296112],[787.9541015625,467.10296630859375,0.02441713772714138],[795.5307006835938,465.70184326171875,0.17617113888263702],[758.5227661132812,472.1941223144531,0.023713480681180954],[774.3125610351562,471.7248229980469,0.3286631405353546],[728.5142211914062,501.0496520996094,0.3891963064670563],[749.609130859375,501.79901123046875,0.818815290927887],[790.5828247070312,547.6570434570312,0.39867013692855835],[817.6737670898438,548.8992919921875,0.90528804063797],[874.9212036132812,563.3057250976562,0.5599719285964966],[901.4215087890625,559.4937744140625,0.8947310447692871],[731.4794311523438,569.1578369140625,0.6569346189498901],[742.2528686523438,578.4271850585938,0.8345147967338562],[867.9951782226562,533.5831909179688,0.46148720383644104],[874.3313598632812,537.2177734375,0.7005781531333923],[916.5863037109375,563.18017578125,0.3289521336555481],[923.6788330078125,565.7820434570312,0.48122861981391907]]",GEOM_UPRIGHT_OR_LIMB_SUPPORTED,"{""torso_angle"": 91.7377224209861, ""shoulder_hip_dy"": 0.6030019132419534, ""y_band_ratio"": 0.6447419411929841, ""kp_mean_conf"": 0.596848570383512, ""visible"": 13, ""bbox_ar"": 2.3097361740043207}"
V2_ORIGINAL::IMG_004196,dfab34c5d36c51359e3f79cfa0d9e8c2d76f6d91044c49af74b67388bbd09c84,1,0.23988261818885803,734.423095703125,223.8958282470703,1010.9323120117188,600.7637329101562,0.05025436389383281,primary,"[[793.372802734375,472.0813293457031,0.14771108329296112],[787.9541015625,467.10296630859375,0.02441713772714138],[795.5307006835938,465.70184326171875,0.17617113888263702],[758.5227661132812,472.1941223144531,0.023713480681180954],[774.3125610351562,471.7248229980469,0.3286631405353546],[728.5142211914062,501.0496520996094,0.3891963064670563],[749.609130859375,501.79901123046875,0.818815290927887],[790.5828247070312,547.6570434570312,0.39867013692855835],[817.6737670898438,548.8992919921875,0.90528804063797],[874.9212036132812,563.3057250976562,0.5599719285964966],[901.4215087890625,559.4937744140625,0.8947310447692871],[731.4794311523438,569.1578369140625,0.6569346189498901],[742.2528686523438,578.4271850585938,0.8345147967338562],[867.9951782226562,533.5831909179688,0.46148720383644104],[874.3313598632812,537.2177734375,0.7005781531333923],[916.5863037109375,563.18017578125,0.3289521336555481],[923.6788330078125,565.7820434570312,0.48122861981391907]]",GEOM_UPRIGHT_OR_LIMB_SUPPORTED,"{""torso_angle"": 91.7377224209861, ""shoulder_hip_dy"": 0.19202531822386174, ""y_band_ratio"": 0.2053173857512719, ""kp_mean_conf"": 0.596848570383512, ""visible"": 13, ""bbox_ar"": 0.7337032761009158}"
V2_ORIGINAL::IMG_004200,de6e0304d704194197e83db7b5f6b1c3cb1eedbe7ef008c3e5f5ec9e718bd090,0,0.7572516798973083,419.7604064941406,491.9424133300781,818.5015869140625,798.4337768554688,0.0589365008104869,primary,"[[427.3510437011719,539.5640869140625,0.04194238409399986],[433.3360290527344,522.7861938476562,0.022480042651295662],[417.5973815917969,532.1763305664062,0.03189994394779205],[427.6510009765625,508.40826416015625,0.06199325621128082],[392.0940856933594,530.2398071289062,0.08280445635318756],[414.46197509765625,511.9430236816406,0.34663790464401245],[385.6737060546875,532.0112915039062,0.4359525144100189],[423.95196533203125,541.1748657226562,0.32983481884002686],[419.64715576171875,555.2879028320312,0.37581008672714233],[411.734619140625,527.1504516601562,0.2993330657482147],[436.9010925292969,521.7965087890625,0.3507311940193176],[461.70404052734375,597.8427734375,0.8718267679214478],[438.7480163574219,615.8373413085938,0.8873194456100464],[567.6090087890625,628.4879760742188,0.9335610270500183],[549.8534545898438,646.2896118164062,0.9441380500793457],[714.9013671875,711.287109375,0.9370562434196472],[712.8124389648438,743.5116577148438,0.9445679783821106]]",GEOM_UPRIGHT_OR_LIMB_SUPPORTED,"{""torso_angle"": 59.414804000883045, ""shoulder_hip_dy"": 0.2768851259107115, ""y_band_ratio"": 0.7555470123843124, ""kp_mean_conf"": 0.6380640914042791, ""visible"": 12, ""bbox_ar"": 1.3009866765361204}"
V2_ORIGINAL::IMG_004200,de6e0304d704194197e83db7b5f6b1c3cb1eedbe7ef008c3e5f5ec9e718bd090,1,0.30684977769851685,24.553253173828125,3.00970458984375,818.6561889648438,1039.3924560546875,0.39689167898408706,primary,"[[427.3510437011719,539.5640869140625,0.04194238409399986],[433.3360290527344,522.7861938476562,0.022480042651295662],[417.5973815917969,532.1763305664062,0.03189994394779205],[427.6510009765625,508.40826416015625,0.06199325621128082],[392.0940856933594,530.2398071289062,0.08280445635318756],[414.46197509765625,511.9430236816406,0.34663790464401245],[385.6737060546875,532.0112915039062,0.4359525144100189],[423.95196533203125,541.1748657226562,0.32983481884002686],[419.64715576171875,555.2879028320312,0.37581008672714233],[411.734619140625,527.1504516601562,0.2993330657482147],[436.9010925292969,521.7965087890625,0.3507311940193176],[461.70404052734375,597.8427734375,0.8718267679214478],[438.7480163574219,615.8373413085938,0.8873194456100464],[567.6090087890625,628.4879760742188,0.9335610270500183],[549.8534545898438,646.2896118164062,0.9441380500793457],[714.9013671875,711.287109375,0.9370562434196472],[712.8124389648438,743.5116577148438,0.9445679783821106]]",GEOM_UNCERTAIN,"{""torso_angle"": 59.414804000883045, ""shoulder_hip_dy"": 0.08188374387775804, ""y_band_ratio"": 0.22343929760110293, ""kp_mean_conf"": 0.6380640914042791, ""visible"": 12, ""bbox_ar"": 0.766225542318815}"
V2_ORIGINAL::IMG_004201,ac6398bbca6c770708577ac616f17c5d08fa679bf6bf21e17cf6f101d9b8cb21,0,0.5606858730316162,1319.243408203125,339.56182861328125,1837.1605224609375,581.9508056640625,0.06054079838061524,primary,"[[1840.456787109375,338.0373229980469,0.10522615164518356],[1834.0916748046875,326.6429443359375,0.05951017886400223],[1840.9161376953125,325.5190734863281,0.05204102024435997],[1812.35009765625,339.7714538574219,0.08555655181407928],[1834.105224609375,339.8197326660156,0.1620607078075409],[1802.97265625,418.3880310058594,0.5502245426177979],[1841.09033203125,402.5126953125,0.49298030138015747],[1676.123779296875,522.3753662109375,0.4193662405014038],[1713.093017578125,488.0906066894531,0.3043743371963501],[1449.9063720703125,524.6044311523438,0.4248420298099518],[1473.68408203125,508.2447814941406,0.37078025937080383],[1728.7247314453125,494.57720947265625,0.6637261509895325],[1753.5032958984375,474.572021484375,0.6276645064353943],[1628.7027587890625,483.91387939453125,0.7236961126327515],[1657.7769775390625,462.7456359863281,0.6720465421676636],[1417.0657958984375,551.79248046875,0.6735556721687317],[1429.5662841796875,531.349853515625,0.6334332227706909]]",GEOM_UPRIGHT_OR_LIMB_SUPPORTED,"{""torso_angle"": 137.50883749330026, ""shoulder_hip_dy"": 0.30580702646311625, ""y_band_ratio"": 0.6158687039839086, ""kp_mean_conf"": 0.5463908265034357, ""visible"": 12, ""bbox_ar"": 2.1367189241006916}"
V2_ORIGINAL::IMG_004201,ac6398bbca6c770708577ac616f17c5d08fa679bf6bf21e17cf6f101d9b8cb21,1,0.1678285300731659,1319.28173828125,406.09716796875,1818.0128173828125,581.947998046875,0.04229469244105362,primary,"[[1840.456787109375,338.0373229980469,0.10522615164518356],[1834.0916748046875,326.6429443359375,0.05951017886400223],[1840.9161376953125,325.5190734863281,0.05204102024435997],[1812.35009765625,339.7714538574219,0.08555655181407928],[1834.105224609375,339.8197326660156,0.1620607078075409],[1802.97265625,418.3880310058594,0.5502245426177979],[1841.09033203125,402.5126953125,0.49298030138015747],[1676.123779296875,522.3753662109375,0.4193662405014038],[1713.093017578125,488.0906066894531,0.3043743371963501],[1449.9063720703125,524.6044311523438,0.4248420298099518],[1473.68408203125,508.2447814941406,0.37078025937080383],[1728.7247314453125,494.57720947265625,0.6637261509895325],[1753.5032958984375,474.572021484375,0.6276645064353943],[1628.7027587890625,483.91387939453125,0.7236961126327515],[1657.7769775390625,462.7456359863281,0.6720465421676636],[1417.0657958984375,551.79248046875,0.6735556721687317],[1429.5662841796875,531.349853515625,0.6334332227706909]]",GEOM_UPRIGHT_OR_LIMB_SUPPORTED,"{""torso_angle"": 137.50883749330026, ""shoulder_hip_dy"": 0.4215177846269185, ""y_band_ratio"": 0.848900088159548, ""kp_mean_conf"": 0.5463908265034357, ""visible"": 12, ""bbox_ar"": 2.8361030703124457}"
